policy_id,lookback,threshold,switching_cost_bps,fold,method,market_growth,exposure
MG_L5_T-2_C0,5,-0.02,0.0,0,AUR,-0.0146916657937608,1.0
MG_L5_T-2_C0,5,-0.02,0.0,1,AUR,0.03946266194728576,1.0
MG_L5_T-2_C0,5,-0.02,0.0,2,AUR,0.025502957086246836,1.0
MG_L5_T-2_C0,5,-0.02,0.0,3,AUR,0.01755057839889962,1.0
MG_L5_T-2_C0,5,-0.02,0.0,4,AUR,0.026194978246015577,1.0
MG_L5_T-2_C0,5,-0.02,0.0,5,AUR,-0.0043745739715057574,1.0
MG_L5_T-2_C0,5,-0.02,0.0,6,AUR,-0.056408220021703426,0.0
MG_L5_T-2_C0,5,-0.02,0.0,7,AUR,0.01897363099426297,1.0
MG_L5_T-2_C0,5,-0.02,0.0,8,AUR,0.1271509472446446,1.0
MG_L5_T-2_C0,5,-0.02,0.0,9,AUR,-0.004224413743872502,1.0
MG_L5_T-2_C0,5,-0.02,0.0,10,AUR,0.02310208647787726,1.0
MG_L5_T-2_C0,5,-0.02,0.0,11,AUR,-0.011858386669970411,1.0
MG_L5_T-2_C0,5,-0.02,0.0,12,AUR,-0.0009530657081779914,1.0
MG_L5_T-2_C0,5,-0.02,0.0,13,AUR,0.006422772522358233,1.0
MG_L5_T-2_C0,5,-0.02,0.0,14,AUR,0.06264687313945361,1.0
MG_L5_T-2_C0,5,-0.02,0.0,15,AUR,-0.02181903507011307,0.0
MG_L5_T-2_C0,5,-0.02,0.0,16,AUR,0.008487306136614192,1.0
MG_L5_T-2_C0,5,-0.02,0.0,17,AUR,0.027140205020959707,1.0
MG_L5_T-2_C0,5,-0.02,0.0,18,AUR,-0.03115221369109411,0.0
MG_L5_T-2_C0,5,-0.02,0.0,19,AUR,-0.0632626079919818,0.0
MG_L5_T-2_C0,5,-0.02,0.0,20,AUR,0.0053498850062765335,1.0
MG_L5_T-2_C0,5,-0.02,0.0,21,AUR,0.02613874508377778,1.0
MG_L5_T-2_C0,5,-0.02,0.0,22,AUR,0.0007190562613867968,1.0
MG_L5_T-2_C0,5,-0.02,0.0,23,AUR,0.01860180131763345,1.0
MG_L5_T-2_C0,5,-0.02,0.0,24,AUR,0.010739230602119232,1.0
MG_L5_T-2_C0,5,-0.02,0.0,25,AUR,0.023458065691576158,1.0
MG_L5_T-2_C0,5,-0.02,0.0,26,AUR,0.01225956609940071,1.0
MG_L5_T-2_C0,5,-0.02,0.0,27,AUR,-0.00038186030910236646,1.0
MG_L5_T-2_C0,5,-0.02,0.0,28,AUR,-0.019279401713892308,1.0
MG_L5_T-2_C0,5,-0.02,0.0,29,AUR,-0.002538925146429394,1.0
MG_L5_T-2_C0,5,-0.02,0.0,30,AUR,0.011540812314821736,1.0
MG_L5_T-2_C0,5,-0.02,0.0,31,AUR,0.010652513242392248,1.0
MG_L5_T-2_C0,5,-0.02,0.0,32,AUR,0.009695412550585703,1.0
MG_L5_T-2_C0,5,-0.02,0.0,33,AUR,0.0050043277812834575,1.0
MG_L5_T-2_C0,5,-0.02,0.0,34,AUR,0.005405396598454404,1.0
MG_L5_T-2_C0,5,-0.02,0.0,35,AUR,0.011224677009441741,1.0
MG_L5_T-2_C0,5,-0.02,0.0,36,AUR,-0.009411245963490411,1.0
MG_L5_T-2_C0,5,-0.02,0.0,37,AUR,0.029153130045441067,1.0
MG_L5_T-2_C0,5,-0.02,0.0,38,AUR,0.015075310679780962,1.0
MG_L5_T-2_C0,5,-0.02,0.0,39,AUR,0.0062151403831272045,1.0
MG_L5_T-2_C0,5,-0.02,0.0,40,AUR,0.0048314307987373795,1.0
MG_L5_T-2_C0,5,-0.02,0.0,41,AUR,0.025885756648053038,1.0
MG_L5_T-2_C0,5,-0.02,0.0,42,AUR,-0.010444895237557428,1.0
MG_L5_T-2_C0,5,-0.02,0.0,43,AUR,0.017942362901918196,1.0
MG_L5_T-2_C0,5,-0.02,0.0,44,AUR,0.002723071064718363,1.0
MG_L5_T-2_C0,5,-0.02,0.0,45,AUR,0.005616986794801049,1.0
MG_L5_T-2_C0,5,-0.02,0.0,46,AUR,-0.0051928471453733804,1.0
MG_L5_T-2_C0,5,-0.02,0.0,47,AUR,0.015899115969542077,1.0
MG_L5_T-2_C0,5,-0.02,0.0,48,AUR,0.008838929570113452,1.0
MG_L5_T-2_C0,5,-0.02,0.0,49,AUR,-0.0028341563297605843,1.0
MG_L5_T-2_C0,5,-0.02,0.0,50,AUR,0.002852521743932801,1.0
MG_L5_T-2_C0,5,-0.02,0.0,51,AUR,0.003953891849135083,1.0
MG_L5_T-2_C0,5,-0.02,0.0,52,AUR,0.01768555963439611,1.0
MG_L5_T-2_C0,5,-0.02,0.0,0,QAUR,-0.0146916657937608,1.0
MG_L5_T-2_C0,5,-0.02,0.0,1,QAUR,0.03946266194728576,1.0
MG_L5_T-2_C0,5,-0.02,0.0,2,QAUR,0.025502957086246836,1.0
MG_L5_T-2_C0,5,-0.02,0.0,3,QAUR,0.01755057839889962,1.0
MG_L5_T-2_C0,5,-0.02,0.0,4,QAUR,0.026194978246015577,1.0
MG_L5_T-2_C0,5,-0.02,0.0,5,QAUR,-0.0043745739715057574,1.0
MG_L5_T-2_C0,5,-0.02,0.0,6,QAUR,-0.056408220021703426,0.0
MG_L5_T-2_C0,5,-0.02,0.0,7,QAUR,0.01897363099426297,1.0
MG_L5_T-2_C0,5,-0.02,0.0,8,QAUR,0.1271509472446446,1.0
MG_L5_T-2_C0,5,-0.02,0.0,9,QAUR,-0.004224413743872502,1.0
MG_L5_T-2_C0,5,-0.02,0.0,10,QAUR,0.02310208647787726,1.0
MG_L5_T-2_C0,5,-0.02,0.0,11,QAUR,-0.011858386669970411,1.0
MG_L5_T-2_C0,5,-0.02,0.0,12,QAUR,-0.0009530657081779914,1.0
MG_L5_T-2_C0,5,-0.02,0.0,13,QAUR,0.006422772522358233,1.0
MG_L5_T-2_C0,5,-0.02,0.0,14,QAUR,0.06264687313945361,1.0
MG_L5_T-2_C0,5,-0.02,0.0,15,QAUR,-0.02181903507011307,0.0
MG_L5_T-2_C0,5,-0.02,0.0,16,QAUR,0.008487306136614192,1.0
MG_L5_T-2_C0,5,-0.02,0.0,17,QAUR,0.027140205020959707,1.0
MG_L5_T-2_C0,5,-0.02,0.0,18,QAUR,-0.03115221369109411,0.0
MG_L5_T-2_C0,5,-0.02,0.0,19,QAUR,-0.0632626079919818,0.0
MG_L5_T-2_C0,5,-0.02,0.0,20,QAUR,0.0053498850062765335,1.0
MG_L5_T-2_C0,5,-0.02,0.0,21,QAUR,0.02613874508377778,1.0
MG_L5_T-2_C0,5,-0.02,0.0,22,QAUR,0.0007190562613867968,1.0
MG_L5_T-2_C0,5,-0.02,0.0,23,QAUR,0.01860180131763345,1.0
MG_L5_T-2_C0,5,-0.02,0.0,24,QAUR,0.010739230602119232,1.0
MG_L5_T-2_C0,5,-0.02,0.0,25,QAUR,0.023458065691576158,1.0
MG_L5_T-2_C0,5,-0.02,0.0,26,QAUR,0.01225956609940071,1.0
MG_L5_T-2_C0,5,-0.02,0.0,27,QAUR,-0.00038186030910236646,1.0
MG_L5_T-2_C0,5,-0.02,0.0,28,QAUR,-0.019279401713892308,1.0
MG_L5_T-2_C0,5,-0.02,0.0,29,QAUR,-0.002538925146429394,1.0
MG_L5_T-2_C0,5,-0.02,0.0,30,QAUR,0.011540812314821736,1.0
MG_L5_T-2_C0,5,-0.02,0.0,31,QAUR,0.010652513242392248,1.0
MG_L5_T-2_C0,5,-0.02,0.0,32,QAUR,0.009695412550585703,1.0
MG_L5_T-2_C0,5,-0.02,0.0,33,QAUR,0.0050043277812834575,1.0
MG_L5_T-2_C0,5,-0.02,0.0,34,QAUR,0.005405396598454404,1.0
MG_L5_T-2_C0,5,-0.02,0.0,35,QAUR,0.011224677009441741,1.0
MG_L5_T-2_C0,5,-0.02,0.0,36,QAUR,-0.009411245963490411,1.0
MG_L5_T-2_C0,5,-0.02,0.0,37,QAUR,0.029153130045441067,1.0
MG_L5_T-2_C0,5,-0.02,0.0,38,QAUR,0.015075310679780962,1.0
MG_L5_T-2_C0,5,-0.02,0.0,39,QAUR,0.0062151403831272045,1.0
MG_L5_T-2_C0,5,-0.02,0.0,40,QAUR,0.0048314307987373795,1.0
MG_L5_T-2_C0,5,-0.02,0.0,41,QAUR,0.025885756648053038,1.0
MG_L5_T-2_C0,5,-0.02,0.0,42,QAUR,-0.010444895237557428,1.0
MG_L5_T-2_C0,5,-0.02,0.0,43,QAUR,0.017942362901918196,1.0
MG_L5_T-2_C0,5,-0.02,0.0,44,QAUR,0.002723071064718363,1.0
MG_L5_T-2_C0,5,-0.02,0.0,45,QAUR,0.005616986794801049,1.0
MG_L5_T-2_C0,5,-0.02,0.0,46,QAUR,-0.0051928471453733804,1.0
MG_L5_T-2_C0,5,-0.02,0.0,47,QAUR,0.015899115969542077,1.0
MG_L5_T-2_C0,5,-0.02,0.0,48,QAUR,0.008838929570113452,1.0
MG_L5_T-2_C0,5,-0.02,0.0,49,QAUR,-0.0028341563297605843,1.0
MG_L5_T-2_C0,5,-0.02,0.0,50,QAUR,0.002852521743932801,1.0
MG_L5_T-2_C0,5,-0.02,0.0,51,QAUR,0.003953891849135083,1.0
MG_L5_T-2_C0,5,-0.02,0.0,52,QAUR,0.01768555963439611,1.0
MG_L5_T-2_C25,5,-0.02,25.0,0,AUR,-0.0146916657937608,1.0
MG_L5_T-2_C25,5,-0.02,25.0,1,AUR,0.03946266194728576,1.0
MG_L5_T-2_C25,5,-0.02,25.0,2,AUR,0.025502957086246836,1.0
MG_L5_T-2_C25,5,-0.02,25.0,3,AUR,0.01755057839889962,1.0
MG_L5_T-2_C25,5,-0.02,25.0,4,AUR,0.026194978246015577,1.0
MG_L5_T-2_C25,5,-0.02,25.0,5,AUR,-0.0043745739715057574,1.0
MG_L5_T-2_C25,5,-0.02,25.0,6,AUR,-0.056408220021703426,0.0
MG_L5_T-2_C25,5,-0.02,25.0,7,AUR,0.01897363099426297,1.0
MG_L5_T-2_C25,5,-0.02,25.0,8,AUR,0.1271509472446446,1.0
MG_L5_T-2_C25,5,-0.02,25.0,9,AUR,-0.004224413743872502,1.0
MG_L5_T-2_C25,5,-0.02,25.0,10,AUR,0.02310208647787726,1.0
MG_L5_T-2_C25,5,-0.02,25.0,11,AUR,-0.011858386669970411,1.0
MG_L5_T-2_C25,5,-0.02,25.0,12,AUR,-0.0009530657081779914,1.0
MG_L5_T-2_C25,5,-0.02,25.0,13,AUR,0.006422772522358233,1.0
MG_L5_T-2_C25,5,-0.02,25.0,14,AUR,0.06264687313945361,1.0
MG_L5_T-2_C25,5,-0.02,25.0,15,AUR,-0.02181903507011307,0.0
MG_L5_T-2_C25,5,-0.02,25.0,16,AUR,0.008487306136614192,1.0
MG_L5_T-2_C25,5,-0.02,25.0,17,AUR,0.027140205020959707,1.0
MG_L5_T-2_C25,5,-0.02,25.0,18,AUR,-0.03115221369109411,0.0
MG_L5_T-2_C25,5,-0.02,25.0,19,AUR,-0.0632626079919818,0.0
MG_L5_T-2_C25,5,-0.02,25.0,20,AUR,0.0053498850062765335,1.0
MG_L5_T-2_C25,5,-0.02,25.0,21,AUR,0.02613874508377778,1.0
MG_L5_T-2_C25,5,-0.02,25.0,22,AUR,0.0007190562613867968,1.0
MG_L5_T-2_C25,5,-0.02,25.0,23,AUR,0.01860180131763345,1.0
MG_L5_T-2_C25,5,-0.02,25.0,24,AUR,0.010739230602119232,1.0
MG_L5_T-2_C25,5,-0.02,25.0,25,AUR,0.023458065691576158,1.0
MG_L5_T-2_C25,5,-0.02,25.0,26,AUR,0.01225956609940071,1.0
MG_L5_T-2_C25,5,-0.02,25.0,27,AUR,-0.00038186030910236646,1.0
MG_L5_T-2_C25,5,-0.02,25.0,28,AUR,-0.019279401713892308,1.0
MG_L5_T-2_C25,5,-0.02,25.0,29,AUR,-0.002538925146429394,1.0
MG_L5_T-2_C25,5,-0.02,25.0,30,AUR,0.011540812314821736,1.0
MG_L5_T-2_C25,5,-0.02,25.0,31,AUR,0.010652513242392248,1.0
MG_L5_T-2_C25,5,-0.02,25.0,32,AUR,0.009695412550585703,1.0
MG_L5_T-2_C25,5,-0.02,25.0,33,AUR,0.0050043277812834575,1.0
MG_L5_T-2_C25,5,-0.02,25.0,34,AUR,0.005405396598454404,1.0
MG_L5_T-2_C25,5,-0.02,25.0,35,AUR,0.011224677009441741,1.0
MG_L5_T-2_C25,5,-0.02,25.0,36,AUR,-0.009411245963490411,1.0
MG_L5_T-2_C25,5,-0.02,25.0,37,AUR,0.029153130045441067,1.0
MG_L5_T-2_C25,5,-0.02,25.0,38,AUR,0.015075310679780962,1.0
MG_L5_T-2_C25,5,-0.02,25.0,39,AUR,0.0062151403831272045,1.0
MG_L5_T-2_C25,5,-0.02,25.0,40,AUR,0.0048314307987373795,1.0
MG_L5_T-2_C25,5,-0.02,25.0,41,AUR,0.025885756648053038,1.0
MG_L5_T-2_C25,5,-0.02,25.0,42,AUR,-0.010444895237557428,1.0
MG_L5_T-2_C25,5,-0.02,25.0,43,AUR,0.017942362901918196,1.0
MG_L5_T-2_C25,5,-0.02,25.0,44,AUR,0.002723071064718363,1.0
MG_L5_T-2_C25,5,-0.02,25.0,45,AUR,0.005616986794801049,1.0
MG_L5_T-2_C25,5,-0.02,25.0,46,AUR,-0.0051928471453733804,1.0
MG_L5_T-2_C25,5,-0.02,25.0,47,AUR,0.015899115969542077,1.0
MG_L5_T-2_C25,5,-0.02,25.0,48,AUR,0.008838929570113452,1.0
MG_L5_T-2_C25,5,-0.02,25.0,49,AUR,-0.0028341563297605843,1.0
MG_L5_T-2_C25,5,-0.02,25.0,50,AUR,0.002852521743932801,1.0
MG_L5_T-2_C25,5,-0.02,25.0,51,AUR,0.003953891849135083,1.0
MG_L5_T-2_C25,5,-0.02,25.0,52,AUR,0.01768555963439611,1.0
MG_L5_T-2_C25,5,-0.02,25.0,0,QAUR,-0.0146916657937608,1.0
MG_L5_T-2_C25,5,-0.02,25.0,1,QAUR,0.03946266194728576,1.0
MG_L5_T-2_C25,5,-0.02,25.0,2,QAUR,0.025502957086246836,1.0
MG_L5_T-2_C25,5,-0.02,25.0,3,QAUR,0.01755057839889962,1.0
MG_L5_T-2_C25,5,-0.02,25.0,4,QAUR,0.026194978246015577,1.0
MG_L5_T-2_C25,5,-0.02,25.0,5,QAUR,-0.0043745739715057574,1.0
MG_L5_T-2_C25,5,-0.02,25.0,6,QAUR,-0.056408220021703426,0.0
MG_L5_T-2_C25,5,-0.02,25.0,7,QAUR,0.01897363099426297,1.0
MG_L5_T-2_C25,5,-0.02,25.0,8,QAUR,0.1271509472446446,1.0
MG_L5_T-2_C25,5,-0.02,25.0,9,QAUR,-0.004224413743872502,1.0
MG_L5_T-2_C25,5,-0.02,25.0,10,QAUR,0.02310208647787726,1.0
MG_L5_T-2_C25,5,-0.02,25.0,11,QAUR,-0.011858386669970411,1.0
MG_L5_T-2_C25,5,-0.02,25.0,12,QAUR,-0.0009530657081779914,1.0
MG_L5_T-2_C25,5,-0.02,25.0,13,QAUR,0.006422772522358233,1.0
MG_L5_T-2_C25,5,-0.02,25.0,14,QAUR,0.06264687313945361,1.0
MG_L5_T-2_C25,5,-0.02,25.0,15,QAUR,-0.02181903507011307,0.0
MG_L5_T-2_C25,5,-0.02,25.0,16,QAUR,0.008487306136614192,1.0
MG_L5_T-2_C25,5,-0.02,25.0,17,QAUR,0.027140205020959707,1.0
MG_L5_T-2_C25,5,-0.02,25.0,18,QAUR,-0.03115221369109411,0.0
MG_L5_T-2_C25,5,-0.02,25.0,19,QAUR,-0.0632626079919818,0.0
MG_L5_T-2_C25,5,-0.02,25.0,20,QAUR,0.0053498850062765335,1.0
MG_L5_T-2_C25,5,-0.02,25.0,21,QAUR,0.02613874508377778,1.0
MG_L5_T-2_C25,5,-0.02,25.0,22,QAUR,0.0007190562613867968,1.0
MG_L5_T-2_C25,5,-0.02,25.0,23,QAUR,0.01860180131763345,1.0
MG_L5_T-2_C25,5,-0.02,25.0,24,QAUR,0.010739230602119232,1.0
MG_L5_T-2_C25,5,-0.02,25.0,25,QAUR,0.023458065691576158,1.0
MG_L5_T-2_C25,5,-0.02,25.0,26,QAUR,0.01225956609940071,1.0
MG_L5_T-2_C25,5,-0.02,25.0,27,QAUR,-0.00038186030910236646,1.0
MG_L5_T-2_C25,5,-0.02,25.0,28,QAUR,-0.019279401713892308,1.0
MG_L5_T-2_C25,5,-0.02,25.0,29,QAUR,-0.002538925146429394,1.0
MG_L5_T-2_C25,5,-0.02,25.0,30,QAUR,0.011540812314821736,1.0
MG_L5_T-2_C25,5,-0.02,25.0,31,QAUR,0.010652513242392248,1.0
MG_L5_T-2_C25,5,-0.02,25.0,32,QAUR,0.009695412550585703,1.0
MG_L5_T-2_C25,5,-0.02,25.0,33,QAUR,0.0050043277812834575,1.0
MG_L5_T-2_C25,5,-0.02,25.0,34,QAUR,0.005405396598454404,1.0
MG_L5_T-2_C25,5,-0.02,25.0,35,QAUR,0.011224677009441741,1.0
MG_L5_T-2_C25,5,-0.02,25.0,36,QAUR,-0.009411245963490411,1.0
MG_L5_T-2_C25,5,-0.02,25.0,37,QAUR,0.029153130045441067,1.0
MG_L5_T-2_C25,5,-0.02,25.0,38,QAUR,0.015075310679780962,1.0
MG_L5_T-2_C25,5,-0.02,25.0,39,QAUR,0.0062151403831272045,1.0
MG_L5_T-2_C25,5,-0.02,25.0,40,QAUR,0.0048314307987373795,1.0
MG_L5_T-2_C25,5,-0.02,25.0,41,QAUR,0.025885756648053038,1.0
MG_L5_T-2_C25,5,-0.02,25.0,42,QAUR,-0.010444895237557428,1.0
MG_L5_T-2_C25,5,-0.02,25.0,43,QAUR,0.017942362901918196,1.0
MG_L5_T-2_C25,5,-0.02,25.0,44,QAUR,0.002723071064718363,1.0
MG_L5_T-2_C25,5,-0.02,25.0,45,QAUR,0.005616986794801049,1.0
MG_L5_T-2_C25,5,-0.02,25.0,46,QAUR,-0.0051928471453733804,1.0
MG_L5_T-2_C25,5,-0.02,25.0,47,QAUR,0.015899115969542077,1.0
MG_L5_T-2_C25,5,-0.02,25.0,48,QAUR,0.008838929570113452,1.0
MG_L5_T-2_C25,5,-0.02,25.0,49,QAUR,-0.0028341563297605843,1.0
MG_L5_T-2_C25,5,-0.02,25.0,50,QAUR,0.002852521743932801,1.0
MG_L5_T-2_C25,5,-0.02,25.0,51,QAUR,0.003953891849135083,1.0
MG_L5_T-2_C25,5,-0.02,25.0,52,QAUR,0.01768555963439611,1.0
MG_L5_T-2_C50,5,-0.02,50.0,0,AUR,-0.0146916657937608,1.0
MG_L5_T-2_C50,5,-0.02,50.0,1,AUR,0.03946266194728576,1.0
MG_L5_T-2_C50,5,-0.02,50.0,2,AUR,0.025502957086246836,1.0
MG_L5_T-2_C50,5,-0.02,50.0,3,AUR,0.01755057839889962,1.0
MG_L5_T-2_C50,5,-0.02,50.0,4,AUR,0.026194978246015577,1.0
MG_L5_T-2_C50,5,-0.02,50.0,5,AUR,-0.0043745739715057574,1.0
MG_L5_T-2_C50,5,-0.02,50.0,6,AUR,-0.056408220021703426,0.0
MG_L5_T-2_C50,5,-0.02,50.0,7,AUR,0.01897363099426297,1.0
MG_L5_T-2_C50,5,-0.02,50.0,8,AUR,0.1271509472446446,1.0
MG_L5_T-2_C50,5,-0.02,50.0,9,AUR,-0.004224413743872502,1.0
MG_L5_T-2_C50,5,-0.02,50.0,10,AUR,0.02310208647787726,1.0
MG_L5_T-2_C50,5,-0.02,50.0,11,AUR,-0.011858386669970411,1.0
MG_L5_T-2_C50,5,-0.02,50.0,12,AUR,-0.0009530657081779914,1.0
MG_L5_T-2_C50,5,-0.02,50.0,13,AUR,0.006422772522358233,1.0
MG_L5_T-2_C50,5,-0.02,50.0,14,AUR,0.06264687313945361,1.0
MG_L5_T-2_C50,5,-0.02,50.0,15,AUR,-0.02181903507011307,0.0
MG_L5_T-2_C50,5,-0.02,50.0,16,AUR,0.008487306136614192,1.0
MG_L5_T-2_C50,5,-0.02,50.0,17,AUR,0.027140205020959707,1.0
MG_L5_T-2_C50,5,-0.02,50.0,18,AUR,-0.03115221369109411,0.0
MG_L5_T-2_C50,5,-0.02,50.0,19,AUR,-0.0632626079919818,0.0
MG_L5_T-2_C50,5,-0.02,50.0,20,AUR,0.0053498850062765335,1.0
MG_L5_T-2_C50,5,-0.02,50.0,21,AUR,0.02613874508377778,1.0
MG_L5_T-2_C50,5,-0.02,50.0,22,AUR,0.0007190562613867968,1.0
MG_L5_T-2_C50,5,-0.02,50.0,23,AUR,0.01860180131763345,1.0
MG_L5_T-2_C50,5,-0.02,50.0,24,AUR,0.010739230602119232,1.0
MG_L5_T-2_C50,5,-0.02,50.0,25,AUR,0.023458065691576158,1.0
MG_L5_T-2_C50,5,-0.02,50.0,26,AUR,0.01225956609940071,1.0
MG_L5_T-2_C50,5,-0.02,50.0,27,AUR,-0.00038186030910236646,1.0
MG_L5_T-2_C50,5,-0.02,50.0,28,AUR,-0.019279401713892308,1.0
MG_L5_T-2_C50,5,-0.02,50.0,29,AUR,-0.002538925146429394,1.0
MG_L5_T-2_C50,5,-0.02,50.0,30,AUR,0.011540812314821736,1.0
MG_L5_T-2_C50,5,-0.02,50.0,31,AUR,0.010652513242392248,1.0
MG_L5_T-2_C50,5,-0.02,50.0,32,AUR,0.009695412550585703,1.0
MG_L5_T-2_C50,5,-0.02,50.0,33,AUR,0.0050043277812834575,1.0
MG_L5_T-2_C50,5,-0.02,50.0,34,AUR,0.005405396598454404,1.0
MG_L5_T-2_C50,5,-0.02,50.0,35,AUR,0.011224677009441741,1.0
MG_L5_T-2_C50,5,-0.02,50.0,36,AUR,-0.009411245963490411,1.0
MG_L5_T-2_C50,5,-0.02,50.0,37,AUR,0.029153130045441067,1.0
MG_L5_T-2_C50,5,-0.02,50.0,38,AUR,0.015075310679780962,1.0
MG_L5_T-2_C50,5,-0.02,50.0,39,AUR,0.0062151403831272045,1.0
MG_L5_T-2_C50,5,-0.02,50.0,40,AUR,0.0048314307987373795,1.0
MG_L5_T-2_C50,5,-0.02,50.0,41,AUR,0.025885756648053038,1.0
MG_L5_T-2_C50,5,-0.02,50.0,42,AUR,-0.010444895237557428,1.0
MG_L5_T-2_C50,5,-0.02,50.0,43,AUR,0.017942362901918196,1.0
MG_L5_T-2_C50,5,-0.02,50.0,44,AUR,0.002723071064718363,1.0
MG_L5_T-2_C50,5,-0.02,50.0,45,AUR,0.005616986794801049,1.0
MG_L5_T-2_C50,5,-0.02,50.0,46,AUR,-0.0051928471453733804,1.0
MG_L5_T-2_C50,5,-0.02,50.0,47,AUR,0.015899115969542077,1.0
MG_L5_T-2_C50,5,-0.02,50.0,48,AUR,0.008838929570113452,1.0
MG_L5_T-2_C50,5,-0.02,50.0,49,AUR,-0.0028341563297605843,1.0
MG_L5_T-2_C50,5,-0.02,50.0,50,AUR,0.002852521743932801,1.0
MG_L5_T-2_C50,5,-0.02,50.0,51,AUR,0.003953891849135083,1.0
MG_L5_T-2_C50,5,-0.02,50.0,52,AUR,0.01768555963439611,1.0
MG_L5_T-2_C50,5,-0.02,50.0,0,QAUR,-0.0146916657937608,1.0
MG_L5_T-2_C50,5,-0.02,50.0,1,QAUR,0.03946266194728576,1.0
MG_L5_T-2_C50,5,-0.02,50.0,2,QAUR,0.025502957086246836,1.0
MG_L5_T-2_C50,5,-0.02,50.0,3,QAUR,0.01755057839889962,1.0
MG_L5_T-2_C50,5,-0.02,50.0,4,QAUR,0.026194978246015577,1.0
MG_L5_T-2_C50,5,-0.02,50.0,5,QAUR,-0.0043745739715057574,1.0
MG_L5_T-2_C50,5,-0.02,50.0,6,QAUR,-0.056408220021703426,0.0
MG_L5_T-2_C50,5,-0.02,50.0,7,QAUR,0.01897363099426297,1.0
MG_L5_T-2_C50,5,-0.02,50.0,8,QAUR,0.1271509472446446,1.0
MG_L5_T-2_C50,5,-0.02,50.0,9,QAUR,-0.004224413743872502,1.0
MG_L5_T-2_C50,5,-0.02,50.0,10,QAUR,0.02310208647787726,1.0
MG_L5_T-2_C50,5,-0.02,50.0,11,QAUR,-0.011858386669970411,1.0
MG_L5_T-2_C50,5,-0.02,50.0,12,QAUR,-0.0009530657081779914,1.0
MG_L5_T-2_C50,5,-0.02,50.0,13,QAUR,0.006422772522358233,1.0
MG_L5_T-2_C50,5,-0.02,50.0,14,QAUR,0.06264687313945361,1.0
MG_L5_T-2_C50,5,-0.02,50.0,15,QAUR,-0.02181903507011307,0.0
MG_L5_T-2_C50,5,-0.02,50.0,16,QAUR,0.008487306136614192,1.0
MG_L5_T-2_C50,5,-0.02,50.0,17,QAUR,0.027140205020959707,1.0
MG_L5_T-2_C50,5,-0.02,50.0,18,QAUR,-0.03115221369109411,0.0
MG_L5_T-2_C50,5,-0.02,50.0,19,QAUR,-0.0632626079919818,0.0
MG_L5_T-2_C50,5,-0.02,50.0,20,QAUR,0.0053498850062765335,1.0
MG_L5_T-2_C50,5,-0.02,50.0,21,QAUR,0.02613874508377778,1.0
MG_L5_T-2_C50,5,-0.02,50.0,22,QAUR,0.0007190562613867968,1.0
MG_L5_T-2_C50,5,-0.02,50.0,23,QAUR,0.01860180131763345,1.0
MG_L5_T-2_C50,5,-0.02,50.0,24,QAUR,0.010739230602119232,1.0
MG_L5_T-2_C50,5,-0.02,50.0,25,QAUR,0.023458065691576158,1.0
MG_L5_T-2_C50,5,-0.02,50.0,26,QAUR,0.01225956609940071,1.0
MG_L5_T-2_C50,5,-0.02,50.0,27,QAUR,-0.00038186030910236646,1.0
MG_L5_T-2_C50,5,-0.02,50.0,28,QAUR,-0.019279401713892308,1.0
MG_L5_T-2_C50,5,-0.02,50.0,29,QAUR,-0.002538925146429394,1.0
MG_L5_T-2_C50,5,-0.02,50.0,30,QAUR,0.011540812314821736,1.0
MG_L5_T-2_C50,5,-0.02,50.0,31,QAUR,0.010652513242392248,1.0
MG_L5_T-2_C50,5,-0.02,50.0,32,QAUR,0.009695412550585703,1.0
MG_L5_T-2_C50,5,-0.02,50.0,33,QAUR,0.0050043277812834575,1.0
MG_L5_T-2_C50,5,-0.02,50.0,34,QAUR,0.005405396598454404,1.0
MG_L5_T-2_C50,5,-0.02,50.0,35,QAUR,0.011224677009441741,1.0
MG_L5_T-2_C50,5,-0.02,50.0,36,QAUR,-0.009411245963490411,1.0
MG_L5_T-2_C50,5,-0.02,50.0,37,QAUR,0.029153130045441067,1.0
MG_L5_T-2_C50,5,-0.02,50.0,38,QAUR,0.015075310679780962,1.0
MG_L5_T-2_C50,5,-0.02,50.0,39,QAUR,0.0062151403831272045,1.0
MG_L5_T-2_C50,5,-0.02,50.0,40,QAUR,0.0048314307987373795,1.0
MG_L5_T-2_C50,5,-0.02,50.0,41,QAUR,0.025885756648053038,1.0
MG_L5_T-2_C50,5,-0.02,50.0,42,QAUR,-0.010444895237557428,1.0
MG_L5_T-2_C50,5,-0.02,50.0,43,QAUR,0.017942362901918196,1.0
MG_L5_T-2_C50,5,-0.02,50.0,44,QAUR,0.002723071064718363,1.0
MG_L5_T-2_C50,5,-0.02,50.0,45,QAUR,0.005616986794801049,1.0
MG_L5_T-2_C50,5,-0.02,50.0,46,QAUR,-0.0051928471453733804,1.0
MG_L5_T-2_C50,5,-0.02,50.0,47,QAUR,0.015899115969542077,1.0
MG_L5_T-2_C50,5,-0.02,50.0,48,QAUR,0.008838929570113452,1.0
MG_L5_T-2_C50,5,-0.02,50.0,49,QAUR,-0.0028341563297605843,1.0
MG_L5_T-2_C50,5,-0.02,50.0,50,QAUR,0.002852521743932801,1.0
MG_L5_T-2_C50,5,-0.02,50.0,51,QAUR,0.003953891849135083,1.0
MG_L5_T-2_C50,5,-0.02,50.0,52,QAUR,0.01768555963439611,1.0
MG_L5_T-2_C100,5,-0.02,100.0,0,AUR,-0.0146916657937608,1.0
MG_L5_T-2_C100,5,-0.02,100.0,1,AUR,0.03946266194728576,1.0
MG_L5_T-2_C100,5,-0.02,100.0,2,AUR,0.025502957086246836,1.0
MG_L5_T-2_C100,5,-0.02,100.0,3,AUR,0.01755057839889962,1.0
MG_L5_T-2_C100,5,-0.02,100.0,4,AUR,0.026194978246015577,1.0
MG_L5_T-2_C100,5,-0.02,100.0,5,AUR,-0.0043745739715057574,1.0
MG_L5_T-2_C100,5,-0.02,100.0,6,AUR,-0.056408220021703426,0.0
MG_L5_T-2_C100,5,-0.02,100.0,7,AUR,0.01897363099426297,1.0
MG_L5_T-2_C100,5,-0.02,100.0,8,AUR,0.1271509472446446,1.0
MG_L5_T-2_C100,5,-0.02,100.0,9,AUR,-0.004224413743872502,1.0
MG_L5_T-2_C100,5,-0.02,100.0,10,AUR,0.02310208647787726,1.0
MG_L5_T-2_C100,5,-0.02,100.0,11,AUR,-0.011858386669970411,1.0
MG_L5_T-2_C100,5,-0.02,100.0,12,AUR,-0.0009530657081779914,1.0
MG_L5_T-2_C100,5,-0.02,100.0,13,AUR,0.006422772522358233,1.0
MG_L5_T-2_C100,5,-0.02,100.0,14,AUR,0.06264687313945361,1.0
MG_L5_T-2_C100,5,-0.02,100.0,15,AUR,-0.02181903507011307,0.0
MG_L5_T-2_C100,5,-0.02,100.0,16,AUR,0.008487306136614192,1.0
MG_L5_T-2_C100,5,-0.02,100.0,17,AUR,0.027140205020959707,1.0
MG_L5_T-2_C100,5,-0.02,100.0,18,AUR,-0.03115221369109411,0.0
MG_L5_T-2_C100,5,-0.02,100.0,19,AUR,-0.0632626079919818,0.0
MG_L5_T-2_C100,5,-0.02,100.0,20,AUR,0.0053498850062765335,1.0
MG_L5_T-2_C100,5,-0.02,100.0,21,AUR,0.02613874508377778,1.0
MG_L5_T-2_C100,5,-0.02,100.0,22,AUR,0.0007190562613867968,1.0
MG_L5_T-2_C100,5,-0.02,100.0,23,AUR,0.01860180131763345,1.0
MG_L5_T-2_C100,5,-0.02,100.0,24,AUR,0.010739230602119232,1.0
MG_L5_T-2_C100,5,-0.02,100.0,25,AUR,0.023458065691576158,1.0
MG_L5_T-2_C100,5,-0.02,100.0,26,AUR,0.01225956609940071,1.0
MG_L5_T-2_C100,5,-0.02,100.0,27,AUR,-0.00038186030910236646,1.0
MG_L5_T-2_C100,5,-0.02,100.0,28,AUR,-0.019279401713892308,1.0
MG_L5_T-2_C100,5,-0.02,100.0,29,AUR,-0.002538925146429394,1.0
MG_L5_T-2_C100,5,-0.02,100.0,30,AUR,0.011540812314821736,1.0
MG_L5_T-2_C100,5,-0.02,100.0,31,AUR,0.010652513242392248,1.0
MG_L5_T-2_C100,5,-0.02,100.0,32,AUR,0.009695412550585703,1.0
MG_L5_T-2_C100,5,-0.02,100.0,33,AUR,0.0050043277812834575,1.0
MG_L5_T-2_C100,5,-0.02,100.0,34,AUR,0.005405396598454404,1.0
MG_L5_T-2_C100,5,-0.02,100.0,35,AUR,0.011224677009441741,1.0
MG_L5_T-2_C100,5,-0.02,100.0,36,AUR,-0.009411245963490411,1.0
MG_L5_T-2_C100,5,-0.02,100.0,37,AUR,0.029153130045441067,1.0
MG_L5_T-2_C100,5,-0.02,100.0,38,AUR,0.015075310679780962,1.0
MG_L5_T-2_C100,5,-0.02,100.0,39,AUR,0.0062151403831272045,1.0
MG_L5_T-2_C100,5,-0.02,100.0,40,AUR,0.0048314307987373795,1.0
MG_L5_T-2_C100,5,-0.02,100.0,41,AUR,0.025885756648053038,1.0
MG_L5_T-2_C100,5,-0.02,100.0,42,AUR,-0.010444895237557428,1.0
MG_L5_T-2_C100,5,-0.02,100.0,43,AUR,0.017942362901918196,1.0
MG_L5_T-2_C100,5,-0.02,100.0,44,AUR,0.002723071064718363,1.0
MG_L5_T-2_C100,5,-0.02,100.0,45,AUR,0.005616986794801049,1.0
MG_L5_T-2_C100,5,-0.02,100.0,46,AUR,-0.0051928471453733804,1.0
MG_L5_T-2_C100,5,-0.02,100.0,47,AUR,0.015899115969542077,1.0
MG_L5_T-2_C100,5,-0.02,100.0,48,AUR,0.008838929570113452,1.0
MG_L5_T-2_C100,5,-0.02,100.0,49,AUR,-0.0028341563297605843,1.0
MG_L5_T-2_C100,5,-0.02,100.0,50,AUR,0.002852521743932801,1.0
MG_L5_T-2_C100,5,-0.02,100.0,51,AUR,0.003953891849135083,1.0
MG_L5_T-2_C100,5,-0.02,100.0,52,AUR,0.01768555963439611,1.0
MG_L5_T-2_C100,5,-0.02,100.0,0,QAUR,-0.0146916657937608,1.0
MG_L5_T-2_C100,5,-0.02,100.0,1,QAUR,0.03946266194728576,1.0
MG_L5_T-2_C100,5,-0.02,100.0,2,QAUR,0.025502957086246836,1.0
MG_L5_T-2_C100,5,-0.02,100.0,3,QAUR,0.01755057839889962,1.0
MG_L5_T-2_C100,5,-0.02,100.0,4,QAUR,0.026194978246015577,1.0
MG_L5_T-2_C100,5,-0.02,100.0,5,QAUR,-0.0043745739715057574,1.0
MG_L5_T-2_C100,5,-0.02,100.0,6,QAUR,-0.056408220021703426,0.0
MG_L5_T-2_C100,5,-0.02,100.0,7,QAUR,0.01897363099426297,1.0
MG_L5_T-2_C100,5,-0.02,100.0,8,QAUR,0.1271509472446446,1.0
MG_L5_T-2_C100,5,-0.02,100.0,9,QAUR,-0.004224413743872502,1.0
MG_L5_T-2_C100,5,-0.02,100.0,10,QAUR,0.02310208647787726,1.0
MG_L5_T-2_C100,5,-0.02,100.0,11,QAUR,-0.011858386669970411,1.0
MG_L5_T-2_C100,5,-0.02,100.0,12,QAUR,-0.0009530657081779914,1.0
MG_L5_T-2_C100,5,-0.02,100.0,13,QAUR,0.006422772522358233,1.0
MG_L5_T-2_C100,5,-0.02,100.0,14,QAUR,0.06264687313945361,1.0
MG_L5_T-2_C100,5,-0.02,100.0,15,QAUR,-0.02181903507011307,0.0
MG_L5_T-2_C100,5,-0.02,100.0,16,QAUR,0.008487306136614192,1.0
MG_L5_T-2_C100,5,-0.02,100.0,17,QAUR,0.027140205020959707,1.0
MG_L5_T-2_C100,5,-0.02,100.0,18,QAUR,-0.03115221369109411,0.0
MG_L5_T-2_C100,5,-0.02,100.0,19,QAUR,-0.0632626079919818,0.0
MG_L5_T-2_C100,5,-0.02,100.0,20,QAUR,0.0053498850062765335,1.0
MG_L5_T-2_C100,5,-0.02,100.0,21,QAUR,0.02613874508377778,1.0
MG_L5_T-2_C100,5,-0.02,100.0,22,QAUR,0.0007190562613867968,1.0
MG_L5_T-2_C100,5,-0.02,100.0,23,QAUR,0.01860180131763345,1.0
MG_L5_T-2_C100,5,-0.02,100.0,24,QAUR,0.010739230602119232,1.0
MG_L5_T-2_C100,5,-0.02,100.0,25,QAUR,0.023458065691576158,1.0
MG_L5_T-2_C100,5,-0.02,100.0,26,QAUR,0.01225956609940071,1.0
MG_L5_T-2_C100,5,-0.02,100.0,27,QAUR,-0.00038186030910236646,1.0
MG_L5_T-2_C100,5,-0.02,100.0,28,QAUR,-0.019279401713892308,1.0
MG_L5_T-2_C100,5,-0.02,100.0,29,QAUR,-0.002538925146429394,1.0
MG_L5_T-2_C100,5,-0.02,100.0,30,QAUR,0.011540812314821736,1.0
MG_L5_T-2_C100,5,-0.02,100.0,31,QAUR,0.010652513242392248,1.0
MG_L5_T-2_C100,5,-0.02,100.0,32,QAUR,0.009695412550585703,1.0
MG_L5_T-2_C100,5,-0.02,100.0,33,QAUR,0.0050043277812834575,1.0
MG_L5_T-2_C100,5,-0.02,100.0,34,QAUR,0.005405396598454404,1.0
MG_L5_T-2_C100,5,-0.02,100.0,35,QAUR,0.011224677009441741,1.0
MG_L5_T-2_C100,5,-0.02,100.0,36,QAUR,-0.009411245963490411,1.0
MG_L5_T-2_C100,5,-0.02,100.0,37,QAUR,0.029153130045441067,1.0
MG_L5_T-2_C100,5,-0.02,100.0,38,QAUR,0.015075310679780962,1.0
MG_L5_T-2_C100,5,-0.02,100.0,39,QAUR,0.0062151403831272045,1.0
MG_L5_T-2_C100,5,-0.02,100.0,40,QAUR,0.0048314307987373795,1.0
MG_L5_T-2_C100,5,-0.02,100.0,41,QAUR,0.025885756648053038,1.0
MG_L5_T-2_C100,5,-0.02,100.0,42,QAUR,-0.010444895237557428,1.0
MG_L5_T-2_C100,5,-0.02,100.0,43,QAUR,0.017942362901918196,1.0
MG_L5_T-2_C100,5,-0.02,100.0,44,QAUR,0.002723071064718363,1.0
MG_L5_T-2_C100,5,-0.02,100.0,45,QAUR,0.005616986794801049,1.0
MG_L5_T-2_C100,5,-0.02,100.0,46,QAUR,-0.0051928471453733804,1.0
MG_L5_T-2_C100,5,-0.02,100.0,47,QAUR,0.015899115969542077,1.0
MG_L5_T-2_C100,5,-0.02,100.0,48,QAUR,0.008838929570113452,1.0
MG_L5_T-2_C100,5,-0.02,100.0,49,QAUR,-0.0028341563297605843,1.0
MG_L5_T-2_C100,5,-0.02,100.0,50,QAUR,0.002852521743932801,1.0
MG_L5_T-2_C100,5,-0.02,100.0,51,QAUR,0.003953891849135083,1.0
MG_L5_T-2_C100,5,-0.02,100.0,52,QAUR,0.01768555963439611,1.0
MG_L5_T0_C0,5,0.0,0.0,0,AUR,-0.0146916657937608,0.0
MG_L5_T0_C0,5,0.0,0.0,1,AUR,0.03946266194728576,1.0
MG_L5_T0_C0,5,0.0,0.0,2,AUR,0.025502957086246836,1.0
MG_L5_T0_C0,5,0.0,0.0,3,AUR,0.01755057839889962,1.0
MG_L5_T0_C0,5,0.0,0.0,4,AUR,0.026194978246015577,1.0
MG_L5_T0_C0,5,0.0,0.0,5,AUR,-0.0043745739715057574,0.0
MG_L5_T0_C0,5,0.0,0.0,6,AUR,-0.056408220021703426,0.0
MG_L5_T0_C0,5,0.0,0.0,7,AUR,0.01897363099426297,1.0
MG_L5_T0_C0,5,0.0,0.0,8,AUR,0.1271509472446446,1.0
MG_L5_T0_C0,5,0.0,0.0,9,AUR,-0.004224413743872502,0.0
MG_L5_T0_C0,5,0.0,0.0,10,AUR,0.02310208647787726,1.0
MG_L5_T0_C0,5,0.0,0.0,11,AUR,-0.011858386669970411,0.0
MG_L5_T0_C0,5,0.0,0.0,12,AUR,-0.0009530657081779914,0.0
MG_L5_T0_C0,5,0.0,0.0,13,AUR,0.006422772522358233,1.0
MG_L5_T0_C0,5,0.0,0.0,14,AUR,0.06264687313945361,1.0
MG_L5_T0_C0,5,0.0,0.0,15,AUR,-0.02181903507011307,0.0
MG_L5_T0_C0,5,0.0,0.0,16,AUR,0.008487306136614192,1.0
MG_L5_T0_C0,5,0.0,0.0,17,AUR,0.027140205020959707,1.0
MG_L5_T0_C0,5,0.0,0.0,18,AUR,-0.03115221369109411,0.0
MG_L5_T0_C0,5,0.0,0.0,19,AUR,-0.0632626079919818,0.0
MG_L5_T0_C0,5,0.0,0.0,20,AUR,0.0053498850062765335,1.0
MG_L5_T0_C0,5,0.0,0.0,21,AUR,0.02613874508377778,1.0
MG_L5_T0_C0,5,0.0,0.0,22,AUR,0.0007190562613867968,1.0
MG_L5_T0_C0,5,0.0,0.0,23,AUR,0.01860180131763345,1.0
MG_L5_T0_C0,5,0.0,0.0,24,AUR,0.010739230602119232,1.0
MG_L5_T0_C0,5,0.0,0.0,25,AUR,0.023458065691576158,1.0
MG_L5_T0_C0,5,0.0,0.0,26,AUR,0.01225956609940071,1.0
MG_L5_T0_C0,5,0.0,0.0,27,AUR,-0.00038186030910236646,0.0
MG_L5_T0_C0,5,0.0,0.0,28,AUR,-0.019279401713892308,0.0
MG_L5_T0_C0,5,0.0,0.0,29,AUR,-0.002538925146429394,0.0
MG_L5_T0_C0,5,0.0,0.0,30,AUR,0.011540812314821736,1.0
MG_L5_T0_C0,5,0.0,0.0,31,AUR,0.010652513242392248,1.0
MG_L5_T0_C0,5,0.0,0.0,32,AUR,0.009695412550585703,1.0
MG_L5_T0_C0,5,0.0,0.0,33,AUR,0.0050043277812834575,1.0
MG_L5_T0_C0,5,0.0,0.0,34,AUR,0.005405396598454404,1.0
MG_L5_T0_C0,5,0.0,0.0,35,AUR,0.011224677009441741,1.0
MG_L5_T0_C0,5,0.0,0.0,36,AUR,-0.009411245963490411,0.0
MG_L5_T0_C0,5,0.0,0.0,37,AUR,0.029153130045441067,1.0
MG_L5_T0_C0,5,0.0,0.0,38,AUR,0.015075310679780962,1.0
MG_L5_T0_C0,5,0.0,0.0,39,AUR,0.0062151403831272045,1.0
MG_L5_T0_C0,5,0.0,0.0,40,AUR,0.0048314307987373795,1.0
MG_L5_T0_C0,5,0.0,0.0,41,AUR,0.025885756648053038,1.0
MG_L5_T0_C0,5,0.0,0.0,42,AUR,-0.010444895237557428,0.0
MG_L5_T0_C0,5,0.0,0.0,43,AUR,0.017942362901918196,1.0
MG_L5_T0_C0,5,0.0,0.0,44,AUR,0.002723071064718363,1.0
MG_L5_T0_C0,5,0.0,0.0,45,AUR,0.005616986794801049,1.0
MG_L5_T0_C0,5,0.0,0.0,46,AUR,-0.0051928471453733804,0.0
MG_L5_T0_C0,5,0.0,0.0,47,AUR,0.015899115969542077,1.0
MG_L5_T0_C0,5,0.0,0.0,48,AUR,0.008838929570113452,1.0
MG_L5_T0_C0,5,0.0,0.0,49,AUR,-0.0028341563297605843,0.0
MG_L5_T0_C0,5,0.0,0.0,50,AUR,0.002852521743932801,1.0
MG_L5_T0_C0,5,0.0,0.0,51,AUR,0.003953891849135083,1.0
MG_L5_T0_C0,5,0.0,0.0,52,AUR,0.01768555963439611,1.0
MG_L5_T0_C0,5,0.0,0.0,0,QAUR,-0.0146916657937608,0.0
MG_L5_T0_C0,5,0.0,0.0,1,QAUR,0.03946266194728576,1.0
MG_L5_T0_C0,5,0.0,0.0,2,QAUR,0.025502957086246836,1.0
MG_L5_T0_C0,5,0.0,0.0,3,QAUR,0.01755057839889962,1.0
MG_L5_T0_C0,5,0.0,0.0,4,QAUR,0.026194978246015577,1.0
MG_L5_T0_C0,5,0.0,0.0,5,QAUR,-0.0043745739715057574,0.0
MG_L5_T0_C0,5,0.0,0.0,6,QAUR,-0.056408220021703426,0.0
MG_L5_T0_C0,5,0.0,0.0,7,QAUR,0.01897363099426297,1.0
MG_L5_T0_C0,5,0.0,0.0,8,QAUR,0.1271509472446446,1.0
MG_L5_T0_C0,5,0.0,0.0,9,QAUR,-0.004224413743872502,0.0
MG_L5_T0_C0,5,0.0,0.0,10,QAUR,0.02310208647787726,1.0
MG_L5_T0_C0,5,0.0,0.0,11,QAUR,-0.011858386669970411,0.0
MG_L5_T0_C0,5,0.0,0.0,12,QAUR,-0.0009530657081779914,0.0
MG_L5_T0_C0,5,0.0,0.0,13,QAUR,0.006422772522358233,1.0
MG_L5_T0_C0,5,0.0,0.0,14,QAUR,0.06264687313945361,1.0
MG_L5_T0_C0,5,0.0,0.0,15,QAUR,-0.02181903507011307,0.0
MG_L5_T0_C0,5,0.0,0.0,16,QAUR,0.008487306136614192,1.0
MG_L5_T0_C0,5,0.0,0.0,17,QAUR,0.027140205020959707,1.0
MG_L5_T0_C0,5,0.0,0.0,18,QAUR,-0.03115221369109411,0.0
MG_L5_T0_C0,5,0.0,0.0,19,QAUR,-0.0632626079919818,0.0
MG_L5_T0_C0,5,0.0,0.0,20,QAUR,0.0053498850062765335,1.0
MG_L5_T0_C0,5,0.0,0.0,21,QAUR,0.02613874508377778,1.0
MG_L5_T0_C0,5,0.0,0.0,22,QAUR,0.0007190562613867968,1.0
MG_L5_T0_C0,5,0.0,0.0,23,QAUR,0.01860180131763345,1.0
MG_L5_T0_C0,5,0.0,0.0,24,QAUR,0.010739230602119232,1.0
MG_L5_T0_C0,5,0.0,0.0,25,QAUR,0.023458065691576158,1.0
MG_L5_T0_C0,5,0.0,0.0,26,QAUR,0.01225956609940071,1.0
MG_L5_T0_C0,5,0.0,0.0,27,QAUR,-0.00038186030910236646,0.0
MG_L5_T0_C0,5,0.0,0.0,28,QAUR,-0.019279401713892308,0.0
MG_L5_T0_C0,5,0.0,0.0,29,QAUR,-0.002538925146429394,0.0
MG_L5_T0_C0,5,0.0,0.0,30,QAUR,0.011540812314821736,1.0
MG_L5_T0_C0,5,0.0,0.0,31,QAUR,0.010652513242392248,1.0
MG_L5_T0_C0,5,0.0,0.0,32,QAUR,0.009695412550585703,1.0
MG_L5_T0_C0,5,0.0,0.0,33,QAUR,0.0050043277812834575,1.0
MG_L5_T0_C0,5,0.0,0.0,34,QAUR,0.005405396598454404,1.0
MG_L5_T0_C0,5,0.0,0.0,35,QAUR,0.011224677009441741,1.0
MG_L5_T0_C0,5,0.0,0.0,36,QAUR,-0.009411245963490411,0.0
MG_L5_T0_C0,5,0.0,0.0,37,QAUR,0.029153130045441067,1.0
MG_L5_T0_C0,5,0.0,0.0,38,QAUR,0.015075310679780962,1.0
MG_L5_T0_C0,5,0.0,0.0,39,QAUR,0.0062151403831272045,1.0
MG_L5_T0_C0,5,0.0,0.0,40,QAUR,0.0048314307987373795,1.0
MG_L5_T0_C0,5,0.0,0.0,41,QAUR,0.025885756648053038,1.0
MG_L5_T0_C0,5,0.0,0.0,42,QAUR,-0.010444895237557428,0.0
MG_L5_T0_C0,5,0.0,0.0,43,QAUR,0.017942362901918196,1.0
MG_L5_T0_C0,5,0.0,0.0,44,QAUR,0.002723071064718363,1.0
MG_L5_T0_C0,5,0.0,0.0,45,QAUR,0.005616986794801049,1.0
MG_L5_T0_C0,5,0.0,0.0,46,QAUR,-0.0051928471453733804,0.0
MG_L5_T0_C0,5,0.0,0.0,47,QAUR,0.015899115969542077,1.0
MG_L5_T0_C0,5,0.0,0.0,48,QAUR,0.008838929570113452,1.0
MG_L5_T0_C0,5,0.0,0.0,49,QAUR,-0.0028341563297605843,0.0
MG_L5_T0_C0,5,0.0,0.0,50,QAUR,0.002852521743932801,1.0
MG_L5_T0_C0,5,0.0,0.0,51,QAUR,0.003953891849135083,1.0
MG_L5_T0_C0,5,0.0,0.0,52,QAUR,0.01768555963439611,1.0
MG_L5_T0_C25,5,0.0,25.0,0,AUR,-0.0146916657937608,0.0
MG_L5_T0_C25,5,0.0,25.0,1,AUR,0.03946266194728576,1.0
MG_L5_T0_C25,5,0.0,25.0,2,AUR,0.025502957086246836,1.0
MG_L5_T0_C25,5,0.0,25.0,3,AUR,0.01755057839889962,1.0
MG_L5_T0_C25,5,0.0,25.0,4,AUR,0.026194978246015577,1.0
MG_L5_T0_C25,5,0.0,25.0,5,AUR,-0.0043745739715057574,0.0
MG_L5_T0_C25,5,0.0,25.0,6,AUR,-0.056408220021703426,0.0
MG_L5_T0_C25,5,0.0,25.0,7,AUR,0.01897363099426297,1.0
MG_L5_T0_C25,5,0.0,25.0,8,AUR,0.1271509472446446,1.0
MG_L5_T0_C25,5,0.0,25.0,9,AUR,-0.004224413743872502,0.0
MG_L5_T0_C25,5,0.0,25.0,10,AUR,0.02310208647787726,1.0
MG_L5_T0_C25,5,0.0,25.0,11,AUR,-0.011858386669970411,0.0
MG_L5_T0_C25,5,0.0,25.0,12,AUR,-0.0009530657081779914,0.0
MG_L5_T0_C25,5,0.0,25.0,13,AUR,0.006422772522358233,1.0
MG_L5_T0_C25,5,0.0,25.0,14,AUR,0.06264687313945361,1.0
MG_L5_T0_C25,5,0.0,25.0,15,AUR,-0.02181903507011307,0.0
MG_L5_T0_C25,5,0.0,25.0,16,AUR,0.008487306136614192,1.0
MG_L5_T0_C25,5,0.0,25.0,17,AUR,0.027140205020959707,1.0
MG_L5_T0_C25,5,0.0,25.0,18,AUR,-0.03115221369109411,0.0
MG_L5_T0_C25,5,0.0,25.0,19,AUR,-0.0632626079919818,0.0
MG_L5_T0_C25,5,0.0,25.0,20,AUR,0.0053498850062765335,1.0
MG_L5_T0_C25,5,0.0,25.0,21,AUR,0.02613874508377778,1.0
MG_L5_T0_C25,5,0.0,25.0,22,AUR,0.0007190562613867968,1.0
MG_L5_T0_C25,5,0.0,25.0,23,AUR,0.01860180131763345,1.0
MG_L5_T0_C25,5,0.0,25.0,24,AUR,0.010739230602119232,1.0
MG_L5_T0_C25,5,0.0,25.0,25,AUR,0.023458065691576158,1.0
MG_L5_T0_C25,5,0.0,25.0,26,AUR,0.01225956609940071,1.0
MG_L5_T0_C25,5,0.0,25.0,27,AUR,-0.00038186030910236646,0.0
MG_L5_T0_C25,5,0.0,25.0,28,AUR,-0.019279401713892308,0.0
MG_L5_T0_C25,5,0.0,25.0,29,AUR,-0.002538925146429394,0.0
MG_L5_T0_C25,5,0.0,25.0,30,AUR,0.011540812314821736,1.0
MG_L5_T0_C25,5,0.0,25.0,31,AUR,0.010652513242392248,1.0
MG_L5_T0_C25,5,0.0,25.0,32,AUR,0.009695412550585703,1.0
MG_L5_T0_C25,5,0.0,25.0,33,AUR,0.0050043277812834575,1.0
MG_L5_T0_C25,5,0.0,25.0,34,AUR,0.005405396598454404,1.0
MG_L5_T0_C25,5,0.0,25.0,35,AUR,0.011224677009441741,1.0
MG_L5_T0_C25,5,0.0,25.0,36,AUR,-0.009411245963490411,0.0
MG_L5_T0_C25,5,0.0,25.0,37,AUR,0.029153130045441067,1.0
MG_L5_T0_C25,5,0.0,25.0,38,AUR,0.015075310679780962,1.0
MG_L5_T0_C25,5,0.0,25.0,39,AUR,0.0062151403831272045,1.0
MG_L5_T0_C25,5,0.0,25.0,40,AUR,0.0048314307987373795,1.0
MG_L5_T0_C25,5,0.0,25.0,41,AUR,0.025885756648053038,1.0
MG_L5_T0_C25,5,0.0,25.0,42,AUR,-0.010444895237557428,0.0
MG_L5_T0_C25,5,0.0,25.0,43,AUR,0.017942362901918196,1.0
MG_L5_T0_C25,5,0.0,25.0,44,AUR,0.002723071064718363,1.0
MG_L5_T0_C25,5,0.0,25.0,45,AUR,0.005616986794801049,1.0
MG_L5_T0_C25,5,0.0,25.0,46,AUR,-0.0051928471453733804,0.0
MG_L5_T0_C25,5,0.0,25.0,47,AUR,0.015899115969542077,1.0
MG_L5_T0_C25,5,0.0,25.0,48,AUR,0.008838929570113452,1.0
MG_L5_T0_C25,5,0.0,25.0,49,AUR,-0.0028341563297605843,0.0
MG_L5_T0_C25,5,0.0,25.0,50,AUR,0.002852521743932801,1.0
MG_L5_T0_C25,5,0.0,25.0,51,AUR,0.003953891849135083,1.0
MG_L5_T0_C25,5,0.0,25.0,52,AUR,0.01768555963439611,1.0
MG_L5_T0_C25,5,0.0,25.0,0,QAUR,-0.0146916657937608,0.0
MG_L5_T0_C25,5,0.0,25.0,1,QAUR,0.03946266194728576,1.0
MG_L5_T0_C25,5,0.0,25.0,2,QAUR,0.025502957086246836,1.0
MG_L5_T0_C25,5,0.0,25.0,3,QAUR,0.01755057839889962,1.0
MG_L5_T0_C25,5,0.0,25.0,4,QAUR,0.026194978246015577,1.0
MG_L5_T0_C25,5,0.0,25.0,5,QAUR,-0.0043745739715057574,0.0
MG_L5_T0_C25,5,0.0,25.0,6,QAUR,-0.056408220021703426,0.0
MG_L5_T0_C25,5,0.0,25.0,7,QAUR,0.01897363099426297,1.0
MG_L5_T0_C25,5,0.0,25.0,8,QAUR,0.1271509472446446,1.0
MG_L5_T0_C25,5,0.0,25.0,9,QAUR,-0.004224413743872502,0.0
MG_L5_T0_C25,5,0.0,25.0,10,QAUR,0.02310208647787726,1.0
MG_L5_T0_C25,5,0.0,25.0,11,QAUR,-0.011858386669970411,0.0
MG_L5_T0_C25,5,0.0,25.0,12,QAUR,-0.0009530657081779914,0.0
MG_L5_T0_C25,5,0.0,25.0,13,QAUR,0.006422772522358233,1.0
MG_L5_T0_C25,5,0.0,25.0,14,QAUR,0.06264687313945361,1.0
MG_L5_T0_C25,5,0.0,25.0,15,QAUR,-0.02181903507011307,0.0
MG_L5_T0_C25,5,0.0,25.0,16,QAUR,0.008487306136614192,1.0
MG_L5_T0_C25,5,0.0,25.0,17,QAUR,0.027140205020959707,1.0
MG_L5_T0_C25,5,0.0,25.0,18,QAUR,-0.03115221369109411,0.0
MG_L5_T0_C25,5,0.0,25.0,19,QAUR,-0.0632626079919818,0.0
MG_L5_T0_C25,5,0.0,25.0,20,QAUR,0.0053498850062765335,1.0
MG_L5_T0_C25,5,0.0,25.0,21,QAUR,0.02613874508377778,1.0
MG_L5_T0_C25,5,0.0,25.0,22,QAUR,0.0007190562613867968,1.0
MG_L5_T0_C25,5,0.0,25.0,23,QAUR,0.01860180131763345,1.0
MG_L5_T0_C25,5,0.0,25.0,24,QAUR,0.010739230602119232,1.0
MG_L5_T0_C25,5,0.0,25.0,25,QAUR,0.023458065691576158,1.0
MG_L5_T0_C25,5,0.0,25.0,26,QAUR,0.01225956609940071,1.0
MG_L5_T0_C25,5,0.0,25.0,27,QAUR,-0.00038186030910236646,0.0
MG_L5_T0_C25,5,0.0,25.0,28,QAUR,-0.019279401713892308,0.0
MG_L5_T0_C25,5,0.0,25.0,29,QAUR,-0.002538925146429394,0.0
MG_L5_T0_C25,5,0.0,25.0,30,QAUR,0.011540812314821736,1.0
MG_L5_T0_C25,5,0.0,25.0,31,QAUR,0.010652513242392248,1.0
MG_L5_T0_C25,5,0.0,25.0,32,QAUR,0.009695412550585703,1.0
MG_L5_T0_C25,5,0.0,25.0,33,QAUR,0.0050043277812834575,1.0
MG_L5_T0_C25,5,0.0,25.0,34,QAUR,0.005405396598454404,1.0
MG_L5_T0_C25,5,0.0,25.0,35,QAUR,0.011224677009441741,1.0
MG_L5_T0_C25,5,0.0,25.0,36,QAUR,-0.009411245963490411,0.0
MG_L5_T0_C25,5,0.0,25.0,37,QAUR,0.029153130045441067,1.0
MG_L5_T0_C25,5,0.0,25.0,38,QAUR,0.015075310679780962,1.0
MG_L5_T0_C25,5,0.0,25.0,39,QAUR,0.0062151403831272045,1.0
MG_L5_T0_C25,5,0.0,25.0,40,QAUR,0.0048314307987373795,1.0
MG_L5_T0_C25,5,0.0,25.0,41,QAUR,0.025885756648053038,1.0
MG_L5_T0_C25,5,0.0,25.0,42,QAUR,-0.010444895237557428,0.0
MG_L5_T0_C25,5,0.0,25.0,43,QAUR,0.017942362901918196,1.0
MG_L5_T0_C25,5,0.0,25.0,44,QAUR,0.002723071064718363,1.0
MG_L5_T0_C25,5,0.0,25.0,45,QAUR,0.005616986794801049,1.0
MG_L5_T0_C25,5,0.0,25.0,46,QAUR,-0.0051928471453733804,0.0
MG_L5_T0_C25,5,0.0,25.0,47,QAUR,0.015899115969542077,1.0
MG_L5_T0_C25,5,0.0,25.0,48,QAUR,0.008838929570113452,1.0
MG_L5_T0_C25,5,0.0,25.0,49,QAUR,-0.0028341563297605843,0.0
MG_L5_T0_C25,5,0.0,25.0,50,QAUR,0.002852521743932801,1.0
MG_L5_T0_C25,5,0.0,25.0,51,QAUR,0.003953891849135083,1.0
MG_L5_T0_C25,5,0.0,25.0,52,QAUR,0.01768555963439611,1.0
MG_L5_T0_C50,5,0.0,50.0,0,AUR,-0.0146916657937608,0.0
MG_L5_T0_C50,5,0.0,50.0,1,AUR,0.03946266194728576,1.0
MG_L5_T0_C50,5,0.0,50.0,2,AUR,0.025502957086246836,1.0
MG_L5_T0_C50,5,0.0,50.0,3,AUR,0.01755057839889962,1.0
MG_L5_T0_C50,5,0.0,50.0,4,AUR,0.026194978246015577,1.0
MG_L5_T0_C50,5,0.0,50.0,5,AUR,-0.0043745739715057574,0.0
MG_L5_T0_C50,5,0.0,50.0,6,AUR,-0.056408220021703426,0.0
MG_L5_T0_C50,5,0.0,50.0,7,AUR,0.01897363099426297,1.0
MG_L5_T0_C50,5,0.0,50.0,8,AUR,0.1271509472446446,1.0
MG_L5_T0_C50,5,0.0,50.0,9,AUR,-0.004224413743872502,0.0
MG_L5_T0_C50,5,0.0,50.0,10,AUR,0.02310208647787726,1.0
MG_L5_T0_C50,5,0.0,50.0,11,AUR,-0.011858386669970411,0.0
MG_L5_T0_C50,5,0.0,50.0,12,AUR,-0.0009530657081779914,0.0
MG_L5_T0_C50,5,0.0,50.0,13,AUR,0.006422772522358233,1.0
MG_L5_T0_C50,5,0.0,50.0,14,AUR,0.06264687313945361,1.0
MG_L5_T0_C50,5,0.0,50.0,15,AUR,-0.02181903507011307,0.0
MG_L5_T0_C50,5,0.0,50.0,16,AUR,0.008487306136614192,1.0
MG_L5_T0_C50,5,0.0,50.0,17,AUR,0.027140205020959707,1.0
MG_L5_T0_C50,5,0.0,50.0,18,AUR,-0.03115221369109411,0.0
MG_L5_T0_C50,5,0.0,50.0,19,AUR,-0.0632626079919818,0.0
MG_L5_T0_C50,5,0.0,50.0,20,AUR,0.0053498850062765335,1.0
MG_L5_T0_C50,5,0.0,50.0,21,AUR,0.02613874508377778,1.0
MG_L5_T0_C50,5,0.0,50.0,22,AUR,0.0007190562613867968,1.0
MG_L5_T0_C50,5,0.0,50.0,23,AUR,0.01860180131763345,1.0
MG_L5_T0_C50,5,0.0,50.0,24,AUR,0.010739230602119232,1.0
MG_L5_T0_C50,5,0.0,50.0,25,AUR,0.023458065691576158,1.0
MG_L5_T0_C50,5,0.0,50.0,26,AUR,0.01225956609940071,1.0
MG_L5_T0_C50,5,0.0,50.0,27,AUR,-0.00038186030910236646,0.0
MG_L5_T0_C50,5,0.0,50.0,28,AUR,-0.019279401713892308,0.0
MG_L5_T0_C50,5,0.0,50.0,29,AUR,-0.002538925146429394,0.0
MG_L5_T0_C50,5,0.0,50.0,30,AUR,0.011540812314821736,1.0
MG_L5_T0_C50,5,0.0,50.0,31,AUR,0.010652513242392248,1.0
MG_L5_T0_C50,5,0.0,50.0,32,AUR,0.009695412550585703,1.0
MG_L5_T0_C50,5,0.0,50.0,33,AUR,0.0050043277812834575,1.0
MG_L5_T0_C50,5,0.0,50.0,34,AUR,0.005405396598454404,1.0
MG_L5_T0_C50,5,0.0,50.0,35,AUR,0.011224677009441741,1.0
MG_L5_T0_C50,5,0.0,50.0,36,AUR,-0.009411245963490411,0.0
MG_L5_T0_C50,5,0.0,50.0,37,AUR,0.029153130045441067,1.0
MG_L5_T0_C50,5,0.0,50.0,38,AUR,0.015075310679780962,1.0
MG_L5_T0_C50,5,0.0,50.0,39,AUR,0.0062151403831272045,1.0
MG_L5_T0_C50,5,0.0,50.0,40,AUR,0.0048314307987373795,1.0
MG_L5_T0_C50,5,0.0,50.0,41,AUR,0.025885756648053038,1.0
MG_L5_T0_C50,5,0.0,50.0,42,AUR,-0.010444895237557428,0.0
MG_L5_T0_C50,5,0.0,50.0,43,AUR,0.017942362901918196,1.0
MG_L5_T0_C50,5,0.0,50.0,44,AUR,0.002723071064718363,1.0
MG_L5_T0_C50,5,0.0,50.0,45,AUR,0.005616986794801049,1.0
MG_L5_T0_C50,5,0.0,50.0,46,AUR,-0.0051928471453733804,0.0
MG_L5_T0_C50,5,0.0,50.0,47,AUR,0.015899115969542077,1.0
MG_L5_T0_C50,5,0.0,50.0,48,AUR,0.008838929570113452,1.0
MG_L5_T0_C50,5,0.0,50.0,49,AUR,-0.0028341563297605843,0.0
MG_L5_T0_C50,5,0.0,50.0,50,AUR,0.002852521743932801,1.0
MG_L5_T0_C50,5,0.0,50.0,51,AUR,0.003953891849135083,1.0
MG_L5_T0_C50,5,0.0,50.0,52,AUR,0.01768555963439611,1.0
MG_L5_T0_C50,5,0.0,50.0,0,QAUR,-0.0146916657937608,0.0
MG_L5_T0_C50,5,0.0,50.0,1,QAUR,0.03946266194728576,1.0
MG_L5_T0_C50,5,0.0,50.0,2,QAUR,0.025502957086246836,1.0
MG_L5_T0_C50,5,0.0,50.0,3,QAUR,0.01755057839889962,1.0
MG_L5_T0_C50,5,0.0,50.0,4,QAUR,0.026194978246015577,1.0
MG_L5_T0_C50,5,0.0,50.0,5,QAUR,-0.0043745739715057574,0.0
MG_L5_T0_C50,5,0.0,50.0,6,QAUR,-0.056408220021703426,0.0
MG_L5_T0_C50,5,0.0,50.0,7,QAUR,0.01897363099426297,1.0
MG_L5_T0_C50,5,0.0,50.0,8,QAUR,0.1271509472446446,1.0
MG_L5_T0_C50,5,0.0,50.0,9,QAUR,-0.004224413743872502,0.0
MG_L5_T0_C50,5,0.0,50.0,10,QAUR,0.02310208647787726,1.0
MG_L5_T0_C50,5,0.0,50.0,11,QAUR,-0.011858386669970411,0.0
MG_L5_T0_C50,5,0.0,50.0,12,QAUR,-0.0009530657081779914,0.0
MG_L5_T0_C50,5,0.0,50.0,13,QAUR,0.006422772522358233,1.0
MG_L5_T0_C50,5,0.0,50.0,14,QAUR,0.06264687313945361,1.0
MG_L5_T0_C50,5,0.0,50.0,15,QAUR,-0.02181903507011307,0.0
MG_L5_T0_C50,5,0.0,50.0,16,QAUR,0.008487306136614192,1.0
MG_L5_T0_C50,5,0.0,50.0,17,QAUR,0.027140205020959707,1.0
MG_L5_T0_C50,5,0.0,50.0,18,QAUR,-0.03115221369109411,0.0
MG_L5_T0_C50,5,0.0,50.0,19,QAUR,-0.0632626079919818,0.0
MG_L5_T0_C50,5,0.0,50.0,20,QAUR,0.0053498850062765335,1.0
MG_L5_T0_C50,5,0.0,50.0,21,QAUR,0.02613874508377778,1.0
MG_L5_T0_C50,5,0.0,50.0,22,QAUR,0.0007190562613867968,1.0
MG_L5_T0_C50,5,0.0,50.0,23,QAUR,0.01860180131763345,1.0
MG_L5_T0_C50,5,0.0,50.0,24,QAUR,0.010739230602119232,1.0
MG_L5_T0_C50,5,0.0,50.0,25,QAUR,0.023458065691576158,1.0
MG_L5_T0_C50,5,0.0,50.0,26,QAUR,0.01225956609940071,1.0
MG_L5_T0_C50,5,0.0,50.0,27,QAUR,-0.00038186030910236646,0.0
MG_L5_T0_C50,5,0.0,50.0,28,QAUR,-0.019279401713892308,0.0
MG_L5_T0_C50,5,0.0,50.0,29,QAUR,-0.002538925146429394,0.0
MG_L5_T0_C50,5,0.0,50.0,30,QAUR,0.011540812314821736,1.0
MG_L5_T0_C50,5,0.0,50.0,31,QAUR,0.010652513242392248,1.0
MG_L5_T0_C50,5,0.0,50.0,32,QAUR,0.009695412550585703,1.0
MG_L5_T0_C50,5,0.0,50.0,33,QAUR,0.0050043277812834575,1.0
MG_L5_T0_C50,5,0.0,50.0,34,QAUR,0.005405396598454404,1.0
MG_L5_T0_C50,5,0.0,50.0,35,QAUR,0.011224677009441741,1.0
MG_L5_T0_C50,5,0.0,50.0,36,QAUR,-0.009411245963490411,0.0
MG_L5_T0_C50,5,0.0,50.0,37,QAUR,0.029153130045441067,1.0
MG_L5_T0_C50,5,0.0,50.0,38,QAUR,0.015075310679780962,1.0
MG_L5_T0_C50,5,0.0,50.0,39,QAUR,0.0062151403831272045,1.0
MG_L5_T0_C50,5,0.0,50.0,40,QAUR,0.0048314307987373795,1.0
MG_L5_T0_C50,5,0.0,50.0,41,QAUR,0.025885756648053038,1.0
MG_L5_T0_C50,5,0.0,50.0,42,QAUR,-0.010444895237557428,0.0
MG_L5_T0_C50,5,0.0,50.0,43,QAUR,0.017942362901918196,1.0
MG_L5_T0_C50,5,0.0,50.0,44,QAUR,0.002723071064718363,1.0
MG_L5_T0_C50,5,0.0,50.0,45,QAUR,0.005616986794801049,1.0
MG_L5_T0_C50,5,0.0,50.0,46,QAUR,-0.0051928471453733804,0.0
MG_L5_T0_C50,5,0.0,50.0,47,QAUR,0.015899115969542077,1.0
MG_L5_T0_C50,5,0.0,50.0,48,QAUR,0.008838929570113452,1.0
MG_L5_T0_C50,5,0.0,50.0,49,QAUR,-0.0028341563297605843,0.0
MG_L5_T0_C50,5,0.0,50.0,50,QAUR,0.002852521743932801,1.0
MG_L5_T0_C50,5,0.0,50.0,51,QAUR,0.003953891849135083,1.0
MG_L5_T0_C50,5,0.0,50.0,52,QAUR,0.01768555963439611,1.0
MG_L5_T0_C100,5,0.0,100.0,0,AUR,-0.0146916657937608,0.0
MG_L5_T0_C100,5,0.0,100.0,1,AUR,0.03946266194728576,1.0
MG_L5_T0_C100,5,0.0,100.0,2,AUR,0.025502957086246836,1.0
MG_L5_T0_C100,5,0.0,100.0,3,AUR,0.01755057839889962,1.0
MG_L5_T0_C100,5,0.0,100.0,4,AUR,0.026194978246015577,1.0
MG_L5_T0_C100,5,0.0,100.0,5,AUR,-0.0043745739715057574,0.0
MG_L5_T0_C100,5,0.0,100.0,6,AUR,-0.056408220021703426,0.0
MG_L5_T0_C100,5,0.0,100.0,7,AUR,0.01897363099426297,1.0
MG_L5_T0_C100,5,0.0,100.0,8,AUR,0.1271509472446446,1.0
MG_L5_T0_C100,5,0.0,100.0,9,AUR,-0.004224413743872502,0.0
MG_L5_T0_C100,5,0.0,100.0,10,AUR,0.02310208647787726,1.0
MG_L5_T0_C100,5,0.0,100.0,11,AUR,-0.011858386669970411,0.0
MG_L5_T0_C100,5,0.0,100.0,12,AUR,-0.0009530657081779914,0.0
MG_L5_T0_C100,5,0.0,100.0,13,AUR,0.006422772522358233,1.0
MG_L5_T0_C100,5,0.0,100.0,14,AUR,0.06264687313945361,1.0
MG_L5_T0_C100,5,0.0,100.0,15,AUR,-0.02181903507011307,0.0
MG_L5_T0_C100,5,0.0,100.0,16,AUR,0.008487306136614192,1.0
MG_L5_T0_C100,5,0.0,100.0,17,AUR,0.027140205020959707,1.0
MG_L5_T0_C100,5,0.0,100.0,18,AUR,-0.03115221369109411,0.0
MG_L5_T0_C100,5,0.0,100.0,19,AUR,-0.0632626079919818,0.0
MG_L5_T0_C100,5,0.0,100.0,20,AUR,0.0053498850062765335,1.0
MG_L5_T0_C100,5,0.0,100.0,21,AUR,0.02613874508377778,1.0
MG_L5_T0_C100,5,0.0,100.0,22,AUR,0.0007190562613867968,1.0
MG_L5_T0_C100,5,0.0,100.0,23,AUR,0.01860180131763345,1.0
MG_L5_T0_C100,5,0.0,100.0,24,AUR,0.010739230602119232,1.0
MG_L5_T0_C100,5,0.0,100.0,25,AUR,0.023458065691576158,1.0
MG_L5_T0_C100,5,0.0,100.0,26,AUR,0.01225956609940071,1.0
MG_L5_T0_C100,5,0.0,100.0,27,AUR,-0.00038186030910236646,0.0
MG_L5_T0_C100,5,0.0,100.0,28,AUR,-0.019279401713892308,0.0
MG_L5_T0_C100,5,0.0,100.0,29,AUR,-0.002538925146429394,0.0
MG_L5_T0_C100,5,0.0,100.0,30,AUR,0.011540812314821736,1.0
MG_L5_T0_C100,5,0.0,100.0,31,AUR,0.010652513242392248,1.0
MG_L5_T0_C100,5,0.0,100.0,32,AUR,0.009695412550585703,1.0
MG_L5_T0_C100,5,0.0,100.0,33,AUR,0.0050043277812834575,1.0
MG_L5_T0_C100,5,0.0,100.0,34,AUR,0.005405396598454404,1.0
MG_L5_T0_C100,5,0.0,100.0,35,AUR,0.011224677009441741,1.0
MG_L5_T0_C100,5,0.0,100.0,36,AUR,-0.009411245963490411,0.0
MG_L5_T0_C100,5,0.0,100.0,37,AUR,0.029153130045441067,1.0
MG_L5_T0_C100,5,0.0,100.0,38,AUR,0.015075310679780962,1.0
MG_L5_T0_C100,5,0.0,100.0,39,AUR,0.0062151403831272045,1.0
MG_L5_T0_C100,5,0.0,100.0,40,AUR,0.0048314307987373795,1.0
MG_L5_T0_C100,5,0.0,100.0,41,AUR,0.025885756648053038,1.0
MG_L5_T0_C100,5,0.0,100.0,42,AUR,-0.010444895237557428,0.0
MG_L5_T0_C100,5,0.0,100.0,43,AUR,0.017942362901918196,1.0
MG_L5_T0_C100,5,0.0,100.0,44,AUR,0.002723071064718363,1.0
MG_L5_T0_C100,5,0.0,100.0,45,AUR,0.005616986794801049,1.0
MG_L5_T0_C100,5,0.0,100.0,46,AUR,-0.0051928471453733804,0.0
MG_L5_T0_C100,5,0.0,100.0,47,AUR,0.015899115969542077,1.0
MG_L5_T0_C100,5,0.0,100.0,48,AUR,0.008838929570113452,1.0
MG_L5_T0_C100,5,0.0,100.0,49,AUR,-0.0028341563297605843,0.0
MG_L5_T0_C100,5,0.0,100.0,50,AUR,0.002852521743932801,1.0
MG_L5_T0_C100,5,0.0,100.0,51,AUR,0.003953891849135083,1.0
MG_L5_T0_C100,5,0.0,100.0,52,AUR,0.01768555963439611,1.0
MG_L5_T0_C100,5,0.0,100.0,0,QAUR,-0.0146916657937608,0.0
MG_L5_T0_C100,5,0.0,100.0,1,QAUR,0.03946266194728576,1.0
MG_L5_T0_C100,5,0.0,100.0,2,QAUR,0.025502957086246836,1.0
MG_L5_T0_C100,5,0.0,100.0,3,QAUR,0.01755057839889962,1.0
MG_L5_T0_C100,5,0.0,100.0,4,QAUR,0.026194978246015577,1.0
MG_L5_T0_C100,5,0.0,100.0,5,QAUR,-0.0043745739715057574,0.0
MG_L5_T0_C100,5,0.0,100.0,6,QAUR,-0.056408220021703426,0.0
MG_L5_T0_C100,5,0.0,100.0,7,QAUR,0.01897363099426297,1.0
MG_L5_T0_C100,5,0.0,100.0,8,QAUR,0.1271509472446446,1.0
MG_L5_T0_C100,5,0.0,100.0,9,QAUR,-0.004224413743872502,0.0
MG_L5_T0_C100,5,0.0,100.0,10,QAUR,0.02310208647787726,1.0
MG_L5_T0_C100,5,0.0,100.0,11,QAUR,-0.011858386669970411,0.0
MG_L5_T0_C100,5,0.0,100.0,12,QAUR,-0.0009530657081779914,0.0
MG_L5_T0_C100,5,0.0,100.0,13,QAUR,0.006422772522358233,1.0
MG_L5_T0_C100,5,0.0,100.0,14,QAUR,0.06264687313945361,1.0
MG_L5_T0_C100,5,0.0,100.0,15,QAUR,-0.02181903507011307,0.0
MG_L5_T0_C100,5,0.0,100.0,16,QAUR,0.008487306136614192,1.0
MG_L5_T0_C100,5,0.0,100.0,17,QAUR,0.027140205020959707,1.0
MG_L5_T0_C100,5,0.0,100.0,18,QAUR,-0.03115221369109411,0.0
MG_L5_T0_C100,5,0.0,100.0,19,QAUR,-0.0632626079919818,0.0
MG_L5_T0_C100,5,0.0,100.0,20,QAUR,0.0053498850062765335,1.0
MG_L5_T0_C100,5,0.0,100.0,21,QAUR,0.02613874508377778,1.0
MG_L5_T0_C100,5,0.0,100.0,22,QAUR,0.0007190562613867968,1.0
MG_L5_T0_C100,5,0.0,100.0,23,QAUR,0.01860180131763345,1.0
MG_L5_T0_C100,5,0.0,100.0,24,QAUR,0.010739230602119232,1.0
MG_L5_T0_C100,5,0.0,100.0,25,QAUR,0.023458065691576158,1.0
MG_L5_T0_C100,5,0.0,100.0,26,QAUR,0.01225956609940071,1.0
MG_L5_T0_C100,5,0.0,100.0,27,QAUR,-0.00038186030910236646,0.0
MG_L5_T0_C100,5,0.0,100.0,28,QAUR,-0.019279401713892308,0.0
MG_L5_T0_C100,5,0.0,100.0,29,QAUR,-0.002538925146429394,0.0
MG_L5_T0_C100,5,0.0,100.0,30,QAUR,0.011540812314821736,1.0
MG_L5_T0_C100,5,0.0,100.0,31,QAUR,0.010652513242392248,1.0
MG_L5_T0_C100,5,0.0,100.0,32,QAUR,0.009695412550585703,1.0
MG_L5_T0_C100,5,0.0,100.0,33,QAUR,0.0050043277812834575,1.0
MG_L5_T0_C100,5,0.0,100.0,34,QAUR,0.005405396598454404,1.0
MG_L5_T0_C100,5,0.0,100.0,35,QAUR,0.011224677009441741,1.0
MG_L5_T0_C100,5,0.0,100.0,36,QAUR,-0.009411245963490411,0.0
MG_L5_T0_C100,5,0.0,100.0,37,QAUR,0.029153130045441067,1.0
MG_L5_T0_C100,5,0.0,100.0,38,QAUR,0.015075310679780962,1.0
MG_L5_T0_C100,5,0.0,100.0,39,QAUR,0.0062151403831272045,1.0
MG_L5_T0_C100,5,0.0,100.0,40,QAUR,0.0048314307987373795,1.0
MG_L5_T0_C100,5,0.0,100.0,41,QAUR,0.025885756648053038,1.0
MG_L5_T0_C100,5,0.0,100.0,42,QAUR,-0.010444895237557428,0.0
MG_L5_T0_C100,5,0.0,100.0,43,QAUR,0.017942362901918196,1.0
MG_L5_T0_C100,5,0.0,100.0,44,QAUR,0.002723071064718363,1.0
MG_L5_T0_C100,5,0.0,100.0,45,QAUR,0.005616986794801049,1.0
MG_L5_T0_C100,5,0.0,100.0,46,QAUR,-0.0051928471453733804,0.0
MG_L5_T0_C100,5,0.0,100.0,47,QAUR,0.015899115969542077,1.0
MG_L5_T0_C100,5,0.0,100.0,48,QAUR,0.008838929570113452,1.0
MG_L5_T0_C100,5,0.0,100.0,49,QAUR,-0.0028341563297605843,0.0
MG_L5_T0_C100,5,0.0,100.0,50,QAUR,0.002852521743932801,1.0
MG_L5_T0_C100,5,0.0,100.0,51,QAUR,0.003953891849135083,1.0
MG_L5_T0_C100,5,0.0,100.0,52,QAUR,0.01768555963439611,1.0
MG_L5_T2_C0,5,0.02,0.0,0,AUR,-0.0146916657937608,0.0
MG_L5_T2_C0,5,0.02,0.0,1,AUR,0.03946266194728576,1.0
MG_L5_T2_C0,5,0.02,0.0,2,AUR,0.025502957086246836,1.0
MG_L5_T2_C0,5,0.02,0.0,3,AUR,0.01755057839889962,0.0
MG_L5_T2_C0,5,0.02,0.0,4,AUR,0.026194978246015577,1.0
MG_L5_T2_C0,5,0.02,0.0,5,AUR,-0.0043745739715057574,0.0
MG_L5_T2_C0,5,0.02,0.0,6,AUR,-0.056408220021703426,0.0
MG_L5_T2_C0,5,0.02,0.0,7,AUR,0.01897363099426297,0.0
MG_L5_T2_C0,5,0.02,0.0,8,AUR,0.1271509472446446,1.0
MG_L5_T2_C0,5,0.02,0.0,9,AUR,-0.004224413743872502,0.0
MG_L5_T2_C0,5,0.02,0.0,10,AUR,0.02310208647787726,1.0
MG_L5_T2_C0,5,0.02,0.0,11,AUR,-0.011858386669970411,0.0
MG_L5_T2_C0,5,0.02,0.0,12,AUR,-0.0009530657081779914,0.0
MG_L5_T2_C0,5,0.02,0.0,13,AUR,0.006422772522358233,0.0
MG_L5_T2_C0,5,0.02,0.0,14,AUR,0.06264687313945361,1.0
MG_L5_T2_C0,5,0.02,0.0,15,AUR,-0.02181903507011307,0.0
MG_L5_T2_C0,5,0.02,0.0,16,AUR,0.008487306136614192,0.0
MG_L5_T2_C0,5,0.02,0.0,17,AUR,0.027140205020959707,1.0
MG_L5_T2_C0,5,0.02,0.0,18,AUR,-0.03115221369109411,0.0
MG_L5_T2_C0,5,0.02,0.0,19,AUR,-0.0632626079919818,0.0
MG_L5_T2_C0,5,0.02,0.0,20,AUR,0.0053498850062765335,0.0
MG_L5_T2_C0,5,0.02,0.0,21,AUR,0.02613874508377778,1.0
MG_L5_T2_C0,5,0.02,0.0,22,AUR,0.0007190562613867968,0.0
MG_L5_T2_C0,5,0.02,0.0,23,AUR,0.01860180131763345,0.0
MG_L5_T2_C0,5,0.02,0.0,24,AUR,0.010739230602119232,0.0
MG_L5_T2_C0,5,0.02,0.0,25,AUR,0.023458065691576158,1.0
MG_L5_T2_C0,5,0.02,0.0,26,AUR,0.01225956609940071,0.0
MG_L5_T2_C0,5,0.02,0.0,27,AUR,-0.00038186030910236646,0.0
MG_L5_T2_C0,5,0.02,0.0,28,AUR,-0.019279401713892308,0.0
MG_L5_T2_C0,5,0.02,0.0,29,AUR,-0.002538925146429394,0.0
MG_L5_T2_C0,5,0.02,0.0,30,AUR,0.011540812314821736,0.0
MG_L5_T2_C0,5,0.02,0.0,31,AUR,0.010652513242392248,0.0
MG_L5_T2_C0,5,0.02,0.0,32,AUR,0.009695412550585703,0.0
MG_L5_T2_C0,5,0.02,0.0,33,AUR,0.0050043277812834575,0.0
MG_L5_T2_C0,5,0.02,0.0,34,AUR,0.005405396598454404,0.0
MG_L5_T2_C0,5,0.02,0.0,35,AUR,0.011224677009441741,0.0
MG_L5_T2_C0,5,0.02,0.0,36,AUR,-0.009411245963490411,0.0
MG_L5_T2_C0,5,0.02,0.0,37,AUR,0.029153130045441067,1.0
MG_L5_T2_C0,5,0.02,0.0,38,AUR,0.015075310679780962,0.0
MG_L5_T2_C0,5,0.02,0.0,39,AUR,0.0062151403831272045,0.0
MG_L5_T2_C0,5,0.02,0.0,40,AUR,0.0048314307987373795,0.0
MG_L5_T2_C0,5,0.02,0.0,41,AUR,0.025885756648053038,1.0
MG_L5_T2_C0,5,0.02,0.0,42,AUR,-0.010444895237557428,0.0
MG_L5_T2_C0,5,0.02,0.0,43,AUR,0.017942362901918196,0.0
MG_L5_T2_C0,5,0.02,0.0,44,AUR,0.002723071064718363,0.0
MG_L5_T2_C0,5,0.02,0.0,45,AUR,0.005616986794801049,0.0
MG_L5_T2_C0,5,0.02,0.0,46,AUR,-0.0051928471453733804,0.0
MG_L5_T2_C0,5,0.02,0.0,47,AUR,0.015899115969542077,0.0
MG_L5_T2_C0,5,0.02,0.0,48,AUR,0.008838929570113452,0.0
MG_L5_T2_C0,5,0.02,0.0,49,AUR,-0.0028341563297605843,0.0
MG_L5_T2_C0,5,0.02,0.0,50,AUR,0.002852521743932801,0.0
MG_L5_T2_C0,5,0.02,0.0,51,AUR,0.003953891849135083,0.0
MG_L5_T2_C0,5,0.02,0.0,52,AUR,0.01768555963439611,0.0
MG_L5_T2_C0,5,0.02,0.0,0,QAUR,-0.0146916657937608,0.0
MG_L5_T2_C0,5,0.02,0.0,1,QAUR,0.03946266194728576,1.0
MG_L5_T2_C0,5,0.02,0.0,2,QAUR,0.025502957086246836,1.0
MG_L5_T2_C0,5,0.02,0.0,3,QAUR,0.01755057839889962,0.0
MG_L5_T2_C0,5,0.02,0.0,4,QAUR,0.026194978246015577,1.0
MG_L5_T2_C0,5,0.02,0.0,5,QAUR,-0.0043745739715057574,0.0
MG_L5_T2_C0,5,0.02,0.0,6,QAUR,-0.056408220021703426,0.0
MG_L5_T2_C0,5,0.02,0.0,7,QAUR,0.01897363099426297,0.0
MG_L5_T2_C0,5,0.02,0.0,8,QAUR,0.1271509472446446,1.0
MG_L5_T2_C0,5,0.02,0.0,9,QAUR,-0.004224413743872502,0.0
MG_L5_T2_C0,5,0.02,0.0,10,QAUR,0.02310208647787726,1.0
MG_L5_T2_C0,5,0.02,0.0,11,QAUR,-0.011858386669970411,0.0
MG_L5_T2_C0,5,0.02,0.0,12,QAUR,-0.0009530657081779914,0.0
MG_L5_T2_C0,5,0.02,0.0,13,QAUR,0.006422772522358233,0.0
MG_L5_T2_C0,5,0.02,0.0,14,QAUR,0.06264687313945361,1.0
MG_L5_T2_C0,5,0.02,0.0,15,QAUR,-0.02181903507011307,0.0
MG_L5_T2_C0,5,0.02,0.0,16,QAUR,0.008487306136614192,0.0
MG_L5_T2_C0,5,0.02,0.0,17,QAUR,0.027140205020959707,1.0
MG_L5_T2_C0,5,0.02,0.0,18,QAUR,-0.03115221369109411,0.0
MG_L5_T2_C0,5,0.02,0.0,19,QAUR,-0.0632626079919818,0.0
MG_L5_T2_C0,5,0.02,0.0,20,QAUR,0.0053498850062765335,0.0
MG_L5_T2_C0,5,0.02,0.0,21,QAUR,0.02613874508377778,1.0
MG_L5_T2_C0,5,0.02,0.0,22,QAUR,0.0007190562613867968,0.0
MG_L5_T2_C0,5,0.02,0.0,23,QAUR,0.01860180131763345,0.0
MG_L5_T2_C0,5,0.02,0.0,24,QAUR,0.010739230602119232,0.0
MG_L5_T2_C0,5,0.02,0.0,25,QAUR,0.023458065691576158,1.0
MG_L5_T2_C0,5,0.02,0.0,26,QAUR,0.01225956609940071,0.0
MG_L5_T2_C0,5,0.02,0.0,27,QAUR,-0.00038186030910236646,0.0
MG_L5_T2_C0,5,0.02,0.0,28,QAUR,-0.019279401713892308,0.0
MG_L5_T2_C0,5,0.02,0.0,29,QAUR,-0.002538925146429394,0.0
MG_L5_T2_C0,5,0.02,0.0,30,QAUR,0.011540812314821736,0.0
MG_L5_T2_C0,5,0.02,0.0,31,QAUR,0.010652513242392248,0.0
MG_L5_T2_C0,5,0.02,0.0,32,QAUR,0.009695412550585703,0.0
MG_L5_T2_C0,5,0.02,0.0,33,QAUR,0.0050043277812834575,0.0
MG_L5_T2_C0,5,0.02,0.0,34,QAUR,0.005405396598454404,0.0
MG_L5_T2_C0,5,0.02,0.0,35,QAUR,0.011224677009441741,0.0
MG_L5_T2_C0,5,0.02,0.0,36,QAUR,-0.009411245963490411,0.0
MG_L5_T2_C0,5,0.02,0.0,37,QAUR,0.029153130045441067,1.0
MG_L5_T2_C0,5,0.02,0.0,38,QAUR,0.015075310679780962,0.0
MG_L5_T2_C0,5,0.02,0.0,39,QAUR,0.0062151403831272045,0.0
MG_L5_T2_C0,5,0.02,0.0,40,QAUR,0.0048314307987373795,0.0
MG_L5_T2_C0,5,0.02,0.0,41,QAUR,0.025885756648053038,1.0
MG_L5_T2_C0,5,0.02,0.0,42,QAUR,-0.010444895237557428,0.0
MG_L5_T2_C0,5,0.02,0.0,43,QAUR,0.017942362901918196,0.0
MG_L5_T2_C0,5,0.02,0.0,44,QAUR,0.002723071064718363,0.0
MG_L5_T2_C0,5,0.02,0.0,45,QAUR,0.005616986794801049,0.0
MG_L5_T2_C0,5,0.02,0.0,46,QAUR,-0.0051928471453733804,0.0
MG_L5_T2_C0,5,0.02,0.0,47,QAUR,0.015899115969542077,0.0
MG_L5_T2_C0,5,0.02,0.0,48,QAUR,0.008838929570113452,0.0
MG_L5_T2_C0,5,0.02,0.0,49,QAUR,-0.0028341563297605843,0.0
MG_L5_T2_C0,5,0.02,0.0,50,QAUR,0.002852521743932801,0.0
MG_L5_T2_C0,5,0.02,0.0,51,QAUR,0.003953891849135083,0.0
MG_L5_T2_C0,5,0.02,0.0,52,QAUR,0.01768555963439611,0.0
MG_L5_T2_C25,5,0.02,25.0,0,AUR,-0.0146916657937608,0.0
MG_L5_T2_C25,5,0.02,25.0,1,AUR,0.03946266194728576,1.0
MG_L5_T2_C25,5,0.02,25.0,2,AUR,0.025502957086246836,1.0
MG_L5_T2_C25,5,0.02,25.0,3,AUR,0.01755057839889962,0.0
MG_L5_T2_C25,5,0.02,25.0,4,AUR,0.026194978246015577,1.0
MG_L5_T2_C25,5,0.02,25.0,5,AUR,-0.0043745739715057574,0.0
MG_L5_T2_C25,5,0.02,25.0,6,AUR,-0.056408220021703426,0.0
MG_L5_T2_C25,5,0.02,25.0,7,AUR,0.01897363099426297,0.0
MG_L5_T2_C25,5,0.02,25.0,8,AUR,0.1271509472446446,1.0
MG_L5_T2_C25,5,0.02,25.0,9,AUR,-0.004224413743872502,0.0
MG_L5_T2_C25,5,0.02,25.0,10,AUR,0.02310208647787726,1.0
MG_L5_T2_C25,5,0.02,25.0,11,AUR,-0.011858386669970411,0.0
MG_L5_T2_C25,5,0.02,25.0,12,AUR,-0.0009530657081779914,0.0
MG_L5_T2_C25,5,0.02,25.0,13,AUR,0.006422772522358233,0.0
MG_L5_T2_C25,5,0.02,25.0,14,AUR,0.06264687313945361,1.0
MG_L5_T2_C25,5,0.02,25.0,15,AUR,-0.02181903507011307,0.0
MG_L5_T2_C25,5,0.02,25.0,16,AUR,0.008487306136614192,0.0
MG_L5_T2_C25,5,0.02,25.0,17,AUR,0.027140205020959707,1.0
MG_L5_T2_C25,5,0.02,25.0,18,AUR,-0.03115221369109411,0.0
MG_L5_T2_C25,5,0.02,25.0,19,AUR,-0.0632626079919818,0.0
MG_L5_T2_C25,5,0.02,25.0,20,AUR,0.0053498850062765335,0.0
MG_L5_T2_C25,5,0.02,25.0,21,AUR,0.02613874508377778,1.0
MG_L5_T2_C25,5,0.02,25.0,22,AUR,0.0007190562613867968,0.0
MG_L5_T2_C25,5,0.02,25.0,23,AUR,0.01860180131763345,0.0
MG_L5_T2_C25,5,0.02,25.0,24,AUR,0.010739230602119232,0.0
MG_L5_T2_C25,5,0.02,25.0,25,AUR,0.023458065691576158,1.0
MG_L5_T2_C25,5,0.02,25.0,26,AUR,0.01225956609940071,0.0
MG_L5_T2_C25,5,0.02,25.0,27,AUR,-0.00038186030910236646,0.0
MG_L5_T2_C25,5,0.02,25.0,28,AUR,-0.019279401713892308,0.0
MG_L5_T2_C25,5,0.02,25.0,29,AUR,-0.002538925146429394,0.0
MG_L5_T2_C25,5,0.02,25.0,30,AUR,0.011540812314821736,0.0
MG_L5_T2_C25,5,0.02,25.0,31,AUR,0.010652513242392248,0.0
MG_L5_T2_C25,5,0.02,25.0,32,AUR,0.009695412550585703,0.0
MG_L5_T2_C25,5,0.02,25.0,33,AUR,0.0050043277812834575,0.0
MG_L5_T2_C25,5,0.02,25.0,34,AUR,0.005405396598454404,0.0
MG_L5_T2_C25,5,0.02,25.0,35,AUR,0.011224677009441741,0.0
MG_L5_T2_C25,5,0.02,25.0,36,AUR,-0.009411245963490411,0.0
MG_L5_T2_C25,5,0.02,25.0,37,AUR,0.029153130045441067,1.0
MG_L5_T2_C25,5,0.02,25.0,38,AUR,0.015075310679780962,0.0
MG_L5_T2_C25,5,0.02,25.0,39,AUR,0.0062151403831272045,0.0
MG_L5_T2_C25,5,0.02,25.0,40,AUR,0.0048314307987373795,0.0
MG_L5_T2_C25,5,0.02,25.0,41,AUR,0.025885756648053038,1.0
MG_L5_T2_C25,5,0.02,25.0,42,AUR,-0.010444895237557428,0.0
MG_L5_T2_C25,5,0.02,25.0,43,AUR,0.017942362901918196,0.0
MG_L5_T2_C25,5,0.02,25.0,44,AUR,0.002723071064718363,0.0
MG_L5_T2_C25,5,0.02,25.0,45,AUR,0.005616986794801049,0.0
MG_L5_T2_C25,5,0.02,25.0,46,AUR,-0.0051928471453733804,0.0
MG_L5_T2_C25,5,0.02,25.0,47,AUR,0.015899115969542077,0.0
MG_L5_T2_C25,5,0.02,25.0,48,AUR,0.008838929570113452,0.0
MG_L5_T2_C25,5,0.02,25.0,49,AUR,-0.0028341563297605843,0.0
MG_L5_T2_C25,5,0.02,25.0,50,AUR,0.002852521743932801,0.0
MG_L5_T2_C25,5,0.02,25.0,51,AUR,0.003953891849135083,0.0
MG_L5_T2_C25,5,0.02,25.0,52,AUR,0.01768555963439611,0.0
MG_L5_T2_C25,5,0.02,25.0,0,QAUR,-0.0146916657937608,0.0
MG_L5_T2_C25,5,0.02,25.0,1,QAUR,0.03946266194728576,1.0
MG_L5_T2_C25,5,0.02,25.0,2,QAUR,0.025502957086246836,1.0
MG_L5_T2_C25,5,0.02,25.0,3,QAUR,0.01755057839889962,0.0
MG_L5_T2_C25,5,0.02,25.0,4,QAUR,0.026194978246015577,1.0
MG_L5_T2_C25,5,0.02,25.0,5,QAUR,-0.0043745739715057574,0.0
MG_L5_T2_C25,5,0.02,25.0,6,QAUR,-0.056408220021703426,0.0
MG_L5_T2_C25,5,0.02,25.0,7,QAUR,0.01897363099426297,0.0
MG_L5_T2_C25,5,0.02,25.0,8,QAUR,0.1271509472446446,1.0
MG_L5_T2_C25,5,0.02,25.0,9,QAUR,-0.004224413743872502,0.0
MG_L5_T2_C25,5,0.02,25.0,10,QAUR,0.02310208647787726,1.0
MG_L5_T2_C25,5,0.02,25.0,11,QAUR,-0.011858386669970411,0.0
MG_L5_T2_C25,5,0.02,25.0,12,QAUR,-0.0009530657081779914,0.0
MG_L5_T2_C25,5,0.02,25.0,13,QAUR,0.006422772522358233,0.0
MG_L5_T2_C25,5,0.02,25.0,14,QAUR,0.06264687313945361,1.0
MG_L5_T2_C25,5,0.02,25.0,15,QAUR,-0.02181903507011307,0.0
MG_L5_T2_C25,5,0.02,25.0,16,QAUR,0.008487306136614192,0.0
MG_L5_T2_C25,5,0.02,25.0,17,QAUR,0.027140205020959707,1.0
MG_L5_T2_C25,5,0.02,25.0,18,QAUR,-0.03115221369109411,0.0
MG_L5_T2_C25,5,0.02,25.0,19,QAUR,-0.0632626079919818,0.0
MG_L5_T2_C25,5,0.02,25.0,20,QAUR,0.0053498850062765335,0.0
MG_L5_T2_C25,5,0.02,25.0,21,QAUR,0.02613874508377778,1.0
MG_L5_T2_C25,5,0.02,25.0,22,QAUR,0.0007190562613867968,0.0
MG_L5_T2_C25,5,0.02,25.0,23,QAUR,0.01860180131763345,0.0
MG_L5_T2_C25,5,0.02,25.0,24,QAUR,0.010739230602119232,0.0
MG_L5_T2_C25,5,0.02,25.0,25,QAUR,0.023458065691576158,1.0
MG_L5_T2_C25,5,0.02,25.0,26,QAUR,0.01225956609940071,0.0
MG_L5_T2_C25,5,0.02,25.0,27,QAUR,-0.00038186030910236646,0.0
MG_L5_T2_C25,5,0.02,25.0,28,QAUR,-0.019279401713892308,0.0
MG_L5_T2_C25,5,0.02,25.0,29,QAUR,-0.002538925146429394,0.0
MG_L5_T2_C25,5,0.02,25.0,30,QAUR,0.011540812314821736,0.0
MG_L5_T2_C25,5,0.02,25.0,31,QAUR,0.010652513242392248,0.0
MG_L5_T2_C25,5,0.02,25.0,32,QAUR,0.009695412550585703,0.0
MG_L5_T2_C25,5,0.02,25.0,33,QAUR,0.0050043277812834575,0.0
MG_L5_T2_C25,5,0.02,25.0,34,QAUR,0.005405396598454404,0.0
MG_L5_T2_C25,5,0.02,25.0,35,QAUR,0.011224677009441741,0.0
MG_L5_T2_C25,5,0.02,25.0,36,QAUR,-0.009411245963490411,0.0
MG_L5_T2_C25,5,0.02,25.0,37,QAUR,0.029153130045441067,1.0
MG_L5_T2_C25,5,0.02,25.0,38,QAUR,0.015075310679780962,0.0
MG_L5_T2_C25,5,0.02,25.0,39,QAUR,0.0062151403831272045,0.0
MG_L5_T2_C25,5,0.02,25.0,40,QAUR,0.0048314307987373795,0.0
MG_L5_T2_C25,5,0.02,25.0,41,QAUR,0.025885756648053038,1.0
MG_L5_T2_C25,5,0.02,25.0,42,QAUR,-0.010444895237557428,0.0
MG_L5_T2_C25,5,0.02,25.0,43,QAUR,0.017942362901918196,0.0
MG_L5_T2_C25,5,0.02,25.0,44,QAUR,0.002723071064718363,0.0
MG_L5_T2_C25,5,0.02,25.0,45,QAUR,0.005616986794801049,0.0
MG_L5_T2_C25,5,0.02,25.0,46,QAUR,-0.0051928471453733804,0.0
MG_L5_T2_C25,5,0.02,25.0,47,QAUR,0.015899115969542077,0.0
MG_L5_T2_C25,5,0.02,25.0,48,QAUR,0.008838929570113452,0.0
MG_L5_T2_C25,5,0.02,25.0,49,QAUR,-0.0028341563297605843,0.0
MG_L5_T2_C25,5,0.02,25.0,50,QAUR,0.002852521743932801,0.0
MG_L5_T2_C25,5,0.02,25.0,51,QAUR,0.003953891849135083,0.0
MG_L5_T2_C25,5,0.02,25.0,52,QAUR,0.01768555963439611,0.0
MG_L5_T2_C50,5,0.02,50.0,0,AUR,-0.0146916657937608,0.0
MG_L5_T2_C50,5,0.02,50.0,1,AUR,0.03946266194728576,1.0
MG_L5_T2_C50,5,0.02,50.0,2,AUR,0.025502957086246836,1.0
MG_L5_T2_C50,5,0.02,50.0,3,AUR,0.01755057839889962,0.0
MG_L5_T2_C50,5,0.02,50.0,4,AUR,0.026194978246015577,1.0
MG_L5_T2_C50,5,0.02,50.0,5,AUR,-0.0043745739715057574,0.0
MG_L5_T2_C50,5,0.02,50.0,6,AUR,-0.056408220021703426,0.0
MG_L5_T2_C50,5,0.02,50.0,7,AUR,0.01897363099426297,0.0
MG_L5_T2_C50,5,0.02,50.0,8,AUR,0.1271509472446446,1.0
MG_L5_T2_C50,5,0.02,50.0,9,AUR,-0.004224413743872502,0.0
MG_L5_T2_C50,5,0.02,50.0,10,AUR,0.02310208647787726,1.0
MG_L5_T2_C50,5,0.02,50.0,11,AUR,-0.011858386669970411,0.0
MG_L5_T2_C50,5,0.02,50.0,12,AUR,-0.0009530657081779914,0.0
MG_L5_T2_C50,5,0.02,50.0,13,AUR,0.006422772522358233,0.0
MG_L5_T2_C50,5,0.02,50.0,14,AUR,0.06264687313945361,1.0
MG_L5_T2_C50,5,0.02,50.0,15,AUR,-0.02181903507011307,0.0
MG_L5_T2_C50,5,0.02,50.0,16,AUR,0.008487306136614192,0.0
MG_L5_T2_C50,5,0.02,50.0,17,AUR,0.027140205020959707,1.0
MG_L5_T2_C50,5,0.02,50.0,18,AUR,-0.03115221369109411,0.0
MG_L5_T2_C50,5,0.02,50.0,19,AUR,-0.0632626079919818,0.0
MG_L5_T2_C50,5,0.02,50.0,20,AUR,0.0053498850062765335,0.0
MG_L5_T2_C50,5,0.02,50.0,21,AUR,0.02613874508377778,1.0
MG_L5_T2_C50,5,0.02,50.0,22,AUR,0.0007190562613867968,0.0
MG_L5_T2_C50,5,0.02,50.0,23,AUR,0.01860180131763345,0.0
MG_L5_T2_C50,5,0.02,50.0,24,AUR,0.010739230602119232,0.0
MG_L5_T2_C50,5,0.02,50.0,25,AUR,0.023458065691576158,1.0
MG_L5_T2_C50,5,0.02,50.0,26,AUR,0.01225956609940071,0.0
MG_L5_T2_C50,5,0.02,50.0,27,AUR,-0.00038186030910236646,0.0
MG_L5_T2_C50,5,0.02,50.0,28,AUR,-0.019279401713892308,0.0
MG_L5_T2_C50,5,0.02,50.0,29,AUR,-0.002538925146429394,0.0
MG_L5_T2_C50,5,0.02,50.0,30,AUR,0.011540812314821736,0.0
MG_L5_T2_C50,5,0.02,50.0,31,AUR,0.010652513242392248,0.0
MG_L5_T2_C50,5,0.02,50.0,32,AUR,0.009695412550585703,0.0
MG_L5_T2_C50,5,0.02,50.0,33,AUR,0.0050043277812834575,0.0
MG_L5_T2_C50,5,0.02,50.0,34,AUR,0.005405396598454404,0.0
MG_L5_T2_C50,5,0.02,50.0,35,AUR,0.011224677009441741,0.0
MG_L5_T2_C50,5,0.02,50.0,36,AUR,-0.009411245963490411,0.0
MG_L5_T2_C50,5,0.02,50.0,37,AUR,0.029153130045441067,1.0
MG_L5_T2_C50,5,0.02,50.0,38,AUR,0.015075310679780962,0.0
MG_L5_T2_C50,5,0.02,50.0,39,AUR,0.0062151403831272045,0.0
MG_L5_T2_C50,5,0.02,50.0,40,AUR,0.0048314307987373795,0.0
MG_L5_T2_C50,5,0.02,50.0,41,AUR,0.025885756648053038,1.0
MG_L5_T2_C50,5,0.02,50.0,42,AUR,-0.010444895237557428,0.0
MG_L5_T2_C50,5,0.02,50.0,43,AUR,0.017942362901918196,0.0
MG_L5_T2_C50,5,0.02,50.0,44,AUR,0.002723071064718363,0.0
MG_L5_T2_C50,5,0.02,50.0,45,AUR,0.005616986794801049,0.0
MG_L5_T2_C50,5,0.02,50.0,46,AUR,-0.0051928471453733804,0.0
MG_L5_T2_C50,5,0.02,50.0,47,AUR,0.015899115969542077,0.0
MG_L5_T2_C50,5,0.02,50.0,48,AUR,0.008838929570113452,0.0
MG_L5_T2_C50,5,0.02,50.0,49,AUR,-0.0028341563297605843,0.0
MG_L5_T2_C50,5,0.02,50.0,50,AUR,0.002852521743932801,0.0
MG_L5_T2_C50,5,0.02,50.0,51,AUR,0.003953891849135083,0.0
MG_L5_T2_C50,5,0.02,50.0,52,AUR,0.01768555963439611,0.0
MG_L5_T2_C50,5,0.02,50.0,0,QAUR,-0.0146916657937608,0.0
MG_L5_T2_C50,5,0.02,50.0,1,QAUR,0.03946266194728576,1.0
MG_L5_T2_C50,5,0.02,50.0,2,QAUR,0.025502957086246836,1.0
MG_L5_T2_C50,5,0.02,50.0,3,QAUR,0.01755057839889962,0.0
MG_L5_T2_C50,5,0.02,50.0,4,QAUR,0.026194978246015577,1.0
MG_L5_T2_C50,5,0.02,50.0,5,QAUR,-0.0043745739715057574,0.0
MG_L5_T2_C50,5,0.02,50.0,6,QAUR,-0.056408220021703426,0.0
MG_L5_T2_C50,5,0.02,50.0,7,QAUR,0.01897363099426297,0.0
MG_L5_T2_C50,5,0.02,50.0,8,QAUR,0.1271509472446446,1.0
MG_L5_T2_C50,5,0.02,50.0,9,QAUR,-0.004224413743872502,0.0
MG_L5_T2_C50,5,0.02,50.0,10,QAUR,0.02310208647787726,1.0
MG_L5_T2_C50,5,0.02,50.0,11,QAUR,-0.011858386669970411,0.0
MG_L5_T2_C50,5,0.02,50.0,12,QAUR,-0.0009530657081779914,0.0
MG_L5_T2_C50,5,0.02,50.0,13,QAUR,0.006422772522358233,0.0
MG_L5_T2_C50,5,0.02,50.0,14,QAUR,0.06264687313945361,1.0
MG_L5_T2_C50,5,0.02,50.0,15,QAUR,-0.02181903507011307,0.0
MG_L5_T2_C50,5,0.02,50.0,16,QAUR,0.008487306136614192,0.0
MG_L5_T2_C50,5,0.02,50.0,17,QAUR,0.027140205020959707,1.0
MG_L5_T2_C50,5,0.02,50.0,18,QAUR,-0.03115221369109411,0.0
MG_L5_T2_C50,5,0.02,50.0,19,QAUR,-0.0632626079919818,0.0
MG_L5_T2_C50,5,0.02,50.0,20,QAUR,0.0053498850062765335,0.0
MG_L5_T2_C50,5,0.02,50.0,21,QAUR,0.02613874508377778,1.0
MG_L5_T2_C50,5,0.02,50.0,22,QAUR,0.0007190562613867968,0.0
MG_L5_T2_C50,5,0.02,50.0,23,QAUR,0.01860180131763345,0.0
MG_L5_T2_C50,5,0.02,50.0,24,QAUR,0.010739230602119232,0.0
MG_L5_T2_C50,5,0.02,50.0,25,QAUR,0.023458065691576158,1.0
MG_L5_T2_C50,5,0.02,50.0,26,QAUR,0.01225956609940071,0.0
MG_L5_T2_C50,5,0.02,50.0,27,QAUR,-0.00038186030910236646,0.0
MG_L5_T2_C50,5,0.02,50.0,28,QAUR,-0.019279401713892308,0.0
MG_L5_T2_C50,5,0.02,50.0,29,QAUR,-0.002538925146429394,0.0
MG_L5_T2_C50,5,0.02,50.0,30,QAUR,0.011540812314821736,0.0
MG_L5_T2_C50,5,0.02,50.0,31,QAUR,0.010652513242392248,0.0
MG_L5_T2_C50,5,0.02,50.0,32,QAUR,0.009695412550585703,0.0
MG_L5_T2_C50,5,0.02,50.0,33,QAUR,0.0050043277812834575,0.0
MG_L5_T2_C50,5,0.02,50.0,34,QAUR,0.005405396598454404,0.0
MG_L5_T2_C50,5,0.02,50.0,35,QAUR,0.011224677009441741,0.0
MG_L5_T2_C50,5,0.02,50.0,36,QAUR,-0.009411245963490411,0.0
MG_L5_T2_C50,5,0.02,50.0,37,QAUR,0.029153130045441067,1.0
MG_L5_T2_C50,5,0.02,50.0,38,QAUR,0.015075310679780962,0.0
MG_L5_T2_C50,5,0.02,50.0,39,QAUR,0.0062151403831272045,0.0
MG_L5_T2_C50,5,0.02,50.0,40,QAUR,0.0048314307987373795,0.0
MG_L5_T2_C50,5,0.02,50.0,41,QAUR,0.025885756648053038,1.0
MG_L5_T2_C50,5,0.02,50.0,42,QAUR,-0.010444895237557428,0.0
MG_L5_T2_C50,5,0.02,50.0,43,QAUR,0.017942362901918196,0.0
MG_L5_T2_C50,5,0.02,50.0,44,QAUR,0.002723071064718363,0.0
MG_L5_T2_C50,5,0.02,50.0,45,QAUR,0.005616986794801049,0.0
MG_L5_T2_C50,5,0.02,50.0,46,QAUR,-0.0051928471453733804,0.0
MG_L5_T2_C50,5,0.02,50.0,47,QAUR,0.015899115969542077,0.0
MG_L5_T2_C50,5,0.02,50.0,48,QAUR,0.008838929570113452,0.0
MG_L5_T2_C50,5,0.02,50.0,49,QAUR,-0.0028341563297605843,0.0
MG_L5_T2_C50,5,0.02,50.0,50,QAUR,0.002852521743932801,0.0
MG_L5_T2_C50,5,0.02,50.0,51,QAUR,0.003953891849135083,0.0
MG_L5_T2_C50,5,0.02,50.0,52,QAUR,0.01768555963439611,0.0
MG_L5_T2_C100,5,0.02,100.0,0,AUR,-0.0146916657937608,0.0
MG_L5_T2_C100,5,0.02,100.0,1,AUR,0.03946266194728576,1.0
MG_L5_T2_C100,5,0.02,100.0,2,AUR,0.025502957086246836,1.0
MG_L5_T2_C100,5,0.02,100.0,3,AUR,0.01755057839889962,0.0
MG_L5_T2_C100,5,0.02,100.0,4,AUR,0.026194978246015577,1.0
MG_L5_T2_C100,5,0.02,100.0,5,AUR,-0.0043745739715057574,0.0
MG_L5_T2_C100,5,0.02,100.0,6,AUR,-0.056408220021703426,0.0
MG_L5_T2_C100,5,0.02,100.0,7,AUR,0.01897363099426297,0.0
MG_L5_T2_C100,5,0.02,100.0,8,AUR,0.1271509472446446,1.0
MG_L5_T2_C100,5,0.02,100.0,9,AUR,-0.004224413743872502,0.0
MG_L5_T2_C100,5,0.02,100.0,10,AUR,0.02310208647787726,1.0
MG_L5_T2_C100,5,0.02,100.0,11,AUR,-0.011858386669970411,0.0
MG_L5_T2_C100,5,0.02,100.0,12,AUR,-0.0009530657081779914,0.0
MG_L5_T2_C100,5,0.02,100.0,13,AUR,0.006422772522358233,0.0
MG_L5_T2_C100,5,0.02,100.0,14,AUR,0.06264687313945361,1.0
MG_L5_T2_C100,5,0.02,100.0,15,AUR,-0.02181903507011307,0.0
MG_L5_T2_C100,5,0.02,100.0,16,AUR,0.008487306136614192,0.0
MG_L5_T2_C100,5,0.02,100.0,17,AUR,0.027140205020959707,1.0
MG_L5_T2_C100,5,0.02,100.0,18,AUR,-0.03115221369109411,0.0
MG_L5_T2_C100,5,0.02,100.0,19,AUR,-0.0632626079919818,0.0
MG_L5_T2_C100,5,0.02,100.0,20,AUR,0.0053498850062765335,0.0
MG_L5_T2_C100,5,0.02,100.0,21,AUR,0.02613874508377778,1.0
MG_L5_T2_C100,5,0.02,100.0,22,AUR,0.0007190562613867968,0.0
MG_L5_T2_C100,5,0.02,100.0,23,AUR,0.01860180131763345,0.0
MG_L5_T2_C100,5,0.02,100.0,24,AUR,0.010739230602119232,0.0
MG_L5_T2_C100,5,0.02,100.0,25,AUR,0.023458065691576158,1.0
MG_L5_T2_C100,5,0.02,100.0,26,AUR,0.01225956609940071,0.0
MG_L5_T2_C100,5,0.02,100.0,27,AUR,-0.00038186030910236646,0.0
MG_L5_T2_C100,5,0.02,100.0,28,AUR,-0.019279401713892308,0.0
MG_L5_T2_C100,5,0.02,100.0,29,AUR,-0.002538925146429394,0.0
MG_L5_T2_C100,5,0.02,100.0,30,AUR,0.011540812314821736,0.0
MG_L5_T2_C100,5,0.02,100.0,31,AUR,0.010652513242392248,0.0
MG_L5_T2_C100,5,0.02,100.0,32,AUR,0.009695412550585703,0.0
MG_L5_T2_C100,5,0.02,100.0,33,AUR,0.0050043277812834575,0.0
MG_L5_T2_C100,5,0.02,100.0,34,AUR,0.005405396598454404,0.0
MG_L5_T2_C100,5,0.02,100.0,35,AUR,0.011224677009441741,0.0
MG_L5_T2_C100,5,0.02,100.0,36,AUR,-0.009411245963490411,0.0
MG_L5_T2_C100,5,0.02,100.0,37,AUR,0.029153130045441067,1.0
MG_L5_T2_C100,5,0.02,100.0,38,AUR,0.015075310679780962,0.0
MG_L5_T2_C100,5,0.02,100.0,39,AUR,0.0062151403831272045,0.0
MG_L5_T2_C100,5,0.02,100.0,40,AUR,0.0048314307987373795,0.0
MG_L5_T2_C100,5,0.02,100.0,41,AUR,0.025885756648053038,1.0
MG_L5_T2_C100,5,0.02,100.0,42,AUR,-0.010444895237557428,0.0
MG_L5_T2_C100,5,0.02,100.0,43,AUR,0.017942362901918196,0.0
MG_L5_T2_C100,5,0.02,100.0,44,AUR,0.002723071064718363,0.0
MG_L5_T2_C100,5,0.02,100.0,45,AUR,0.005616986794801049,0.0
MG_L5_T2_C100,5,0.02,100.0,46,AUR,-0.0051928471453733804,0.0
MG_L5_T2_C100,5,0.02,100.0,47,AUR,0.015899115969542077,0.0
MG_L5_T2_C100,5,0.02,100.0,48,AUR,0.008838929570113452,0.0
MG_L5_T2_C100,5,0.02,100.0,49,AUR,-0.0028341563297605843,0.0
MG_L5_T2_C100,5,0.02,100.0,50,AUR,0.002852521743932801,0.0
MG_L5_T2_C100,5,0.02,100.0,51,AUR,0.003953891849135083,0.0
MG_L5_T2_C100,5,0.02,100.0,52,AUR,0.01768555963439611,0.0
MG_L5_T2_C100,5,0.02,100.0,0,QAUR,-0.0146916657937608,0.0
MG_L5_T2_C100,5,0.02,100.0,1,QAUR,0.03946266194728576,1.0
MG_L5_T2_C100,5,0.02,100.0,2,QAUR,0.025502957086246836,1.0
MG_L5_T2_C100,5,0.02,100.0,3,QAUR,0.01755057839889962,0.0
MG_L5_T2_C100,5,0.02,100.0,4,QAUR,0.026194978246015577,1.0
MG_L5_T2_C100,5,0.02,100.0,5,QAUR,-0.0043745739715057574,0.0
MG_L5_T2_C100,5,0.02,100.0,6,QAUR,-0.056408220021703426,0.0
MG_L5_T2_C100,5,0.02,100.0,7,QAUR,0.01897363099426297,0.0
MG_L5_T2_C100,5,0.02,100.0,8,QAUR,0.1271509472446446,1.0
MG_L5_T2_C100,5,0.02,100.0,9,QAUR,-0.004224413743872502,0.0
MG_L5_T2_C100,5,0.02,100.0,10,QAUR,0.02310208647787726,1.0
MG_L5_T2_C100,5,0.02,100.0,11,QAUR,-0.011858386669970411,0.0
MG_L5_T2_C100,5,0.02,100.0,12,QAUR,-0.0009530657081779914,0.0
MG_L5_T2_C100,5,0.02,100.0,13,QAUR,0.006422772522358233,0.0
MG_L5_T2_C100,5,0.02,100.0,14,QAUR,0.06264687313945361,1.0
MG_L5_T2_C100,5,0.02,100.0,15,QAUR,-0.02181903507011307,0.0
MG_L5_T2_C100,5,0.02,100.0,16,QAUR,0.008487306136614192,0.0
MG_L5_T2_C100,5,0.02,100.0,17,QAUR,0.027140205020959707,1.0
MG_L5_T2_C100,5,0.02,100.0,18,QAUR,-0.03115221369109411,0.0
MG_L5_T2_C100,5,0.02,100.0,19,QAUR,-0.0632626079919818,0.0
MG_L5_T2_C100,5,0.02,100.0,20,QAUR,0.0053498850062765335,0.0
MG_L5_T2_C100,5,0.02,100.0,21,QAUR,0.02613874508377778,1.0
MG_L5_T2_C100,5,0.02,100.0,22,QAUR,0.0007190562613867968,0.0
MG_L5_T2_C100,5,0.02,100.0,23,QAUR,0.01860180131763345,0.0
MG_L5_T2_C100,5,0.02,100.0,24,QAUR,0.010739230602119232,0.0
MG_L5_T2_C100,5,0.02,100.0,25,QAUR,0.023458065691576158,1.0
MG_L5_T2_C100,5,0.02,100.0,26,QAUR,0.01225956609940071,0.0
MG_L5_T2_C100,5,0.02,100.0,27,QAUR,-0.00038186030910236646,0.0
MG_L5_T2_C100,5,0.02,100.0,28,QAUR,-0.019279401713892308,0.0
MG_L5_T2_C100,5,0.02,100.0,29,QAUR,-0.002538925146429394,0.0
MG_L5_T2_C100,5,0.02,100.0,30,QAUR,0.011540812314821736,0.0
MG_L5_T2_C100,5,0.02,100.0,31,QAUR,0.010652513242392248,0.0
MG_L5_T2_C100,5,0.02,100.0,32,QAUR,0.009695412550585703,0.0
MG_L5_T2_C100,5,0.02,100.0,33,QAUR,0.0050043277812834575,0.0
MG_L5_T2_C100,5,0.02,100.0,34,QAUR,0.005405396598454404,0.0
MG_L5_T2_C100,5,0.02,100.0,35,QAUR,0.011224677009441741,0.0
MG_L5_T2_C100,5,0.02,100.0,36,QAUR,-0.009411245963490411,0.0
MG_L5_T2_C100,5,0.02,100.0,37,QAUR,0.029153130045441067,1.0
MG_L5_T2_C100,5,0.02,100.0,38,QAUR,0.015075310679780962,0.0
MG_L5_T2_C100,5,0.02,100.0,39,QAUR,0.0062151403831272045,0.0
MG_L5_T2_C100,5,0.02,100.0,40,QAUR,0.0048314307987373795,0.0
MG_L5_T2_C100,5,0.02,100.0,41,QAUR,0.025885756648053038,1.0
MG_L5_T2_C100,5,0.02,100.0,42,QAUR,-0.010444895237557428,0.0
MG_L5_T2_C100,5,0.02,100.0,43,QAUR,0.017942362901918196,0.0
MG_L5_T2_C100,5,0.02,100.0,44,QAUR,0.002723071064718363,0.0
MG_L5_T2_C100,5,0.02,100.0,45,QAUR,0.005616986794801049,0.0
MG_L5_T2_C100,5,0.02,100.0,46,QAUR,-0.0051928471453733804,0.0
MG_L5_T2_C100,5,0.02,100.0,47,QAUR,0.015899115969542077,0.0
MG_L5_T2_C100,5,0.02,100.0,48,QAUR,0.008838929570113452,0.0
MG_L5_T2_C100,5,0.02,100.0,49,QAUR,-0.0028341563297605843,0.0
MG_L5_T2_C100,5,0.02,100.0,50,QAUR,0.002852521743932801,0.0
MG_L5_T2_C100,5,0.02,100.0,51,QAUR,0.003953891849135083,0.0
MG_L5_T2_C100,5,0.02,100.0,52,QAUR,0.01768555963439611,0.0
MG_L10_T-2_C0,10,-0.02,0.0,0,AUR,0.022221277009938367,1.0
MG_L10_T-2_C0,10,-0.02,0.0,1,AUR,-0.09480684728788336,0.0
MG_L10_T-2_C0,10,-0.02,0.0,2,AUR,0.037309782624986854,1.0
MG_L10_T-2_C0,10,-0.02,0.0,3,AUR,0.006446073620553161,1.0
MG_L10_T-2_C0,10,-0.02,0.0,4,AUR,0.03834704706258907,1.0
MG_L10_T-2_C0,10,-0.02,0.0,5,AUR,-0.0036040692020918863,1.0
MG_L10_T-2_C0,10,-0.02,0.0,6,AUR,-0.07381937464527344,0.0
MG_L10_T-2_C0,10,-0.02,0.0,7,AUR,-0.08673213446256589,0.0
MG_L10_T-2_C0,10,-0.02,0.0,8,AUR,0.1567477717346799,1.0
MG_L10_T-2_C0,10,-0.02,0.0,9,AUR,-0.0536092396530885,0.0
MG_L10_T-2_C0,10,-0.02,0.0,10,AUR,0.04502457637314716,1.0
MG_L10_T-2_C0,10,-0.02,0.0,11,AUR,0.018971620616144325,1.0
MG_L10_T-2_C0,10,-0.02,0.0,12,AUR,-0.008910132226194412,1.0
MG_L10_T-2_C0,10,-0.02,0.0,13,AUR,0.007622413219785296,1.0
MG_L10_T-2_C0,10,-0.02,0.0,14,AUR,0.07249147002692324,1.0
MG_L10_T-2_C0,10,-0.02,0.0,15,AUR,-0.004126820566626832,1.0
MG_L10_T-2_C0,10,-0.02,0.0,16,AUR,0.018893932936332014,1.0
MG_L10_T-2_C0,10,-0.02,0.0,17,AUR,-0.01646238769271202,1.0
MG_L10_T-2_C0,10,-0.02,0.0,18,AUR,-0.04983808403939605,0.0
MG_L10_T-2_C0,10,-0.02,0.0,19,AUR,-0.07153041506468505,0.0
MG_L10_T-2_C0,10,-0.02,0.0,20,AUR,0.007958428731458023,1.0
MG_L10_T-2_C0,10,-0.02,0.0,21,AUR,0.02844991323536905,1.0
MG_L10_T-2_C0,10,-0.02,0.0,22,AUR,-0.00015235533638713328,1.0
MG_L10_T-2_C0,10,-0.02,0.0,23,AUR,0.02530012449949237,1.0
MG_L10_T-2_C0,10,-0.02,0.0,24,AUR,0.019704591543296957,1.0
MG_L10_T-2_C0,10,-0.02,0.0,25,AUR,-0.040234629361876495,0.0
MG_L10_T-2_C0,10,-0.02,0.0,26,AUR,0.021172061998056435,1.0
MG_L10_T-2_C0,10,-0.02,0.0,27,AUR,-0.0035846388568444576,1.0
MG_L10_T-2_C0,10,-0.02,0.0,28,AUR,-0.05810515029247898,0.0
MG_L10_T-2_C0,10,-0.02,0.0,29,AUR,0.0019735373273159773,1.0
MG_L10_T-2_C0,10,-0.02,0.0,30,AUR,0.015199074177126182,1.0
MG_L10_T-2_C0,10,-0.02,0.0,31,AUR,-5.602109090485641e-05,1.0
MG_L10_T-2_C0,10,-0.02,0.0,32,AUR,0.020231252605535932,1.0
MG_L10_T-2_C0,10,-0.02,0.0,33,AUR,0.019478489744715333,1.0
MG_L10_T-2_C0,10,-0.02,0.0,34,AUR,0.014849482370904665,1.0
MG_L10_T-2_C0,10,-0.02,0.0,35,AUR,0.03815200036570077,1.0
MG_L10_T-2_C0,10,-0.02,0.0,36,AUR,-0.0057411287987731985,1.0
MG_L10_T-2_C0,10,-0.02,0.0,37,AUR,0.01475772666909192,1.0
MG_L10_T-2_C0,10,-0.02,0.0,38,AUR,0.02152885007329086,1.0
MG_L10_T-2_C0,10,-0.02,0.0,39,AUR,0.007142675700425372,1.0
MG_L10_T-2_C0,10,-0.02,0.0,40,AUR,0.02305433466188167,1.0
MG_L10_T-2_C0,10,-0.02,0.0,41,AUR,0.004780067860613801,1.0
MG_L10_T-2_C0,10,-0.02,0.0,42,AUR,-0.012616246752197746,1.0
MG_L10_T-2_C0,10,-0.02,0.0,43,AUR,-0.003975598907737021,1.0
MG_L10_T-2_C0,10,-0.02,0.0,44,AUR,0.0028192661541355246,1.0
MG_L10_T-2_C0,10,-0.02,0.0,45,AUR,0.007970925304971788,1.0
MG_L10_T-2_C0,10,-0.02,0.0,46,AUR,0.0011254035944787688,1.0
MG_L10_T-2_C0,10,-0.02,0.0,47,AUR,0.029188662445100544,1.0
MG_L10_T-2_C0,10,-0.02,0.0,48,AUR,-0.0011439371081541916,1.0
MG_L10_T-2_C0,10,-0.02,0.0,49,AUR,0.001648315700812919,1.0
MG_L10_T-2_C0,10,-0.02,0.0,50,AUR,-0.012079041093308485,1.0
MG_L10_T-2_C0,10,-0.02,0.0,51,AUR,-0.004127759204843762,1.0
MG_L10_T-2_C0,10,-0.02,0.0,52,AUR,-0.016605569663335706,1.0
MG_L10_T-2_C0,10,-0.02,0.0,0,QAUR,0.022221277009938367,1.0
MG_L10_T-2_C0,10,-0.02,0.0,1,QAUR,-0.09480684728788336,0.0
MG_L10_T-2_C0,10,-0.02,0.0,2,QAUR,0.037309782624986854,1.0
MG_L10_T-2_C0,10,-0.02,0.0,3,QAUR,0.006446073620553161,1.0
MG_L10_T-2_C0,10,-0.02,0.0,4,QAUR,0.03834704706258907,1.0
MG_L10_T-2_C0,10,-0.02,0.0,5,QAUR,-0.0036040692020918863,1.0
MG_L10_T-2_C0,10,-0.02,0.0,6,QAUR,-0.07381937464527344,0.0
MG_L10_T-2_C0,10,-0.02,0.0,7,QAUR,-0.08673213446256589,0.0
MG_L10_T-2_C0,10,-0.02,0.0,8,QAUR,0.1567477717346799,1.0
MG_L10_T-2_C0,10,-0.02,0.0,9,QAUR,-0.0536092396530885,0.0
MG_L10_T-2_C0,10,-0.02,0.0,10,QAUR,0.04502457637314716,1.0
MG_L10_T-2_C0,10,-0.02,0.0,11,QAUR,0.018971620616144325,1.0
MG_L10_T-2_C0,10,-0.02,0.0,12,QAUR,-0.008910132226194412,1.0
MG_L10_T-2_C0,10,-0.02,0.0,13,QAUR,0.007622413219785296,1.0
MG_L10_T-2_C0,10,-0.02,0.0,14,QAUR,0.07249147002692324,1.0
MG_L10_T-2_C0,10,-0.02,0.0,15,QAUR,-0.004126820566626832,1.0
MG_L10_T-2_C0,10,-0.02,0.0,16,QAUR,0.018893932936332014,1.0
MG_L10_T-2_C0,10,-0.02,0.0,17,QAUR,-0.01646238769271202,1.0
MG_L10_T-2_C0,10,-0.02,0.0,18,QAUR,-0.04983808403939605,0.0
MG_L10_T-2_C0,10,-0.02,0.0,19,QAUR,-0.07153041506468505,0.0
MG_L10_T-2_C0,10,-0.02,0.0,20,QAUR,0.007958428731458023,1.0
MG_L10_T-2_C0,10,-0.02,0.0,21,QAUR,0.02844991323536905,1.0
MG_L10_T-2_C0,10,-0.02,0.0,22,QAUR,-0.00015235533638713328,1.0
MG_L10_T-2_C0,10,-0.02,0.0,23,QAUR,0.02530012449949237,1.0
MG_L10_T-2_C0,10,-0.02,0.0,24,QAUR,0.019704591543296957,1.0
MG_L10_T-2_C0,10,-0.02,0.0,25,QAUR,-0.040234629361876495,0.0
MG_L10_T-2_C0,10,-0.02,0.0,26,QAUR,0.021172061998056435,1.0
MG_L10_T-2_C0,10,-0.02,0.0,27,QAUR,-0.0035846388568444576,1.0
MG_L10_T-2_C0,10,-0.02,0.0,28,QAUR,-0.05810515029247898,0.0
MG_L10_T-2_C0,10,-0.02,0.0,29,QAUR,0.0019735373273159773,1.0
MG_L10_T-2_C0,10,-0.02,0.0,30,QAUR,0.015199074177126182,1.0
MG_L10_T-2_C0,10,-0.02,0.0,31,QAUR,-5.602109090485641e-05,1.0
MG_L10_T-2_C0,10,-0.02,0.0,32,QAUR,0.020231252605535932,1.0
MG_L10_T-2_C0,10,-0.02,0.0,33,QAUR,0.019478489744715333,1.0
MG_L10_T-2_C0,10,-0.02,0.0,34,QAUR,0.014849482370904665,1.0
MG_L10_T-2_C0,10,-0.02,0.0,35,QAUR,0.03815200036570077,1.0
MG_L10_T-2_C0,10,-0.02,0.0,36,QAUR,-0.0057411287987731985,1.0
MG_L10_T-2_C0,10,-0.02,0.0,37,QAUR,0.01475772666909192,1.0
MG_L10_T-2_C0,10,-0.02,0.0,38,QAUR,0.02152885007329086,1.0
MG_L10_T-2_C0,10,-0.02,0.0,39,QAUR,0.007142675700425372,1.0
MG_L10_T-2_C0,10,-0.02,0.0,40,QAUR,0.02305433466188167,1.0
MG_L10_T-2_C0,10,-0.02,0.0,41,QAUR,0.004780067860613801,1.0
MG_L10_T-2_C0,10,-0.02,0.0,42,QAUR,-0.012616246752197746,1.0
MG_L10_T-2_C0,10,-0.02,0.0,43,QAUR,-0.003975598907737021,1.0
MG_L10_T-2_C0,10,-0.02,0.0,44,QAUR,0.0028192661541355246,1.0
MG_L10_T-2_C0,10,-0.02,0.0,45,QAUR,0.007970925304971788,1.0
MG_L10_T-2_C0,10,-0.02,0.0,46,QAUR,0.0011254035944787688,1.0
MG_L10_T-2_C0,10,-0.02,0.0,47,QAUR,0.029188662445100544,1.0
MG_L10_T-2_C0,10,-0.02,0.0,48,QAUR,-0.0011439371081541916,1.0
MG_L10_T-2_C0,10,-0.02,0.0,49,QAUR,0.001648315700812919,1.0
MG_L10_T-2_C0,10,-0.02,0.0,50,QAUR,-0.012079041093308485,1.0
MG_L10_T-2_C0,10,-0.02,0.0,51,QAUR,-0.004127759204843762,1.0
MG_L10_T-2_C0,10,-0.02,0.0,52,QAUR,-0.016605569663335706,1.0
MG_L10_T-2_C25,10,-0.02,25.0,0,AUR,0.022221277009938367,1.0
MG_L10_T-2_C25,10,-0.02,25.0,1,AUR,-0.09480684728788336,0.0
MG_L10_T-2_C25,10,-0.02,25.0,2,AUR,0.037309782624986854,1.0
MG_L10_T-2_C25,10,-0.02,25.0,3,AUR,0.006446073620553161,1.0
MG_L10_T-2_C25,10,-0.02,25.0,4,AUR,0.03834704706258907,1.0
MG_L10_T-2_C25,10,-0.02,25.0,5,AUR,-0.0036040692020918863,1.0
MG_L10_T-2_C25,10,-0.02,25.0,6,AUR,-0.07381937464527344,0.0
MG_L10_T-2_C25,10,-0.02,25.0,7,AUR,-0.08673213446256589,0.0
MG_L10_T-2_C25,10,-0.02,25.0,8,AUR,0.1567477717346799,1.0
MG_L10_T-2_C25,10,-0.02,25.0,9,AUR,-0.0536092396530885,0.0
MG_L10_T-2_C25,10,-0.02,25.0,10,AUR,0.04502457637314716,1.0
MG_L10_T-2_C25,10,-0.02,25.0,11,AUR,0.018971620616144325,1.0
MG_L10_T-2_C25,10,-0.02,25.0,12,AUR,-0.008910132226194412,1.0
MG_L10_T-2_C25,10,-0.02,25.0,13,AUR,0.007622413219785296,1.0
MG_L10_T-2_C25,10,-0.02,25.0,14,AUR,0.07249147002692324,1.0
MG_L10_T-2_C25,10,-0.02,25.0,15,AUR,-0.004126820566626832,1.0
MG_L10_T-2_C25,10,-0.02,25.0,16,AUR,0.018893932936332014,1.0
MG_L10_T-2_C25,10,-0.02,25.0,17,AUR,-0.01646238769271202,1.0
MG_L10_T-2_C25,10,-0.02,25.0,18,AUR,-0.04983808403939605,0.0
MG_L10_T-2_C25,10,-0.02,25.0,19,AUR,-0.07153041506468505,0.0
MG_L10_T-2_C25,10,-0.02,25.0,20,AUR,0.007958428731458023,1.0
MG_L10_T-2_C25,10,-0.02,25.0,21,AUR,0.02844991323536905,1.0
MG_L10_T-2_C25,10,-0.02,25.0,22,AUR,-0.00015235533638713328,1.0
MG_L10_T-2_C25,10,-0.02,25.0,23,AUR,0.02530012449949237,1.0
MG_L10_T-2_C25,10,-0.02,25.0,24,AUR,0.019704591543296957,1.0
MG_L10_T-2_C25,10,-0.02,25.0,25,AUR,-0.040234629361876495,0.0
MG_L10_T-2_C25,10,-0.02,25.0,26,AUR,0.021172061998056435,1.0
MG_L10_T-2_C25,10,-0.02,25.0,27,AUR,-0.0035846388568444576,1.0
MG_L10_T-2_C25,10,-0.02,25.0,28,AUR,-0.05810515029247898,0.0
MG_L10_T-2_C25,10,-0.02,25.0,29,AUR,0.0019735373273159773,1.0
MG_L10_T-2_C25,10,-0.02,25.0,30,AUR,0.015199074177126182,1.0
MG_L10_T-2_C25,10,-0.02,25.0,31,AUR,-5.602109090485641e-05,1.0
MG_L10_T-2_C25,10,-0.02,25.0,32,AUR,0.020231252605535932,1.0
MG_L10_T-2_C25,10,-0.02,25.0,33,AUR,0.019478489744715333,1.0
MG_L10_T-2_C25,10,-0.02,25.0,34,AUR,0.014849482370904665,1.0
MG_L10_T-2_C25,10,-0.02,25.0,35,AUR,0.03815200036570077,1.0
MG_L10_T-2_C25,10,-0.02,25.0,36,AUR,-0.0057411287987731985,1.0
MG_L10_T-2_C25,10,-0.02,25.0,37,AUR,0.01475772666909192,1.0
MG_L10_T-2_C25,10,-0.02,25.0,38,AUR,0.02152885007329086,1.0
MG_L10_T-2_C25,10,-0.02,25.0,39,AUR,0.007142675700425372,1.0
MG_L10_T-2_C25,10,-0.02,25.0,40,AUR,0.02305433466188167,1.0
MG_L10_T-2_C25,10,-0.02,25.0,41,AUR,0.004780067860613801,1.0
MG_L10_T-2_C25,10,-0.02,25.0,42,AUR,-0.012616246752197746,1.0
MG_L10_T-2_C25,10,-0.02,25.0,43,AUR,-0.003975598907737021,1.0
MG_L10_T-2_C25,10,-0.02,25.0,44,AUR,0.0028192661541355246,1.0
MG_L10_T-2_C25,10,-0.02,25.0,45,AUR,0.007970925304971788,1.0
MG_L10_T-2_C25,10,-0.02,25.0,46,AUR,0.0011254035944787688,1.0
MG_L10_T-2_C25,10,-0.02,25.0,47,AUR,0.029188662445100544,1.0
MG_L10_T-2_C25,10,-0.02,25.0,48,AUR,-0.0011439371081541916,1.0
MG_L10_T-2_C25,10,-0.02,25.0,49,AUR,0.001648315700812919,1.0
MG_L10_T-2_C25,10,-0.02,25.0,50,AUR,-0.012079041093308485,1.0
MG_L10_T-2_C25,10,-0.02,25.0,51,AUR,-0.004127759204843762,1.0
MG_L10_T-2_C25,10,-0.02,25.0,52,AUR,-0.016605569663335706,1.0
MG_L10_T-2_C25,10,-0.02,25.0,0,QAUR,0.022221277009938367,1.0
MG_L10_T-2_C25,10,-0.02,25.0,1,QAUR,-0.09480684728788336,0.0
MG_L10_T-2_C25,10,-0.02,25.0,2,QAUR,0.037309782624986854,1.0
MG_L10_T-2_C25,10,-0.02,25.0,3,QAUR,0.006446073620553161,1.0
MG_L10_T-2_C25,10,-0.02,25.0,4,QAUR,0.03834704706258907,1.0
MG_L10_T-2_C25,10,-0.02,25.0,5,QAUR,-0.0036040692020918863,1.0
MG_L10_T-2_C25,10,-0.02,25.0,6,QAUR,-0.07381937464527344,0.0
MG_L10_T-2_C25,10,-0.02,25.0,7,QAUR,-0.08673213446256589,0.0
MG_L10_T-2_C25,10,-0.02,25.0,8,QAUR,0.1567477717346799,1.0
MG_L10_T-2_C25,10,-0.02,25.0,9,QAUR,-0.0536092396530885,0.0
MG_L10_T-2_C25,10,-0.02,25.0,10,QAUR,0.04502457637314716,1.0
MG_L10_T-2_C25,10,-0.02,25.0,11,QAUR,0.018971620616144325,1.0
MG_L10_T-2_C25,10,-0.02,25.0,12,QAUR,-0.008910132226194412,1.0
MG_L10_T-2_C25,10,-0.02,25.0,13,QAUR,0.007622413219785296,1.0
MG_L10_T-2_C25,10,-0.02,25.0,14,QAUR,0.07249147002692324,1.0
MG_L10_T-2_C25,10,-0.02,25.0,15,QAUR,-0.004126820566626832,1.0
MG_L10_T-2_C25,10,-0.02,25.0,16,QAUR,0.018893932936332014,1.0
MG_L10_T-2_C25,10,-0.02,25.0,17,QAUR,-0.01646238769271202,1.0
MG_L10_T-2_C25,10,-0.02,25.0,18,QAUR,-0.04983808403939605,0.0
MG_L10_T-2_C25,10,-0.02,25.0,19,QAUR,-0.07153041506468505,0.0
MG_L10_T-2_C25,10,-0.02,25.0,20,QAUR,0.007958428731458023,1.0
MG_L10_T-2_C25,10,-0.02,25.0,21,QAUR,0.02844991323536905,1.0
MG_L10_T-2_C25,10,-0.02,25.0,22,QAUR,-0.00015235533638713328,1.0
MG_L10_T-2_C25,10,-0.02,25.0,23,QAUR,0.02530012449949237,1.0
MG_L10_T-2_C25,10,-0.02,25.0,24,QAUR,0.019704591543296957,1.0
MG_L10_T-2_C25,10,-0.02,25.0,25,QAUR,-0.040234629361876495,0.0
MG_L10_T-2_C25,10,-0.02,25.0,26,QAUR,0.021172061998056435,1.0
MG_L10_T-2_C25,10,-0.02,25.0,27,QAUR,-0.0035846388568444576,1.0
MG_L10_T-2_C25,10,-0.02,25.0,28,QAUR,-0.05810515029247898,0.0
MG_L10_T-2_C25,10,-0.02,25.0,29,QAUR,0.0019735373273159773,1.0
MG_L10_T-2_C25,10,-0.02,25.0,30,QAUR,0.015199074177126182,1.0
MG_L10_T-2_C25,10,-0.02,25.0,31,QAUR,-5.602109090485641e-05,1.0
MG_L10_T-2_C25,10,-0.02,25.0,32,QAUR,0.020231252605535932,1.0
MG_L10_T-2_C25,10,-0.02,25.0,33,QAUR,0.019478489744715333,1.0
MG_L10_T-2_C25,10,-0.02,25.0,34,QAUR,0.014849482370904665,1.0
MG_L10_T-2_C25,10,-0.02,25.0,35,QAUR,0.03815200036570077,1.0
MG_L10_T-2_C25,10,-0.02,25.0,36,QAUR,-0.0057411287987731985,1.0
MG_L10_T-2_C25,10,-0.02,25.0,37,QAUR,0.01475772666909192,1.0
MG_L10_T-2_C25,10,-0.02,25.0,38,QAUR,0.02152885007329086,1.0
MG_L10_T-2_C25,10,-0.02,25.0,39,QAUR,0.007142675700425372,1.0
MG_L10_T-2_C25,10,-0.02,25.0,40,QAUR,0.02305433466188167,1.0
MG_L10_T-2_C25,10,-0.02,25.0,41,QAUR,0.004780067860613801,1.0
MG_L10_T-2_C25,10,-0.02,25.0,42,QAUR,-0.012616246752197746,1.0
MG_L10_T-2_C25,10,-0.02,25.0,43,QAUR,-0.003975598907737021,1.0
MG_L10_T-2_C25,10,-0.02,25.0,44,QAUR,0.0028192661541355246,1.0
MG_L10_T-2_C25,10,-0.02,25.0,45,QAUR,0.007970925304971788,1.0
MG_L10_T-2_C25,10,-0.02,25.0,46,QAUR,0.0011254035944787688,1.0
MG_L10_T-2_C25,10,-0.02,25.0,47,QAUR,0.029188662445100544,1.0
MG_L10_T-2_C25,10,-0.02,25.0,48,QAUR,-0.0011439371081541916,1.0
MG_L10_T-2_C25,10,-0.02,25.0,49,QAUR,0.001648315700812919,1.0
MG_L10_T-2_C25,10,-0.02,25.0,50,QAUR,-0.012079041093308485,1.0
MG_L10_T-2_C25,10,-0.02,25.0,51,QAUR,-0.004127759204843762,1.0
MG_L10_T-2_C25,10,-0.02,25.0,52,QAUR,-0.016605569663335706,1.0
MG_L10_T-2_C50,10,-0.02,50.0,0,AUR,0.022221277009938367,1.0
MG_L10_T-2_C50,10,-0.02,50.0,1,AUR,-0.09480684728788336,0.0
MG_L10_T-2_C50,10,-0.02,50.0,2,AUR,0.037309782624986854,1.0
MG_L10_T-2_C50,10,-0.02,50.0,3,AUR,0.006446073620553161,1.0
MG_L10_T-2_C50,10,-0.02,50.0,4,AUR,0.03834704706258907,1.0
MG_L10_T-2_C50,10,-0.02,50.0,5,AUR,-0.0036040692020918863,1.0
MG_L10_T-2_C50,10,-0.02,50.0,6,AUR,-0.07381937464527344,0.0
MG_L10_T-2_C50,10,-0.02,50.0,7,AUR,-0.08673213446256589,0.0
MG_L10_T-2_C50,10,-0.02,50.0,8,AUR,0.1567477717346799,1.0
MG_L10_T-2_C50,10,-0.02,50.0,9,AUR,-0.0536092396530885,0.0
MG_L10_T-2_C50,10,-0.02,50.0,10,AUR,0.04502457637314716,1.0
MG_L10_T-2_C50,10,-0.02,50.0,11,AUR,0.018971620616144325,1.0
MG_L10_T-2_C50,10,-0.02,50.0,12,AUR,-0.008910132226194412,1.0
MG_L10_T-2_C50,10,-0.02,50.0,13,AUR,0.007622413219785296,1.0
MG_L10_T-2_C50,10,-0.02,50.0,14,AUR,0.07249147002692324,1.0
MG_L10_T-2_C50,10,-0.02,50.0,15,AUR,-0.004126820566626832,1.0
MG_L10_T-2_C50,10,-0.02,50.0,16,AUR,0.018893932936332014,1.0
MG_L10_T-2_C50,10,-0.02,50.0,17,AUR,-0.01646238769271202,1.0
MG_L10_T-2_C50,10,-0.02,50.0,18,AUR,-0.04983808403939605,0.0
MG_L10_T-2_C50,10,-0.02,50.0,19,AUR,-0.07153041506468505,0.0
MG_L10_T-2_C50,10,-0.02,50.0,20,AUR,0.007958428731458023,1.0
MG_L10_T-2_C50,10,-0.02,50.0,21,AUR,0.02844991323536905,1.0
MG_L10_T-2_C50,10,-0.02,50.0,22,AUR,-0.00015235533638713328,1.0
MG_L10_T-2_C50,10,-0.02,50.0,23,AUR,0.02530012449949237,1.0
MG_L10_T-2_C50,10,-0.02,50.0,24,AUR,0.019704591543296957,1.0
MG_L10_T-2_C50,10,-0.02,50.0,25,AUR,-0.040234629361876495,0.0
MG_L10_T-2_C50,10,-0.02,50.0,26,AUR,0.021172061998056435,1.0
MG_L10_T-2_C50,10,-0.02,50.0,27,AUR,-0.0035846388568444576,1.0
MG_L10_T-2_C50,10,-0.02,50.0,28,AUR,-0.05810515029247898,0.0
MG_L10_T-2_C50,10,-0.02,50.0,29,AUR,0.0019735373273159773,1.0
MG_L10_T-2_C50,10,-0.02,50.0,30,AUR,0.015199074177126182,1.0
MG_L10_T-2_C50,10,-0.02,50.0,31,AUR,-5.602109090485641e-05,1.0
MG_L10_T-2_C50,10,-0.02,50.0,32,AUR,0.020231252605535932,1.0
MG_L10_T-2_C50,10,-0.02,50.0,33,AUR,0.019478489744715333,1.0
MG_L10_T-2_C50,10,-0.02,50.0,34,AUR,0.014849482370904665,1.0
MG_L10_T-2_C50,10,-0.02,50.0,35,AUR,0.03815200036570077,1.0
MG_L10_T-2_C50,10,-0.02,50.0,36,AUR,-0.0057411287987731985,1.0
MG_L10_T-2_C50,10,-0.02,50.0,37,AUR,0.01475772666909192,1.0
MG_L10_T-2_C50,10,-0.02,50.0,38,AUR,0.02152885007329086,1.0
MG_L10_T-2_C50,10,-0.02,50.0,39,AUR,0.007142675700425372,1.0
MG_L10_T-2_C50,10,-0.02,50.0,40,AUR,0.02305433466188167,1.0
MG_L10_T-2_C50,10,-0.02,50.0,41,AUR,0.004780067860613801,1.0
MG_L10_T-2_C50,10,-0.02,50.0,42,AUR,-0.012616246752197746,1.0
MG_L10_T-2_C50,10,-0.02,50.0,43,AUR,-0.003975598907737021,1.0
MG_L10_T-2_C50,10,-0.02,50.0,44,AUR,0.0028192661541355246,1.0
MG_L10_T-2_C50,10,-0.02,50.0,45,AUR,0.007970925304971788,1.0
MG_L10_T-2_C50,10,-0.02,50.0,46,AUR,0.0011254035944787688,1.0
MG_L10_T-2_C50,10,-0.02,50.0,47,AUR,0.029188662445100544,1.0
MG_L10_T-2_C50,10,-0.02,50.0,48,AUR,-0.0011439371081541916,1.0
MG_L10_T-2_C50,10,-0.02,50.0,49,AUR,0.001648315700812919,1.0
MG_L10_T-2_C50,10,-0.02,50.0,50,AUR,-0.012079041093308485,1.0
MG_L10_T-2_C50,10,-0.02,50.0,51,AUR,-0.004127759204843762,1.0
MG_L10_T-2_C50,10,-0.02,50.0,52,AUR,-0.016605569663335706,1.0
MG_L10_T-2_C50,10,-0.02,50.0,0,QAUR,0.022221277009938367,1.0
MG_L10_T-2_C50,10,-0.02,50.0,1,QAUR,-0.09480684728788336,0.0
MG_L10_T-2_C50,10,-0.02,50.0,2,QAUR,0.037309782624986854,1.0
MG_L10_T-2_C50,10,-0.02,50.0,3,QAUR,0.006446073620553161,1.0
MG_L10_T-2_C50,10,-0.02,50.0,4,QAUR,0.03834704706258907,1.0
MG_L10_T-2_C50,10,-0.02,50.0,5,QAUR,-0.0036040692020918863,1.0
MG_L10_T-2_C50,10,-0.02,50.0,6,QAUR,-0.07381937464527344,0.0
MG_L10_T-2_C50,10,-0.02,50.0,7,QAUR,-0.08673213446256589,0.0
MG_L10_T-2_C50,10,-0.02,50.0,8,QAUR,0.1567477717346799,1.0
MG_L10_T-2_C50,10,-0.02,50.0,9,QAUR,-0.0536092396530885,0.0
MG_L10_T-2_C50,10,-0.02,50.0,10,QAUR,0.04502457637314716,1.0
MG_L10_T-2_C50,10,-0.02,50.0,11,QAUR,0.018971620616144325,1.0
MG_L10_T-2_C50,10,-0.02,50.0,12,QAUR,-0.008910132226194412,1.0
MG_L10_T-2_C50,10,-0.02,50.0,13,QAUR,0.007622413219785296,1.0
MG_L10_T-2_C50,10,-0.02,50.0,14,QAUR,0.07249147002692324,1.0
MG_L10_T-2_C50,10,-0.02,50.0,15,QAUR,-0.004126820566626832,1.0
MG_L10_T-2_C50,10,-0.02,50.0,16,QAUR,0.018893932936332014,1.0
MG_L10_T-2_C50,10,-0.02,50.0,17,QAUR,-0.01646238769271202,1.0
MG_L10_T-2_C50,10,-0.02,50.0,18,QAUR,-0.04983808403939605,0.0
MG_L10_T-2_C50,10,-0.02,50.0,19,QAUR,-0.07153041506468505,0.0
MG_L10_T-2_C50,10,-0.02,50.0,20,QAUR,0.007958428731458023,1.0
MG_L10_T-2_C50,10,-0.02,50.0,21,QAUR,0.02844991323536905,1.0
MG_L10_T-2_C50,10,-0.02,50.0,22,QAUR,-0.00015235533638713328,1.0
MG_L10_T-2_C50,10,-0.02,50.0,23,QAUR,0.02530012449949237,1.0
MG_L10_T-2_C50,10,-0.02,50.0,24,QAUR,0.019704591543296957,1.0
MG_L10_T-2_C50,10,-0.02,50.0,25,QAUR,-0.040234629361876495,0.0
MG_L10_T-2_C50,10,-0.02,50.0,26,QAUR,0.021172061998056435,1.0
MG_L10_T-2_C50,10,-0.02,50.0,27,QAUR,-0.0035846388568444576,1.0
MG_L10_T-2_C50,10,-0.02,50.0,28,QAUR,-0.05810515029247898,0.0
MG_L10_T-2_C50,10,-0.02,50.0,29,QAUR,0.0019735373273159773,1.0
MG_L10_T-2_C50,10,-0.02,50.0,30,QAUR,0.015199074177126182,1.0
MG_L10_T-2_C50,10,-0.02,50.0,31,QAUR,-5.602109090485641e-05,1.0
MG_L10_T-2_C50,10,-0.02,50.0,32,QAUR,0.020231252605535932,1.0
MG_L10_T-2_C50,10,-0.02,50.0,33,QAUR,0.019478489744715333,1.0
MG_L10_T-2_C50,10,-0.02,50.0,34,QAUR,0.014849482370904665,1.0
MG_L10_T-2_C50,10,-0.02,50.0,35,QAUR,0.03815200036570077,1.0
MG_L10_T-2_C50,10,-0.02,50.0,36,QAUR,-0.0057411287987731985,1.0
MG_L10_T-2_C50,10,-0.02,50.0,37,QAUR,0.01475772666909192,1.0
MG_L10_T-2_C50,10,-0.02,50.0,38,QAUR,0.02152885007329086,1.0
MG_L10_T-2_C50,10,-0.02,50.0,39,QAUR,0.007142675700425372,1.0
MG_L10_T-2_C50,10,-0.02,50.0,40,QAUR,0.02305433466188167,1.0
MG_L10_T-2_C50,10,-0.02,50.0,41,QAUR,0.004780067860613801,1.0
MG_L10_T-2_C50,10,-0.02,50.0,42,QAUR,-0.012616246752197746,1.0
MG_L10_T-2_C50,10,-0.02,50.0,43,QAUR,-0.003975598907737021,1.0
MG_L10_T-2_C50,10,-0.02,50.0,44,QAUR,0.0028192661541355246,1.0
MG_L10_T-2_C50,10,-0.02,50.0,45,QAUR,0.007970925304971788,1.0
MG_L10_T-2_C50,10,-0.02,50.0,46,QAUR,0.0011254035944787688,1.0
MG_L10_T-2_C50,10,-0.02,50.0,47,QAUR,0.029188662445100544,1.0
MG_L10_T-2_C50,10,-0.02,50.0,48,QAUR,-0.0011439371081541916,1.0
MG_L10_T-2_C50,10,-0.02,50.0,49,QAUR,0.001648315700812919,1.0
MG_L10_T-2_C50,10,-0.02,50.0,50,QAUR,-0.012079041093308485,1.0
MG_L10_T-2_C50,10,-0.02,50.0,51,QAUR,-0.004127759204843762,1.0
MG_L10_T-2_C50,10,-0.02,50.0,52,QAUR,-0.016605569663335706,1.0
MG_L10_T-2_C100,10,-0.02,100.0,0,AUR,0.022221277009938367,1.0
MG_L10_T-2_C100,10,-0.02,100.0,1,AUR,-0.09480684728788336,0.0
MG_L10_T-2_C100,10,-0.02,100.0,2,AUR,0.037309782624986854,1.0
MG_L10_T-2_C100,10,-0.02,100.0,3,AUR,0.006446073620553161,1.0
MG_L10_T-2_C100,10,-0.02,100.0,4,AUR,0.03834704706258907,1.0
MG_L10_T-2_C100,10,-0.02,100.0,5,AUR,-0.0036040692020918863,1.0
MG_L10_T-2_C100,10,-0.02,100.0,6,AUR,-0.07381937464527344,0.0
MG_L10_T-2_C100,10,-0.02,100.0,7,AUR,-0.08673213446256589,0.0
MG_L10_T-2_C100,10,-0.02,100.0,8,AUR,0.1567477717346799,1.0
MG_L10_T-2_C100,10,-0.02,100.0,9,AUR,-0.0536092396530885,0.0
MG_L10_T-2_C100,10,-0.02,100.0,10,AUR,0.04502457637314716,1.0
MG_L10_T-2_C100,10,-0.02,100.0,11,AUR,0.018971620616144325,1.0
MG_L10_T-2_C100,10,-0.02,100.0,12,AUR,-0.008910132226194412,1.0
MG_L10_T-2_C100,10,-0.02,100.0,13,AUR,0.007622413219785296,1.0
MG_L10_T-2_C100,10,-0.02,100.0,14,AUR,0.07249147002692324,1.0
MG_L10_T-2_C100,10,-0.02,100.0,15,AUR,-0.004126820566626832,1.0
MG_L10_T-2_C100,10,-0.02,100.0,16,AUR,0.018893932936332014,1.0
MG_L10_T-2_C100,10,-0.02,100.0,17,AUR,-0.01646238769271202,1.0
MG_L10_T-2_C100,10,-0.02,100.0,18,AUR,-0.04983808403939605,0.0
MG_L10_T-2_C100,10,-0.02,100.0,19,AUR,-0.07153041506468505,0.0
MG_L10_T-2_C100,10,-0.02,100.0,20,AUR,0.007958428731458023,1.0
MG_L10_T-2_C100,10,-0.02,100.0,21,AUR,0.02844991323536905,1.0
MG_L10_T-2_C100,10,-0.02,100.0,22,AUR,-0.00015235533638713328,1.0
MG_L10_T-2_C100,10,-0.02,100.0,23,AUR,0.02530012449949237,1.0
MG_L10_T-2_C100,10,-0.02,100.0,24,AUR,0.019704591543296957,1.0
MG_L10_T-2_C100,10,-0.02,100.0,25,AUR,-0.040234629361876495,0.0
MG_L10_T-2_C100,10,-0.02,100.0,26,AUR,0.021172061998056435,1.0
MG_L10_T-2_C100,10,-0.02,100.0,27,AUR,-0.0035846388568444576,1.0
MG_L10_T-2_C100,10,-0.02,100.0,28,AUR,-0.05810515029247898,0.0
MG_L10_T-2_C100,10,-0.02,100.0,29,AUR,0.0019735373273159773,1.0
MG_L10_T-2_C100,10,-0.02,100.0,30,AUR,0.015199074177126182,1.0
MG_L10_T-2_C100,10,-0.02,100.0,31,AUR,-5.602109090485641e-05,1.0
MG_L10_T-2_C100,10,-0.02,100.0,32,AUR,0.020231252605535932,1.0
MG_L10_T-2_C100,10,-0.02,100.0,33,AUR,0.019478489744715333,1.0
MG_L10_T-2_C100,10,-0.02,100.0,34,AUR,0.014849482370904665,1.0
MG_L10_T-2_C100,10,-0.02,100.0,35,AUR,0.03815200036570077,1.0
MG_L10_T-2_C100,10,-0.02,100.0,36,AUR,-0.0057411287987731985,1.0
MG_L10_T-2_C100,10,-0.02,100.0,37,AUR,0.01475772666909192,1.0
MG_L10_T-2_C100,10,-0.02,100.0,38,AUR,0.02152885007329086,1.0
MG_L10_T-2_C100,10,-0.02,100.0,39,AUR,0.007142675700425372,1.0
MG_L10_T-2_C100,10,-0.02,100.0,40,AUR,0.02305433466188167,1.0
MG_L10_T-2_C100,10,-0.02,100.0,41,AUR,0.004780067860613801,1.0
MG_L10_T-2_C100,10,-0.02,100.0,42,AUR,-0.012616246752197746,1.0
MG_L10_T-2_C100,10,-0.02,100.0,43,AUR,-0.003975598907737021,1.0
MG_L10_T-2_C100,10,-0.02,100.0,44,AUR,0.0028192661541355246,1.0
MG_L10_T-2_C100,10,-0.02,100.0,45,AUR,0.007970925304971788,1.0
MG_L10_T-2_C100,10,-0.02,100.0,46,AUR,0.0011254035944787688,1.0
MG_L10_T-2_C100,10,-0.02,100.0,47,AUR,0.029188662445100544,1.0
MG_L10_T-2_C100,10,-0.02,100.0,48,AUR,-0.0011439371081541916,1.0
MG_L10_T-2_C100,10,-0.02,100.0,49,AUR,0.001648315700812919,1.0
MG_L10_T-2_C100,10,-0.02,100.0,50,AUR,-0.012079041093308485,1.0
MG_L10_T-2_C100,10,-0.02,100.0,51,AUR,-0.004127759204843762,1.0
MG_L10_T-2_C100,10,-0.02,100.0,52,AUR,-0.016605569663335706,1.0
MG_L10_T-2_C100,10,-0.02,100.0,0,QAUR,0.022221277009938367,1.0
MG_L10_T-2_C100,10,-0.02,100.0,1,QAUR,-0.09480684728788336,0.0
MG_L10_T-2_C100,10,-0.02,100.0,2,QAUR,0.037309782624986854,1.0
MG_L10_T-2_C100,10,-0.02,100.0,3,QAUR,0.006446073620553161,1.0
MG_L10_T-2_C100,10,-0.02,100.0,4,QAUR,0.03834704706258907,1.0
MG_L10_T-2_C100,10,-0.02,100.0,5,QAUR,-0.0036040692020918863,1.0
MG_L10_T-2_C100,10,-0.02,100.0,6,QAUR,-0.07381937464527344,0.0
MG_L10_T-2_C100,10,-0.02,100.0,7,QAUR,-0.08673213446256589,0.0
MG_L10_T-2_C100,10,-0.02,100.0,8,QAUR,0.1567477717346799,1.0
MG_L10_T-2_C100,10,-0.02,100.0,9,QAUR,-0.0536092396530885,0.0
MG_L10_T-2_C100,10,-0.02,100.0,10,QAUR,0.04502457637314716,1.0
MG_L10_T-2_C100,10,-0.02,100.0,11,QAUR,0.018971620616144325,1.0
MG_L10_T-2_C100,10,-0.02,100.0,12,QAUR,-0.008910132226194412,1.0
MG_L10_T-2_C100,10,-0.02,100.0,13,QAUR,0.007622413219785296,1.0
MG_L10_T-2_C100,10,-0.02,100.0,14,QAUR,0.07249147002692324,1.0
MG_L10_T-2_C100,10,-0.02,100.0,15,QAUR,-0.004126820566626832,1.0
MG_L10_T-2_C100,10,-0.02,100.0,16,QAUR,0.018893932936332014,1.0
MG_L10_T-2_C100,10,-0.02,100.0,17,QAUR,-0.01646238769271202,1.0
MG_L10_T-2_C100,10,-0.02,100.0,18,QAUR,-0.04983808403939605,0.0
MG_L10_T-2_C100,10,-0.02,100.0,19,QAUR,-0.07153041506468505,0.0
MG_L10_T-2_C100,10,-0.02,100.0,20,QAUR,0.007958428731458023,1.0
MG_L10_T-2_C100,10,-0.02,100.0,21,QAUR,0.02844991323536905,1.0
MG_L10_T-2_C100,10,-0.02,100.0,22,QAUR,-0.00015235533638713328,1.0
MG_L10_T-2_C100,10,-0.02,100.0,23,QAUR,0.02530012449949237,1.0
MG_L10_T-2_C100,10,-0.02,100.0,24,QAUR,0.019704591543296957,1.0
MG_L10_T-2_C100,10,-0.02,100.0,25,QAUR,-0.040234629361876495,0.0
MG_L10_T-2_C100,10,-0.02,100.0,26,QAUR,0.021172061998056435,1.0
MG_L10_T-2_C100,10,-0.02,100.0,27,QAUR,-0.0035846388568444576,1.0
MG_L10_T-2_C100,10,-0.02,100.0,28,QAUR,-0.05810515029247898,0.0
MG_L10_T-2_C100,10,-0.02,100.0,29,QAUR,0.0019735373273159773,1.0
MG_L10_T-2_C100,10,-0.02,100.0,30,QAUR,0.015199074177126182,1.0
MG_L10_T-2_C100,10,-0.02,100.0,31,QAUR,-5.602109090485641e-05,1.0
MG_L10_T-2_C100,10,-0.02,100.0,32,QAUR,0.020231252605535932,1.0
MG_L10_T-2_C100,10,-0.02,100.0,33,QAUR,0.019478489744715333,1.0
MG_L10_T-2_C100,10,-0.02,100.0,34,QAUR,0.014849482370904665,1.0
MG_L10_T-2_C100,10,-0.02,100.0,35,QAUR,0.03815200036570077,1.0
MG_L10_T-2_C100,10,-0.02,100.0,36,QAUR,-0.0057411287987731985,1.0
MG_L10_T-2_C100,10,-0.02,100.0,37,QAUR,0.01475772666909192,1.0
MG_L10_T-2_C100,10,-0.02,100.0,38,QAUR,0.02152885007329086,1.0
MG_L10_T-2_C100,10,-0.02,100.0,39,QAUR,0.007142675700425372,1.0
MG_L10_T-2_C100,10,-0.02,100.0,40,QAUR,0.02305433466188167,1.0
MG_L10_T-2_C100,10,-0.02,100.0,41,QAUR,0.004780067860613801,1.0
MG_L10_T-2_C100,10,-0.02,100.0,42,QAUR,-0.012616246752197746,1.0
MG_L10_T-2_C100,10,-0.02,100.0,43,QAUR,-0.003975598907737021,1.0
MG_L10_T-2_C100,10,-0.02,100.0,44,QAUR,0.0028192661541355246,1.0
MG_L10_T-2_C100,10,-0.02,100.0,45,QAUR,0.007970925304971788,1.0
MG_L10_T-2_C100,10,-0.02,100.0,46,QAUR,0.0011254035944787688,1.0
MG_L10_T-2_C100,10,-0.02,100.0,47,QAUR,0.029188662445100544,1.0
MG_L10_T-2_C100,10,-0.02,100.0,48,QAUR,-0.0011439371081541916,1.0
MG_L10_T-2_C100,10,-0.02,100.0,49,QAUR,0.001648315700812919,1.0
MG_L10_T-2_C100,10,-0.02,100.0,50,QAUR,-0.012079041093308485,1.0
MG_L10_T-2_C100,10,-0.02,100.0,51,QAUR,-0.004127759204843762,1.0
MG_L10_T-2_C100,10,-0.02,100.0,52,QAUR,-0.016605569663335706,1.0
MG_L10_T0_C0,10,0.0,0.0,0,AUR,0.022221277009938367,1.0
MG_L10_T0_C0,10,0.0,0.0,1,AUR,-0.09480684728788336,0.0
MG_L10_T0_C0,10,0.0,0.0,2,AUR,0.037309782624986854,1.0
MG_L10_T0_C0,10,0.0,0.0,3,AUR,0.006446073620553161,1.0
MG_L10_T0_C0,10,0.0,0.0,4,AUR,0.03834704706258907,1.0
MG_L10_T0_C0,10,0.0,0.0,5,AUR,-0.0036040692020918863,0.0
MG_L10_T0_C0,10,0.0,0.0,6,AUR,-0.07381937464527344,0.0
MG_L10_T0_C0,10,0.0,0.0,7,AUR,-0.08673213446256589,0.0
MG_L10_T0_C0,10,0.0,0.0,8,AUR,0.1567477717346799,1.0
MG_L10_T0_C0,10,0.0,0.0,9,AUR,-0.0536092396530885,0.0
MG_L10_T0_C0,10,0.0,0.0,10,AUR,0.04502457637314716,1.0
MG_L10_T0_C0,10,0.0,0.0,11,AUR,0.018971620616144325,1.0
MG_L10_T0_C0,10,0.0,0.0,12,AUR,-0.008910132226194412,0.0
MG_L10_T0_C0,10,0.0,0.0,13,AUR,0.007622413219785296,1.0
MG_L10_T0_C0,10,0.0,0.0,14,AUR,0.07249147002692324,1.0
MG_L10_T0_C0,10,0.0,0.0,15,AUR,-0.004126820566626832,0.0
MG_L10_T0_C0,10,0.0,0.0,16,AUR,0.018893932936332014,1.0
MG_L10_T0_C0,10,0.0,0.0,17,AUR,-0.01646238769271202,0.0
MG_L10_T0_C0,10,0.0,0.0,18,AUR,-0.04983808403939605,0.0
MG_L10_T0_C0,10,0.0,0.0,19,AUR,-0.07153041506468505,0.0
MG_L10_T0_C0,10,0.0,0.0,20,AUR,0.007958428731458023,1.0
MG_L10_T0_C0,10,0.0,0.0,21,AUR,0.02844991323536905,1.0
MG_L10_T0_C0,10,0.0,0.0,22,AUR,-0.00015235533638713328,0.0
MG_L10_T0_C0,10,0.0,0.0,23,AUR,0.02530012449949237,1.0
MG_L10_T0_C0,10,0.0,0.0,24,AUR,0.019704591543296957,1.0
MG_L10_T0_C0,10,0.0,0.0,25,AUR,-0.040234629361876495,0.0
MG_L10_T0_C0,10,0.0,0.0,26,AUR,0.021172061998056435,1.0
MG_L10_T0_C0,10,0.0,0.0,27,AUR,-0.0035846388568444576,0.0
MG_L10_T0_C0,10,0.0,0.0,28,AUR,-0.05810515029247898,0.0
MG_L10_T0_C0,10,0.0,0.0,29,AUR,0.0019735373273159773,1.0
MG_L10_T0_C0,10,0.0,0.0,30,AUR,0.015199074177126182,1.0
MG_L10_T0_C0,10,0.0,0.0,31,AUR,-5.602109090485641e-05,0.0
MG_L10_T0_C0,10,0.0,0.0,32,AUR,0.020231252605535932,1.0
MG_L10_T0_C0,10,0.0,0.0,33,AUR,0.019478489744715333,1.0
MG_L10_T0_C0,10,0.0,0.0,34,AUR,0.014849482370904665,1.0
MG_L10_T0_C0,10,0.0,0.0,35,AUR,0.03815200036570077,1.0
MG_L10_T0_C0,10,0.0,0.0,36,AUR,-0.0057411287987731985,0.0
MG_L10_T0_C0,10,0.0,0.0,37,AUR,0.01475772666909192,1.0
MG_L10_T0_C0,10,0.0,0.0,38,AUR,0.02152885007329086,1.0
MG_L10_T0_C0,10,0.0,0.0,39,AUR,0.007142675700425372,1.0
MG_L10_T0_C0,10,0.0,0.0,40,AUR,0.02305433466188167,1.0
MG_L10_T0_C0,10,0.0,0.0,41,AUR,0.004780067860613801,1.0
MG_L10_T0_C0,10,0.0,0.0,42,AUR,-0.012616246752197746,0.0
MG_L10_T0_C0,10,0.0,0.0,43,AUR,-0.003975598907737021,0.0
MG_L10_T0_C0,10,0.0,0.0,44,AUR,0.0028192661541355246,1.0
MG_L10_T0_C0,10,0.0,0.0,45,AUR,0.007970925304971788,1.0
MG_L10_T0_C0,10,0.0,0.0,46,AUR,0.0011254035944787688,1.0
MG_L10_T0_C0,10,0.0,0.0,47,AUR,0.029188662445100544,1.0
MG_L10_T0_C0,10,0.0,0.0,48,AUR,-0.0011439371081541916,0.0
MG_L10_T0_C0,10,0.0,0.0,49,AUR,0.001648315700812919,1.0
MG_L10_T0_C0,10,0.0,0.0,50,AUR,-0.012079041093308485,0.0
MG_L10_T0_C0,10,0.0,0.0,51,AUR,-0.004127759204843762,0.0
MG_L10_T0_C0,10,0.0,0.0,52,AUR,-0.016605569663335706,0.0
MG_L10_T0_C0,10,0.0,0.0,0,QAUR,0.022221277009938367,1.0
MG_L10_T0_C0,10,0.0,0.0,1,QAUR,-0.09480684728788336,0.0
MG_L10_T0_C0,10,0.0,0.0,2,QAUR,0.037309782624986854,1.0
MG_L10_T0_C0,10,0.0,0.0,3,QAUR,0.006446073620553161,1.0
MG_L10_T0_C0,10,0.0,0.0,4,QAUR,0.03834704706258907,1.0
MG_L10_T0_C0,10,0.0,0.0,5,QAUR,-0.0036040692020918863,0.0
MG_L10_T0_C0,10,0.0,0.0,6,QAUR,-0.07381937464527344,0.0
MG_L10_T0_C0,10,0.0,0.0,7,QAUR,-0.08673213446256589,0.0
MG_L10_T0_C0,10,0.0,0.0,8,QAUR,0.1567477717346799,1.0
MG_L10_T0_C0,10,0.0,0.0,9,QAUR,-0.0536092396530885,0.0
MG_L10_T0_C0,10,0.0,0.0,10,QAUR,0.04502457637314716,1.0
MG_L10_T0_C0,10,0.0,0.0,11,QAUR,0.018971620616144325,1.0
MG_L10_T0_C0,10,0.0,0.0,12,QAUR,-0.008910132226194412,0.0
MG_L10_T0_C0,10,0.0,0.0,13,QAUR,0.007622413219785296,1.0
MG_L10_T0_C0,10,0.0,0.0,14,QAUR,0.07249147002692324,1.0
MG_L10_T0_C0,10,0.0,0.0,15,QAUR,-0.004126820566626832,0.0
MG_L10_T0_C0,10,0.0,0.0,16,QAUR,0.018893932936332014,1.0
MG_L10_T0_C0,10,0.0,0.0,17,QAUR,-0.01646238769271202,0.0
MG_L10_T0_C0,10,0.0,0.0,18,QAUR,-0.04983808403939605,0.0
MG_L10_T0_C0,10,0.0,0.0,19,QAUR,-0.07153041506468505,0.0
MG_L10_T0_C0,10,0.0,0.0,20,QAUR,0.007958428731458023,1.0
MG_L10_T0_C0,10,0.0,0.0,21,QAUR,0.02844991323536905,1.0
MG_L10_T0_C0,10,0.0,0.0,22,QAUR,-0.00015235533638713328,0.0
MG_L10_T0_C0,10,0.0,0.0,23,QAUR,0.02530012449949237,1.0
MG_L10_T0_C0,10,0.0,0.0,24,QAUR,0.019704591543296957,1.0
MG_L10_T0_C0,10,0.0,0.0,25,QAUR,-0.040234629361876495,0.0
MG_L10_T0_C0,10,0.0,0.0,26,QAUR,0.021172061998056435,1.0
MG_L10_T0_C0,10,0.0,0.0,27,QAUR,-0.0035846388568444576,0.0
MG_L10_T0_C0,10,0.0,0.0,28,QAUR,-0.05810515029247898,0.0
MG_L10_T0_C0,10,0.0,0.0,29,QAUR,0.0019735373273159773,1.0
MG_L10_T0_C0,10,0.0,0.0,30,QAUR,0.015199074177126182,1.0
MG_L10_T0_C0,10,0.0,0.0,31,QAUR,-5.602109090485641e-05,0.0
MG_L10_T0_C0,10,0.0,0.0,32,QAUR,0.020231252605535932,1.0
MG_L10_T0_C0,10,0.0,0.0,33,QAUR,0.019478489744715333,1.0
MG_L10_T0_C0,10,0.0,0.0,34,QAUR,0.014849482370904665,1.0
MG_L10_T0_C0,10,0.0,0.0,35,QAUR,0.03815200036570077,1.0
MG_L10_T0_C0,10,0.0,0.0,36,QAUR,-0.0057411287987731985,0.0
MG_L10_T0_C0,10,0.0,0.0,37,QAUR,0.01475772666909192,1.0
MG_L10_T0_C0,10,0.0,0.0,38,QAUR,0.02152885007329086,1.0
MG_L10_T0_C0,10,0.0,0.0,39,QAUR,0.007142675700425372,1.0
MG_L10_T0_C0,10,0.0,0.0,40,QAUR,0.02305433466188167,1.0
MG_L10_T0_C0,10,0.0,0.0,41,QAUR,0.004780067860613801,1.0
MG_L10_T0_C0,10,0.0,0.0,42,QAUR,-0.012616246752197746,0.0
MG_L10_T0_C0,10,0.0,0.0,43,QAUR,-0.003975598907737021,0.0
MG_L10_T0_C0,10,0.0,0.0,44,QAUR,0.0028192661541355246,1.0
MG_L10_T0_C0,10,0.0,0.0,45,QAUR,0.007970925304971788,1.0
MG_L10_T0_C0,10,0.0,0.0,46,QAUR,0.0011254035944787688,1.0
MG_L10_T0_C0,10,0.0,0.0,47,QAUR,0.029188662445100544,1.0
MG_L10_T0_C0,10,0.0,0.0,48,QAUR,-0.0011439371081541916,0.0
MG_L10_T0_C0,10,0.0,0.0,49,QAUR,0.001648315700812919,1.0
MG_L10_T0_C0,10,0.0,0.0,50,QAUR,-0.012079041093308485,0.0
MG_L10_T0_C0,10,0.0,0.0,51,QAUR,-0.004127759204843762,0.0
MG_L10_T0_C0,10,0.0,0.0,52,QAUR,-0.016605569663335706,0.0
MG_L10_T0_C25,10,0.0,25.0,0,AUR,0.022221277009938367,1.0
MG_L10_T0_C25,10,0.0,25.0,1,AUR,-0.09480684728788336,0.0
MG_L10_T0_C25,10,0.0,25.0,2,AUR,0.037309782624986854,1.0
MG_L10_T0_C25,10,0.0,25.0,3,AUR,0.006446073620553161,1.0
MG_L10_T0_C25,10,0.0,25.0,4,AUR,0.03834704706258907,1.0
MG_L10_T0_C25,10,0.0,25.0,5,AUR,-0.0036040692020918863,0.0
MG_L10_T0_C25,10,0.0,25.0,6,AUR,-0.07381937464527344,0.0
MG_L10_T0_C25,10,0.0,25.0,7,AUR,-0.08673213446256589,0.0
MG_L10_T0_C25,10,0.0,25.0,8,AUR,0.1567477717346799,1.0
MG_L10_T0_C25,10,0.0,25.0,9,AUR,-0.0536092396530885,0.0
MG_L10_T0_C25,10,0.0,25.0,10,AUR,0.04502457637314716,1.0
MG_L10_T0_C25,10,0.0,25.0,11,AUR,0.018971620616144325,1.0
MG_L10_T0_C25,10,0.0,25.0,12,AUR,-0.008910132226194412,0.0
MG_L10_T0_C25,10,0.0,25.0,13,AUR,0.007622413219785296,1.0
MG_L10_T0_C25,10,0.0,25.0,14,AUR,0.07249147002692324,1.0
MG_L10_T0_C25,10,0.0,25.0,15,AUR,-0.004126820566626832,0.0
MG_L10_T0_C25,10,0.0,25.0,16,AUR,0.018893932936332014,1.0
MG_L10_T0_C25,10,0.0,25.0,17,AUR,-0.01646238769271202,0.0
MG_L10_T0_C25,10,0.0,25.0,18,AUR,-0.04983808403939605,0.0
MG_L10_T0_C25,10,0.0,25.0,19,AUR,-0.07153041506468505,0.0
MG_L10_T0_C25,10,0.0,25.0,20,AUR,0.007958428731458023,1.0
MG_L10_T0_C25,10,0.0,25.0,21,AUR,0.02844991323536905,1.0
MG_L10_T0_C25,10,0.0,25.0,22,AUR,-0.00015235533638713328,0.0
MG_L10_T0_C25,10,0.0,25.0,23,AUR,0.02530012449949237,1.0
MG_L10_T0_C25,10,0.0,25.0,24,AUR,0.019704591543296957,1.0
MG_L10_T0_C25,10,0.0,25.0,25,AUR,-0.040234629361876495,0.0
MG_L10_T0_C25,10,0.0,25.0,26,AUR,0.021172061998056435,1.0
MG_L10_T0_C25,10,0.0,25.0,27,AUR,-0.0035846388568444576,0.0
MG_L10_T0_C25,10,0.0,25.0,28,AUR,-0.05810515029247898,0.0
MG_L10_T0_C25,10,0.0,25.0,29,AUR,0.0019735373273159773,1.0
MG_L10_T0_C25,10,0.0,25.0,30,AUR,0.015199074177126182,1.0
MG_L10_T0_C25,10,0.0,25.0,31,AUR,-5.602109090485641e-05,0.0
MG_L10_T0_C25,10,0.0,25.0,32,AUR,0.020231252605535932,1.0
MG_L10_T0_C25,10,0.0,25.0,33,AUR,0.019478489744715333,1.0
MG_L10_T0_C25,10,0.0,25.0,34,AUR,0.014849482370904665,1.0
MG_L10_T0_C25,10,0.0,25.0,35,AUR,0.03815200036570077,1.0
MG_L10_T0_C25,10,0.0,25.0,36,AUR,-0.0057411287987731985,0.0
MG_L10_T0_C25,10,0.0,25.0,37,AUR,0.01475772666909192,1.0
MG_L10_T0_C25,10,0.0,25.0,38,AUR,0.02152885007329086,1.0
MG_L10_T0_C25,10,0.0,25.0,39,AUR,0.007142675700425372,1.0
MG_L10_T0_C25,10,0.0,25.0,40,AUR,0.02305433466188167,1.0
MG_L10_T0_C25,10,0.0,25.0,41,AUR,0.004780067860613801,1.0
MG_L10_T0_C25,10,0.0,25.0,42,AUR,-0.012616246752197746,0.0
MG_L10_T0_C25,10,0.0,25.0,43,AUR,-0.003975598907737021,0.0
MG_L10_T0_C25,10,0.0,25.0,44,AUR,0.0028192661541355246,1.0
MG_L10_T0_C25,10,0.0,25.0,45,AUR,0.007970925304971788,1.0
MG_L10_T0_C25,10,0.0,25.0,46,AUR,0.0011254035944787688,1.0
MG_L10_T0_C25,10,0.0,25.0,47,AUR,0.029188662445100544,1.0
MG_L10_T0_C25,10,0.0,25.0,48,AUR,-0.0011439371081541916,0.0
MG_L10_T0_C25,10,0.0,25.0,49,AUR,0.001648315700812919,1.0
MG_L10_T0_C25,10,0.0,25.0,50,AUR,-0.012079041093308485,0.0
MG_L10_T0_C25,10,0.0,25.0,51,AUR,-0.004127759204843762,0.0
MG_L10_T0_C25,10,0.0,25.0,52,AUR,-0.016605569663335706,0.0
MG_L10_T0_C25,10,0.0,25.0,0,QAUR,0.022221277009938367,1.0
MG_L10_T0_C25,10,0.0,25.0,1,QAUR,-0.09480684728788336,0.0
MG_L10_T0_C25,10,0.0,25.0,2,QAUR,0.037309782624986854,1.0
MG_L10_T0_C25,10,0.0,25.0,3,QAUR,0.006446073620553161,1.0
MG_L10_T0_C25,10,0.0,25.0,4,QAUR,0.03834704706258907,1.0
MG_L10_T0_C25,10,0.0,25.0,5,QAUR,-0.0036040692020918863,0.0
MG_L10_T0_C25,10,0.0,25.0,6,QAUR,-0.07381937464527344,0.0
MG_L10_T0_C25,10,0.0,25.0,7,QAUR,-0.08673213446256589,0.0
MG_L10_T0_C25,10,0.0,25.0,8,QAUR,0.1567477717346799,1.0
MG_L10_T0_C25,10,0.0,25.0,9,QAUR,-0.0536092396530885,0.0
MG_L10_T0_C25,10,0.0,25.0,10,QAUR,0.04502457637314716,1.0
MG_L10_T0_C25,10,0.0,25.0,11,QAUR,0.018971620616144325,1.0
MG_L10_T0_C25,10,0.0,25.0,12,QAUR,-0.008910132226194412,0.0
MG_L10_T0_C25,10,0.0,25.0,13,QAUR,0.007622413219785296,1.0
MG_L10_T0_C25,10,0.0,25.0,14,QAUR,0.07249147002692324,1.0
MG_L10_T0_C25,10,0.0,25.0,15,QAUR,-0.004126820566626832,0.0
MG_L10_T0_C25,10,0.0,25.0,16,QAUR,0.018893932936332014,1.0
MG_L10_T0_C25,10,0.0,25.0,17,QAUR,-0.01646238769271202,0.0
MG_L10_T0_C25,10,0.0,25.0,18,QAUR,-0.04983808403939605,0.0
MG_L10_T0_C25,10,0.0,25.0,19,QAUR,-0.07153041506468505,0.0
MG_L10_T0_C25,10,0.0,25.0,20,QAUR,0.007958428731458023,1.0
MG_L10_T0_C25,10,0.0,25.0,21,QAUR,0.02844991323536905,1.0
MG_L10_T0_C25,10,0.0,25.0,22,QAUR,-0.00015235533638713328,0.0
MG_L10_T0_C25,10,0.0,25.0,23,QAUR,0.02530012449949237,1.0
MG_L10_T0_C25,10,0.0,25.0,24,QAUR,0.019704591543296957,1.0
MG_L10_T0_C25,10,0.0,25.0,25,QAUR,-0.040234629361876495,0.0
MG_L10_T0_C25,10,0.0,25.0,26,QAUR,0.021172061998056435,1.0
MG_L10_T0_C25,10,0.0,25.0,27,QAUR,-0.0035846388568444576,0.0
MG_L10_T0_C25,10,0.0,25.0,28,QAUR,-0.05810515029247898,0.0
MG_L10_T0_C25,10,0.0,25.0,29,QAUR,0.0019735373273159773,1.0
MG_L10_T0_C25,10,0.0,25.0,30,QAUR,0.015199074177126182,1.0
MG_L10_T0_C25,10,0.0,25.0,31,QAUR,-5.602109090485641e-05,0.0
MG_L10_T0_C25,10,0.0,25.0,32,QAUR,0.020231252605535932,1.0
MG_L10_T0_C25,10,0.0,25.0,33,QAUR,0.019478489744715333,1.0
MG_L10_T0_C25,10,0.0,25.0,34,QAUR,0.014849482370904665,1.0
MG_L10_T0_C25,10,0.0,25.0,35,QAUR,0.03815200036570077,1.0
MG_L10_T0_C25,10,0.0,25.0,36,QAUR,-0.0057411287987731985,0.0
MG_L10_T0_C25,10,0.0,25.0,37,QAUR,0.01475772666909192,1.0
MG_L10_T0_C25,10,0.0,25.0,38,QAUR,0.02152885007329086,1.0
MG_L10_T0_C25,10,0.0,25.0,39,QAUR,0.007142675700425372,1.0
MG_L10_T0_C25,10,0.0,25.0,40,QAUR,0.02305433466188167,1.0
MG_L10_T0_C25,10,0.0,25.0,41,QAUR,0.004780067860613801,1.0
MG_L10_T0_C25,10,0.0,25.0,42,QAUR,-0.012616246752197746,0.0
MG_L10_T0_C25,10,0.0,25.0,43,QAUR,-0.003975598907737021,0.0
MG_L10_T0_C25,10,0.0,25.0,44,QAUR,0.0028192661541355246,1.0
MG_L10_T0_C25,10,0.0,25.0,45,QAUR,0.007970925304971788,1.0
MG_L10_T0_C25,10,0.0,25.0,46,QAUR,0.0011254035944787688,1.0
MG_L10_T0_C25,10,0.0,25.0,47,QAUR,0.029188662445100544,1.0
MG_L10_T0_C25,10,0.0,25.0,48,QAUR,-0.0011439371081541916,0.0
MG_L10_T0_C25,10,0.0,25.0,49,QAUR,0.001648315700812919,1.0
MG_L10_T0_C25,10,0.0,25.0,50,QAUR,-0.012079041093308485,0.0
MG_L10_T0_C25,10,0.0,25.0,51,QAUR,-0.004127759204843762,0.0
MG_L10_T0_C25,10,0.0,25.0,52,QAUR,-0.016605569663335706,0.0
MG_L10_T0_C50,10,0.0,50.0,0,AUR,0.022221277009938367,1.0
MG_L10_T0_C50,10,0.0,50.0,1,AUR,-0.09480684728788336,0.0
MG_L10_T0_C50,10,0.0,50.0,2,AUR,0.037309782624986854,1.0
MG_L10_T0_C50,10,0.0,50.0,3,AUR,0.006446073620553161,1.0
MG_L10_T0_C50,10,0.0,50.0,4,AUR,0.03834704706258907,1.0
MG_L10_T0_C50,10,0.0,50.0,5,AUR,-0.0036040692020918863,0.0
MG_L10_T0_C50,10,0.0,50.0,6,AUR,-0.07381937464527344,0.0
MG_L10_T0_C50,10,0.0,50.0,7,AUR,-0.08673213446256589,0.0
MG_L10_T0_C50,10,0.0,50.0,8,AUR,0.1567477717346799,1.0
MG_L10_T0_C50,10,0.0,50.0,9,AUR,-0.0536092396530885,0.0
MG_L10_T0_C50,10,0.0,50.0,10,AUR,0.04502457637314716,1.0
MG_L10_T0_C50,10,0.0,50.0,11,AUR,0.018971620616144325,1.0
MG_L10_T0_C50,10,0.0,50.0,12,AUR,-0.008910132226194412,0.0
MG_L10_T0_C50,10,0.0,50.0,13,AUR,0.007622413219785296,1.0
MG_L10_T0_C50,10,0.0,50.0,14,AUR,0.07249147002692324,1.0
MG_L10_T0_C50,10,0.0,50.0,15,AUR,-0.004126820566626832,0.0
MG_L10_T0_C50,10,0.0,50.0,16,AUR,0.018893932936332014,1.0
MG_L10_T0_C50,10,0.0,50.0,17,AUR,-0.01646238769271202,0.0
MG_L10_T0_C50,10,0.0,50.0,18,AUR,-0.04983808403939605,0.0
MG_L10_T0_C50,10,0.0,50.0,19,AUR,-0.07153041506468505,0.0
MG_L10_T0_C50,10,0.0,50.0,20,AUR,0.007958428731458023,1.0
MG_L10_T0_C50,10,0.0,50.0,21,AUR,0.02844991323536905,1.0
MG_L10_T0_C50,10,0.0,50.0,22,AUR,-0.00015235533638713328,0.0
MG_L10_T0_C50,10,0.0,50.0,23,AUR,0.02530012449949237,1.0
MG_L10_T0_C50,10,0.0,50.0,24,AUR,0.019704591543296957,1.0
MG_L10_T0_C50,10,0.0,50.0,25,AUR,-0.040234629361876495,0.0
MG_L10_T0_C50,10,0.0,50.0,26,AUR,0.021172061998056435,1.0
MG_L10_T0_C50,10,0.0,50.0,27,AUR,-0.0035846388568444576,0.0
MG_L10_T0_C50,10,0.0,50.0,28,AUR,-0.05810515029247898,0.0
MG_L10_T0_C50,10,0.0,50.0,29,AUR,0.0019735373273159773,1.0
MG_L10_T0_C50,10,0.0,50.0,30,AUR,0.015199074177126182,1.0
MG_L10_T0_C50,10,0.0,50.0,31,AUR,-5.602109090485641e-05,0.0
MG_L10_T0_C50,10,0.0,50.0,32,AUR,0.020231252605535932,1.0
MG_L10_T0_C50,10,0.0,50.0,33,AUR,0.019478489744715333,1.0
MG_L10_T0_C50,10,0.0,50.0,34,AUR,0.014849482370904665,1.0
MG_L10_T0_C50,10,0.0,50.0,35,AUR,0.03815200036570077,1.0
MG_L10_T0_C50,10,0.0,50.0,36,AUR,-0.0057411287987731985,0.0
MG_L10_T0_C50,10,0.0,50.0,37,AUR,0.01475772666909192,1.0
MG_L10_T0_C50,10,0.0,50.0,38,AUR,0.02152885007329086,1.0
MG_L10_T0_C50,10,0.0,50.0,39,AUR,0.007142675700425372,1.0
MG_L10_T0_C50,10,0.0,50.0,40,AUR,0.02305433466188167,1.0
MG_L10_T0_C50,10,0.0,50.0,41,AUR,0.004780067860613801,1.0
MG_L10_T0_C50,10,0.0,50.0,42,AUR,-0.012616246752197746,0.0
MG_L10_T0_C50,10,0.0,50.0,43,AUR,-0.003975598907737021,0.0
MG_L10_T0_C50,10,0.0,50.0,44,AUR,0.0028192661541355246,1.0
MG_L10_T0_C50,10,0.0,50.0,45,AUR,0.007970925304971788,1.0
MG_L10_T0_C50,10,0.0,50.0,46,AUR,0.0011254035944787688,1.0
MG_L10_T0_C50,10,0.0,50.0,47,AUR,0.029188662445100544,1.0
MG_L10_T0_C50,10,0.0,50.0,48,AUR,-0.0011439371081541916,0.0
MG_L10_T0_C50,10,0.0,50.0,49,AUR,0.001648315700812919,1.0
MG_L10_T0_C50,10,0.0,50.0,50,AUR,-0.012079041093308485,0.0
MG_L10_T0_C50,10,0.0,50.0,51,AUR,-0.004127759204843762,0.0
MG_L10_T0_C50,10,0.0,50.0,52,AUR,-0.016605569663335706,0.0
MG_L10_T0_C50,10,0.0,50.0,0,QAUR,0.022221277009938367,1.0
MG_L10_T0_C50,10,0.0,50.0,1,QAUR,-0.09480684728788336,0.0
MG_L10_T0_C50,10,0.0,50.0,2,QAUR,0.037309782624986854,1.0
MG_L10_T0_C50,10,0.0,50.0,3,QAUR,0.006446073620553161,1.0
MG_L10_T0_C50,10,0.0,50.0,4,QAUR,0.03834704706258907,1.0
MG_L10_T0_C50,10,0.0,50.0,5,QAUR,-0.0036040692020918863,0.0
MG_L10_T0_C50,10,0.0,50.0,6,QAUR,-0.07381937464527344,0.0
MG_L10_T0_C50,10,0.0,50.0,7,QAUR,-0.08673213446256589,0.0
MG_L10_T0_C50,10,0.0,50.0,8,QAUR,0.1567477717346799,1.0
MG_L10_T0_C50,10,0.0,50.0,9,QAUR,-0.0536092396530885,0.0
MG_L10_T0_C50,10,0.0,50.0,10,QAUR,0.04502457637314716,1.0
MG_L10_T0_C50,10,0.0,50.0,11,QAUR,0.018971620616144325,1.0
MG_L10_T0_C50,10,0.0,50.0,12,QAUR,-0.008910132226194412,0.0
MG_L10_T0_C50,10,0.0,50.0,13,QAUR,0.007622413219785296,1.0
MG_L10_T0_C50,10,0.0,50.0,14,QAUR,0.07249147002692324,1.0
MG_L10_T0_C50,10,0.0,50.0,15,QAUR,-0.004126820566626832,0.0
MG_L10_T0_C50,10,0.0,50.0,16,QAUR,0.018893932936332014,1.0
MG_L10_T0_C50,10,0.0,50.0,17,QAUR,-0.01646238769271202,0.0
MG_L10_T0_C50,10,0.0,50.0,18,QAUR,-0.04983808403939605,0.0
MG_L10_T0_C50,10,0.0,50.0,19,QAUR,-0.07153041506468505,0.0
MG_L10_T0_C50,10,0.0,50.0,20,QAUR,0.007958428731458023,1.0
MG_L10_T0_C50,10,0.0,50.0,21,QAUR,0.02844991323536905,1.0
MG_L10_T0_C50,10,0.0,50.0,22,QAUR,-0.00015235533638713328,0.0
MG_L10_T0_C50,10,0.0,50.0,23,QAUR,0.02530012449949237,1.0
MG_L10_T0_C50,10,0.0,50.0,24,QAUR,0.019704591543296957,1.0
MG_L10_T0_C50,10,0.0,50.0,25,QAUR,-0.040234629361876495,0.0
MG_L10_T0_C50,10,0.0,50.0,26,QAUR,0.021172061998056435,1.0
MG_L10_T0_C50,10,0.0,50.0,27,QAUR,-0.0035846388568444576,0.0
MG_L10_T0_C50,10,0.0,50.0,28,QAUR,-0.05810515029247898,0.0
MG_L10_T0_C50,10,0.0,50.0,29,QAUR,0.0019735373273159773,1.0
MG_L10_T0_C50,10,0.0,50.0,30,QAUR,0.015199074177126182,1.0
MG_L10_T0_C50,10,0.0,50.0,31,QAUR,-5.602109090485641e-05,0.0
MG_L10_T0_C50,10,0.0,50.0,32,QAUR,0.020231252605535932,1.0
MG_L10_T0_C50,10,0.0,50.0,33,QAUR,0.019478489744715333,1.0
MG_L10_T0_C50,10,0.0,50.0,34,QAUR,0.014849482370904665,1.0
MG_L10_T0_C50,10,0.0,50.0,35,QAUR,0.03815200036570077,1.0
MG_L10_T0_C50,10,0.0,50.0,36,QAUR,-0.0057411287987731985,0.0
MG_L10_T0_C50,10,0.0,50.0,37,QAUR,0.01475772666909192,1.0
MG_L10_T0_C50,10,0.0,50.0,38,QAUR,0.02152885007329086,1.0
MG_L10_T0_C50,10,0.0,50.0,39,QAUR,0.007142675700425372,1.0
MG_L10_T0_C50,10,0.0,50.0,40,QAUR,0.02305433466188167,1.0
MG_L10_T0_C50,10,0.0,50.0,41,QAUR,0.004780067860613801,1.0
MG_L10_T0_C50,10,0.0,50.0,42,QAUR,-0.012616246752197746,0.0
MG_L10_T0_C50,10,0.0,50.0,43,QAUR,-0.003975598907737021,0.0
MG_L10_T0_C50,10,0.0,50.0,44,QAUR,0.0028192661541355246,1.0
MG_L10_T0_C50,10,0.0,50.0,45,QAUR,0.007970925304971788,1.0
MG_L10_T0_C50,10,0.0,50.0,46,QAUR,0.0011254035944787688,1.0
MG_L10_T0_C50,10,0.0,50.0,47,QAUR,0.029188662445100544,1.0
MG_L10_T0_C50,10,0.0,50.0,48,QAUR,-0.0011439371081541916,0.0
MG_L10_T0_C50,10,0.0,50.0,49,QAUR,0.001648315700812919,1.0
MG_L10_T0_C50,10,0.0,50.0,50,QAUR,-0.012079041093308485,0.0
MG_L10_T0_C50,10,0.0,50.0,51,QAUR,-0.004127759204843762,0.0
MG_L10_T0_C50,10,0.0,50.0,52,QAUR,-0.016605569663335706,0.0
MG_L10_T0_C100,10,0.0,100.0,0,AUR,0.022221277009938367,1.0
MG_L10_T0_C100,10,0.0,100.0,1,AUR,-0.09480684728788336,0.0
MG_L10_T0_C100,10,0.0,100.0,2,AUR,0.037309782624986854,1.0
MG_L10_T0_C100,10,0.0,100.0,3,AUR,0.006446073620553161,1.0
MG_L10_T0_C100,10,0.0,100.0,4,AUR,0.03834704706258907,1.0
MG_L10_T0_C100,10,0.0,100.0,5,AUR,-0.0036040692020918863,0.0
MG_L10_T0_C100,10,0.0,100.0,6,AUR,-0.07381937464527344,0.0
MG_L10_T0_C100,10,0.0,100.0,7,AUR,-0.08673213446256589,0.0
MG_L10_T0_C100,10,0.0,100.0,8,AUR,0.1567477717346799,1.0
MG_L10_T0_C100,10,0.0,100.0,9,AUR,-0.0536092396530885,0.0
MG_L10_T0_C100,10,0.0,100.0,10,AUR,0.04502457637314716,1.0
MG_L10_T0_C100,10,0.0,100.0,11,AUR,0.018971620616144325,1.0
MG_L10_T0_C100,10,0.0,100.0,12,AUR,-0.008910132226194412,0.0
MG_L10_T0_C100,10,0.0,100.0,13,AUR,0.007622413219785296,1.0
MG_L10_T0_C100,10,0.0,100.0,14,AUR,0.07249147002692324,1.0
MG_L10_T0_C100,10,0.0,100.0,15,AUR,-0.004126820566626832,0.0
MG_L10_T0_C100,10,0.0,100.0,16,AUR,0.018893932936332014,1.0
MG_L10_T0_C100,10,0.0,100.0,17,AUR,-0.01646238769271202,0.0
MG_L10_T0_C100,10,0.0,100.0,18,AUR,-0.04983808403939605,0.0
MG_L10_T0_C100,10,0.0,100.0,19,AUR,-0.07153041506468505,0.0
MG_L10_T0_C100,10,0.0,100.0,20,AUR,0.007958428731458023,1.0
MG_L10_T0_C100,10,0.0,100.0,21,AUR,0.02844991323536905,1.0
MG_L10_T0_C100,10,0.0,100.0,22,AUR,-0.00015235533638713328,0.0
MG_L10_T0_C100,10,0.0,100.0,23,AUR,0.02530012449949237,1.0
MG_L10_T0_C100,10,0.0,100.0,24,AUR,0.019704591543296957,1.0
MG_L10_T0_C100,10,0.0,100.0,25,AUR,-0.040234629361876495,0.0
MG_L10_T0_C100,10,0.0,100.0,26,AUR,0.021172061998056435,1.0
MG_L10_T0_C100,10,0.0,100.0,27,AUR,-0.0035846388568444576,0.0
MG_L10_T0_C100,10,0.0,100.0,28,AUR,-0.05810515029247898,0.0
MG_L10_T0_C100,10,0.0,100.0,29,AUR,0.0019735373273159773,1.0
MG_L10_T0_C100,10,0.0,100.0,30,AUR,0.015199074177126182,1.0
MG_L10_T0_C100,10,0.0,100.0,31,AUR,-5.602109090485641e-05,0.0
MG_L10_T0_C100,10,0.0,100.0,32,AUR,0.020231252605535932,1.0
MG_L10_T0_C100,10,0.0,100.0,33,AUR,0.019478489744715333,1.0
MG_L10_T0_C100,10,0.0,100.0,34,AUR,0.014849482370904665,1.0
MG_L10_T0_C100,10,0.0,100.0,35,AUR,0.03815200036570077,1.0
MG_L10_T0_C100,10,0.0,100.0,36,AUR,-0.0057411287987731985,0.0
MG_L10_T0_C100,10,0.0,100.0,37,AUR,0.01475772666909192,1.0
MG_L10_T0_C100,10,0.0,100.0,38,AUR,0.02152885007329086,1.0
MG_L10_T0_C100,10,0.0,100.0,39,AUR,0.007142675700425372,1.0
MG_L10_T0_C100,10,0.0,100.0,40,AUR,0.02305433466188167,1.0
MG_L10_T0_C100,10,0.0,100.0,41,AUR,0.004780067860613801,1.0
MG_L10_T0_C100,10,0.0,100.0,42,AUR,-0.012616246752197746,0.0
MG_L10_T0_C100,10,0.0,100.0,43,AUR,-0.003975598907737021,0.0
MG_L10_T0_C100,10,0.0,100.0,44,AUR,0.0028192661541355246,1.0
MG_L10_T0_C100,10,0.0,100.0,45,AUR,0.007970925304971788,1.0
MG_L10_T0_C100,10,0.0,100.0,46,AUR,0.0011254035944787688,1.0
MG_L10_T0_C100,10,0.0,100.0,47,AUR,0.029188662445100544,1.0
MG_L10_T0_C100,10,0.0,100.0,48,AUR,-0.0011439371081541916,0.0
MG_L10_T0_C100,10,0.0,100.0,49,AUR,0.001648315700812919,1.0
MG_L10_T0_C100,10,0.0,100.0,50,AUR,-0.012079041093308485,0.0
MG_L10_T0_C100,10,0.0,100.0,51,AUR,-0.004127759204843762,0.0
MG_L10_T0_C100,10,0.0,100.0,52,AUR,-0.016605569663335706,0.0
MG_L10_T0_C100,10,0.0,100.0,0,QAUR,0.022221277009938367,1.0
MG_L10_T0_C100,10,0.0,100.0,1,QAUR,-0.09480684728788336,0.0
MG_L10_T0_C100,10,0.0,100.0,2,QAUR,0.037309782624986854,1.0
MG_L10_T0_C100,10,0.0,100.0,3,QAUR,0.006446073620553161,1.0
MG_L10_T0_C100,10,0.0,100.0,4,QAUR,0.03834704706258907,1.0
MG_L10_T0_C100,10,0.0,100.0,5,QAUR,-0.0036040692020918863,0.0
MG_L10_T0_C100,10,0.0,100.0,6,QAUR,-0.07381937464527344,0.0
MG_L10_T0_C100,10,0.0,100.0,7,QAUR,-0.08673213446256589,0.0
MG_L10_T0_C100,10,0.0,100.0,8,QAUR,0.1567477717346799,1.0
MG_L10_T0_C100,10,0.0,100.0,9,QAUR,-0.0536092396530885,0.0
MG_L10_T0_C100,10,0.0,100.0,10,QAUR,0.04502457637314716,1.0
MG_L10_T0_C100,10,0.0,100.0,11,QAUR,0.018971620616144325,1.0
MG_L10_T0_C100,10,0.0,100.0,12,QAUR,-0.008910132226194412,0.0
MG_L10_T0_C100,10,0.0,100.0,13,QAUR,0.007622413219785296,1.0
MG_L10_T0_C100,10,0.0,100.0,14,QAUR,0.07249147002692324,1.0
MG_L10_T0_C100,10,0.0,100.0,15,QAUR,-0.004126820566626832,0.0
MG_L10_T0_C100,10,0.0,100.0,16,QAUR,0.018893932936332014,1.0
MG_L10_T0_C100,10,0.0,100.0,17,QAUR,-0.01646238769271202,0.0
MG_L10_T0_C100,10,0.0,100.0,18,QAUR,-0.04983808403939605,0.0
MG_L10_T0_C100,10,0.0,100.0,19,QAUR,-0.07153041506468505,0.0
MG_L10_T0_C100,10,0.0,100.0,20,QAUR,0.007958428731458023,1.0
MG_L10_T0_C100,10,0.0,100.0,21,QAUR,0.02844991323536905,1.0
MG_L10_T0_C100,10,0.0,100.0,22,QAUR,-0.00015235533638713328,0.0
MG_L10_T0_C100,10,0.0,100.0,23,QAUR,0.02530012449949237,1.0
MG_L10_T0_C100,10,0.0,100.0,24,QAUR,0.019704591543296957,1.0
MG_L10_T0_C100,10,0.0,100.0,25,QAUR,-0.040234629361876495,0.0
MG_L10_T0_C100,10,0.0,100.0,26,QAUR,0.021172061998056435,1.0
MG_L10_T0_C100,10,0.0,100.0,27,QAUR,-0.0035846388568444576,0.0
MG_L10_T0_C100,10,0.0,100.0,28,QAUR,-0.05810515029247898,0.0
MG_L10_T0_C100,10,0.0,100.0,29,QAUR,0.0019735373273159773,1.0
MG_L10_T0_C100,10,0.0,100.0,30,QAUR,0.015199074177126182,1.0
MG_L10_T0_C100,10,0.0,100.0,31,QAUR,-5.602109090485641e-05,0.0
MG_L10_T0_C100,10,0.0,100.0,32,QAUR,0.020231252605535932,1.0
MG_L10_T0_C100,10,0.0,100.0,33,QAUR,0.019478489744715333,1.0
MG_L10_T0_C100,10,0.0,100.0,34,QAUR,0.014849482370904665,1.0
MG_L10_T0_C100,10,0.0,100.0,35,QAUR,0.03815200036570077,1.0
MG_L10_T0_C100,10,0.0,100.0,36,QAUR,-0.0057411287987731985,0.0
MG_L10_T0_C100,10,0.0,100.0,37,QAUR,0.01475772666909192,1.0
MG_L10_T0_C100,10,0.0,100.0,38,QAUR,0.02152885007329086,1.0
MG_L10_T0_C100,10,0.0,100.0,39,QAUR,0.007142675700425372,1.0
MG_L10_T0_C100,10,0.0,100.0,40,QAUR,0.02305433466188167,1.0
MG_L10_T0_C100,10,0.0,100.0,41,QAUR,0.004780067860613801,1.0
MG_L10_T0_C100,10,0.0,100.0,42,QAUR,-0.012616246752197746,0.0
MG_L10_T0_C100,10,0.0,100.0,43,QAUR,-0.003975598907737021,0.0
MG_L10_T0_C100,10,0.0,100.0,44,QAUR,0.0028192661541355246,1.0
MG_L10_T0_C100,10,0.0,100.0,45,QAUR,0.007970925304971788,1.0
MG_L10_T0_C100,10,0.0,100.0,46,QAUR,0.0011254035944787688,1.0
MG_L10_T0_C100,10,0.0,100.0,47,QAUR,0.029188662445100544,1.0
MG_L10_T0_C100,10,0.0,100.0,48,QAUR,-0.0011439371081541916,0.0
MG_L10_T0_C100,10,0.0,100.0,49,QAUR,0.001648315700812919,1.0
MG_L10_T0_C100,10,0.0,100.0,50,QAUR,-0.012079041093308485,0.0
MG_L10_T0_C100,10,0.0,100.0,51,QAUR,-0.004127759204843762,0.0
MG_L10_T0_C100,10,0.0,100.0,52,QAUR,-0.016605569663335706,0.0
MG_L10_T2_C0,10,0.02,0.0,0,AUR,0.022221277009938367,1.0
MG_L10_T2_C0,10,0.02,0.0,1,AUR,-0.09480684728788336,0.0
MG_L10_T2_C0,10,0.02,0.0,2,AUR,0.037309782624986854,1.0
MG_L10_T2_C0,10,0.02,0.0,3,AUR,0.006446073620553161,0.0
MG_L10_T2_C0,10,0.02,0.0,4,AUR,0.03834704706258907,1.0
MG_L10_T2_C0,10,0.02,0.0,5,AUR,-0.0036040692020918863,0.0
MG_L10_T2_C0,10,0.02,0.0,6,AUR,-0.07381937464527344,0.0
MG_L10_T2_C0,10,0.02,0.0,7,AUR,-0.08673213446256589,0.0
MG_L10_T2_C0,10,0.02,0.0,8,AUR,0.1567477717346799,1.0
MG_L10_T2_C0,10,0.02,0.0,9,AUR,-0.0536092396530885,0.0
MG_L10_T2_C0,10,0.02,0.0,10,AUR,0.04502457637314716,1.0
MG_L10_T2_C0,10,0.02,0.0,11,AUR,0.018971620616144325,0.0
MG_L10_T2_C0,10,0.02,0.0,12,AUR,-0.008910132226194412,0.0
MG_L10_T2_C0,10,0.02,0.0,13,AUR,0.007622413219785296,0.0
MG_L10_T2_C0,10,0.02,0.0,14,AUR,0.07249147002692324,1.0
MG_L10_T2_C0,10,0.02,0.0,15,AUR,-0.004126820566626832,0.0
MG_L10_T2_C0,10,0.02,0.0,16,AUR,0.018893932936332014,0.0
MG_L10_T2_C0,10,0.02,0.0,17,AUR,-0.01646238769271202,0.0
MG_L10_T2_C0,10,0.02,0.0,18,AUR,-0.04983808403939605,0.0
MG_L10_T2_C0,10,0.02,0.0,19,AUR,-0.07153041506468505,0.0
MG_L10_T2_C0,10,0.02,0.0,20,AUR,0.007958428731458023,0.0
MG_L10_T2_C0,10,0.02,0.0,21,AUR,0.02844991323536905,1.0
MG_L10_T2_C0,10,0.02,0.0,22,AUR,-0.00015235533638713328,0.0
MG_L10_T2_C0,10,0.02,0.0,23,AUR,0.02530012449949237,1.0
MG_L10_T2_C0,10,0.02,0.0,24,AUR,0.019704591543296957,0.0
MG_L10_T2_C0,10,0.02,0.0,25,AUR,-0.040234629361876495,0.0
MG_L10_T2_C0,10,0.02,0.0,26,AUR,0.021172061998056435,1.0
MG_L10_T2_C0,10,0.02,0.0,27,AUR,-0.0035846388568444576,0.0
MG_L10_T2_C0,10,0.02,0.0,28,AUR,-0.05810515029247898,0.0
MG_L10_T2_C0,10,0.02,0.0,29,AUR,0.0019735373273159773,0.0
MG_L10_T2_C0,10,0.02,0.0,30,AUR,0.015199074177126182,0.0
MG_L10_T2_C0,10,0.02,0.0,31,AUR,-5.602109090485641e-05,0.0
MG_L10_T2_C0,10,0.02,0.0,32,AUR,0.020231252605535932,1.0
MG_L10_T2_C0,10,0.02,0.0,33,AUR,0.019478489744715333,0.0
MG_L10_T2_C0,10,0.02,0.0,34,AUR,0.014849482370904665,0.0
MG_L10_T2_C0,10,0.02,0.0,35,AUR,0.03815200036570077,1.0
MG_L10_T2_C0,10,0.02,0.0,36,AUR,-0.0057411287987731985,0.0
MG_L10_T2_C0,10,0.02,0.0,37,AUR,0.01475772666909192,0.0
MG_L10_T2_C0,10,0.02,0.0,38,AUR,0.02152885007329086,1.0
MG_L10_T2_C0,10,0.02,0.0,39,AUR,0.007142675700425372,0.0
MG_L10_T2_C0,10,0.02,0.0,40,AUR,0.02305433466188167,1.0
MG_L10_T2_C0,10,0.02,0.0,41,AUR,0.004780067860613801,0.0
MG_L10_T2_C0,10,0.02,0.0,42,AUR,-0.012616246752197746,0.0
MG_L10_T2_C0,10,0.02,0.0,43,AUR,-0.003975598907737021,0.0
MG_L10_T2_C0,10,0.02,0.0,44,AUR,0.0028192661541355246,0.0
MG_L10_T2_C0,10,0.02,0.0,45,AUR,0.007970925304971788,0.0
MG_L10_T2_C0,10,0.02,0.0,46,AUR,0.0011254035944787688,0.0
MG_L10_T2_C0,10,0.02,0.0,47,AUR,0.029188662445100544,1.0
MG_L10_T2_C0,10,0.02,0.0,48,AUR,-0.0011439371081541916,0.0
MG_L10_T2_C0,10,0.02,0.0,49,AUR,0.001648315700812919,0.0
MG_L10_T2_C0,10,0.02,0.0,50,AUR,-0.012079041093308485,0.0
MG_L10_T2_C0,10,0.02,0.0,51,AUR,-0.004127759204843762,0.0
MG_L10_T2_C0,10,0.02,0.0,52,AUR,-0.016605569663335706,0.0
MG_L10_T2_C0,10,0.02,0.0,0,QAUR,0.022221277009938367,1.0
MG_L10_T2_C0,10,0.02,0.0,1,QAUR,-0.09480684728788336,0.0
MG_L10_T2_C0,10,0.02,0.0,2,QAUR,0.037309782624986854,1.0
MG_L10_T2_C0,10,0.02,0.0,3,QAUR,0.006446073620553161,0.0
MG_L10_T2_C0,10,0.02,0.0,4,QAUR,0.03834704706258907,1.0
MG_L10_T2_C0,10,0.02,0.0,5,QAUR,-0.0036040692020918863,0.0
MG_L10_T2_C0,10,0.02,0.0,6,QAUR,-0.07381937464527344,0.0
MG_L10_T2_C0,10,0.02,0.0,7,QAUR,-0.08673213446256589,0.0
MG_L10_T2_C0,10,0.02,0.0,8,QAUR,0.1567477717346799,1.0
MG_L10_T2_C0,10,0.02,0.0,9,QAUR,-0.0536092396530885,0.0
MG_L10_T2_C0,10,0.02,0.0,10,QAUR,0.04502457637314716,1.0
MG_L10_T2_C0,10,0.02,0.0,11,QAUR,0.018971620616144325,0.0
MG_L10_T2_C0,10,0.02,0.0,12,QAUR,-0.008910132226194412,0.0
MG_L10_T2_C0,10,0.02,0.0,13,QAUR,0.007622413219785296,0.0
MG_L10_T2_C0,10,0.02,0.0,14,QAUR,0.07249147002692324,1.0
MG_L10_T2_C0,10,0.02,0.0,15,QAUR,-0.004126820566626832,0.0
MG_L10_T2_C0,10,0.02,0.0,16,QAUR,0.018893932936332014,0.0
MG_L10_T2_C0,10,0.02,0.0,17,QAUR,-0.01646238769271202,0.0
MG_L10_T2_C0,10,0.02,0.0,18,QAUR,-0.04983808403939605,0.0
MG_L10_T2_C0,10,0.02,0.0,19,QAUR,-0.07153041506468505,0.0
MG_L10_T2_C0,10,0.02,0.0,20,QAUR,0.007958428731458023,0.0
MG_L10_T2_C0,10,0.02,0.0,21,QAUR,0.02844991323536905,1.0
MG_L10_T2_C0,10,0.02,0.0,22,QAUR,-0.00015235533638713328,0.0
MG_L10_T2_C0,10,0.02,0.0,23,QAUR,0.02530012449949237,1.0
MG_L10_T2_C0,10,0.02,0.0,24,QAUR,0.019704591543296957,0.0
MG_L10_T2_C0,10,0.02,0.0,25,QAUR,-0.040234629361876495,0.0
MG_L10_T2_C0,10,0.02,0.0,26,QAUR,0.021172061998056435,1.0
MG_L10_T2_C0,10,0.02,0.0,27,QAUR,-0.0035846388568444576,0.0
MG_L10_T2_C0,10,0.02,0.0,28,QAUR,-0.05810515029247898,0.0
MG_L10_T2_C0,10,0.02,0.0,29,QAUR,0.0019735373273159773,0.0
MG_L10_T2_C0,10,0.02,0.0,30,QAUR,0.015199074177126182,0.0
MG_L10_T2_C0,10,0.02,0.0,31,QAUR,-5.602109090485641e-05,0.0
MG_L10_T2_C0,10,0.02,0.0,32,QAUR,0.020231252605535932,1.0
MG_L10_T2_C0,10,0.02,0.0,33,QAUR,0.019478489744715333,0.0
MG_L10_T2_C0,10,0.02,0.0,34,QAUR,0.014849482370904665,0.0
MG_L10_T2_C0,10,0.02,0.0,35,QAUR,0.03815200036570077,1.0
MG_L10_T2_C0,10,0.02,0.0,36,QAUR,-0.0057411287987731985,0.0
MG_L10_T2_C0,10,0.02,0.0,37,QAUR,0.01475772666909192,0.0
MG_L10_T2_C0,10,0.02,0.0,38,QAUR,0.02152885007329086,1.0
MG_L10_T2_C0,10,0.02,0.0,39,QAUR,0.007142675700425372,0.0
MG_L10_T2_C0,10,0.02,0.0,40,QAUR,0.02305433466188167,1.0
MG_L10_T2_C0,10,0.02,0.0,41,QAUR,0.004780067860613801,0.0
MG_L10_T2_C0,10,0.02,0.0,42,QAUR,-0.012616246752197746,0.0
MG_L10_T2_C0,10,0.02,0.0,43,QAUR,-0.003975598907737021,0.0
MG_L10_T2_C0,10,0.02,0.0,44,QAUR,0.0028192661541355246,0.0
MG_L10_T2_C0,10,0.02,0.0,45,QAUR,0.007970925304971788,0.0
MG_L10_T2_C0,10,0.02,0.0,46,QAUR,0.0011254035944787688,0.0
MG_L10_T2_C0,10,0.02,0.0,47,QAUR,0.029188662445100544,1.0
MG_L10_T2_C0,10,0.02,0.0,48,QAUR,-0.0011439371081541916,0.0
MG_L10_T2_C0,10,0.02,0.0,49,QAUR,0.001648315700812919,0.0
MG_L10_T2_C0,10,0.02,0.0,50,QAUR,-0.012079041093308485,0.0
MG_L10_T2_C0,10,0.02,0.0,51,QAUR,-0.004127759204843762,0.0
MG_L10_T2_C0,10,0.02,0.0,52,QAUR,-0.016605569663335706,0.0
MG_L10_T2_C25,10,0.02,25.0,0,AUR,0.022221277009938367,1.0
MG_L10_T2_C25,10,0.02,25.0,1,AUR,-0.09480684728788336,0.0
MG_L10_T2_C25,10,0.02,25.0,2,AUR,0.037309782624986854,1.0
MG_L10_T2_C25,10,0.02,25.0,3,AUR,0.006446073620553161,0.0
MG_L10_T2_C25,10,0.02,25.0,4,AUR,0.03834704706258907,1.0
MG_L10_T2_C25,10,0.02,25.0,5,AUR,-0.0036040692020918863,0.0
MG_L10_T2_C25,10,0.02,25.0,6,AUR,-0.07381937464527344,0.0
MG_L10_T2_C25,10,0.02,25.0,7,AUR,-0.08673213446256589,0.0
MG_L10_T2_C25,10,0.02,25.0,8,AUR,0.1567477717346799,1.0
MG_L10_T2_C25,10,0.02,25.0,9,AUR,-0.0536092396530885,0.0
MG_L10_T2_C25,10,0.02,25.0,10,AUR,0.04502457637314716,1.0
MG_L10_T2_C25,10,0.02,25.0,11,AUR,0.018971620616144325,0.0
MG_L10_T2_C25,10,0.02,25.0,12,AUR,-0.008910132226194412,0.0
MG_L10_T2_C25,10,0.02,25.0,13,AUR,0.007622413219785296,0.0
MG_L10_T2_C25,10,0.02,25.0,14,AUR,0.07249147002692324,1.0
MG_L10_T2_C25,10,0.02,25.0,15,AUR,-0.004126820566626832,0.0
MG_L10_T2_C25,10,0.02,25.0,16,AUR,0.018893932936332014,0.0
MG_L10_T2_C25,10,0.02,25.0,17,AUR,-0.01646238769271202,0.0
MG_L10_T2_C25,10,0.02,25.0,18,AUR,-0.04983808403939605,0.0
MG_L10_T2_C25,10,0.02,25.0,19,AUR,-0.07153041506468505,0.0
MG_L10_T2_C25,10,0.02,25.0,20,AUR,0.007958428731458023,0.0
MG_L10_T2_C25,10,0.02,25.0,21,AUR,0.02844991323536905,1.0
MG_L10_T2_C25,10,0.02,25.0,22,AUR,-0.00015235533638713328,0.0
MG_L10_T2_C25,10,0.02,25.0,23,AUR,0.02530012449949237,1.0
MG_L10_T2_C25,10,0.02,25.0,24,AUR,0.019704591543296957,0.0
MG_L10_T2_C25,10,0.02,25.0,25,AUR,-0.040234629361876495,0.0
MG_L10_T2_C25,10,0.02,25.0,26,AUR,0.021172061998056435,1.0
MG_L10_T2_C25,10,0.02,25.0,27,AUR,-0.0035846388568444576,0.0
MG_L10_T2_C25,10,0.02,25.0,28,AUR,-0.05810515029247898,0.0
MG_L10_T2_C25,10,0.02,25.0,29,AUR,0.0019735373273159773,0.0
MG_L10_T2_C25,10,0.02,25.0,30,AUR,0.015199074177126182,0.0
MG_L10_T2_C25,10,0.02,25.0,31,AUR,-5.602109090485641e-05,0.0
MG_L10_T2_C25,10,0.02,25.0,32,AUR,0.020231252605535932,1.0
MG_L10_T2_C25,10,0.02,25.0,33,AUR,0.019478489744715333,0.0
MG_L10_T2_C25,10,0.02,25.0,34,AUR,0.014849482370904665,0.0
MG_L10_T2_C25,10,0.02,25.0,35,AUR,0.03815200036570077,1.0
MG_L10_T2_C25,10,0.02,25.0,36,AUR,-0.0057411287987731985,0.0
MG_L10_T2_C25,10,0.02,25.0,37,AUR,0.01475772666909192,0.0
MG_L10_T2_C25,10,0.02,25.0,38,AUR,0.02152885007329086,1.0
MG_L10_T2_C25,10,0.02,25.0,39,AUR,0.007142675700425372,0.0
MG_L10_T2_C25,10,0.02,25.0,40,AUR,0.02305433466188167,1.0
MG_L10_T2_C25,10,0.02,25.0,41,AUR,0.004780067860613801,0.0
MG_L10_T2_C25,10,0.02,25.0,42,AUR,-0.012616246752197746,0.0
MG_L10_T2_C25,10,0.02,25.0,43,AUR,-0.003975598907737021,0.0
MG_L10_T2_C25,10,0.02,25.0,44,AUR,0.0028192661541355246,0.0
MG_L10_T2_C25,10,0.02,25.0,45,AUR,0.007970925304971788,0.0
MG_L10_T2_C25,10,0.02,25.0,46,AUR,0.0011254035944787688,0.0
MG_L10_T2_C25,10,0.02,25.0,47,AUR,0.029188662445100544,1.0
MG_L10_T2_C25,10,0.02,25.0,48,AUR,-0.0011439371081541916,0.0
MG_L10_T2_C25,10,0.02,25.0,49,AUR,0.001648315700812919,0.0
MG_L10_T2_C25,10,0.02,25.0,50,AUR,-0.012079041093308485,0.0
MG_L10_T2_C25,10,0.02,25.0,51,AUR,-0.004127759204843762,0.0
MG_L10_T2_C25,10,0.02,25.0,52,AUR,-0.016605569663335706,0.0
MG_L10_T2_C25,10,0.02,25.0,0,QAUR,0.022221277009938367,1.0
MG_L10_T2_C25,10,0.02,25.0,1,QAUR,-0.09480684728788336,0.0
MG_L10_T2_C25,10,0.02,25.0,2,QAUR,0.037309782624986854,1.0
MG_L10_T2_C25,10,0.02,25.0,3,QAUR,0.006446073620553161,0.0
MG_L10_T2_C25,10,0.02,25.0,4,QAUR,0.03834704706258907,1.0
MG_L10_T2_C25,10,0.02,25.0,5,QAUR,-0.0036040692020918863,0.0
MG_L10_T2_C25,10,0.02,25.0,6,QAUR,-0.07381937464527344,0.0
MG_L10_T2_C25,10,0.02,25.0,7,QAUR,-0.08673213446256589,0.0
MG_L10_T2_C25,10,0.02,25.0,8,QAUR,0.1567477717346799,1.0
MG_L10_T2_C25,10,0.02,25.0,9,QAUR,-0.0536092396530885,0.0
MG_L10_T2_C25,10,0.02,25.0,10,QAUR,0.04502457637314716,1.0
MG_L10_T2_C25,10,0.02,25.0,11,QAUR,0.018971620616144325,0.0
MG_L10_T2_C25,10,0.02,25.0,12,QAUR,-0.008910132226194412,0.0
MG_L10_T2_C25,10,0.02,25.0,13,QAUR,0.007622413219785296,0.0
MG_L10_T2_C25,10,0.02,25.0,14,QAUR,0.07249147002692324,1.0
MG_L10_T2_C25,10,0.02,25.0,15,QAUR,-0.004126820566626832,0.0
MG_L10_T2_C25,10,0.02,25.0,16,QAUR,0.018893932936332014,0.0
MG_L10_T2_C25,10,0.02,25.0,17,QAUR,-0.01646238769271202,0.0
MG_L10_T2_C25,10,0.02,25.0,18,QAUR,-0.04983808403939605,0.0
MG_L10_T2_C25,10,0.02,25.0,19,QAUR,-0.07153041506468505,0.0
MG_L10_T2_C25,10,0.02,25.0,20,QAUR,0.007958428731458023,0.0
MG_L10_T2_C25,10,0.02,25.0,21,QAUR,0.02844991323536905,1.0
MG_L10_T2_C25,10,0.02,25.0,22,QAUR,-0.00015235533638713328,0.0
MG_L10_T2_C25,10,0.02,25.0,23,QAUR,0.02530012449949237,1.0
MG_L10_T2_C25,10,0.02,25.0,24,QAUR,0.019704591543296957,0.0
MG_L10_T2_C25,10,0.02,25.0,25,QAUR,-0.040234629361876495,0.0
MG_L10_T2_C25,10,0.02,25.0,26,QAUR,0.021172061998056435,1.0
MG_L10_T2_C25,10,0.02,25.0,27,QAUR,-0.0035846388568444576,0.0
MG_L10_T2_C25,10,0.02,25.0,28,QAUR,-0.05810515029247898,0.0
MG_L10_T2_C25,10,0.02,25.0,29,QAUR,0.0019735373273159773,0.0
MG_L10_T2_C25,10,0.02,25.0,30,QAUR,0.015199074177126182,0.0
MG_L10_T2_C25,10,0.02,25.0,31,QAUR,-5.602109090485641e-05,0.0
MG_L10_T2_C25,10,0.02,25.0,32,QAUR,0.020231252605535932,1.0
MG_L10_T2_C25,10,0.02,25.0,33,QAUR,0.019478489744715333,0.0
MG_L10_T2_C25,10,0.02,25.0,34,QAUR,0.014849482370904665,0.0
MG_L10_T2_C25,10,0.02,25.0,35,QAUR,0.03815200036570077,1.0
MG_L10_T2_C25,10,0.02,25.0,36,QAUR,-0.0057411287987731985,0.0
MG_L10_T2_C25,10,0.02,25.0,37,QAUR,0.01475772666909192,0.0
MG_L10_T2_C25,10,0.02,25.0,38,QAUR,0.02152885007329086,1.0
MG_L10_T2_C25,10,0.02,25.0,39,QAUR,0.007142675700425372,0.0
MG_L10_T2_C25,10,0.02,25.0,40,QAUR,0.02305433466188167,1.0
MG_L10_T2_C25,10,0.02,25.0,41,QAUR,0.004780067860613801,0.0
MG_L10_T2_C25,10,0.02,25.0,42,QAUR,-0.012616246752197746,0.0
MG_L10_T2_C25,10,0.02,25.0,43,QAUR,-0.003975598907737021,0.0
MG_L10_T2_C25,10,0.02,25.0,44,QAUR,0.0028192661541355246,0.0
MG_L10_T2_C25,10,0.02,25.0,45,QAUR,0.007970925304971788,0.0
MG_L10_T2_C25,10,0.02,25.0,46,QAUR,0.0011254035944787688,0.0
MG_L10_T2_C25,10,0.02,25.0,47,QAUR,0.029188662445100544,1.0
MG_L10_T2_C25,10,0.02,25.0,48,QAUR,-0.0011439371081541916,0.0
MG_L10_T2_C25,10,0.02,25.0,49,QAUR,0.001648315700812919,0.0
MG_L10_T2_C25,10,0.02,25.0,50,QAUR,-0.012079041093308485,0.0
MG_L10_T2_C25,10,0.02,25.0,51,QAUR,-0.004127759204843762,0.0
MG_L10_T2_C25,10,0.02,25.0,52,QAUR,-0.016605569663335706,0.0
MG_L10_T2_C50,10,0.02,50.0,0,AUR,0.022221277009938367,1.0
MG_L10_T2_C50,10,0.02,50.0,1,AUR,-0.09480684728788336,0.0
MG_L10_T2_C50,10,0.02,50.0,2,AUR,0.037309782624986854,1.0
MG_L10_T2_C50,10,0.02,50.0,3,AUR,0.006446073620553161,0.0
MG_L10_T2_C50,10,0.02,50.0,4,AUR,0.03834704706258907,1.0
MG_L10_T2_C50,10,0.02,50.0,5,AUR,-0.0036040692020918863,0.0
MG_L10_T2_C50,10,0.02,50.0,6,AUR,-0.07381937464527344,0.0
MG_L10_T2_C50,10,0.02,50.0,7,AUR,-0.08673213446256589,0.0
MG_L10_T2_C50,10,0.02,50.0,8,AUR,0.1567477717346799,1.0
MG_L10_T2_C50,10,0.02,50.0,9,AUR,-0.0536092396530885,0.0
MG_L10_T2_C50,10,0.02,50.0,10,AUR,0.04502457637314716,1.0
MG_L10_T2_C50,10,0.02,50.0,11,AUR,0.018971620616144325,0.0
MG_L10_T2_C50,10,0.02,50.0,12,AUR,-0.008910132226194412,0.0
MG_L10_T2_C50,10,0.02,50.0,13,AUR,0.007622413219785296,0.0
MG_L10_T2_C50,10,0.02,50.0,14,AUR,0.07249147002692324,1.0
MG_L10_T2_C50,10,0.02,50.0,15,AUR,-0.004126820566626832,0.0
MG_L10_T2_C50,10,0.02,50.0,16,AUR,0.018893932936332014,0.0
MG_L10_T2_C50,10,0.02,50.0,17,AUR,-0.01646238769271202,0.0
MG_L10_T2_C50,10,0.02,50.0,18,AUR,-0.04983808403939605,0.0
MG_L10_T2_C50,10,0.02,50.0,19,AUR,-0.07153041506468505,0.0
MG_L10_T2_C50,10,0.02,50.0,20,AUR,0.007958428731458023,0.0
MG_L10_T2_C50,10,0.02,50.0,21,AUR,0.02844991323536905,1.0
MG_L10_T2_C50,10,0.02,50.0,22,AUR,-0.00015235533638713328,0.0
MG_L10_T2_C50,10,0.02,50.0,23,AUR,0.02530012449949237,1.0
MG_L10_T2_C50,10,0.02,50.0,24,AUR,0.019704591543296957,0.0
MG_L10_T2_C50,10,0.02,50.0,25,AUR,-0.040234629361876495,0.0
MG_L10_T2_C50,10,0.02,50.0,26,AUR,0.021172061998056435,1.0
MG_L10_T2_C50,10,0.02,50.0,27,AUR,-0.0035846388568444576,0.0
MG_L10_T2_C50,10,0.02,50.0,28,AUR,-0.05810515029247898,0.0
MG_L10_T2_C50,10,0.02,50.0,29,AUR,0.0019735373273159773,0.0
MG_L10_T2_C50,10,0.02,50.0,30,AUR,0.015199074177126182,0.0
MG_L10_T2_C50,10,0.02,50.0,31,AUR,-5.602109090485641e-05,0.0
MG_L10_T2_C50,10,0.02,50.0,32,AUR,0.020231252605535932,1.0
MG_L10_T2_C50,10,0.02,50.0,33,AUR,0.019478489744715333,0.0
MG_L10_T2_C50,10,0.02,50.0,34,AUR,0.014849482370904665,0.0
MG_L10_T2_C50,10,0.02,50.0,35,AUR,0.03815200036570077,1.0
MG_L10_T2_C50,10,0.02,50.0,36,AUR,-0.0057411287987731985,0.0
MG_L10_T2_C50,10,0.02,50.0,37,AUR,0.01475772666909192,0.0
MG_L10_T2_C50,10,0.02,50.0,38,AUR,0.02152885007329086,1.0
MG_L10_T2_C50,10,0.02,50.0,39,AUR,0.007142675700425372,0.0
MG_L10_T2_C50,10,0.02,50.0,40,AUR,0.02305433466188167,1.0
MG_L10_T2_C50,10,0.02,50.0,41,AUR,0.004780067860613801,0.0
MG_L10_T2_C50,10,0.02,50.0,42,AUR,-0.012616246752197746,0.0
MG_L10_T2_C50,10,0.02,50.0,43,AUR,-0.003975598907737021,0.0
MG_L10_T2_C50,10,0.02,50.0,44,AUR,0.0028192661541355246,0.0
MG_L10_T2_C50,10,0.02,50.0,45,AUR,0.007970925304971788,0.0
MG_L10_T2_C50,10,0.02,50.0,46,AUR,0.0011254035944787688,0.0
MG_L10_T2_C50,10,0.02,50.0,47,AUR,0.029188662445100544,1.0
MG_L10_T2_C50,10,0.02,50.0,48,AUR,-0.0011439371081541916,0.0
MG_L10_T2_C50,10,0.02,50.0,49,AUR,0.001648315700812919,0.0
MG_L10_T2_C50,10,0.02,50.0,50,AUR,-0.012079041093308485,0.0
MG_L10_T2_C50,10,0.02,50.0,51,AUR,-0.004127759204843762,0.0
MG_L10_T2_C50,10,0.02,50.0,52,AUR,-0.016605569663335706,0.0
MG_L10_T2_C50,10,0.02,50.0,0,QAUR,0.022221277009938367,1.0
MG_L10_T2_C50,10,0.02,50.0,1,QAUR,-0.09480684728788336,0.0
MG_L10_T2_C50,10,0.02,50.0,2,QAUR,0.037309782624986854,1.0
MG_L10_T2_C50,10,0.02,50.0,3,QAUR,0.006446073620553161,0.0
MG_L10_T2_C50,10,0.02,50.0,4,QAUR,0.03834704706258907,1.0
MG_L10_T2_C50,10,0.02,50.0,5,QAUR,-0.0036040692020918863,0.0
MG_L10_T2_C50,10,0.02,50.0,6,QAUR,-0.07381937464527344,0.0
MG_L10_T2_C50,10,0.02,50.0,7,QAUR,-0.08673213446256589,0.0
MG_L10_T2_C50,10,0.02,50.0,8,QAUR,0.1567477717346799,1.0
MG_L10_T2_C50,10,0.02,50.0,9,QAUR,-0.0536092396530885,0.0
MG_L10_T2_C50,10,0.02,50.0,10,QAUR,0.04502457637314716,1.0
MG_L10_T2_C50,10,0.02,50.0,11,QAUR,0.018971620616144325,0.0
MG_L10_T2_C50,10,0.02,50.0,12,QAUR,-0.008910132226194412,0.0
MG_L10_T2_C50,10,0.02,50.0,13,QAUR,0.007622413219785296,0.0
MG_L10_T2_C50,10,0.02,50.0,14,QAUR,0.07249147002692324,1.0
MG_L10_T2_C50,10,0.02,50.0,15,QAUR,-0.004126820566626832,0.0
MG_L10_T2_C50,10,0.02,50.0,16,QAUR,0.018893932936332014,0.0
MG_L10_T2_C50,10,0.02,50.0,17,QAUR,-0.01646238769271202,0.0
MG_L10_T2_C50,10,0.02,50.0,18,QAUR,-0.04983808403939605,0.0
MG_L10_T2_C50,10,0.02,50.0,19,QAUR,-0.07153041506468505,0.0
MG_L10_T2_C50,10,0.02,50.0,20,QAUR,0.007958428731458023,0.0
MG_L10_T2_C50,10,0.02,50.0,21,QAUR,0.02844991323536905,1.0
MG_L10_T2_C50,10,0.02,50.0,22,QAUR,-0.00015235533638713328,0.0
MG_L10_T2_C50,10,0.02,50.0,23,QAUR,0.02530012449949237,1.0
MG_L10_T2_C50,10,0.02,50.0,24,QAUR,0.019704591543296957,0.0
MG_L10_T2_C50,10,0.02,50.0,25,QAUR,-0.040234629361876495,0.0
MG_L10_T2_C50,10,0.02,50.0,26,QAUR,0.021172061998056435,1.0
MG_L10_T2_C50,10,0.02,50.0,27,QAUR,-0.0035846388568444576,0.0
MG_L10_T2_C50,10,0.02,50.0,28,QAUR,-0.05810515029247898,0.0
MG_L10_T2_C50,10,0.02,50.0,29,QAUR,0.0019735373273159773,0.0
MG_L10_T2_C50,10,0.02,50.0,30,QAUR,0.015199074177126182,0.0
MG_L10_T2_C50,10,0.02,50.0,31,QAUR,-5.602109090485641e-05,0.0
MG_L10_T2_C50,10,0.02,50.0,32,QAUR,0.020231252605535932,1.0
MG_L10_T2_C50,10,0.02,50.0,33,QAUR,0.019478489744715333,0.0
MG_L10_T2_C50,10,0.02,50.0,34,QAUR,0.014849482370904665,0.0
MG_L10_T2_C50,10,0.02,50.0,35,QAUR,0.03815200036570077,1.0
MG_L10_T2_C50,10,0.02,50.0,36,QAUR,-0.0057411287987731985,0.0
MG_L10_T2_C50,10,0.02,50.0,37,QAUR,0.01475772666909192,0.0
MG_L10_T2_C50,10,0.02,50.0,38,QAUR,0.02152885007329086,1.0
MG_L10_T2_C50,10,0.02,50.0,39,QAUR,0.007142675700425372,0.0
MG_L10_T2_C50,10,0.02,50.0,40,QAUR,0.02305433466188167,1.0
MG_L10_T2_C50,10,0.02,50.0,41,QAUR,0.004780067860613801,0.0
MG_L10_T2_C50,10,0.02,50.0,42,QAUR,-0.012616246752197746,0.0
MG_L10_T2_C50,10,0.02,50.0,43,QAUR,-0.003975598907737021,0.0
MG_L10_T2_C50,10,0.02,50.0,44,QAUR,0.0028192661541355246,0.0
MG_L10_T2_C50,10,0.02,50.0,45,QAUR,0.007970925304971788,0.0
MG_L10_T2_C50,10,0.02,50.0,46,QAUR,0.0011254035944787688,0.0
MG_L10_T2_C50,10,0.02,50.0,47,QAUR,0.029188662445100544,1.0
MG_L10_T2_C50,10,0.02,50.0,48,QAUR,-0.0011439371081541916,0.0
MG_L10_T2_C50,10,0.02,50.0,49,QAUR,0.001648315700812919,0.0
MG_L10_T2_C50,10,0.02,50.0,50,QAUR,-0.012079041093308485,0.0
MG_L10_T2_C50,10,0.02,50.0,51,QAUR,-0.004127759204843762,0.0
MG_L10_T2_C50,10,0.02,50.0,52,QAUR,-0.016605569663335706,0.0
MG_L10_T2_C100,10,0.02,100.0,0,AUR,0.022221277009938367,1.0
MG_L10_T2_C100,10,0.02,100.0,1,AUR,-0.09480684728788336,0.0
MG_L10_T2_C100,10,0.02,100.0,2,AUR,0.037309782624986854,1.0
MG_L10_T2_C100,10,0.02,100.0,3,AUR,0.006446073620553161,0.0
MG_L10_T2_C100,10,0.02,100.0,4,AUR,0.03834704706258907,1.0
MG_L10_T2_C100,10,0.02,100.0,5,AUR,-0.0036040692020918863,0.0
MG_L10_T2_C100,10,0.02,100.0,6,AUR,-0.07381937464527344,0.0
MG_L10_T2_C100,10,0.02,100.0,7,AUR,-0.08673213446256589,0.0
MG_L10_T2_C100,10,0.02,100.0,8,AUR,0.1567477717346799,1.0
MG_L10_T2_C100,10,0.02,100.0,9,AUR,-0.0536092396530885,0.0
MG_L10_T2_C100,10,0.02,100.0,10,AUR,0.04502457637314716,1.0
MG_L10_T2_C100,10,0.02,100.0,11,AUR,0.018971620616144325,0.0
MG_L10_T2_C100,10,0.02,100.0,12,AUR,-0.008910132226194412,0.0
MG_L10_T2_C100,10,0.02,100.0,13,AUR,0.007622413219785296,0.0
MG_L10_T2_C100,10,0.02,100.0,14,AUR,0.07249147002692324,1.0
MG_L10_T2_C100,10,0.02,100.0,15,AUR,-0.004126820566626832,0.0
MG_L10_T2_C100,10,0.02,100.0,16,AUR,0.018893932936332014,0.0
MG_L10_T2_C100,10,0.02,100.0,17,AUR,-0.01646238769271202,0.0
MG_L10_T2_C100,10,0.02,100.0,18,AUR,-0.04983808403939605,0.0
MG_L10_T2_C100,10,0.02,100.0,19,AUR,-0.07153041506468505,0.0
MG_L10_T2_C100,10,0.02,100.0,20,AUR,0.007958428731458023,0.0
MG_L10_T2_C100,10,0.02,100.0,21,AUR,0.02844991323536905,1.0
MG_L10_T2_C100,10,0.02,100.0,22,AUR,-0.00015235533638713328,0.0
MG_L10_T2_C100,10,0.02,100.0,23,AUR,0.02530012449949237,1.0
MG_L10_T2_C100,10,0.02,100.0,24,AUR,0.019704591543296957,0.0
MG_L10_T2_C100,10,0.02,100.0,25,AUR,-0.040234629361876495,0.0
MG_L10_T2_C100,10,0.02,100.0,26,AUR,0.021172061998056435,1.0
MG_L10_T2_C100,10,0.02,100.0,27,AUR,-0.0035846388568444576,0.0
MG_L10_T2_C100,10,0.02,100.0,28,AUR,-0.05810515029247898,0.0
MG_L10_T2_C100,10,0.02,100.0,29,AUR,0.0019735373273159773,0.0
MG_L10_T2_C100,10,0.02,100.0,30,AUR,0.015199074177126182,0.0
MG_L10_T2_C100,10,0.02,100.0,31,AUR,-5.602109090485641e-05,0.0
MG_L10_T2_C100,10,0.02,100.0,32,AUR,0.020231252605535932,1.0
MG_L10_T2_C100,10,0.02,100.0,33,AUR,0.019478489744715333,0.0
MG_L10_T2_C100,10,0.02,100.0,34,AUR,0.014849482370904665,0.0
MG_L10_T2_C100,10,0.02,100.0,35,AUR,0.03815200036570077,1.0
MG_L10_T2_C100,10,0.02,100.0,36,AUR,-0.0057411287987731985,0.0
MG_L10_T2_C100,10,0.02,100.0,37,AUR,0.01475772666909192,0.0
MG_L10_T2_C100,10,0.02,100.0,38,AUR,0.02152885007329086,1.0
MG_L10_T2_C100,10,0.02,100.0,39,AUR,0.007142675700425372,0.0
MG_L10_T2_C100,10,0.02,100.0,40,AUR,0.02305433466188167,1.0
MG_L10_T2_C100,10,0.02,100.0,41,AUR,0.004780067860613801,0.0
MG_L10_T2_C100,10,0.02,100.0,42,AUR,-0.012616246752197746,0.0
MG_L10_T2_C100,10,0.02,100.0,43,AUR,-0.003975598907737021,0.0
MG_L10_T2_C100,10,0.02,100.0,44,AUR,0.0028192661541355246,0.0
MG_L10_T2_C100,10,0.02,100.0,45,AUR,0.007970925304971788,0.0
MG_L10_T2_C100,10,0.02,100.0,46,AUR,0.0011254035944787688,0.0
MG_L10_T2_C100,10,0.02,100.0,47,AUR,0.029188662445100544,1.0
MG_L10_T2_C100,10,0.02,100.0,48,AUR,-0.0011439371081541916,0.0
MG_L10_T2_C100,10,0.02,100.0,49,AUR,0.001648315700812919,0.0
MG_L10_T2_C100,10,0.02,100.0,50,AUR,-0.012079041093308485,0.0
MG_L10_T2_C100,10,0.02,100.0,51,AUR,-0.004127759204843762,0.0
MG_L10_T2_C100,10,0.02,100.0,52,AUR,-0.016605569663335706,0.0
MG_L10_T2_C100,10,0.02,100.0,0,QAUR,0.022221277009938367,1.0
MG_L10_T2_C100,10,0.02,100.0,1,QAUR,-0.09480684728788336,0.0
MG_L10_T2_C100,10,0.02,100.0,2,QAUR,0.037309782624986854,1.0
MG_L10_T2_C100,10,0.02,100.0,3,QAUR,0.006446073620553161,0.0
MG_L10_T2_C100,10,0.02,100.0,4,QAUR,0.03834704706258907,1.0
MG_L10_T2_C100,10,0.02,100.0,5,QAUR,-0.0036040692020918863,0.0
MG_L10_T2_C100,10,0.02,100.0,6,QAUR,-0.07381937464527344,0.0
MG_L10_T2_C100,10,0.02,100.0,7,QAUR,-0.08673213446256589,0.0
MG_L10_T2_C100,10,0.02,100.0,8,QAUR,0.1567477717346799,1.0
MG_L10_T2_C100,10,0.02,100.0,9,QAUR,-0.0536092396530885,0.0
MG_L10_T2_C100,10,0.02,100.0,10,QAUR,0.04502457637314716,1.0
MG_L10_T2_C100,10,0.02,100.0,11,QAUR,0.018971620616144325,0.0
MG_L10_T2_C100,10,0.02,100.0,12,QAUR,-0.008910132226194412,0.0
MG_L10_T2_C100,10,0.02,100.0,13,QAUR,0.007622413219785296,0.0
MG_L10_T2_C100,10,0.02,100.0,14,QAUR,0.07249147002692324,1.0
MG_L10_T2_C100,10,0.02,100.0,15,QAUR,-0.004126820566626832,0.0
MG_L10_T2_C100,10,0.02,100.0,16,QAUR,0.018893932936332014,0.0
MG_L10_T2_C100,10,0.02,100.0,17,QAUR,-0.01646238769271202,0.0
MG_L10_T2_C100,10,0.02,100.0,18,QAUR,-0.04983808403939605,0.0
MG_L10_T2_C100,10,0.02,100.0,19,QAUR,-0.07153041506468505,0.0
MG_L10_T2_C100,10,0.02,100.0,20,QAUR,0.007958428731458023,0.0
MG_L10_T2_C100,10,0.02,100.0,21,QAUR,0.02844991323536905,1.0
MG_L10_T2_C100,10,0.02,100.0,22,QAUR,-0.00015235533638713328,0.0
MG_L10_T2_C100,10,0.02,100.0,23,QAUR,0.02530012449949237,1.0
MG_L10_T2_C100,10,0.02,100.0,24,QAUR,0.019704591543296957,0.0
MG_L10_T2_C100,10,0.02,100.0,25,QAUR,-0.040234629361876495,0.0
MG_L10_T2_C100,10,0.02,100.0,26,QAUR,0.021172061998056435,1.0
MG_L10_T2_C100,10,0.02,100.0,27,QAUR,-0.0035846388568444576,0.0
MG_L10_T2_C100,10,0.02,100.0,28,QAUR,-0.05810515029247898,0.0
MG_L10_T2_C100,10,0.02,100.0,29,QAUR,0.0019735373273159773,0.0
MG_L10_T2_C100,10,0.02,100.0,30,QAUR,0.015199074177126182,0.0
MG_L10_T2_C100,10,0.02,100.0,31,QAUR,-5.602109090485641e-05,0.0
MG_L10_T2_C100,10,0.02,100.0,32,QAUR,0.020231252605535932,1.0
MG_L10_T2_C100,10,0.02,100.0,33,QAUR,0.019478489744715333,0.0
MG_L10_T2_C100,10,0.02,100.0,34,QAUR,0.014849482370904665,0.0
MG_L10_T2_C100,10,0.02,100.0,35,QAUR,0.03815200036570077,1.0
MG_L10_T2_C100,10,0.02,100.0,36,QAUR,-0.0057411287987731985,0.0
MG_L10_T2_C100,10,0.02,100.0,37,QAUR,0.01475772666909192,0.0
MG_L10_T2_C100,10,0.02,100.0,38,QAUR,0.02152885007329086,1.0
MG_L10_T2_C100,10,0.02,100.0,39,QAUR,0.007142675700425372,0.0
MG_L10_T2_C100,10,0.02,100.0,40,QAUR,0.02305433466188167,1.0
MG_L10_T2_C100,10,0.02,100.0,41,QAUR,0.004780067860613801,0.0
MG_L10_T2_C100,10,0.02,100.0,42,QAUR,-0.012616246752197746,0.0
MG_L10_T2_C100,10,0.02,100.0,43,QAUR,-0.003975598907737021,0.0
MG_L10_T2_C100,10,0.02,100.0,44,QAUR,0.0028192661541355246,0.0
MG_L10_T2_C100,10,0.02,100.0,45,QAUR,0.007970925304971788,0.0
MG_L10_T2_C100,10,0.02,100.0,46,QAUR,0.0011254035944787688,0.0
MG_L10_T2_C100,10,0.02,100.0,47,QAUR,0.029188662445100544,1.0
MG_L10_T2_C100,10,0.02,100.0,48,QAUR,-0.0011439371081541916,0.0
MG_L10_T2_C100,10,0.02,100.0,49,QAUR,0.001648315700812919,0.0
MG_L10_T2_C100,10,0.02,100.0,50,QAUR,-0.012079041093308485,0.0
MG_L10_T2_C100,10,0.02,100.0,51,QAUR,-0.004127759204843762,0.0
MG_L10_T2_C100,10,0.02,100.0,52,QAUR,-0.016605569663335706,0.0
MG_L15_T-2_C0,15,-0.02,0.0,0,AUR,0.03571347743120379,1.0
MG_L15_T-2_C0,15,-0.02,0.0,1,AUR,-0.13721093779597582,0.0
MG_L15_T-2_C0,15,-0.02,0.0,2,AUR,-0.0020293976225008725,1.0
MG_L15_T-2_C0,15,-0.02,0.0,3,AUR,-0.10207938415018936,0.0
MG_L15_T-2_C0,15,-0.02,0.0,4,AUR,0.08688734683158983,1.0
MG_L15_T-2_C0,15,-0.02,0.0,5,AUR,-0.00807449607759203,1.0
MG_L15_T-2_C0,15,-0.02,0.0,6,AUR,-0.07724644345882647,0.0
MG_L15_T-2_C0,15,-0.02,0.0,7,AUR,-0.04810222950195875,0.0
MG_L15_T-2_C0,15,-0.02,0.0,8,AUR,0.1049186728803293,1.0
MG_L15_T-2_C0,15,-0.02,0.0,9,AUR,-0.030212927799112665,0.0
MG_L15_T-2_C0,15,-0.02,0.0,10,AUR,0.046747515475849655,1.0
MG_L15_T-2_C0,15,-0.02,0.0,11,AUR,0.00802690715733445,1.0
MG_L15_T-2_C0,15,-0.02,0.0,12,AUR,-0.01998173317799601,1.0
MG_L15_T-2_C0,15,-0.02,0.0,13,AUR,-0.014195993129672568,1.0
MG_L15_T-2_C0,15,-0.02,0.0,14,AUR,0.08342102622953895,1.0
MG_L15_T-2_C0,15,-0.02,0.0,15,AUR,-0.006734232494365888,1.0
MG_L15_T-2_C0,15,-0.02,0.0,16,AUR,0.03464023828121321,1.0
MG_L15_T-2_C0,15,-0.02,0.0,17,AUR,-0.015251496317091329,1.0
MG_L15_T-2_C0,15,-0.02,0.0,18,AUR,-0.07788511610279436,0.0
MG_L15_T-2_C0,15,-0.02,0.0,19,AUR,-0.09931169674826079,0.0
MG_L15_T-2_C0,15,-0.02,0.0,20,AUR,0.0157856468902704,1.0
MG_L15_T-2_C0,15,-0.02,0.0,21,AUR,0.01407041001576781,1.0
MG_L15_T-2_C0,15,-0.02,0.0,22,AUR,-0.009968562150078797,1.0
MG_L15_T-2_C0,15,-0.02,0.0,23,AUR,0.038266481839041466,1.0
MG_L15_T-2_C0,15,-0.02,0.0,24,AUR,0.029713026040224966,1.0
MG_L15_T-2_C0,15,-0.02,0.0,25,AUR,-0.05369921697698865,0.0
MG_L15_T-2_C0,15,-0.02,0.0,26,AUR,0.036167641108838966,1.0
MG_L15_T-2_C0,15,-0.02,0.0,27,AUR,-0.017817195356116367,1.0
MG_L15_T-2_C0,15,-0.02,0.0,28,AUR,-0.07192947671107108,0.0
MG_L15_T-2_C0,15,-0.02,0.0,29,AUR,0.021720569605208517,1.0
MG_L15_T-2_C0,15,-0.02,0.0,30,AUR,0.01925388365701286,1.0
MG_L15_T-2_C0,15,-0.02,0.0,31,AUR,0.002484348044151208,1.0
MG_L15_T-2_C0,15,-0.02,0.0,32,AUR,0.002534278255788891,1.0
MG_L15_T-2_C0,15,-0.02,0.0,33,AUR,0.01323361979459281,1.0
MG_L15_T-2_C0,15,-0.02,0.0,34,AUR,-0.0025695742660996057,1.0
MG_L15_T-2_C0,15,-0.02,0.0,35,AUR,0.046323590778710066,1.0
MG_L15_T-2_C0,15,-0.02,0.0,36,AUR,-0.013090702102089735,1.0
MG_L15_T-2_C0,15,-0.02,0.0,37,AUR,0.06441796159009772,1.0
MG_L15_T-2_C0,15,-0.02,0.0,38,AUR,0.0315510793490561,1.0
MG_L15_T-2_C0,15,-0.02,0.0,39,AUR,0.017774457371436014,1.0
MG_L15_T-2_C0,15,-0.02,0.0,40,AUR,0.05149287724141205,1.0
MG_L15_T-2_C0,15,-0.02,0.0,41,AUR,0.012779465249393107,1.0
MG_L15_T-2_C0,15,-0.02,0.0,42,AUR,0.014852341621161225,1.0
MG_L15_T-2_C0,15,-0.02,0.0,43,AUR,-0.01972787887507177,1.0
MG_L15_T-2_C0,15,-0.02,0.0,44,AUR,0.022339163131722684,1.0
MG_L15_T-2_C0,15,-0.02,0.0,45,AUR,-0.005026590523525942,1.0
MG_L15_T-2_C0,15,-0.02,0.0,46,AUR,0.008534101748647993,1.0
MG_L15_T-2_C0,15,-0.02,0.0,47,AUR,0.02026859801722103,1.0
MG_L15_T-2_C0,15,-0.02,0.0,48,AUR,-0.0023664621729957425,1.0
MG_L15_T-2_C0,15,-0.02,0.0,49,AUR,0.029746358983862464,1.0
MG_L15_T-2_C0,15,-0.02,0.0,50,AUR,-0.009501976837746229,1.0
MG_L15_T-2_C0,15,-0.02,0.0,51,AUR,0.006434770171198423,1.0
MG_L15_T-2_C0,15,-0.02,0.0,52,AUR,-0.035603242650593,0.0
MG_L15_T-2_C0,15,-0.02,0.0,0,QAUR,0.03571347743120379,1.0
MG_L15_T-2_C0,15,-0.02,0.0,1,QAUR,-0.13721093779597582,0.0
MG_L15_T-2_C0,15,-0.02,0.0,2,QAUR,-0.0020293976225008725,1.0
MG_L15_T-2_C0,15,-0.02,0.0,3,QAUR,-0.10207938415018936,0.0
MG_L15_T-2_C0,15,-0.02,0.0,4,QAUR,0.08688734683158983,1.0
MG_L15_T-2_C0,15,-0.02,0.0,5,QAUR,-0.00807449607759203,1.0
MG_L15_T-2_C0,15,-0.02,0.0,6,QAUR,-0.07724644345882647,0.0
MG_L15_T-2_C0,15,-0.02,0.0,7,QAUR,-0.04810222950195875,0.0
MG_L15_T-2_C0,15,-0.02,0.0,8,QAUR,0.1049186728803293,1.0
MG_L15_T-2_C0,15,-0.02,0.0,9,QAUR,-0.030212927799112665,0.0
MG_L15_T-2_C0,15,-0.02,0.0,10,QAUR,0.046747515475849655,1.0
MG_L15_T-2_C0,15,-0.02,0.0,11,QAUR,0.00802690715733445,1.0
MG_L15_T-2_C0,15,-0.02,0.0,12,QAUR,-0.01998173317799601,1.0
MG_L15_T-2_C0,15,-0.02,0.0,13,QAUR,-0.014195993129672568,1.0
MG_L15_T-2_C0,15,-0.02,0.0,14,QAUR,0.08342102622953895,1.0
MG_L15_T-2_C0,15,-0.02,0.0,15,QAUR,-0.006734232494365888,1.0
MG_L15_T-2_C0,15,-0.02,0.0,16,QAUR,0.03464023828121321,1.0
MG_L15_T-2_C0,15,-0.02,0.0,17,QAUR,-0.015251496317091329,1.0
MG_L15_T-2_C0,15,-0.02,0.0,18,QAUR,-0.07788511610279436,0.0
MG_L15_T-2_C0,15,-0.02,0.0,19,QAUR,-0.09931169674826079,0.0
MG_L15_T-2_C0,15,-0.02,0.0,20,QAUR,0.0157856468902704,1.0
MG_L15_T-2_C0,15,-0.02,0.0,21,QAUR,0.01407041001576781,1.0
MG_L15_T-2_C0,15,-0.02,0.0,22,QAUR,-0.009968562150078797,1.0
MG_L15_T-2_C0,15,-0.02,0.0,23,QAUR,0.038266481839041466,1.0
MG_L15_T-2_C0,15,-0.02,0.0,24,QAUR,0.029713026040224966,1.0
MG_L15_T-2_C0,15,-0.02,0.0,25,QAUR,-0.05369921697698865,0.0
MG_L15_T-2_C0,15,-0.02,0.0,26,QAUR,0.036167641108838966,1.0
MG_L15_T-2_C0,15,-0.02,0.0,27,QAUR,-0.017817195356116367,1.0
MG_L15_T-2_C0,15,-0.02,0.0,28,QAUR,-0.07192947671107108,0.0
MG_L15_T-2_C0,15,-0.02,0.0,29,QAUR,0.021720569605208517,1.0
MG_L15_T-2_C0,15,-0.02,0.0,30,QAUR,0.01925388365701286,1.0
MG_L15_T-2_C0,15,-0.02,0.0,31,QAUR,0.002484348044151208,1.0
MG_L15_T-2_C0,15,-0.02,0.0,32,QAUR,0.002534278255788891,1.0
MG_L15_T-2_C0,15,-0.02,0.0,33,QAUR,0.01323361979459281,1.0
MG_L15_T-2_C0,15,-0.02,0.0,34,QAUR,-0.0025695742660996057,1.0
MG_L15_T-2_C0,15,-0.02,0.0,35,QAUR,0.046323590778710066,1.0
MG_L15_T-2_C0,15,-0.02,0.0,36,QAUR,-0.013090702102089735,1.0
MG_L15_T-2_C0,15,-0.02,0.0,37,QAUR,0.06441796159009772,1.0
MG_L15_T-2_C0,15,-0.02,0.0,38,QAUR,0.0315510793490561,1.0
MG_L15_T-2_C0,15,-0.02,0.0,39,QAUR,0.017774457371436014,1.0
MG_L15_T-2_C0,15,-0.02,0.0,40,QAUR,0.05149287724141205,1.0
MG_L15_T-2_C0,15,-0.02,0.0,41,QAUR,0.012779465249393107,1.0
MG_L15_T-2_C0,15,-0.02,0.0,42,QAUR,0.014852341621161225,1.0
MG_L15_T-2_C0,15,-0.02,0.0,43,QAUR,-0.01972787887507177,1.0
MG_L15_T-2_C0,15,-0.02,0.0,44,QAUR,0.022339163131722684,1.0
MG_L15_T-2_C0,15,-0.02,0.0,45,QAUR,-0.005026590523525942,1.0
MG_L15_T-2_C0,15,-0.02,0.0,46,QAUR,0.008534101748647993,1.0
MG_L15_T-2_C0,15,-0.02,0.0,47,QAUR,0.02026859801722103,1.0
MG_L15_T-2_C0,15,-0.02,0.0,48,QAUR,-0.0023664621729957425,1.0
MG_L15_T-2_C0,15,-0.02,0.0,49,QAUR,0.029746358983862464,1.0
MG_L15_T-2_C0,15,-0.02,0.0,50,QAUR,-0.009501976837746229,1.0
MG_L15_T-2_C0,15,-0.02,0.0,51,QAUR,0.006434770171198423,1.0
MG_L15_T-2_C0,15,-0.02,0.0,52,QAUR,-0.035603242650593,0.0
MG_L15_T-2_C25,15,-0.02,25.0,0,AUR,0.03571347743120379,1.0
MG_L15_T-2_C25,15,-0.02,25.0,1,AUR,-0.13721093779597582,0.0
MG_L15_T-2_C25,15,-0.02,25.0,2,AUR,-0.0020293976225008725,1.0
MG_L15_T-2_C25,15,-0.02,25.0,3,AUR,-0.10207938415018936,0.0
MG_L15_T-2_C25,15,-0.02,25.0,4,AUR,0.08688734683158983,1.0
MG_L15_T-2_C25,15,-0.02,25.0,5,AUR,-0.00807449607759203,1.0
MG_L15_T-2_C25,15,-0.02,25.0,6,AUR,-0.07724644345882647,0.0
MG_L15_T-2_C25,15,-0.02,25.0,7,AUR,-0.04810222950195875,0.0
MG_L15_T-2_C25,15,-0.02,25.0,8,AUR,0.1049186728803293,1.0
MG_L15_T-2_C25,15,-0.02,25.0,9,AUR,-0.030212927799112665,0.0
MG_L15_T-2_C25,15,-0.02,25.0,10,AUR,0.046747515475849655,1.0
MG_L15_T-2_C25,15,-0.02,25.0,11,AUR,0.00802690715733445,1.0
MG_L15_T-2_C25,15,-0.02,25.0,12,AUR,-0.01998173317799601,1.0
MG_L15_T-2_C25,15,-0.02,25.0,13,AUR,-0.014195993129672568,1.0
MG_L15_T-2_C25,15,-0.02,25.0,14,AUR,0.08342102622953895,1.0
MG_L15_T-2_C25,15,-0.02,25.0,15,AUR,-0.006734232494365888,1.0
MG_L15_T-2_C25,15,-0.02,25.0,16,AUR,0.03464023828121321,1.0
MG_L15_T-2_C25,15,-0.02,25.0,17,AUR,-0.015251496317091329,1.0
MG_L15_T-2_C25,15,-0.02,25.0,18,AUR,-0.07788511610279436,0.0
MG_L15_T-2_C25,15,-0.02,25.0,19,AUR,-0.09931169674826079,0.0
MG_L15_T-2_C25,15,-0.02,25.0,20,AUR,0.0157856468902704,1.0
MG_L15_T-2_C25,15,-0.02,25.0,21,AUR,0.01407041001576781,1.0
MG_L15_T-2_C25,15,-0.02,25.0,22,AUR,-0.009968562150078797,1.0
MG_L15_T-2_C25,15,-0.02,25.0,23,AUR,0.038266481839041466,1.0
MG_L15_T-2_C25,15,-0.02,25.0,24,AUR,0.029713026040224966,1.0
MG_L15_T-2_C25,15,-0.02,25.0,25,AUR,-0.05369921697698865,0.0
MG_L15_T-2_C25,15,-0.02,25.0,26,AUR,0.036167641108838966,1.0
MG_L15_T-2_C25,15,-0.02,25.0,27,AUR,-0.017817195356116367,1.0
MG_L15_T-2_C25,15,-0.02,25.0,28,AUR,-0.07192947671107108,0.0
MG_L15_T-2_C25,15,-0.02,25.0,29,AUR,0.021720569605208517,1.0
MG_L15_T-2_C25,15,-0.02,25.0,30,AUR,0.01925388365701286,1.0
MG_L15_T-2_C25,15,-0.02,25.0,31,AUR,0.002484348044151208,1.0
MG_L15_T-2_C25,15,-0.02,25.0,32,AUR,0.002534278255788891,1.0
MG_L15_T-2_C25,15,-0.02,25.0,33,AUR,0.01323361979459281,1.0
MG_L15_T-2_C25,15,-0.02,25.0,34,AUR,-0.0025695742660996057,1.0
MG_L15_T-2_C25,15,-0.02,25.0,35,AUR,0.046323590778710066,1.0
MG_L15_T-2_C25,15,-0.02,25.0,36,AUR,-0.013090702102089735,1.0
MG_L15_T-2_C25,15,-0.02,25.0,37,AUR,0.06441796159009772,1.0
MG_L15_T-2_C25,15,-0.02,25.0,38,AUR,0.0315510793490561,1.0
MG_L15_T-2_C25,15,-0.02,25.0,39,AUR,0.017774457371436014,1.0
MG_L15_T-2_C25,15,-0.02,25.0,40,AUR,0.05149287724141205,1.0
MG_L15_T-2_C25,15,-0.02,25.0,41,AUR,0.012779465249393107,1.0
MG_L15_T-2_C25,15,-0.02,25.0,42,AUR,0.014852341621161225,1.0
MG_L15_T-2_C25,15,-0.02,25.0,43,AUR,-0.01972787887507177,1.0
MG_L15_T-2_C25,15,-0.02,25.0,44,AUR,0.022339163131722684,1.0
MG_L15_T-2_C25,15,-0.02,25.0,45,AUR,-0.005026590523525942,1.0
MG_L15_T-2_C25,15,-0.02,25.0,46,AUR,0.008534101748647993,1.0
MG_L15_T-2_C25,15,-0.02,25.0,47,AUR,0.02026859801722103,1.0
MG_L15_T-2_C25,15,-0.02,25.0,48,AUR,-0.0023664621729957425,1.0
MG_L15_T-2_C25,15,-0.02,25.0,49,AUR,0.029746358983862464,1.0
MG_L15_T-2_C25,15,-0.02,25.0,50,AUR,-0.009501976837746229,1.0
MG_L15_T-2_C25,15,-0.02,25.0,51,AUR,0.006434770171198423,1.0
MG_L15_T-2_C25,15,-0.02,25.0,52,AUR,-0.035603242650593,0.0
MG_L15_T-2_C25,15,-0.02,25.0,0,QAUR,0.03571347743120379,1.0
MG_L15_T-2_C25,15,-0.02,25.0,1,QAUR,-0.13721093779597582,0.0
MG_L15_T-2_C25,15,-0.02,25.0,2,QAUR,-0.0020293976225008725,1.0
MG_L15_T-2_C25,15,-0.02,25.0,3,QAUR,-0.10207938415018936,0.0
MG_L15_T-2_C25,15,-0.02,25.0,4,QAUR,0.08688734683158983,1.0
MG_L15_T-2_C25,15,-0.02,25.0,5,QAUR,-0.00807449607759203,1.0
MG_L15_T-2_C25,15,-0.02,25.0,6,QAUR,-0.07724644345882647,0.0
MG_L15_T-2_C25,15,-0.02,25.0,7,QAUR,-0.04810222950195875,0.0
MG_L15_T-2_C25,15,-0.02,25.0,8,QAUR,0.1049186728803293,1.0
MG_L15_T-2_C25,15,-0.02,25.0,9,QAUR,-0.030212927799112665,0.0
MG_L15_T-2_C25,15,-0.02,25.0,10,QAUR,0.046747515475849655,1.0
MG_L15_T-2_C25,15,-0.02,25.0,11,QAUR,0.00802690715733445,1.0
MG_L15_T-2_C25,15,-0.02,25.0,12,QAUR,-0.01998173317799601,1.0
MG_L15_T-2_C25,15,-0.02,25.0,13,QAUR,-0.014195993129672568,1.0
MG_L15_T-2_C25,15,-0.02,25.0,14,QAUR,0.08342102622953895,1.0
MG_L15_T-2_C25,15,-0.02,25.0,15,QAUR,-0.006734232494365888,1.0
MG_L15_T-2_C25,15,-0.02,25.0,16,QAUR,0.03464023828121321,1.0
MG_L15_T-2_C25,15,-0.02,25.0,17,QAUR,-0.015251496317091329,1.0
MG_L15_T-2_C25,15,-0.02,25.0,18,QAUR,-0.07788511610279436,0.0
MG_L15_T-2_C25,15,-0.02,25.0,19,QAUR,-0.09931169674826079,0.0
MG_L15_T-2_C25,15,-0.02,25.0,20,QAUR,0.0157856468902704,1.0
MG_L15_T-2_C25,15,-0.02,25.0,21,QAUR,0.01407041001576781,1.0
MG_L15_T-2_C25,15,-0.02,25.0,22,QAUR,-0.009968562150078797,1.0
MG_L15_T-2_C25,15,-0.02,25.0,23,QAUR,0.038266481839041466,1.0
MG_L15_T-2_C25,15,-0.02,25.0,24,QAUR,0.029713026040224966,1.0
MG_L15_T-2_C25,15,-0.02,25.0,25,QAUR,-0.05369921697698865,0.0
MG_L15_T-2_C25,15,-0.02,25.0,26,QAUR,0.036167641108838966,1.0
MG_L15_T-2_C25,15,-0.02,25.0,27,QAUR,-0.017817195356116367,1.0
MG_L15_T-2_C25,15,-0.02,25.0,28,QAUR,-0.07192947671107108,0.0
MG_L15_T-2_C25,15,-0.02,25.0,29,QAUR,0.021720569605208517,1.0
MG_L15_T-2_C25,15,-0.02,25.0,30,QAUR,0.01925388365701286,1.0
MG_L15_T-2_C25,15,-0.02,25.0,31,QAUR,0.002484348044151208,1.0
MG_L15_T-2_C25,15,-0.02,25.0,32,QAUR,0.002534278255788891,1.0
MG_L15_T-2_C25,15,-0.02,25.0,33,QAUR,0.01323361979459281,1.0
MG_L15_T-2_C25,15,-0.02,25.0,34,QAUR,-0.0025695742660996057,1.0
MG_L15_T-2_C25,15,-0.02,25.0,35,QAUR,0.046323590778710066,1.0
MG_L15_T-2_C25,15,-0.02,25.0,36,QAUR,-0.013090702102089735,1.0
MG_L15_T-2_C25,15,-0.02,25.0,37,QAUR,0.06441796159009772,1.0
MG_L15_T-2_C25,15,-0.02,25.0,38,QAUR,0.0315510793490561,1.0
MG_L15_T-2_C25,15,-0.02,25.0,39,QAUR,0.017774457371436014,1.0
MG_L15_T-2_C25,15,-0.02,25.0,40,QAUR,0.05149287724141205,1.0
MG_L15_T-2_C25,15,-0.02,25.0,41,QAUR,0.012779465249393107,1.0
MG_L15_T-2_C25,15,-0.02,25.0,42,QAUR,0.014852341621161225,1.0
MG_L15_T-2_C25,15,-0.02,25.0,43,QAUR,-0.01972787887507177,1.0
MG_L15_T-2_C25,15,-0.02,25.0,44,QAUR,0.022339163131722684,1.0
MG_L15_T-2_C25,15,-0.02,25.0,45,QAUR,-0.005026590523525942,1.0
MG_L15_T-2_C25,15,-0.02,25.0,46,QAUR,0.008534101748647993,1.0
MG_L15_T-2_C25,15,-0.02,25.0,47,QAUR,0.02026859801722103,1.0
MG_L15_T-2_C25,15,-0.02,25.0,48,QAUR,-0.0023664621729957425,1.0
MG_L15_T-2_C25,15,-0.02,25.0,49,QAUR,0.029746358983862464,1.0
MG_L15_T-2_C25,15,-0.02,25.0,50,QAUR,-0.009501976837746229,1.0
MG_L15_T-2_C25,15,-0.02,25.0,51,QAUR,0.006434770171198423,1.0
MG_L15_T-2_C25,15,-0.02,25.0,52,QAUR,-0.035603242650593,0.0
MG_L15_T-2_C50,15,-0.02,50.0,0,AUR,0.03571347743120379,1.0
MG_L15_T-2_C50,15,-0.02,50.0,1,AUR,-0.13721093779597582,0.0
MG_L15_T-2_C50,15,-0.02,50.0,2,AUR,-0.0020293976225008725,1.0
MG_L15_T-2_C50,15,-0.02,50.0,3,AUR,-0.10207938415018936,0.0
MG_L15_T-2_C50,15,-0.02,50.0,4,AUR,0.08688734683158983,1.0
MG_L15_T-2_C50,15,-0.02,50.0,5,AUR,-0.00807449607759203,1.0
MG_L15_T-2_C50,15,-0.02,50.0,6,AUR,-0.07724644345882647,0.0
MG_L15_T-2_C50,15,-0.02,50.0,7,AUR,-0.04810222950195875,0.0
MG_L15_T-2_C50,15,-0.02,50.0,8,AUR,0.1049186728803293,1.0
MG_L15_T-2_C50,15,-0.02,50.0,9,AUR,-0.030212927799112665,0.0
MG_L15_T-2_C50,15,-0.02,50.0,10,AUR,0.046747515475849655,1.0
MG_L15_T-2_C50,15,-0.02,50.0,11,AUR,0.00802690715733445,1.0
MG_L15_T-2_C50,15,-0.02,50.0,12,AUR,-0.01998173317799601,1.0
MG_L15_T-2_C50,15,-0.02,50.0,13,AUR,-0.014195993129672568,1.0
MG_L15_T-2_C50,15,-0.02,50.0,14,AUR,0.08342102622953895,1.0
MG_L15_T-2_C50,15,-0.02,50.0,15,AUR,-0.006734232494365888,1.0
MG_L15_T-2_C50,15,-0.02,50.0,16,AUR,0.03464023828121321,1.0
MG_L15_T-2_C50,15,-0.02,50.0,17,AUR,-0.015251496317091329,1.0
MG_L15_T-2_C50,15,-0.02,50.0,18,AUR,-0.07788511610279436,0.0
MG_L15_T-2_C50,15,-0.02,50.0,19,AUR,-0.09931169674826079,0.0
MG_L15_T-2_C50,15,-0.02,50.0,20,AUR,0.0157856468902704,1.0
MG_L15_T-2_C50,15,-0.02,50.0,21,AUR,0.01407041001576781,1.0
MG_L15_T-2_C50,15,-0.02,50.0,22,AUR,-0.009968562150078797,1.0
MG_L15_T-2_C50,15,-0.02,50.0,23,AUR,0.038266481839041466,1.0
MG_L15_T-2_C50,15,-0.02,50.0,24,AUR,0.029713026040224966,1.0
MG_L15_T-2_C50,15,-0.02,50.0,25,AUR,-0.05369921697698865,0.0
MG_L15_T-2_C50,15,-0.02,50.0,26,AUR,0.036167641108838966,1.0
MG_L15_T-2_C50,15,-0.02,50.0,27,AUR,-0.017817195356116367,1.0
MG_L15_T-2_C50,15,-0.02,50.0,28,AUR,-0.07192947671107108,0.0
MG_L15_T-2_C50,15,-0.02,50.0,29,AUR,0.021720569605208517,1.0
MG_L15_T-2_C50,15,-0.02,50.0,30,AUR,0.01925388365701286,1.0
MG_L15_T-2_C50,15,-0.02,50.0,31,AUR,0.002484348044151208,1.0
MG_L15_T-2_C50,15,-0.02,50.0,32,AUR,0.002534278255788891,1.0
MG_L15_T-2_C50,15,-0.02,50.0,33,AUR,0.01323361979459281,1.0
MG_L15_T-2_C50,15,-0.02,50.0,34,AUR,-0.0025695742660996057,1.0
MG_L15_T-2_C50,15,-0.02,50.0,35,AUR,0.046323590778710066,1.0
MG_L15_T-2_C50,15,-0.02,50.0,36,AUR,-0.013090702102089735,1.0
MG_L15_T-2_C50,15,-0.02,50.0,37,AUR,0.06441796159009772,1.0
MG_L15_T-2_C50,15,-0.02,50.0,38,AUR,0.0315510793490561,1.0
MG_L15_T-2_C50,15,-0.02,50.0,39,AUR,0.017774457371436014,1.0
MG_L15_T-2_C50,15,-0.02,50.0,40,AUR,0.05149287724141205,1.0
MG_L15_T-2_C50,15,-0.02,50.0,41,AUR,0.012779465249393107,1.0
MG_L15_T-2_C50,15,-0.02,50.0,42,AUR,0.014852341621161225,1.0
MG_L15_T-2_C50,15,-0.02,50.0,43,AUR,-0.01972787887507177,1.0
MG_L15_T-2_C50,15,-0.02,50.0,44,AUR,0.022339163131722684,1.0
MG_L15_T-2_C50,15,-0.02,50.0,45,AUR,-0.005026590523525942,1.0
MG_L15_T-2_C50,15,-0.02,50.0,46,AUR,0.008534101748647993,1.0
MG_L15_T-2_C50,15,-0.02,50.0,47,AUR,0.02026859801722103,1.0
MG_L15_T-2_C50,15,-0.02,50.0,48,AUR,-0.0023664621729957425,1.0
MG_L15_T-2_C50,15,-0.02,50.0,49,AUR,0.029746358983862464,1.0
MG_L15_T-2_C50,15,-0.02,50.0,50,AUR,-0.009501976837746229,1.0
MG_L15_T-2_C50,15,-0.02,50.0,51,AUR,0.006434770171198423,1.0
MG_L15_T-2_C50,15,-0.02,50.0,52,AUR,-0.035603242650593,0.0
MG_L15_T-2_C50,15,-0.02,50.0,0,QAUR,0.03571347743120379,1.0
MG_L15_T-2_C50,15,-0.02,50.0,1,QAUR,-0.13721093779597582,0.0
MG_L15_T-2_C50,15,-0.02,50.0,2,QAUR,-0.0020293976225008725,1.0
MG_L15_T-2_C50,15,-0.02,50.0,3,QAUR,-0.10207938415018936,0.0
MG_L15_T-2_C50,15,-0.02,50.0,4,QAUR,0.08688734683158983,1.0
MG_L15_T-2_C50,15,-0.02,50.0,5,QAUR,-0.00807449607759203,1.0
MG_L15_T-2_C50,15,-0.02,50.0,6,QAUR,-0.07724644345882647,0.0
MG_L15_T-2_C50,15,-0.02,50.0,7,QAUR,-0.04810222950195875,0.0
MG_L15_T-2_C50,15,-0.02,50.0,8,QAUR,0.1049186728803293,1.0
MG_L15_T-2_C50,15,-0.02,50.0,9,QAUR,-0.030212927799112665,0.0
MG_L15_T-2_C50,15,-0.02,50.0,10,QAUR,0.046747515475849655,1.0
MG_L15_T-2_C50,15,-0.02,50.0,11,QAUR,0.00802690715733445,1.0
MG_L15_T-2_C50,15,-0.02,50.0,12,QAUR,-0.01998173317799601,1.0
MG_L15_T-2_C50,15,-0.02,50.0,13,QAUR,-0.014195993129672568,1.0
MG_L15_T-2_C50,15,-0.02,50.0,14,QAUR,0.08342102622953895,1.0
MG_L15_T-2_C50,15,-0.02,50.0,15,QAUR,-0.006734232494365888,1.0
MG_L15_T-2_C50,15,-0.02,50.0,16,QAUR,0.03464023828121321,1.0
MG_L15_T-2_C50,15,-0.02,50.0,17,QAUR,-0.015251496317091329,1.0
MG_L15_T-2_C50,15,-0.02,50.0,18,QAUR,-0.07788511610279436,0.0
MG_L15_T-2_C50,15,-0.02,50.0,19,QAUR,-0.09931169674826079,0.0
MG_L15_T-2_C50,15,-0.02,50.0,20,QAUR,0.0157856468902704,1.0
MG_L15_T-2_C50,15,-0.02,50.0,21,QAUR,0.01407041001576781,1.0
MG_L15_T-2_C50,15,-0.02,50.0,22,QAUR,-0.009968562150078797,1.0
MG_L15_T-2_C50,15,-0.02,50.0,23,QAUR,0.038266481839041466,1.0
MG_L15_T-2_C50,15,-0.02,50.0,24,QAUR,0.029713026040224966,1.0
MG_L15_T-2_C50,15,-0.02,50.0,25,QAUR,-0.05369921697698865,0.0
MG_L15_T-2_C50,15,-0.02,50.0,26,QAUR,0.036167641108838966,1.0
MG_L15_T-2_C50,15,-0.02,50.0,27,QAUR,-0.017817195356116367,1.0
MG_L15_T-2_C50,15,-0.02,50.0,28,QAUR,-0.07192947671107108,0.0
MG_L15_T-2_C50,15,-0.02,50.0,29,QAUR,0.021720569605208517,1.0
MG_L15_T-2_C50,15,-0.02,50.0,30,QAUR,0.01925388365701286,1.0
MG_L15_T-2_C50,15,-0.02,50.0,31,QAUR,0.002484348044151208,1.0
MG_L15_T-2_C50,15,-0.02,50.0,32,QAUR,0.002534278255788891,1.0
MG_L15_T-2_C50,15,-0.02,50.0,33,QAUR,0.01323361979459281,1.0
MG_L15_T-2_C50,15,-0.02,50.0,34,QAUR,-0.0025695742660996057,1.0
MG_L15_T-2_C50,15,-0.02,50.0,35,QAUR,0.046323590778710066,1.0
MG_L15_T-2_C50,15,-0.02,50.0,36,QAUR,-0.013090702102089735,1.0
MG_L15_T-2_C50,15,-0.02,50.0,37,QAUR,0.06441796159009772,1.0
MG_L15_T-2_C50,15,-0.02,50.0,38,QAUR,0.0315510793490561,1.0
MG_L15_T-2_C50,15,-0.02,50.0,39,QAUR,0.017774457371436014,1.0
MG_L15_T-2_C50,15,-0.02,50.0,40,QAUR,0.05149287724141205,1.0
MG_L15_T-2_C50,15,-0.02,50.0,41,QAUR,0.012779465249393107,1.0
MG_L15_T-2_C50,15,-0.02,50.0,42,QAUR,0.014852341621161225,1.0
MG_L15_T-2_C50,15,-0.02,50.0,43,QAUR,-0.01972787887507177,1.0
MG_L15_T-2_C50,15,-0.02,50.0,44,QAUR,0.022339163131722684,1.0
MG_L15_T-2_C50,15,-0.02,50.0,45,QAUR,-0.005026590523525942,1.0
MG_L15_T-2_C50,15,-0.02,50.0,46,QAUR,0.008534101748647993,1.0
MG_L15_T-2_C50,15,-0.02,50.0,47,QAUR,0.02026859801722103,1.0
MG_L15_T-2_C50,15,-0.02,50.0,48,QAUR,-0.0023664621729957425,1.0
MG_L15_T-2_C50,15,-0.02,50.0,49,QAUR,0.029746358983862464,1.0
MG_L15_T-2_C50,15,-0.02,50.0,50,QAUR,-0.009501976837746229,1.0
MG_L15_T-2_C50,15,-0.02,50.0,51,QAUR,0.006434770171198423,1.0
MG_L15_T-2_C50,15,-0.02,50.0,52,QAUR,-0.035603242650593,0.0
MG_L15_T-2_C100,15,-0.02,100.0,0,AUR,0.03571347743120379,1.0
MG_L15_T-2_C100,15,-0.02,100.0,1,AUR,-0.13721093779597582,0.0
MG_L15_T-2_C100,15,-0.02,100.0,2,AUR,-0.0020293976225008725,1.0
MG_L15_T-2_C100,15,-0.02,100.0,3,AUR,-0.10207938415018936,0.0
MG_L15_T-2_C100,15,-0.02,100.0,4,AUR,0.08688734683158983,1.0
MG_L15_T-2_C100,15,-0.02,100.0,5,AUR,-0.00807449607759203,1.0
MG_L15_T-2_C100,15,-0.02,100.0,6,AUR,-0.07724644345882647,0.0
MG_L15_T-2_C100,15,-0.02,100.0,7,AUR,-0.04810222950195875,0.0
MG_L15_T-2_C100,15,-0.02,100.0,8,AUR,0.1049186728803293,1.0
MG_L15_T-2_C100,15,-0.02,100.0,9,AUR,-0.030212927799112665,0.0
MG_L15_T-2_C100,15,-0.02,100.0,10,AUR,0.046747515475849655,1.0
MG_L15_T-2_C100,15,-0.02,100.0,11,AUR,0.00802690715733445,1.0
MG_L15_T-2_C100,15,-0.02,100.0,12,AUR,-0.01998173317799601,1.0
MG_L15_T-2_C100,15,-0.02,100.0,13,AUR,-0.014195993129672568,1.0
MG_L15_T-2_C100,15,-0.02,100.0,14,AUR,0.08342102622953895,1.0
MG_L15_T-2_C100,15,-0.02,100.0,15,AUR,-0.006734232494365888,1.0
MG_L15_T-2_C100,15,-0.02,100.0,16,AUR,0.03464023828121321,1.0
MG_L15_T-2_C100,15,-0.02,100.0,17,AUR,-0.015251496317091329,1.0
MG_L15_T-2_C100,15,-0.02,100.0,18,AUR,-0.07788511610279436,0.0
MG_L15_T-2_C100,15,-0.02,100.0,19,AUR,-0.09931169674826079,0.0
MG_L15_T-2_C100,15,-0.02,100.0,20,AUR,0.0157856468902704,1.0
MG_L15_T-2_C100,15,-0.02,100.0,21,AUR,0.01407041001576781,1.0
MG_L15_T-2_C100,15,-0.02,100.0,22,AUR,-0.009968562150078797,1.0
MG_L15_T-2_C100,15,-0.02,100.0,23,AUR,0.038266481839041466,1.0
MG_L15_T-2_C100,15,-0.02,100.0,24,AUR,0.029713026040224966,1.0
MG_L15_T-2_C100,15,-0.02,100.0,25,AUR,-0.05369921697698865,0.0
MG_L15_T-2_C100,15,-0.02,100.0,26,AUR,0.036167641108838966,1.0
MG_L15_T-2_C100,15,-0.02,100.0,27,AUR,-0.017817195356116367,1.0
MG_L15_T-2_C100,15,-0.02,100.0,28,AUR,-0.07192947671107108,0.0
MG_L15_T-2_C100,15,-0.02,100.0,29,AUR,0.021720569605208517,1.0
MG_L15_T-2_C100,15,-0.02,100.0,30,AUR,0.01925388365701286,1.0
MG_L15_T-2_C100,15,-0.02,100.0,31,AUR,0.002484348044151208,1.0
MG_L15_T-2_C100,15,-0.02,100.0,32,AUR,0.002534278255788891,1.0
MG_L15_T-2_C100,15,-0.02,100.0,33,AUR,0.01323361979459281,1.0
MG_L15_T-2_C100,15,-0.02,100.0,34,AUR,-0.0025695742660996057,1.0
MG_L15_T-2_C100,15,-0.02,100.0,35,AUR,0.046323590778710066,1.0
MG_L15_T-2_C100,15,-0.02,100.0,36,AUR,-0.013090702102089735,1.0
MG_L15_T-2_C100,15,-0.02,100.0,37,AUR,0.06441796159009772,1.0
MG_L15_T-2_C100,15,-0.02,100.0,38,AUR,0.0315510793490561,1.0
MG_L15_T-2_C100,15,-0.02,100.0,39,AUR,0.017774457371436014,1.0
MG_L15_T-2_C100,15,-0.02,100.0,40,AUR,0.05149287724141205,1.0
MG_L15_T-2_C100,15,-0.02,100.0,41,AUR,0.012779465249393107,1.0
MG_L15_T-2_C100,15,-0.02,100.0,42,AUR,0.014852341621161225,1.0
MG_L15_T-2_C100,15,-0.02,100.0,43,AUR,-0.01972787887507177,1.0
MG_L15_T-2_C100,15,-0.02,100.0,44,AUR,0.022339163131722684,1.0
MG_L15_T-2_C100,15,-0.02,100.0,45,AUR,-0.005026590523525942,1.0
MG_L15_T-2_C100,15,-0.02,100.0,46,AUR,0.008534101748647993,1.0
MG_L15_T-2_C100,15,-0.02,100.0,47,AUR,0.02026859801722103,1.0
MG_L15_T-2_C100,15,-0.02,100.0,48,AUR,-0.0023664621729957425,1.0
MG_L15_T-2_C100,15,-0.02,100.0,49,AUR,0.029746358983862464,1.0
MG_L15_T-2_C100,15,-0.02,100.0,50,AUR,-0.009501976837746229,1.0
MG_L15_T-2_C100,15,-0.02,100.0,51,AUR,0.006434770171198423,1.0
MG_L15_T-2_C100,15,-0.02,100.0,52,AUR,-0.035603242650593,0.0
MG_L15_T-2_C100,15,-0.02,100.0,0,QAUR,0.03571347743120379,1.0
MG_L15_T-2_C100,15,-0.02,100.0,1,QAUR,-0.13721093779597582,0.0
MG_L15_T-2_C100,15,-0.02,100.0,2,QAUR,-0.0020293976225008725,1.0
MG_L15_T-2_C100,15,-0.02,100.0,3,QAUR,-0.10207938415018936,0.0
MG_L15_T-2_C100,15,-0.02,100.0,4,QAUR,0.08688734683158983,1.0
MG_L15_T-2_C100,15,-0.02,100.0,5,QAUR,-0.00807449607759203,1.0
MG_L15_T-2_C100,15,-0.02,100.0,6,QAUR,-0.07724644345882647,0.0
MG_L15_T-2_C100,15,-0.02,100.0,7,QAUR,-0.04810222950195875,0.0
MG_L15_T-2_C100,15,-0.02,100.0,8,QAUR,0.1049186728803293,1.0
MG_L15_T-2_C100,15,-0.02,100.0,9,QAUR,-0.030212927799112665,0.0
MG_L15_T-2_C100,15,-0.02,100.0,10,QAUR,0.046747515475849655,1.0
MG_L15_T-2_C100,15,-0.02,100.0,11,QAUR,0.00802690715733445,1.0
MG_L15_T-2_C100,15,-0.02,100.0,12,QAUR,-0.01998173317799601,1.0
MG_L15_T-2_C100,15,-0.02,100.0,13,QAUR,-0.014195993129672568,1.0
MG_L15_T-2_C100,15,-0.02,100.0,14,QAUR,0.08342102622953895,1.0
MG_L15_T-2_C100,15,-0.02,100.0,15,QAUR,-0.006734232494365888,1.0
MG_L15_T-2_C100,15,-0.02,100.0,16,QAUR,0.03464023828121321,1.0
MG_L15_T-2_C100,15,-0.02,100.0,17,QAUR,-0.015251496317091329,1.0
MG_L15_T-2_C100,15,-0.02,100.0,18,QAUR,-0.07788511610279436,0.0
MG_L15_T-2_C100,15,-0.02,100.0,19,QAUR,-0.09931169674826079,0.0
MG_L15_T-2_C100,15,-0.02,100.0,20,QAUR,0.0157856468902704,1.0
MG_L15_T-2_C100,15,-0.02,100.0,21,QAUR,0.01407041001576781,1.0
MG_L15_T-2_C100,15,-0.02,100.0,22,QAUR,-0.009968562150078797,1.0
MG_L15_T-2_C100,15,-0.02,100.0,23,QAUR,0.038266481839041466,1.0
MG_L15_T-2_C100,15,-0.02,100.0,24,QAUR,0.029713026040224966,1.0
MG_L15_T-2_C100,15,-0.02,100.0,25,QAUR,-0.05369921697698865,0.0
MG_L15_T-2_C100,15,-0.02,100.0,26,QAUR,0.036167641108838966,1.0
MG_L15_T-2_C100,15,-0.02,100.0,27,QAUR,-0.017817195356116367,1.0
MG_L15_T-2_C100,15,-0.02,100.0,28,QAUR,-0.07192947671107108,0.0
MG_L15_T-2_C100,15,-0.02,100.0,29,QAUR,0.021720569605208517,1.0
MG_L15_T-2_C100,15,-0.02,100.0,30,QAUR,0.01925388365701286,1.0
MG_L15_T-2_C100,15,-0.02,100.0,31,QAUR,0.002484348044151208,1.0
MG_L15_T-2_C100,15,-0.02,100.0,32,QAUR,0.002534278255788891,1.0
MG_L15_T-2_C100,15,-0.02,100.0,33,QAUR,0.01323361979459281,1.0
MG_L15_T-2_C100,15,-0.02,100.0,34,QAUR,-0.0025695742660996057,1.0
MG_L15_T-2_C100,15,-0.02,100.0,35,QAUR,0.046323590778710066,1.0
MG_L15_T-2_C100,15,-0.02,100.0,36,QAUR,-0.013090702102089735,1.0
MG_L15_T-2_C100,15,-0.02,100.0,37,QAUR,0.06441796159009772,1.0
MG_L15_T-2_C100,15,-0.02,100.0,38,QAUR,0.0315510793490561,1.0
MG_L15_T-2_C100,15,-0.02,100.0,39,QAUR,0.017774457371436014,1.0
MG_L15_T-2_C100,15,-0.02,100.0,40,QAUR,0.05149287724141205,1.0
MG_L15_T-2_C100,15,-0.02,100.0,41,QAUR,0.012779465249393107,1.0
MG_L15_T-2_C100,15,-0.02,100.0,42,QAUR,0.014852341621161225,1.0
MG_L15_T-2_C100,15,-0.02,100.0,43,QAUR,-0.01972787887507177,1.0
MG_L15_T-2_C100,15,-0.02,100.0,44,QAUR,0.022339163131722684,1.0
MG_L15_T-2_C100,15,-0.02,100.0,45,QAUR,-0.005026590523525942,1.0
MG_L15_T-2_C100,15,-0.02,100.0,46,QAUR,0.008534101748647993,1.0
MG_L15_T-2_C100,15,-0.02,100.0,47,QAUR,0.02026859801722103,1.0
MG_L15_T-2_C100,15,-0.02,100.0,48,QAUR,-0.0023664621729957425,1.0
MG_L15_T-2_C100,15,-0.02,100.0,49,QAUR,0.029746358983862464,1.0
MG_L15_T-2_C100,15,-0.02,100.0,50,QAUR,-0.009501976837746229,1.0
MG_L15_T-2_C100,15,-0.02,100.0,51,QAUR,0.006434770171198423,1.0
MG_L15_T-2_C100,15,-0.02,100.0,52,QAUR,-0.035603242650593,0.0
MG_L15_T0_C0,15,0.0,0.0,0,AUR,0.03571347743120379,1.0
MG_L15_T0_C0,15,0.0,0.0,1,AUR,-0.13721093779597582,0.0
MG_L15_T0_C0,15,0.0,0.0,2,AUR,-0.0020293976225008725,0.0
MG_L15_T0_C0,15,0.0,0.0,3,AUR,-0.10207938415018936,0.0
MG_L15_T0_C0,15,0.0,0.0,4,AUR,0.08688734683158983,1.0
MG_L15_T0_C0,15,0.0,0.0,5,AUR,-0.00807449607759203,0.0
MG_L15_T0_C0,15,0.0,0.0,6,AUR,-0.07724644345882647,0.0
MG_L15_T0_C0,15,0.0,0.0,7,AUR,-0.04810222950195875,0.0
MG_L15_T0_C0,15,0.0,0.0,8,AUR,0.1049186728803293,1.0
MG_L15_T0_C0,15,0.0,0.0,9,AUR,-0.030212927799112665,0.0
MG_L15_T0_C0,15,0.0,0.0,10,AUR,0.046747515475849655,1.0
MG_L15_T0_C0,15,0.0,0.0,11,AUR,0.00802690715733445,1.0
MG_L15_T0_C0,15,0.0,0.0,12,AUR,-0.01998173317799601,0.0
MG_L15_T0_C0,15,0.0,0.0,13,AUR,-0.014195993129672568,0.0
MG_L15_T0_C0,15,0.0,0.0,14,AUR,0.08342102622953895,1.0
MG_L15_T0_C0,15,0.0,0.0,15,AUR,-0.006734232494365888,0.0
MG_L15_T0_C0,15,0.0,0.0,16,AUR,0.03464023828121321,1.0
MG_L15_T0_C0,15,0.0,0.0,17,AUR,-0.015251496317091329,0.0
MG_L15_T0_C0,15,0.0,0.0,18,AUR,-0.07788511610279436,0.0
MG_L15_T0_C0,15,0.0,0.0,19,AUR,-0.09931169674826079,0.0
MG_L15_T0_C0,15,0.0,0.0,20,AUR,0.0157856468902704,1.0
MG_L15_T0_C0,15,0.0,0.0,21,AUR,0.01407041001576781,1.0
MG_L15_T0_C0,15,0.0,0.0,22,AUR,-0.009968562150078797,0.0
MG_L15_T0_C0,15,0.0,0.0,23,AUR,0.038266481839041466,1.0
MG_L15_T0_C0,15,0.0,0.0,24,AUR,0.029713026040224966,1.0
MG_L15_T0_C0,15,0.0,0.0,25,AUR,-0.05369921697698865,0.0
MG_L15_T0_C0,15,0.0,0.0,26,AUR,0.036167641108838966,1.0
MG_L15_T0_C0,15,0.0,0.0,27,AUR,-0.017817195356116367,0.0
MG_L15_T0_C0,15,0.0,0.0,28,AUR,-0.07192947671107108,0.0
MG_L15_T0_C0,15,0.0,0.0,29,AUR,0.021720569605208517,1.0
MG_L15_T0_C0,15,0.0,0.0,30,AUR,0.01925388365701286,1.0
MG_L15_T0_C0,15,0.0,0.0,31,AUR,0.002484348044151208,1.0
MG_L15_T0_C0,15,0.0,0.0,32,AUR,0.002534278255788891,1.0
MG_L15_T0_C0,15,0.0,0.0,33,AUR,0.01323361979459281,1.0
MG_L15_T0_C0,15,0.0,0.0,34,AUR,-0.0025695742660996057,0.0
MG_L15_T0_C0,15,0.0,0.0,35,AUR,0.046323590778710066,1.0
MG_L15_T0_C0,15,0.0,0.0,36,AUR,-0.013090702102089735,0.0
MG_L15_T0_C0,15,0.0,0.0,37,AUR,0.06441796159009772,1.0
MG_L15_T0_C0,15,0.0,0.0,38,AUR,0.0315510793490561,1.0
MG_L15_T0_C0,15,0.0,0.0,39,AUR,0.017774457371436014,1.0
MG_L15_T0_C0,15,0.0,0.0,40,AUR,0.05149287724141205,1.0
MG_L15_T0_C0,15,0.0,0.0,41,AUR,0.012779465249393107,1.0
MG_L15_T0_C0,15,0.0,0.0,42,AUR,0.014852341621161225,1.0
MG_L15_T0_C0,15,0.0,0.0,43,AUR,-0.01972787887507177,0.0
MG_L15_T0_C0,15,0.0,0.0,44,AUR,0.022339163131722684,1.0
MG_L15_T0_C0,15,0.0,0.0,45,AUR,-0.005026590523525942,0.0
MG_L15_T0_C0,15,0.0,0.0,46,AUR,0.008534101748647993,1.0
MG_L15_T0_C0,15,0.0,0.0,47,AUR,0.02026859801722103,1.0
MG_L15_T0_C0,15,0.0,0.0,48,AUR,-0.0023664621729957425,0.0
MG_L15_T0_C0,15,0.0,0.0,49,AUR,0.029746358983862464,1.0
MG_L15_T0_C0,15,0.0,0.0,50,AUR,-0.009501976837746229,0.0
MG_L15_T0_C0,15,0.0,0.0,51,AUR,0.006434770171198423,1.0
MG_L15_T0_C0,15,0.0,0.0,52,AUR,-0.035603242650593,0.0
MG_L15_T0_C0,15,0.0,0.0,0,QAUR,0.03571347743120379,1.0
MG_L15_T0_C0,15,0.0,0.0,1,QAUR,-0.13721093779597582,0.0
MG_L15_T0_C0,15,0.0,0.0,2,QAUR,-0.0020293976225008725,0.0
MG_L15_T0_C0,15,0.0,0.0,3,QAUR,-0.10207938415018936,0.0
MG_L15_T0_C0,15,0.0,0.0,4,QAUR,0.08688734683158983,1.0
MG_L15_T0_C0,15,0.0,0.0,5,QAUR,-0.00807449607759203,0.0
MG_L15_T0_C0,15,0.0,0.0,6,QAUR,-0.07724644345882647,0.0
MG_L15_T0_C0,15,0.0,0.0,7,QAUR,-0.04810222950195875,0.0
MG_L15_T0_C0,15,0.0,0.0,8,QAUR,0.1049186728803293,1.0
MG_L15_T0_C0,15,0.0,0.0,9,QAUR,-0.030212927799112665,0.0
MG_L15_T0_C0,15,0.0,0.0,10,QAUR,0.046747515475849655,1.0
MG_L15_T0_C0,15,0.0,0.0,11,QAUR,0.00802690715733445,1.0
MG_L15_T0_C0,15,0.0,0.0,12,QAUR,-0.01998173317799601,0.0
MG_L15_T0_C0,15,0.0,0.0,13,QAUR,-0.014195993129672568,0.0
MG_L15_T0_C0,15,0.0,0.0,14,QAUR,0.08342102622953895,1.0
MG_L15_T0_C0,15,0.0,0.0,15,QAUR,-0.006734232494365888,0.0
MG_L15_T0_C0,15,0.0,0.0,16,QAUR,0.03464023828121321,1.0
MG_L15_T0_C0,15,0.0,0.0,17,QAUR,-0.015251496317091329,0.0
MG_L15_T0_C0,15,0.0,0.0,18,QAUR,-0.07788511610279436,0.0
MG_L15_T0_C0,15,0.0,0.0,19,QAUR,-0.09931169674826079,0.0
MG_L15_T0_C0,15,0.0,0.0,20,QAUR,0.0157856468902704,1.0
MG_L15_T0_C0,15,0.0,0.0,21,QAUR,0.01407041001576781,1.0
MG_L15_T0_C0,15,0.0,0.0,22,QAUR,-0.009968562150078797,0.0
MG_L15_T0_C0,15,0.0,0.0,23,QAUR,0.038266481839041466,1.0
MG_L15_T0_C0,15,0.0,0.0,24,QAUR,0.029713026040224966,1.0
MG_L15_T0_C0,15,0.0,0.0,25,QAUR,-0.05369921697698865,0.0
MG_L15_T0_C0,15,0.0,0.0,26,QAUR,0.036167641108838966,1.0
MG_L15_T0_C0,15,0.0,0.0,27,QAUR,-0.017817195356116367,0.0
MG_L15_T0_C0,15,0.0,0.0,28,QAUR,-0.07192947671107108,0.0
MG_L15_T0_C0,15,0.0,0.0,29,QAUR,0.021720569605208517,1.0
MG_L15_T0_C0,15,0.0,0.0,30,QAUR,0.01925388365701286,1.0
MG_L15_T0_C0,15,0.0,0.0,31,QAUR,0.002484348044151208,1.0
MG_L15_T0_C0,15,0.0,0.0,32,QAUR,0.002534278255788891,1.0
MG_L15_T0_C0,15,0.0,0.0,33,QAUR,0.01323361979459281,1.0
MG_L15_T0_C0,15,0.0,0.0,34,QAUR,-0.0025695742660996057,0.0
MG_L15_T0_C0,15,0.0,0.0,35,QAUR,0.046323590778710066,1.0
MG_L15_T0_C0,15,0.0,0.0,36,QAUR,-0.013090702102089735,0.0
MG_L15_T0_C0,15,0.0,0.0,37,QAUR,0.06441796159009772,1.0
MG_L15_T0_C0,15,0.0,0.0,38,QAUR,0.0315510793490561,1.0
MG_L15_T0_C0,15,0.0,0.0,39,QAUR,0.017774457371436014,1.0
MG_L15_T0_C0,15,0.0,0.0,40,QAUR,0.05149287724141205,1.0
MG_L15_T0_C0,15,0.0,0.0,41,QAUR,0.012779465249393107,1.0
MG_L15_T0_C0,15,0.0,0.0,42,QAUR,0.014852341621161225,1.0
MG_L15_T0_C0,15,0.0,0.0,43,QAUR,-0.01972787887507177,0.0
MG_L15_T0_C0,15,0.0,0.0,44,QAUR,0.022339163131722684,1.0
MG_L15_T0_C0,15,0.0,0.0,45,QAUR,-0.005026590523525942,0.0
MG_L15_T0_C0,15,0.0,0.0,46,QAUR,0.008534101748647993,1.0
MG_L15_T0_C0,15,0.0,0.0,47,QAUR,0.02026859801722103,1.0
MG_L15_T0_C0,15,0.0,0.0,48,QAUR,-0.0023664621729957425,0.0
MG_L15_T0_C0,15,0.0,0.0,49,QAUR,0.029746358983862464,1.0
MG_L15_T0_C0,15,0.0,0.0,50,QAUR,-0.009501976837746229,0.0
MG_L15_T0_C0,15,0.0,0.0,51,QAUR,0.006434770171198423,1.0
MG_L15_T0_C0,15,0.0,0.0,52,QAUR,-0.035603242650593,0.0
MG_L15_T0_C25,15,0.0,25.0,0,AUR,0.03571347743120379,1.0
MG_L15_T0_C25,15,0.0,25.0,1,AUR,-0.13721093779597582,0.0
MG_L15_T0_C25,15,0.0,25.0,2,AUR,-0.0020293976225008725,0.0
MG_L15_T0_C25,15,0.0,25.0,3,AUR,-0.10207938415018936,0.0
MG_L15_T0_C25,15,0.0,25.0,4,AUR,0.08688734683158983,1.0
MG_L15_T0_C25,15,0.0,25.0,5,AUR,-0.00807449607759203,0.0
MG_L15_T0_C25,15,0.0,25.0,6,AUR,-0.07724644345882647,0.0
MG_L15_T0_C25,15,0.0,25.0,7,AUR,-0.04810222950195875,0.0
MG_L15_T0_C25,15,0.0,25.0,8,AUR,0.1049186728803293,1.0
MG_L15_T0_C25,15,0.0,25.0,9,AUR,-0.030212927799112665,0.0
MG_L15_T0_C25,15,0.0,25.0,10,AUR,0.046747515475849655,1.0
MG_L15_T0_C25,15,0.0,25.0,11,AUR,0.00802690715733445,1.0
MG_L15_T0_C25,15,0.0,25.0,12,AUR,-0.01998173317799601,0.0
MG_L15_T0_C25,15,0.0,25.0,13,AUR,-0.014195993129672568,0.0
MG_L15_T0_C25,15,0.0,25.0,14,AUR,0.08342102622953895,1.0
MG_L15_T0_C25,15,0.0,25.0,15,AUR,-0.006734232494365888,0.0
MG_L15_T0_C25,15,0.0,25.0,16,AUR,0.03464023828121321,1.0
MG_L15_T0_C25,15,0.0,25.0,17,AUR,-0.015251496317091329,0.0
MG_L15_T0_C25,15,0.0,25.0,18,AUR,-0.07788511610279436,0.0
MG_L15_T0_C25,15,0.0,25.0,19,AUR,-0.09931169674826079,0.0
MG_L15_T0_C25,15,0.0,25.0,20,AUR,0.0157856468902704,1.0
MG_L15_T0_C25,15,0.0,25.0,21,AUR,0.01407041001576781,1.0
MG_L15_T0_C25,15,0.0,25.0,22,AUR,-0.009968562150078797,0.0
MG_L15_T0_C25,15,0.0,25.0,23,AUR,0.038266481839041466,1.0
MG_L15_T0_C25,15,0.0,25.0,24,AUR,0.029713026040224966,1.0
MG_L15_T0_C25,15,0.0,25.0,25,AUR,-0.05369921697698865,0.0
MG_L15_T0_C25,15,0.0,25.0,26,AUR,0.036167641108838966,1.0
MG_L15_T0_C25,15,0.0,25.0,27,AUR,-0.017817195356116367,0.0
MG_L15_T0_C25,15,0.0,25.0,28,AUR,-0.07192947671107108,0.0
MG_L15_T0_C25,15,0.0,25.0,29,AUR,0.021720569605208517,1.0
MG_L15_T0_C25,15,0.0,25.0,30,AUR,0.01925388365701286,1.0
MG_L15_T0_C25,15,0.0,25.0,31,AUR,0.002484348044151208,1.0
MG_L15_T0_C25,15,0.0,25.0,32,AUR,0.002534278255788891,1.0
MG_L15_T0_C25,15,0.0,25.0,33,AUR,0.01323361979459281,1.0
MG_L15_T0_C25,15,0.0,25.0,34,AUR,-0.0025695742660996057,0.0
MG_L15_T0_C25,15,0.0,25.0,35,AUR,0.046323590778710066,1.0
MG_L15_T0_C25,15,0.0,25.0,36,AUR,-0.013090702102089735,0.0
MG_L15_T0_C25,15,0.0,25.0,37,AUR,0.06441796159009772,1.0
MG_L15_T0_C25,15,0.0,25.0,38,AUR,0.0315510793490561,1.0
MG_L15_T0_C25,15,0.0,25.0,39,AUR,0.017774457371436014,1.0
MG_L15_T0_C25,15,0.0,25.0,40,AUR,0.05149287724141205,1.0
MG_L15_T0_C25,15,0.0,25.0,41,AUR,0.012779465249393107,1.0
MG_L15_T0_C25,15,0.0,25.0,42,AUR,0.014852341621161225,1.0
MG_L15_T0_C25,15,0.0,25.0,43,AUR,-0.01972787887507177,0.0
MG_L15_T0_C25,15,0.0,25.0,44,AUR,0.022339163131722684,1.0
MG_L15_T0_C25,15,0.0,25.0,45,AUR,-0.005026590523525942,0.0
MG_L15_T0_C25,15,0.0,25.0,46,AUR,0.008534101748647993,1.0
MG_L15_T0_C25,15,0.0,25.0,47,AUR,0.02026859801722103,1.0
MG_L15_T0_C25,15,0.0,25.0,48,AUR,-0.0023664621729957425,0.0
MG_L15_T0_C25,15,0.0,25.0,49,AUR,0.029746358983862464,1.0
MG_L15_T0_C25,15,0.0,25.0,50,AUR,-0.009501976837746229,0.0
MG_L15_T0_C25,15,0.0,25.0,51,AUR,0.006434770171198423,1.0
MG_L15_T0_C25,15,0.0,25.0,52,AUR,-0.035603242650593,0.0
MG_L15_T0_C25,15,0.0,25.0,0,QAUR,0.03571347743120379,1.0
MG_L15_T0_C25,15,0.0,25.0,1,QAUR,-0.13721093779597582,0.0
MG_L15_T0_C25,15,0.0,25.0,2,QAUR,-0.0020293976225008725,0.0
MG_L15_T0_C25,15,0.0,25.0,3,QAUR,-0.10207938415018936,0.0
MG_L15_T0_C25,15,0.0,25.0,4,QAUR,0.08688734683158983,1.0
MG_L15_T0_C25,15,0.0,25.0,5,QAUR,-0.00807449607759203,0.0
MG_L15_T0_C25,15,0.0,25.0,6,QAUR,-0.07724644345882647,0.0
MG_L15_T0_C25,15,0.0,25.0,7,QAUR,-0.04810222950195875,0.0
MG_L15_T0_C25,15,0.0,25.0,8,QAUR,0.1049186728803293,1.0
MG_L15_T0_C25,15,0.0,25.0,9,QAUR,-0.030212927799112665,0.0
MG_L15_T0_C25,15,0.0,25.0,10,QAUR,0.046747515475849655,1.0
MG_L15_T0_C25,15,0.0,25.0,11,QAUR,0.00802690715733445,1.0
MG_L15_T0_C25,15,0.0,25.0,12,QAUR,-0.01998173317799601,0.0
MG_L15_T0_C25,15,0.0,25.0,13,QAUR,-0.014195993129672568,0.0
MG_L15_T0_C25,15,0.0,25.0,14,QAUR,0.08342102622953895,1.0
MG_L15_T0_C25,15,0.0,25.0,15,QAUR,-0.006734232494365888,0.0
MG_L15_T0_C25,15,0.0,25.0,16,QAUR,0.03464023828121321,1.0
MG_L15_T0_C25,15,0.0,25.0,17,QAUR,-0.015251496317091329,0.0
MG_L15_T0_C25,15,0.0,25.0,18,QAUR,-0.07788511610279436,0.0
MG_L15_T0_C25,15,0.0,25.0,19,QAUR,-0.09931169674826079,0.0
MG_L15_T0_C25,15,0.0,25.0,20,QAUR,0.0157856468902704,1.0
MG_L15_T0_C25,15,0.0,25.0,21,QAUR,0.01407041001576781,1.0
MG_L15_T0_C25,15,0.0,25.0,22,QAUR,-0.009968562150078797,0.0
MG_L15_T0_C25,15,0.0,25.0,23,QAUR,0.038266481839041466,1.0
MG_L15_T0_C25,15,0.0,25.0,24,QAUR,0.029713026040224966,1.0
MG_L15_T0_C25,15,0.0,25.0,25,QAUR,-0.05369921697698865,0.0
MG_L15_T0_C25,15,0.0,25.0,26,QAUR,0.036167641108838966,1.0
MG_L15_T0_C25,15,0.0,25.0,27,QAUR,-0.017817195356116367,0.0
MG_L15_T0_C25,15,0.0,25.0,28,QAUR,-0.07192947671107108,0.0
MG_L15_T0_C25,15,0.0,25.0,29,QAUR,0.021720569605208517,1.0
MG_L15_T0_C25,15,0.0,25.0,30,QAUR,0.01925388365701286,1.0
MG_L15_T0_C25,15,0.0,25.0,31,QAUR,0.002484348044151208,1.0
MG_L15_T0_C25,15,0.0,25.0,32,QAUR,0.002534278255788891,1.0
MG_L15_T0_C25,15,0.0,25.0,33,QAUR,0.01323361979459281,1.0
MG_L15_T0_C25,15,0.0,25.0,34,QAUR,-0.0025695742660996057,0.0
MG_L15_T0_C25,15,0.0,25.0,35,QAUR,0.046323590778710066,1.0
MG_L15_T0_C25,15,0.0,25.0,36,QAUR,-0.013090702102089735,0.0
MG_L15_T0_C25,15,0.0,25.0,37,QAUR,0.06441796159009772,1.0
MG_L15_T0_C25,15,0.0,25.0,38,QAUR,0.0315510793490561,1.0
MG_L15_T0_C25,15,0.0,25.0,39,QAUR,0.017774457371436014,1.0
MG_L15_T0_C25,15,0.0,25.0,40,QAUR,0.05149287724141205,1.0
MG_L15_T0_C25,15,0.0,25.0,41,QAUR,0.012779465249393107,1.0
MG_L15_T0_C25,15,0.0,25.0,42,QAUR,0.014852341621161225,1.0
MG_L15_T0_C25,15,0.0,25.0,43,QAUR,-0.01972787887507177,0.0
MG_L15_T0_C25,15,0.0,25.0,44,QAUR,0.022339163131722684,1.0
MG_L15_T0_C25,15,0.0,25.0,45,QAUR,-0.005026590523525942,0.0
MG_L15_T0_C25,15,0.0,25.0,46,QAUR,0.008534101748647993,1.0
MG_L15_T0_C25,15,0.0,25.0,47,QAUR,0.02026859801722103,1.0
MG_L15_T0_C25,15,0.0,25.0,48,QAUR,-0.0023664621729957425,0.0
MG_L15_T0_C25,15,0.0,25.0,49,QAUR,0.029746358983862464,1.0
MG_L15_T0_C25,15,0.0,25.0,50,QAUR,-0.009501976837746229,0.0
MG_L15_T0_C25,15,0.0,25.0,51,QAUR,0.006434770171198423,1.0
MG_L15_T0_C25,15,0.0,25.0,52,QAUR,-0.035603242650593,0.0
MG_L15_T0_C50,15,0.0,50.0,0,AUR,0.03571347743120379,1.0
MG_L15_T0_C50,15,0.0,50.0,1,AUR,-0.13721093779597582,0.0
MG_L15_T0_C50,15,0.0,50.0,2,AUR,-0.0020293976225008725,0.0
MG_L15_T0_C50,15,0.0,50.0,3,AUR,-0.10207938415018936,0.0
MG_L15_T0_C50,15,0.0,50.0,4,AUR,0.08688734683158983,1.0
MG_L15_T0_C50,15,0.0,50.0,5,AUR,-0.00807449607759203,0.0
MG_L15_T0_C50,15,0.0,50.0,6,AUR,-0.07724644345882647,0.0
MG_L15_T0_C50,15,0.0,50.0,7,AUR,-0.04810222950195875,0.0
MG_L15_T0_C50,15,0.0,50.0,8,AUR,0.1049186728803293,1.0
MG_L15_T0_C50,15,0.0,50.0,9,AUR,-0.030212927799112665,0.0
MG_L15_T0_C50,15,0.0,50.0,10,AUR,0.046747515475849655,1.0
MG_L15_T0_C50,15,0.0,50.0,11,AUR,0.00802690715733445,1.0
MG_L15_T0_C50,15,0.0,50.0,12,AUR,-0.01998173317799601,0.0
MG_L15_T0_C50,15,0.0,50.0,13,AUR,-0.014195993129672568,0.0
MG_L15_T0_C50,15,0.0,50.0,14,AUR,0.08342102622953895,1.0
MG_L15_T0_C50,15,0.0,50.0,15,AUR,-0.006734232494365888,0.0
MG_L15_T0_C50,15,0.0,50.0,16,AUR,0.03464023828121321,1.0
MG_L15_T0_C50,15,0.0,50.0,17,AUR,-0.015251496317091329,0.0
MG_L15_T0_C50,15,0.0,50.0,18,AUR,-0.07788511610279436,0.0
MG_L15_T0_C50,15,0.0,50.0,19,AUR,-0.09931169674826079,0.0
MG_L15_T0_C50,15,0.0,50.0,20,AUR,0.0157856468902704,1.0
MG_L15_T0_C50,15,0.0,50.0,21,AUR,0.01407041001576781,1.0
MG_L15_T0_C50,15,0.0,50.0,22,AUR,-0.009968562150078797,0.0
MG_L15_T0_C50,15,0.0,50.0,23,AUR,0.038266481839041466,1.0
MG_L15_T0_C50,15,0.0,50.0,24,AUR,0.029713026040224966,1.0
MG_L15_T0_C50,15,0.0,50.0,25,AUR,-0.05369921697698865,0.0
MG_L15_T0_C50,15,0.0,50.0,26,AUR,0.036167641108838966,1.0
MG_L15_T0_C50,15,0.0,50.0,27,AUR,-0.017817195356116367,0.0
MG_L15_T0_C50,15,0.0,50.0,28,AUR,-0.07192947671107108,0.0
MG_L15_T0_C50,15,0.0,50.0,29,AUR,0.021720569605208517,1.0
MG_L15_T0_C50,15,0.0,50.0,30,AUR,0.01925388365701286,1.0
MG_L15_T0_C50,15,0.0,50.0,31,AUR,0.002484348044151208,1.0
MG_L15_T0_C50,15,0.0,50.0,32,AUR,0.002534278255788891,1.0
MG_L15_T0_C50,15,0.0,50.0,33,AUR,0.01323361979459281,1.0
MG_L15_T0_C50,15,0.0,50.0,34,AUR,-0.0025695742660996057,0.0
MG_L15_T0_C50,15,0.0,50.0,35,AUR,0.046323590778710066,1.0
MG_L15_T0_C50,15,0.0,50.0,36,AUR,-0.013090702102089735,0.0
MG_L15_T0_C50,15,0.0,50.0,37,AUR,0.06441796159009772,1.0
MG_L15_T0_C50,15,0.0,50.0,38,AUR,0.0315510793490561,1.0
MG_L15_T0_C50,15,0.0,50.0,39,AUR,0.017774457371436014,1.0
MG_L15_T0_C50,15,0.0,50.0,40,AUR,0.05149287724141205,1.0
MG_L15_T0_C50,15,0.0,50.0,41,AUR,0.012779465249393107,1.0
MG_L15_T0_C50,15,0.0,50.0,42,AUR,0.014852341621161225,1.0
MG_L15_T0_C50,15,0.0,50.0,43,AUR,-0.01972787887507177,0.0
MG_L15_T0_C50,15,0.0,50.0,44,AUR,0.022339163131722684,1.0
MG_L15_T0_C50,15,0.0,50.0,45,AUR,-0.005026590523525942,0.0
MG_L15_T0_C50,15,0.0,50.0,46,AUR,0.008534101748647993,1.0
MG_L15_T0_C50,15,0.0,50.0,47,AUR,0.02026859801722103,1.0
MG_L15_T0_C50,15,0.0,50.0,48,AUR,-0.0023664621729957425,0.0
MG_L15_T0_C50,15,0.0,50.0,49,AUR,0.029746358983862464,1.0
MG_L15_T0_C50,15,0.0,50.0,50,AUR,-0.009501976837746229,0.0
MG_L15_T0_C50,15,0.0,50.0,51,AUR,0.006434770171198423,1.0
MG_L15_T0_C50,15,0.0,50.0,52,AUR,-0.035603242650593,0.0
MG_L15_T0_C50,15,0.0,50.0,0,QAUR,0.03571347743120379,1.0
MG_L15_T0_C50,15,0.0,50.0,1,QAUR,-0.13721093779597582,0.0
MG_L15_T0_C50,15,0.0,50.0,2,QAUR,-0.0020293976225008725,0.0
MG_L15_T0_C50,15,0.0,50.0,3,QAUR,-0.10207938415018936,0.0
MG_L15_T0_C50,15,0.0,50.0,4,QAUR,0.08688734683158983,1.0
MG_L15_T0_C50,15,0.0,50.0,5,QAUR,-0.00807449607759203,0.0
MG_L15_T0_C50,15,0.0,50.0,6,QAUR,-0.07724644345882647,0.0
MG_L15_T0_C50,15,0.0,50.0,7,QAUR,-0.04810222950195875,0.0
MG_L15_T0_C50,15,0.0,50.0,8,QAUR,0.1049186728803293,1.0
MG_L15_T0_C50,15,0.0,50.0,9,QAUR,-0.030212927799112665,0.0
MG_L15_T0_C50,15,0.0,50.0,10,QAUR,0.046747515475849655,1.0
MG_L15_T0_C50,15,0.0,50.0,11,QAUR,0.00802690715733445,1.0
MG_L15_T0_C50,15,0.0,50.0,12,QAUR,-0.01998173317799601,0.0
MG_L15_T0_C50,15,0.0,50.0,13,QAUR,-0.014195993129672568,0.0
MG_L15_T0_C50,15,0.0,50.0,14,QAUR,0.08342102622953895,1.0
MG_L15_T0_C50,15,0.0,50.0,15,QAUR,-0.006734232494365888,0.0
MG_L15_T0_C50,15,0.0,50.0,16,QAUR,0.03464023828121321,1.0
MG_L15_T0_C50,15,0.0,50.0,17,QAUR,-0.015251496317091329,0.0
MG_L15_T0_C50,15,0.0,50.0,18,QAUR,-0.07788511610279436,0.0
MG_L15_T0_C50,15,0.0,50.0,19,QAUR,-0.09931169674826079,0.0
MG_L15_T0_C50,15,0.0,50.0,20,QAUR,0.0157856468902704,1.0
MG_L15_T0_C50,15,0.0,50.0,21,QAUR,0.01407041001576781,1.0
MG_L15_T0_C50,15,0.0,50.0,22,QAUR,-0.009968562150078797,0.0
MG_L15_T0_C50,15,0.0,50.0,23,QAUR,0.038266481839041466,1.0
MG_L15_T0_C50,15,0.0,50.0,24,QAUR,0.029713026040224966,1.0
MG_L15_T0_C50,15,0.0,50.0,25,QAUR,-0.05369921697698865,0.0
MG_L15_T0_C50,15,0.0,50.0,26,QAUR,0.036167641108838966,1.0
MG_L15_T0_C50,15,0.0,50.0,27,QAUR,-0.017817195356116367,0.0
MG_L15_T0_C50,15,0.0,50.0,28,QAUR,-0.07192947671107108,0.0
MG_L15_T0_C50,15,0.0,50.0,29,QAUR,0.021720569605208517,1.0
MG_L15_T0_C50,15,0.0,50.0,30,QAUR,0.01925388365701286,1.0
MG_L15_T0_C50,15,0.0,50.0,31,QAUR,0.002484348044151208,1.0
MG_L15_T0_C50,15,0.0,50.0,32,QAUR,0.002534278255788891,1.0
MG_L15_T0_C50,15,0.0,50.0,33,QAUR,0.01323361979459281,1.0
MG_L15_T0_C50,15,0.0,50.0,34,QAUR,-0.0025695742660996057,0.0
MG_L15_T0_C50,15,0.0,50.0,35,QAUR,0.046323590778710066,1.0
MG_L15_T0_C50,15,0.0,50.0,36,QAUR,-0.013090702102089735,0.0
MG_L15_T0_C50,15,0.0,50.0,37,QAUR,0.06441796159009772,1.0
MG_L15_T0_C50,15,0.0,50.0,38,QAUR,0.0315510793490561,1.0
MG_L15_T0_C50,15,0.0,50.0,39,QAUR,0.017774457371436014,1.0
MG_L15_T0_C50,15,0.0,50.0,40,QAUR,0.05149287724141205,1.0
MG_L15_T0_C50,15,0.0,50.0,41,QAUR,0.012779465249393107,1.0
MG_L15_T0_C50,15,0.0,50.0,42,QAUR,0.014852341621161225,1.0
MG_L15_T0_C50,15,0.0,50.0,43,QAUR,-0.01972787887507177,0.0
MG_L15_T0_C50,15,0.0,50.0,44,QAUR,0.022339163131722684,1.0
MG_L15_T0_C50,15,0.0,50.0,45,QAUR,-0.005026590523525942,0.0
MG_L15_T0_C50,15,0.0,50.0,46,QAUR,0.008534101748647993,1.0
MG_L15_T0_C50,15,0.0,50.0,47,QAUR,0.02026859801722103,1.0
MG_L15_T0_C50,15,0.0,50.0,48,QAUR,-0.0023664621729957425,0.0
MG_L15_T0_C50,15,0.0,50.0,49,QAUR,0.029746358983862464,1.0
MG_L15_T0_C50,15,0.0,50.0,50,QAUR,-0.009501976837746229,0.0
MG_L15_T0_C50,15,0.0,50.0,51,QAUR,0.006434770171198423,1.0
MG_L15_T0_C50,15,0.0,50.0,52,QAUR,-0.035603242650593,0.0
MG_L15_T0_C100,15,0.0,100.0,0,AUR,0.03571347743120379,1.0
MG_L15_T0_C100,15,0.0,100.0,1,AUR,-0.13721093779597582,0.0
MG_L15_T0_C100,15,0.0,100.0,2,AUR,-0.0020293976225008725,0.0
MG_L15_T0_C100,15,0.0,100.0,3,AUR,-0.10207938415018936,0.0
MG_L15_T0_C100,15,0.0,100.0,4,AUR,0.08688734683158983,1.0
MG_L15_T0_C100,15,0.0,100.0,5,AUR,-0.00807449607759203,0.0
MG_L15_T0_C100,15,0.0,100.0,6,AUR,-0.07724644345882647,0.0
MG_L15_T0_C100,15,0.0,100.0,7,AUR,-0.04810222950195875,0.0
MG_L15_T0_C100,15,0.0,100.0,8,AUR,0.1049186728803293,1.0
MG_L15_T0_C100,15,0.0,100.0,9,AUR,-0.030212927799112665,0.0
MG_L15_T0_C100,15,0.0,100.0,10,AUR,0.046747515475849655,1.0
MG_L15_T0_C100,15,0.0,100.0,11,AUR,0.00802690715733445,1.0
MG_L15_T0_C100,15,0.0,100.0,12,AUR,-0.01998173317799601,0.0
MG_L15_T0_C100,15,0.0,100.0,13,AUR,-0.014195993129672568,0.0
MG_L15_T0_C100,15,0.0,100.0,14,AUR,0.08342102622953895,1.0
MG_L15_T0_C100,15,0.0,100.0,15,AUR,-0.006734232494365888,0.0
MG_L15_T0_C100,15,0.0,100.0,16,AUR,0.03464023828121321,1.0
MG_L15_T0_C100,15,0.0,100.0,17,AUR,-0.015251496317091329,0.0
MG_L15_T0_C100,15,0.0,100.0,18,AUR,-0.07788511610279436,0.0
MG_L15_T0_C100,15,0.0,100.0,19,AUR,-0.09931169674826079,0.0
MG_L15_T0_C100,15,0.0,100.0,20,AUR,0.0157856468902704,1.0
MG_L15_T0_C100,15,0.0,100.0,21,AUR,0.01407041001576781,1.0
MG_L15_T0_C100,15,0.0,100.0,22,AUR,-0.009968562150078797,0.0
MG_L15_T0_C100,15,0.0,100.0,23,AUR,0.038266481839041466,1.0
MG_L15_T0_C100,15,0.0,100.0,24,AUR,0.029713026040224966,1.0
MG_L15_T0_C100,15,0.0,100.0,25,AUR,-0.05369921697698865,0.0
MG_L15_T0_C100,15,0.0,100.0,26,AUR,0.036167641108838966,1.0
MG_L15_T0_C100,15,0.0,100.0,27,AUR,-0.017817195356116367,0.0
MG_L15_T0_C100,15,0.0,100.0,28,AUR,-0.07192947671107108,0.0
MG_L15_T0_C100,15,0.0,100.0,29,AUR,0.021720569605208517,1.0
MG_L15_T0_C100,15,0.0,100.0,30,AUR,0.01925388365701286,1.0
MG_L15_T0_C100,15,0.0,100.0,31,AUR,0.002484348044151208,1.0
MG_L15_T0_C100,15,0.0,100.0,32,AUR,0.002534278255788891,1.0
MG_L15_T0_C100,15,0.0,100.0,33,AUR,0.01323361979459281,1.0
MG_L15_T0_C100,15,0.0,100.0,34,AUR,-0.0025695742660996057,0.0
MG_L15_T0_C100,15,0.0,100.0,35,AUR,0.046323590778710066,1.0
MG_L15_T0_C100,15,0.0,100.0,36,AUR,-0.013090702102089735,0.0
MG_L15_T0_C100,15,0.0,100.0,37,AUR,0.06441796159009772,1.0
MG_L15_T0_C100,15,0.0,100.0,38,AUR,0.0315510793490561,1.0
MG_L15_T0_C100,15,0.0,100.0,39,AUR,0.017774457371436014,1.0
MG_L15_T0_C100,15,0.0,100.0,40,AUR,0.05149287724141205,1.0
MG_L15_T0_C100,15,0.0,100.0,41,AUR,0.012779465249393107,1.0
MG_L15_T0_C100,15,0.0,100.0,42,AUR,0.014852341621161225,1.0
MG_L15_T0_C100,15,0.0,100.0,43,AUR,-0.01972787887507177,0.0
MG_L15_T0_C100,15,0.0,100.0,44,AUR,0.022339163131722684,1.0
MG_L15_T0_C100,15,0.0,100.0,45,AUR,-0.005026590523525942,0.0
MG_L15_T0_C100,15,0.0,100.0,46,AUR,0.008534101748647993,1.0
MG_L15_T0_C100,15,0.0,100.0,47,AUR,0.02026859801722103,1.0
MG_L15_T0_C100,15,0.0,100.0,48,AUR,-0.0023664621729957425,0.0
MG_L15_T0_C100,15,0.0,100.0,49,AUR,0.029746358983862464,1.0
MG_L15_T0_C100,15,0.0,100.0,50,AUR,-0.009501976837746229,0.0
MG_L15_T0_C100,15,0.0,100.0,51,AUR,0.006434770171198423,1.0
MG_L15_T0_C100,15,0.0,100.0,52,AUR,-0.035603242650593,0.0
MG_L15_T0_C100,15,0.0,100.0,0,QAUR,0.03571347743120379,1.0
MG_L15_T0_C100,15,0.0,100.0,1,QAUR,-0.13721093779597582,0.0
MG_L15_T0_C100,15,0.0,100.0,2,QAUR,-0.0020293976225008725,0.0
MG_L15_T0_C100,15,0.0,100.0,3,QAUR,-0.10207938415018936,0.0
MG_L15_T0_C100,15,0.0,100.0,4,QAUR,0.08688734683158983,1.0
MG_L15_T0_C100,15,0.0,100.0,5,QAUR,-0.00807449607759203,0.0
MG_L15_T0_C100,15,0.0,100.0,6,QAUR,-0.07724644345882647,0.0
MG_L15_T0_C100,15,0.0,100.0,7,QAUR,-0.04810222950195875,0.0
MG_L15_T0_C100,15,0.0,100.0,8,QAUR,0.1049186728803293,1.0
MG_L15_T0_C100,15,0.0,100.0,9,QAUR,-0.030212927799112665,0.0
MG_L15_T0_C100,15,0.0,100.0,10,QAUR,0.046747515475849655,1.0
MG_L15_T0_C100,15,0.0,100.0,11,QAUR,0.00802690715733445,1.0
MG_L15_T0_C100,15,0.0,100.0,12,QAUR,-0.01998173317799601,0.0
MG_L15_T0_C100,15,0.0,100.0,13,QAUR,-0.014195993129672568,0.0
MG_L15_T0_C100,15,0.0,100.0,14,QAUR,0.08342102622953895,1.0
MG_L15_T0_C100,15,0.0,100.0,15,QAUR,-0.006734232494365888,0.0
MG_L15_T0_C100,15,0.0,100.0,16,QAUR,0.03464023828121321,1.0
MG_L15_T0_C100,15,0.0,100.0,17,QAUR,-0.015251496317091329,0.0
MG_L15_T0_C100,15,0.0,100.0,18,QAUR,-0.07788511610279436,0.0
MG_L15_T0_C100,15,0.0,100.0,19,QAUR,-0.09931169674826079,0.0
MG_L15_T0_C100,15,0.0,100.0,20,QAUR,0.0157856468902704,1.0
MG_L15_T0_C100,15,0.0,100.0,21,QAUR,0.01407041001576781,1.0
MG_L15_T0_C100,15,0.0,100.0,22,QAUR,-0.009968562150078797,0.0
MG_L15_T0_C100,15,0.0,100.0,23,QAUR,0.038266481839041466,1.0
MG_L15_T0_C100,15,0.0,100.0,24,QAUR,0.029713026040224966,1.0
MG_L15_T0_C100,15,0.0,100.0,25,QAUR,-0.05369921697698865,0.0
MG_L15_T0_C100,15,0.0,100.0,26,QAUR,0.036167641108838966,1.0
MG_L15_T0_C100,15,0.0,100.0,27,QAUR,-0.017817195356116367,0.0
MG_L15_T0_C100,15,0.0,100.0,28,QAUR,-0.07192947671107108,0.0
MG_L15_T0_C100,15,0.0,100.0,29,QAUR,0.021720569605208517,1.0
MG_L15_T0_C100,15,0.0,100.0,30,QAUR,0.01925388365701286,1.0
MG_L15_T0_C100,15,0.0,100.0,31,QAUR,0.002484348044151208,1.0
MG_L15_T0_C100,15,0.0,100.0,32,QAUR,0.002534278255788891,1.0
MG_L15_T0_C100,15,0.0,100.0,33,QAUR,0.01323361979459281,1.0
MG_L15_T0_C100,15,0.0,100.0,34,QAUR,-0.0025695742660996057,0.0
MG_L15_T0_C100,15,0.0,100.0,35,QAUR,0.046323590778710066,1.0
MG_L15_T0_C100,15,0.0,100.0,36,QAUR,-0.013090702102089735,0.0
MG_L15_T0_C100,15,0.0,100.0,37,QAUR,0.06441796159009772,1.0
MG_L15_T0_C100,15,0.0,100.0,38,QAUR,0.0315510793490561,1.0
MG_L15_T0_C100,15,0.0,100.0,39,QAUR,0.017774457371436014,1.0
MG_L15_T0_C100,15,0.0,100.0,40,QAUR,0.05149287724141205,1.0
MG_L15_T0_C100,15,0.0,100.0,41,QAUR,0.012779465249393107,1.0
MG_L15_T0_C100,15,0.0,100.0,42,QAUR,0.014852341621161225,1.0
MG_L15_T0_C100,15,0.0,100.0,43,QAUR,-0.01972787887507177,0.0
MG_L15_T0_C100,15,0.0,100.0,44,QAUR,0.022339163131722684,1.0
MG_L15_T0_C100,15,0.0,100.0,45,QAUR,-0.005026590523525942,0.0
MG_L15_T0_C100,15,0.0,100.0,46,QAUR,0.008534101748647993,1.0
MG_L15_T0_C100,15,0.0,100.0,47,QAUR,0.02026859801722103,1.0
MG_L15_T0_C100,15,0.0,100.0,48,QAUR,-0.0023664621729957425,0.0
MG_L15_T0_C100,15,0.0,100.0,49,QAUR,0.029746358983862464,1.0
MG_L15_T0_C100,15,0.0,100.0,50,QAUR,-0.009501976837746229,0.0
MG_L15_T0_C100,15,0.0,100.0,51,QAUR,0.006434770171198423,1.0
MG_L15_T0_C100,15,0.0,100.0,52,QAUR,-0.035603242650593,0.0
MG_L15_T2_C0,15,0.02,0.0,0,AUR,0.03571347743120379,1.0
MG_L15_T2_C0,15,0.02,0.0,1,AUR,-0.13721093779597582,0.0
MG_L15_T2_C0,15,0.02,0.0,2,AUR,-0.0020293976225008725,0.0
MG_L15_T2_C0,15,0.02,0.0,3,AUR,-0.10207938415018936,0.0
MG_L15_T2_C0,15,0.02,0.0,4,AUR,0.08688734683158983,1.0
MG_L15_T2_C0,15,0.02,0.0,5,AUR,-0.00807449607759203,0.0
MG_L15_T2_C0,15,0.02,0.0,6,AUR,-0.07724644345882647,0.0
MG_L15_T2_C0,15,0.02,0.0,7,AUR,-0.04810222950195875,0.0
MG_L15_T2_C0,15,0.02,0.0,8,AUR,0.1049186728803293,1.0
MG_L15_T2_C0,15,0.02,0.0,9,AUR,-0.030212927799112665,0.0
MG_L15_T2_C0,15,0.02,0.0,10,AUR,0.046747515475849655,1.0
MG_L15_T2_C0,15,0.02,0.0,11,AUR,0.00802690715733445,0.0
MG_L15_T2_C0,15,0.02,0.0,12,AUR,-0.01998173317799601,0.0
MG_L15_T2_C0,15,0.02,0.0,13,AUR,-0.014195993129672568,0.0
MG_L15_T2_C0,15,0.02,0.0,14,AUR,0.08342102622953895,1.0
MG_L15_T2_C0,15,0.02,0.0,15,AUR,-0.006734232494365888,0.0
MG_L15_T2_C0,15,0.02,0.0,16,AUR,0.03464023828121321,1.0
MG_L15_T2_C0,15,0.02,0.0,17,AUR,-0.015251496317091329,0.0
MG_L15_T2_C0,15,0.02,0.0,18,AUR,-0.07788511610279436,0.0
MG_L15_T2_C0,15,0.02,0.0,19,AUR,-0.09931169674826079,0.0
MG_L15_T2_C0,15,0.02,0.0,20,AUR,0.0157856468902704,0.0
MG_L15_T2_C0,15,0.02,0.0,21,AUR,0.01407041001576781,0.0
MG_L15_T2_C0,15,0.02,0.0,22,AUR,-0.009968562150078797,0.0
MG_L15_T2_C0,15,0.02,0.0,23,AUR,0.038266481839041466,1.0
MG_L15_T2_C0,15,0.02,0.0,24,AUR,0.029713026040224966,1.0
MG_L15_T2_C0,15,0.02,0.0,25,AUR,-0.05369921697698865,0.0
MG_L15_T2_C0,15,0.02,0.0,26,AUR,0.036167641108838966,1.0
MG_L15_T2_C0,15,0.02,0.0,27,AUR,-0.017817195356116367,0.0
MG_L15_T2_C0,15,0.02,0.0,28,AUR,-0.07192947671107108,0.0
MG_L15_T2_C0,15,0.02,0.0,29,AUR,0.021720569605208517,1.0
MG_L15_T2_C0,15,0.02,0.0,30,AUR,0.01925388365701286,0.0
MG_L15_T2_C0,15,0.02,0.0,31,AUR,0.002484348044151208,0.0
MG_L15_T2_C0,15,0.02,0.0,32,AUR,0.002534278255788891,0.0
MG_L15_T2_C0,15,0.02,0.0,33,AUR,0.01323361979459281,0.0
MG_L15_T2_C0,15,0.02,0.0,34,AUR,-0.0025695742660996057,0.0
MG_L15_T2_C0,15,0.02,0.0,35,AUR,0.046323590778710066,1.0
MG_L15_T2_C0,15,0.02,0.0,36,AUR,-0.013090702102089735,0.0
MG_L15_T2_C0,15,0.02,0.0,37,AUR,0.06441796159009772,1.0
MG_L15_T2_C0,15,0.02,0.0,38,AUR,0.0315510793490561,1.0
MG_L15_T2_C0,15,0.02,0.0,39,AUR,0.017774457371436014,0.0
MG_L15_T2_C0,15,0.02,0.0,40,AUR,0.05149287724141205,1.0
MG_L15_T2_C0,15,0.02,0.0,41,AUR,0.012779465249393107,0.0
MG_L15_T2_C0,15,0.02,0.0,42,AUR,0.014852341621161225,0.0
MG_L15_T2_C0,15,0.02,0.0,43,AUR,-0.01972787887507177,0.0
MG_L15_T2_C0,15,0.02,0.0,44,AUR,0.022339163131722684,1.0
MG_L15_T2_C0,15,0.02,0.0,45,AUR,-0.005026590523525942,0.0
MG_L15_T2_C0,15,0.02,0.0,46,AUR,0.008534101748647993,0.0
MG_L15_T2_C0,15,0.02,0.0,47,AUR,0.02026859801722103,1.0
MG_L15_T2_C0,15,0.02,0.0,48,AUR,-0.0023664621729957425,0.0
MG_L15_T2_C0,15,0.02,0.0,49,AUR,0.029746358983862464,1.0
MG_L15_T2_C0,15,0.02,0.0,50,AUR,-0.009501976837746229,0.0
MG_L15_T2_C0,15,0.02,0.0,51,AUR,0.006434770171198423,0.0
MG_L15_T2_C0,15,0.02,0.0,52,AUR,-0.035603242650593,0.0
MG_L15_T2_C0,15,0.02,0.0,0,QAUR,0.03571347743120379,1.0
MG_L15_T2_C0,15,0.02,0.0,1,QAUR,-0.13721093779597582,0.0
MG_L15_T2_C0,15,0.02,0.0,2,QAUR,-0.0020293976225008725,0.0
MG_L15_T2_C0,15,0.02,0.0,3,QAUR,-0.10207938415018936,0.0
MG_L15_T2_C0,15,0.02,0.0,4,QAUR,0.08688734683158983,1.0
MG_L15_T2_C0,15,0.02,0.0,5,QAUR,-0.00807449607759203,0.0
MG_L15_T2_C0,15,0.02,0.0,6,QAUR,-0.07724644345882647,0.0
MG_L15_T2_C0,15,0.02,0.0,7,QAUR,-0.04810222950195875,0.0
MG_L15_T2_C0,15,0.02,0.0,8,QAUR,0.1049186728803293,1.0
MG_L15_T2_C0,15,0.02,0.0,9,QAUR,-0.030212927799112665,0.0
MG_L15_T2_C0,15,0.02,0.0,10,QAUR,0.046747515475849655,1.0
MG_L15_T2_C0,15,0.02,0.0,11,QAUR,0.00802690715733445,0.0
MG_L15_T2_C0,15,0.02,0.0,12,QAUR,-0.01998173317799601,0.0
MG_L15_T2_C0,15,0.02,0.0,13,QAUR,-0.014195993129672568,0.0
MG_L15_T2_C0,15,0.02,0.0,14,QAUR,0.08342102622953895,1.0
MG_L15_T2_C0,15,0.02,0.0,15,QAUR,-0.006734232494365888,0.0
MG_L15_T2_C0,15,0.02,0.0,16,QAUR,0.03464023828121321,1.0
MG_L15_T2_C0,15,0.02,0.0,17,QAUR,-0.015251496317091329,0.0
MG_L15_T2_C0,15,0.02,0.0,18,QAUR,-0.07788511610279436,0.0
MG_L15_T2_C0,15,0.02,0.0,19,QAUR,-0.09931169674826079,0.0
MG_L15_T2_C0,15,0.02,0.0,20,QAUR,0.0157856468902704,0.0
MG_L15_T2_C0,15,0.02,0.0,21,QAUR,0.01407041001576781,0.0
MG_L15_T2_C0,15,0.02,0.0,22,QAUR,-0.009968562150078797,0.0
MG_L15_T2_C0,15,0.02,0.0,23,QAUR,0.038266481839041466,1.0
MG_L15_T2_C0,15,0.02,0.0,24,QAUR,0.029713026040224966,1.0
MG_L15_T2_C0,15,0.02,0.0,25,QAUR,-0.05369921697698865,0.0
MG_L15_T2_C0,15,0.02,0.0,26,QAUR,0.036167641108838966,1.0
MG_L15_T2_C0,15,0.02,0.0,27,QAUR,-0.017817195356116367,0.0
MG_L15_T2_C0,15,0.02,0.0,28,QAUR,-0.07192947671107108,0.0
MG_L15_T2_C0,15,0.02,0.0,29,QAUR,0.021720569605208517,1.0
MG_L15_T2_C0,15,0.02,0.0,30,QAUR,0.01925388365701286,0.0
MG_L15_T2_C0,15,0.02,0.0,31,QAUR,0.002484348044151208,0.0
MG_L15_T2_C0,15,0.02,0.0,32,QAUR,0.002534278255788891,0.0
MG_L15_T2_C0,15,0.02,0.0,33,QAUR,0.01323361979459281,0.0
MG_L15_T2_C0,15,0.02,0.0,34,QAUR,-0.0025695742660996057,0.0
MG_L15_T2_C0,15,0.02,0.0,35,QAUR,0.046323590778710066,1.0
MG_L15_T2_C0,15,0.02,0.0,36,QAUR,-0.013090702102089735,0.0
MG_L15_T2_C0,15,0.02,0.0,37,QAUR,0.06441796159009772,1.0
MG_L15_T2_C0,15,0.02,0.0,38,QAUR,0.0315510793490561,1.0
MG_L15_T2_C0,15,0.02,0.0,39,QAUR,0.017774457371436014,0.0
MG_L15_T2_C0,15,0.02,0.0,40,QAUR,0.05149287724141205,1.0
MG_L15_T2_C0,15,0.02,0.0,41,QAUR,0.012779465249393107,0.0
MG_L15_T2_C0,15,0.02,0.0,42,QAUR,0.014852341621161225,0.0
MG_L15_T2_C0,15,0.02,0.0,43,QAUR,-0.01972787887507177,0.0
MG_L15_T2_C0,15,0.02,0.0,44,QAUR,0.022339163131722684,1.0
MG_L15_T2_C0,15,0.02,0.0,45,QAUR,-0.005026590523525942,0.0
MG_L15_T2_C0,15,0.02,0.0,46,QAUR,0.008534101748647993,0.0
MG_L15_T2_C0,15,0.02,0.0,47,QAUR,0.02026859801722103,1.0
MG_L15_T2_C0,15,0.02,0.0,48,QAUR,-0.0023664621729957425,0.0
MG_L15_T2_C0,15,0.02,0.0,49,QAUR,0.029746358983862464,1.0
MG_L15_T2_C0,15,0.02,0.0,50,QAUR,-0.009501976837746229,0.0
MG_L15_T2_C0,15,0.02,0.0,51,QAUR,0.006434770171198423,0.0
MG_L15_T2_C0,15,0.02,0.0,52,QAUR,-0.035603242650593,0.0
MG_L15_T2_C25,15,0.02,25.0,0,AUR,0.03571347743120379,1.0
MG_L15_T2_C25,15,0.02,25.0,1,AUR,-0.13721093779597582,0.0
MG_L15_T2_C25,15,0.02,25.0,2,AUR,-0.0020293976225008725,0.0
MG_L15_T2_C25,15,0.02,25.0,3,AUR,-0.10207938415018936,0.0
MG_L15_T2_C25,15,0.02,25.0,4,AUR,0.08688734683158983,1.0
MG_L15_T2_C25,15,0.02,25.0,5,AUR,-0.00807449607759203,0.0
MG_L15_T2_C25,15,0.02,25.0,6,AUR,-0.07724644345882647,0.0
MG_L15_T2_C25,15,0.02,25.0,7,AUR,-0.04810222950195875,0.0
MG_L15_T2_C25,15,0.02,25.0,8,AUR,0.1049186728803293,1.0
MG_L15_T2_C25,15,0.02,25.0,9,AUR,-0.030212927799112665,0.0
MG_L15_T2_C25,15,0.02,25.0,10,AUR,0.046747515475849655,1.0
MG_L15_T2_C25,15,0.02,25.0,11,AUR,0.00802690715733445,0.0
MG_L15_T2_C25,15,0.02,25.0,12,AUR,-0.01998173317799601,0.0
MG_L15_T2_C25,15,0.02,25.0,13,AUR,-0.014195993129672568,0.0
MG_L15_T2_C25,15,0.02,25.0,14,AUR,0.08342102622953895,1.0
MG_L15_T2_C25,15,0.02,25.0,15,AUR,-0.006734232494365888,0.0
MG_L15_T2_C25,15,0.02,25.0,16,AUR,0.03464023828121321,1.0
MG_L15_T2_C25,15,0.02,25.0,17,AUR,-0.015251496317091329,0.0
MG_L15_T2_C25,15,0.02,25.0,18,AUR,-0.07788511610279436,0.0
MG_L15_T2_C25,15,0.02,25.0,19,AUR,-0.09931169674826079,0.0
MG_L15_T2_C25,15,0.02,25.0,20,AUR,0.0157856468902704,0.0
MG_L15_T2_C25,15,0.02,25.0,21,AUR,0.01407041001576781,0.0
MG_L15_T2_C25,15,0.02,25.0,22,AUR,-0.009968562150078797,0.0
MG_L15_T2_C25,15,0.02,25.0,23,AUR,0.038266481839041466,1.0
MG_L15_T2_C25,15,0.02,25.0,24,AUR,0.029713026040224966,1.0
MG_L15_T2_C25,15,0.02,25.0,25,AUR,-0.05369921697698865,0.0
MG_L15_T2_C25,15,0.02,25.0,26,AUR,0.036167641108838966,1.0
MG_L15_T2_C25,15,0.02,25.0,27,AUR,-0.017817195356116367,0.0
MG_L15_T2_C25,15,0.02,25.0,28,AUR,-0.07192947671107108,0.0
MG_L15_T2_C25,15,0.02,25.0,29,AUR,0.021720569605208517,1.0
MG_L15_T2_C25,15,0.02,25.0,30,AUR,0.01925388365701286,0.0
MG_L15_T2_C25,15,0.02,25.0,31,AUR,0.002484348044151208,0.0
MG_L15_T2_C25,15,0.02,25.0,32,AUR,0.002534278255788891,0.0
MG_L15_T2_C25,15,0.02,25.0,33,AUR,0.01323361979459281,0.0
MG_L15_T2_C25,15,0.02,25.0,34,AUR,-0.0025695742660996057,0.0
MG_L15_T2_C25,15,0.02,25.0,35,AUR,0.046323590778710066,1.0
MG_L15_T2_C25,15,0.02,25.0,36,AUR,-0.013090702102089735,0.0
MG_L15_T2_C25,15,0.02,25.0,37,AUR,0.06441796159009772,1.0
MG_L15_T2_C25,15,0.02,25.0,38,AUR,0.0315510793490561,1.0
MG_L15_T2_C25,15,0.02,25.0,39,AUR,0.017774457371436014,0.0
MG_L15_T2_C25,15,0.02,25.0,40,AUR,0.05149287724141205,1.0
MG_L15_T2_C25,15,0.02,25.0,41,AUR,0.012779465249393107,0.0
MG_L15_T2_C25,15,0.02,25.0,42,AUR,0.014852341621161225,0.0
MG_L15_T2_C25,15,0.02,25.0,43,AUR,-0.01972787887507177,0.0
MG_L15_T2_C25,15,0.02,25.0,44,AUR,0.022339163131722684,1.0
MG_L15_T2_C25,15,0.02,25.0,45,AUR,-0.005026590523525942,0.0
MG_L15_T2_C25,15,0.02,25.0,46,AUR,0.008534101748647993,0.0
MG_L15_T2_C25,15,0.02,25.0,47,AUR,0.02026859801722103,1.0
MG_L15_T2_C25,15,0.02,25.0,48,AUR,-0.0023664621729957425,0.0
MG_L15_T2_C25,15,0.02,25.0,49,AUR,0.029746358983862464,1.0
MG_L15_T2_C25,15,0.02,25.0,50,AUR,-0.009501976837746229,0.0
MG_L15_T2_C25,15,0.02,25.0,51,AUR,0.006434770171198423,0.0
MG_L15_T2_C25,15,0.02,25.0,52,AUR,-0.035603242650593,0.0
MG_L15_T2_C25,15,0.02,25.0,0,QAUR,0.03571347743120379,1.0
MG_L15_T2_C25,15,0.02,25.0,1,QAUR,-0.13721093779597582,0.0
MG_L15_T2_C25,15,0.02,25.0,2,QAUR,-0.0020293976225008725,0.0
MG_L15_T2_C25,15,0.02,25.0,3,QAUR,-0.10207938415018936,0.0
MG_L15_T2_C25,15,0.02,25.0,4,QAUR,0.08688734683158983,1.0
MG_L15_T2_C25,15,0.02,25.0,5,QAUR,-0.00807449607759203,0.0
MG_L15_T2_C25,15,0.02,25.0,6,QAUR,-0.07724644345882647,0.0
MG_L15_T2_C25,15,0.02,25.0,7,QAUR,-0.04810222950195875,0.0
MG_L15_T2_C25,15,0.02,25.0,8,QAUR,0.1049186728803293,1.0
MG_L15_T2_C25,15,0.02,25.0,9,QAUR,-0.030212927799112665,0.0
MG_L15_T2_C25,15,0.02,25.0,10,QAUR,0.046747515475849655,1.0
MG_L15_T2_C25,15,0.02,25.0,11,QAUR,0.00802690715733445,0.0
MG_L15_T2_C25,15,0.02,25.0,12,QAUR,-0.01998173317799601,0.0
MG_L15_T2_C25,15,0.02,25.0,13,QAUR,-0.014195993129672568,0.0
MG_L15_T2_C25,15,0.02,25.0,14,QAUR,0.08342102622953895,1.0
MG_L15_T2_C25,15,0.02,25.0,15,QAUR,-0.006734232494365888,0.0
MG_L15_T2_C25,15,0.02,25.0,16,QAUR,0.03464023828121321,1.0
MG_L15_T2_C25,15,0.02,25.0,17,QAUR,-0.015251496317091329,0.0
MG_L15_T2_C25,15,0.02,25.0,18,QAUR,-0.07788511610279436,0.0
MG_L15_T2_C25,15,0.02,25.0,19,QAUR,-0.09931169674826079,0.0
MG_L15_T2_C25,15,0.02,25.0,20,QAUR,0.0157856468902704,0.0
MG_L15_T2_C25,15,0.02,25.0,21,QAUR,0.01407041001576781,0.0
MG_L15_T2_C25,15,0.02,25.0,22,QAUR,-0.009968562150078797,0.0
MG_L15_T2_C25,15,0.02,25.0,23,QAUR,0.038266481839041466,1.0
MG_L15_T2_C25,15,0.02,25.0,24,QAUR,0.029713026040224966,1.0
MG_L15_T2_C25,15,0.02,25.0,25,QAUR,-0.05369921697698865,0.0
MG_L15_T2_C25,15,0.02,25.0,26,QAUR,0.036167641108838966,1.0
MG_L15_T2_C25,15,0.02,25.0,27,QAUR,-0.017817195356116367,0.0
MG_L15_T2_C25,15,0.02,25.0,28,QAUR,-0.07192947671107108,0.0
MG_L15_T2_C25,15,0.02,25.0,29,QAUR,0.021720569605208517,1.0
MG_L15_T2_C25,15,0.02,25.0,30,QAUR,0.01925388365701286,0.0
MG_L15_T2_C25,15,0.02,25.0,31,QAUR,0.002484348044151208,0.0
MG_L15_T2_C25,15,0.02,25.0,32,QAUR,0.002534278255788891,0.0
MG_L15_T2_C25,15,0.02,25.0,33,QAUR,0.01323361979459281,0.0
MG_L15_T2_C25,15,0.02,25.0,34,QAUR,-0.0025695742660996057,0.0
MG_L15_T2_C25,15,0.02,25.0,35,QAUR,0.046323590778710066,1.0
MG_L15_T2_C25,15,0.02,25.0,36,QAUR,-0.013090702102089735,0.0
MG_L15_T2_C25,15,0.02,25.0,37,QAUR,0.06441796159009772,1.0
MG_L15_T2_C25,15,0.02,25.0,38,QAUR,0.0315510793490561,1.0
MG_L15_T2_C25,15,0.02,25.0,39,QAUR,0.017774457371436014,0.0
MG_L15_T2_C25,15,0.02,25.0,40,QAUR,0.05149287724141205,1.0
MG_L15_T2_C25,15,0.02,25.0,41,QAUR,0.012779465249393107,0.0
MG_L15_T2_C25,15,0.02,25.0,42,QAUR,0.014852341621161225,0.0
MG_L15_T2_C25,15,0.02,25.0,43,QAUR,-0.01972787887507177,0.0
MG_L15_T2_C25,15,0.02,25.0,44,QAUR,0.022339163131722684,1.0
MG_L15_T2_C25,15,0.02,25.0,45,QAUR,-0.005026590523525942,0.0
MG_L15_T2_C25,15,0.02,25.0,46,QAUR,0.008534101748647993,0.0
MG_L15_T2_C25,15,0.02,25.0,47,QAUR,0.02026859801722103,1.0
MG_L15_T2_C25,15,0.02,25.0,48,QAUR,-0.0023664621729957425,0.0
MG_L15_T2_C25,15,0.02,25.0,49,QAUR,0.029746358983862464,1.0
MG_L15_T2_C25,15,0.02,25.0,50,QAUR,-0.009501976837746229,0.0
MG_L15_T2_C25,15,0.02,25.0,51,QAUR,0.006434770171198423,0.0
MG_L15_T2_C25,15,0.02,25.0,52,QAUR,-0.035603242650593,0.0
MG_L15_T2_C50,15,0.02,50.0,0,AUR,0.03571347743120379,1.0
MG_L15_T2_C50,15,0.02,50.0,1,AUR,-0.13721093779597582,0.0
MG_L15_T2_C50,15,0.02,50.0,2,AUR,-0.0020293976225008725,0.0
MG_L15_T2_C50,15,0.02,50.0,3,AUR,-0.10207938415018936,0.0
MG_L15_T2_C50,15,0.02,50.0,4,AUR,0.08688734683158983,1.0
MG_L15_T2_C50,15,0.02,50.0,5,AUR,-0.00807449607759203,0.0
MG_L15_T2_C50,15,0.02,50.0,6,AUR,-0.07724644345882647,0.0
MG_L15_T2_C50,15,0.02,50.0,7,AUR,-0.04810222950195875,0.0
MG_L15_T2_C50,15,0.02,50.0,8,AUR,0.1049186728803293,1.0
MG_L15_T2_C50,15,0.02,50.0,9,AUR,-0.030212927799112665,0.0
MG_L15_T2_C50,15,0.02,50.0,10,AUR,0.046747515475849655,1.0
MG_L15_T2_C50,15,0.02,50.0,11,AUR,0.00802690715733445,0.0
MG_L15_T2_C50,15,0.02,50.0,12,AUR,-0.01998173317799601,0.0
MG_L15_T2_C50,15,0.02,50.0,13,AUR,-0.014195993129672568,0.0
MG_L15_T2_C50,15,0.02,50.0,14,AUR,0.08342102622953895,1.0
MG_L15_T2_C50,15,0.02,50.0,15,AUR,-0.006734232494365888,0.0
MG_L15_T2_C50,15,0.02,50.0,16,AUR,0.03464023828121321,1.0
MG_L15_T2_C50,15,0.02,50.0,17,AUR,-0.015251496317091329,0.0
MG_L15_T2_C50,15,0.02,50.0,18,AUR,-0.07788511610279436,0.0
MG_L15_T2_C50,15,0.02,50.0,19,AUR,-0.09931169674826079,0.0
MG_L15_T2_C50,15,0.02,50.0,20,AUR,0.0157856468902704,0.0
MG_L15_T2_C50,15,0.02,50.0,21,AUR,0.01407041001576781,0.0
MG_L15_T2_C50,15,0.02,50.0,22,AUR,-0.009968562150078797,0.0
MG_L15_T2_C50,15,0.02,50.0,23,AUR,0.038266481839041466,1.0
MG_L15_T2_C50,15,0.02,50.0,24,AUR,0.029713026040224966,1.0
MG_L15_T2_C50,15,0.02,50.0,25,AUR,-0.05369921697698865,0.0
MG_L15_T2_C50,15,0.02,50.0,26,AUR,0.036167641108838966,1.0
MG_L15_T2_C50,15,0.02,50.0,27,AUR,-0.017817195356116367,0.0
MG_L15_T2_C50,15,0.02,50.0,28,AUR,-0.07192947671107108,0.0
MG_L15_T2_C50,15,0.02,50.0,29,AUR,0.021720569605208517,1.0
MG_L15_T2_C50,15,0.02,50.0,30,AUR,0.01925388365701286,0.0
MG_L15_T2_C50,15,0.02,50.0,31,AUR,0.002484348044151208,0.0
MG_L15_T2_C50,15,0.02,50.0,32,AUR,0.002534278255788891,0.0
MG_L15_T2_C50,15,0.02,50.0,33,AUR,0.01323361979459281,0.0
MG_L15_T2_C50,15,0.02,50.0,34,AUR,-0.0025695742660996057,0.0
MG_L15_T2_C50,15,0.02,50.0,35,AUR,0.046323590778710066,1.0
MG_L15_T2_C50,15,0.02,50.0,36,AUR,-0.013090702102089735,0.0
MG_L15_T2_C50,15,0.02,50.0,37,AUR,0.06441796159009772,1.0
MG_L15_T2_C50,15,0.02,50.0,38,AUR,0.0315510793490561,1.0
MG_L15_T2_C50,15,0.02,50.0,39,AUR,0.017774457371436014,0.0
MG_L15_T2_C50,15,0.02,50.0,40,AUR,0.05149287724141205,1.0
MG_L15_T2_C50,15,0.02,50.0,41,AUR,0.012779465249393107,0.0
MG_L15_T2_C50,15,0.02,50.0,42,AUR,0.014852341621161225,0.0
MG_L15_T2_C50,15,0.02,50.0,43,AUR,-0.01972787887507177,0.0
MG_L15_T2_C50,15,0.02,50.0,44,AUR,0.022339163131722684,1.0
MG_L15_T2_C50,15,0.02,50.0,45,AUR,-0.005026590523525942,0.0
MG_L15_T2_C50,15,0.02,50.0,46,AUR,0.008534101748647993,0.0
MG_L15_T2_C50,15,0.02,50.0,47,AUR,0.02026859801722103,1.0
MG_L15_T2_C50,15,0.02,50.0,48,AUR,-0.0023664621729957425,0.0
MG_L15_T2_C50,15,0.02,50.0,49,AUR,0.029746358983862464,1.0
MG_L15_T2_C50,15,0.02,50.0,50,AUR,-0.009501976837746229,0.0
MG_L15_T2_C50,15,0.02,50.0,51,AUR,0.006434770171198423,0.0
MG_L15_T2_C50,15,0.02,50.0,52,AUR,-0.035603242650593,0.0
MG_L15_T2_C50,15,0.02,50.0,0,QAUR,0.03571347743120379,1.0
MG_L15_T2_C50,15,0.02,50.0,1,QAUR,-0.13721093779597582,0.0
MG_L15_T2_C50,15,0.02,50.0,2,QAUR,-0.0020293976225008725,0.0
MG_L15_T2_C50,15,0.02,50.0,3,QAUR,-0.10207938415018936,0.0
MG_L15_T2_C50,15,0.02,50.0,4,QAUR,0.08688734683158983,1.0
MG_L15_T2_C50,15,0.02,50.0,5,QAUR,-0.00807449607759203,0.0
MG_L15_T2_C50,15,0.02,50.0,6,QAUR,-0.07724644345882647,0.0
MG_L15_T2_C50,15,0.02,50.0,7,QAUR,-0.04810222950195875,0.0
MG_L15_T2_C50,15,0.02,50.0,8,QAUR,0.1049186728803293,1.0
MG_L15_T2_C50,15,0.02,50.0,9,QAUR,-0.030212927799112665,0.0
MG_L15_T2_C50,15,0.02,50.0,10,QAUR,0.046747515475849655,1.0
MG_L15_T2_C50,15,0.02,50.0,11,QAUR,0.00802690715733445,0.0
MG_L15_T2_C50,15,0.02,50.0,12,QAUR,-0.01998173317799601,0.0
MG_L15_T2_C50,15,0.02,50.0,13,QAUR,-0.014195993129672568,0.0
MG_L15_T2_C50,15,0.02,50.0,14,QAUR,0.08342102622953895,1.0
MG_L15_T2_C50,15,0.02,50.0,15,QAUR,-0.006734232494365888,0.0
MG_L15_T2_C50,15,0.02,50.0,16,QAUR,0.03464023828121321,1.0
MG_L15_T2_C50,15,0.02,50.0,17,QAUR,-0.015251496317091329,0.0
MG_L15_T2_C50,15,0.02,50.0,18,QAUR,-0.07788511610279436,0.0
MG_L15_T2_C50,15,0.02,50.0,19,QAUR,-0.09931169674826079,0.0
MG_L15_T2_C50,15,0.02,50.0,20,QAUR,0.0157856468902704,0.0
MG_L15_T2_C50,15,0.02,50.0,21,QAUR,0.01407041001576781,0.0
MG_L15_T2_C50,15,0.02,50.0,22,QAUR,-0.009968562150078797,0.0
MG_L15_T2_C50,15,0.02,50.0,23,QAUR,0.038266481839041466,1.0
MG_L15_T2_C50,15,0.02,50.0,24,QAUR,0.029713026040224966,1.0
MG_L15_T2_C50,15,0.02,50.0,25,QAUR,-0.05369921697698865,0.0
MG_L15_T2_C50,15,0.02,50.0,26,QAUR,0.036167641108838966,1.0
MG_L15_T2_C50,15,0.02,50.0,27,QAUR,-0.017817195356116367,0.0
MG_L15_T2_C50,15,0.02,50.0,28,QAUR,-0.07192947671107108,0.0
MG_L15_T2_C50,15,0.02,50.0,29,QAUR,0.021720569605208517,1.0
MG_L15_T2_C50,15,0.02,50.0,30,QAUR,0.01925388365701286,0.0
MG_L15_T2_C50,15,0.02,50.0,31,QAUR,0.002484348044151208,0.0
MG_L15_T2_C50,15,0.02,50.0,32,QAUR,0.002534278255788891,0.0
MG_L15_T2_C50,15,0.02,50.0,33,QAUR,0.01323361979459281,0.0
MG_L15_T2_C50,15,0.02,50.0,34,QAUR,-0.0025695742660996057,0.0
MG_L15_T2_C50,15,0.02,50.0,35,QAUR,0.046323590778710066,1.0
MG_L15_T2_C50,15,0.02,50.0,36,QAUR,-0.013090702102089735,0.0
MG_L15_T2_C50,15,0.02,50.0,37,QAUR,0.06441796159009772,1.0
MG_L15_T2_C50,15,0.02,50.0,38,QAUR,0.0315510793490561,1.0
MG_L15_T2_C50,15,0.02,50.0,39,QAUR,0.017774457371436014,0.0
MG_L15_T2_C50,15,0.02,50.0,40,QAUR,0.05149287724141205,1.0
MG_L15_T2_C50,15,0.02,50.0,41,QAUR,0.012779465249393107,0.0
MG_L15_T2_C50,15,0.02,50.0,42,QAUR,0.014852341621161225,0.0
MG_L15_T2_C50,15,0.02,50.0,43,QAUR,-0.01972787887507177,0.0
MG_L15_T2_C50,15,0.02,50.0,44,QAUR,0.022339163131722684,1.0
MG_L15_T2_C50,15,0.02,50.0,45,QAUR,-0.005026590523525942,0.0
MG_L15_T2_C50,15,0.02,50.0,46,QAUR,0.008534101748647993,0.0
MG_L15_T2_C50,15,0.02,50.0,47,QAUR,0.02026859801722103,1.0
MG_L15_T2_C50,15,0.02,50.0,48,QAUR,-0.0023664621729957425,0.0
MG_L15_T2_C50,15,0.02,50.0,49,QAUR,0.029746358983862464,1.0
MG_L15_T2_C50,15,0.02,50.0,50,QAUR,-0.009501976837746229,0.0
MG_L15_T2_C50,15,0.02,50.0,51,QAUR,0.006434770171198423,0.0
MG_L15_T2_C50,15,0.02,50.0,52,QAUR,-0.035603242650593,0.0
MG_L15_T2_C100,15,0.02,100.0,0,AUR,0.03571347743120379,1.0
MG_L15_T2_C100,15,0.02,100.0,1,AUR,-0.13721093779597582,0.0
MG_L15_T2_C100,15,0.02,100.0,2,AUR,-0.0020293976225008725,0.0
MG_L15_T2_C100,15,0.02,100.0,3,AUR,-0.10207938415018936,0.0
MG_L15_T2_C100,15,0.02,100.0,4,AUR,0.08688734683158983,1.0
MG_L15_T2_C100,15,0.02,100.0,5,AUR,-0.00807449607759203,0.0
MG_L15_T2_C100,15,0.02,100.0,6,AUR,-0.07724644345882647,0.0
MG_L15_T2_C100,15,0.02,100.0,7,AUR,-0.04810222950195875,0.0
MG_L15_T2_C100,15,0.02,100.0,8,AUR,0.1049186728803293,1.0
MG_L15_T2_C100,15,0.02,100.0,9,AUR,-0.030212927799112665,0.0
MG_L15_T2_C100,15,0.02,100.0,10,AUR,0.046747515475849655,1.0
MG_L15_T2_C100,15,0.02,100.0,11,AUR,0.00802690715733445,0.0
MG_L15_T2_C100,15,0.02,100.0,12,AUR,-0.01998173317799601,0.0
MG_L15_T2_C100,15,0.02,100.0,13,AUR,-0.014195993129672568,0.0
MG_L15_T2_C100,15,0.02,100.0,14,AUR,0.08342102622953895,1.0
MG_L15_T2_C100,15,0.02,100.0,15,AUR,-0.006734232494365888,0.0
MG_L15_T2_C100,15,0.02,100.0,16,AUR,0.03464023828121321,1.0
MG_L15_T2_C100,15,0.02,100.0,17,AUR,-0.015251496317091329,0.0
MG_L15_T2_C100,15,0.02,100.0,18,AUR,-0.07788511610279436,0.0
MG_L15_T2_C100,15,0.02,100.0,19,AUR,-0.09931169674826079,0.0
MG_L15_T2_C100,15,0.02,100.0,20,AUR,0.0157856468902704,0.0
MG_L15_T2_C100,15,0.02,100.0,21,AUR,0.01407041001576781,0.0
MG_L15_T2_C100,15,0.02,100.0,22,AUR,-0.009968562150078797,0.0
MG_L15_T2_C100,15,0.02,100.0,23,AUR,0.038266481839041466,1.0
MG_L15_T2_C100,15,0.02,100.0,24,AUR,0.029713026040224966,1.0
MG_L15_T2_C100,15,0.02,100.0,25,AUR,-0.05369921697698865,0.0
MG_L15_T2_C100,15,0.02,100.0,26,AUR,0.036167641108838966,1.0
MG_L15_T2_C100,15,0.02,100.0,27,AUR,-0.017817195356116367,0.0
MG_L15_T2_C100,15,0.02,100.0,28,AUR,-0.07192947671107108,0.0
MG_L15_T2_C100,15,0.02,100.0,29,AUR,0.021720569605208517,1.0
MG_L15_T2_C100,15,0.02,100.0,30,AUR,0.01925388365701286,0.0
MG_L15_T2_C100,15,0.02,100.0,31,AUR,0.002484348044151208,0.0
MG_L15_T2_C100,15,0.02,100.0,32,AUR,0.002534278255788891,0.0
MG_L15_T2_C100,15,0.02,100.0,33,AUR,0.01323361979459281,0.0
MG_L15_T2_C100,15,0.02,100.0,34,AUR,-0.0025695742660996057,0.0
MG_L15_T2_C100,15,0.02,100.0,35,AUR,0.046323590778710066,1.0
MG_L15_T2_C100,15,0.02,100.0,36,AUR,-0.013090702102089735,0.0
MG_L15_T2_C100,15,0.02,100.0,37,AUR,0.06441796159009772,1.0
MG_L15_T2_C100,15,0.02,100.0,38,AUR,0.0315510793490561,1.0
MG_L15_T2_C100,15,0.02,100.0,39,AUR,0.017774457371436014,0.0
MG_L15_T2_C100,15,0.02,100.0,40,AUR,0.05149287724141205,1.0
MG_L15_T2_C100,15,0.02,100.0,41,AUR,0.012779465249393107,0.0
MG_L15_T2_C100,15,0.02,100.0,42,AUR,0.014852341621161225,0.0
MG_L15_T2_C100,15,0.02,100.0,43,AUR,-0.01972787887507177,0.0
MG_L15_T2_C100,15,0.02,100.0,44,AUR,0.022339163131722684,1.0
MG_L15_T2_C100,15,0.02,100.0,45,AUR,-0.005026590523525942,0.0
MG_L15_T2_C100,15,0.02,100.0,46,AUR,0.008534101748647993,0.0
MG_L15_T2_C100,15,0.02,100.0,47,AUR,0.02026859801722103,1.0
MG_L15_T2_C100,15,0.02,100.0,48,AUR,-0.0023664621729957425,0.0
MG_L15_T2_C100,15,0.02,100.0,49,AUR,0.029746358983862464,1.0
MG_L15_T2_C100,15,0.02,100.0,50,AUR,-0.009501976837746229,0.0
MG_L15_T2_C100,15,0.02,100.0,51,AUR,0.006434770171198423,0.0
MG_L15_T2_C100,15,0.02,100.0,52,AUR,-0.035603242650593,0.0
MG_L15_T2_C100,15,0.02,100.0,0,QAUR,0.03571347743120379,1.0
MG_L15_T2_C100,15,0.02,100.0,1,QAUR,-0.13721093779597582,0.0
MG_L15_T2_C100,15,0.02,100.0,2,QAUR,-0.0020293976225008725,0.0
MG_L15_T2_C100,15,0.02,100.0,3,QAUR,-0.10207938415018936,0.0
MG_L15_T2_C100,15,0.02,100.0,4,QAUR,0.08688734683158983,1.0
MG_L15_T2_C100,15,0.02,100.0,5,QAUR,-0.00807449607759203,0.0
MG_L15_T2_C100,15,0.02,100.0,6,QAUR,-0.07724644345882647,0.0
MG_L15_T2_C100,15,0.02,100.0,7,QAUR,-0.04810222950195875,0.0
MG_L15_T2_C100,15,0.02,100.0,8,QAUR,0.1049186728803293,1.0
MG_L15_T2_C100,15,0.02,100.0,9,QAUR,-0.030212927799112665,0.0
MG_L15_T2_C100,15,0.02,100.0,10,QAUR,0.046747515475849655,1.0
MG_L15_T2_C100,15,0.02,100.0,11,QAUR,0.00802690715733445,0.0
MG_L15_T2_C100,15,0.02,100.0,12,QAUR,-0.01998173317799601,0.0
MG_L15_T2_C100,15,0.02,100.0,13,QAUR,-0.014195993129672568,0.0
MG_L15_T2_C100,15,0.02,100.0,14,QAUR,0.08342102622953895,1.0
MG_L15_T2_C100,15,0.02,100.0,15,QAUR,-0.006734232494365888,0.0
MG_L15_T2_C100,15,0.02,100.0,16,QAUR,0.03464023828121321,1.0
MG_L15_T2_C100,15,0.02,100.0,17,QAUR,-0.015251496317091329,0.0
MG_L15_T2_C100,15,0.02,100.0,18,QAUR,-0.07788511610279436,0.0
MG_L15_T2_C100,15,0.02,100.0,19,QAUR,-0.09931169674826079,0.0
MG_L15_T2_C100,15,0.02,100.0,20,QAUR,0.0157856468902704,0.0
MG_L15_T2_C100,15,0.02,100.0,21,QAUR,0.01407041001576781,0.0
MG_L15_T2_C100,15,0.02,100.0,22,QAUR,-0.009968562150078797,0.0
MG_L15_T2_C100,15,0.02,100.0,23,QAUR,0.038266481839041466,1.0
MG_L15_T2_C100,15,0.02,100.0,24,QAUR,0.029713026040224966,1.0
MG_L15_T2_C100,15,0.02,100.0,25,QAUR,-0.05369921697698865,0.0
MG_L15_T2_C100,15,0.02,100.0,26,QAUR,0.036167641108838966,1.0
MG_L15_T2_C100,15,0.02,100.0,27,QAUR,-0.017817195356116367,0.0
MG_L15_T2_C100,15,0.02,100.0,28,QAUR,-0.07192947671107108,0.0
MG_L15_T2_C100,15,0.02,100.0,29,QAUR,0.021720569605208517,1.0
MG_L15_T2_C100,15,0.02,100.0,30,QAUR,0.01925388365701286,0.0
MG_L15_T2_C100,15,0.02,100.0,31,QAUR,0.002484348044151208,0.0
MG_L15_T2_C100,15,0.02,100.0,32,QAUR,0.002534278255788891,0.0
MG_L15_T2_C100,15,0.02,100.0,33,QAUR,0.01323361979459281,0.0
MG_L15_T2_C100,15,0.02,100.0,34,QAUR,-0.0025695742660996057,0.0
MG_L15_T2_C100,15,0.02,100.0,35,QAUR,0.046323590778710066,1.0
MG_L15_T2_C100,15,0.02,100.0,36,QAUR,-0.013090702102089735,0.0
MG_L15_T2_C100,15,0.02,100.0,37,QAUR,0.06441796159009772,1.0
MG_L15_T2_C100,15,0.02,100.0,38,QAUR,0.0315510793490561,1.0
MG_L15_T2_C100,15,0.02,100.0,39,QAUR,0.017774457371436014,0.0
MG_L15_T2_C100,15,0.02,100.0,40,QAUR,0.05149287724141205,1.0
MG_L15_T2_C100,15,0.02,100.0,41,QAUR,0.012779465249393107,0.0
MG_L15_T2_C100,15,0.02,100.0,42,QAUR,0.014852341621161225,0.0
MG_L15_T2_C100,15,0.02,100.0,43,QAUR,-0.01972787887507177,0.0
MG_L15_T2_C100,15,0.02,100.0,44,QAUR,0.022339163131722684,1.0
MG_L15_T2_C100,15,0.02,100.0,45,QAUR,-0.005026590523525942,0.0
MG_L15_T2_C100,15,0.02,100.0,46,QAUR,0.008534101748647993,0.0
MG_L15_T2_C100,15,0.02,100.0,47,QAUR,0.02026859801722103,1.0
MG_L15_T2_C100,15,0.02,100.0,48,QAUR,-0.0023664621729957425,0.0
MG_L15_T2_C100,15,0.02,100.0,49,QAUR,0.029746358983862464,1.0
MG_L15_T2_C100,15,0.02,100.0,50,QAUR,-0.009501976837746229,0.0
MG_L15_T2_C100,15,0.02,100.0,51,QAUR,0.006434770171198423,0.0
MG_L15_T2_C100,15,0.02,100.0,52,QAUR,-0.035603242650593,0.0
MG_L20_T-2_C0,20,-0.02,0.0,0,AUR,0.038734642223986704,1.0
MG_L20_T-2_C0,20,-0.02,0.0,1,AUR,-0.1473461990126016,0.0
MG_L20_T-2_C0,20,-0.02,0.0,2,AUR,-0.06762736003782344,0.0
MG_L20_T-2_C0,20,-0.02,0.0,3,AUR,-0.11402831344944675,0.0
MG_L20_T-2_C0,20,-0.02,0.0,4,AUR,0.0685274080468854,1.0
MG_L20_T-2_C0,20,-0.02,0.0,5,AUR,0.026821522127197683,1.0
MG_L20_T-2_C0,20,-0.02,0.0,6,AUR,-0.10494631480181837,0.0
MG_L20_T-2_C0,20,-0.02,0.0,7,AUR,-0.10888914515298753,0.0
MG_L20_T-2_C0,20,-0.02,0.0,8,AUR,-0.023103354016403288,0.0
MG_L20_T-2_C0,20,-0.02,0.0,9,AUR,-0.0519851743987606,0.0
MG_L20_T-2_C0,20,-0.02,0.0,10,AUR,0.0802990822643308,1.0
MG_L20_T-2_C0,20,-0.02,0.0,11,AUR,-0.008711538515415285,1.0
MG_L20_T-2_C0,20,-0.02,0.0,12,AUR,-0.002756384798810574,1.0
MG_L20_T-2_C0,20,-0.02,0.0,13,AUR,0.024021846522340073,1.0
MG_L20_T-2_C0,20,-0.02,0.0,14,AUR,0.1293279156773144,1.0
MG_L20_T-2_C0,20,-0.02,0.0,15,AUR,0.013837161739149506,1.0
MG_L20_T-2_C0,20,-0.02,0.0,16,AUR,0.04271832040199586,1.0
MG_L20_T-2_C0,20,-0.02,0.0,17,AUR,0.01690125446893287,1.0
MG_L20_T-2_C0,20,-0.02,0.0,18,AUR,-0.04243989455888264,0.0
MG_L20_T-2_C0,20,-0.02,0.0,19,AUR,-0.08220674747407741,0.0
MG_L20_T-2_C0,20,-0.02,0.0,20,AUR,0.03983426573014004,1.0
MG_L20_T-2_C0,20,-0.02,0.0,21,AUR,0.03109780137640361,1.0
MG_L20_T-2_C0,20,-0.02,0.0,22,AUR,-0.01285688004969432,1.0
MG_L20_T-2_C0,20,-0.02,0.0,23,AUR,0.03775342915175184,1.0
MG_L20_T-2_C0,20,-0.02,0.0,24,AUR,0.01891135508719488,1.0
MG_L20_T-2_C0,20,-0.02,0.0,25,AUR,-0.06251566979809231,0.0
MG_L20_T-2_C0,20,-0.02,0.0,26,AUR,0.061709180962184584,1.0
MG_L20_T-2_C0,20,-0.02,0.0,27,AUR,0.0013359232025098589,1.0
MG_L20_T-2_C0,20,-0.02,0.0,28,AUR,-0.06087892922579796,0.0
MG_L20_T-2_C0,20,-0.02,0.0,29,AUR,0.003063723753682579,1.0
MG_L20_T-2_C0,20,-0.02,0.0,30,AUR,0.007398333766777787,1.0
MG_L20_T-2_C0,20,-0.02,0.0,31,AUR,0.007175878845339767,1.0
MG_L20_T-2_C0,20,-0.02,0.0,32,AUR,0.011036716174821493,1.0
MG_L20_T-2_C0,20,-0.02,0.0,33,AUR,0.03458179937296735,1.0
MG_L20_T-2_C0,20,-0.02,0.0,34,AUR,-0.011780046746619144,1.0
MG_L20_T-2_C0,20,-0.02,0.0,35,AUR,0.07163553587416538,1.0
MG_L20_T-2_C0,20,-0.02,0.0,36,AUR,-0.015302174989076933,1.0
MG_L20_T-2_C0,20,-0.02,0.0,37,AUR,-0.07148422910107566,0.0
MG_L20_T-2_C0,20,-0.02,0.0,38,AUR,0.05708886149538195,1.0
MG_L20_T-2_C0,20,-0.02,0.0,39,AUR,0.010707527862465982,1.0
MG_L20_T-2_C0,20,-0.02,0.0,40,AUR,0.08379907805364795,1.0
MG_L20_T-2_C0,20,-0.02,0.0,41,AUR,0.0435487232807612,1.0
MG_L20_T-2_C0,20,-0.02,0.0,42,AUR,7.56095499103715e-05,1.0
MG_L20_T-2_C0,20,-0.02,0.0,43,AUR,-0.007470167452396037,1.0
MG_L20_T-2_C0,20,-0.02,0.0,44,AUR,0.01624546904792945,1.0
MG_L20_T-2_C0,20,-0.02,0.0,45,AUR,-0.004247158256413308,1.0
MG_L20_T-2_C0,20,-0.02,0.0,46,AUR,0.017501734296669458,1.0
MG_L20_T-2_C0,20,-0.02,0.0,47,AUR,0.014970499140492866,1.0
MG_L20_T-2_C0,20,-0.02,0.0,48,AUR,-0.039075640698391756,0.0
MG_L20_T-2_C0,20,-0.02,0.0,49,AUR,0.013333278382513303,1.0
MG_L20_T-2_C0,20,-0.02,0.0,50,AUR,-0.010747058086145955,1.0
MG_L20_T-2_C0,20,-0.02,0.0,51,AUR,0.005209080118228737,1.0
MG_L20_T-2_C0,20,-0.02,0.0,52,AUR,-0.0399677551045976,0.0
MG_L20_T-2_C0,20,-0.02,0.0,0,QAUR,0.038734642223986704,1.0
MG_L20_T-2_C0,20,-0.02,0.0,1,QAUR,-0.1473461990126016,0.0
MG_L20_T-2_C0,20,-0.02,0.0,2,QAUR,-0.06762736003782344,0.0
MG_L20_T-2_C0,20,-0.02,0.0,3,QAUR,-0.11402831344944675,0.0
MG_L20_T-2_C0,20,-0.02,0.0,4,QAUR,0.0685274080468854,1.0
MG_L20_T-2_C0,20,-0.02,0.0,5,QAUR,0.026821522127197683,1.0
MG_L20_T-2_C0,20,-0.02,0.0,6,QAUR,-0.10494631480181837,0.0
MG_L20_T-2_C0,20,-0.02,0.0,7,QAUR,-0.10888914515298753,0.0
MG_L20_T-2_C0,20,-0.02,0.0,8,QAUR,-0.023103354016403288,0.0
MG_L20_T-2_C0,20,-0.02,0.0,9,QAUR,-0.0519851743987606,0.0
MG_L20_T-2_C0,20,-0.02,0.0,10,QAUR,0.0802990822643308,1.0
MG_L20_T-2_C0,20,-0.02,0.0,11,QAUR,-0.008711538515415285,1.0
MG_L20_T-2_C0,20,-0.02,0.0,12,QAUR,-0.002756384798810574,1.0
MG_L20_T-2_C0,20,-0.02,0.0,13,QAUR,0.024021846522340073,1.0
MG_L20_T-2_C0,20,-0.02,0.0,14,QAUR,0.1293279156773144,1.0
MG_L20_T-2_C0,20,-0.02,0.0,15,QAUR,0.013837161739149506,1.0
MG_L20_T-2_C0,20,-0.02,0.0,16,QAUR,0.04271832040199586,1.0
MG_L20_T-2_C0,20,-0.02,0.0,17,QAUR,0.01690125446893287,1.0
MG_L20_T-2_C0,20,-0.02,0.0,18,QAUR,-0.04243989455888264,0.0
MG_L20_T-2_C0,20,-0.02,0.0,19,QAUR,-0.08220674747407741,0.0
MG_L20_T-2_C0,20,-0.02,0.0,20,QAUR,0.03983426573014004,1.0
MG_L20_T-2_C0,20,-0.02,0.0,21,QAUR,0.03109780137640361,1.0
MG_L20_T-2_C0,20,-0.02,0.0,22,QAUR,-0.01285688004969432,1.0
MG_L20_T-2_C0,20,-0.02,0.0,23,QAUR,0.03775342915175184,1.0
MG_L20_T-2_C0,20,-0.02,0.0,24,QAUR,0.01891135508719488,1.0
MG_L20_T-2_C0,20,-0.02,0.0,25,QAUR,-0.06251566979809231,0.0
MG_L20_T-2_C0,20,-0.02,0.0,26,QAUR,0.061709180962184584,1.0
MG_L20_T-2_C0,20,-0.02,0.0,27,QAUR,0.0013359232025098589,1.0
MG_L20_T-2_C0,20,-0.02,0.0,28,QAUR,-0.06087892922579796,0.0
MG_L20_T-2_C0,20,-0.02,0.0,29,QAUR,0.003063723753682579,1.0
MG_L20_T-2_C0,20,-0.02,0.0,30,QAUR,0.007398333766777787,1.0
MG_L20_T-2_C0,20,-0.02,0.0,31,QAUR,0.007175878845339767,1.0
MG_L20_T-2_C0,20,-0.02,0.0,32,QAUR,0.011036716174821493,1.0
MG_L20_T-2_C0,20,-0.02,0.0,33,QAUR,0.03458179937296735,1.0
MG_L20_T-2_C0,20,-0.02,0.0,34,QAUR,-0.011780046746619144,1.0
MG_L20_T-2_C0,20,-0.02,0.0,35,QAUR,0.07163553587416538,1.0
MG_L20_T-2_C0,20,-0.02,0.0,36,QAUR,-0.015302174989076933,1.0
MG_L20_T-2_C0,20,-0.02,0.0,37,QAUR,-0.07148422910107566,0.0
MG_L20_T-2_C0,20,-0.02,0.0,38,QAUR,0.05708886149538195,1.0
MG_L20_T-2_C0,20,-0.02,0.0,39,QAUR,0.010707527862465982,1.0
MG_L20_T-2_C0,20,-0.02,0.0,40,QAUR,0.08379907805364795,1.0
MG_L20_T-2_C0,20,-0.02,0.0,41,QAUR,0.0435487232807612,1.0
MG_L20_T-2_C0,20,-0.02,0.0,42,QAUR,7.56095499103715e-05,1.0
MG_L20_T-2_C0,20,-0.02,0.0,43,QAUR,-0.007470167452396037,1.0
MG_L20_T-2_C0,20,-0.02,0.0,44,QAUR,0.01624546904792945,1.0
MG_L20_T-2_C0,20,-0.02,0.0,45,QAUR,-0.004247158256413308,1.0
MG_L20_T-2_C0,20,-0.02,0.0,46,QAUR,0.017501734296669458,1.0
MG_L20_T-2_C0,20,-0.02,0.0,47,QAUR,0.014970499140492866,1.0
MG_L20_T-2_C0,20,-0.02,0.0,48,QAUR,-0.039075640698391756,0.0
MG_L20_T-2_C0,20,-0.02,0.0,49,QAUR,0.013333278382513303,1.0
MG_L20_T-2_C0,20,-0.02,0.0,50,QAUR,-0.010747058086145955,1.0
MG_L20_T-2_C0,20,-0.02,0.0,51,QAUR,0.005209080118228737,1.0
MG_L20_T-2_C0,20,-0.02,0.0,52,QAUR,-0.0399677551045976,0.0
MG_L20_T-2_C25,20,-0.02,25.0,0,AUR,0.038734642223986704,1.0
MG_L20_T-2_C25,20,-0.02,25.0,1,AUR,-0.1473461990126016,0.0
MG_L20_T-2_C25,20,-0.02,25.0,2,AUR,-0.06762736003782344,0.0
MG_L20_T-2_C25,20,-0.02,25.0,3,AUR,-0.11402831344944675,0.0
MG_L20_T-2_C25,20,-0.02,25.0,4,AUR,0.0685274080468854,1.0
MG_L20_T-2_C25,20,-0.02,25.0,5,AUR,0.026821522127197683,1.0
MG_L20_T-2_C25,20,-0.02,25.0,6,AUR,-0.10494631480181837,0.0
MG_L20_T-2_C25,20,-0.02,25.0,7,AUR,-0.10888914515298753,0.0
MG_L20_T-2_C25,20,-0.02,25.0,8,AUR,-0.023103354016403288,0.0
MG_L20_T-2_C25,20,-0.02,25.0,9,AUR,-0.0519851743987606,0.0
MG_L20_T-2_C25,20,-0.02,25.0,10,AUR,0.0802990822643308,1.0
MG_L20_T-2_C25,20,-0.02,25.0,11,AUR,-0.008711538515415285,1.0
MG_L20_T-2_C25,20,-0.02,25.0,12,AUR,-0.002756384798810574,1.0
MG_L20_T-2_C25,20,-0.02,25.0,13,AUR,0.024021846522340073,1.0
MG_L20_T-2_C25,20,-0.02,25.0,14,AUR,0.1293279156773144,1.0
MG_L20_T-2_C25,20,-0.02,25.0,15,AUR,0.013837161739149506,1.0
MG_L20_T-2_C25,20,-0.02,25.0,16,AUR,0.04271832040199586,1.0
MG_L20_T-2_C25,20,-0.02,25.0,17,AUR,0.01690125446893287,1.0
MG_L20_T-2_C25,20,-0.02,25.0,18,AUR,-0.04243989455888264,0.0
MG_L20_T-2_C25,20,-0.02,25.0,19,AUR,-0.08220674747407741,0.0
MG_L20_T-2_C25,20,-0.02,25.0,20,AUR,0.03983426573014004,1.0
MG_L20_T-2_C25,20,-0.02,25.0,21,AUR,0.03109780137640361,1.0
MG_L20_T-2_C25,20,-0.02,25.0,22,AUR,-0.01285688004969432,1.0
MG_L20_T-2_C25,20,-0.02,25.0,23,AUR,0.03775342915175184,1.0
MG_L20_T-2_C25,20,-0.02,25.0,24,AUR,0.01891135508719488,1.0
MG_L20_T-2_C25,20,-0.02,25.0,25,AUR,-0.06251566979809231,0.0
MG_L20_T-2_C25,20,-0.02,25.0,26,AUR,0.061709180962184584,1.0
MG_L20_T-2_C25,20,-0.02,25.0,27,AUR,0.0013359232025098589,1.0
MG_L20_T-2_C25,20,-0.02,25.0,28,AUR,-0.06087892922579796,0.0
MG_L20_T-2_C25,20,-0.02,25.0,29,AUR,0.003063723753682579,1.0
MG_L20_T-2_C25,20,-0.02,25.0,30,AUR,0.007398333766777787,1.0
MG_L20_T-2_C25,20,-0.02,25.0,31,AUR,0.007175878845339767,1.0
MG_L20_T-2_C25,20,-0.02,25.0,32,AUR,0.011036716174821493,1.0
MG_L20_T-2_C25,20,-0.02,25.0,33,AUR,0.03458179937296735,1.0
MG_L20_T-2_C25,20,-0.02,25.0,34,AUR,-0.011780046746619144,1.0
MG_L20_T-2_C25,20,-0.02,25.0,35,AUR,0.07163553587416538,1.0
MG_L20_T-2_C25,20,-0.02,25.0,36,AUR,-0.015302174989076933,1.0
MG_L20_T-2_C25,20,-0.02,25.0,37,AUR,-0.07148422910107566,0.0
MG_L20_T-2_C25,20,-0.02,25.0,38,AUR,0.05708886149538195,1.0
MG_L20_T-2_C25,20,-0.02,25.0,39,AUR,0.010707527862465982,1.0
MG_L20_T-2_C25,20,-0.02,25.0,40,AUR,0.08379907805364795,1.0
MG_L20_T-2_C25,20,-0.02,25.0,41,AUR,0.0435487232807612,1.0
MG_L20_T-2_C25,20,-0.02,25.0,42,AUR,7.56095499103715e-05,1.0
MG_L20_T-2_C25,20,-0.02,25.0,43,AUR,-0.007470167452396037,1.0
MG_L20_T-2_C25,20,-0.02,25.0,44,AUR,0.01624546904792945,1.0
MG_L20_T-2_C25,20,-0.02,25.0,45,AUR,-0.004247158256413308,1.0
MG_L20_T-2_C25,20,-0.02,25.0,46,AUR,0.017501734296669458,1.0
MG_L20_T-2_C25,20,-0.02,25.0,47,AUR,0.014970499140492866,1.0
MG_L20_T-2_C25,20,-0.02,25.0,48,AUR,-0.039075640698391756,0.0
MG_L20_T-2_C25,20,-0.02,25.0,49,AUR,0.013333278382513303,1.0
MG_L20_T-2_C25,20,-0.02,25.0,50,AUR,-0.010747058086145955,1.0
MG_L20_T-2_C25,20,-0.02,25.0,51,AUR,0.005209080118228737,1.0
MG_L20_T-2_C25,20,-0.02,25.0,52,AUR,-0.0399677551045976,0.0
MG_L20_T-2_C25,20,-0.02,25.0,0,QAUR,0.038734642223986704,1.0
MG_L20_T-2_C25,20,-0.02,25.0,1,QAUR,-0.1473461990126016,0.0
MG_L20_T-2_C25,20,-0.02,25.0,2,QAUR,-0.06762736003782344,0.0
MG_L20_T-2_C25,20,-0.02,25.0,3,QAUR,-0.11402831344944675,0.0
MG_L20_T-2_C25,20,-0.02,25.0,4,QAUR,0.0685274080468854,1.0
MG_L20_T-2_C25,20,-0.02,25.0,5,QAUR,0.026821522127197683,1.0
MG_L20_T-2_C25,20,-0.02,25.0,6,QAUR,-0.10494631480181837,0.0
MG_L20_T-2_C25,20,-0.02,25.0,7,QAUR,-0.10888914515298753,0.0
MG_L20_T-2_C25,20,-0.02,25.0,8,QAUR,-0.023103354016403288,0.0
MG_L20_T-2_C25,20,-0.02,25.0,9,QAUR,-0.0519851743987606,0.0
MG_L20_T-2_C25,20,-0.02,25.0,10,QAUR,0.0802990822643308,1.0
MG_L20_T-2_C25,20,-0.02,25.0,11,QAUR,-0.008711538515415285,1.0
MG_L20_T-2_C25,20,-0.02,25.0,12,QAUR,-0.002756384798810574,1.0
MG_L20_T-2_C25,20,-0.02,25.0,13,QAUR,0.024021846522340073,1.0
MG_L20_T-2_C25,20,-0.02,25.0,14,QAUR,0.1293279156773144,1.0
MG_L20_T-2_C25,20,-0.02,25.0,15,QAUR,0.013837161739149506,1.0
MG_L20_T-2_C25,20,-0.02,25.0,16,QAUR,0.04271832040199586,1.0
MG_L20_T-2_C25,20,-0.02,25.0,17,QAUR,0.01690125446893287,1.0
MG_L20_T-2_C25,20,-0.02,25.0,18,QAUR,-0.04243989455888264,0.0
MG_L20_T-2_C25,20,-0.02,25.0,19,QAUR,-0.08220674747407741,0.0
MG_L20_T-2_C25,20,-0.02,25.0,20,QAUR,0.03983426573014004,1.0
MG_L20_T-2_C25,20,-0.02,25.0,21,QAUR,0.03109780137640361,1.0
MG_L20_T-2_C25,20,-0.02,25.0,22,QAUR,-0.01285688004969432,1.0
MG_L20_T-2_C25,20,-0.02,25.0,23,QAUR,0.03775342915175184,1.0
MG_L20_T-2_C25,20,-0.02,25.0,24,QAUR,0.01891135508719488,1.0
MG_L20_T-2_C25,20,-0.02,25.0,25,QAUR,-0.06251566979809231,0.0
MG_L20_T-2_C25,20,-0.02,25.0,26,QAUR,0.061709180962184584,1.0
MG_L20_T-2_C25,20,-0.02,25.0,27,QAUR,0.0013359232025098589,1.0
MG_L20_T-2_C25,20,-0.02,25.0,28,QAUR,-0.06087892922579796,0.0
MG_L20_T-2_C25,20,-0.02,25.0,29,QAUR,0.003063723753682579,1.0
MG_L20_T-2_C25,20,-0.02,25.0,30,QAUR,0.007398333766777787,1.0
MG_L20_T-2_C25,20,-0.02,25.0,31,QAUR,0.007175878845339767,1.0
MG_L20_T-2_C25,20,-0.02,25.0,32,QAUR,0.011036716174821493,1.0
MG_L20_T-2_C25,20,-0.02,25.0,33,QAUR,0.03458179937296735,1.0
MG_L20_T-2_C25,20,-0.02,25.0,34,QAUR,-0.011780046746619144,1.0
MG_L20_T-2_C25,20,-0.02,25.0,35,QAUR,0.07163553587416538,1.0
MG_L20_T-2_C25,20,-0.02,25.0,36,QAUR,-0.015302174989076933,1.0
MG_L20_T-2_C25,20,-0.02,25.0,37,QAUR,-0.07148422910107566,0.0
MG_L20_T-2_C25,20,-0.02,25.0,38,QAUR,0.05708886149538195,1.0
MG_L20_T-2_C25,20,-0.02,25.0,39,QAUR,0.010707527862465982,1.0
MG_L20_T-2_C25,20,-0.02,25.0,40,QAUR,0.08379907805364795,1.0
MG_L20_T-2_C25,20,-0.02,25.0,41,QAUR,0.0435487232807612,1.0
MG_L20_T-2_C25,20,-0.02,25.0,42,QAUR,7.56095499103715e-05,1.0
MG_L20_T-2_C25,20,-0.02,25.0,43,QAUR,-0.007470167452396037,1.0
MG_L20_T-2_C25,20,-0.02,25.0,44,QAUR,0.01624546904792945,1.0
MG_L20_T-2_C25,20,-0.02,25.0,45,QAUR,-0.004247158256413308,1.0
MG_L20_T-2_C25,20,-0.02,25.0,46,QAUR,0.017501734296669458,1.0
MG_L20_T-2_C25,20,-0.02,25.0,47,QAUR,0.014970499140492866,1.0
MG_L20_T-2_C25,20,-0.02,25.0,48,QAUR,-0.039075640698391756,0.0
MG_L20_T-2_C25,20,-0.02,25.0,49,QAUR,0.013333278382513303,1.0
MG_L20_T-2_C25,20,-0.02,25.0,50,QAUR,-0.010747058086145955,1.0
MG_L20_T-2_C25,20,-0.02,25.0,51,QAUR,0.005209080118228737,1.0
MG_L20_T-2_C25,20,-0.02,25.0,52,QAUR,-0.0399677551045976,0.0
MG_L20_T-2_C50,20,-0.02,50.0,0,AUR,0.038734642223986704,1.0
MG_L20_T-2_C50,20,-0.02,50.0,1,AUR,-0.1473461990126016,0.0
MG_L20_T-2_C50,20,-0.02,50.0,2,AUR,-0.06762736003782344,0.0
MG_L20_T-2_C50,20,-0.02,50.0,3,AUR,-0.11402831344944675,0.0
MG_L20_T-2_C50,20,-0.02,50.0,4,AUR,0.0685274080468854,1.0
MG_L20_T-2_C50,20,-0.02,50.0,5,AUR,0.026821522127197683,1.0
MG_L20_T-2_C50,20,-0.02,50.0,6,AUR,-0.10494631480181837,0.0
MG_L20_T-2_C50,20,-0.02,50.0,7,AUR,-0.10888914515298753,0.0
MG_L20_T-2_C50,20,-0.02,50.0,8,AUR,-0.023103354016403288,0.0
MG_L20_T-2_C50,20,-0.02,50.0,9,AUR,-0.0519851743987606,0.0
MG_L20_T-2_C50,20,-0.02,50.0,10,AUR,0.0802990822643308,1.0
MG_L20_T-2_C50,20,-0.02,50.0,11,AUR,-0.008711538515415285,1.0
MG_L20_T-2_C50,20,-0.02,50.0,12,AUR,-0.002756384798810574,1.0
MG_L20_T-2_C50,20,-0.02,50.0,13,AUR,0.024021846522340073,1.0
MG_L20_T-2_C50,20,-0.02,50.0,14,AUR,0.1293279156773144,1.0
MG_L20_T-2_C50,20,-0.02,50.0,15,AUR,0.013837161739149506,1.0
MG_L20_T-2_C50,20,-0.02,50.0,16,AUR,0.04271832040199586,1.0
MG_L20_T-2_C50,20,-0.02,50.0,17,AUR,0.01690125446893287,1.0
MG_L20_T-2_C50,20,-0.02,50.0,18,AUR,-0.04243989455888264,0.0
MG_L20_T-2_C50,20,-0.02,50.0,19,AUR,-0.08220674747407741,0.0
MG_L20_T-2_C50,20,-0.02,50.0,20,AUR,0.03983426573014004,1.0
MG_L20_T-2_C50,20,-0.02,50.0,21,AUR,0.03109780137640361,1.0
MG_L20_T-2_C50,20,-0.02,50.0,22,AUR,-0.01285688004969432,1.0
MG_L20_T-2_C50,20,-0.02,50.0,23,AUR,0.03775342915175184,1.0
MG_L20_T-2_C50,20,-0.02,50.0,24,AUR,0.01891135508719488,1.0
MG_L20_T-2_C50,20,-0.02,50.0,25,AUR,-0.06251566979809231,0.0
MG_L20_T-2_C50,20,-0.02,50.0,26,AUR,0.061709180962184584,1.0
MG_L20_T-2_C50,20,-0.02,50.0,27,AUR,0.0013359232025098589,1.0
MG_L20_T-2_C50,20,-0.02,50.0,28,AUR,-0.06087892922579796,0.0
MG_L20_T-2_C50,20,-0.02,50.0,29,AUR,0.003063723753682579,1.0
MG_L20_T-2_C50,20,-0.02,50.0,30,AUR,0.007398333766777787,1.0
MG_L20_T-2_C50,20,-0.02,50.0,31,AUR,0.007175878845339767,1.0
MG_L20_T-2_C50,20,-0.02,50.0,32,AUR,0.011036716174821493,1.0
MG_L20_T-2_C50,20,-0.02,50.0,33,AUR,0.03458179937296735,1.0
MG_L20_T-2_C50,20,-0.02,50.0,34,AUR,-0.011780046746619144,1.0
MG_L20_T-2_C50,20,-0.02,50.0,35,AUR,0.07163553587416538,1.0
MG_L20_T-2_C50,20,-0.02,50.0,36,AUR,-0.015302174989076933,1.0
MG_L20_T-2_C50,20,-0.02,50.0,37,AUR,-0.07148422910107566,0.0
MG_L20_T-2_C50,20,-0.02,50.0,38,AUR,0.05708886149538195,1.0
MG_L20_T-2_C50,20,-0.02,50.0,39,AUR,0.010707527862465982,1.0
MG_L20_T-2_C50,20,-0.02,50.0,40,AUR,0.08379907805364795,1.0
MG_L20_T-2_C50,20,-0.02,50.0,41,AUR,0.0435487232807612,1.0
MG_L20_T-2_C50,20,-0.02,50.0,42,AUR,7.56095499103715e-05,1.0
MG_L20_T-2_C50,20,-0.02,50.0,43,AUR,-0.007470167452396037,1.0
MG_L20_T-2_C50,20,-0.02,50.0,44,AUR,0.01624546904792945,1.0
MG_L20_T-2_C50,20,-0.02,50.0,45,AUR,-0.004247158256413308,1.0
MG_L20_T-2_C50,20,-0.02,50.0,46,AUR,0.017501734296669458,1.0
MG_L20_T-2_C50,20,-0.02,50.0,47,AUR,0.014970499140492866,1.0
MG_L20_T-2_C50,20,-0.02,50.0,48,AUR,-0.039075640698391756,0.0
MG_L20_T-2_C50,20,-0.02,50.0,49,AUR,0.013333278382513303,1.0
MG_L20_T-2_C50,20,-0.02,50.0,50,AUR,-0.010747058086145955,1.0
MG_L20_T-2_C50,20,-0.02,50.0,51,AUR,0.005209080118228737,1.0
MG_L20_T-2_C50,20,-0.02,50.0,52,AUR,-0.0399677551045976,0.0
MG_L20_T-2_C50,20,-0.02,50.0,0,QAUR,0.038734642223986704,1.0
MG_L20_T-2_C50,20,-0.02,50.0,1,QAUR,-0.1473461990126016,0.0
MG_L20_T-2_C50,20,-0.02,50.0,2,QAUR,-0.06762736003782344,0.0
MG_L20_T-2_C50,20,-0.02,50.0,3,QAUR,-0.11402831344944675,0.0
MG_L20_T-2_C50,20,-0.02,50.0,4,QAUR,0.0685274080468854,1.0
MG_L20_T-2_C50,20,-0.02,50.0,5,QAUR,0.026821522127197683,1.0
MG_L20_T-2_C50,20,-0.02,50.0,6,QAUR,-0.10494631480181837,0.0
MG_L20_T-2_C50,20,-0.02,50.0,7,QAUR,-0.10888914515298753,0.0
MG_L20_T-2_C50,20,-0.02,50.0,8,QAUR,-0.023103354016403288,0.0
MG_L20_T-2_C50,20,-0.02,50.0,9,QAUR,-0.0519851743987606,0.0
MG_L20_T-2_C50,20,-0.02,50.0,10,QAUR,0.0802990822643308,1.0
MG_L20_T-2_C50,20,-0.02,50.0,11,QAUR,-0.008711538515415285,1.0
MG_L20_T-2_C50,20,-0.02,50.0,12,QAUR,-0.002756384798810574,1.0
MG_L20_T-2_C50,20,-0.02,50.0,13,QAUR,0.024021846522340073,1.0
MG_L20_T-2_C50,20,-0.02,50.0,14,QAUR,0.1293279156773144,1.0
MG_L20_T-2_C50,20,-0.02,50.0,15,QAUR,0.013837161739149506,1.0
MG_L20_T-2_C50,20,-0.02,50.0,16,QAUR,0.04271832040199586,1.0
MG_L20_T-2_C50,20,-0.02,50.0,17,QAUR,0.01690125446893287,1.0
MG_L20_T-2_C50,20,-0.02,50.0,18,QAUR,-0.04243989455888264,0.0
MG_L20_T-2_C50,20,-0.02,50.0,19,QAUR,-0.08220674747407741,0.0
MG_L20_T-2_C50,20,-0.02,50.0,20,QAUR,0.03983426573014004,1.0
MG_L20_T-2_C50,20,-0.02,50.0,21,QAUR,0.03109780137640361,1.0
MG_L20_T-2_C50,20,-0.02,50.0,22,QAUR,-0.01285688004969432,1.0
MG_L20_T-2_C50,20,-0.02,50.0,23,QAUR,0.03775342915175184,1.0
MG_L20_T-2_C50,20,-0.02,50.0,24,QAUR,0.01891135508719488,1.0
MG_L20_T-2_C50,20,-0.02,50.0,25,QAUR,-0.06251566979809231,0.0
MG_L20_T-2_C50,20,-0.02,50.0,26,QAUR,0.061709180962184584,1.0
MG_L20_T-2_C50,20,-0.02,50.0,27,QAUR,0.0013359232025098589,1.0
MG_L20_T-2_C50,20,-0.02,50.0,28,QAUR,-0.06087892922579796,0.0
MG_L20_T-2_C50,20,-0.02,50.0,29,QAUR,0.003063723753682579,1.0
MG_L20_T-2_C50,20,-0.02,50.0,30,QAUR,0.007398333766777787,1.0
MG_L20_T-2_C50,20,-0.02,50.0,31,QAUR,0.007175878845339767,1.0
MG_L20_T-2_C50,20,-0.02,50.0,32,QAUR,0.011036716174821493,1.0
MG_L20_T-2_C50,20,-0.02,50.0,33,QAUR,0.03458179937296735,1.0
MG_L20_T-2_C50,20,-0.02,50.0,34,QAUR,-0.011780046746619144,1.0
MG_L20_T-2_C50,20,-0.02,50.0,35,QAUR,0.07163553587416538,1.0
MG_L20_T-2_C50,20,-0.02,50.0,36,QAUR,-0.015302174989076933,1.0
MG_L20_T-2_C50,20,-0.02,50.0,37,QAUR,-0.07148422910107566,0.0
MG_L20_T-2_C50,20,-0.02,50.0,38,QAUR,0.05708886149538195,1.0
MG_L20_T-2_C50,20,-0.02,50.0,39,QAUR,0.010707527862465982,1.0
MG_L20_T-2_C50,20,-0.02,50.0,40,QAUR,0.08379907805364795,1.0
MG_L20_T-2_C50,20,-0.02,50.0,41,QAUR,0.0435487232807612,1.0
MG_L20_T-2_C50,20,-0.02,50.0,42,QAUR,7.56095499103715e-05,1.0
MG_L20_T-2_C50,20,-0.02,50.0,43,QAUR,-0.007470167452396037,1.0
MG_L20_T-2_C50,20,-0.02,50.0,44,QAUR,0.01624546904792945,1.0
MG_L20_T-2_C50,20,-0.02,50.0,45,QAUR,-0.004247158256413308,1.0
MG_L20_T-2_C50,20,-0.02,50.0,46,QAUR,0.017501734296669458,1.0
MG_L20_T-2_C50,20,-0.02,50.0,47,QAUR,0.014970499140492866,1.0
MG_L20_T-2_C50,20,-0.02,50.0,48,QAUR,-0.039075640698391756,0.0
MG_L20_T-2_C50,20,-0.02,50.0,49,QAUR,0.013333278382513303,1.0
MG_L20_T-2_C50,20,-0.02,50.0,50,QAUR,-0.010747058086145955,1.0
MG_L20_T-2_C50,20,-0.02,50.0,51,QAUR,0.005209080118228737,1.0
MG_L20_T-2_C50,20,-0.02,50.0,52,QAUR,-0.0399677551045976,0.0
MG_L20_T-2_C100,20,-0.02,100.0,0,AUR,0.038734642223986704,1.0
MG_L20_T-2_C100,20,-0.02,100.0,1,AUR,-0.1473461990126016,0.0
MG_L20_T-2_C100,20,-0.02,100.0,2,AUR,-0.06762736003782344,0.0
MG_L20_T-2_C100,20,-0.02,100.0,3,AUR,-0.11402831344944675,0.0
MG_L20_T-2_C100,20,-0.02,100.0,4,AUR,0.0685274080468854,1.0
MG_L20_T-2_C100,20,-0.02,100.0,5,AUR,0.026821522127197683,1.0
MG_L20_T-2_C100,20,-0.02,100.0,6,AUR,-0.10494631480181837,0.0
MG_L20_T-2_C100,20,-0.02,100.0,7,AUR,-0.10888914515298753,0.0
MG_L20_T-2_C100,20,-0.02,100.0,8,AUR,-0.023103354016403288,0.0
MG_L20_T-2_C100,20,-0.02,100.0,9,AUR,-0.0519851743987606,0.0
MG_L20_T-2_C100,20,-0.02,100.0,10,AUR,0.0802990822643308,1.0
MG_L20_T-2_C100,20,-0.02,100.0,11,AUR,-0.008711538515415285,1.0
MG_L20_T-2_C100,20,-0.02,100.0,12,AUR,-0.002756384798810574,1.0
MG_L20_T-2_C100,20,-0.02,100.0,13,AUR,0.024021846522340073,1.0
MG_L20_T-2_C100,20,-0.02,100.0,14,AUR,0.1293279156773144,1.0
MG_L20_T-2_C100,20,-0.02,100.0,15,AUR,0.013837161739149506,1.0
MG_L20_T-2_C100,20,-0.02,100.0,16,AUR,0.04271832040199586,1.0
MG_L20_T-2_C100,20,-0.02,100.0,17,AUR,0.01690125446893287,1.0
MG_L20_T-2_C100,20,-0.02,100.0,18,AUR,-0.04243989455888264,0.0
MG_L20_T-2_C100,20,-0.02,100.0,19,AUR,-0.08220674747407741,0.0
MG_L20_T-2_C100,20,-0.02,100.0,20,AUR,0.03983426573014004,1.0
MG_L20_T-2_C100,20,-0.02,100.0,21,AUR,0.03109780137640361,1.0
MG_L20_T-2_C100,20,-0.02,100.0,22,AUR,-0.01285688004969432,1.0
MG_L20_T-2_C100,20,-0.02,100.0,23,AUR,0.03775342915175184,1.0
MG_L20_T-2_C100,20,-0.02,100.0,24,AUR,0.01891135508719488,1.0
MG_L20_T-2_C100,20,-0.02,100.0,25,AUR,-0.06251566979809231,0.0
MG_L20_T-2_C100,20,-0.02,100.0,26,AUR,0.061709180962184584,1.0
MG_L20_T-2_C100,20,-0.02,100.0,27,AUR,0.0013359232025098589,1.0
MG_L20_T-2_C100,20,-0.02,100.0,28,AUR,-0.06087892922579796,0.0
MG_L20_T-2_C100,20,-0.02,100.0,29,AUR,0.003063723753682579,1.0
MG_L20_T-2_C100,20,-0.02,100.0,30,AUR,0.007398333766777787,1.0
MG_L20_T-2_C100,20,-0.02,100.0,31,AUR,0.007175878845339767,1.0
MG_L20_T-2_C100,20,-0.02,100.0,32,AUR,0.011036716174821493,1.0
MG_L20_T-2_C100,20,-0.02,100.0,33,AUR,0.03458179937296735,1.0
MG_L20_T-2_C100,20,-0.02,100.0,34,AUR,-0.011780046746619144,1.0
MG_L20_T-2_C100,20,-0.02,100.0,35,AUR,0.07163553587416538,1.0
MG_L20_T-2_C100,20,-0.02,100.0,36,AUR,-0.015302174989076933,1.0
MG_L20_T-2_C100,20,-0.02,100.0,37,AUR,-0.07148422910107566,0.0
MG_L20_T-2_C100,20,-0.02,100.0,38,AUR,0.05708886149538195,1.0
MG_L20_T-2_C100,20,-0.02,100.0,39,AUR,0.010707527862465982,1.0
MG_L20_T-2_C100,20,-0.02,100.0,40,AUR,0.08379907805364795,1.0
MG_L20_T-2_C100,20,-0.02,100.0,41,AUR,0.0435487232807612,1.0
MG_L20_T-2_C100,20,-0.02,100.0,42,AUR,7.56095499103715e-05,1.0
MG_L20_T-2_C100,20,-0.02,100.0,43,AUR,-0.007470167452396037,1.0
MG_L20_T-2_C100,20,-0.02,100.0,44,AUR,0.01624546904792945,1.0
MG_L20_T-2_C100,20,-0.02,100.0,45,AUR,-0.004247158256413308,1.0
MG_L20_T-2_C100,20,-0.02,100.0,46,AUR,0.017501734296669458,1.0
MG_L20_T-2_C100,20,-0.02,100.0,47,AUR,0.014970499140492866,1.0
MG_L20_T-2_C100,20,-0.02,100.0,48,AUR,-0.039075640698391756,0.0
MG_L20_T-2_C100,20,-0.02,100.0,49,AUR,0.013333278382513303,1.0
MG_L20_T-2_C100,20,-0.02,100.0,50,AUR,-0.010747058086145955,1.0
MG_L20_T-2_C100,20,-0.02,100.0,51,AUR,0.005209080118228737,1.0
MG_L20_T-2_C100,20,-0.02,100.0,52,AUR,-0.0399677551045976,0.0
MG_L20_T-2_C100,20,-0.02,100.0,0,QAUR,0.038734642223986704,1.0
MG_L20_T-2_C100,20,-0.02,100.0,1,QAUR,-0.1473461990126016,0.0
MG_L20_T-2_C100,20,-0.02,100.0,2,QAUR,-0.06762736003782344,0.0
MG_L20_T-2_C100,20,-0.02,100.0,3,QAUR,-0.11402831344944675,0.0
MG_L20_T-2_C100,20,-0.02,100.0,4,QAUR,0.0685274080468854,1.0
MG_L20_T-2_C100,20,-0.02,100.0,5,QAUR,0.026821522127197683,1.0
MG_L20_T-2_C100,20,-0.02,100.0,6,QAUR,-0.10494631480181837,0.0
MG_L20_T-2_C100,20,-0.02,100.0,7,QAUR,-0.10888914515298753,0.0
MG_L20_T-2_C100,20,-0.02,100.0,8,QAUR,-0.023103354016403288,0.0
MG_L20_T-2_C100,20,-0.02,100.0,9,QAUR,-0.0519851743987606,0.0
MG_L20_T-2_C100,20,-0.02,100.0,10,QAUR,0.0802990822643308,1.0
MG_L20_T-2_C100,20,-0.02,100.0,11,QAUR,-0.008711538515415285,1.0
MG_L20_T-2_C100,20,-0.02,100.0,12,QAUR,-0.002756384798810574,1.0
MG_L20_T-2_C100,20,-0.02,100.0,13,QAUR,0.024021846522340073,1.0
MG_L20_T-2_C100,20,-0.02,100.0,14,QAUR,0.1293279156773144,1.0
MG_L20_T-2_C100,20,-0.02,100.0,15,QAUR,0.013837161739149506,1.0
MG_L20_T-2_C100,20,-0.02,100.0,16,QAUR,0.04271832040199586,1.0
MG_L20_T-2_C100,20,-0.02,100.0,17,QAUR,0.01690125446893287,1.0
MG_L20_T-2_C100,20,-0.02,100.0,18,QAUR,-0.04243989455888264,0.0
MG_L20_T-2_C100,20,-0.02,100.0,19,QAUR,-0.08220674747407741,0.0
MG_L20_T-2_C100,20,-0.02,100.0,20,QAUR,0.03983426573014004,1.0
MG_L20_T-2_C100,20,-0.02,100.0,21,QAUR,0.03109780137640361,1.0
MG_L20_T-2_C100,20,-0.02,100.0,22,QAUR,-0.01285688004969432,1.0
MG_L20_T-2_C100,20,-0.02,100.0,23,QAUR,0.03775342915175184,1.0
MG_L20_T-2_C100,20,-0.02,100.0,24,QAUR,0.01891135508719488,1.0
MG_L20_T-2_C100,20,-0.02,100.0,25,QAUR,-0.06251566979809231,0.0
MG_L20_T-2_C100,20,-0.02,100.0,26,QAUR,0.061709180962184584,1.0
MG_L20_T-2_C100,20,-0.02,100.0,27,QAUR,0.0013359232025098589,1.0
MG_L20_T-2_C100,20,-0.02,100.0,28,QAUR,-0.06087892922579796,0.0
MG_L20_T-2_C100,20,-0.02,100.0,29,QAUR,0.003063723753682579,1.0
MG_L20_T-2_C100,20,-0.02,100.0,30,QAUR,0.007398333766777787,1.0
MG_L20_T-2_C100,20,-0.02,100.0,31,QAUR,0.007175878845339767,1.0
MG_L20_T-2_C100,20,-0.02,100.0,32,QAUR,0.011036716174821493,1.0
MG_L20_T-2_C100,20,-0.02,100.0,33,QAUR,0.03458179937296735,1.0
MG_L20_T-2_C100,20,-0.02,100.0,34,QAUR,-0.011780046746619144,1.0
MG_L20_T-2_C100,20,-0.02,100.0,35,QAUR,0.07163553587416538,1.0
MG_L20_T-2_C100,20,-0.02,100.0,36,QAUR,-0.015302174989076933,1.0
MG_L20_T-2_C100,20,-0.02,100.0,37,QAUR,-0.07148422910107566,0.0
MG_L20_T-2_C100,20,-0.02,100.0,38,QAUR,0.05708886149538195,1.0
MG_L20_T-2_C100,20,-0.02,100.0,39,QAUR,0.010707527862465982,1.0
MG_L20_T-2_C100,20,-0.02,100.0,40,QAUR,0.08379907805364795,1.0
MG_L20_T-2_C100,20,-0.02,100.0,41,QAUR,0.0435487232807612,1.0
MG_L20_T-2_C100,20,-0.02,100.0,42,QAUR,7.56095499103715e-05,1.0
MG_L20_T-2_C100,20,-0.02,100.0,43,QAUR,-0.007470167452396037,1.0
MG_L20_T-2_C100,20,-0.02,100.0,44,QAUR,0.01624546904792945,1.0
MG_L20_T-2_C100,20,-0.02,100.0,45,QAUR,-0.004247158256413308,1.0
MG_L20_T-2_C100,20,-0.02,100.0,46,QAUR,0.017501734296669458,1.0
MG_L20_T-2_C100,20,-0.02,100.0,47,QAUR,0.014970499140492866,1.0
MG_L20_T-2_C100,20,-0.02,100.0,48,QAUR,-0.039075640698391756,0.0
MG_L20_T-2_C100,20,-0.02,100.0,49,QAUR,0.013333278382513303,1.0
MG_L20_T-2_C100,20,-0.02,100.0,50,QAUR,-0.010747058086145955,1.0
MG_L20_T-2_C100,20,-0.02,100.0,51,QAUR,0.005209080118228737,1.0
MG_L20_T-2_C100,20,-0.02,100.0,52,QAUR,-0.0399677551045976,0.0
MG_L20_T0_C0,20,0.0,0.0,0,AUR,0.038734642223986704,1.0
MG_L20_T0_C0,20,0.0,0.0,1,AUR,-0.1473461990126016,0.0
MG_L20_T0_C0,20,0.0,0.0,2,AUR,-0.06762736003782344,0.0
MG_L20_T0_C0,20,0.0,0.0,3,AUR,-0.11402831344944675,0.0
MG_L20_T0_C0,20,0.0,0.0,4,AUR,0.0685274080468854,1.0
MG_L20_T0_C0,20,0.0,0.0,5,AUR,0.026821522127197683,1.0
MG_L20_T0_C0,20,0.0,0.0,6,AUR,-0.10494631480181837,0.0
MG_L20_T0_C0,20,0.0,0.0,7,AUR,-0.10888914515298753,0.0
MG_L20_T0_C0,20,0.0,0.0,8,AUR,-0.023103354016403288,0.0
MG_L20_T0_C0,20,0.0,0.0,9,AUR,-0.0519851743987606,0.0
MG_L20_T0_C0,20,0.0,0.0,10,AUR,0.0802990822643308,1.0
MG_L20_T0_C0,20,0.0,0.0,11,AUR,-0.008711538515415285,0.0
MG_L20_T0_C0,20,0.0,0.0,12,AUR,-0.002756384798810574,0.0
MG_L20_T0_C0,20,0.0,0.0,13,AUR,0.024021846522340073,1.0
MG_L20_T0_C0,20,0.0,0.0,14,AUR,0.1293279156773144,1.0
MG_L20_T0_C0,20,0.0,0.0,15,AUR,0.013837161739149506,1.0
MG_L20_T0_C0,20,0.0,0.0,16,AUR,0.04271832040199586,1.0
MG_L20_T0_C0,20,0.0,0.0,17,AUR,0.01690125446893287,1.0
MG_L20_T0_C0,20,0.0,0.0,18,AUR,-0.04243989455888264,0.0
MG_L20_T0_C0,20,0.0,0.0,19,AUR,-0.08220674747407741,0.0
MG_L20_T0_C0,20,0.0,0.0,20,AUR,0.03983426573014004,1.0
MG_L20_T0_C0,20,0.0,0.0,21,AUR,0.03109780137640361,1.0
MG_L20_T0_C0,20,0.0,0.0,22,AUR,-0.01285688004969432,0.0
MG_L20_T0_C0,20,0.0,0.0,23,AUR,0.03775342915175184,1.0
MG_L20_T0_C0,20,0.0,0.0,24,AUR,0.01891135508719488,1.0
MG_L20_T0_C0,20,0.0,0.0,25,AUR,-0.06251566979809231,0.0
MG_L20_T0_C0,20,0.0,0.0,26,AUR,0.061709180962184584,1.0
MG_L20_T0_C0,20,0.0,0.0,27,AUR,0.0013359232025098589,1.0
MG_L20_T0_C0,20,0.0,0.0,28,AUR,-0.06087892922579796,0.0
MG_L20_T0_C0,20,0.0,0.0,29,AUR,0.003063723753682579,1.0
MG_L20_T0_C0,20,0.0,0.0,30,AUR,0.007398333766777787,1.0
MG_L20_T0_C0,20,0.0,0.0,31,AUR,0.007175878845339767,1.0
MG_L20_T0_C0,20,0.0,0.0,32,AUR,0.011036716174821493,1.0
MG_L20_T0_C0,20,0.0,0.0,33,AUR,0.03458179937296735,1.0
MG_L20_T0_C0,20,0.0,0.0,34,AUR,-0.011780046746619144,0.0
MG_L20_T0_C0,20,0.0,0.0,35,AUR,0.07163553587416538,1.0
MG_L20_T0_C0,20,0.0,0.0,36,AUR,-0.015302174989076933,0.0
MG_L20_T0_C0,20,0.0,0.0,37,AUR,-0.07148422910107566,0.0
MG_L20_T0_C0,20,0.0,0.0,38,AUR,0.05708886149538195,1.0
MG_L20_T0_C0,20,0.0,0.0,39,AUR,0.010707527862465982,1.0
MG_L20_T0_C0,20,0.0,0.0,40,AUR,0.08379907805364795,1.0
MG_L20_T0_C0,20,0.0,0.0,41,AUR,0.0435487232807612,1.0
MG_L20_T0_C0,20,0.0,0.0,42,AUR,7.56095499103715e-05,1.0
MG_L20_T0_C0,20,0.0,0.0,43,AUR,-0.007470167452396037,0.0
MG_L20_T0_C0,20,0.0,0.0,44,AUR,0.01624546904792945,1.0
MG_L20_T0_C0,20,0.0,0.0,45,AUR,-0.004247158256413308,0.0
MG_L20_T0_C0,20,0.0,0.0,46,AUR,0.017501734296669458,1.0
MG_L20_T0_C0,20,0.0,0.0,47,AUR,0.014970499140492866,1.0
MG_L20_T0_C0,20,0.0,0.0,48,AUR,-0.039075640698391756,0.0
MG_L20_T0_C0,20,0.0,0.0,49,AUR,0.013333278382513303,1.0
MG_L20_T0_C0,20,0.0,0.0,50,AUR,-0.010747058086145955,0.0
MG_L20_T0_C0,20,0.0,0.0,51,AUR,0.005209080118228737,1.0
MG_L20_T0_C0,20,0.0,0.0,52,AUR,-0.0399677551045976,0.0
MG_L20_T0_C0,20,0.0,0.0,0,QAUR,0.038734642223986704,1.0
MG_L20_T0_C0,20,0.0,0.0,1,QAUR,-0.1473461990126016,0.0
MG_L20_T0_C0,20,0.0,0.0,2,QAUR,-0.06762736003782344,0.0
MG_L20_T0_C0,20,0.0,0.0,3,QAUR,-0.11402831344944675,0.0
MG_L20_T0_C0,20,0.0,0.0,4,QAUR,0.0685274080468854,1.0
MG_L20_T0_C0,20,0.0,0.0,5,QAUR,0.026821522127197683,1.0
MG_L20_T0_C0,20,0.0,0.0,6,QAUR,-0.10494631480181837,0.0
MG_L20_T0_C0,20,0.0,0.0,7,QAUR,-0.10888914515298753,0.0
MG_L20_T0_C0,20,0.0,0.0,8,QAUR,-0.023103354016403288,0.0
MG_L20_T0_C0,20,0.0,0.0,9,QAUR,-0.0519851743987606,0.0
MG_L20_T0_C0,20,0.0,0.0,10,QAUR,0.0802990822643308,1.0
MG_L20_T0_C0,20,0.0,0.0,11,QAUR,-0.008711538515415285,0.0
MG_L20_T0_C0,20,0.0,0.0,12,QAUR,-0.002756384798810574,0.0
MG_L20_T0_C0,20,0.0,0.0,13,QAUR,0.024021846522340073,1.0
MG_L20_T0_C0,20,0.0,0.0,14,QAUR,0.1293279156773144,1.0
MG_L20_T0_C0,20,0.0,0.0,15,QAUR,0.013837161739149506,1.0
MG_L20_T0_C0,20,0.0,0.0,16,QAUR,0.04271832040199586,1.0
MG_L20_T0_C0,20,0.0,0.0,17,QAUR,0.01690125446893287,1.0
MG_L20_T0_C0,20,0.0,0.0,18,QAUR,-0.04243989455888264,0.0
MG_L20_T0_C0,20,0.0,0.0,19,QAUR,-0.08220674747407741,0.0
MG_L20_T0_C0,20,0.0,0.0,20,QAUR,0.03983426573014004,1.0
MG_L20_T0_C0,20,0.0,0.0,21,QAUR,0.03109780137640361,1.0
MG_L20_T0_C0,20,0.0,0.0,22,QAUR,-0.01285688004969432,0.0
MG_L20_T0_C0,20,0.0,0.0,23,QAUR,0.03775342915175184,1.0
MG_L20_T0_C0,20,0.0,0.0,24,QAUR,0.01891135508719488,1.0
MG_L20_T0_C0,20,0.0,0.0,25,QAUR,-0.06251566979809231,0.0
MG_L20_T0_C0,20,0.0,0.0,26,QAUR,0.061709180962184584,1.0
MG_L20_T0_C0,20,0.0,0.0,27,QAUR,0.0013359232025098589,1.0
MG_L20_T0_C0,20,0.0,0.0,28,QAUR,-0.06087892922579796,0.0
MG_L20_T0_C0,20,0.0,0.0,29,QAUR,0.003063723753682579,1.0
MG_L20_T0_C0,20,0.0,0.0,30,QAUR,0.007398333766777787,1.0
MG_L20_T0_C0,20,0.0,0.0,31,QAUR,0.007175878845339767,1.0
MG_L20_T0_C0,20,0.0,0.0,32,QAUR,0.011036716174821493,1.0
MG_L20_T0_C0,20,0.0,0.0,33,QAUR,0.03458179937296735,1.0
MG_L20_T0_C0,20,0.0,0.0,34,QAUR,-0.011780046746619144,0.0
MG_L20_T0_C0,20,0.0,0.0,35,QAUR,0.07163553587416538,1.0
MG_L20_T0_C0,20,0.0,0.0,36,QAUR,-0.015302174989076933,0.0
MG_L20_T0_C0,20,0.0,0.0,37,QAUR,-0.07148422910107566,0.0
MG_L20_T0_C0,20,0.0,0.0,38,QAUR,0.05708886149538195,1.0
MG_L20_T0_C0,20,0.0,0.0,39,QAUR,0.010707527862465982,1.0
MG_L20_T0_C0,20,0.0,0.0,40,QAUR,0.08379907805364795,1.0
MG_L20_T0_C0,20,0.0,0.0,41,QAUR,0.0435487232807612,1.0
MG_L20_T0_C0,20,0.0,0.0,42,QAUR,7.56095499103715e-05,1.0
MG_L20_T0_C0,20,0.0,0.0,43,QAUR,-0.007470167452396037,0.0
MG_L20_T0_C0,20,0.0,0.0,44,QAUR,0.01624546904792945,1.0
MG_L20_T0_C0,20,0.0,0.0,45,QAUR,-0.004247158256413308,0.0
MG_L20_T0_C0,20,0.0,0.0,46,QAUR,0.017501734296669458,1.0
MG_L20_T0_C0,20,0.0,0.0,47,QAUR,0.014970499140492866,1.0
MG_L20_T0_C0,20,0.0,0.0,48,QAUR,-0.039075640698391756,0.0
MG_L20_T0_C0,20,0.0,0.0,49,QAUR,0.013333278382513303,1.0
MG_L20_T0_C0,20,0.0,0.0,50,QAUR,-0.010747058086145955,0.0
MG_L20_T0_C0,20,0.0,0.0,51,QAUR,0.005209080118228737,1.0
MG_L20_T0_C0,20,0.0,0.0,52,QAUR,-0.0399677551045976,0.0
MG_L20_T0_C25,20,0.0,25.0,0,AUR,0.038734642223986704,1.0
MG_L20_T0_C25,20,0.0,25.0,1,AUR,-0.1473461990126016,0.0
MG_L20_T0_C25,20,0.0,25.0,2,AUR,-0.06762736003782344,0.0
MG_L20_T0_C25,20,0.0,25.0,3,AUR,-0.11402831344944675,0.0
MG_L20_T0_C25,20,0.0,25.0,4,AUR,0.0685274080468854,1.0
MG_L20_T0_C25,20,0.0,25.0,5,AUR,0.026821522127197683,1.0
MG_L20_T0_C25,20,0.0,25.0,6,AUR,-0.10494631480181837,0.0
MG_L20_T0_C25,20,0.0,25.0,7,AUR,-0.10888914515298753,0.0
MG_L20_T0_C25,20,0.0,25.0,8,AUR,-0.023103354016403288,0.0
MG_L20_T0_C25,20,0.0,25.0,9,AUR,-0.0519851743987606,0.0
MG_L20_T0_C25,20,0.0,25.0,10,AUR,0.0802990822643308,1.0
MG_L20_T0_C25,20,0.0,25.0,11,AUR,-0.008711538515415285,0.0
MG_L20_T0_C25,20,0.0,25.0,12,AUR,-0.002756384798810574,0.0
MG_L20_T0_C25,20,0.0,25.0,13,AUR,0.024021846522340073,1.0
MG_L20_T0_C25,20,0.0,25.0,14,AUR,0.1293279156773144,1.0
MG_L20_T0_C25,20,0.0,25.0,15,AUR,0.013837161739149506,1.0
MG_L20_T0_C25,20,0.0,25.0,16,AUR,0.04271832040199586,1.0
MG_L20_T0_C25,20,0.0,25.0,17,AUR,0.01690125446893287,1.0
MG_L20_T0_C25,20,0.0,25.0,18,AUR,-0.04243989455888264,0.0
MG_L20_T0_C25,20,0.0,25.0,19,AUR,-0.08220674747407741,0.0
MG_L20_T0_C25,20,0.0,25.0,20,AUR,0.03983426573014004,1.0
MG_L20_T0_C25,20,0.0,25.0,21,AUR,0.03109780137640361,1.0
MG_L20_T0_C25,20,0.0,25.0,22,AUR,-0.01285688004969432,0.0
MG_L20_T0_C25,20,0.0,25.0,23,AUR,0.03775342915175184,1.0
MG_L20_T0_C25,20,0.0,25.0,24,AUR,0.01891135508719488,1.0
MG_L20_T0_C25,20,0.0,25.0,25,AUR,-0.06251566979809231,0.0
MG_L20_T0_C25,20,0.0,25.0,26,AUR,0.061709180962184584,1.0
MG_L20_T0_C25,20,0.0,25.0,27,AUR,0.0013359232025098589,1.0
MG_L20_T0_C25,20,0.0,25.0,28,AUR,-0.06087892922579796,0.0
MG_L20_T0_C25,20,0.0,25.0,29,AUR,0.003063723753682579,1.0
MG_L20_T0_C25,20,0.0,25.0,30,AUR,0.007398333766777787,1.0
MG_L20_T0_C25,20,0.0,25.0,31,AUR,0.007175878845339767,1.0
MG_L20_T0_C25,20,0.0,25.0,32,AUR,0.011036716174821493,1.0
MG_L20_T0_C25,20,0.0,25.0,33,AUR,0.03458179937296735,1.0
MG_L20_T0_C25,20,0.0,25.0,34,AUR,-0.011780046746619144,0.0
MG_L20_T0_C25,20,0.0,25.0,35,AUR,0.07163553587416538,1.0
MG_L20_T0_C25,20,0.0,25.0,36,AUR,-0.015302174989076933,0.0
MG_L20_T0_C25,20,0.0,25.0,37,AUR,-0.07148422910107566,0.0
MG_L20_T0_C25,20,0.0,25.0,38,AUR,0.05708886149538195,1.0
MG_L20_T0_C25,20,0.0,25.0,39,AUR,0.010707527862465982,1.0
MG_L20_T0_C25,20,0.0,25.0,40,AUR,0.08379907805364795,1.0
MG_L20_T0_C25,20,0.0,25.0,41,AUR,0.0435487232807612,1.0
MG_L20_T0_C25,20,0.0,25.0,42,AUR,7.56095499103715e-05,1.0
MG_L20_T0_C25,20,0.0,25.0,43,AUR,-0.007470167452396037,0.0
MG_L20_T0_C25,20,0.0,25.0,44,AUR,0.01624546904792945,1.0
MG_L20_T0_C25,20,0.0,25.0,45,AUR,-0.004247158256413308,0.0
MG_L20_T0_C25,20,0.0,25.0,46,AUR,0.017501734296669458,1.0
MG_L20_T0_C25,20,0.0,25.0,47,AUR,0.014970499140492866,1.0
MG_L20_T0_C25,20,0.0,25.0,48,AUR,-0.039075640698391756,0.0
MG_L20_T0_C25,20,0.0,25.0,49,AUR,0.013333278382513303,1.0
MG_L20_T0_C25,20,0.0,25.0,50,AUR,-0.010747058086145955,0.0
MG_L20_T0_C25,20,0.0,25.0,51,AUR,0.005209080118228737,1.0
MG_L20_T0_C25,20,0.0,25.0,52,AUR,-0.0399677551045976,0.0
MG_L20_T0_C25,20,0.0,25.0,0,QAUR,0.038734642223986704,1.0
MG_L20_T0_C25,20,0.0,25.0,1,QAUR,-0.1473461990126016,0.0
MG_L20_T0_C25,20,0.0,25.0,2,QAUR,-0.06762736003782344,0.0
MG_L20_T0_C25,20,0.0,25.0,3,QAUR,-0.11402831344944675,0.0
MG_L20_T0_C25,20,0.0,25.0,4,QAUR,0.0685274080468854,1.0
MG_L20_T0_C25,20,0.0,25.0,5,QAUR,0.026821522127197683,1.0
MG_L20_T0_C25,20,0.0,25.0,6,QAUR,-0.10494631480181837,0.0
MG_L20_T0_C25,20,0.0,25.0,7,QAUR,-0.10888914515298753,0.0
MG_L20_T0_C25,20,0.0,25.0,8,QAUR,-0.023103354016403288,0.0
MG_L20_T0_C25,20,0.0,25.0,9,QAUR,-0.0519851743987606,0.0
MG_L20_T0_C25,20,0.0,25.0,10,QAUR,0.0802990822643308,1.0
MG_L20_T0_C25,20,0.0,25.0,11,QAUR,-0.008711538515415285,0.0
MG_L20_T0_C25,20,0.0,25.0,12,QAUR,-0.002756384798810574,0.0
MG_L20_T0_C25,20,0.0,25.0,13,QAUR,0.024021846522340073,1.0
MG_L20_T0_C25,20,0.0,25.0,14,QAUR,0.1293279156773144,1.0
MG_L20_T0_C25,20,0.0,25.0,15,QAUR,0.013837161739149506,1.0
MG_L20_T0_C25,20,0.0,25.0,16,QAUR,0.04271832040199586,1.0
MG_L20_T0_C25,20,0.0,25.0,17,QAUR,0.01690125446893287,1.0
MG_L20_T0_C25,20,0.0,25.0,18,QAUR,-0.04243989455888264,0.0
MG_L20_T0_C25,20,0.0,25.0,19,QAUR,-0.08220674747407741,0.0
MG_L20_T0_C25,20,0.0,25.0,20,QAUR,0.03983426573014004,1.0
MG_L20_T0_C25,20,0.0,25.0,21,QAUR,0.03109780137640361,1.0
MG_L20_T0_C25,20,0.0,25.0,22,QAUR,-0.01285688004969432,0.0
MG_L20_T0_C25,20,0.0,25.0,23,QAUR,0.03775342915175184,1.0
MG_L20_T0_C25,20,0.0,25.0,24,QAUR,0.01891135508719488,1.0
MG_L20_T0_C25,20,0.0,25.0,25,QAUR,-0.06251566979809231,0.0
MG_L20_T0_C25,20,0.0,25.0,26,QAUR,0.061709180962184584,1.0
MG_L20_T0_C25,20,0.0,25.0,27,QAUR,0.0013359232025098589,1.0
MG_L20_T0_C25,20,0.0,25.0,28,QAUR,-0.06087892922579796,0.0
MG_L20_T0_C25,20,0.0,25.0,29,QAUR,0.003063723753682579,1.0
MG_L20_T0_C25,20,0.0,25.0,30,QAUR,0.007398333766777787,1.0
MG_L20_T0_C25,20,0.0,25.0,31,QAUR,0.007175878845339767,1.0
MG_L20_T0_C25,20,0.0,25.0,32,QAUR,0.011036716174821493,1.0
MG_L20_T0_C25,20,0.0,25.0,33,QAUR,0.03458179937296735,1.0
MG_L20_T0_C25,20,0.0,25.0,34,QAUR,-0.011780046746619144,0.0
MG_L20_T0_C25,20,0.0,25.0,35,QAUR,0.07163553587416538,1.0
MG_L20_T0_C25,20,0.0,25.0,36,QAUR,-0.015302174989076933,0.0
MG_L20_T0_C25,20,0.0,25.0,37,QAUR,-0.07148422910107566,0.0
MG_L20_T0_C25,20,0.0,25.0,38,QAUR,0.05708886149538195,1.0
MG_L20_T0_C25,20,0.0,25.0,39,QAUR,0.010707527862465982,1.0
MG_L20_T0_C25,20,0.0,25.0,40,QAUR,0.08379907805364795,1.0
MG_L20_T0_C25,20,0.0,25.0,41,QAUR,0.0435487232807612,1.0
MG_L20_T0_C25,20,0.0,25.0,42,QAUR,7.56095499103715e-05,1.0
MG_L20_T0_C25,20,0.0,25.0,43,QAUR,-0.007470167452396037,0.0
MG_L20_T0_C25,20,0.0,25.0,44,QAUR,0.01624546904792945,1.0
MG_L20_T0_C25,20,0.0,25.0,45,QAUR,-0.004247158256413308,0.0
MG_L20_T0_C25,20,0.0,25.0,46,QAUR,0.017501734296669458,1.0
MG_L20_T0_C25,20,0.0,25.0,47,QAUR,0.014970499140492866,1.0
MG_L20_T0_C25,20,0.0,25.0,48,QAUR,-0.039075640698391756,0.0
MG_L20_T0_C25,20,0.0,25.0,49,QAUR,0.013333278382513303,1.0
MG_L20_T0_C25,20,0.0,25.0,50,QAUR,-0.010747058086145955,0.0
MG_L20_T0_C25,20,0.0,25.0,51,QAUR,0.005209080118228737,1.0
MG_L20_T0_C25,20,0.0,25.0,52,QAUR,-0.0399677551045976,0.0
MG_L20_T0_C50,20,0.0,50.0,0,AUR,0.038734642223986704,1.0
MG_L20_T0_C50,20,0.0,50.0,1,AUR,-0.1473461990126016,0.0
MG_L20_T0_C50,20,0.0,50.0,2,AUR,-0.06762736003782344,0.0
MG_L20_T0_C50,20,0.0,50.0,3,AUR,-0.11402831344944675,0.0
MG_L20_T0_C50,20,0.0,50.0,4,AUR,0.0685274080468854,1.0
MG_L20_T0_C50,20,0.0,50.0,5,AUR,0.026821522127197683,1.0
MG_L20_T0_C50,20,0.0,50.0,6,AUR,-0.10494631480181837,0.0
MG_L20_T0_C50,20,0.0,50.0,7,AUR,-0.10888914515298753,0.0
MG_L20_T0_C50,20,0.0,50.0,8,AUR,-0.023103354016403288,0.0
MG_L20_T0_C50,20,0.0,50.0,9,AUR,-0.0519851743987606,0.0
MG_L20_T0_C50,20,0.0,50.0,10,AUR,0.0802990822643308,1.0
MG_L20_T0_C50,20,0.0,50.0,11,AUR,-0.008711538515415285,0.0
MG_L20_T0_C50,20,0.0,50.0,12,AUR,-0.002756384798810574,0.0
MG_L20_T0_C50,20,0.0,50.0,13,AUR,0.024021846522340073,1.0
MG_L20_T0_C50,20,0.0,50.0,14,AUR,0.1293279156773144,1.0
MG_L20_T0_C50,20,0.0,50.0,15,AUR,0.013837161739149506,1.0
MG_L20_T0_C50,20,0.0,50.0,16,AUR,0.04271832040199586,1.0
MG_L20_T0_C50,20,0.0,50.0,17,AUR,0.01690125446893287,1.0
MG_L20_T0_C50,20,0.0,50.0,18,AUR,-0.04243989455888264,0.0
MG_L20_T0_C50,20,0.0,50.0,19,AUR,-0.08220674747407741,0.0
MG_L20_T0_C50,20,0.0,50.0,20,AUR,0.03983426573014004,1.0
MG_L20_T0_C50,20,0.0,50.0,21,AUR,0.03109780137640361,1.0
MG_L20_T0_C50,20,0.0,50.0,22,AUR,-0.01285688004969432,0.0
MG_L20_T0_C50,20,0.0,50.0,23,AUR,0.03775342915175184,1.0
MG_L20_T0_C50,20,0.0,50.0,24,AUR,0.01891135508719488,1.0
MG_L20_T0_C50,20,0.0,50.0,25,AUR,-0.06251566979809231,0.0
MG_L20_T0_C50,20,0.0,50.0,26,AUR,0.061709180962184584,1.0
MG_L20_T0_C50,20,0.0,50.0,27,AUR,0.0013359232025098589,1.0
MG_L20_T0_C50,20,0.0,50.0,28,AUR,-0.06087892922579796,0.0
MG_L20_T0_C50,20,0.0,50.0,29,AUR,0.003063723753682579,1.0
MG_L20_T0_C50,20,0.0,50.0,30,AUR,0.007398333766777787,1.0
MG_L20_T0_C50,20,0.0,50.0,31,AUR,0.007175878845339767,1.0
MG_L20_T0_C50,20,0.0,50.0,32,AUR,0.011036716174821493,1.0
MG_L20_T0_C50,20,0.0,50.0,33,AUR,0.03458179937296735,1.0
MG_L20_T0_C50,20,0.0,50.0,34,AUR,-0.011780046746619144,0.0
MG_L20_T0_C50,20,0.0,50.0,35,AUR,0.07163553587416538,1.0
MG_L20_T0_C50,20,0.0,50.0,36,AUR,-0.015302174989076933,0.0
MG_L20_T0_C50,20,0.0,50.0,37,AUR,-0.07148422910107566,0.0
MG_L20_T0_C50,20,0.0,50.0,38,AUR,0.05708886149538195,1.0
MG_L20_T0_C50,20,0.0,50.0,39,AUR,0.010707527862465982,1.0
MG_L20_T0_C50,20,0.0,50.0,40,AUR,0.08379907805364795,1.0
MG_L20_T0_C50,20,0.0,50.0,41,AUR,0.0435487232807612,1.0
MG_L20_T0_C50,20,0.0,50.0,42,AUR,7.56095499103715e-05,1.0
MG_L20_T0_C50,20,0.0,50.0,43,AUR,-0.007470167452396037,0.0
MG_L20_T0_C50,20,0.0,50.0,44,AUR,0.01624546904792945,1.0
MG_L20_T0_C50,20,0.0,50.0,45,AUR,-0.004247158256413308,0.0
MG_L20_T0_C50,20,0.0,50.0,46,AUR,0.017501734296669458,1.0
MG_L20_T0_C50,20,0.0,50.0,47,AUR,0.014970499140492866,1.0
MG_L20_T0_C50,20,0.0,50.0,48,AUR,-0.039075640698391756,0.0
MG_L20_T0_C50,20,0.0,50.0,49,AUR,0.013333278382513303,1.0
MG_L20_T0_C50,20,0.0,50.0,50,AUR,-0.010747058086145955,0.0
MG_L20_T0_C50,20,0.0,50.0,51,AUR,0.005209080118228737,1.0
MG_L20_T0_C50,20,0.0,50.0,52,AUR,-0.0399677551045976,0.0
MG_L20_T0_C50,20,0.0,50.0,0,QAUR,0.038734642223986704,1.0
MG_L20_T0_C50,20,0.0,50.0,1,QAUR,-0.1473461990126016,0.0
MG_L20_T0_C50,20,0.0,50.0,2,QAUR,-0.06762736003782344,0.0
MG_L20_T0_C50,20,0.0,50.0,3,QAUR,-0.11402831344944675,0.0
MG_L20_T0_C50,20,0.0,50.0,4,QAUR,0.0685274080468854,1.0
MG_L20_T0_C50,20,0.0,50.0,5,QAUR,0.026821522127197683,1.0
MG_L20_T0_C50,20,0.0,50.0,6,QAUR,-0.10494631480181837,0.0
MG_L20_T0_C50,20,0.0,50.0,7,QAUR,-0.10888914515298753,0.0
MG_L20_T0_C50,20,0.0,50.0,8,QAUR,-0.023103354016403288,0.0
MG_L20_T0_C50,20,0.0,50.0,9,QAUR,-0.0519851743987606,0.0
MG_L20_T0_C50,20,0.0,50.0,10,QAUR,0.0802990822643308,1.0
MG_L20_T0_C50,20,0.0,50.0,11,QAUR,-0.008711538515415285,0.0
MG_L20_T0_C50,20,0.0,50.0,12,QAUR,-0.002756384798810574,0.0
MG_L20_T0_C50,20,0.0,50.0,13,QAUR,0.024021846522340073,1.0
MG_L20_T0_C50,20,0.0,50.0,14,QAUR,0.1293279156773144,1.0
MG_L20_T0_C50,20,0.0,50.0,15,QAUR,0.013837161739149506,1.0
MG_L20_T0_C50,20,0.0,50.0,16,QAUR,0.04271832040199586,1.0
MG_L20_T0_C50,20,0.0,50.0,17,QAUR,0.01690125446893287,1.0
MG_L20_T0_C50,20,0.0,50.0,18,QAUR,-0.04243989455888264,0.0
MG_L20_T0_C50,20,0.0,50.0,19,QAUR,-0.08220674747407741,0.0
MG_L20_T0_C50,20,0.0,50.0,20,QAUR,0.03983426573014004,1.0
MG_L20_T0_C50,20,0.0,50.0,21,QAUR,0.03109780137640361,1.0
MG_L20_T0_C50,20,0.0,50.0,22,QAUR,-0.01285688004969432,0.0
MG_L20_T0_C50,20,0.0,50.0,23,QAUR,0.03775342915175184,1.0
MG_L20_T0_C50,20,0.0,50.0,24,QAUR,0.01891135508719488,1.0
MG_L20_T0_C50,20,0.0,50.0,25,QAUR,-0.06251566979809231,0.0
MG_L20_T0_C50,20,0.0,50.0,26,QAUR,0.061709180962184584,1.0
MG_L20_T0_C50,20,0.0,50.0,27,QAUR,0.0013359232025098589,1.0
MG_L20_T0_C50,20,0.0,50.0,28,QAUR,-0.06087892922579796,0.0
MG_L20_T0_C50,20,0.0,50.0,29,QAUR,0.003063723753682579,1.0
MG_L20_T0_C50,20,0.0,50.0,30,QAUR,0.007398333766777787,1.0
MG_L20_T0_C50,20,0.0,50.0,31,QAUR,0.007175878845339767,1.0
MG_L20_T0_C50,20,0.0,50.0,32,QAUR,0.011036716174821493,1.0
MG_L20_T0_C50,20,0.0,50.0,33,QAUR,0.03458179937296735,1.0
MG_L20_T0_C50,20,0.0,50.0,34,QAUR,-0.011780046746619144,0.0
MG_L20_T0_C50,20,0.0,50.0,35,QAUR,0.07163553587416538,1.0
MG_L20_T0_C50,20,0.0,50.0,36,QAUR,-0.015302174989076933,0.0
MG_L20_T0_C50,20,0.0,50.0,37,QAUR,-0.07148422910107566,0.0
MG_L20_T0_C50,20,0.0,50.0,38,QAUR,0.05708886149538195,1.0
MG_L20_T0_C50,20,0.0,50.0,39,QAUR,0.010707527862465982,1.0
MG_L20_T0_C50,20,0.0,50.0,40,QAUR,0.08379907805364795,1.0
MG_L20_T0_C50,20,0.0,50.0,41,QAUR,0.0435487232807612,1.0
MG_L20_T0_C50,20,0.0,50.0,42,QAUR,7.56095499103715e-05,1.0
MG_L20_T0_C50,20,0.0,50.0,43,QAUR,-0.007470167452396037,0.0
MG_L20_T0_C50,20,0.0,50.0,44,QAUR,0.01624546904792945,1.0
MG_L20_T0_C50,20,0.0,50.0,45,QAUR,-0.004247158256413308,0.0
MG_L20_T0_C50,20,0.0,50.0,46,QAUR,0.017501734296669458,1.0
MG_L20_T0_C50,20,0.0,50.0,47,QAUR,0.014970499140492866,1.0
MG_L20_T0_C50,20,0.0,50.0,48,QAUR,-0.039075640698391756,0.0
MG_L20_T0_C50,20,0.0,50.0,49,QAUR,0.013333278382513303,1.0
MG_L20_T0_C50,20,0.0,50.0,50,QAUR,-0.010747058086145955,0.0
MG_L20_T0_C50,20,0.0,50.0,51,QAUR,0.005209080118228737,1.0
MG_L20_T0_C50,20,0.0,50.0,52,QAUR,-0.0399677551045976,0.0
MG_L20_T0_C100,20,0.0,100.0,0,AUR,0.038734642223986704,1.0
MG_L20_T0_C100,20,0.0,100.0,1,AUR,-0.1473461990126016,0.0
MG_L20_T0_C100,20,0.0,100.0,2,AUR,-0.06762736003782344,0.0
MG_L20_T0_C100,20,0.0,100.0,3,AUR,-0.11402831344944675,0.0
MG_L20_T0_C100,20,0.0,100.0,4,AUR,0.0685274080468854,1.0
MG_L20_T0_C100,20,0.0,100.0,5,AUR,0.026821522127197683,1.0
MG_L20_T0_C100,20,0.0,100.0,6,AUR,-0.10494631480181837,0.0
MG_L20_T0_C100,20,0.0,100.0,7,AUR,-0.10888914515298753,0.0
MG_L20_T0_C100,20,0.0,100.0,8,AUR,-0.023103354016403288,0.0
MG_L20_T0_C100,20,0.0,100.0,9,AUR,-0.0519851743987606,0.0
MG_L20_T0_C100,20,0.0,100.0,10,AUR,0.0802990822643308,1.0
MG_L20_T0_C100,20,0.0,100.0,11,AUR,-0.008711538515415285,0.0
MG_L20_T0_C100,20,0.0,100.0,12,AUR,-0.002756384798810574,0.0
MG_L20_T0_C100,20,0.0,100.0,13,AUR,0.024021846522340073,1.0
MG_L20_T0_C100,20,0.0,100.0,14,AUR,0.1293279156773144,1.0
MG_L20_T0_C100,20,0.0,100.0,15,AUR,0.013837161739149506,1.0
MG_L20_T0_C100,20,0.0,100.0,16,AUR,0.04271832040199586,1.0
MG_L20_T0_C100,20,0.0,100.0,17,AUR,0.01690125446893287,1.0
MG_L20_T0_C100,20,0.0,100.0,18,AUR,-0.04243989455888264,0.0
MG_L20_T0_C100,20,0.0,100.0,19,AUR,-0.08220674747407741,0.0
MG_L20_T0_C100,20,0.0,100.0,20,AUR,0.03983426573014004,1.0
MG_L20_T0_C100,20,0.0,100.0,21,AUR,0.03109780137640361,1.0
MG_L20_T0_C100,20,0.0,100.0,22,AUR,-0.01285688004969432,0.0
MG_L20_T0_C100,20,0.0,100.0,23,AUR,0.03775342915175184,1.0
MG_L20_T0_C100,20,0.0,100.0,24,AUR,0.01891135508719488,1.0
MG_L20_T0_C100,20,0.0,100.0,25,AUR,-0.06251566979809231,0.0
MG_L20_T0_C100,20,0.0,100.0,26,AUR,0.061709180962184584,1.0
MG_L20_T0_C100,20,0.0,100.0,27,AUR,0.0013359232025098589,1.0
MG_L20_T0_C100,20,0.0,100.0,28,AUR,-0.06087892922579796,0.0
MG_L20_T0_C100,20,0.0,100.0,29,AUR,0.003063723753682579,1.0
MG_L20_T0_C100,20,0.0,100.0,30,AUR,0.007398333766777787,1.0
MG_L20_T0_C100,20,0.0,100.0,31,AUR,0.007175878845339767,1.0
MG_L20_T0_C100,20,0.0,100.0,32,AUR,0.011036716174821493,1.0
MG_L20_T0_C100,20,0.0,100.0,33,AUR,0.03458179937296735,1.0
MG_L20_T0_C100,20,0.0,100.0,34,AUR,-0.011780046746619144,0.0
MG_L20_T0_C100,20,0.0,100.0,35,AUR,0.07163553587416538,1.0
MG_L20_T0_C100,20,0.0,100.0,36,AUR,-0.015302174989076933,0.0
MG_L20_T0_C100,20,0.0,100.0,37,AUR,-0.07148422910107566,0.0
MG_L20_T0_C100,20,0.0,100.0,38,AUR,0.05708886149538195,1.0
MG_L20_T0_C100,20,0.0,100.0,39,AUR,0.010707527862465982,1.0
MG_L20_T0_C100,20,0.0,100.0,40,AUR,0.08379907805364795,1.0
MG_L20_T0_C100,20,0.0,100.0,41,AUR,0.0435487232807612,1.0
MG_L20_T0_C100,20,0.0,100.0,42,AUR,7.56095499103715e-05,1.0
MG_L20_T0_C100,20,0.0,100.0,43,AUR,-0.007470167452396037,0.0
MG_L20_T0_C100,20,0.0,100.0,44,AUR,0.01624546904792945,1.0
MG_L20_T0_C100,20,0.0,100.0,45,AUR,-0.004247158256413308,0.0
MG_L20_T0_C100,20,0.0,100.0,46,AUR,0.017501734296669458,1.0
MG_L20_T0_C100,20,0.0,100.0,47,AUR,0.014970499140492866,1.0
MG_L20_T0_C100,20,0.0,100.0,48,AUR,-0.039075640698391756,0.0
MG_L20_T0_C100,20,0.0,100.0,49,AUR,0.013333278382513303,1.0
MG_L20_T0_C100,20,0.0,100.0,50,AUR,-0.010747058086145955,0.0
MG_L20_T0_C100,20,0.0,100.0,51,AUR,0.005209080118228737,1.0
MG_L20_T0_C100,20,0.0,100.0,52,AUR,-0.0399677551045976,0.0
MG_L20_T0_C100,20,0.0,100.0,0,QAUR,0.038734642223986704,1.0
MG_L20_T0_C100,20,0.0,100.0,1,QAUR,-0.1473461990126016,0.0
MG_L20_T0_C100,20,0.0,100.0,2,QAUR,-0.06762736003782344,0.0
MG_L20_T0_C100,20,0.0,100.0,3,QAUR,-0.11402831344944675,0.0
MG_L20_T0_C100,20,0.0,100.0,4,QAUR,0.0685274080468854,1.0
MG_L20_T0_C100,20,0.0,100.0,5,QAUR,0.026821522127197683,1.0
MG_L20_T0_C100,20,0.0,100.0,6,QAUR,-0.10494631480181837,0.0
MG_L20_T0_C100,20,0.0,100.0,7,QAUR,-0.10888914515298753,0.0
MG_L20_T0_C100,20,0.0,100.0,8,QAUR,-0.023103354016403288,0.0
MG_L20_T0_C100,20,0.0,100.0,9,QAUR,-0.0519851743987606,0.0
MG_L20_T0_C100,20,0.0,100.0,10,QAUR,0.0802990822643308,1.0
MG_L20_T0_C100,20,0.0,100.0,11,QAUR,-0.008711538515415285,0.0
MG_L20_T0_C100,20,0.0,100.0,12,QAUR,-0.002756384798810574,0.0
MG_L20_T0_C100,20,0.0,100.0,13,QAUR,0.024021846522340073,1.0
MG_L20_T0_C100,20,0.0,100.0,14,QAUR,0.1293279156773144,1.0
MG_L20_T0_C100,20,0.0,100.0,15,QAUR,0.013837161739149506,1.0
MG_L20_T0_C100,20,0.0,100.0,16,QAUR,0.04271832040199586,1.0
MG_L20_T0_C100,20,0.0,100.0,17,QAUR,0.01690125446893287,1.0
MG_L20_T0_C100,20,0.0,100.0,18,QAUR,-0.04243989455888264,0.0
MG_L20_T0_C100,20,0.0,100.0,19,QAUR,-0.08220674747407741,0.0
MG_L20_T0_C100,20,0.0,100.0,20,QAUR,0.03983426573014004,1.0
MG_L20_T0_C100,20,0.0,100.0,21,QAUR,0.03109780137640361,1.0
MG_L20_T0_C100,20,0.0,100.0,22,QAUR,-0.01285688004969432,0.0
MG_L20_T0_C100,20,0.0,100.0,23,QAUR,0.03775342915175184,1.0
MG_L20_T0_C100,20,0.0,100.0,24,QAUR,0.01891135508719488,1.0
MG_L20_T0_C100,20,0.0,100.0,25,QAUR,-0.06251566979809231,0.0
MG_L20_T0_C100,20,0.0,100.0,26,QAUR,0.061709180962184584,1.0
MG_L20_T0_C100,20,0.0,100.0,27,QAUR,0.0013359232025098589,1.0
MG_L20_T0_C100,20,0.0,100.0,28,QAUR,-0.06087892922579796,0.0
MG_L20_T0_C100,20,0.0,100.0,29,QAUR,0.003063723753682579,1.0
MG_L20_T0_C100,20,0.0,100.0,30,QAUR,0.007398333766777787,1.0
MG_L20_T0_C100,20,0.0,100.0,31,QAUR,0.007175878845339767,1.0
MG_L20_T0_C100,20,0.0,100.0,32,QAUR,0.011036716174821493,1.0
MG_L20_T0_C100,20,0.0,100.0,33,QAUR,0.03458179937296735,1.0
MG_L20_T0_C100,20,0.0,100.0,34,QAUR,-0.011780046746619144,0.0
MG_L20_T0_C100,20,0.0,100.0,35,QAUR,0.07163553587416538,1.0
MG_L20_T0_C100,20,0.0,100.0,36,QAUR,-0.015302174989076933,0.0
MG_L20_T0_C100,20,0.0,100.0,37,QAUR,-0.07148422910107566,0.0
MG_L20_T0_C100,20,0.0,100.0,38,QAUR,0.05708886149538195,1.0
MG_L20_T0_C100,20,0.0,100.0,39,QAUR,0.010707527862465982,1.0
MG_L20_T0_C100,20,0.0,100.0,40,QAUR,0.08379907805364795,1.0
MG_L20_T0_C100,20,0.0,100.0,41,QAUR,0.0435487232807612,1.0
MG_L20_T0_C100,20,0.0,100.0,42,QAUR,7.56095499103715e-05,1.0
MG_L20_T0_C100,20,0.0,100.0,43,QAUR,-0.007470167452396037,0.0
MG_L20_T0_C100,20,0.0,100.0,44,QAUR,0.01624546904792945,1.0
MG_L20_T0_C100,20,0.0,100.0,45,QAUR,-0.004247158256413308,0.0
MG_L20_T0_C100,20,0.0,100.0,46,QAUR,0.017501734296669458,1.0
MG_L20_T0_C100,20,0.0,100.0,47,QAUR,0.014970499140492866,1.0
MG_L20_T0_C100,20,0.0,100.0,48,QAUR,-0.039075640698391756,0.0
MG_L20_T0_C100,20,0.0,100.0,49,QAUR,0.013333278382513303,1.0
MG_L20_T0_C100,20,0.0,100.0,50,QAUR,-0.010747058086145955,0.0
MG_L20_T0_C100,20,0.0,100.0,51,QAUR,0.005209080118228737,1.0
MG_L20_T0_C100,20,0.0,100.0,52,QAUR,-0.0399677551045976,0.0
MG_L20_T2_C0,20,0.02,0.0,0,AUR,0.038734642223986704,1.0
MG_L20_T2_C0,20,0.02,0.0,1,AUR,-0.1473461990126016,0.0
MG_L20_T2_C0,20,0.02,0.0,2,AUR,-0.06762736003782344,0.0
MG_L20_T2_C0,20,0.02,0.0,3,AUR,-0.11402831344944675,0.0
MG_L20_T2_C0,20,0.02,0.0,4,AUR,0.0685274080468854,1.0
MG_L20_T2_C0,20,0.02,0.0,5,AUR,0.026821522127197683,1.0
MG_L20_T2_C0,20,0.02,0.0,6,AUR,-0.10494631480181837,0.0
MG_L20_T2_C0,20,0.02,0.0,7,AUR,-0.10888914515298753,0.0
MG_L20_T2_C0,20,0.02,0.0,8,AUR,-0.023103354016403288,0.0
MG_L20_T2_C0,20,0.02,0.0,9,AUR,-0.0519851743987606,0.0
MG_L20_T2_C0,20,0.02,0.0,10,AUR,0.0802990822643308,1.0
MG_L20_T2_C0,20,0.02,0.0,11,AUR,-0.008711538515415285,0.0
MG_L20_T2_C0,20,0.02,0.0,12,AUR,-0.002756384798810574,0.0
MG_L20_T2_C0,20,0.02,0.0,13,AUR,0.024021846522340073,1.0
MG_L20_T2_C0,20,0.02,0.0,14,AUR,0.1293279156773144,1.0
MG_L20_T2_C0,20,0.02,0.0,15,AUR,0.013837161739149506,0.0
MG_L20_T2_C0,20,0.02,0.0,16,AUR,0.04271832040199586,1.0
MG_L20_T2_C0,20,0.02,0.0,17,AUR,0.01690125446893287,0.0
MG_L20_T2_C0,20,0.02,0.0,18,AUR,-0.04243989455888264,0.0
MG_L20_T2_C0,20,0.02,0.0,19,AUR,-0.08220674747407741,0.0
MG_L20_T2_C0,20,0.02,0.0,20,AUR,0.03983426573014004,1.0
MG_L20_T2_C0,20,0.02,0.0,21,AUR,0.03109780137640361,1.0
MG_L20_T2_C0,20,0.02,0.0,22,AUR,-0.01285688004969432,0.0
MG_L20_T2_C0,20,0.02,0.0,23,AUR,0.03775342915175184,1.0
MG_L20_T2_C0,20,0.02,0.0,24,AUR,0.01891135508719488,0.0
MG_L20_T2_C0,20,0.02,0.0,25,AUR,-0.06251566979809231,0.0
MG_L20_T2_C0,20,0.02,0.0,26,AUR,0.061709180962184584,1.0
MG_L20_T2_C0,20,0.02,0.0,27,AUR,0.0013359232025098589,0.0
MG_L20_T2_C0,20,0.02,0.0,28,AUR,-0.06087892922579796,0.0
MG_L20_T2_C0,20,0.02,0.0,29,AUR,0.003063723753682579,0.0
MG_L20_T2_C0,20,0.02,0.0,30,AUR,0.007398333766777787,0.0
MG_L20_T2_C0,20,0.02,0.0,31,AUR,0.007175878845339767,0.0
MG_L20_T2_C0,20,0.02,0.0,32,AUR,0.011036716174821493,0.0
MG_L20_T2_C0,20,0.02,0.0,33,AUR,0.03458179937296735,1.0
MG_L20_T2_C0,20,0.02,0.0,34,AUR,-0.011780046746619144,0.0
MG_L20_T2_C0,20,0.02,0.0,35,AUR,0.07163553587416538,1.0
MG_L20_T2_C0,20,0.02,0.0,36,AUR,-0.015302174989076933,0.0
MG_L20_T2_C0,20,0.02,0.0,37,AUR,-0.07148422910107566,0.0
MG_L20_T2_C0,20,0.02,0.0,38,AUR,0.05708886149538195,1.0
MG_L20_T2_C0,20,0.02,0.0,39,AUR,0.010707527862465982,0.0
MG_L20_T2_C0,20,0.02,0.0,40,AUR,0.08379907805364795,1.0
MG_L20_T2_C0,20,0.02,0.0,41,AUR,0.0435487232807612,1.0
MG_L20_T2_C0,20,0.02,0.0,42,AUR,7.56095499103715e-05,0.0
MG_L20_T2_C0,20,0.02,0.0,43,AUR,-0.007470167452396037,0.0
MG_L20_T2_C0,20,0.02,0.0,44,AUR,0.01624546904792945,0.0
MG_L20_T2_C0,20,0.02,0.0,45,AUR,-0.004247158256413308,0.0
MG_L20_T2_C0,20,0.02,0.0,46,AUR,0.017501734296669458,0.0
MG_L20_T2_C0,20,0.02,0.0,47,AUR,0.014970499140492866,0.0
MG_L20_T2_C0,20,0.02,0.0,48,AUR,-0.039075640698391756,0.0
MG_L20_T2_C0,20,0.02,0.0,49,AUR,0.013333278382513303,0.0
MG_L20_T2_C0,20,0.02,0.0,50,AUR,-0.010747058086145955,0.0
MG_L20_T2_C0,20,0.02,0.0,51,AUR,0.005209080118228737,0.0
MG_L20_T2_C0,20,0.02,0.0,52,AUR,-0.0399677551045976,0.0
MG_L20_T2_C0,20,0.02,0.0,0,QAUR,0.038734642223986704,1.0
MG_L20_T2_C0,20,0.02,0.0,1,QAUR,-0.1473461990126016,0.0
MG_L20_T2_C0,20,0.02,0.0,2,QAUR,-0.06762736003782344,0.0
MG_L20_T2_C0,20,0.02,0.0,3,QAUR,-0.11402831344944675,0.0
MG_L20_T2_C0,20,0.02,0.0,4,QAUR,0.0685274080468854,1.0
MG_L20_T2_C0,20,0.02,0.0,5,QAUR,0.026821522127197683,1.0
MG_L20_T2_C0,20,0.02,0.0,6,QAUR,-0.10494631480181837,0.0
MG_L20_T2_C0,20,0.02,0.0,7,QAUR,-0.10888914515298753,0.0
MG_L20_T2_C0,20,0.02,0.0,8,QAUR,-0.023103354016403288,0.0
MG_L20_T2_C0,20,0.02,0.0,9,QAUR,-0.0519851743987606,0.0
MG_L20_T2_C0,20,0.02,0.0,10,QAUR,0.0802990822643308,1.0
MG_L20_T2_C0,20,0.02,0.0,11,QAUR,-0.008711538515415285,0.0
MG_L20_T2_C0,20,0.02,0.0,12,QAUR,-0.002756384798810574,0.0
MG_L20_T2_C0,20,0.02,0.0,13,QAUR,0.024021846522340073,1.0
MG_L20_T2_C0,20,0.02,0.0,14,QAUR,0.1293279156773144,1.0
MG_L20_T2_C0,20,0.02,0.0,15,QAUR,0.013837161739149506,0.0
MG_L20_T2_C0,20,0.02,0.0,16,QAUR,0.04271832040199586,1.0
MG_L20_T2_C0,20,0.02,0.0,17,QAUR,0.01690125446893287,0.0
MG_L20_T2_C0,20,0.02,0.0,18,QAUR,-0.04243989455888264,0.0
MG_L20_T2_C0,20,0.02,0.0,19,QAUR,-0.08220674747407741,0.0
MG_L20_T2_C0,20,0.02,0.0,20,QAUR,0.03983426573014004,1.0
MG_L20_T2_C0,20,0.02,0.0,21,QAUR,0.03109780137640361,1.0
MG_L20_T2_C0,20,0.02,0.0,22,QAUR,-0.01285688004969432,0.0
MG_L20_T2_C0,20,0.02,0.0,23,QAUR,0.03775342915175184,1.0
MG_L20_T2_C0,20,0.02,0.0,24,QAUR,0.01891135508719488,0.0
MG_L20_T2_C0,20,0.02,0.0,25,QAUR,-0.06251566979809231,0.0
MG_L20_T2_C0,20,0.02,0.0,26,QAUR,0.061709180962184584,1.0
MG_L20_T2_C0,20,0.02,0.0,27,QAUR,0.0013359232025098589,0.0
MG_L20_T2_C0,20,0.02,0.0,28,QAUR,-0.06087892922579796,0.0
MG_L20_T2_C0,20,0.02,0.0,29,QAUR,0.003063723753682579,0.0
MG_L20_T2_C0,20,0.02,0.0,30,QAUR,0.007398333766777787,0.0
MG_L20_T2_C0,20,0.02,0.0,31,QAUR,0.007175878845339767,0.0
MG_L20_T2_C0,20,0.02,0.0,32,QAUR,0.011036716174821493,0.0
MG_L20_T2_C0,20,0.02,0.0,33,QAUR,0.03458179937296735,1.0
MG_L20_T2_C0,20,0.02,0.0,34,QAUR,-0.011780046746619144,0.0
MG_L20_T2_C0,20,0.02,0.0,35,QAUR,0.07163553587416538,1.0
MG_L20_T2_C0,20,0.02,0.0,36,QAUR,-0.015302174989076933,0.0
MG_L20_T2_C0,20,0.02,0.0,37,QAUR,-0.07148422910107566,0.0
MG_L20_T2_C0,20,0.02,0.0,38,QAUR,0.05708886149538195,1.0
MG_L20_T2_C0,20,0.02,0.0,39,QAUR,0.010707527862465982,0.0
MG_L20_T2_C0,20,0.02,0.0,40,QAUR,0.08379907805364795,1.0
MG_L20_T2_C0,20,0.02,0.0,41,QAUR,0.0435487232807612,1.0
MG_L20_T2_C0,20,0.02,0.0,42,QAUR,7.56095499103715e-05,0.0
MG_L20_T2_C0,20,0.02,0.0,43,QAUR,-0.007470167452396037,0.0
MG_L20_T2_C0,20,0.02,0.0,44,QAUR,0.01624546904792945,0.0
MG_L20_T2_C0,20,0.02,0.0,45,QAUR,-0.004247158256413308,0.0
MG_L20_T2_C0,20,0.02,0.0,46,QAUR,0.017501734296669458,0.0
MG_L20_T2_C0,20,0.02,0.0,47,QAUR,0.014970499140492866,0.0
MG_L20_T2_C0,20,0.02,0.0,48,QAUR,-0.039075640698391756,0.0
MG_L20_T2_C0,20,0.02,0.0,49,QAUR,0.013333278382513303,0.0
MG_L20_T2_C0,20,0.02,0.0,50,QAUR,-0.010747058086145955,0.0
MG_L20_T2_C0,20,0.02,0.0,51,QAUR,0.005209080118228737,0.0
MG_L20_T2_C0,20,0.02,0.0,52,QAUR,-0.0399677551045976,0.0
MG_L20_T2_C25,20,0.02,25.0,0,AUR,0.038734642223986704,1.0
MG_L20_T2_C25,20,0.02,25.0,1,AUR,-0.1473461990126016,0.0
MG_L20_T2_C25,20,0.02,25.0,2,AUR,-0.06762736003782344,0.0
MG_L20_T2_C25,20,0.02,25.0,3,AUR,-0.11402831344944675,0.0
MG_L20_T2_C25,20,0.02,25.0,4,AUR,0.0685274080468854,1.0
MG_L20_T2_C25,20,0.02,25.0,5,AUR,0.026821522127197683,1.0
MG_L20_T2_C25,20,0.02,25.0,6,AUR,-0.10494631480181837,0.0
MG_L20_T2_C25,20,0.02,25.0,7,AUR,-0.10888914515298753,0.0
MG_L20_T2_C25,20,0.02,25.0,8,AUR,-0.023103354016403288,0.0
MG_L20_T2_C25,20,0.02,25.0,9,AUR,-0.0519851743987606,0.0
MG_L20_T2_C25,20,0.02,25.0,10,AUR,0.0802990822643308,1.0
MG_L20_T2_C25,20,0.02,25.0,11,AUR,-0.008711538515415285,0.0
MG_L20_T2_C25,20,0.02,25.0,12,AUR,-0.002756384798810574,0.0
MG_L20_T2_C25,20,0.02,25.0,13,AUR,0.024021846522340073,1.0
MG_L20_T2_C25,20,0.02,25.0,14,AUR,0.1293279156773144,1.0
MG_L20_T2_C25,20,0.02,25.0,15,AUR,0.013837161739149506,0.0
MG_L20_T2_C25,20,0.02,25.0,16,AUR,0.04271832040199586,1.0
MG_L20_T2_C25,20,0.02,25.0,17,AUR,0.01690125446893287,0.0
MG_L20_T2_C25,20,0.02,25.0,18,AUR,-0.04243989455888264,0.0
MG_L20_T2_C25,20,0.02,25.0,19,AUR,-0.08220674747407741,0.0
MG_L20_T2_C25,20,0.02,25.0,20,AUR,0.03983426573014004,1.0
MG_L20_T2_C25,20,0.02,25.0,21,AUR,0.03109780137640361,1.0
MG_L20_T2_C25,20,0.02,25.0,22,AUR,-0.01285688004969432,0.0
MG_L20_T2_C25,20,0.02,25.0,23,AUR,0.03775342915175184,1.0
MG_L20_T2_C25,20,0.02,25.0,24,AUR,0.01891135508719488,0.0
MG_L20_T2_C25,20,0.02,25.0,25,AUR,-0.06251566979809231,0.0
MG_L20_T2_C25,20,0.02,25.0,26,AUR,0.061709180962184584,1.0
MG_L20_T2_C25,20,0.02,25.0,27,AUR,0.0013359232025098589,0.0
MG_L20_T2_C25,20,0.02,25.0,28,AUR,-0.06087892922579796,0.0
MG_L20_T2_C25,20,0.02,25.0,29,AUR,0.003063723753682579,0.0
MG_L20_T2_C25,20,0.02,25.0,30,AUR,0.007398333766777787,0.0
MG_L20_T2_C25,20,0.02,25.0,31,AUR,0.007175878845339767,0.0
MG_L20_T2_C25,20,0.02,25.0,32,AUR,0.011036716174821493,0.0
MG_L20_T2_C25,20,0.02,25.0,33,AUR,0.03458179937296735,1.0
MG_L20_T2_C25,20,0.02,25.0,34,AUR,-0.011780046746619144,0.0
MG_L20_T2_C25,20,0.02,25.0,35,AUR,0.07163553587416538,1.0
MG_L20_T2_C25,20,0.02,25.0,36,AUR,-0.015302174989076933,0.0
MG_L20_T2_C25,20,0.02,25.0,37,AUR,-0.07148422910107566,0.0
MG_L20_T2_C25,20,0.02,25.0,38,AUR,0.05708886149538195,1.0
MG_L20_T2_C25,20,0.02,25.0,39,AUR,0.010707527862465982,0.0
MG_L20_T2_C25,20,0.02,25.0,40,AUR,0.08379907805364795,1.0
MG_L20_T2_C25,20,0.02,25.0,41,AUR,0.0435487232807612,1.0
MG_L20_T2_C25,20,0.02,25.0,42,AUR,7.56095499103715e-05,0.0
MG_L20_T2_C25,20,0.02,25.0,43,AUR,-0.007470167452396037,0.0
MG_L20_T2_C25,20,0.02,25.0,44,AUR,0.01624546904792945,0.0
MG_L20_T2_C25,20,0.02,25.0,45,AUR,-0.004247158256413308,0.0
MG_L20_T2_C25,20,0.02,25.0,46,AUR,0.017501734296669458,0.0
MG_L20_T2_C25,20,0.02,25.0,47,AUR,0.014970499140492866,0.0
MG_L20_T2_C25,20,0.02,25.0,48,AUR,-0.039075640698391756,0.0
MG_L20_T2_C25,20,0.02,25.0,49,AUR,0.013333278382513303,0.0
MG_L20_T2_C25,20,0.02,25.0,50,AUR,-0.010747058086145955,0.0
MG_L20_T2_C25,20,0.02,25.0,51,AUR,0.005209080118228737,0.0
MG_L20_T2_C25,20,0.02,25.0,52,AUR,-0.0399677551045976,0.0
MG_L20_T2_C25,20,0.02,25.0,0,QAUR,0.038734642223986704,1.0
MG_L20_T2_C25,20,0.02,25.0,1,QAUR,-0.1473461990126016,0.0
MG_L20_T2_C25,20,0.02,25.0,2,QAUR,-0.06762736003782344,0.0
MG_L20_T2_C25,20,0.02,25.0,3,QAUR,-0.11402831344944675,0.0
MG_L20_T2_C25,20,0.02,25.0,4,QAUR,0.0685274080468854,1.0
MG_L20_T2_C25,20,0.02,25.0,5,QAUR,0.026821522127197683,1.0
MG_L20_T2_C25,20,0.02,25.0,6,QAUR,-0.10494631480181837,0.0
MG_L20_T2_C25,20,0.02,25.0,7,QAUR,-0.10888914515298753,0.0
MG_L20_T2_C25,20,0.02,25.0,8,QAUR,-0.023103354016403288,0.0
MG_L20_T2_C25,20,0.02,25.0,9,QAUR,-0.0519851743987606,0.0
MG_L20_T2_C25,20,0.02,25.0,10,QAUR,0.0802990822643308,1.0
MG_L20_T2_C25,20,0.02,25.0,11,QAUR,-0.008711538515415285,0.0
MG_L20_T2_C25,20,0.02,25.0,12,QAUR,-0.002756384798810574,0.0
MG_L20_T2_C25,20,0.02,25.0,13,QAUR,0.024021846522340073,1.0
MG_L20_T2_C25,20,0.02,25.0,14,QAUR,0.1293279156773144,1.0
MG_L20_T2_C25,20,0.02,25.0,15,QAUR,0.013837161739149506,0.0
MG_L20_T2_C25,20,0.02,25.0,16,QAUR,0.04271832040199586,1.0
MG_L20_T2_C25,20,0.02,25.0,17,QAUR,0.01690125446893287,0.0
MG_L20_T2_C25,20,0.02,25.0,18,QAUR,-0.04243989455888264,0.0
MG_L20_T2_C25,20,0.02,25.0,19,QAUR,-0.08220674747407741,0.0
MG_L20_T2_C25,20,0.02,25.0,20,QAUR,0.03983426573014004,1.0
MG_L20_T2_C25,20,0.02,25.0,21,QAUR,0.03109780137640361,1.0
MG_L20_T2_C25,20,0.02,25.0,22,QAUR,-0.01285688004969432,0.0
MG_L20_T2_C25,20,0.02,25.0,23,QAUR,0.03775342915175184,1.0
MG_L20_T2_C25,20,0.02,25.0,24,QAUR,0.01891135508719488,0.0
MG_L20_T2_C25,20,0.02,25.0,25,QAUR,-0.06251566979809231,0.0
MG_L20_T2_C25,20,0.02,25.0,26,QAUR,0.061709180962184584,1.0
MG_L20_T2_C25,20,0.02,25.0,27,QAUR,0.0013359232025098589,0.0
MG_L20_T2_C25,20,0.02,25.0,28,QAUR,-0.06087892922579796,0.0
MG_L20_T2_C25,20,0.02,25.0,29,QAUR,0.003063723753682579,0.0
MG_L20_T2_C25,20,0.02,25.0,30,QAUR,0.007398333766777787,0.0
MG_L20_T2_C25,20,0.02,25.0,31,QAUR,0.007175878845339767,0.0
MG_L20_T2_C25,20,0.02,25.0,32,QAUR,0.011036716174821493,0.0
MG_L20_T2_C25,20,0.02,25.0,33,QAUR,0.03458179937296735,1.0
MG_L20_T2_C25,20,0.02,25.0,34,QAUR,-0.011780046746619144,0.0
MG_L20_T2_C25,20,0.02,25.0,35,QAUR,0.07163553587416538,1.0
MG_L20_T2_C25,20,0.02,25.0,36,QAUR,-0.015302174989076933,0.0
MG_L20_T2_C25,20,0.02,25.0,37,QAUR,-0.07148422910107566,0.0
MG_L20_T2_C25,20,0.02,25.0,38,QAUR,0.05708886149538195,1.0
MG_L20_T2_C25,20,0.02,25.0,39,QAUR,0.010707527862465982,0.0
MG_L20_T2_C25,20,0.02,25.0,40,QAUR,0.08379907805364795,1.0
MG_L20_T2_C25,20,0.02,25.0,41,QAUR,0.0435487232807612,1.0
MG_L20_T2_C25,20,0.02,25.0,42,QAUR,7.56095499103715e-05,0.0
MG_L20_T2_C25,20,0.02,25.0,43,QAUR,-0.007470167452396037,0.0
MG_L20_T2_C25,20,0.02,25.0,44,QAUR,0.01624546904792945,0.0
MG_L20_T2_C25,20,0.02,25.0,45,QAUR,-0.004247158256413308,0.0
MG_L20_T2_C25,20,0.02,25.0,46,QAUR,0.017501734296669458,0.0
MG_L20_T2_C25,20,0.02,25.0,47,QAUR,0.014970499140492866,0.0
MG_L20_T2_C25,20,0.02,25.0,48,QAUR,-0.039075640698391756,0.0
MG_L20_T2_C25,20,0.02,25.0,49,QAUR,0.013333278382513303,0.0
MG_L20_T2_C25,20,0.02,25.0,50,QAUR,-0.010747058086145955,0.0
MG_L20_T2_C25,20,0.02,25.0,51,QAUR,0.005209080118228737,0.0
MG_L20_T2_C25,20,0.02,25.0,52,QAUR,-0.0399677551045976,0.0
MG_L20_T2_C50,20,0.02,50.0,0,AUR,0.038734642223986704,1.0
MG_L20_T2_C50,20,0.02,50.0,1,AUR,-0.1473461990126016,0.0
MG_L20_T2_C50,20,0.02,50.0,2,AUR,-0.06762736003782344,0.0
MG_L20_T2_C50,20,0.02,50.0,3,AUR,-0.11402831344944675,0.0
MG_L20_T2_C50,20,0.02,50.0,4,AUR,0.0685274080468854,1.0
MG_L20_T2_C50,20,0.02,50.0,5,AUR,0.026821522127197683,1.0
MG_L20_T2_C50,20,0.02,50.0,6,AUR,-0.10494631480181837,0.0
MG_L20_T2_C50,20,0.02,50.0,7,AUR,-0.10888914515298753,0.0
MG_L20_T2_C50,20,0.02,50.0,8,AUR,-0.023103354016403288,0.0
MG_L20_T2_C50,20,0.02,50.0,9,AUR,-0.0519851743987606,0.0
MG_L20_T2_C50,20,0.02,50.0,10,AUR,0.0802990822643308,1.0
MG_L20_T2_C50,20,0.02,50.0,11,AUR,-0.008711538515415285,0.0
MG_L20_T2_C50,20,0.02,50.0,12,AUR,-0.002756384798810574,0.0
MG_L20_T2_C50,20,0.02,50.0,13,AUR,0.024021846522340073,1.0
MG_L20_T2_C50,20,0.02,50.0,14,AUR,0.1293279156773144,1.0
MG_L20_T2_C50,20,0.02,50.0,15,AUR,0.013837161739149506,0.0
MG_L20_T2_C50,20,0.02,50.0,16,AUR,0.04271832040199586,1.0
MG_L20_T2_C50,20,0.02,50.0,17,AUR,0.01690125446893287,0.0
MG_L20_T2_C50,20,0.02,50.0,18,AUR,-0.04243989455888264,0.0
MG_L20_T2_C50,20,0.02,50.0,19,AUR,-0.08220674747407741,0.0
MG_L20_T2_C50,20,0.02,50.0,20,AUR,0.03983426573014004,1.0
MG_L20_T2_C50,20,0.02,50.0,21,AUR,0.03109780137640361,1.0
MG_L20_T2_C50,20,0.02,50.0,22,AUR,-0.01285688004969432,0.0
MG_L20_T2_C50,20,0.02,50.0,23,AUR,0.03775342915175184,1.0
MG_L20_T2_C50,20,0.02,50.0,24,AUR,0.01891135508719488,0.0
MG_L20_T2_C50,20,0.02,50.0,25,AUR,-0.06251566979809231,0.0
MG_L20_T2_C50,20,0.02,50.0,26,AUR,0.061709180962184584,1.0
MG_L20_T2_C50,20,0.02,50.0,27,AUR,0.0013359232025098589,0.0
MG_L20_T2_C50,20,0.02,50.0,28,AUR,-0.06087892922579796,0.0
MG_L20_T2_C50,20,0.02,50.0,29,AUR,0.003063723753682579,0.0
MG_L20_T2_C50,20,0.02,50.0,30,AUR,0.007398333766777787,0.0
MG_L20_T2_C50,20,0.02,50.0,31,AUR,0.007175878845339767,0.0
MG_L20_T2_C50,20,0.02,50.0,32,AUR,0.011036716174821493,0.0
MG_L20_T2_C50,20,0.02,50.0,33,AUR,0.03458179937296735,1.0
MG_L20_T2_C50,20,0.02,50.0,34,AUR,-0.011780046746619144,0.0
MG_L20_T2_C50,20,0.02,50.0,35,AUR,0.07163553587416538,1.0
MG_L20_T2_C50,20,0.02,50.0,36,AUR,-0.015302174989076933,0.0
MG_L20_T2_C50,20,0.02,50.0,37,AUR,-0.07148422910107566,0.0
MG_L20_T2_C50,20,0.02,50.0,38,AUR,0.05708886149538195,1.0
MG_L20_T2_C50,20,0.02,50.0,39,AUR,0.010707527862465982,0.0
MG_L20_T2_C50,20,0.02,50.0,40,AUR,0.08379907805364795,1.0
MG_L20_T2_C50,20,0.02,50.0,41,AUR,0.0435487232807612,1.0
MG_L20_T2_C50,20,0.02,50.0,42,AUR,7.56095499103715e-05,0.0
MG_L20_T2_C50,20,0.02,50.0,43,AUR,-0.007470167452396037,0.0
MG_L20_T2_C50,20,0.02,50.0,44,AUR,0.01624546904792945,0.0
MG_L20_T2_C50,20,0.02,50.0,45,AUR,-0.004247158256413308,0.0
MG_L20_T2_C50,20,0.02,50.0,46,AUR,0.017501734296669458,0.0
MG_L20_T2_C50,20,0.02,50.0,47,AUR,0.014970499140492866,0.0
MG_L20_T2_C50,20,0.02,50.0,48,AUR,-0.039075640698391756,0.0
MG_L20_T2_C50,20,0.02,50.0,49,AUR,0.013333278382513303,0.0
MG_L20_T2_C50,20,0.02,50.0,50,AUR,-0.010747058086145955,0.0
MG_L20_T2_C50,20,0.02,50.0,51,AUR,0.005209080118228737,0.0
MG_L20_T2_C50,20,0.02,50.0,52,AUR,-0.0399677551045976,0.0
MG_L20_T2_C50,20,0.02,50.0,0,QAUR,0.038734642223986704,1.0
MG_L20_T2_C50,20,0.02,50.0,1,QAUR,-0.1473461990126016,0.0
MG_L20_T2_C50,20,0.02,50.0,2,QAUR,-0.06762736003782344,0.0
MG_L20_T2_C50,20,0.02,50.0,3,QAUR,-0.11402831344944675,0.0
MG_L20_T2_C50,20,0.02,50.0,4,QAUR,0.0685274080468854,1.0
MG_L20_T2_C50,20,0.02,50.0,5,QAUR,0.026821522127197683,1.0
MG_L20_T2_C50,20,0.02,50.0,6,QAUR,-0.10494631480181837,0.0
MG_L20_T2_C50,20,0.02,50.0,7,QAUR,-0.10888914515298753,0.0
MG_L20_T2_C50,20,0.02,50.0,8,QAUR,-0.023103354016403288,0.0
MG_L20_T2_C50,20,0.02,50.0,9,QAUR,-0.0519851743987606,0.0
MG_L20_T2_C50,20,0.02,50.0,10,QAUR,0.0802990822643308,1.0
MG_L20_T2_C50,20,0.02,50.0,11,QAUR,-0.008711538515415285,0.0
MG_L20_T2_C50,20,0.02,50.0,12,QAUR,-0.002756384798810574,0.0
MG_L20_T2_C50,20,0.02,50.0,13,QAUR,0.024021846522340073,1.0
MG_L20_T2_C50,20,0.02,50.0,14,QAUR,0.1293279156773144,1.0
MG_L20_T2_C50,20,0.02,50.0,15,QAUR,0.013837161739149506,0.0
MG_L20_T2_C50,20,0.02,50.0,16,QAUR,0.04271832040199586,1.0
MG_L20_T2_C50,20,0.02,50.0,17,QAUR,0.01690125446893287,0.0
MG_L20_T2_C50,20,0.02,50.0,18,QAUR,-0.04243989455888264,0.0
MG_L20_T2_C50,20,0.02,50.0,19,QAUR,-0.08220674747407741,0.0
MG_L20_T2_C50,20,0.02,50.0,20,QAUR,0.03983426573014004,1.0
MG_L20_T2_C50,20,0.02,50.0,21,QAUR,0.03109780137640361,1.0
MG_L20_T2_C50,20,0.02,50.0,22,QAUR,-0.01285688004969432,0.0
MG_L20_T2_C50,20,0.02,50.0,23,QAUR,0.03775342915175184,1.0
MG_L20_T2_C50,20,0.02,50.0,24,QAUR,0.01891135508719488,0.0
MG_L20_T2_C50,20,0.02,50.0,25,QAUR,-0.06251566979809231,0.0
MG_L20_T2_C50,20,0.02,50.0,26,QAUR,0.061709180962184584,1.0
MG_L20_T2_C50,20,0.02,50.0,27,QAUR,0.0013359232025098589,0.0
MG_L20_T2_C50,20,0.02,50.0,28,QAUR,-0.06087892922579796,0.0
MG_L20_T2_C50,20,0.02,50.0,29,QAUR,0.003063723753682579,0.0
MG_L20_T2_C50,20,0.02,50.0,30,QAUR,0.007398333766777787,0.0
MG_L20_T2_C50,20,0.02,50.0,31,QAUR,0.007175878845339767,0.0
MG_L20_T2_C50,20,0.02,50.0,32,QAUR,0.011036716174821493,0.0
MG_L20_T2_C50,20,0.02,50.0,33,QAUR,0.03458179937296735,1.0
MG_L20_T2_C50,20,0.02,50.0,34,QAUR,-0.011780046746619144,0.0
MG_L20_T2_C50,20,0.02,50.0,35,QAUR,0.07163553587416538,1.0
MG_L20_T2_C50,20,0.02,50.0,36,QAUR,-0.015302174989076933,0.0
MG_L20_T2_C50,20,0.02,50.0,37,QAUR,-0.07148422910107566,0.0
MG_L20_T2_C50,20,0.02,50.0,38,QAUR,0.05708886149538195,1.0
MG_L20_T2_C50,20,0.02,50.0,39,QAUR,0.010707527862465982,0.0
MG_L20_T2_C50,20,0.02,50.0,40,QAUR,0.08379907805364795,1.0
MG_L20_T2_C50,20,0.02,50.0,41,QAUR,0.0435487232807612,1.0
MG_L20_T2_C50,20,0.02,50.0,42,QAUR,7.56095499103715e-05,0.0
MG_L20_T2_C50,20,0.02,50.0,43,QAUR,-0.007470167452396037,0.0
MG_L20_T2_C50,20,0.02,50.0,44,QAUR,0.01624546904792945,0.0
MG_L20_T2_C50,20,0.02,50.0,45,QAUR,-0.004247158256413308,0.0
MG_L20_T2_C50,20,0.02,50.0,46,QAUR,0.017501734296669458,0.0
MG_L20_T2_C50,20,0.02,50.0,47,QAUR,0.014970499140492866,0.0
MG_L20_T2_C50,20,0.02,50.0,48,QAUR,-0.039075640698391756,0.0
MG_L20_T2_C50,20,0.02,50.0,49,QAUR,0.013333278382513303,0.0
MG_L20_T2_C50,20,0.02,50.0,50,QAUR,-0.010747058086145955,0.0
MG_L20_T2_C50,20,0.02,50.0,51,QAUR,0.005209080118228737,0.0
MG_L20_T2_C50,20,0.02,50.0,52,QAUR,-0.0399677551045976,0.0
MG_L20_T2_C100,20,0.02,100.0,0,AUR,0.038734642223986704,1.0
MG_L20_T2_C100,20,0.02,100.0,1,AUR,-0.1473461990126016,0.0
MG_L20_T2_C100,20,0.02,100.0,2,AUR,-0.06762736003782344,0.0
MG_L20_T2_C100,20,0.02,100.0,3,AUR,-0.11402831344944675,0.0
MG_L20_T2_C100,20,0.02,100.0,4,AUR,0.0685274080468854,1.0
MG_L20_T2_C100,20,0.02,100.0,5,AUR,0.026821522127197683,1.0
MG_L20_T2_C100,20,0.02,100.0,6,AUR,-0.10494631480181837,0.0
MG_L20_T2_C100,20,0.02,100.0,7,AUR,-0.10888914515298753,0.0
MG_L20_T2_C100,20,0.02,100.0,8,AUR,-0.023103354016403288,0.0
MG_L20_T2_C100,20,0.02,100.0,9,AUR,-0.0519851743987606,0.0
MG_L20_T2_C100,20,0.02,100.0,10,AUR,0.0802990822643308,1.0
MG_L20_T2_C100,20,0.02,100.0,11,AUR,-0.008711538515415285,0.0
MG_L20_T2_C100,20,0.02,100.0,12,AUR,-0.002756384798810574,0.0
MG_L20_T2_C100,20,0.02,100.0,13,AUR,0.024021846522340073,1.0
MG_L20_T2_C100,20,0.02,100.0,14,AUR,0.1293279156773144,1.0
MG_L20_T2_C100,20,0.02,100.0,15,AUR,0.013837161739149506,0.0
MG_L20_T2_C100,20,0.02,100.0,16,AUR,0.04271832040199586,1.0
MG_L20_T2_C100,20,0.02,100.0,17,AUR,0.01690125446893287,0.0
MG_L20_T2_C100,20,0.02,100.0,18,AUR,-0.04243989455888264,0.0
MG_L20_T2_C100,20,0.02,100.0,19,AUR,-0.08220674747407741,0.0
MG_L20_T2_C100,20,0.02,100.0,20,AUR,0.03983426573014004,1.0
MG_L20_T2_C100,20,0.02,100.0,21,AUR,0.03109780137640361,1.0
MG_L20_T2_C100,20,0.02,100.0,22,AUR,-0.01285688004969432,0.0
MG_L20_T2_C100,20,0.02,100.0,23,AUR,0.03775342915175184,1.0
MG_L20_T2_C100,20,0.02,100.0,24,AUR,0.01891135508719488,0.0
MG_L20_T2_C100,20,0.02,100.0,25,AUR,-0.06251566979809231,0.0
MG_L20_T2_C100,20,0.02,100.0,26,AUR,0.061709180962184584,1.0
MG_L20_T2_C100,20,0.02,100.0,27,AUR,0.0013359232025098589,0.0
MG_L20_T2_C100,20,0.02,100.0,28,AUR,-0.06087892922579796,0.0
MG_L20_T2_C100,20,0.02,100.0,29,AUR,0.003063723753682579,0.0
MG_L20_T2_C100,20,0.02,100.0,30,AUR,0.007398333766777787,0.0
MG_L20_T2_C100,20,0.02,100.0,31,AUR,0.007175878845339767,0.0
MG_L20_T2_C100,20,0.02,100.0,32,AUR,0.011036716174821493,0.0
MG_L20_T2_C100,20,0.02,100.0,33,AUR,0.03458179937296735,1.0
MG_L20_T2_C100,20,0.02,100.0,34,AUR,-0.011780046746619144,0.0
MG_L20_T2_C100,20,0.02,100.0,35,AUR,0.07163553587416538,1.0
MG_L20_T2_C100,20,0.02,100.0,36,AUR,-0.015302174989076933,0.0
MG_L20_T2_C100,20,0.02,100.0,37,AUR,-0.07148422910107566,0.0
MG_L20_T2_C100,20,0.02,100.0,38,AUR,0.05708886149538195,1.0
MG_L20_T2_C100,20,0.02,100.0,39,AUR,0.010707527862465982,0.0
MG_L20_T2_C100,20,0.02,100.0,40,AUR,0.08379907805364795,1.0
MG_L20_T2_C100,20,0.02,100.0,41,AUR,0.0435487232807612,1.0
MG_L20_T2_C100,20,0.02,100.0,42,AUR,7.56095499103715e-05,0.0
MG_L20_T2_C100,20,0.02,100.0,43,AUR,-0.007470167452396037,0.0
MG_L20_T2_C100,20,0.02,100.0,44,AUR,0.01624546904792945,0.0
MG_L20_T2_C100,20,0.02,100.0,45,AUR,-0.004247158256413308,0.0
MG_L20_T2_C100,20,0.02,100.0,46,AUR,0.017501734296669458,0.0
MG_L20_T2_C100,20,0.02,100.0,47,AUR,0.014970499140492866,0.0
MG_L20_T2_C100,20,0.02,100.0,48,AUR,-0.039075640698391756,0.0
MG_L20_T2_C100,20,0.02,100.0,49,AUR,0.013333278382513303,0.0
MG_L20_T2_C100,20,0.02,100.0,50,AUR,-0.010747058086145955,0.0
MG_L20_T2_C100,20,0.02,100.0,51,AUR,0.005209080118228737,0.0
MG_L20_T2_C100,20,0.02,100.0,52,AUR,-0.0399677551045976,0.0
MG_L20_T2_C100,20,0.02,100.0,0,QAUR,0.038734642223986704,1.0
MG_L20_T2_C100,20,0.02,100.0,1,QAUR,-0.1473461990126016,0.0
MG_L20_T2_C100,20,0.02,100.0,2,QAUR,-0.06762736003782344,0.0
MG_L20_T2_C100,20,0.02,100.0,3,QAUR,-0.11402831344944675,0.0
MG_L20_T2_C100,20,0.02,100.0,4,QAUR,0.0685274080468854,1.0
MG_L20_T2_C100,20,0.02,100.0,5,QAUR,0.026821522127197683,1.0
MG_L20_T2_C100,20,0.02,100.0,6,QAUR,-0.10494631480181837,0.0
MG_L20_T2_C100,20,0.02,100.0,7,QAUR,-0.10888914515298753,0.0
MG_L20_T2_C100,20,0.02,100.0,8,QAUR,-0.023103354016403288,0.0
MG_L20_T2_C100,20,0.02,100.0,9,QAUR,-0.0519851743987606,0.0
MG_L20_T2_C100,20,0.02,100.0,10,QAUR,0.0802990822643308,1.0
MG_L20_T2_C100,20,0.02,100.0,11,QAUR,-0.008711538515415285,0.0
MG_L20_T2_C100,20,0.02,100.0,12,QAUR,-0.002756384798810574,0.0
MG_L20_T2_C100,20,0.02,100.0,13,QAUR,0.024021846522340073,1.0
MG_L20_T2_C100,20,0.02,100.0,14,QAUR,0.1293279156773144,1.0
MG_L20_T2_C100,20,0.02,100.0,15,QAUR,0.013837161739149506,0.0
MG_L20_T2_C100,20,0.02,100.0,16,QAUR,0.04271832040199586,1.0
MG_L20_T2_C100,20,0.02,100.0,17,QAUR,0.01690125446893287,0.0
MG_L20_T2_C100,20,0.02,100.0,18,QAUR,-0.04243989455888264,0.0
MG_L20_T2_C100,20,0.02,100.0,19,QAUR,-0.08220674747407741,0.0
MG_L20_T2_C100,20,0.02,100.0,20,QAUR,0.03983426573014004,1.0
MG_L20_T2_C100,20,0.02,100.0,21,QAUR,0.03109780137640361,1.0
MG_L20_T2_C100,20,0.02,100.0,22,QAUR,-0.01285688004969432,0.0
MG_L20_T2_C100,20,0.02,100.0,23,QAUR,0.03775342915175184,1.0
MG_L20_T2_C100,20,0.02,100.0,24,QAUR,0.01891135508719488,0.0
MG_L20_T2_C100,20,0.02,100.0,25,QAUR,-0.06251566979809231,0.0
MG_L20_T2_C100,20,0.02,100.0,26,QAUR,0.061709180962184584,1.0
MG_L20_T2_C100,20,0.02,100.0,27,QAUR,0.0013359232025098589,0.0
MG_L20_T2_C100,20,0.02,100.0,28,QAUR,-0.06087892922579796,0.0
MG_L20_T2_C100,20,0.02,100.0,29,QAUR,0.003063723753682579,0.0
MG_L20_T2_C100,20,0.02,100.0,30,QAUR,0.007398333766777787,0.0
MG_L20_T2_C100,20,0.02,100.0,31,QAUR,0.007175878845339767,0.0
MG_L20_T2_C100,20,0.02,100.0,32,QAUR,0.011036716174821493,0.0
MG_L20_T2_C100,20,0.02,100.0,33,QAUR,0.03458179937296735,1.0
MG_L20_T2_C100,20,0.02,100.0,34,QAUR,-0.011780046746619144,0.0
MG_L20_T2_C100,20,0.02,100.0,35,QAUR,0.07163553587416538,1.0
MG_L20_T2_C100,20,0.02,100.0,36,QAUR,-0.015302174989076933,0.0
MG_L20_T2_C100,20,0.02,100.0,37,QAUR,-0.07148422910107566,0.0
MG_L20_T2_C100,20,0.02,100.0,38,QAUR,0.05708886149538195,1.0
MG_L20_T2_C100,20,0.02,100.0,39,QAUR,0.010707527862465982,0.0
MG_L20_T2_C100,20,0.02,100.0,40,QAUR,0.08379907805364795,1.0
MG_L20_T2_C100,20,0.02,100.0,41,QAUR,0.0435487232807612,1.0
MG_L20_T2_C100,20,0.02,100.0,42,QAUR,7.56095499103715e-05,0.0
MG_L20_T2_C100,20,0.02,100.0,43,QAUR,-0.007470167452396037,0.0
MG_L20_T2_C100,20,0.02,100.0,44,QAUR,0.01624546904792945,0.0
MG_L20_T2_C100,20,0.02,100.0,45,QAUR,-0.004247158256413308,0.0
MG_L20_T2_C100,20,0.02,100.0,46,QAUR,0.017501734296669458,0.0
MG_L20_T2_C100,20,0.02,100.0,47,QAUR,0.014970499140492866,0.0
MG_L20_T2_C100,20,0.02,100.0,48,QAUR,-0.039075640698391756,0.0
MG_L20_T2_C100,20,0.02,100.0,49,QAUR,0.013333278382513303,0.0
MG_L20_T2_C100,20,0.02,100.0,50,QAUR,-0.010747058086145955,0.0
MG_L20_T2_C100,20,0.02,100.0,51,QAUR,0.005209080118228737,0.0
MG_L20_T2_C100,20,0.02,100.0,52,QAUR,-0.0399677551045976,0.0
MG_L30_T-2_C0,30,-0.02,0.0,0,AUR,0.09147315131480638,1.0
MG_L30_T-2_C0,30,-0.02,0.0,1,AUR,-0.130001579832126,0.0
MG_L30_T-2_C0,30,-0.02,0.0,2,AUR,-0.14080594425139403,0.0
MG_L30_T-2_C0,30,-0.02,0.0,3,AUR,-0.09177477008190527,0.0
MG_L30_T-2_C0,30,-0.02,0.0,4,AUR,0.11409139778866861,1.0
MG_L30_T-2_C0,30,-0.02,0.0,5,AUR,0.07103619050972099,1.0
MG_L30_T-2_C0,30,-0.02,0.0,6,AUR,-0.10817215022286031,0.0
MG_L30_T-2_C0,30,-0.02,0.0,7,AUR,-0.2008003722511168,0.0
MG_L30_T-2_C0,30,-0.02,0.0,8,AUR,-0.09764707062324074,0.0
MG_L30_T-2_C0,30,-0.02,0.0,9,AUR,0.09512151824426729,1.0
MG_L30_T-2_C0,30,-0.02,0.0,10,AUR,0.03170827193265624,1.0
MG_L30_T-2_C0,30,-0.02,0.0,11,AUR,0.03592080452651669,1.0
MG_L30_T-2_C0,30,-0.02,0.0,12,AUR,-0.00391085762398069,1.0
MG_L30_T-2_C0,30,-0.02,0.0,13,AUR,0.014897676467314103,1.0
MG_L30_T-2_C0,30,-0.02,0.0,14,AUR,0.13620413433401857,1.0
MG_L30_T-2_C0,30,-0.02,0.0,15,AUR,0.0931364121141185,1.0
MG_L30_T-2_C0,30,-0.02,0.0,16,AUR,0.05271473013604533,1.0
MG_L30_T-2_C0,30,-0.02,0.0,17,AUR,0.04692701211276806,1.0
MG_L30_T-2_C0,30,-0.02,0.0,18,AUR,-0.07638485168132958,0.0
MG_L30_T-2_C0,30,-0.02,0.0,19,AUR,-0.14226807364052918,0.0
MG_L30_T-2_C0,30,-0.02,0.0,20,AUR,-0.004822411899847223,1.0
MG_L30_T-2_C0,30,-0.02,0.0,21,AUR,0.03930371974382085,1.0
MG_L30_T-2_C0,30,-0.02,0.0,22,AUR,0.020432119435934926,1.0
MG_L30_T-2_C0,30,-0.02,0.0,23,AUR,0.0377803398340526,1.0
MG_L30_T-2_C0,30,-0.02,0.0,24,AUR,0.04302761093162988,1.0
MG_L30_T-2_C0,30,-0.02,0.0,25,AUR,-0.044526337140654904,0.0
MG_L30_T-2_C0,30,-0.02,0.0,26,AUR,0.05500683389223582,1.0
MG_L30_T-2_C0,30,-0.02,0.0,27,AUR,0.024261994919728913,1.0
MG_L30_T-2_C0,30,-0.02,0.0,28,AUR,-0.06360496767309076,0.0
MG_L30_T-2_C0,30,-0.02,0.0,29,AUR,-0.042160670007913126,0.0
MG_L30_T-2_C0,30,-0.02,0.0,30,AUR,0.00938647198194209,1.0
MG_L30_T-2_C0,30,-0.02,0.0,31,AUR,0.005396174323750946,1.0
MG_L30_T-2_C0,30,-0.02,0.0,32,AUR,0.010980076795036542,1.0
MG_L30_T-2_C0,30,-0.02,0.0,33,AUR,0.0580317290338046,1.0
MG_L30_T-2_C0,30,-0.02,0.0,34,AUR,0.008645211830568877,1.0
MG_L30_T-2_C0,30,-0.02,0.0,35,AUR,0.08754876887216367,1.0
MG_L30_T-2_C0,30,-0.02,0.0,36,AUR,0.00848867722709512,1.0
MG_L30_T-2_C0,30,-0.02,0.0,37,AUR,-0.08134507696186388,0.0
MG_L30_T-2_C0,30,-0.02,0.0,38,AUR,0.07268908997827261,1.0
MG_L30_T-2_C0,30,-0.02,0.0,39,AUR,0.04366618978347092,1.0
MG_L30_T-2_C0,30,-0.02,0.0,40,AUR,0.10081369076385793,1.0
MG_L30_T-2_C0,30,-0.02,0.0,41,AUR,0.06760704478325508,1.0
MG_L30_T-2_C0,30,-0.02,0.0,42,AUR,0.009747704049341,1.0
MG_L30_T-2_C0,30,-0.02,0.0,43,AUR,-0.03173028365208308,0.0
MG_L30_T-2_C0,30,-0.02,0.0,44,AUR,0.03892282426212157,1.0
MG_L30_T-2_C0,30,-0.02,0.0,45,AUR,0.007100792207989537,1.0
MG_L30_T-2_C0,30,-0.02,0.0,46,AUR,0.028277882195941517,1.0
MG_L30_T-2_C0,30,-0.02,0.0,47,AUR,0.0289756740436502,1.0
MG_L30_T-2_C0,30,-0.02,0.0,48,AUR,-0.023402721203916732,0.0
MG_L30_T-2_C0,30,-0.02,0.0,49,AUR,0.008201866397478996,1.0
MG_L30_T-2_C0,30,-0.02,0.0,50,AUR,-0.008845996241597653,1.0
MG_L30_T-2_C0,30,-0.02,0.0,51,AUR,0.002656941114178135,1.0
MG_L30_T-2_C0,30,-0.02,0.0,52,AUR,-0.040424827419010434,0.0
MG_L30_T-2_C0,30,-0.02,0.0,0,QAUR,0.09147315131480638,1.0
MG_L30_T-2_C0,30,-0.02,0.0,1,QAUR,-0.130001579832126,0.0
MG_L30_T-2_C0,30,-0.02,0.0,2,QAUR,-0.14080594425139403,0.0
MG_L30_T-2_C0,30,-0.02,0.0,3,QAUR,-0.09177477008190527,0.0
MG_L30_T-2_C0,30,-0.02,0.0,4,QAUR,0.11409139778866861,1.0
MG_L30_T-2_C0,30,-0.02,0.0,5,QAUR,0.07103619050972099,1.0
MG_L30_T-2_C0,30,-0.02,0.0,6,QAUR,-0.10817215022286031,0.0
MG_L30_T-2_C0,30,-0.02,0.0,7,QAUR,-0.2008003722511168,0.0
MG_L30_T-2_C0,30,-0.02,0.0,8,QAUR,-0.09764707062324074,0.0
MG_L30_T-2_C0,30,-0.02,0.0,9,QAUR,0.09512151824426729,1.0
MG_L30_T-2_C0,30,-0.02,0.0,10,QAUR,0.03170827193265624,1.0
MG_L30_T-2_C0,30,-0.02,0.0,11,QAUR,0.03592080452651669,1.0
MG_L30_T-2_C0,30,-0.02,0.0,12,QAUR,-0.00391085762398069,1.0
MG_L30_T-2_C0,30,-0.02,0.0,13,QAUR,0.014897676467314103,1.0
MG_L30_T-2_C0,30,-0.02,0.0,14,QAUR,0.13620413433401857,1.0
MG_L30_T-2_C0,30,-0.02,0.0,15,QAUR,0.0931364121141185,1.0
MG_L30_T-2_C0,30,-0.02,0.0,16,QAUR,0.05271473013604533,1.0
MG_L30_T-2_C0,30,-0.02,0.0,17,QAUR,0.04692701211276806,1.0
MG_L30_T-2_C0,30,-0.02,0.0,18,QAUR,-0.07638485168132958,0.0
MG_L30_T-2_C0,30,-0.02,0.0,19,QAUR,-0.14226807364052918,0.0
MG_L30_T-2_C0,30,-0.02,0.0,20,QAUR,-0.004822411899847223,1.0
MG_L30_T-2_C0,30,-0.02,0.0,21,QAUR,0.03930371974382085,1.0
MG_L30_T-2_C0,30,-0.02,0.0,22,QAUR,0.020432119435934926,1.0
MG_L30_T-2_C0,30,-0.02,0.0,23,QAUR,0.0377803398340526,1.0
MG_L30_T-2_C0,30,-0.02,0.0,24,QAUR,0.04302761093162988,1.0
MG_L30_T-2_C0,30,-0.02,0.0,25,QAUR,-0.044526337140654904,0.0
MG_L30_T-2_C0,30,-0.02,0.0,26,QAUR,0.05500683389223582,1.0
MG_L30_T-2_C0,30,-0.02,0.0,27,QAUR,0.024261994919728913,1.0
MG_L30_T-2_C0,30,-0.02,0.0,28,QAUR,-0.06360496767309076,0.0
MG_L30_T-2_C0,30,-0.02,0.0,29,QAUR,-0.042160670007913126,0.0
MG_L30_T-2_C0,30,-0.02,0.0,30,QAUR,0.00938647198194209,1.0
MG_L30_T-2_C0,30,-0.02,0.0,31,QAUR,0.005396174323750946,1.0
MG_L30_T-2_C0,30,-0.02,0.0,32,QAUR,0.010980076795036542,1.0
MG_L30_T-2_C0,30,-0.02,0.0,33,QAUR,0.0580317290338046,1.0
MG_L30_T-2_C0,30,-0.02,0.0,34,QAUR,0.008645211830568877,1.0
MG_L30_T-2_C0,30,-0.02,0.0,35,QAUR,0.08754876887216367,1.0
MG_L30_T-2_C0,30,-0.02,0.0,36,QAUR,0.00848867722709512,1.0
MG_L30_T-2_C0,30,-0.02,0.0,37,QAUR,-0.08134507696186388,0.0
MG_L30_T-2_C0,30,-0.02,0.0,38,QAUR,0.07268908997827261,1.0
MG_L30_T-2_C0,30,-0.02,0.0,39,QAUR,0.04366618978347092,1.0
MG_L30_T-2_C0,30,-0.02,0.0,40,QAUR,0.10081369076385793,1.0
MG_L30_T-2_C0,30,-0.02,0.0,41,QAUR,0.06760704478325508,1.0
MG_L30_T-2_C0,30,-0.02,0.0,42,QAUR,0.009747704049341,1.0
MG_L30_T-2_C0,30,-0.02,0.0,43,QAUR,-0.03173028365208308,0.0
MG_L30_T-2_C0,30,-0.02,0.0,44,QAUR,0.03892282426212157,1.0
MG_L30_T-2_C0,30,-0.02,0.0,45,QAUR,0.007100792207989537,1.0
MG_L30_T-2_C0,30,-0.02,0.0,46,QAUR,0.028277882195941517,1.0
MG_L30_T-2_C0,30,-0.02,0.0,47,QAUR,0.0289756740436502,1.0
MG_L30_T-2_C0,30,-0.02,0.0,48,QAUR,-0.023402721203916732,0.0
MG_L30_T-2_C0,30,-0.02,0.0,49,QAUR,0.008201866397478996,1.0
MG_L30_T-2_C0,30,-0.02,0.0,50,QAUR,-0.008845996241597653,1.0
MG_L30_T-2_C0,30,-0.02,0.0,51,QAUR,0.002656941114178135,1.0
MG_L30_T-2_C0,30,-0.02,0.0,52,QAUR,-0.040424827419010434,0.0
MG_L30_T-2_C25,30,-0.02,25.0,0,AUR,0.09147315131480638,1.0
MG_L30_T-2_C25,30,-0.02,25.0,1,AUR,-0.130001579832126,0.0
MG_L30_T-2_C25,30,-0.02,25.0,2,AUR,-0.14080594425139403,0.0
MG_L30_T-2_C25,30,-0.02,25.0,3,AUR,-0.09177477008190527,0.0
MG_L30_T-2_C25,30,-0.02,25.0,4,AUR,0.11409139778866861,1.0
MG_L30_T-2_C25,30,-0.02,25.0,5,AUR,0.07103619050972099,1.0
MG_L30_T-2_C25,30,-0.02,25.0,6,AUR,-0.10817215022286031,0.0
MG_L30_T-2_C25,30,-0.02,25.0,7,AUR,-0.2008003722511168,0.0
MG_L30_T-2_C25,30,-0.02,25.0,8,AUR,-0.09764707062324074,0.0
MG_L30_T-2_C25,30,-0.02,25.0,9,AUR,0.09512151824426729,1.0
MG_L30_T-2_C25,30,-0.02,25.0,10,AUR,0.03170827193265624,1.0
MG_L30_T-2_C25,30,-0.02,25.0,11,AUR,0.03592080452651669,1.0
MG_L30_T-2_C25,30,-0.02,25.0,12,AUR,-0.00391085762398069,1.0
MG_L30_T-2_C25,30,-0.02,25.0,13,AUR,0.014897676467314103,1.0
MG_L30_T-2_C25,30,-0.02,25.0,14,AUR,0.13620413433401857,1.0
MG_L30_T-2_C25,30,-0.02,25.0,15,AUR,0.0931364121141185,1.0
MG_L30_T-2_C25,30,-0.02,25.0,16,AUR,0.05271473013604533,1.0
MG_L30_T-2_C25,30,-0.02,25.0,17,AUR,0.04692701211276806,1.0
MG_L30_T-2_C25,30,-0.02,25.0,18,AUR,-0.07638485168132958,0.0
MG_L30_T-2_C25,30,-0.02,25.0,19,AUR,-0.14226807364052918,0.0
MG_L30_T-2_C25,30,-0.02,25.0,20,AUR,-0.004822411899847223,1.0
MG_L30_T-2_C25,30,-0.02,25.0,21,AUR,0.03930371974382085,1.0
MG_L30_T-2_C25,30,-0.02,25.0,22,AUR,0.020432119435934926,1.0
MG_L30_T-2_C25,30,-0.02,25.0,23,AUR,0.0377803398340526,1.0
MG_L30_T-2_C25,30,-0.02,25.0,24,AUR,0.04302761093162988,1.0
MG_L30_T-2_C25,30,-0.02,25.0,25,AUR,-0.044526337140654904,0.0
MG_L30_T-2_C25,30,-0.02,25.0,26,AUR,0.05500683389223582,1.0
MG_L30_T-2_C25,30,-0.02,25.0,27,AUR,0.024261994919728913,1.0
MG_L30_T-2_C25,30,-0.02,25.0,28,AUR,-0.06360496767309076,0.0
MG_L30_T-2_C25,30,-0.02,25.0,29,AUR,-0.042160670007913126,0.0
MG_L30_T-2_C25,30,-0.02,25.0,30,AUR,0.00938647198194209,1.0
MG_L30_T-2_C25,30,-0.02,25.0,31,AUR,0.005396174323750946,1.0
MG_L30_T-2_C25,30,-0.02,25.0,32,AUR,0.010980076795036542,1.0
MG_L30_T-2_C25,30,-0.02,25.0,33,AUR,0.0580317290338046,1.0
MG_L30_T-2_C25,30,-0.02,25.0,34,AUR,0.008645211830568877,1.0
MG_L30_T-2_C25,30,-0.02,25.0,35,AUR,0.08754876887216367,1.0
MG_L30_T-2_C25,30,-0.02,25.0,36,AUR,0.00848867722709512,1.0
MG_L30_T-2_C25,30,-0.02,25.0,37,AUR,-0.08134507696186388,0.0
MG_L30_T-2_C25,30,-0.02,25.0,38,AUR,0.07268908997827261,1.0
MG_L30_T-2_C25,30,-0.02,25.0,39,AUR,0.04366618978347092,1.0
MG_L30_T-2_C25,30,-0.02,25.0,40,AUR,0.10081369076385793,1.0
MG_L30_T-2_C25,30,-0.02,25.0,41,AUR,0.06760704478325508,1.0
MG_L30_T-2_C25,30,-0.02,25.0,42,AUR,0.009747704049341,1.0
MG_L30_T-2_C25,30,-0.02,25.0,43,AUR,-0.03173028365208308,0.0
MG_L30_T-2_C25,30,-0.02,25.0,44,AUR,0.03892282426212157,1.0
MG_L30_T-2_C25,30,-0.02,25.0,45,AUR,0.007100792207989537,1.0
MG_L30_T-2_C25,30,-0.02,25.0,46,AUR,0.028277882195941517,1.0
MG_L30_T-2_C25,30,-0.02,25.0,47,AUR,0.0289756740436502,1.0
MG_L30_T-2_C25,30,-0.02,25.0,48,AUR,-0.023402721203916732,0.0
MG_L30_T-2_C25,30,-0.02,25.0,49,AUR,0.008201866397478996,1.0
MG_L30_T-2_C25,30,-0.02,25.0,50,AUR,-0.008845996241597653,1.0
MG_L30_T-2_C25,30,-0.02,25.0,51,AUR,0.002656941114178135,1.0
MG_L30_T-2_C25,30,-0.02,25.0,52,AUR,-0.040424827419010434,0.0
MG_L30_T-2_C25,30,-0.02,25.0,0,QAUR,0.09147315131480638,1.0
MG_L30_T-2_C25,30,-0.02,25.0,1,QAUR,-0.130001579832126,0.0
MG_L30_T-2_C25,30,-0.02,25.0,2,QAUR,-0.14080594425139403,0.0
MG_L30_T-2_C25,30,-0.02,25.0,3,QAUR,-0.09177477008190527,0.0
MG_L30_T-2_C25,30,-0.02,25.0,4,QAUR,0.11409139778866861,1.0
MG_L30_T-2_C25,30,-0.02,25.0,5,QAUR,0.07103619050972099,1.0
MG_L30_T-2_C25,30,-0.02,25.0,6,QAUR,-0.10817215022286031,0.0
MG_L30_T-2_C25,30,-0.02,25.0,7,QAUR,-0.2008003722511168,0.0
MG_L30_T-2_C25,30,-0.02,25.0,8,QAUR,-0.09764707062324074,0.0
MG_L30_T-2_C25,30,-0.02,25.0,9,QAUR,0.09512151824426729,1.0
MG_L30_T-2_C25,30,-0.02,25.0,10,QAUR,0.03170827193265624,1.0
MG_L30_T-2_C25,30,-0.02,25.0,11,QAUR,0.03592080452651669,1.0
MG_L30_T-2_C25,30,-0.02,25.0,12,QAUR,-0.00391085762398069,1.0
MG_L30_T-2_C25,30,-0.02,25.0,13,QAUR,0.014897676467314103,1.0
MG_L30_T-2_C25,30,-0.02,25.0,14,QAUR,0.13620413433401857,1.0
MG_L30_T-2_C25,30,-0.02,25.0,15,QAUR,0.0931364121141185,1.0
MG_L30_T-2_C25,30,-0.02,25.0,16,QAUR,0.05271473013604533,1.0
MG_L30_T-2_C25,30,-0.02,25.0,17,QAUR,0.04692701211276806,1.0
MG_L30_T-2_C25,30,-0.02,25.0,18,QAUR,-0.07638485168132958,0.0
MG_L30_T-2_C25,30,-0.02,25.0,19,QAUR,-0.14226807364052918,0.0
MG_L30_T-2_C25,30,-0.02,25.0,20,QAUR,-0.004822411899847223,1.0
MG_L30_T-2_C25,30,-0.02,25.0,21,QAUR,0.03930371974382085,1.0
MG_L30_T-2_C25,30,-0.02,25.0,22,QAUR,0.020432119435934926,1.0
MG_L30_T-2_C25,30,-0.02,25.0,23,QAUR,0.0377803398340526,1.0
MG_L30_T-2_C25,30,-0.02,25.0,24,QAUR,0.04302761093162988,1.0
MG_L30_T-2_C25,30,-0.02,25.0,25,QAUR,-0.044526337140654904,0.0
MG_L30_T-2_C25,30,-0.02,25.0,26,QAUR,0.05500683389223582,1.0
MG_L30_T-2_C25,30,-0.02,25.0,27,QAUR,0.024261994919728913,1.0
MG_L30_T-2_C25,30,-0.02,25.0,28,QAUR,-0.06360496767309076,0.0
MG_L30_T-2_C25,30,-0.02,25.0,29,QAUR,-0.042160670007913126,0.0
MG_L30_T-2_C25,30,-0.02,25.0,30,QAUR,0.00938647198194209,1.0
MG_L30_T-2_C25,30,-0.02,25.0,31,QAUR,0.005396174323750946,1.0
MG_L30_T-2_C25,30,-0.02,25.0,32,QAUR,0.010980076795036542,1.0
MG_L30_T-2_C25,30,-0.02,25.0,33,QAUR,0.0580317290338046,1.0
MG_L30_T-2_C25,30,-0.02,25.0,34,QAUR,0.008645211830568877,1.0
MG_L30_T-2_C25,30,-0.02,25.0,35,QAUR,0.08754876887216367,1.0
MG_L30_T-2_C25,30,-0.02,25.0,36,QAUR,0.00848867722709512,1.0
MG_L30_T-2_C25,30,-0.02,25.0,37,QAUR,-0.08134507696186388,0.0
MG_L30_T-2_C25,30,-0.02,25.0,38,QAUR,0.07268908997827261,1.0
MG_L30_T-2_C25,30,-0.02,25.0,39,QAUR,0.04366618978347092,1.0
MG_L30_T-2_C25,30,-0.02,25.0,40,QAUR,0.10081369076385793,1.0
MG_L30_T-2_C25,30,-0.02,25.0,41,QAUR,0.06760704478325508,1.0
MG_L30_T-2_C25,30,-0.02,25.0,42,QAUR,0.009747704049341,1.0
MG_L30_T-2_C25,30,-0.02,25.0,43,QAUR,-0.03173028365208308,0.0
MG_L30_T-2_C25,30,-0.02,25.0,44,QAUR,0.03892282426212157,1.0
MG_L30_T-2_C25,30,-0.02,25.0,45,QAUR,0.007100792207989537,1.0
MG_L30_T-2_C25,30,-0.02,25.0,46,QAUR,0.028277882195941517,1.0
MG_L30_T-2_C25,30,-0.02,25.0,47,QAUR,0.0289756740436502,1.0
MG_L30_T-2_C25,30,-0.02,25.0,48,QAUR,-0.023402721203916732,0.0
MG_L30_T-2_C25,30,-0.02,25.0,49,QAUR,0.008201866397478996,1.0
MG_L30_T-2_C25,30,-0.02,25.0,50,QAUR,-0.008845996241597653,1.0
MG_L30_T-2_C25,30,-0.02,25.0,51,QAUR,0.002656941114178135,1.0
MG_L30_T-2_C25,30,-0.02,25.0,52,QAUR,-0.040424827419010434,0.0
MG_L30_T-2_C50,30,-0.02,50.0,0,AUR,0.09147315131480638,1.0
MG_L30_T-2_C50,30,-0.02,50.0,1,AUR,-0.130001579832126,0.0
MG_L30_T-2_C50,30,-0.02,50.0,2,AUR,-0.14080594425139403,0.0
MG_L30_T-2_C50,30,-0.02,50.0,3,AUR,-0.09177477008190527,0.0
MG_L30_T-2_C50,30,-0.02,50.0,4,AUR,0.11409139778866861,1.0
MG_L30_T-2_C50,30,-0.02,50.0,5,AUR,0.07103619050972099,1.0
MG_L30_T-2_C50,30,-0.02,50.0,6,AUR,-0.10817215022286031,0.0
MG_L30_T-2_C50,30,-0.02,50.0,7,AUR,-0.2008003722511168,0.0
MG_L30_T-2_C50,30,-0.02,50.0,8,AUR,-0.09764707062324074,0.0
MG_L30_T-2_C50,30,-0.02,50.0,9,AUR,0.09512151824426729,1.0
MG_L30_T-2_C50,30,-0.02,50.0,10,AUR,0.03170827193265624,1.0
MG_L30_T-2_C50,30,-0.02,50.0,11,AUR,0.03592080452651669,1.0
MG_L30_T-2_C50,30,-0.02,50.0,12,AUR,-0.00391085762398069,1.0
MG_L30_T-2_C50,30,-0.02,50.0,13,AUR,0.014897676467314103,1.0
MG_L30_T-2_C50,30,-0.02,50.0,14,AUR,0.13620413433401857,1.0
MG_L30_T-2_C50,30,-0.02,50.0,15,AUR,0.0931364121141185,1.0
MG_L30_T-2_C50,30,-0.02,50.0,16,AUR,0.05271473013604533,1.0
MG_L30_T-2_C50,30,-0.02,50.0,17,AUR,0.04692701211276806,1.0
MG_L30_T-2_C50,30,-0.02,50.0,18,AUR,-0.07638485168132958,0.0
MG_L30_T-2_C50,30,-0.02,50.0,19,AUR,-0.14226807364052918,0.0
MG_L30_T-2_C50,30,-0.02,50.0,20,AUR,-0.004822411899847223,1.0
MG_L30_T-2_C50,30,-0.02,50.0,21,AUR,0.03930371974382085,1.0
MG_L30_T-2_C50,30,-0.02,50.0,22,AUR,0.020432119435934926,1.0
MG_L30_T-2_C50,30,-0.02,50.0,23,AUR,0.0377803398340526,1.0
MG_L30_T-2_C50,30,-0.02,50.0,24,AUR,0.04302761093162988,1.0
MG_L30_T-2_C50,30,-0.02,50.0,25,AUR,-0.044526337140654904,0.0
MG_L30_T-2_C50,30,-0.02,50.0,26,AUR,0.05500683389223582,1.0
MG_L30_T-2_C50,30,-0.02,50.0,27,AUR,0.024261994919728913,1.0
MG_L30_T-2_C50,30,-0.02,50.0,28,AUR,-0.06360496767309076,0.0
MG_L30_T-2_C50,30,-0.02,50.0,29,AUR,-0.042160670007913126,0.0
MG_L30_T-2_C50,30,-0.02,50.0,30,AUR,0.00938647198194209,1.0
MG_L30_T-2_C50,30,-0.02,50.0,31,AUR,0.005396174323750946,1.0
MG_L30_T-2_C50,30,-0.02,50.0,32,AUR,0.010980076795036542,1.0
MG_L30_T-2_C50,30,-0.02,50.0,33,AUR,0.0580317290338046,1.0
MG_L30_T-2_C50,30,-0.02,50.0,34,AUR,0.008645211830568877,1.0
MG_L30_T-2_C50,30,-0.02,50.0,35,AUR,0.08754876887216367,1.0
MG_L30_T-2_C50,30,-0.02,50.0,36,AUR,0.00848867722709512,1.0
MG_L30_T-2_C50,30,-0.02,50.0,37,AUR,-0.08134507696186388,0.0
MG_L30_T-2_C50,30,-0.02,50.0,38,AUR,0.07268908997827261,1.0
MG_L30_T-2_C50,30,-0.02,50.0,39,AUR,0.04366618978347092,1.0
MG_L30_T-2_C50,30,-0.02,50.0,40,AUR,0.10081369076385793,1.0
MG_L30_T-2_C50,30,-0.02,50.0,41,AUR,0.06760704478325508,1.0
MG_L30_T-2_C50,30,-0.02,50.0,42,AUR,0.009747704049341,1.0
MG_L30_T-2_C50,30,-0.02,50.0,43,AUR,-0.03173028365208308,0.0
MG_L30_T-2_C50,30,-0.02,50.0,44,AUR,0.03892282426212157,1.0
MG_L30_T-2_C50,30,-0.02,50.0,45,AUR,0.007100792207989537,1.0
MG_L30_T-2_C50,30,-0.02,50.0,46,AUR,0.028277882195941517,1.0
MG_L30_T-2_C50,30,-0.02,50.0,47,AUR,0.0289756740436502,1.0
MG_L30_T-2_C50,30,-0.02,50.0,48,AUR,-0.023402721203916732,0.0
MG_L30_T-2_C50,30,-0.02,50.0,49,AUR,0.008201866397478996,1.0
MG_L30_T-2_C50,30,-0.02,50.0,50,AUR,-0.008845996241597653,1.0
MG_L30_T-2_C50,30,-0.02,50.0,51,AUR,0.002656941114178135,1.0
MG_L30_T-2_C50,30,-0.02,50.0,52,AUR,-0.040424827419010434,0.0
MG_L30_T-2_C50,30,-0.02,50.0,0,QAUR,0.09147315131480638,1.0
MG_L30_T-2_C50,30,-0.02,50.0,1,QAUR,-0.130001579832126,0.0
MG_L30_T-2_C50,30,-0.02,50.0,2,QAUR,-0.14080594425139403,0.0
MG_L30_T-2_C50,30,-0.02,50.0,3,QAUR,-0.09177477008190527,0.0
MG_L30_T-2_C50,30,-0.02,50.0,4,QAUR,0.11409139778866861,1.0
MG_L30_T-2_C50,30,-0.02,50.0,5,QAUR,0.07103619050972099,1.0
MG_L30_T-2_C50,30,-0.02,50.0,6,QAUR,-0.10817215022286031,0.0
MG_L30_T-2_C50,30,-0.02,50.0,7,QAUR,-0.2008003722511168,0.0
MG_L30_T-2_C50,30,-0.02,50.0,8,QAUR,-0.09764707062324074,0.0
MG_L30_T-2_C50,30,-0.02,50.0,9,QAUR,0.09512151824426729,1.0
MG_L30_T-2_C50,30,-0.02,50.0,10,QAUR,0.03170827193265624,1.0
MG_L30_T-2_C50,30,-0.02,50.0,11,QAUR,0.03592080452651669,1.0
MG_L30_T-2_C50,30,-0.02,50.0,12,QAUR,-0.00391085762398069,1.0
MG_L30_T-2_C50,30,-0.02,50.0,13,QAUR,0.014897676467314103,1.0
MG_L30_T-2_C50,30,-0.02,50.0,14,QAUR,0.13620413433401857,1.0
MG_L30_T-2_C50,30,-0.02,50.0,15,QAUR,0.0931364121141185,1.0
MG_L30_T-2_C50,30,-0.02,50.0,16,QAUR,0.05271473013604533,1.0
MG_L30_T-2_C50,30,-0.02,50.0,17,QAUR,0.04692701211276806,1.0
MG_L30_T-2_C50,30,-0.02,50.0,18,QAUR,-0.07638485168132958,0.0
MG_L30_T-2_C50,30,-0.02,50.0,19,QAUR,-0.14226807364052918,0.0
MG_L30_T-2_C50,30,-0.02,50.0,20,QAUR,-0.004822411899847223,1.0
MG_L30_T-2_C50,30,-0.02,50.0,21,QAUR,0.03930371974382085,1.0
MG_L30_T-2_C50,30,-0.02,50.0,22,QAUR,0.020432119435934926,1.0
MG_L30_T-2_C50,30,-0.02,50.0,23,QAUR,0.0377803398340526,1.0
MG_L30_T-2_C50,30,-0.02,50.0,24,QAUR,0.04302761093162988,1.0
MG_L30_T-2_C50,30,-0.02,50.0,25,QAUR,-0.044526337140654904,0.0
MG_L30_T-2_C50,30,-0.02,50.0,26,QAUR,0.05500683389223582,1.0
MG_L30_T-2_C50,30,-0.02,50.0,27,QAUR,0.024261994919728913,1.0
MG_L30_T-2_C50,30,-0.02,50.0,28,QAUR,-0.06360496767309076,0.0
MG_L30_T-2_C50,30,-0.02,50.0,29,QAUR,-0.042160670007913126,0.0
MG_L30_T-2_C50,30,-0.02,50.0,30,QAUR,0.00938647198194209,1.0
MG_L30_T-2_C50,30,-0.02,50.0,31,QAUR,0.005396174323750946,1.0
MG_L30_T-2_C50,30,-0.02,50.0,32,QAUR,0.010980076795036542,1.0
MG_L30_T-2_C50,30,-0.02,50.0,33,QAUR,0.0580317290338046,1.0
MG_L30_T-2_C50,30,-0.02,50.0,34,QAUR,0.008645211830568877,1.0
MG_L30_T-2_C50,30,-0.02,50.0,35,QAUR,0.08754876887216367,1.0
MG_L30_T-2_C50,30,-0.02,50.0,36,QAUR,0.00848867722709512,1.0
MG_L30_T-2_C50,30,-0.02,50.0,37,QAUR,-0.08134507696186388,0.0
MG_L30_T-2_C50,30,-0.02,50.0,38,QAUR,0.07268908997827261,1.0
MG_L30_T-2_C50,30,-0.02,50.0,39,QAUR,0.04366618978347092,1.0
MG_L30_T-2_C50,30,-0.02,50.0,40,QAUR,0.10081369076385793,1.0
MG_L30_T-2_C50,30,-0.02,50.0,41,QAUR,0.06760704478325508,1.0
MG_L30_T-2_C50,30,-0.02,50.0,42,QAUR,0.009747704049341,1.0
MG_L30_T-2_C50,30,-0.02,50.0,43,QAUR,-0.03173028365208308,0.0
MG_L30_T-2_C50,30,-0.02,50.0,44,QAUR,0.03892282426212157,1.0
MG_L30_T-2_C50,30,-0.02,50.0,45,QAUR,0.007100792207989537,1.0
MG_L30_T-2_C50,30,-0.02,50.0,46,QAUR,0.028277882195941517,1.0
MG_L30_T-2_C50,30,-0.02,50.0,47,QAUR,0.0289756740436502,1.0
MG_L30_T-2_C50,30,-0.02,50.0,48,QAUR,-0.023402721203916732,0.0
MG_L30_T-2_C50,30,-0.02,50.0,49,QAUR,0.008201866397478996,1.0
MG_L30_T-2_C50,30,-0.02,50.0,50,QAUR,-0.008845996241597653,1.0
MG_L30_T-2_C50,30,-0.02,50.0,51,QAUR,0.002656941114178135,1.0
MG_L30_T-2_C50,30,-0.02,50.0,52,QAUR,-0.040424827419010434,0.0
MG_L30_T-2_C100,30,-0.02,100.0,0,AUR,0.09147315131480638,1.0
MG_L30_T-2_C100,30,-0.02,100.0,1,AUR,-0.130001579832126,0.0
MG_L30_T-2_C100,30,-0.02,100.0,2,AUR,-0.14080594425139403,0.0
MG_L30_T-2_C100,30,-0.02,100.0,3,AUR,-0.09177477008190527,0.0
MG_L30_T-2_C100,30,-0.02,100.0,4,AUR,0.11409139778866861,1.0
MG_L30_T-2_C100,30,-0.02,100.0,5,AUR,0.07103619050972099,1.0
MG_L30_T-2_C100,30,-0.02,100.0,6,AUR,-0.10817215022286031,0.0
MG_L30_T-2_C100,30,-0.02,100.0,7,AUR,-0.2008003722511168,0.0
MG_L30_T-2_C100,30,-0.02,100.0,8,AUR,-0.09764707062324074,0.0
MG_L30_T-2_C100,30,-0.02,100.0,9,AUR,0.09512151824426729,1.0
MG_L30_T-2_C100,30,-0.02,100.0,10,AUR,0.03170827193265624,1.0
MG_L30_T-2_C100,30,-0.02,100.0,11,AUR,0.03592080452651669,1.0
MG_L30_T-2_C100,30,-0.02,100.0,12,AUR,-0.00391085762398069,1.0
MG_L30_T-2_C100,30,-0.02,100.0,13,AUR,0.014897676467314103,1.0
MG_L30_T-2_C100,30,-0.02,100.0,14,AUR,0.13620413433401857,1.0
MG_L30_T-2_C100,30,-0.02,100.0,15,AUR,0.0931364121141185,1.0
MG_L30_T-2_C100,30,-0.02,100.0,16,AUR,0.05271473013604533,1.0
MG_L30_T-2_C100,30,-0.02,100.0,17,AUR,0.04692701211276806,1.0
MG_L30_T-2_C100,30,-0.02,100.0,18,AUR,-0.07638485168132958,0.0
MG_L30_T-2_C100,30,-0.02,100.0,19,AUR,-0.14226807364052918,0.0
MG_L30_T-2_C100,30,-0.02,100.0,20,AUR,-0.004822411899847223,1.0
MG_L30_T-2_C100,30,-0.02,100.0,21,AUR,0.03930371974382085,1.0
MG_L30_T-2_C100,30,-0.02,100.0,22,AUR,0.020432119435934926,1.0
MG_L30_T-2_C100,30,-0.02,100.0,23,AUR,0.0377803398340526,1.0
MG_L30_T-2_C100,30,-0.02,100.0,24,AUR,0.04302761093162988,1.0
MG_L30_T-2_C100,30,-0.02,100.0,25,AUR,-0.044526337140654904,0.0
MG_L30_T-2_C100,30,-0.02,100.0,26,AUR,0.05500683389223582,1.0
MG_L30_T-2_C100,30,-0.02,100.0,27,AUR,0.024261994919728913,1.0
MG_L30_T-2_C100,30,-0.02,100.0,28,AUR,-0.06360496767309076,0.0
MG_L30_T-2_C100,30,-0.02,100.0,29,AUR,-0.042160670007913126,0.0
MG_L30_T-2_C100,30,-0.02,100.0,30,AUR,0.00938647198194209,1.0
MG_L30_T-2_C100,30,-0.02,100.0,31,AUR,0.005396174323750946,1.0
MG_L30_T-2_C100,30,-0.02,100.0,32,AUR,0.010980076795036542,1.0
MG_L30_T-2_C100,30,-0.02,100.0,33,AUR,0.0580317290338046,1.0
MG_L30_T-2_C100,30,-0.02,100.0,34,AUR,0.008645211830568877,1.0
MG_L30_T-2_C100,30,-0.02,100.0,35,AUR,0.08754876887216367,1.0
MG_L30_T-2_C100,30,-0.02,100.0,36,AUR,0.00848867722709512,1.0
MG_L30_T-2_C100,30,-0.02,100.0,37,AUR,-0.08134507696186388,0.0
MG_L30_T-2_C100,30,-0.02,100.0,38,AUR,0.07268908997827261,1.0
MG_L30_T-2_C100,30,-0.02,100.0,39,AUR,0.04366618978347092,1.0
MG_L30_T-2_C100,30,-0.02,100.0,40,AUR,0.10081369076385793,1.0
MG_L30_T-2_C100,30,-0.02,100.0,41,AUR,0.06760704478325508,1.0
MG_L30_T-2_C100,30,-0.02,100.0,42,AUR,0.009747704049341,1.0
MG_L30_T-2_C100,30,-0.02,100.0,43,AUR,-0.03173028365208308,0.0
MG_L30_T-2_C100,30,-0.02,100.0,44,AUR,0.03892282426212157,1.0
MG_L30_T-2_C100,30,-0.02,100.0,45,AUR,0.007100792207989537,1.0
MG_L30_T-2_C100,30,-0.02,100.0,46,AUR,0.028277882195941517,1.0
MG_L30_T-2_C100,30,-0.02,100.0,47,AUR,0.0289756740436502,1.0
MG_L30_T-2_C100,30,-0.02,100.0,48,AUR,-0.023402721203916732,0.0
MG_L30_T-2_C100,30,-0.02,100.0,49,AUR,0.008201866397478996,1.0
MG_L30_T-2_C100,30,-0.02,100.0,50,AUR,-0.008845996241597653,1.0
MG_L30_T-2_C100,30,-0.02,100.0,51,AUR,0.002656941114178135,1.0
MG_L30_T-2_C100,30,-0.02,100.0,52,AUR,-0.040424827419010434,0.0
MG_L30_T-2_C100,30,-0.02,100.0,0,QAUR,0.09147315131480638,1.0
MG_L30_T-2_C100,30,-0.02,100.0,1,QAUR,-0.130001579832126,0.0
MG_L30_T-2_C100,30,-0.02,100.0,2,QAUR,-0.14080594425139403,0.0
MG_L30_T-2_C100,30,-0.02,100.0,3,QAUR,-0.09177477008190527,0.0
MG_L30_T-2_C100,30,-0.02,100.0,4,QAUR,0.11409139778866861,1.0
MG_L30_T-2_C100,30,-0.02,100.0,5,QAUR,0.07103619050972099,1.0
MG_L30_T-2_C100,30,-0.02,100.0,6,QAUR,-0.10817215022286031,0.0
MG_L30_T-2_C100,30,-0.02,100.0,7,QAUR,-0.2008003722511168,0.0
MG_L30_T-2_C100,30,-0.02,100.0,8,QAUR,-0.09764707062324074,0.0
MG_L30_T-2_C100,30,-0.02,100.0,9,QAUR,0.09512151824426729,1.0
MG_L30_T-2_C100,30,-0.02,100.0,10,QAUR,0.03170827193265624,1.0
MG_L30_T-2_C100,30,-0.02,100.0,11,QAUR,0.03592080452651669,1.0
MG_L30_T-2_C100,30,-0.02,100.0,12,QAUR,-0.00391085762398069,1.0
MG_L30_T-2_C100,30,-0.02,100.0,13,QAUR,0.014897676467314103,1.0
MG_L30_T-2_C100,30,-0.02,100.0,14,QAUR,0.13620413433401857,1.0
MG_L30_T-2_C100,30,-0.02,100.0,15,QAUR,0.0931364121141185,1.0
MG_L30_T-2_C100,30,-0.02,100.0,16,QAUR,0.05271473013604533,1.0
MG_L30_T-2_C100,30,-0.02,100.0,17,QAUR,0.04692701211276806,1.0
MG_L30_T-2_C100,30,-0.02,100.0,18,QAUR,-0.07638485168132958,0.0
MG_L30_T-2_C100,30,-0.02,100.0,19,QAUR,-0.14226807364052918,0.0
MG_L30_T-2_C100,30,-0.02,100.0,20,QAUR,-0.004822411899847223,1.0
MG_L30_T-2_C100,30,-0.02,100.0,21,QAUR,0.03930371974382085,1.0
MG_L30_T-2_C100,30,-0.02,100.0,22,QAUR,0.020432119435934926,1.0
MG_L30_T-2_C100,30,-0.02,100.0,23,QAUR,0.0377803398340526,1.0
MG_L30_T-2_C100,30,-0.02,100.0,24,QAUR,0.04302761093162988,1.0
MG_L30_T-2_C100,30,-0.02,100.0,25,QAUR,-0.044526337140654904,0.0
MG_L30_T-2_C100,30,-0.02,100.0,26,QAUR,0.05500683389223582,1.0
MG_L30_T-2_C100,30,-0.02,100.0,27,QAUR,0.024261994919728913,1.0
MG_L30_T-2_C100,30,-0.02,100.0,28,QAUR,-0.06360496767309076,0.0
MG_L30_T-2_C100,30,-0.02,100.0,29,QAUR,-0.042160670007913126,0.0
MG_L30_T-2_C100,30,-0.02,100.0,30,QAUR,0.00938647198194209,1.0
MG_L30_T-2_C100,30,-0.02,100.0,31,QAUR,0.005396174323750946,1.0
MG_L30_T-2_C100,30,-0.02,100.0,32,QAUR,0.010980076795036542,1.0
MG_L30_T-2_C100,30,-0.02,100.0,33,QAUR,0.0580317290338046,1.0
MG_L30_T-2_C100,30,-0.02,100.0,34,QAUR,0.008645211830568877,1.0
MG_L30_T-2_C100,30,-0.02,100.0,35,QAUR,0.08754876887216367,1.0
MG_L30_T-2_C100,30,-0.02,100.0,36,QAUR,0.00848867722709512,1.0
MG_L30_T-2_C100,30,-0.02,100.0,37,QAUR,-0.08134507696186388,0.0
MG_L30_T-2_C100,30,-0.02,100.0,38,QAUR,0.07268908997827261,1.0
MG_L30_T-2_C100,30,-0.02,100.0,39,QAUR,0.04366618978347092,1.0
MG_L30_T-2_C100,30,-0.02,100.0,40,QAUR,0.10081369076385793,1.0
MG_L30_T-2_C100,30,-0.02,100.0,41,QAUR,0.06760704478325508,1.0
MG_L30_T-2_C100,30,-0.02,100.0,42,QAUR,0.009747704049341,1.0
MG_L30_T-2_C100,30,-0.02,100.0,43,QAUR,-0.03173028365208308,0.0
MG_L30_T-2_C100,30,-0.02,100.0,44,QAUR,0.03892282426212157,1.0
MG_L30_T-2_C100,30,-0.02,100.0,45,QAUR,0.007100792207989537,1.0
MG_L30_T-2_C100,30,-0.02,100.0,46,QAUR,0.028277882195941517,1.0
MG_L30_T-2_C100,30,-0.02,100.0,47,QAUR,0.0289756740436502,1.0
MG_L30_T-2_C100,30,-0.02,100.0,48,QAUR,-0.023402721203916732,0.0
MG_L30_T-2_C100,30,-0.02,100.0,49,QAUR,0.008201866397478996,1.0
MG_L30_T-2_C100,30,-0.02,100.0,50,QAUR,-0.008845996241597653,1.0
MG_L30_T-2_C100,30,-0.02,100.0,51,QAUR,0.002656941114178135,1.0
MG_L30_T-2_C100,30,-0.02,100.0,52,QAUR,-0.040424827419010434,0.0
MG_L30_T0_C0,30,0.0,0.0,0,AUR,0.09147315131480638,1.0
MG_L30_T0_C0,30,0.0,0.0,1,AUR,-0.130001579832126,0.0
MG_L30_T0_C0,30,0.0,0.0,2,AUR,-0.14080594425139403,0.0
MG_L30_T0_C0,30,0.0,0.0,3,AUR,-0.09177477008190527,0.0
MG_L30_T0_C0,30,0.0,0.0,4,AUR,0.11409139778866861,1.0
MG_L30_T0_C0,30,0.0,0.0,5,AUR,0.07103619050972099,1.0
MG_L30_T0_C0,30,0.0,0.0,6,AUR,-0.10817215022286031,0.0
MG_L30_T0_C0,30,0.0,0.0,7,AUR,-0.2008003722511168,0.0
MG_L30_T0_C0,30,0.0,0.0,8,AUR,-0.09764707062324074,0.0
MG_L30_T0_C0,30,0.0,0.0,9,AUR,0.09512151824426729,1.0
MG_L30_T0_C0,30,0.0,0.0,10,AUR,0.03170827193265624,1.0
MG_L30_T0_C0,30,0.0,0.0,11,AUR,0.03592080452651669,1.0
MG_L30_T0_C0,30,0.0,0.0,12,AUR,-0.00391085762398069,0.0
MG_L30_T0_C0,30,0.0,0.0,13,AUR,0.014897676467314103,1.0
MG_L30_T0_C0,30,0.0,0.0,14,AUR,0.13620413433401857,1.0
MG_L30_T0_C0,30,0.0,0.0,15,AUR,0.0931364121141185,1.0
MG_L30_T0_C0,30,0.0,0.0,16,AUR,0.05271473013604533,1.0
MG_L30_T0_C0,30,0.0,0.0,17,AUR,0.04692701211276806,1.0
MG_L30_T0_C0,30,0.0,0.0,18,AUR,-0.07638485168132958,0.0
MG_L30_T0_C0,30,0.0,0.0,19,AUR,-0.14226807364052918,0.0
MG_L30_T0_C0,30,0.0,0.0,20,AUR,-0.004822411899847223,0.0
MG_L30_T0_C0,30,0.0,0.0,21,AUR,0.03930371974382085,1.0
MG_L30_T0_C0,30,0.0,0.0,22,AUR,0.020432119435934926,1.0
MG_L30_T0_C0,30,0.0,0.0,23,AUR,0.0377803398340526,1.0
MG_L30_T0_C0,30,0.0,0.0,24,AUR,0.04302761093162988,1.0
MG_L30_T0_C0,30,0.0,0.0,25,AUR,-0.044526337140654904,0.0
MG_L30_T0_C0,30,0.0,0.0,26,AUR,0.05500683389223582,1.0
MG_L30_T0_C0,30,0.0,0.0,27,AUR,0.024261994919728913,1.0
MG_L30_T0_C0,30,0.0,0.0,28,AUR,-0.06360496767309076,0.0
MG_L30_T0_C0,30,0.0,0.0,29,AUR,-0.042160670007913126,0.0
MG_L30_T0_C0,30,0.0,0.0,30,AUR,0.00938647198194209,1.0
MG_L30_T0_C0,30,0.0,0.0,31,AUR,0.005396174323750946,1.0
MG_L30_T0_C0,30,0.0,0.0,32,AUR,0.010980076795036542,1.0
MG_L30_T0_C0,30,0.0,0.0,33,AUR,0.0580317290338046,1.0
MG_L30_T0_C0,30,0.0,0.0,34,AUR,0.008645211830568877,1.0
MG_L30_T0_C0,30,0.0,0.0,35,AUR,0.08754876887216367,1.0
MG_L30_T0_C0,30,0.0,0.0,36,AUR,0.00848867722709512,1.0
MG_L30_T0_C0,30,0.0,0.0,37,AUR,-0.08134507696186388,0.0
MG_L30_T0_C0,30,0.0,0.0,38,AUR,0.07268908997827261,1.0
MG_L30_T0_C0,30,0.0,0.0,39,AUR,0.04366618978347092,1.0
MG_L30_T0_C0,30,0.0,0.0,40,AUR,0.10081369076385793,1.0
MG_L30_T0_C0,30,0.0,0.0,41,AUR,0.06760704478325508,1.0
MG_L30_T0_C0,30,0.0,0.0,42,AUR,0.009747704049341,1.0
MG_L30_T0_C0,30,0.0,0.0,43,AUR,-0.03173028365208308,0.0
MG_L30_T0_C0,30,0.0,0.0,44,AUR,0.03892282426212157,1.0
MG_L30_T0_C0,30,0.0,0.0,45,AUR,0.007100792207989537,1.0
MG_L30_T0_C0,30,0.0,0.0,46,AUR,0.028277882195941517,1.0
MG_L30_T0_C0,30,0.0,0.0,47,AUR,0.0289756740436502,1.0
MG_L30_T0_C0,30,0.0,0.0,48,AUR,-0.023402721203916732,0.0
MG_L30_T0_C0,30,0.0,0.0,49,AUR,0.008201866397478996,1.0
MG_L30_T0_C0,30,0.0,0.0,50,AUR,-0.008845996241597653,0.0
MG_L30_T0_C0,30,0.0,0.0,51,AUR,0.002656941114178135,1.0
MG_L30_T0_C0,30,0.0,0.0,52,AUR,-0.040424827419010434,0.0
MG_L30_T0_C0,30,0.0,0.0,0,QAUR,0.09147315131480638,1.0
MG_L30_T0_C0,30,0.0,0.0,1,QAUR,-0.130001579832126,0.0
MG_L30_T0_C0,30,0.0,0.0,2,QAUR,-0.14080594425139403,0.0
MG_L30_T0_C0,30,0.0,0.0,3,QAUR,-0.09177477008190527,0.0
MG_L30_T0_C0,30,0.0,0.0,4,QAUR,0.11409139778866861,1.0
MG_L30_T0_C0,30,0.0,0.0,5,QAUR,0.07103619050972099,1.0
MG_L30_T0_C0,30,0.0,0.0,6,QAUR,-0.10817215022286031,0.0
MG_L30_T0_C0,30,0.0,0.0,7,QAUR,-0.2008003722511168,0.0
MG_L30_T0_C0,30,0.0,0.0,8,QAUR,-0.09764707062324074,0.0
MG_L30_T0_C0,30,0.0,0.0,9,QAUR,0.09512151824426729,1.0
MG_L30_T0_C0,30,0.0,0.0,10,QAUR,0.03170827193265624,1.0
MG_L30_T0_C0,30,0.0,0.0,11,QAUR,0.03592080452651669,1.0
MG_L30_T0_C0,30,0.0,0.0,12,QAUR,-0.00391085762398069,0.0
MG_L30_T0_C0,30,0.0,0.0,13,QAUR,0.014897676467314103,1.0
MG_L30_T0_C0,30,0.0,0.0,14,QAUR,0.13620413433401857,1.0
MG_L30_T0_C0,30,0.0,0.0,15,QAUR,0.0931364121141185,1.0
MG_L30_T0_C0,30,0.0,0.0,16,QAUR,0.05271473013604533,1.0
MG_L30_T0_C0,30,0.0,0.0,17,QAUR,0.04692701211276806,1.0
MG_L30_T0_C0,30,0.0,0.0,18,QAUR,-0.07638485168132958,0.0
MG_L30_T0_C0,30,0.0,0.0,19,QAUR,-0.14226807364052918,0.0
MG_L30_T0_C0,30,0.0,0.0,20,QAUR,-0.004822411899847223,0.0
MG_L30_T0_C0,30,0.0,0.0,21,QAUR,0.03930371974382085,1.0
MG_L30_T0_C0,30,0.0,0.0,22,QAUR,0.020432119435934926,1.0
MG_L30_T0_C0,30,0.0,0.0,23,QAUR,0.0377803398340526,1.0
MG_L30_T0_C0,30,0.0,0.0,24,QAUR,0.04302761093162988,1.0
MG_L30_T0_C0,30,0.0,0.0,25,QAUR,-0.044526337140654904,0.0
MG_L30_T0_C0,30,0.0,0.0,26,QAUR,0.05500683389223582,1.0
MG_L30_T0_C0,30,0.0,0.0,27,QAUR,0.024261994919728913,1.0
MG_L30_T0_C0,30,0.0,0.0,28,QAUR,-0.06360496767309076,0.0
MG_L30_T0_C0,30,0.0,0.0,29,QAUR,-0.042160670007913126,0.0
MG_L30_T0_C0,30,0.0,0.0,30,QAUR,0.00938647198194209,1.0
MG_L30_T0_C0,30,0.0,0.0,31,QAUR,0.005396174323750946,1.0
MG_L30_T0_C0,30,0.0,0.0,32,QAUR,0.010980076795036542,1.0
MG_L30_T0_C0,30,0.0,0.0,33,QAUR,0.0580317290338046,1.0
MG_L30_T0_C0,30,0.0,0.0,34,QAUR,0.008645211830568877,1.0
MG_L30_T0_C0,30,0.0,0.0,35,QAUR,0.08754876887216367,1.0
MG_L30_T0_C0,30,0.0,0.0,36,QAUR,0.00848867722709512,1.0
MG_L30_T0_C0,30,0.0,0.0,37,QAUR,-0.08134507696186388,0.0
MG_L30_T0_C0,30,0.0,0.0,38,QAUR,0.07268908997827261,1.0
MG_L30_T0_C0,30,0.0,0.0,39,QAUR,0.04366618978347092,1.0
MG_L30_T0_C0,30,0.0,0.0,40,QAUR,0.10081369076385793,1.0
MG_L30_T0_C0,30,0.0,0.0,41,QAUR,0.06760704478325508,1.0
MG_L30_T0_C0,30,0.0,0.0,42,QAUR,0.009747704049341,1.0
MG_L30_T0_C0,30,0.0,0.0,43,QAUR,-0.03173028365208308,0.0
MG_L30_T0_C0,30,0.0,0.0,44,QAUR,0.03892282426212157,1.0
MG_L30_T0_C0,30,0.0,0.0,45,QAUR,0.007100792207989537,1.0
MG_L30_T0_C0,30,0.0,0.0,46,QAUR,0.028277882195941517,1.0
MG_L30_T0_C0,30,0.0,0.0,47,QAUR,0.0289756740436502,1.0
MG_L30_T0_C0,30,0.0,0.0,48,QAUR,-0.023402721203916732,0.0
MG_L30_T0_C0,30,0.0,0.0,49,QAUR,0.008201866397478996,1.0
MG_L30_T0_C0,30,0.0,0.0,50,QAUR,-0.008845996241597653,0.0
MG_L30_T0_C0,30,0.0,0.0,51,QAUR,0.002656941114178135,1.0
MG_L30_T0_C0,30,0.0,0.0,52,QAUR,-0.040424827419010434,0.0
MG_L30_T0_C25,30,0.0,25.0,0,AUR,0.09147315131480638,1.0
MG_L30_T0_C25,30,0.0,25.0,1,AUR,-0.130001579832126,0.0
MG_L30_T0_C25,30,0.0,25.0,2,AUR,-0.14080594425139403,0.0
MG_L30_T0_C25,30,0.0,25.0,3,AUR,-0.09177477008190527,0.0
MG_L30_T0_C25,30,0.0,25.0,4,AUR,0.11409139778866861,1.0
MG_L30_T0_C25,30,0.0,25.0,5,AUR,0.07103619050972099,1.0
MG_L30_T0_C25,30,0.0,25.0,6,AUR,-0.10817215022286031,0.0
MG_L30_T0_C25,30,0.0,25.0,7,AUR,-0.2008003722511168,0.0
MG_L30_T0_C25,30,0.0,25.0,8,AUR,-0.09764707062324074,0.0
MG_L30_T0_C25,30,0.0,25.0,9,AUR,0.09512151824426729,1.0
MG_L30_T0_C25,30,0.0,25.0,10,AUR,0.03170827193265624,1.0
MG_L30_T0_C25,30,0.0,25.0,11,AUR,0.03592080452651669,1.0
MG_L30_T0_C25,30,0.0,25.0,12,AUR,-0.00391085762398069,0.0
MG_L30_T0_C25,30,0.0,25.0,13,AUR,0.014897676467314103,1.0
MG_L30_T0_C25,30,0.0,25.0,14,AUR,0.13620413433401857,1.0
MG_L30_T0_C25,30,0.0,25.0,15,AUR,0.0931364121141185,1.0
MG_L30_T0_C25,30,0.0,25.0,16,AUR,0.05271473013604533,1.0
MG_L30_T0_C25,30,0.0,25.0,17,AUR,0.04692701211276806,1.0
MG_L30_T0_C25,30,0.0,25.0,18,AUR,-0.07638485168132958,0.0
MG_L30_T0_C25,30,0.0,25.0,19,AUR,-0.14226807364052918,0.0
MG_L30_T0_C25,30,0.0,25.0,20,AUR,-0.004822411899847223,0.0
MG_L30_T0_C25,30,0.0,25.0,21,AUR,0.03930371974382085,1.0
MG_L30_T0_C25,30,0.0,25.0,22,AUR,0.020432119435934926,1.0
MG_L30_T0_C25,30,0.0,25.0,23,AUR,0.0377803398340526,1.0
MG_L30_T0_C25,30,0.0,25.0,24,AUR,0.04302761093162988,1.0
MG_L30_T0_C25,30,0.0,25.0,25,AUR,-0.044526337140654904,0.0
MG_L30_T0_C25,30,0.0,25.0,26,AUR,0.05500683389223582,1.0
MG_L30_T0_C25,30,0.0,25.0,27,AUR,0.024261994919728913,1.0
MG_L30_T0_C25,30,0.0,25.0,28,AUR,-0.06360496767309076,0.0
MG_L30_T0_C25,30,0.0,25.0,29,AUR,-0.042160670007913126,0.0
MG_L30_T0_C25,30,0.0,25.0,30,AUR,0.00938647198194209,1.0
MG_L30_T0_C25,30,0.0,25.0,31,AUR,0.005396174323750946,1.0
MG_L30_T0_C25,30,0.0,25.0,32,AUR,0.010980076795036542,1.0
MG_L30_T0_C25,30,0.0,25.0,33,AUR,0.0580317290338046,1.0
MG_L30_T0_C25,30,0.0,25.0,34,AUR,0.008645211830568877,1.0
MG_L30_T0_C25,30,0.0,25.0,35,AUR,0.08754876887216367,1.0
MG_L30_T0_C25,30,0.0,25.0,36,AUR,0.00848867722709512,1.0
MG_L30_T0_C25,30,0.0,25.0,37,AUR,-0.08134507696186388,0.0
MG_L30_T0_C25,30,0.0,25.0,38,AUR,0.07268908997827261,1.0
MG_L30_T0_C25,30,0.0,25.0,39,AUR,0.04366618978347092,1.0
MG_L30_T0_C25,30,0.0,25.0,40,AUR,0.10081369076385793,1.0
MG_L30_T0_C25,30,0.0,25.0,41,AUR,0.06760704478325508,1.0
MG_L30_T0_C25,30,0.0,25.0,42,AUR,0.009747704049341,1.0
MG_L30_T0_C25,30,0.0,25.0,43,AUR,-0.03173028365208308,0.0
MG_L30_T0_C25,30,0.0,25.0,44,AUR,0.03892282426212157,1.0
MG_L30_T0_C25,30,0.0,25.0,45,AUR,0.007100792207989537,1.0
MG_L30_T0_C25,30,0.0,25.0,46,AUR,0.028277882195941517,1.0
MG_L30_T0_C25,30,0.0,25.0,47,AUR,0.0289756740436502,1.0
MG_L30_T0_C25,30,0.0,25.0,48,AUR,-0.023402721203916732,0.0
MG_L30_T0_C25,30,0.0,25.0,49,AUR,0.008201866397478996,1.0
MG_L30_T0_C25,30,0.0,25.0,50,AUR,-0.008845996241597653,0.0
MG_L30_T0_C25,30,0.0,25.0,51,AUR,0.002656941114178135,1.0
MG_L30_T0_C25,30,0.0,25.0,52,AUR,-0.040424827419010434,0.0
MG_L30_T0_C25,30,0.0,25.0,0,QAUR,0.09147315131480638,1.0
MG_L30_T0_C25,30,0.0,25.0,1,QAUR,-0.130001579832126,0.0
MG_L30_T0_C25,30,0.0,25.0,2,QAUR,-0.14080594425139403,0.0
MG_L30_T0_C25,30,0.0,25.0,3,QAUR,-0.09177477008190527,0.0
MG_L30_T0_C25,30,0.0,25.0,4,QAUR,0.11409139778866861,1.0
MG_L30_T0_C25,30,0.0,25.0,5,QAUR,0.07103619050972099,1.0
MG_L30_T0_C25,30,0.0,25.0,6,QAUR,-0.10817215022286031,0.0
MG_L30_T0_C25,30,0.0,25.0,7,QAUR,-0.2008003722511168,0.0
MG_L30_T0_C25,30,0.0,25.0,8,QAUR,-0.09764707062324074,0.0
MG_L30_T0_C25,30,0.0,25.0,9,QAUR,0.09512151824426729,1.0
MG_L30_T0_C25,30,0.0,25.0,10,QAUR,0.03170827193265624,1.0
MG_L30_T0_C25,30,0.0,25.0,11,QAUR,0.03592080452651669,1.0
MG_L30_T0_C25,30,0.0,25.0,12,QAUR,-0.00391085762398069,0.0
MG_L30_T0_C25,30,0.0,25.0,13,QAUR,0.014897676467314103,1.0
MG_L30_T0_C25,30,0.0,25.0,14,QAUR,0.13620413433401857,1.0
MG_L30_T0_C25,30,0.0,25.0,15,QAUR,0.0931364121141185,1.0
MG_L30_T0_C25,30,0.0,25.0,16,QAUR,0.05271473013604533,1.0
MG_L30_T0_C25,30,0.0,25.0,17,QAUR,0.04692701211276806,1.0
MG_L30_T0_C25,30,0.0,25.0,18,QAUR,-0.07638485168132958,0.0
MG_L30_T0_C25,30,0.0,25.0,19,QAUR,-0.14226807364052918,0.0
MG_L30_T0_C25,30,0.0,25.0,20,QAUR,-0.004822411899847223,0.0
MG_L30_T0_C25,30,0.0,25.0,21,QAUR,0.03930371974382085,1.0
MG_L30_T0_C25,30,0.0,25.0,22,QAUR,0.020432119435934926,1.0
MG_L30_T0_C25,30,0.0,25.0,23,QAUR,0.0377803398340526,1.0
MG_L30_T0_C25,30,0.0,25.0,24,QAUR,0.04302761093162988,1.0
MG_L30_T0_C25,30,0.0,25.0,25,QAUR,-0.044526337140654904,0.0
MG_L30_T0_C25,30,0.0,25.0,26,QAUR,0.05500683389223582,1.0
MG_L30_T0_C25,30,0.0,25.0,27,QAUR,0.024261994919728913,1.0
MG_L30_T0_C25,30,0.0,25.0,28,QAUR,-0.06360496767309076,0.0
MG_L30_T0_C25,30,0.0,25.0,29,QAUR,-0.042160670007913126,0.0
MG_L30_T0_C25,30,0.0,25.0,30,QAUR,0.00938647198194209,1.0
MG_L30_T0_C25,30,0.0,25.0,31,QAUR,0.005396174323750946,1.0
MG_L30_T0_C25,30,0.0,25.0,32,QAUR,0.010980076795036542,1.0
MG_L30_T0_C25,30,0.0,25.0,33,QAUR,0.0580317290338046,1.0
MG_L30_T0_C25,30,0.0,25.0,34,QAUR,0.008645211830568877,1.0
MG_L30_T0_C25,30,0.0,25.0,35,QAUR,0.08754876887216367,1.0
MG_L30_T0_C25,30,0.0,25.0,36,QAUR,0.00848867722709512,1.0
MG_L30_T0_C25,30,0.0,25.0,37,QAUR,-0.08134507696186388,0.0
MG_L30_T0_C25,30,0.0,25.0,38,QAUR,0.07268908997827261,1.0
MG_L30_T0_C25,30,0.0,25.0,39,QAUR,0.04366618978347092,1.0
MG_L30_T0_C25,30,0.0,25.0,40,QAUR,0.10081369076385793,1.0
MG_L30_T0_C25,30,0.0,25.0,41,QAUR,0.06760704478325508,1.0
MG_L30_T0_C25,30,0.0,25.0,42,QAUR,0.009747704049341,1.0
MG_L30_T0_C25,30,0.0,25.0,43,QAUR,-0.03173028365208308,0.0
MG_L30_T0_C25,30,0.0,25.0,44,QAUR,0.03892282426212157,1.0
MG_L30_T0_C25,30,0.0,25.0,45,QAUR,0.007100792207989537,1.0
MG_L30_T0_C25,30,0.0,25.0,46,QAUR,0.028277882195941517,1.0
MG_L30_T0_C25,30,0.0,25.0,47,QAUR,0.0289756740436502,1.0
MG_L30_T0_C25,30,0.0,25.0,48,QAUR,-0.023402721203916732,0.0
MG_L30_T0_C25,30,0.0,25.0,49,QAUR,0.008201866397478996,1.0
MG_L30_T0_C25,30,0.0,25.0,50,QAUR,-0.008845996241597653,0.0
MG_L30_T0_C25,30,0.0,25.0,51,QAUR,0.002656941114178135,1.0
MG_L30_T0_C25,30,0.0,25.0,52,QAUR,-0.040424827419010434,0.0
MG_L30_T0_C50,30,0.0,50.0,0,AUR,0.09147315131480638,1.0
MG_L30_T0_C50,30,0.0,50.0,1,AUR,-0.130001579832126,0.0
MG_L30_T0_C50,30,0.0,50.0,2,AUR,-0.14080594425139403,0.0
MG_L30_T0_C50,30,0.0,50.0,3,AUR,-0.09177477008190527,0.0
MG_L30_T0_C50,30,0.0,50.0,4,AUR,0.11409139778866861,1.0
MG_L30_T0_C50,30,0.0,50.0,5,AUR,0.07103619050972099,1.0
MG_L30_T0_C50,30,0.0,50.0,6,AUR,-0.10817215022286031,0.0
MG_L30_T0_C50,30,0.0,50.0,7,AUR,-0.2008003722511168,0.0
MG_L30_T0_C50,30,0.0,50.0,8,AUR,-0.09764707062324074,0.0
MG_L30_T0_C50,30,0.0,50.0,9,AUR,0.09512151824426729,1.0
MG_L30_T0_C50,30,0.0,50.0,10,AUR,0.03170827193265624,1.0
MG_L30_T0_C50,30,0.0,50.0,11,AUR,0.03592080452651669,1.0
MG_L30_T0_C50,30,0.0,50.0,12,AUR,-0.00391085762398069,0.0
MG_L30_T0_C50,30,0.0,50.0,13,AUR,0.014897676467314103,1.0
MG_L30_T0_C50,30,0.0,50.0,14,AUR,0.13620413433401857,1.0
MG_L30_T0_C50,30,0.0,50.0,15,AUR,0.0931364121141185,1.0
MG_L30_T0_C50,30,0.0,50.0,16,AUR,0.05271473013604533,1.0
MG_L30_T0_C50,30,0.0,50.0,17,AUR,0.04692701211276806,1.0
MG_L30_T0_C50,30,0.0,50.0,18,AUR,-0.07638485168132958,0.0
MG_L30_T0_C50,30,0.0,50.0,19,AUR,-0.14226807364052918,0.0
MG_L30_T0_C50,30,0.0,50.0,20,AUR,-0.004822411899847223,0.0
MG_L30_T0_C50,30,0.0,50.0,21,AUR,0.03930371974382085,1.0
MG_L30_T0_C50,30,0.0,50.0,22,AUR,0.020432119435934926,1.0
MG_L30_T0_C50,30,0.0,50.0,23,AUR,0.0377803398340526,1.0
MG_L30_T0_C50,30,0.0,50.0,24,AUR,0.04302761093162988,1.0
MG_L30_T0_C50,30,0.0,50.0,25,AUR,-0.044526337140654904,0.0
MG_L30_T0_C50,30,0.0,50.0,26,AUR,0.05500683389223582,1.0
MG_L30_T0_C50,30,0.0,50.0,27,AUR,0.024261994919728913,1.0
MG_L30_T0_C50,30,0.0,50.0,28,AUR,-0.06360496767309076,0.0
MG_L30_T0_C50,30,0.0,50.0,29,AUR,-0.042160670007913126,0.0
MG_L30_T0_C50,30,0.0,50.0,30,AUR,0.00938647198194209,1.0
MG_L30_T0_C50,30,0.0,50.0,31,AUR,0.005396174323750946,1.0
MG_L30_T0_C50,30,0.0,50.0,32,AUR,0.010980076795036542,1.0
MG_L30_T0_C50,30,0.0,50.0,33,AUR,0.0580317290338046,1.0
MG_L30_T0_C50,30,0.0,50.0,34,AUR,0.008645211830568877,1.0
MG_L30_T0_C50,30,0.0,50.0,35,AUR,0.08754876887216367,1.0
MG_L30_T0_C50,30,0.0,50.0,36,AUR,0.00848867722709512,1.0
MG_L30_T0_C50,30,0.0,50.0,37,AUR,-0.08134507696186388,0.0
MG_L30_T0_C50,30,0.0,50.0,38,AUR,0.07268908997827261,1.0
MG_L30_T0_C50,30,0.0,50.0,39,AUR,0.04366618978347092,1.0
MG_L30_T0_C50,30,0.0,50.0,40,AUR,0.10081369076385793,1.0
MG_L30_T0_C50,30,0.0,50.0,41,AUR,0.06760704478325508,1.0
MG_L30_T0_C50,30,0.0,50.0,42,AUR,0.009747704049341,1.0
MG_L30_T0_C50,30,0.0,50.0,43,AUR,-0.03173028365208308,0.0
MG_L30_T0_C50,30,0.0,50.0,44,AUR,0.03892282426212157,1.0
MG_L30_T0_C50,30,0.0,50.0,45,AUR,0.007100792207989537,1.0
MG_L30_T0_C50,30,0.0,50.0,46,AUR,0.028277882195941517,1.0
MG_L30_T0_C50,30,0.0,50.0,47,AUR,0.0289756740436502,1.0
MG_L30_T0_C50,30,0.0,50.0,48,AUR,-0.023402721203916732,0.0
MG_L30_T0_C50,30,0.0,50.0,49,AUR,0.008201866397478996,1.0
MG_L30_T0_C50,30,0.0,50.0,50,AUR,-0.008845996241597653,0.0
MG_L30_T0_C50,30,0.0,50.0,51,AUR,0.002656941114178135,1.0
MG_L30_T0_C50,30,0.0,50.0,52,AUR,-0.040424827419010434,0.0
MG_L30_T0_C50,30,0.0,50.0,0,QAUR,0.09147315131480638,1.0
MG_L30_T0_C50,30,0.0,50.0,1,QAUR,-0.130001579832126,0.0
MG_L30_T0_C50,30,0.0,50.0,2,QAUR,-0.14080594425139403,0.0
MG_L30_T0_C50,30,0.0,50.0,3,QAUR,-0.09177477008190527,0.0
MG_L30_T0_C50,30,0.0,50.0,4,QAUR,0.11409139778866861,1.0
MG_L30_T0_C50,30,0.0,50.0,5,QAUR,0.07103619050972099,1.0
MG_L30_T0_C50,30,0.0,50.0,6,QAUR,-0.10817215022286031,0.0
MG_L30_T0_C50,30,0.0,50.0,7,QAUR,-0.2008003722511168,0.0
MG_L30_T0_C50,30,0.0,50.0,8,QAUR,-0.09764707062324074,0.0
MG_L30_T0_C50,30,0.0,50.0,9,QAUR,0.09512151824426729,1.0
MG_L30_T0_C50,30,0.0,50.0,10,QAUR,0.03170827193265624,1.0
MG_L30_T0_C50,30,0.0,50.0,11,QAUR,0.03592080452651669,1.0
MG_L30_T0_C50,30,0.0,50.0,12,QAUR,-0.00391085762398069,0.0
MG_L30_T0_C50,30,0.0,50.0,13,QAUR,0.014897676467314103,1.0
MG_L30_T0_C50,30,0.0,50.0,14,QAUR,0.13620413433401857,1.0
MG_L30_T0_C50,30,0.0,50.0,15,QAUR,0.0931364121141185,1.0
MG_L30_T0_C50,30,0.0,50.0,16,QAUR,0.05271473013604533,1.0
MG_L30_T0_C50,30,0.0,50.0,17,QAUR,0.04692701211276806,1.0
MG_L30_T0_C50,30,0.0,50.0,18,QAUR,-0.07638485168132958,0.0
MG_L30_T0_C50,30,0.0,50.0,19,QAUR,-0.14226807364052918,0.0
MG_L30_T0_C50,30,0.0,50.0,20,QAUR,-0.004822411899847223,0.0
MG_L30_T0_C50,30,0.0,50.0,21,QAUR,0.03930371974382085,1.0
MG_L30_T0_C50,30,0.0,50.0,22,QAUR,0.020432119435934926,1.0
MG_L30_T0_C50,30,0.0,50.0,23,QAUR,0.0377803398340526,1.0
MG_L30_T0_C50,30,0.0,50.0,24,QAUR,0.04302761093162988,1.0
MG_L30_T0_C50,30,0.0,50.0,25,QAUR,-0.044526337140654904,0.0
MG_L30_T0_C50,30,0.0,50.0,26,QAUR,0.05500683389223582,1.0
MG_L30_T0_C50,30,0.0,50.0,27,QAUR,0.024261994919728913,1.0
MG_L30_T0_C50,30,0.0,50.0,28,QAUR,-0.06360496767309076,0.0
MG_L30_T0_C50,30,0.0,50.0,29,QAUR,-0.042160670007913126,0.0
MG_L30_T0_C50,30,0.0,50.0,30,QAUR,0.00938647198194209,1.0
MG_L30_T0_C50,30,0.0,50.0,31,QAUR,0.005396174323750946,1.0
MG_L30_T0_C50,30,0.0,50.0,32,QAUR,0.010980076795036542,1.0
MG_L30_T0_C50,30,0.0,50.0,33,QAUR,0.0580317290338046,1.0
MG_L30_T0_C50,30,0.0,50.0,34,QAUR,0.008645211830568877,1.0
MG_L30_T0_C50,30,0.0,50.0,35,QAUR,0.08754876887216367,1.0
MG_L30_T0_C50,30,0.0,50.0,36,QAUR,0.00848867722709512,1.0
MG_L30_T0_C50,30,0.0,50.0,37,QAUR,-0.08134507696186388,0.0
MG_L30_T0_C50,30,0.0,50.0,38,QAUR,0.07268908997827261,1.0
MG_L30_T0_C50,30,0.0,50.0,39,QAUR,0.04366618978347092,1.0
MG_L30_T0_C50,30,0.0,50.0,40,QAUR,0.10081369076385793,1.0
MG_L30_T0_C50,30,0.0,50.0,41,QAUR,0.06760704478325508,1.0
MG_L30_T0_C50,30,0.0,50.0,42,QAUR,0.009747704049341,1.0
MG_L30_T0_C50,30,0.0,50.0,43,QAUR,-0.03173028365208308,0.0
MG_L30_T0_C50,30,0.0,50.0,44,QAUR,0.03892282426212157,1.0
MG_L30_T0_C50,30,0.0,50.0,45,QAUR,0.007100792207989537,1.0
MG_L30_T0_C50,30,0.0,50.0,46,QAUR,0.028277882195941517,1.0
MG_L30_T0_C50,30,0.0,50.0,47,QAUR,0.0289756740436502,1.0
MG_L30_T0_C50,30,0.0,50.0,48,QAUR,-0.023402721203916732,0.0
MG_L30_T0_C50,30,0.0,50.0,49,QAUR,0.008201866397478996,1.0
MG_L30_T0_C50,30,0.0,50.0,50,QAUR,-0.008845996241597653,0.0
MG_L30_T0_C50,30,0.0,50.0,51,QAUR,0.002656941114178135,1.0
MG_L30_T0_C50,30,0.0,50.0,52,QAUR,-0.040424827419010434,0.0
MG_L30_T0_C100,30,0.0,100.0,0,AUR,0.09147315131480638,1.0
MG_L30_T0_C100,30,0.0,100.0,1,AUR,-0.130001579832126,0.0
MG_L30_T0_C100,30,0.0,100.0,2,AUR,-0.14080594425139403,0.0
MG_L30_T0_C100,30,0.0,100.0,3,AUR,-0.09177477008190527,0.0
MG_L30_T0_C100,30,0.0,100.0,4,AUR,0.11409139778866861,1.0
MG_L30_T0_C100,30,0.0,100.0,5,AUR,0.07103619050972099,1.0
MG_L30_T0_C100,30,0.0,100.0,6,AUR,-0.10817215022286031,0.0
MG_L30_T0_C100,30,0.0,100.0,7,AUR,-0.2008003722511168,0.0
MG_L30_T0_C100,30,0.0,100.0,8,AUR,-0.09764707062324074,0.0
MG_L30_T0_C100,30,0.0,100.0,9,AUR,0.09512151824426729,1.0
MG_L30_T0_C100,30,0.0,100.0,10,AUR,0.03170827193265624,1.0
MG_L30_T0_C100,30,0.0,100.0,11,AUR,0.03592080452651669,1.0
MG_L30_T0_C100,30,0.0,100.0,12,AUR,-0.00391085762398069,0.0
MG_L30_T0_C100,30,0.0,100.0,13,AUR,0.014897676467314103,1.0
MG_L30_T0_C100,30,0.0,100.0,14,AUR,0.13620413433401857,1.0
MG_L30_T0_C100,30,0.0,100.0,15,AUR,0.0931364121141185,1.0
MG_L30_T0_C100,30,0.0,100.0,16,AUR,0.05271473013604533,1.0
MG_L30_T0_C100,30,0.0,100.0,17,AUR,0.04692701211276806,1.0
MG_L30_T0_C100,30,0.0,100.0,18,AUR,-0.07638485168132958,0.0
MG_L30_T0_C100,30,0.0,100.0,19,AUR,-0.14226807364052918,0.0
MG_L30_T0_C100,30,0.0,100.0,20,AUR,-0.004822411899847223,0.0
MG_L30_T0_C100,30,0.0,100.0,21,AUR,0.03930371974382085,1.0
MG_L30_T0_C100,30,0.0,100.0,22,AUR,0.020432119435934926,1.0
MG_L30_T0_C100,30,0.0,100.0,23,AUR,0.0377803398340526,1.0
MG_L30_T0_C100,30,0.0,100.0,24,AUR,0.04302761093162988,1.0
MG_L30_T0_C100,30,0.0,100.0,25,AUR,-0.044526337140654904,0.0
MG_L30_T0_C100,30,0.0,100.0,26,AUR,0.05500683389223582,1.0
MG_L30_T0_C100,30,0.0,100.0,27,AUR,0.024261994919728913,1.0
MG_L30_T0_C100,30,0.0,100.0,28,AUR,-0.06360496767309076,0.0
MG_L30_T0_C100,30,0.0,100.0,29,AUR,-0.042160670007913126,0.0
MG_L30_T0_C100,30,0.0,100.0,30,AUR,0.00938647198194209,1.0
MG_L30_T0_C100,30,0.0,100.0,31,AUR,0.005396174323750946,1.0
MG_L30_T0_C100,30,0.0,100.0,32,AUR,0.010980076795036542,1.0
MG_L30_T0_C100,30,0.0,100.0,33,AUR,0.0580317290338046,1.0
MG_L30_T0_C100,30,0.0,100.0,34,AUR,0.008645211830568877,1.0
MG_L30_T0_C100,30,0.0,100.0,35,AUR,0.08754876887216367,1.0
MG_L30_T0_C100,30,0.0,100.0,36,AUR,0.00848867722709512,1.0
MG_L30_T0_C100,30,0.0,100.0,37,AUR,-0.08134507696186388,0.0
MG_L30_T0_C100,30,0.0,100.0,38,AUR,0.07268908997827261,1.0
MG_L30_T0_C100,30,0.0,100.0,39,AUR,0.04366618978347092,1.0
MG_L30_T0_C100,30,0.0,100.0,40,AUR,0.10081369076385793,1.0
MG_L30_T0_C100,30,0.0,100.0,41,AUR,0.06760704478325508,1.0
MG_L30_T0_C100,30,0.0,100.0,42,AUR,0.009747704049341,1.0
MG_L30_T0_C100,30,0.0,100.0,43,AUR,-0.03173028365208308,0.0
MG_L30_T0_C100,30,0.0,100.0,44,AUR,0.03892282426212157,1.0
MG_L30_T0_C100,30,0.0,100.0,45,AUR,0.007100792207989537,1.0
MG_L30_T0_C100,30,0.0,100.0,46,AUR,0.028277882195941517,1.0
MG_L30_T0_C100,30,0.0,100.0,47,AUR,0.0289756740436502,1.0
MG_L30_T0_C100,30,0.0,100.0,48,AUR,-0.023402721203916732,0.0
MG_L30_T0_C100,30,0.0,100.0,49,AUR,0.008201866397478996,1.0
MG_L30_T0_C100,30,0.0,100.0,50,AUR,-0.008845996241597653,0.0
MG_L30_T0_C100,30,0.0,100.0,51,AUR,0.002656941114178135,1.0
MG_L30_T0_C100,30,0.0,100.0,52,AUR,-0.040424827419010434,0.0
MG_L30_T0_C100,30,0.0,100.0,0,QAUR,0.09147315131480638,1.0
MG_L30_T0_C100,30,0.0,100.0,1,QAUR,-0.130001579832126,0.0
MG_L30_T0_C100,30,0.0,100.0,2,QAUR,-0.14080594425139403,0.0
MG_L30_T0_C100,30,0.0,100.0,3,QAUR,-0.09177477008190527,0.0
MG_L30_T0_C100,30,0.0,100.0,4,QAUR,0.11409139778866861,1.0
MG_L30_T0_C100,30,0.0,100.0,5,QAUR,0.07103619050972099,1.0
MG_L30_T0_C100,30,0.0,100.0,6,QAUR,-0.10817215022286031,0.0
MG_L30_T0_C100,30,0.0,100.0,7,QAUR,-0.2008003722511168,0.0
MG_L30_T0_C100,30,0.0,100.0,8,QAUR,-0.09764707062324074,0.0
MG_L30_T0_C100,30,0.0,100.0,9,QAUR,0.09512151824426729,1.0
MG_L30_T0_C100,30,0.0,100.0,10,QAUR,0.03170827193265624,1.0
MG_L30_T0_C100,30,0.0,100.0,11,QAUR,0.03592080452651669,1.0
MG_L30_T0_C100,30,0.0,100.0,12,QAUR,-0.00391085762398069,0.0
MG_L30_T0_C100,30,0.0,100.0,13,QAUR,0.014897676467314103,1.0
MG_L30_T0_C100,30,0.0,100.0,14,QAUR,0.13620413433401857,1.0
MG_L30_T0_C100,30,0.0,100.0,15,QAUR,0.0931364121141185,1.0
MG_L30_T0_C100,30,0.0,100.0,16,QAUR,0.05271473013604533,1.0
MG_L30_T0_C100,30,0.0,100.0,17,QAUR,0.04692701211276806,1.0
MG_L30_T0_C100,30,0.0,100.0,18,QAUR,-0.07638485168132958,0.0
MG_L30_T0_C100,30,0.0,100.0,19,QAUR,-0.14226807364052918,0.0
MG_L30_T0_C100,30,0.0,100.0,20,QAUR,-0.004822411899847223,0.0
MG_L30_T0_C100,30,0.0,100.0,21,QAUR,0.03930371974382085,1.0
MG_L30_T0_C100,30,0.0,100.0,22,QAUR,0.020432119435934926,1.0
MG_L30_T0_C100,30,0.0,100.0,23,QAUR,0.0377803398340526,1.0
MG_L30_T0_C100,30,0.0,100.0,24,QAUR,0.04302761093162988,1.0
MG_L30_T0_C100,30,0.0,100.0,25,QAUR,-0.044526337140654904,0.0
MG_L30_T0_C100,30,0.0,100.0,26,QAUR,0.05500683389223582,1.0
MG_L30_T0_C100,30,0.0,100.0,27,QAUR,0.024261994919728913,1.0
MG_L30_T0_C100,30,0.0,100.0,28,QAUR,-0.06360496767309076,0.0
MG_L30_T0_C100,30,0.0,100.0,29,QAUR,-0.042160670007913126,0.0
MG_L30_T0_C100,30,0.0,100.0,30,QAUR,0.00938647198194209,1.0
MG_L30_T0_C100,30,0.0,100.0,31,QAUR,0.005396174323750946,1.0
MG_L30_T0_C100,30,0.0,100.0,32,QAUR,0.010980076795036542,1.0
MG_L30_T0_C100,30,0.0,100.0,33,QAUR,0.0580317290338046,1.0
MG_L30_T0_C100,30,0.0,100.0,34,QAUR,0.008645211830568877,1.0
MG_L30_T0_C100,30,0.0,100.0,35,QAUR,0.08754876887216367,1.0
MG_L30_T0_C100,30,0.0,100.0,36,QAUR,0.00848867722709512,1.0
MG_L30_T0_C100,30,0.0,100.0,37,QAUR,-0.08134507696186388,0.0
MG_L30_T0_C100,30,0.0,100.0,38,QAUR,0.07268908997827261,1.0
MG_L30_T0_C100,30,0.0,100.0,39,QAUR,0.04366618978347092,1.0
MG_L30_T0_C100,30,0.0,100.0,40,QAUR,0.10081369076385793,1.0
MG_L30_T0_C100,30,0.0,100.0,41,QAUR,0.06760704478325508,1.0
MG_L30_T0_C100,30,0.0,100.0,42,QAUR,0.009747704049341,1.0
MG_L30_T0_C100,30,0.0,100.0,43,QAUR,-0.03173028365208308,0.0
MG_L30_T0_C100,30,0.0,100.0,44,QAUR,0.03892282426212157,1.0
MG_L30_T0_C100,30,0.0,100.0,45,QAUR,0.007100792207989537,1.0
MG_L30_T0_C100,30,0.0,100.0,46,QAUR,0.028277882195941517,1.0
MG_L30_T0_C100,30,0.0,100.0,47,QAUR,0.0289756740436502,1.0
MG_L30_T0_C100,30,0.0,100.0,48,QAUR,-0.023402721203916732,0.0
MG_L30_T0_C100,30,0.0,100.0,49,QAUR,0.008201866397478996,1.0
MG_L30_T0_C100,30,0.0,100.0,50,QAUR,-0.008845996241597653,0.0
MG_L30_T0_C100,30,0.0,100.0,51,QAUR,0.002656941114178135,1.0
MG_L30_T0_C100,30,0.0,100.0,52,QAUR,-0.040424827419010434,0.0
MG_L30_T2_C0,30,0.02,0.0,0,AUR,0.09147315131480638,1.0
MG_L30_T2_C0,30,0.02,0.0,1,AUR,-0.130001579832126,0.0
MG_L30_T2_C0,30,0.02,0.0,2,AUR,-0.14080594425139403,0.0
MG_L30_T2_C0,30,0.02,0.0,3,AUR,-0.09177477008190527,0.0
MG_L30_T2_C0,30,0.02,0.0,4,AUR,0.11409139778866861,1.0
MG_L30_T2_C0,30,0.02,0.0,5,AUR,0.07103619050972099,1.0
MG_L30_T2_C0,30,0.02,0.0,6,AUR,-0.10817215022286031,0.0
MG_L30_T2_C0,30,0.02,0.0,7,AUR,-0.2008003722511168,0.0
MG_L30_T2_C0,30,0.02,0.0,8,AUR,-0.09764707062324074,0.0
MG_L30_T2_C0,30,0.02,0.0,9,AUR,0.09512151824426729,1.0
MG_L30_T2_C0,30,0.02,0.0,10,AUR,0.03170827193265624,1.0
MG_L30_T2_C0,30,0.02,0.0,11,AUR,0.03592080452651669,1.0
MG_L30_T2_C0,30,0.02,0.0,12,AUR,-0.00391085762398069,0.0
MG_L30_T2_C0,30,0.02,0.0,13,AUR,0.014897676467314103,0.0
MG_L30_T2_C0,30,0.02,0.0,14,AUR,0.13620413433401857,1.0
MG_L30_T2_C0,30,0.02,0.0,15,AUR,0.0931364121141185,1.0
MG_L30_T2_C0,30,0.02,0.0,16,AUR,0.05271473013604533,1.0
MG_L30_T2_C0,30,0.02,0.0,17,AUR,0.04692701211276806,1.0
MG_L30_T2_C0,30,0.02,0.0,18,AUR,-0.07638485168132958,0.0
MG_L30_T2_C0,30,0.02,0.0,19,AUR,-0.14226807364052918,0.0
MG_L30_T2_C0,30,0.02,0.0,20,AUR,-0.004822411899847223,0.0
MG_L30_T2_C0,30,0.02,0.0,21,AUR,0.03930371974382085,1.0
MG_L30_T2_C0,30,0.02,0.0,22,AUR,0.020432119435934926,1.0
MG_L30_T2_C0,30,0.02,0.0,23,AUR,0.0377803398340526,1.0
MG_L30_T2_C0,30,0.02,0.0,24,AUR,0.04302761093162988,1.0
MG_L30_T2_C0,30,0.02,0.0,25,AUR,-0.044526337140654904,0.0
MG_L30_T2_C0,30,0.02,0.0,26,AUR,0.05500683389223582,1.0
MG_L30_T2_C0,30,0.02,0.0,27,AUR,0.024261994919728913,1.0
MG_L30_T2_C0,30,0.02,0.0,28,AUR,-0.06360496767309076,0.0
MG_L30_T2_C0,30,0.02,0.0,29,AUR,-0.042160670007913126,0.0
MG_L30_T2_C0,30,0.02,0.0,30,AUR,0.00938647198194209,0.0
MG_L30_T2_C0,30,0.02,0.0,31,AUR,0.005396174323750946,0.0
MG_L30_T2_C0,30,0.02,0.0,32,AUR,0.010980076795036542,0.0
MG_L30_T2_C0,30,0.02,0.0,33,AUR,0.0580317290338046,1.0
MG_L30_T2_C0,30,0.02,0.0,34,AUR,0.008645211830568877,0.0
MG_L30_T2_C0,30,0.02,0.0,35,AUR,0.08754876887216367,1.0
MG_L30_T2_C0,30,0.02,0.0,36,AUR,0.00848867722709512,0.0
MG_L30_T2_C0,30,0.02,0.0,37,AUR,-0.08134507696186388,0.0
MG_L30_T2_C0,30,0.02,0.0,38,AUR,0.07268908997827261,1.0
MG_L30_T2_C0,30,0.02,0.0,39,AUR,0.04366618978347092,1.0
MG_L30_T2_C0,30,0.02,0.0,40,AUR,0.10081369076385793,1.0
MG_L30_T2_C0,30,0.02,0.0,41,AUR,0.06760704478325508,1.0
MG_L30_T2_C0,30,0.02,0.0,42,AUR,0.009747704049341,0.0
MG_L30_T2_C0,30,0.02,0.0,43,AUR,-0.03173028365208308,0.0
MG_L30_T2_C0,30,0.02,0.0,44,AUR,0.03892282426212157,1.0
MG_L30_T2_C0,30,0.02,0.0,45,AUR,0.007100792207989537,0.0
MG_L30_T2_C0,30,0.02,0.0,46,AUR,0.028277882195941517,1.0
MG_L30_T2_C0,30,0.02,0.0,47,AUR,0.0289756740436502,1.0
MG_L30_T2_C0,30,0.02,0.0,48,AUR,-0.023402721203916732,0.0
MG_L30_T2_C0,30,0.02,0.0,49,AUR,0.008201866397478996,0.0
MG_L30_T2_C0,30,0.02,0.0,50,AUR,-0.008845996241597653,0.0
MG_L30_T2_C0,30,0.02,0.0,51,AUR,0.002656941114178135,0.0
MG_L30_T2_C0,30,0.02,0.0,52,AUR,-0.040424827419010434,0.0
MG_L30_T2_C0,30,0.02,0.0,0,QAUR,0.09147315131480638,1.0
MG_L30_T2_C0,30,0.02,0.0,1,QAUR,-0.130001579832126,0.0
MG_L30_T2_C0,30,0.02,0.0,2,QAUR,-0.14080594425139403,0.0
MG_L30_T2_C0,30,0.02,0.0,3,QAUR,-0.09177477008190527,0.0
MG_L30_T2_C0,30,0.02,0.0,4,QAUR,0.11409139778866861,1.0
MG_L30_T2_C0,30,0.02,0.0,5,QAUR,0.07103619050972099,1.0
MG_L30_T2_C0,30,0.02,0.0,6,QAUR,-0.10817215022286031,0.0
MG_L30_T2_C0,30,0.02,0.0,7,QAUR,-0.2008003722511168,0.0
MG_L30_T2_C0,30,0.02,0.0,8,QAUR,-0.09764707062324074,0.0
MG_L30_T2_C0,30,0.02,0.0,9,QAUR,0.09512151824426729,1.0
MG_L30_T2_C0,30,0.02,0.0,10,QAUR,0.03170827193265624,1.0
MG_L30_T2_C0,30,0.02,0.0,11,QAUR,0.03592080452651669,1.0
MG_L30_T2_C0,30,0.02,0.0,12,QAUR,-0.00391085762398069,0.0
MG_L30_T2_C0,30,0.02,0.0,13,QAUR,0.014897676467314103,0.0
MG_L30_T2_C0,30,0.02,0.0,14,QAUR,0.13620413433401857,1.0
MG_L30_T2_C0,30,0.02,0.0,15,QAUR,0.0931364121141185,1.0
MG_L30_T2_C0,30,0.02,0.0,16,QAUR,0.05271473013604533,1.0
MG_L30_T2_C0,30,0.02,0.0,17,QAUR,0.04692701211276806,1.0
MG_L30_T2_C0,30,0.02,0.0,18,QAUR,-0.07638485168132958,0.0
MG_L30_T2_C0,30,0.02,0.0,19,QAUR,-0.14226807364052918,0.0
MG_L30_T2_C0,30,0.02,0.0,20,QAUR,-0.004822411899847223,0.0
MG_L30_T2_C0,30,0.02,0.0,21,QAUR,0.03930371974382085,1.0
MG_L30_T2_C0,30,0.02,0.0,22,QAUR,0.020432119435934926,1.0
MG_L30_T2_C0,30,0.02,0.0,23,QAUR,0.0377803398340526,1.0
MG_L30_T2_C0,30,0.02,0.0,24,QAUR,0.04302761093162988,1.0
MG_L30_T2_C0,30,0.02,0.0,25,QAUR,-0.044526337140654904,0.0
MG_L30_T2_C0,30,0.02,0.0,26,QAUR,0.05500683389223582,1.0
MG_L30_T2_C0,30,0.02,0.0,27,QAUR,0.024261994919728913,1.0
MG_L30_T2_C0,30,0.02,0.0,28,QAUR,-0.06360496767309076,0.0
MG_L30_T2_C0,30,0.02,0.0,29,QAUR,-0.042160670007913126,0.0
MG_L30_T2_C0,30,0.02,0.0,30,QAUR,0.00938647198194209,0.0
MG_L30_T2_C0,30,0.02,0.0,31,QAUR,0.005396174323750946,0.0
MG_L30_T2_C0,30,0.02,0.0,32,QAUR,0.010980076795036542,0.0
MG_L30_T2_C0,30,0.02,0.0,33,QAUR,0.0580317290338046,1.0
MG_L30_T2_C0,30,0.02,0.0,34,QAUR,0.008645211830568877,0.0
MG_L30_T2_C0,30,0.02,0.0,35,QAUR,0.08754876887216367,1.0
MG_L30_T2_C0,30,0.02,0.0,36,QAUR,0.00848867722709512,0.0
MG_L30_T2_C0,30,0.02,0.0,37,QAUR,-0.08134507696186388,0.0
MG_L30_T2_C0,30,0.02,0.0,38,QAUR,0.07268908997827261,1.0
MG_L30_T2_C0,30,0.02,0.0,39,QAUR,0.04366618978347092,1.0
MG_L30_T2_C0,30,0.02,0.0,40,QAUR,0.10081369076385793,1.0
MG_L30_T2_C0,30,0.02,0.0,41,QAUR,0.06760704478325508,1.0
MG_L30_T2_C0,30,0.02,0.0,42,QAUR,0.009747704049341,0.0
MG_L30_T2_C0,30,0.02,0.0,43,QAUR,-0.03173028365208308,0.0
MG_L30_T2_C0,30,0.02,0.0,44,QAUR,0.03892282426212157,1.0
MG_L30_T2_C0,30,0.02,0.0,45,QAUR,0.007100792207989537,0.0
MG_L30_T2_C0,30,0.02,0.0,46,QAUR,0.028277882195941517,1.0
MG_L30_T2_C0,30,0.02,0.0,47,QAUR,0.0289756740436502,1.0
MG_L30_T2_C0,30,0.02,0.0,48,QAUR,-0.023402721203916732,0.0
MG_L30_T2_C0,30,0.02,0.0,49,QAUR,0.008201866397478996,0.0
MG_L30_T2_C0,30,0.02,0.0,50,QAUR,-0.008845996241597653,0.0
MG_L30_T2_C0,30,0.02,0.0,51,QAUR,0.002656941114178135,0.0
MG_L30_T2_C0,30,0.02,0.0,52,QAUR,-0.040424827419010434,0.0
MG_L30_T2_C25,30,0.02,25.0,0,AUR,0.09147315131480638,1.0
MG_L30_T2_C25,30,0.02,25.0,1,AUR,-0.130001579832126,0.0
MG_L30_T2_C25,30,0.02,25.0,2,AUR,-0.14080594425139403,0.0
MG_L30_T2_C25,30,0.02,25.0,3,AUR,-0.09177477008190527,0.0
MG_L30_T2_C25,30,0.02,25.0,4,AUR,0.11409139778866861,1.0
MG_L30_T2_C25,30,0.02,25.0,5,AUR,0.07103619050972099,1.0
MG_L30_T2_C25,30,0.02,25.0,6,AUR,-0.10817215022286031,0.0
MG_L30_T2_C25,30,0.02,25.0,7,AUR,-0.2008003722511168,0.0
MG_L30_T2_C25,30,0.02,25.0,8,AUR,-0.09764707062324074,0.0
MG_L30_T2_C25,30,0.02,25.0,9,AUR,0.09512151824426729,1.0
MG_L30_T2_C25,30,0.02,25.0,10,AUR,0.03170827193265624,1.0
MG_L30_T2_C25,30,0.02,25.0,11,AUR,0.03592080452651669,1.0
MG_L30_T2_C25,30,0.02,25.0,12,AUR,-0.00391085762398069,0.0
MG_L30_T2_C25,30,0.02,25.0,13,AUR,0.014897676467314103,0.0
MG_L30_T2_C25,30,0.02,25.0,14,AUR,0.13620413433401857,1.0
MG_L30_T2_C25,30,0.02,25.0,15,AUR,0.0931364121141185,1.0
MG_L30_T2_C25,30,0.02,25.0,16,AUR,0.05271473013604533,1.0
MG_L30_T2_C25,30,0.02,25.0,17,AUR,0.04692701211276806,1.0
MG_L30_T2_C25,30,0.02,25.0,18,AUR,-0.07638485168132958,0.0
MG_L30_T2_C25,30,0.02,25.0,19,AUR,-0.14226807364052918,0.0
MG_L30_T2_C25,30,0.02,25.0,20,AUR,-0.004822411899847223,0.0
MG_L30_T2_C25,30,0.02,25.0,21,AUR,0.03930371974382085,1.0
MG_L30_T2_C25,30,0.02,25.0,22,AUR,0.020432119435934926,1.0
MG_L30_T2_C25,30,0.02,25.0,23,AUR,0.0377803398340526,1.0
MG_L30_T2_C25,30,0.02,25.0,24,AUR,0.04302761093162988,1.0
MG_L30_T2_C25,30,0.02,25.0,25,AUR,-0.044526337140654904,0.0
MG_L30_T2_C25,30,0.02,25.0,26,AUR,0.05500683389223582,1.0
MG_L30_T2_C25,30,0.02,25.0,27,AUR,0.024261994919728913,1.0
MG_L30_T2_C25,30,0.02,25.0,28,AUR,-0.06360496767309076,0.0
MG_L30_T2_C25,30,0.02,25.0,29,AUR,-0.042160670007913126,0.0
MG_L30_T2_C25,30,0.02,25.0,30,AUR,0.00938647198194209,0.0
MG_L30_T2_C25,30,0.02,25.0,31,AUR,0.005396174323750946,0.0
MG_L30_T2_C25,30,0.02,25.0,32,AUR,0.010980076795036542,0.0
MG_L30_T2_C25,30,0.02,25.0,33,AUR,0.0580317290338046,1.0
MG_L30_T2_C25,30,0.02,25.0,34,AUR,0.008645211830568877,0.0
MG_L30_T2_C25,30,0.02,25.0,35,AUR,0.08754876887216367,1.0
MG_L30_T2_C25,30,0.02,25.0,36,AUR,0.00848867722709512,0.0
MG_L30_T2_C25,30,0.02,25.0,37,AUR,-0.08134507696186388,0.0
MG_L30_T2_C25,30,0.02,25.0,38,AUR,0.07268908997827261,1.0
MG_L30_T2_C25,30,0.02,25.0,39,AUR,0.04366618978347092,1.0
MG_L30_T2_C25,30,0.02,25.0,40,AUR,0.10081369076385793,1.0
MG_L30_T2_C25,30,0.02,25.0,41,AUR,0.06760704478325508,1.0
MG_L30_T2_C25,30,0.02,25.0,42,AUR,0.009747704049341,0.0
MG_L30_T2_C25,30,0.02,25.0,43,AUR,-0.03173028365208308,0.0
MG_L30_T2_C25,30,0.02,25.0,44,AUR,0.03892282426212157,1.0
MG_L30_T2_C25,30,0.02,25.0,45,AUR,0.007100792207989537,0.0
MG_L30_T2_C25,30,0.02,25.0,46,AUR,0.028277882195941517,1.0
MG_L30_T2_C25,30,0.02,25.0,47,AUR,0.0289756740436502,1.0
MG_L30_T2_C25,30,0.02,25.0,48,AUR,-0.023402721203916732,0.0
MG_L30_T2_C25,30,0.02,25.0,49,AUR,0.008201866397478996,0.0
MG_L30_T2_C25,30,0.02,25.0,50,AUR,-0.008845996241597653,0.0
MG_L30_T2_C25,30,0.02,25.0,51,AUR,0.002656941114178135,0.0
MG_L30_T2_C25,30,0.02,25.0,52,AUR,-0.040424827419010434,0.0
MG_L30_T2_C25,30,0.02,25.0,0,QAUR,0.09147315131480638,1.0
MG_L30_T2_C25,30,0.02,25.0,1,QAUR,-0.130001579832126,0.0
MG_L30_T2_C25,30,0.02,25.0,2,QAUR,-0.14080594425139403,0.0
MG_L30_T2_C25,30,0.02,25.0,3,QAUR,-0.09177477008190527,0.0
MG_L30_T2_C25,30,0.02,25.0,4,QAUR,0.11409139778866861,1.0
MG_L30_T2_C25,30,0.02,25.0,5,QAUR,0.07103619050972099,1.0
MG_L30_T2_C25,30,0.02,25.0,6,QAUR,-0.10817215022286031,0.0
MG_L30_T2_C25,30,0.02,25.0,7,QAUR,-0.2008003722511168,0.0
MG_L30_T2_C25,30,0.02,25.0,8,QAUR,-0.09764707062324074,0.0
MG_L30_T2_C25,30,0.02,25.0,9,QAUR,0.09512151824426729,1.0
MG_L30_T2_C25,30,0.02,25.0,10,QAUR,0.03170827193265624,1.0
MG_L30_T2_C25,30,0.02,25.0,11,QAUR,0.03592080452651669,1.0
MG_L30_T2_C25,30,0.02,25.0,12,QAUR,-0.00391085762398069,0.0
MG_L30_T2_C25,30,0.02,25.0,13,QAUR,0.014897676467314103,0.0
MG_L30_T2_C25,30,0.02,25.0,14,QAUR,0.13620413433401857,1.0
MG_L30_T2_C25,30,0.02,25.0,15,QAUR,0.0931364121141185,1.0
MG_L30_T2_C25,30,0.02,25.0,16,QAUR,0.05271473013604533,1.0
MG_L30_T2_C25,30,0.02,25.0,17,QAUR,0.04692701211276806,1.0
MG_L30_T2_C25,30,0.02,25.0,18,QAUR,-0.07638485168132958,0.0
MG_L30_T2_C25,30,0.02,25.0,19,QAUR,-0.14226807364052918,0.0
MG_L30_T2_C25,30,0.02,25.0,20,QAUR,-0.004822411899847223,0.0
MG_L30_T2_C25,30,0.02,25.0,21,QAUR,0.03930371974382085,1.0
MG_L30_T2_C25,30,0.02,25.0,22,QAUR,0.020432119435934926,1.0
MG_L30_T2_C25,30,0.02,25.0,23,QAUR,0.0377803398340526,1.0
MG_L30_T2_C25,30,0.02,25.0,24,QAUR,0.04302761093162988,1.0
MG_L30_T2_C25,30,0.02,25.0,25,QAUR,-0.044526337140654904,0.0
MG_L30_T2_C25,30,0.02,25.0,26,QAUR,0.05500683389223582,1.0
MG_L30_T2_C25,30,0.02,25.0,27,QAUR,0.024261994919728913,1.0
MG_L30_T2_C25,30,0.02,25.0,28,QAUR,-0.06360496767309076,0.0
MG_L30_T2_C25,30,0.02,25.0,29,QAUR,-0.042160670007913126,0.0
MG_L30_T2_C25,30,0.02,25.0,30,QAUR,0.00938647198194209,0.0
MG_L30_T2_C25,30,0.02,25.0,31,QAUR,0.005396174323750946,0.0
MG_L30_T2_C25,30,0.02,25.0,32,QAUR,0.010980076795036542,0.0
MG_L30_T2_C25,30,0.02,25.0,33,QAUR,0.0580317290338046,1.0
MG_L30_T2_C25,30,0.02,25.0,34,QAUR,0.008645211830568877,0.0
MG_L30_T2_C25,30,0.02,25.0,35,QAUR,0.08754876887216367,1.0
MG_L30_T2_C25,30,0.02,25.0,36,QAUR,0.00848867722709512,0.0
MG_L30_T2_C25,30,0.02,25.0,37,QAUR,-0.08134507696186388,0.0
MG_L30_T2_C25,30,0.02,25.0,38,QAUR,0.07268908997827261,1.0
MG_L30_T2_C25,30,0.02,25.0,39,QAUR,0.04366618978347092,1.0
MG_L30_T2_C25,30,0.02,25.0,40,QAUR,0.10081369076385793,1.0
MG_L30_T2_C25,30,0.02,25.0,41,QAUR,0.06760704478325508,1.0
MG_L30_T2_C25,30,0.02,25.0,42,QAUR,0.009747704049341,0.0
MG_L30_T2_C25,30,0.02,25.0,43,QAUR,-0.03173028365208308,0.0
MG_L30_T2_C25,30,0.02,25.0,44,QAUR,0.03892282426212157,1.0
MG_L30_T2_C25,30,0.02,25.0,45,QAUR,0.007100792207989537,0.0
MG_L30_T2_C25,30,0.02,25.0,46,QAUR,0.028277882195941517,1.0
MG_L30_T2_C25,30,0.02,25.0,47,QAUR,0.0289756740436502,1.0
MG_L30_T2_C25,30,0.02,25.0,48,QAUR,-0.023402721203916732,0.0
MG_L30_T2_C25,30,0.02,25.0,49,QAUR,0.008201866397478996,0.0
MG_L30_T2_C25,30,0.02,25.0,50,QAUR,-0.008845996241597653,0.0
MG_L30_T2_C25,30,0.02,25.0,51,QAUR,0.002656941114178135,0.0
MG_L30_T2_C25,30,0.02,25.0,52,QAUR,-0.040424827419010434,0.0
MG_L30_T2_C50,30,0.02,50.0,0,AUR,0.09147315131480638,1.0
MG_L30_T2_C50,30,0.02,50.0,1,AUR,-0.130001579832126,0.0
MG_L30_T2_C50,30,0.02,50.0,2,AUR,-0.14080594425139403,0.0
MG_L30_T2_C50,30,0.02,50.0,3,AUR,-0.09177477008190527,0.0
MG_L30_T2_C50,30,0.02,50.0,4,AUR,0.11409139778866861,1.0
MG_L30_T2_C50,30,0.02,50.0,5,AUR,0.07103619050972099,1.0
MG_L30_T2_C50,30,0.02,50.0,6,AUR,-0.10817215022286031,0.0
MG_L30_T2_C50,30,0.02,50.0,7,AUR,-0.2008003722511168,0.0
MG_L30_T2_C50,30,0.02,50.0,8,AUR,-0.09764707062324074,0.0
MG_L30_T2_C50,30,0.02,50.0,9,AUR,0.09512151824426729,1.0
MG_L30_T2_C50,30,0.02,50.0,10,AUR,0.03170827193265624,1.0
MG_L30_T2_C50,30,0.02,50.0,11,AUR,0.03592080452651669,1.0
MG_L30_T2_C50,30,0.02,50.0,12,AUR,-0.00391085762398069,0.0
MG_L30_T2_C50,30,0.02,50.0,13,AUR,0.014897676467314103,0.0
MG_L30_T2_C50,30,0.02,50.0,14,AUR,0.13620413433401857,1.0
MG_L30_T2_C50,30,0.02,50.0,15,AUR,0.0931364121141185,1.0
MG_L30_T2_C50,30,0.02,50.0,16,AUR,0.05271473013604533,1.0
MG_L30_T2_C50,30,0.02,50.0,17,AUR,0.04692701211276806,1.0
MG_L30_T2_C50,30,0.02,50.0,18,AUR,-0.07638485168132958,0.0
MG_L30_T2_C50,30,0.02,50.0,19,AUR,-0.14226807364052918,0.0
MG_L30_T2_C50,30,0.02,50.0,20,AUR,-0.004822411899847223,0.0
MG_L30_T2_C50,30,0.02,50.0,21,AUR,0.03930371974382085,1.0
MG_L30_T2_C50,30,0.02,50.0,22,AUR,0.020432119435934926,1.0
MG_L30_T2_C50,30,0.02,50.0,23,AUR,0.0377803398340526,1.0
MG_L30_T2_C50,30,0.02,50.0,24,AUR,0.04302761093162988,1.0
MG_L30_T2_C50,30,0.02,50.0,25,AUR,-0.044526337140654904,0.0
MG_L30_T2_C50,30,0.02,50.0,26,AUR,0.05500683389223582,1.0
MG_L30_T2_C50,30,0.02,50.0,27,AUR,0.024261994919728913,1.0
MG_L30_T2_C50,30,0.02,50.0,28,AUR,-0.06360496767309076,0.0
MG_L30_T2_C50,30,0.02,50.0,29,AUR,-0.042160670007913126,0.0
MG_L30_T2_C50,30,0.02,50.0,30,AUR,0.00938647198194209,0.0
MG_L30_T2_C50,30,0.02,50.0,31,AUR,0.005396174323750946,0.0
MG_L30_T2_C50,30,0.02,50.0,32,AUR,0.010980076795036542,0.0
MG_L30_T2_C50,30,0.02,50.0,33,AUR,0.0580317290338046,1.0
MG_L30_T2_C50,30,0.02,50.0,34,AUR,0.008645211830568877,0.0
MG_L30_T2_C50,30,0.02,50.0,35,AUR,0.08754876887216367,1.0
MG_L30_T2_C50,30,0.02,50.0,36,AUR,0.00848867722709512,0.0
MG_L30_T2_C50,30,0.02,50.0,37,AUR,-0.08134507696186388,0.0
MG_L30_T2_C50,30,0.02,50.0,38,AUR,0.07268908997827261,1.0
MG_L30_T2_C50,30,0.02,50.0,39,AUR,0.04366618978347092,1.0
MG_L30_T2_C50,30,0.02,50.0,40,AUR,0.10081369076385793,1.0
MG_L30_T2_C50,30,0.02,50.0,41,AUR,0.06760704478325508,1.0
MG_L30_T2_C50,30,0.02,50.0,42,AUR,0.009747704049341,0.0
MG_L30_T2_C50,30,0.02,50.0,43,AUR,-0.03173028365208308,0.0
MG_L30_T2_C50,30,0.02,50.0,44,AUR,0.03892282426212157,1.0
MG_L30_T2_C50,30,0.02,50.0,45,AUR,0.007100792207989537,0.0
MG_L30_T2_C50,30,0.02,50.0,46,AUR,0.028277882195941517,1.0
MG_L30_T2_C50,30,0.02,50.0,47,AUR,0.0289756740436502,1.0
MG_L30_T2_C50,30,0.02,50.0,48,AUR,-0.023402721203916732,0.0
MG_L30_T2_C50,30,0.02,50.0,49,AUR,0.008201866397478996,0.0
MG_L30_T2_C50,30,0.02,50.0,50,AUR,-0.008845996241597653,0.0
MG_L30_T2_C50,30,0.02,50.0,51,AUR,0.002656941114178135,0.0
MG_L30_T2_C50,30,0.02,50.0,52,AUR,-0.040424827419010434,0.0
MG_L30_T2_C50,30,0.02,50.0,0,QAUR,0.09147315131480638,1.0
MG_L30_T2_C50,30,0.02,50.0,1,QAUR,-0.130001579832126,0.0
MG_L30_T2_C50,30,0.02,50.0,2,QAUR,-0.14080594425139403,0.0
MG_L30_T2_C50,30,0.02,50.0,3,QAUR,-0.09177477008190527,0.0
MG_L30_T2_C50,30,0.02,50.0,4,QAUR,0.11409139778866861,1.0
MG_L30_T2_C50,30,0.02,50.0,5,QAUR,0.07103619050972099,1.0
MG_L30_T2_C50,30,0.02,50.0,6,QAUR,-0.10817215022286031,0.0
MG_L30_T2_C50,30,0.02,50.0,7,QAUR,-0.2008003722511168,0.0
MG_L30_T2_C50,30,0.02,50.0,8,QAUR,-0.09764707062324074,0.0
MG_L30_T2_C50,30,0.02,50.0,9,QAUR,0.09512151824426729,1.0
MG_L30_T2_C50,30,0.02,50.0,10,QAUR,0.03170827193265624,1.0
MG_L30_T2_C50,30,0.02,50.0,11,QAUR,0.03592080452651669,1.0
MG_L30_T2_C50,30,0.02,50.0,12,QAUR,-0.00391085762398069,0.0
MG_L30_T2_C50,30,0.02,50.0,13,QAUR,0.014897676467314103,0.0
MG_L30_T2_C50,30,0.02,50.0,14,QAUR,0.13620413433401857,1.0
MG_L30_T2_C50,30,0.02,50.0,15,QAUR,0.0931364121141185,1.0
MG_L30_T2_C50,30,0.02,50.0,16,QAUR,0.05271473013604533,1.0
MG_L30_T2_C50,30,0.02,50.0,17,QAUR,0.04692701211276806,1.0
MG_L30_T2_C50,30,0.02,50.0,18,QAUR,-0.07638485168132958,0.0
MG_L30_T2_C50,30,0.02,50.0,19,QAUR,-0.14226807364052918,0.0
MG_L30_T2_C50,30,0.02,50.0,20,QAUR,-0.004822411899847223,0.0
MG_L30_T2_C50,30,0.02,50.0,21,QAUR,0.03930371974382085,1.0
MG_L30_T2_C50,30,0.02,50.0,22,QAUR,0.020432119435934926,1.0
MG_L30_T2_C50,30,0.02,50.0,23,QAUR,0.0377803398340526,1.0
MG_L30_T2_C50,30,0.02,50.0,24,QAUR,0.04302761093162988,1.0
MG_L30_T2_C50,30,0.02,50.0,25,QAUR,-0.044526337140654904,0.0
MG_L30_T2_C50,30,0.02,50.0,26,QAUR,0.05500683389223582,1.0
MG_L30_T2_C50,30,0.02,50.0,27,QAUR,0.024261994919728913,1.0
MG_L30_T2_C50,30,0.02,50.0,28,QAUR,-0.06360496767309076,0.0
MG_L30_T2_C50,30,0.02,50.0,29,QAUR,-0.042160670007913126,0.0
MG_L30_T2_C50,30,0.02,50.0,30,QAUR,0.00938647198194209,0.0
MG_L30_T2_C50,30,0.02,50.0,31,QAUR,0.005396174323750946,0.0
MG_L30_T2_C50,30,0.02,50.0,32,QAUR,0.010980076795036542,0.0
MG_L30_T2_C50,30,0.02,50.0,33,QAUR,0.0580317290338046,1.0
MG_L30_T2_C50,30,0.02,50.0,34,QAUR,0.008645211830568877,0.0
MG_L30_T2_C50,30,0.02,50.0,35,QAUR,0.08754876887216367,1.0
MG_L30_T2_C50,30,0.02,50.0,36,QAUR,0.00848867722709512,0.0
MG_L30_T2_C50,30,0.02,50.0,37,QAUR,-0.08134507696186388,0.0
MG_L30_T2_C50,30,0.02,50.0,38,QAUR,0.07268908997827261,1.0
MG_L30_T2_C50,30,0.02,50.0,39,QAUR,0.04366618978347092,1.0
MG_L30_T2_C50,30,0.02,50.0,40,QAUR,0.10081369076385793,1.0
MG_L30_T2_C50,30,0.02,50.0,41,QAUR,0.06760704478325508,1.0
MG_L30_T2_C50,30,0.02,50.0,42,QAUR,0.009747704049341,0.0
MG_L30_T2_C50,30,0.02,50.0,43,QAUR,-0.03173028365208308,0.0
MG_L30_T2_C50,30,0.02,50.0,44,QAUR,0.03892282426212157,1.0
MG_L30_T2_C50,30,0.02,50.0,45,QAUR,0.007100792207989537,0.0
MG_L30_T2_C50,30,0.02,50.0,46,QAUR,0.028277882195941517,1.0
MG_L30_T2_C50,30,0.02,50.0,47,QAUR,0.0289756740436502,1.0
MG_L30_T2_C50,30,0.02,50.0,48,QAUR,-0.023402721203916732,0.0
MG_L30_T2_C50,30,0.02,50.0,49,QAUR,0.008201866397478996,0.0
MG_L30_T2_C50,30,0.02,50.0,50,QAUR,-0.008845996241597653,0.0
MG_L30_T2_C50,30,0.02,50.0,51,QAUR,0.002656941114178135,0.0
MG_L30_T2_C50,30,0.02,50.0,52,QAUR,-0.040424827419010434,0.0
MG_L30_T2_C100,30,0.02,100.0,0,AUR,0.09147315131480638,1.0
MG_L30_T2_C100,30,0.02,100.0,1,AUR,-0.130001579832126,0.0
MG_L30_T2_C100,30,0.02,100.0,2,AUR,-0.14080594425139403,0.0
MG_L30_T2_C100,30,0.02,100.0,3,AUR,-0.09177477008190527,0.0
MG_L30_T2_C100,30,0.02,100.0,4,AUR,0.11409139778866861,1.0
MG_L30_T2_C100,30,0.02,100.0,5,AUR,0.07103619050972099,1.0
MG_L30_T2_C100,30,0.02,100.0,6,AUR,-0.10817215022286031,0.0
MG_L30_T2_C100,30,0.02,100.0,7,AUR,-0.2008003722511168,0.0
MG_L30_T2_C100,30,0.02,100.0,8,AUR,-0.09764707062324074,0.0
MG_L30_T2_C100,30,0.02,100.0,9,AUR,0.09512151824426729,1.0
MG_L30_T2_C100,30,0.02,100.0,10,AUR,0.03170827193265624,1.0
MG_L30_T2_C100,30,0.02,100.0,11,AUR,0.03592080452651669,1.0
MG_L30_T2_C100,30,0.02,100.0,12,AUR,-0.00391085762398069,0.0
MG_L30_T2_C100,30,0.02,100.0,13,AUR,0.014897676467314103,0.0
MG_L30_T2_C100,30,0.02,100.0,14,AUR,0.13620413433401857,1.0
MG_L30_T2_C100,30,0.02,100.0,15,AUR,0.0931364121141185,1.0
MG_L30_T2_C100,30,0.02,100.0,16,AUR,0.05271473013604533,1.0
MG_L30_T2_C100,30,0.02,100.0,17,AUR,0.04692701211276806,1.0
MG_L30_T2_C100,30,0.02,100.0,18,AUR,-0.07638485168132958,0.0
MG_L30_T2_C100,30,0.02,100.0,19,AUR,-0.14226807364052918,0.0
MG_L30_T2_C100,30,0.02,100.0,20,AUR,-0.004822411899847223,0.0
MG_L30_T2_C100,30,0.02,100.0,21,AUR,0.03930371974382085,1.0
MG_L30_T2_C100,30,0.02,100.0,22,AUR,0.020432119435934926,1.0
MG_L30_T2_C100,30,0.02,100.0,23,AUR,0.0377803398340526,1.0
MG_L30_T2_C100,30,0.02,100.0,24,AUR,0.04302761093162988,1.0
MG_L30_T2_C100,30,0.02,100.0,25,AUR,-0.044526337140654904,0.0
MG_L30_T2_C100,30,0.02,100.0,26,AUR,0.05500683389223582,1.0
MG_L30_T2_C100,30,0.02,100.0,27,AUR,0.024261994919728913,1.0
MG_L30_T2_C100,30,0.02,100.0,28,AUR,-0.06360496767309076,0.0
MG_L30_T2_C100,30,0.02,100.0,29,AUR,-0.042160670007913126,0.0
MG_L30_T2_C100,30,0.02,100.0,30,AUR,0.00938647198194209,0.0
MG_L30_T2_C100,30,0.02,100.0,31,AUR,0.005396174323750946,0.0
MG_L30_T2_C100,30,0.02,100.0,32,AUR,0.010980076795036542,0.0
MG_L30_T2_C100,30,0.02,100.0,33,AUR,0.0580317290338046,1.0
MG_L30_T2_C100,30,0.02,100.0,34,AUR,0.008645211830568877,0.0
MG_L30_T2_C100,30,0.02,100.0,35,AUR,0.08754876887216367,1.0
MG_L30_T2_C100,30,0.02,100.0,36,AUR,0.00848867722709512,0.0
MG_L30_T2_C100,30,0.02,100.0,37,AUR,-0.08134507696186388,0.0
MG_L30_T2_C100,30,0.02,100.0,38,AUR,0.07268908997827261,1.0
MG_L30_T2_C100,30,0.02,100.0,39,AUR,0.04366618978347092,1.0
MG_L30_T2_C100,30,0.02,100.0,40,AUR,0.10081369076385793,1.0
MG_L30_T2_C100,30,0.02,100.0,41,AUR,0.06760704478325508,1.0
MG_L30_T2_C100,30,0.02,100.0,42,AUR,0.009747704049341,0.0
MG_L30_T2_C100,30,0.02,100.0,43,AUR,-0.03173028365208308,0.0
MG_L30_T2_C100,30,0.02,100.0,44,AUR,0.03892282426212157,1.0
MG_L30_T2_C100,30,0.02,100.0,45,AUR,0.007100792207989537,0.0
MG_L30_T2_C100,30,0.02,100.0,46,AUR,0.028277882195941517,1.0
MG_L30_T2_C100,30,0.02,100.0,47,AUR,0.0289756740436502,1.0
MG_L30_T2_C100,30,0.02,100.0,48,AUR,-0.023402721203916732,0.0
MG_L30_T2_C100,30,0.02,100.0,49,AUR,0.008201866397478996,0.0
MG_L30_T2_C100,30,0.02,100.0,50,AUR,-0.008845996241597653,0.0
MG_L30_T2_C100,30,0.02,100.0,51,AUR,0.002656941114178135,0.0
MG_L30_T2_C100,30,0.02,100.0,52,AUR,-0.040424827419010434,0.0
MG_L30_T2_C100,30,0.02,100.0,0,QAUR,0.09147315131480638,1.0
MG_L30_T2_C100,30,0.02,100.0,1,QAUR,-0.130001579832126,0.0
MG_L30_T2_C100,30,0.02,100.0,2,QAUR,-0.14080594425139403,0.0
MG_L30_T2_C100,30,0.02,100.0,3,QAUR,-0.09177477008190527,0.0
MG_L30_T2_C100,30,0.02,100.0,4,QAUR,0.11409139778866861,1.0
MG_L30_T2_C100,30,0.02,100.0,5,QAUR,0.07103619050972099,1.0
MG_L30_T2_C100,30,0.02,100.0,6,QAUR,-0.10817215022286031,0.0
MG_L30_T2_C100,30,0.02,100.0,7,QAUR,-0.2008003722511168,0.0
MG_L30_T2_C100,30,0.02,100.0,8,QAUR,-0.09764707062324074,0.0
MG_L30_T2_C100,30,0.02,100.0,9,QAUR,0.09512151824426729,1.0
MG_L30_T2_C100,30,0.02,100.0,10,QAUR,0.03170827193265624,1.0
MG_L30_T2_C100,30,0.02,100.0,11,QAUR,0.03592080452651669,1.0
MG_L30_T2_C100,30,0.02,100.0,12,QAUR,-0.00391085762398069,0.0
MG_L30_T2_C100,30,0.02,100.0,13,QAUR,0.014897676467314103,0.0
MG_L30_T2_C100,30,0.02,100.0,14,QAUR,0.13620413433401857,1.0
MG_L30_T2_C100,30,0.02,100.0,15,QAUR,0.0931364121141185,1.0
MG_L30_T2_C100,30,0.02,100.0,16,QAUR,0.05271473013604533,1.0
MG_L30_T2_C100,30,0.02,100.0,17,QAUR,0.04692701211276806,1.0
MG_L30_T2_C100,30,0.02,100.0,18,QAUR,-0.07638485168132958,0.0
MG_L30_T2_C100,30,0.02,100.0,19,QAUR,-0.14226807364052918,0.0
MG_L30_T2_C100,30,0.02,100.0,20,QAUR,-0.004822411899847223,0.0
MG_L30_T2_C100,30,0.02,100.0,21,QAUR,0.03930371974382085,1.0
MG_L30_T2_C100,30,0.02,100.0,22,QAUR,0.020432119435934926,1.0
MG_L30_T2_C100,30,0.02,100.0,23,QAUR,0.0377803398340526,1.0
MG_L30_T2_C100,30,0.02,100.0,24,QAUR,0.04302761093162988,1.0
MG_L30_T2_C100,30,0.02,100.0,25,QAUR,-0.044526337140654904,0.0
MG_L30_T2_C100,30,0.02,100.0,26,QAUR,0.05500683389223582,1.0
MG_L30_T2_C100,30,0.02,100.0,27,QAUR,0.024261994919728913,1.0
MG_L30_T2_C100,30,0.02,100.0,28,QAUR,-0.06360496767309076,0.0
MG_L30_T2_C100,30,0.02,100.0,29,QAUR,-0.042160670007913126,0.0
MG_L30_T2_C100,30,0.02,100.0,30,QAUR,0.00938647198194209,0.0
MG_L30_T2_C100,30,0.02,100.0,31,QAUR,0.005396174323750946,0.0
MG_L30_T2_C100,30,0.02,100.0,32,QAUR,0.010980076795036542,0.0
MG_L30_T2_C100,30,0.02,100.0,33,QAUR,0.0580317290338046,1.0
MG_L30_T2_C100,30,0.02,100.0,34,QAUR,0.008645211830568877,0.0
MG_L30_T2_C100,30,0.02,100.0,35,QAUR,0.08754876887216367,1.0
MG_L30_T2_C100,30,0.02,100.0,36,QAUR,0.00848867722709512,0.0
MG_L30_T2_C100,30,0.02,100.0,37,QAUR,-0.08134507696186388,0.0
MG_L30_T2_C100,30,0.02,100.0,38,QAUR,0.07268908997827261,1.0
MG_L30_T2_C100,30,0.02,100.0,39,QAUR,0.04366618978347092,1.0
MG_L30_T2_C100,30,0.02,100.0,40,QAUR,0.10081369076385793,1.0
MG_L30_T2_C100,30,0.02,100.0,41,QAUR,0.06760704478325508,1.0
MG_L30_T2_C100,30,0.02,100.0,42,QAUR,0.009747704049341,0.0
MG_L30_T2_C100,30,0.02,100.0,43,QAUR,-0.03173028365208308,0.0
MG_L30_T2_C100,30,0.02,100.0,44,QAUR,0.03892282426212157,1.0
MG_L30_T2_C100,30,0.02,100.0,45,QAUR,0.007100792207989537,0.0
MG_L30_T2_C100,30,0.02,100.0,46,QAUR,0.028277882195941517,1.0
MG_L30_T2_C100,30,0.02,100.0,47,QAUR,0.0289756740436502,1.0
MG_L30_T2_C100,30,0.02,100.0,48,QAUR,-0.023402721203916732,0.0
MG_L30_T2_C100,30,0.02,100.0,49,QAUR,0.008201866397478996,0.0
MG_L30_T2_C100,30,0.02,100.0,50,QAUR,-0.008845996241597653,0.0
MG_L30_T2_C100,30,0.02,100.0,51,QAUR,0.002656941114178135,0.0
MG_L30_T2_C100,30,0.02,100.0,52,QAUR,-0.040424827419010434,0.0
MG_L40_T-2_C0,40,-0.02,0.0,0,AUR,0.1966402743188178,1.0
MG_L40_T-2_C0,40,-0.02,0.0,1,AUR,-0.11639226078532583,0.0
MG_L40_T-2_C0,40,-0.02,0.0,2,AUR,-0.2202298084893901,0.0
MG_L40_T-2_C0,40,-0.02,0.0,3,AUR,-0.15553445858879267,0.0
MG_L40_T-2_C0,40,-0.02,0.0,4,AUR,-0.039602468667660484,0.0
MG_L40_T-2_C0,40,-0.02,0.0,5,AUR,0.16361403501133176,1.0
MG_L40_T-2_C0,40,-0.02,0.0,6,AUR,-0.08093961257924542,0.0
MG_L40_T-2_C0,40,-0.02,0.0,7,AUR,-0.23922050064658973,0.0
MG_L40_T-2_C0,40,-0.02,0.0,8,AUR,-0.12801653734476848,0.0
MG_L40_T-2_C0,40,-0.02,0.0,9,AUR,-0.029268832800496858,0.0
MG_L40_T-2_C0,40,-0.02,0.0,10,AUR,0.07320543188960649,1.0
MG_L40_T-2_C0,40,-0.02,0.0,11,AUR,0.07088801520101717,1.0
MG_L40_T-2_C0,40,-0.02,0.0,12,AUR,-0.011961146461099248,1.0
MG_L40_T-2_C0,40,-0.02,0.0,13,AUR,0.021199248270935778,1.0
MG_L40_T-2_C0,40,-0.02,0.0,14,AUR,0.13302593776308447,1.0
MG_L40_T-2_C0,40,-0.02,0.0,15,AUR,0.14439982265881457,1.0
MG_L40_T-2_C0,40,-0.02,0.0,16,AUR,0.06380030999309683,1.0
MG_L40_T-2_C0,40,-0.02,0.0,17,AUR,0.08199155971320282,1.0
MG_L40_T-2_C0,40,-0.02,0.0,18,AUR,-0.0384385784048652,0.0
MG_L40_T-2_C0,40,-0.02,0.0,19,AUR,-0.15670761199326066,0.0
MG_L40_T-2_C0,40,-0.02,0.0,20,AUR,-0.012681230673926791,1.0
MG_L40_T-2_C0,40,-0.02,0.0,21,AUR,0.07217082519019469,1.0
MG_L40_T-2_C0,40,-0.02,0.0,22,AUR,0.006704408706444731,1.0
MG_L40_T-2_C0,40,-0.02,0.0,23,AUR,0.0368007035855451,1.0
MG_L40_T-2_C0,40,-0.02,0.0,24,AUR,0.06373737283032743,1.0
MG_L40_T-2_C0,40,-0.02,0.0,25,AUR,-0.030951272266998342,0.0
MG_L40_T-2_C0,40,-0.02,0.0,26,AUR,0.005290635046277803,1.0
MG_L40_T-2_C0,40,-0.02,0.0,27,AUR,0.05820908568430583,1.0
MG_L40_T-2_C0,40,-0.02,0.0,28,AUR,-0.057046721957434876,0.0
MG_L40_T-2_C0,40,-0.02,0.0,29,AUR,-0.05334933612430348,0.0
MG_L40_T-2_C0,40,-0.02,0.0,30,AUR,0.010484723971359466,1.0
MG_L40_T-2_C0,40,-0.02,0.0,31,AUR,0.005997231222915955,1.0
MG_L40_T-2_C0,40,-0.02,0.0,32,AUR,0.018291793158282665,1.0
MG_L40_T-2_C0,40,-0.02,0.0,33,AUR,0.04411806123156703,1.0
MG_L40_T-2_C0,40,-0.02,0.0,34,AUR,0.025884867742993478,1.0
MG_L40_T-2_C0,40,-0.02,0.0,35,AUR,0.05901161916622977,1.0
MG_L40_T-2_C0,40,-0.02,0.0,36,AUR,0.046935567238352016,1.0
MG_L40_T-2_C0,40,-0.02,0.0,37,AUR,-0.09176626425902878,0.0
MG_L40_T-2_C0,40,-0.02,0.0,38,AUR,-0.01847632085994877,1.0
MG_L40_T-2_C0,40,-0.02,0.0,39,AUR,0.0710680094026288,1.0
MG_L40_T-2_C0,40,-0.02,0.0,40,AUR,0.10897101891172079,1.0
MG_L40_T-2_C0,40,-0.02,0.0,41,AUR,0.13099714419575048,1.0
MG_L40_T-2_C0,40,-0.02,0.0,42,AUR,0.045021672146392744,1.0
MG_L40_T-2_C0,40,-0.02,0.0,43,AUR,-0.02499763157691315,0.0
MG_L40_T-2_C0,40,-0.02,0.0,44,AUR,-0.012542136914489022,1.0
MG_L40_T-2_C0,40,-0.02,0.0,45,AUR,0.013030920075087105,1.0
MG_L40_T-2_C0,40,-0.02,0.0,46,AUR,0.012432892669185014,1.0
MG_L40_T-2_C0,40,-0.02,0.0,47,AUR,0.0341506476078528,1.0
MG_L40_T-2_C0,40,-0.02,0.0,48,AUR,-0.022817156369280944,0.0
MG_L40_T-2_C0,40,-0.02,0.0,49,AUR,-0.03731084178597943,0.0
MG_L40_T-2_C0,40,-0.02,0.0,50,AUR,0.0001098722976804467,1.0
MG_L40_T-2_C0,40,-0.02,0.0,51,AUR,-0.010141450016540987,1.0
MG_L40_T-2_C0,40,-0.02,0.0,52,AUR,-0.03308380588478732,0.0
MG_L40_T-2_C0,40,-0.02,0.0,0,QAUR,0.1966402743188178,1.0
MG_L40_T-2_C0,40,-0.02,0.0,1,QAUR,-0.11639226078532583,0.0
MG_L40_T-2_C0,40,-0.02,0.0,2,QAUR,-0.2202298084893901,0.0
MG_L40_T-2_C0,40,-0.02,0.0,3,QAUR,-0.15553445858879267,0.0
MG_L40_T-2_C0,40,-0.02,0.0,4,QAUR,-0.039602468667660484,0.0
MG_L40_T-2_C0,40,-0.02,0.0,5,QAUR,0.16361403501133176,1.0
MG_L40_T-2_C0,40,-0.02,0.0,6,QAUR,-0.08093961257924542,0.0
MG_L40_T-2_C0,40,-0.02,0.0,7,QAUR,-0.23922050064658973,0.0
MG_L40_T-2_C0,40,-0.02,0.0,8,QAUR,-0.12801653734476848,0.0
MG_L40_T-2_C0,40,-0.02,0.0,9,QAUR,-0.029268832800496858,0.0
MG_L40_T-2_C0,40,-0.02,0.0,10,QAUR,0.07320543188960649,1.0
MG_L40_T-2_C0,40,-0.02,0.0,11,QAUR,0.07088801520101717,1.0
MG_L40_T-2_C0,40,-0.02,0.0,12,QAUR,-0.011961146461099248,1.0
MG_L40_T-2_C0,40,-0.02,0.0,13,QAUR,0.021199248270935778,1.0
MG_L40_T-2_C0,40,-0.02,0.0,14,QAUR,0.13302593776308447,1.0
MG_L40_T-2_C0,40,-0.02,0.0,15,QAUR,0.14439982265881457,1.0
MG_L40_T-2_C0,40,-0.02,0.0,16,QAUR,0.06380030999309683,1.0
MG_L40_T-2_C0,40,-0.02,0.0,17,QAUR,0.08199155971320282,1.0
MG_L40_T-2_C0,40,-0.02,0.0,18,QAUR,-0.0384385784048652,0.0
MG_L40_T-2_C0,40,-0.02,0.0,19,QAUR,-0.15670761199326066,0.0
MG_L40_T-2_C0,40,-0.02,0.0,20,QAUR,-0.012681230673926791,1.0
MG_L40_T-2_C0,40,-0.02,0.0,21,QAUR,0.07217082519019469,1.0
MG_L40_T-2_C0,40,-0.02,0.0,22,QAUR,0.006704408706444731,1.0
MG_L40_T-2_C0,40,-0.02,0.0,23,QAUR,0.0368007035855451,1.0
MG_L40_T-2_C0,40,-0.02,0.0,24,QAUR,0.06373737283032743,1.0
MG_L40_T-2_C0,40,-0.02,0.0,25,QAUR,-0.030951272266998342,0.0
MG_L40_T-2_C0,40,-0.02,0.0,26,QAUR,0.005290635046277803,1.0
MG_L40_T-2_C0,40,-0.02,0.0,27,QAUR,0.05820908568430583,1.0
MG_L40_T-2_C0,40,-0.02,0.0,28,QAUR,-0.057046721957434876,0.0
MG_L40_T-2_C0,40,-0.02,0.0,29,QAUR,-0.05334933612430348,0.0
MG_L40_T-2_C0,40,-0.02,0.0,30,QAUR,0.010484723971359466,1.0
MG_L40_T-2_C0,40,-0.02,0.0,31,QAUR,0.005997231222915955,1.0
MG_L40_T-2_C0,40,-0.02,0.0,32,QAUR,0.018291793158282665,1.0
MG_L40_T-2_C0,40,-0.02,0.0,33,QAUR,0.04411806123156703,1.0
MG_L40_T-2_C0,40,-0.02,0.0,34,QAUR,0.025884867742993478,1.0
MG_L40_T-2_C0,40,-0.02,0.0,35,QAUR,0.05901161916622977,1.0
MG_L40_T-2_C0,40,-0.02,0.0,36,QAUR,0.046935567238352016,1.0
MG_L40_T-2_C0,40,-0.02,0.0,37,QAUR,-0.09176626425902878,0.0
MG_L40_T-2_C0,40,-0.02,0.0,38,QAUR,-0.01847632085994877,1.0
MG_L40_T-2_C0,40,-0.02,0.0,39,QAUR,0.0710680094026288,1.0
MG_L40_T-2_C0,40,-0.02,0.0,40,QAUR,0.10897101891172079,1.0
MG_L40_T-2_C0,40,-0.02,0.0,41,QAUR,0.13099714419575048,1.0
MG_L40_T-2_C0,40,-0.02,0.0,42,QAUR,0.045021672146392744,1.0
MG_L40_T-2_C0,40,-0.02,0.0,43,QAUR,-0.02499763157691315,0.0
MG_L40_T-2_C0,40,-0.02,0.0,44,QAUR,-0.012542136914489022,1.0
MG_L40_T-2_C0,40,-0.02,0.0,45,QAUR,0.013030920075087105,1.0
MG_L40_T-2_C0,40,-0.02,0.0,46,QAUR,0.012432892669185014,1.0
MG_L40_T-2_C0,40,-0.02,0.0,47,QAUR,0.0341506476078528,1.0
MG_L40_T-2_C0,40,-0.02,0.0,48,QAUR,-0.022817156369280944,0.0
MG_L40_T-2_C0,40,-0.02,0.0,49,QAUR,-0.03731084178597943,0.0
MG_L40_T-2_C0,40,-0.02,0.0,50,QAUR,0.0001098722976804467,1.0
MG_L40_T-2_C0,40,-0.02,0.0,51,QAUR,-0.010141450016540987,1.0
MG_L40_T-2_C0,40,-0.02,0.0,52,QAUR,-0.03308380588478732,0.0
MG_L40_T-2_C25,40,-0.02,25.0,0,AUR,0.1966402743188178,1.0
MG_L40_T-2_C25,40,-0.02,25.0,1,AUR,-0.11639226078532583,0.0
MG_L40_T-2_C25,40,-0.02,25.0,2,AUR,-0.2202298084893901,0.0
MG_L40_T-2_C25,40,-0.02,25.0,3,AUR,-0.15553445858879267,0.0
MG_L40_T-2_C25,40,-0.02,25.0,4,AUR,-0.039602468667660484,0.0
MG_L40_T-2_C25,40,-0.02,25.0,5,AUR,0.16361403501133176,1.0
MG_L40_T-2_C25,40,-0.02,25.0,6,AUR,-0.08093961257924542,0.0
MG_L40_T-2_C25,40,-0.02,25.0,7,AUR,-0.23922050064658973,0.0
MG_L40_T-2_C25,40,-0.02,25.0,8,AUR,-0.12801653734476848,0.0
MG_L40_T-2_C25,40,-0.02,25.0,9,AUR,-0.029268832800496858,0.0
MG_L40_T-2_C25,40,-0.02,25.0,10,AUR,0.07320543188960649,1.0
MG_L40_T-2_C25,40,-0.02,25.0,11,AUR,0.07088801520101717,1.0
MG_L40_T-2_C25,40,-0.02,25.0,12,AUR,-0.011961146461099248,1.0
MG_L40_T-2_C25,40,-0.02,25.0,13,AUR,0.021199248270935778,1.0
MG_L40_T-2_C25,40,-0.02,25.0,14,AUR,0.13302593776308447,1.0
MG_L40_T-2_C25,40,-0.02,25.0,15,AUR,0.14439982265881457,1.0
MG_L40_T-2_C25,40,-0.02,25.0,16,AUR,0.06380030999309683,1.0
MG_L40_T-2_C25,40,-0.02,25.0,17,AUR,0.08199155971320282,1.0
MG_L40_T-2_C25,40,-0.02,25.0,18,AUR,-0.0384385784048652,0.0
MG_L40_T-2_C25,40,-0.02,25.0,19,AUR,-0.15670761199326066,0.0
MG_L40_T-2_C25,40,-0.02,25.0,20,AUR,-0.012681230673926791,1.0
MG_L40_T-2_C25,40,-0.02,25.0,21,AUR,0.07217082519019469,1.0
MG_L40_T-2_C25,40,-0.02,25.0,22,AUR,0.006704408706444731,1.0
MG_L40_T-2_C25,40,-0.02,25.0,23,AUR,0.0368007035855451,1.0
MG_L40_T-2_C25,40,-0.02,25.0,24,AUR,0.06373737283032743,1.0
MG_L40_T-2_C25,40,-0.02,25.0,25,AUR,-0.030951272266998342,0.0
MG_L40_T-2_C25,40,-0.02,25.0,26,AUR,0.005290635046277803,1.0
MG_L40_T-2_C25,40,-0.02,25.0,27,AUR,0.05820908568430583,1.0
MG_L40_T-2_C25,40,-0.02,25.0,28,AUR,-0.057046721957434876,0.0
MG_L40_T-2_C25,40,-0.02,25.0,29,AUR,-0.05334933612430348,0.0
MG_L40_T-2_C25,40,-0.02,25.0,30,AUR,0.010484723971359466,1.0
MG_L40_T-2_C25,40,-0.02,25.0,31,AUR,0.005997231222915955,1.0
MG_L40_T-2_C25,40,-0.02,25.0,32,AUR,0.018291793158282665,1.0
MG_L40_T-2_C25,40,-0.02,25.0,33,AUR,0.04411806123156703,1.0
MG_L40_T-2_C25,40,-0.02,25.0,34,AUR,0.025884867742993478,1.0
MG_L40_T-2_C25,40,-0.02,25.0,35,AUR,0.05901161916622977,1.0
MG_L40_T-2_C25,40,-0.02,25.0,36,AUR,0.046935567238352016,1.0
MG_L40_T-2_C25,40,-0.02,25.0,37,AUR,-0.09176626425902878,0.0
MG_L40_T-2_C25,40,-0.02,25.0,38,AUR,-0.01847632085994877,1.0
MG_L40_T-2_C25,40,-0.02,25.0,39,AUR,0.0710680094026288,1.0
MG_L40_T-2_C25,40,-0.02,25.0,40,AUR,0.10897101891172079,1.0
MG_L40_T-2_C25,40,-0.02,25.0,41,AUR,0.13099714419575048,1.0
MG_L40_T-2_C25,40,-0.02,25.0,42,AUR,0.045021672146392744,1.0
MG_L40_T-2_C25,40,-0.02,25.0,43,AUR,-0.02499763157691315,0.0
MG_L40_T-2_C25,40,-0.02,25.0,44,AUR,-0.012542136914489022,1.0
MG_L40_T-2_C25,40,-0.02,25.0,45,AUR,0.013030920075087105,1.0
MG_L40_T-2_C25,40,-0.02,25.0,46,AUR,0.012432892669185014,1.0
MG_L40_T-2_C25,40,-0.02,25.0,47,AUR,0.0341506476078528,1.0
MG_L40_T-2_C25,40,-0.02,25.0,48,AUR,-0.022817156369280944,0.0
MG_L40_T-2_C25,40,-0.02,25.0,49,AUR,-0.03731084178597943,0.0
MG_L40_T-2_C25,40,-0.02,25.0,50,AUR,0.0001098722976804467,1.0
MG_L40_T-2_C25,40,-0.02,25.0,51,AUR,-0.010141450016540987,1.0
MG_L40_T-2_C25,40,-0.02,25.0,52,AUR,-0.03308380588478732,0.0
MG_L40_T-2_C25,40,-0.02,25.0,0,QAUR,0.1966402743188178,1.0
MG_L40_T-2_C25,40,-0.02,25.0,1,QAUR,-0.11639226078532583,0.0
MG_L40_T-2_C25,40,-0.02,25.0,2,QAUR,-0.2202298084893901,0.0
MG_L40_T-2_C25,40,-0.02,25.0,3,QAUR,-0.15553445858879267,0.0
MG_L40_T-2_C25,40,-0.02,25.0,4,QAUR,-0.039602468667660484,0.0
MG_L40_T-2_C25,40,-0.02,25.0,5,QAUR,0.16361403501133176,1.0
MG_L40_T-2_C25,40,-0.02,25.0,6,QAUR,-0.08093961257924542,0.0
MG_L40_T-2_C25,40,-0.02,25.0,7,QAUR,-0.23922050064658973,0.0
MG_L40_T-2_C25,40,-0.02,25.0,8,QAUR,-0.12801653734476848,0.0
MG_L40_T-2_C25,40,-0.02,25.0,9,QAUR,-0.029268832800496858,0.0
MG_L40_T-2_C25,40,-0.02,25.0,10,QAUR,0.07320543188960649,1.0
MG_L40_T-2_C25,40,-0.02,25.0,11,QAUR,0.07088801520101717,1.0
MG_L40_T-2_C25,40,-0.02,25.0,12,QAUR,-0.011961146461099248,1.0
MG_L40_T-2_C25,40,-0.02,25.0,13,QAUR,0.021199248270935778,1.0
MG_L40_T-2_C25,40,-0.02,25.0,14,QAUR,0.13302593776308447,1.0
MG_L40_T-2_C25,40,-0.02,25.0,15,QAUR,0.14439982265881457,1.0
MG_L40_T-2_C25,40,-0.02,25.0,16,QAUR,0.06380030999309683,1.0
MG_L40_T-2_C25,40,-0.02,25.0,17,QAUR,0.08199155971320282,1.0
MG_L40_T-2_C25,40,-0.02,25.0,18,QAUR,-0.0384385784048652,0.0
MG_L40_T-2_C25,40,-0.02,25.0,19,QAUR,-0.15670761199326066,0.0
MG_L40_T-2_C25,40,-0.02,25.0,20,QAUR,-0.012681230673926791,1.0
MG_L40_T-2_C25,40,-0.02,25.0,21,QAUR,0.07217082519019469,1.0
MG_L40_T-2_C25,40,-0.02,25.0,22,QAUR,0.006704408706444731,1.0
MG_L40_T-2_C25,40,-0.02,25.0,23,QAUR,0.0368007035855451,1.0
MG_L40_T-2_C25,40,-0.02,25.0,24,QAUR,0.06373737283032743,1.0
MG_L40_T-2_C25,40,-0.02,25.0,25,QAUR,-0.030951272266998342,0.0
MG_L40_T-2_C25,40,-0.02,25.0,26,QAUR,0.005290635046277803,1.0
MG_L40_T-2_C25,40,-0.02,25.0,27,QAUR,0.05820908568430583,1.0
MG_L40_T-2_C25,40,-0.02,25.0,28,QAUR,-0.057046721957434876,0.0
MG_L40_T-2_C25,40,-0.02,25.0,29,QAUR,-0.05334933612430348,0.0
MG_L40_T-2_C25,40,-0.02,25.0,30,QAUR,0.010484723971359466,1.0
MG_L40_T-2_C25,40,-0.02,25.0,31,QAUR,0.005997231222915955,1.0
MG_L40_T-2_C25,40,-0.02,25.0,32,QAUR,0.018291793158282665,1.0
MG_L40_T-2_C25,40,-0.02,25.0,33,QAUR,0.04411806123156703,1.0
MG_L40_T-2_C25,40,-0.02,25.0,34,QAUR,0.025884867742993478,1.0
MG_L40_T-2_C25,40,-0.02,25.0,35,QAUR,0.05901161916622977,1.0
MG_L40_T-2_C25,40,-0.02,25.0,36,QAUR,0.046935567238352016,1.0
MG_L40_T-2_C25,40,-0.02,25.0,37,QAUR,-0.09176626425902878,0.0
MG_L40_T-2_C25,40,-0.02,25.0,38,QAUR,-0.01847632085994877,1.0
MG_L40_T-2_C25,40,-0.02,25.0,39,QAUR,0.0710680094026288,1.0
MG_L40_T-2_C25,40,-0.02,25.0,40,QAUR,0.10897101891172079,1.0
MG_L40_T-2_C25,40,-0.02,25.0,41,QAUR,0.13099714419575048,1.0
MG_L40_T-2_C25,40,-0.02,25.0,42,QAUR,0.045021672146392744,1.0
MG_L40_T-2_C25,40,-0.02,25.0,43,QAUR,-0.02499763157691315,0.0
MG_L40_T-2_C25,40,-0.02,25.0,44,QAUR,-0.012542136914489022,1.0
MG_L40_T-2_C25,40,-0.02,25.0,45,QAUR,0.013030920075087105,1.0
MG_L40_T-2_C25,40,-0.02,25.0,46,QAUR,0.012432892669185014,1.0
MG_L40_T-2_C25,40,-0.02,25.0,47,QAUR,0.0341506476078528,1.0
MG_L40_T-2_C25,40,-0.02,25.0,48,QAUR,-0.022817156369280944,0.0
MG_L40_T-2_C25,40,-0.02,25.0,49,QAUR,-0.03731084178597943,0.0
MG_L40_T-2_C25,40,-0.02,25.0,50,QAUR,0.0001098722976804467,1.0
MG_L40_T-2_C25,40,-0.02,25.0,51,QAUR,-0.010141450016540987,1.0
MG_L40_T-2_C25,40,-0.02,25.0,52,QAUR,-0.03308380588478732,0.0
MG_L40_T-2_C50,40,-0.02,50.0,0,AUR,0.1966402743188178,1.0
MG_L40_T-2_C50,40,-0.02,50.0,1,AUR,-0.11639226078532583,0.0
MG_L40_T-2_C50,40,-0.02,50.0,2,AUR,-0.2202298084893901,0.0
MG_L40_T-2_C50,40,-0.02,50.0,3,AUR,-0.15553445858879267,0.0
MG_L40_T-2_C50,40,-0.02,50.0,4,AUR,-0.039602468667660484,0.0
MG_L40_T-2_C50,40,-0.02,50.0,5,AUR,0.16361403501133176,1.0
MG_L40_T-2_C50,40,-0.02,50.0,6,AUR,-0.08093961257924542,0.0
MG_L40_T-2_C50,40,-0.02,50.0,7,AUR,-0.23922050064658973,0.0
MG_L40_T-2_C50,40,-0.02,50.0,8,AUR,-0.12801653734476848,0.0
MG_L40_T-2_C50,40,-0.02,50.0,9,AUR,-0.029268832800496858,0.0
MG_L40_T-2_C50,40,-0.02,50.0,10,AUR,0.07320543188960649,1.0
MG_L40_T-2_C50,40,-0.02,50.0,11,AUR,0.07088801520101717,1.0
MG_L40_T-2_C50,40,-0.02,50.0,12,AUR,-0.011961146461099248,1.0
MG_L40_T-2_C50,40,-0.02,50.0,13,AUR,0.021199248270935778,1.0
MG_L40_T-2_C50,40,-0.02,50.0,14,AUR,0.13302593776308447,1.0
MG_L40_T-2_C50,40,-0.02,50.0,15,AUR,0.14439982265881457,1.0
MG_L40_T-2_C50,40,-0.02,50.0,16,AUR,0.06380030999309683,1.0
MG_L40_T-2_C50,40,-0.02,50.0,17,AUR,0.08199155971320282,1.0
MG_L40_T-2_C50,40,-0.02,50.0,18,AUR,-0.0384385784048652,0.0
MG_L40_T-2_C50,40,-0.02,50.0,19,AUR,-0.15670761199326066,0.0
MG_L40_T-2_C50,40,-0.02,50.0,20,AUR,-0.012681230673926791,1.0
MG_L40_T-2_C50,40,-0.02,50.0,21,AUR,0.07217082519019469,1.0
MG_L40_T-2_C50,40,-0.02,50.0,22,AUR,0.006704408706444731,1.0
MG_L40_T-2_C50,40,-0.02,50.0,23,AUR,0.0368007035855451,1.0
MG_L40_T-2_C50,40,-0.02,50.0,24,AUR,0.06373737283032743,1.0
MG_L40_T-2_C50,40,-0.02,50.0,25,AUR,-0.030951272266998342,0.0
MG_L40_T-2_C50,40,-0.02,50.0,26,AUR,0.005290635046277803,1.0
MG_L40_T-2_C50,40,-0.02,50.0,27,AUR,0.05820908568430583,1.0
MG_L40_T-2_C50,40,-0.02,50.0,28,AUR,-0.057046721957434876,0.0
MG_L40_T-2_C50,40,-0.02,50.0,29,AUR,-0.05334933612430348,0.0
MG_L40_T-2_C50,40,-0.02,50.0,30,AUR,0.010484723971359466,1.0
MG_L40_T-2_C50,40,-0.02,50.0,31,AUR,0.005997231222915955,1.0
MG_L40_T-2_C50,40,-0.02,50.0,32,AUR,0.018291793158282665,1.0
MG_L40_T-2_C50,40,-0.02,50.0,33,AUR,0.04411806123156703,1.0
MG_L40_T-2_C50,40,-0.02,50.0,34,AUR,0.025884867742993478,1.0
MG_L40_T-2_C50,40,-0.02,50.0,35,AUR,0.05901161916622977,1.0
MG_L40_T-2_C50,40,-0.02,50.0,36,AUR,0.046935567238352016,1.0
MG_L40_T-2_C50,40,-0.02,50.0,37,AUR,-0.09176626425902878,0.0
MG_L40_T-2_C50,40,-0.02,50.0,38,AUR,-0.01847632085994877,1.0
MG_L40_T-2_C50,40,-0.02,50.0,39,AUR,0.0710680094026288,1.0
MG_L40_T-2_C50,40,-0.02,50.0,40,AUR,0.10897101891172079,1.0
MG_L40_T-2_C50,40,-0.02,50.0,41,AUR,0.13099714419575048,1.0
MG_L40_T-2_C50,40,-0.02,50.0,42,AUR,0.045021672146392744,1.0
MG_L40_T-2_C50,40,-0.02,50.0,43,AUR,-0.02499763157691315,0.0
MG_L40_T-2_C50,40,-0.02,50.0,44,AUR,-0.012542136914489022,1.0
MG_L40_T-2_C50,40,-0.02,50.0,45,AUR,0.013030920075087105,1.0
MG_L40_T-2_C50,40,-0.02,50.0,46,AUR,0.012432892669185014,1.0
MG_L40_T-2_C50,40,-0.02,50.0,47,AUR,0.0341506476078528,1.0
MG_L40_T-2_C50,40,-0.02,50.0,48,AUR,-0.022817156369280944,0.0
MG_L40_T-2_C50,40,-0.02,50.0,49,AUR,-0.03731084178597943,0.0
MG_L40_T-2_C50,40,-0.02,50.0,50,AUR,0.0001098722976804467,1.0
MG_L40_T-2_C50,40,-0.02,50.0,51,AUR,-0.010141450016540987,1.0
MG_L40_T-2_C50,40,-0.02,50.0,52,AUR,-0.03308380588478732,0.0
MG_L40_T-2_C50,40,-0.02,50.0,0,QAUR,0.1966402743188178,1.0
MG_L40_T-2_C50,40,-0.02,50.0,1,QAUR,-0.11639226078532583,0.0
MG_L40_T-2_C50,40,-0.02,50.0,2,QAUR,-0.2202298084893901,0.0
MG_L40_T-2_C50,40,-0.02,50.0,3,QAUR,-0.15553445858879267,0.0
MG_L40_T-2_C50,40,-0.02,50.0,4,QAUR,-0.039602468667660484,0.0
MG_L40_T-2_C50,40,-0.02,50.0,5,QAUR,0.16361403501133176,1.0
MG_L40_T-2_C50,40,-0.02,50.0,6,QAUR,-0.08093961257924542,0.0
MG_L40_T-2_C50,40,-0.02,50.0,7,QAUR,-0.23922050064658973,0.0
MG_L40_T-2_C50,40,-0.02,50.0,8,QAUR,-0.12801653734476848,0.0
MG_L40_T-2_C50,40,-0.02,50.0,9,QAUR,-0.029268832800496858,0.0
MG_L40_T-2_C50,40,-0.02,50.0,10,QAUR,0.07320543188960649,1.0
MG_L40_T-2_C50,40,-0.02,50.0,11,QAUR,0.07088801520101717,1.0
MG_L40_T-2_C50,40,-0.02,50.0,12,QAUR,-0.011961146461099248,1.0
MG_L40_T-2_C50,40,-0.02,50.0,13,QAUR,0.021199248270935778,1.0
MG_L40_T-2_C50,40,-0.02,50.0,14,QAUR,0.13302593776308447,1.0
MG_L40_T-2_C50,40,-0.02,50.0,15,QAUR,0.14439982265881457,1.0
MG_L40_T-2_C50,40,-0.02,50.0,16,QAUR,0.06380030999309683,1.0
MG_L40_T-2_C50,40,-0.02,50.0,17,QAUR,0.08199155971320282,1.0
MG_L40_T-2_C50,40,-0.02,50.0,18,QAUR,-0.0384385784048652,0.0
MG_L40_T-2_C50,40,-0.02,50.0,19,QAUR,-0.15670761199326066,0.0
MG_L40_T-2_C50,40,-0.02,50.0,20,QAUR,-0.012681230673926791,1.0
MG_L40_T-2_C50,40,-0.02,50.0,21,QAUR,0.07217082519019469,1.0
MG_L40_T-2_C50,40,-0.02,50.0,22,QAUR,0.006704408706444731,1.0
MG_L40_T-2_C50,40,-0.02,50.0,23,QAUR,0.0368007035855451,1.0
MG_L40_T-2_C50,40,-0.02,50.0,24,QAUR,0.06373737283032743,1.0
MG_L40_T-2_C50,40,-0.02,50.0,25,QAUR,-0.030951272266998342,0.0
MG_L40_T-2_C50,40,-0.02,50.0,26,QAUR,0.005290635046277803,1.0
MG_L40_T-2_C50,40,-0.02,50.0,27,QAUR,0.05820908568430583,1.0
MG_L40_T-2_C50,40,-0.02,50.0,28,QAUR,-0.057046721957434876,0.0
MG_L40_T-2_C50,40,-0.02,50.0,29,QAUR,-0.05334933612430348,0.0
MG_L40_T-2_C50,40,-0.02,50.0,30,QAUR,0.010484723971359466,1.0
MG_L40_T-2_C50,40,-0.02,50.0,31,QAUR,0.005997231222915955,1.0
MG_L40_T-2_C50,40,-0.02,50.0,32,QAUR,0.018291793158282665,1.0
MG_L40_T-2_C50,40,-0.02,50.0,33,QAUR,0.04411806123156703,1.0
MG_L40_T-2_C50,40,-0.02,50.0,34,QAUR,0.025884867742993478,1.0
MG_L40_T-2_C50,40,-0.02,50.0,35,QAUR,0.05901161916622977,1.0
MG_L40_T-2_C50,40,-0.02,50.0,36,QAUR,0.046935567238352016,1.0
MG_L40_T-2_C50,40,-0.02,50.0,37,QAUR,-0.09176626425902878,0.0
MG_L40_T-2_C50,40,-0.02,50.0,38,QAUR,-0.01847632085994877,1.0
MG_L40_T-2_C50,40,-0.02,50.0,39,QAUR,0.0710680094026288,1.0
MG_L40_T-2_C50,40,-0.02,50.0,40,QAUR,0.10897101891172079,1.0
MG_L40_T-2_C50,40,-0.02,50.0,41,QAUR,0.13099714419575048,1.0
MG_L40_T-2_C50,40,-0.02,50.0,42,QAUR,0.045021672146392744,1.0
MG_L40_T-2_C50,40,-0.02,50.0,43,QAUR,-0.02499763157691315,0.0
MG_L40_T-2_C50,40,-0.02,50.0,44,QAUR,-0.012542136914489022,1.0
MG_L40_T-2_C50,40,-0.02,50.0,45,QAUR,0.013030920075087105,1.0
MG_L40_T-2_C50,40,-0.02,50.0,46,QAUR,0.012432892669185014,1.0
MG_L40_T-2_C50,40,-0.02,50.0,47,QAUR,0.0341506476078528,1.0
MG_L40_T-2_C50,40,-0.02,50.0,48,QAUR,-0.022817156369280944,0.0
MG_L40_T-2_C50,40,-0.02,50.0,49,QAUR,-0.03731084178597943,0.0
MG_L40_T-2_C50,40,-0.02,50.0,50,QAUR,0.0001098722976804467,1.0
MG_L40_T-2_C50,40,-0.02,50.0,51,QAUR,-0.010141450016540987,1.0
MG_L40_T-2_C50,40,-0.02,50.0,52,QAUR,-0.03308380588478732,0.0
MG_L40_T-2_C100,40,-0.02,100.0,0,AUR,0.1966402743188178,1.0
MG_L40_T-2_C100,40,-0.02,100.0,1,AUR,-0.11639226078532583,0.0
MG_L40_T-2_C100,40,-0.02,100.0,2,AUR,-0.2202298084893901,0.0
MG_L40_T-2_C100,40,-0.02,100.0,3,AUR,-0.15553445858879267,0.0
MG_L40_T-2_C100,40,-0.02,100.0,4,AUR,-0.039602468667660484,0.0
MG_L40_T-2_C100,40,-0.02,100.0,5,AUR,0.16361403501133176,1.0
MG_L40_T-2_C100,40,-0.02,100.0,6,AUR,-0.08093961257924542,0.0
MG_L40_T-2_C100,40,-0.02,100.0,7,AUR,-0.23922050064658973,0.0
MG_L40_T-2_C100,40,-0.02,100.0,8,AUR,-0.12801653734476848,0.0
MG_L40_T-2_C100,40,-0.02,100.0,9,AUR,-0.029268832800496858,0.0
MG_L40_T-2_C100,40,-0.02,100.0,10,AUR,0.07320543188960649,1.0
MG_L40_T-2_C100,40,-0.02,100.0,11,AUR,0.07088801520101717,1.0
MG_L40_T-2_C100,40,-0.02,100.0,12,AUR,-0.011961146461099248,1.0
MG_L40_T-2_C100,40,-0.02,100.0,13,AUR,0.021199248270935778,1.0
MG_L40_T-2_C100,40,-0.02,100.0,14,AUR,0.13302593776308447,1.0
MG_L40_T-2_C100,40,-0.02,100.0,15,AUR,0.14439982265881457,1.0
MG_L40_T-2_C100,40,-0.02,100.0,16,AUR,0.06380030999309683,1.0
MG_L40_T-2_C100,40,-0.02,100.0,17,AUR,0.08199155971320282,1.0
MG_L40_T-2_C100,40,-0.02,100.0,18,AUR,-0.0384385784048652,0.0
MG_L40_T-2_C100,40,-0.02,100.0,19,AUR,-0.15670761199326066,0.0
MG_L40_T-2_C100,40,-0.02,100.0,20,AUR,-0.012681230673926791,1.0
MG_L40_T-2_C100,40,-0.02,100.0,21,AUR,0.07217082519019469,1.0
MG_L40_T-2_C100,40,-0.02,100.0,22,AUR,0.006704408706444731,1.0
MG_L40_T-2_C100,40,-0.02,100.0,23,AUR,0.0368007035855451,1.0
MG_L40_T-2_C100,40,-0.02,100.0,24,AUR,0.06373737283032743,1.0
MG_L40_T-2_C100,40,-0.02,100.0,25,AUR,-0.030951272266998342,0.0
MG_L40_T-2_C100,40,-0.02,100.0,26,AUR,0.005290635046277803,1.0
MG_L40_T-2_C100,40,-0.02,100.0,27,AUR,0.05820908568430583,1.0
MG_L40_T-2_C100,40,-0.02,100.0,28,AUR,-0.057046721957434876,0.0
MG_L40_T-2_C100,40,-0.02,100.0,29,AUR,-0.05334933612430348,0.0
MG_L40_T-2_C100,40,-0.02,100.0,30,AUR,0.010484723971359466,1.0
MG_L40_T-2_C100,40,-0.02,100.0,31,AUR,0.005997231222915955,1.0
MG_L40_T-2_C100,40,-0.02,100.0,32,AUR,0.018291793158282665,1.0
MG_L40_T-2_C100,40,-0.02,100.0,33,AUR,0.04411806123156703,1.0
MG_L40_T-2_C100,40,-0.02,100.0,34,AUR,0.025884867742993478,1.0
MG_L40_T-2_C100,40,-0.02,100.0,35,AUR,0.05901161916622977,1.0
MG_L40_T-2_C100,40,-0.02,100.0,36,AUR,0.046935567238352016,1.0
MG_L40_T-2_C100,40,-0.02,100.0,37,AUR,-0.09176626425902878,0.0
MG_L40_T-2_C100,40,-0.02,100.0,38,AUR,-0.01847632085994877,1.0
MG_L40_T-2_C100,40,-0.02,100.0,39,AUR,0.0710680094026288,1.0
MG_L40_T-2_C100,40,-0.02,100.0,40,AUR,0.10897101891172079,1.0
MG_L40_T-2_C100,40,-0.02,100.0,41,AUR,0.13099714419575048,1.0
MG_L40_T-2_C100,40,-0.02,100.0,42,AUR,0.045021672146392744,1.0
MG_L40_T-2_C100,40,-0.02,100.0,43,AUR,-0.02499763157691315,0.0
MG_L40_T-2_C100,40,-0.02,100.0,44,AUR,-0.012542136914489022,1.0
MG_L40_T-2_C100,40,-0.02,100.0,45,AUR,0.013030920075087105,1.0
MG_L40_T-2_C100,40,-0.02,100.0,46,AUR,0.012432892669185014,1.0
MG_L40_T-2_C100,40,-0.02,100.0,47,AUR,0.0341506476078528,1.0
MG_L40_T-2_C100,40,-0.02,100.0,48,AUR,-0.022817156369280944,0.0
MG_L40_T-2_C100,40,-0.02,100.0,49,AUR,-0.03731084178597943,0.0
MG_L40_T-2_C100,40,-0.02,100.0,50,AUR,0.0001098722976804467,1.0
MG_L40_T-2_C100,40,-0.02,100.0,51,AUR,-0.010141450016540987,1.0
MG_L40_T-2_C100,40,-0.02,100.0,52,AUR,-0.03308380588478732,0.0
MG_L40_T-2_C100,40,-0.02,100.0,0,QAUR,0.1966402743188178,1.0
MG_L40_T-2_C100,40,-0.02,100.0,1,QAUR,-0.11639226078532583,0.0
MG_L40_T-2_C100,40,-0.02,100.0,2,QAUR,-0.2202298084893901,0.0
MG_L40_T-2_C100,40,-0.02,100.0,3,QAUR,-0.15553445858879267,0.0
MG_L40_T-2_C100,40,-0.02,100.0,4,QAUR,-0.039602468667660484,0.0
MG_L40_T-2_C100,40,-0.02,100.0,5,QAUR,0.16361403501133176,1.0
MG_L40_T-2_C100,40,-0.02,100.0,6,QAUR,-0.08093961257924542,0.0
MG_L40_T-2_C100,40,-0.02,100.0,7,QAUR,-0.23922050064658973,0.0
MG_L40_T-2_C100,40,-0.02,100.0,8,QAUR,-0.12801653734476848,0.0
MG_L40_T-2_C100,40,-0.02,100.0,9,QAUR,-0.029268832800496858,0.0
MG_L40_T-2_C100,40,-0.02,100.0,10,QAUR,0.07320543188960649,1.0
MG_L40_T-2_C100,40,-0.02,100.0,11,QAUR,0.07088801520101717,1.0
MG_L40_T-2_C100,40,-0.02,100.0,12,QAUR,-0.011961146461099248,1.0
MG_L40_T-2_C100,40,-0.02,100.0,13,QAUR,0.021199248270935778,1.0
MG_L40_T-2_C100,40,-0.02,100.0,14,QAUR,0.13302593776308447,1.0
MG_L40_T-2_C100,40,-0.02,100.0,15,QAUR,0.14439982265881457,1.0
MG_L40_T-2_C100,40,-0.02,100.0,16,QAUR,0.06380030999309683,1.0
MG_L40_T-2_C100,40,-0.02,100.0,17,QAUR,0.08199155971320282,1.0
MG_L40_T-2_C100,40,-0.02,100.0,18,QAUR,-0.0384385784048652,0.0
MG_L40_T-2_C100,40,-0.02,100.0,19,QAUR,-0.15670761199326066,0.0
MG_L40_T-2_C100,40,-0.02,100.0,20,QAUR,-0.012681230673926791,1.0
MG_L40_T-2_C100,40,-0.02,100.0,21,QAUR,0.07217082519019469,1.0
MG_L40_T-2_C100,40,-0.02,100.0,22,QAUR,0.006704408706444731,1.0
MG_L40_T-2_C100,40,-0.02,100.0,23,QAUR,0.0368007035855451,1.0
MG_L40_T-2_C100,40,-0.02,100.0,24,QAUR,0.06373737283032743,1.0
MG_L40_T-2_C100,40,-0.02,100.0,25,QAUR,-0.030951272266998342,0.0
MG_L40_T-2_C100,40,-0.02,100.0,26,QAUR,0.005290635046277803,1.0
MG_L40_T-2_C100,40,-0.02,100.0,27,QAUR,0.05820908568430583,1.0
MG_L40_T-2_C100,40,-0.02,100.0,28,QAUR,-0.057046721957434876,0.0
MG_L40_T-2_C100,40,-0.02,100.0,29,QAUR,-0.05334933612430348,0.0
MG_L40_T-2_C100,40,-0.02,100.0,30,QAUR,0.010484723971359466,1.0
MG_L40_T-2_C100,40,-0.02,100.0,31,QAUR,0.005997231222915955,1.0
MG_L40_T-2_C100,40,-0.02,100.0,32,QAUR,0.018291793158282665,1.0
MG_L40_T-2_C100,40,-0.02,100.0,33,QAUR,0.04411806123156703,1.0
MG_L40_T-2_C100,40,-0.02,100.0,34,QAUR,0.025884867742993478,1.0
MG_L40_T-2_C100,40,-0.02,100.0,35,QAUR,0.05901161916622977,1.0
MG_L40_T-2_C100,40,-0.02,100.0,36,QAUR,0.046935567238352016,1.0
MG_L40_T-2_C100,40,-0.02,100.0,37,QAUR,-0.09176626425902878,0.0
MG_L40_T-2_C100,40,-0.02,100.0,38,QAUR,-0.01847632085994877,1.0
MG_L40_T-2_C100,40,-0.02,100.0,39,QAUR,0.0710680094026288,1.0
MG_L40_T-2_C100,40,-0.02,100.0,40,QAUR,0.10897101891172079,1.0
MG_L40_T-2_C100,40,-0.02,100.0,41,QAUR,0.13099714419575048,1.0
MG_L40_T-2_C100,40,-0.02,100.0,42,QAUR,0.045021672146392744,1.0
MG_L40_T-2_C100,40,-0.02,100.0,43,QAUR,-0.02499763157691315,0.0
MG_L40_T-2_C100,40,-0.02,100.0,44,QAUR,-0.012542136914489022,1.0
MG_L40_T-2_C100,40,-0.02,100.0,45,QAUR,0.013030920075087105,1.0
MG_L40_T-2_C100,40,-0.02,100.0,46,QAUR,0.012432892669185014,1.0
MG_L40_T-2_C100,40,-0.02,100.0,47,QAUR,0.0341506476078528,1.0
MG_L40_T-2_C100,40,-0.02,100.0,48,QAUR,-0.022817156369280944,0.0
MG_L40_T-2_C100,40,-0.02,100.0,49,QAUR,-0.03731084178597943,0.0
MG_L40_T-2_C100,40,-0.02,100.0,50,QAUR,0.0001098722976804467,1.0
MG_L40_T-2_C100,40,-0.02,100.0,51,QAUR,-0.010141450016540987,1.0
MG_L40_T-2_C100,40,-0.02,100.0,52,QAUR,-0.03308380588478732,0.0
MG_L40_T0_C0,40,0.0,0.0,0,AUR,0.1966402743188178,1.0
MG_L40_T0_C0,40,0.0,0.0,1,AUR,-0.11639226078532583,0.0
MG_L40_T0_C0,40,0.0,0.0,2,AUR,-0.2202298084893901,0.0
MG_L40_T0_C0,40,0.0,0.0,3,AUR,-0.15553445858879267,0.0
MG_L40_T0_C0,40,0.0,0.0,4,AUR,-0.039602468667660484,0.0
MG_L40_T0_C0,40,0.0,0.0,5,AUR,0.16361403501133176,1.0
MG_L40_T0_C0,40,0.0,0.0,6,AUR,-0.08093961257924542,0.0
MG_L40_T0_C0,40,0.0,0.0,7,AUR,-0.23922050064658973,0.0
MG_L40_T0_C0,40,0.0,0.0,8,AUR,-0.12801653734476848,0.0
MG_L40_T0_C0,40,0.0,0.0,9,AUR,-0.029268832800496858,0.0
MG_L40_T0_C0,40,0.0,0.0,10,AUR,0.07320543188960649,1.0
MG_L40_T0_C0,40,0.0,0.0,11,AUR,0.07088801520101717,1.0
MG_L40_T0_C0,40,0.0,0.0,12,AUR,-0.011961146461099248,0.0
MG_L40_T0_C0,40,0.0,0.0,13,AUR,0.021199248270935778,1.0
MG_L40_T0_C0,40,0.0,0.0,14,AUR,0.13302593776308447,1.0
MG_L40_T0_C0,40,0.0,0.0,15,AUR,0.14439982265881457,1.0
MG_L40_T0_C0,40,0.0,0.0,16,AUR,0.06380030999309683,1.0
MG_L40_T0_C0,40,0.0,0.0,17,AUR,0.08199155971320282,1.0
MG_L40_T0_C0,40,0.0,0.0,18,AUR,-0.0384385784048652,0.0
MG_L40_T0_C0,40,0.0,0.0,19,AUR,-0.15670761199326066,0.0
MG_L40_T0_C0,40,0.0,0.0,20,AUR,-0.012681230673926791,0.0
MG_L40_T0_C0,40,0.0,0.0,21,AUR,0.07217082519019469,1.0
MG_L40_T0_C0,40,0.0,0.0,22,AUR,0.006704408706444731,1.0
MG_L40_T0_C0,40,0.0,0.0,23,AUR,0.0368007035855451,1.0
MG_L40_T0_C0,40,0.0,0.0,24,AUR,0.06373737283032743,1.0
MG_L40_T0_C0,40,0.0,0.0,25,AUR,-0.030951272266998342,0.0
MG_L40_T0_C0,40,0.0,0.0,26,AUR,0.005290635046277803,1.0
MG_L40_T0_C0,40,0.0,0.0,27,AUR,0.05820908568430583,1.0
MG_L40_T0_C0,40,0.0,0.0,28,AUR,-0.057046721957434876,0.0
MG_L40_T0_C0,40,0.0,0.0,29,AUR,-0.05334933612430348,0.0
MG_L40_T0_C0,40,0.0,0.0,30,AUR,0.010484723971359466,1.0
MG_L40_T0_C0,40,0.0,0.0,31,AUR,0.005997231222915955,1.0
MG_L40_T0_C0,40,0.0,0.0,32,AUR,0.018291793158282665,1.0
MG_L40_T0_C0,40,0.0,0.0,33,AUR,0.04411806123156703,1.0
MG_L40_T0_C0,40,0.0,0.0,34,AUR,0.025884867742993478,1.0
MG_L40_T0_C0,40,0.0,0.0,35,AUR,0.05901161916622977,1.0
MG_L40_T0_C0,40,0.0,0.0,36,AUR,0.046935567238352016,1.0
MG_L40_T0_C0,40,0.0,0.0,37,AUR,-0.09176626425902878,0.0
MG_L40_T0_C0,40,0.0,0.0,38,AUR,-0.01847632085994877,0.0
MG_L40_T0_C0,40,0.0,0.0,39,AUR,0.0710680094026288,1.0
MG_L40_T0_C0,40,0.0,0.0,40,AUR,0.10897101891172079,1.0
MG_L40_T0_C0,40,0.0,0.0,41,AUR,0.13099714419575048,1.0
MG_L40_T0_C0,40,0.0,0.0,42,AUR,0.045021672146392744,1.0
MG_L40_T0_C0,40,0.0,0.0,43,AUR,-0.02499763157691315,0.0
MG_L40_T0_C0,40,0.0,0.0,44,AUR,-0.012542136914489022,0.0
MG_L40_T0_C0,40,0.0,0.0,45,AUR,0.013030920075087105,1.0
MG_L40_T0_C0,40,0.0,0.0,46,AUR,0.012432892669185014,1.0
MG_L40_T0_C0,40,0.0,0.0,47,AUR,0.0341506476078528,1.0
MG_L40_T0_C0,40,0.0,0.0,48,AUR,-0.022817156369280944,0.0
MG_L40_T0_C0,40,0.0,0.0,49,AUR,-0.03731084178597943,0.0
MG_L40_T0_C0,40,0.0,0.0,50,AUR,0.0001098722976804467,1.0
MG_L40_T0_C0,40,0.0,0.0,51,AUR,-0.010141450016540987,0.0
MG_L40_T0_C0,40,0.0,0.0,52,AUR,-0.03308380588478732,0.0
MG_L40_T0_C0,40,0.0,0.0,0,QAUR,0.1966402743188178,1.0
MG_L40_T0_C0,40,0.0,0.0,1,QAUR,-0.11639226078532583,0.0
MG_L40_T0_C0,40,0.0,0.0,2,QAUR,-0.2202298084893901,0.0
MG_L40_T0_C0,40,0.0,0.0,3,QAUR,-0.15553445858879267,0.0
MG_L40_T0_C0,40,0.0,0.0,4,QAUR,-0.039602468667660484,0.0
MG_L40_T0_C0,40,0.0,0.0,5,QAUR,0.16361403501133176,1.0
MG_L40_T0_C0,40,0.0,0.0,6,QAUR,-0.08093961257924542,0.0
MG_L40_T0_C0,40,0.0,0.0,7,QAUR,-0.23922050064658973,0.0
MG_L40_T0_C0,40,0.0,0.0,8,QAUR,-0.12801653734476848,0.0
MG_L40_T0_C0,40,0.0,0.0,9,QAUR,-0.029268832800496858,0.0
MG_L40_T0_C0,40,0.0,0.0,10,QAUR,0.07320543188960649,1.0
MG_L40_T0_C0,40,0.0,0.0,11,QAUR,0.07088801520101717,1.0
MG_L40_T0_C0,40,0.0,0.0,12,QAUR,-0.011961146461099248,0.0
MG_L40_T0_C0,40,0.0,0.0,13,QAUR,0.021199248270935778,1.0
MG_L40_T0_C0,40,0.0,0.0,14,QAUR,0.13302593776308447,1.0
MG_L40_T0_C0,40,0.0,0.0,15,QAUR,0.14439982265881457,1.0
MG_L40_T0_C0,40,0.0,0.0,16,QAUR,0.06380030999309683,1.0
MG_L40_T0_C0,40,0.0,0.0,17,QAUR,0.08199155971320282,1.0
MG_L40_T0_C0,40,0.0,0.0,18,QAUR,-0.0384385784048652,0.0
MG_L40_T0_C0,40,0.0,0.0,19,QAUR,-0.15670761199326066,0.0
MG_L40_T0_C0,40,0.0,0.0,20,QAUR,-0.012681230673926791,0.0
MG_L40_T0_C0,40,0.0,0.0,21,QAUR,0.07217082519019469,1.0
MG_L40_T0_C0,40,0.0,0.0,22,QAUR,0.006704408706444731,1.0
MG_L40_T0_C0,40,0.0,0.0,23,QAUR,0.0368007035855451,1.0
MG_L40_T0_C0,40,0.0,0.0,24,QAUR,0.06373737283032743,1.0
MG_L40_T0_C0,40,0.0,0.0,25,QAUR,-0.030951272266998342,0.0
MG_L40_T0_C0,40,0.0,0.0,26,QAUR,0.005290635046277803,1.0
MG_L40_T0_C0,40,0.0,0.0,27,QAUR,0.05820908568430583,1.0
MG_L40_T0_C0,40,0.0,0.0,28,QAUR,-0.057046721957434876,0.0
MG_L40_T0_C0,40,0.0,0.0,29,QAUR,-0.05334933612430348,0.0
MG_L40_T0_C0,40,0.0,0.0,30,QAUR,0.010484723971359466,1.0
MG_L40_T0_C0,40,0.0,0.0,31,QAUR,0.005997231222915955,1.0
MG_L40_T0_C0,40,0.0,0.0,32,QAUR,0.018291793158282665,1.0
MG_L40_T0_C0,40,0.0,0.0,33,QAUR,0.04411806123156703,1.0
MG_L40_T0_C0,40,0.0,0.0,34,QAUR,0.025884867742993478,1.0
MG_L40_T0_C0,40,0.0,0.0,35,QAUR,0.05901161916622977,1.0
MG_L40_T0_C0,40,0.0,0.0,36,QAUR,0.046935567238352016,1.0
MG_L40_T0_C0,40,0.0,0.0,37,QAUR,-0.09176626425902878,0.0
MG_L40_T0_C0,40,0.0,0.0,38,QAUR,-0.01847632085994877,0.0
MG_L40_T0_C0,40,0.0,0.0,39,QAUR,0.0710680094026288,1.0
MG_L40_T0_C0,40,0.0,0.0,40,QAUR,0.10897101891172079,1.0
MG_L40_T0_C0,40,0.0,0.0,41,QAUR,0.13099714419575048,1.0
MG_L40_T0_C0,40,0.0,0.0,42,QAUR,0.045021672146392744,1.0
MG_L40_T0_C0,40,0.0,0.0,43,QAUR,-0.02499763157691315,0.0
MG_L40_T0_C0,40,0.0,0.0,44,QAUR,-0.012542136914489022,0.0
MG_L40_T0_C0,40,0.0,0.0,45,QAUR,0.013030920075087105,1.0
MG_L40_T0_C0,40,0.0,0.0,46,QAUR,0.012432892669185014,1.0
MG_L40_T0_C0,40,0.0,0.0,47,QAUR,0.0341506476078528,1.0
MG_L40_T0_C0,40,0.0,0.0,48,QAUR,-0.022817156369280944,0.0
MG_L40_T0_C0,40,0.0,0.0,49,QAUR,-0.03731084178597943,0.0
MG_L40_T0_C0,40,0.0,0.0,50,QAUR,0.0001098722976804467,1.0
MG_L40_T0_C0,40,0.0,0.0,51,QAUR,-0.010141450016540987,0.0
MG_L40_T0_C0,40,0.0,0.0,52,QAUR,-0.03308380588478732,0.0
MG_L40_T0_C25,40,0.0,25.0,0,AUR,0.1966402743188178,1.0
MG_L40_T0_C25,40,0.0,25.0,1,AUR,-0.11639226078532583,0.0
MG_L40_T0_C25,40,0.0,25.0,2,AUR,-0.2202298084893901,0.0
MG_L40_T0_C25,40,0.0,25.0,3,AUR,-0.15553445858879267,0.0
MG_L40_T0_C25,40,0.0,25.0,4,AUR,-0.039602468667660484,0.0
MG_L40_T0_C25,40,0.0,25.0,5,AUR,0.16361403501133176,1.0
MG_L40_T0_C25,40,0.0,25.0,6,AUR,-0.08093961257924542,0.0
MG_L40_T0_C25,40,0.0,25.0,7,AUR,-0.23922050064658973,0.0
MG_L40_T0_C25,40,0.0,25.0,8,AUR,-0.12801653734476848,0.0
MG_L40_T0_C25,40,0.0,25.0,9,AUR,-0.029268832800496858,0.0
MG_L40_T0_C25,40,0.0,25.0,10,AUR,0.07320543188960649,1.0
MG_L40_T0_C25,40,0.0,25.0,11,AUR,0.07088801520101717,1.0
MG_L40_T0_C25,40,0.0,25.0,12,AUR,-0.011961146461099248,0.0
MG_L40_T0_C25,40,0.0,25.0,13,AUR,0.021199248270935778,1.0
MG_L40_T0_C25,40,0.0,25.0,14,AUR,0.13302593776308447,1.0
MG_L40_T0_C25,40,0.0,25.0,15,AUR,0.14439982265881457,1.0
MG_L40_T0_C25,40,0.0,25.0,16,AUR,0.06380030999309683,1.0
MG_L40_T0_C25,40,0.0,25.0,17,AUR,0.08199155971320282,1.0
MG_L40_T0_C25,40,0.0,25.0,18,AUR,-0.0384385784048652,0.0
MG_L40_T0_C25,40,0.0,25.0,19,AUR,-0.15670761199326066,0.0
MG_L40_T0_C25,40,0.0,25.0,20,AUR,-0.012681230673926791,0.0
MG_L40_T0_C25,40,0.0,25.0,21,AUR,0.07217082519019469,1.0
MG_L40_T0_C25,40,0.0,25.0,22,AUR,0.006704408706444731,1.0
MG_L40_T0_C25,40,0.0,25.0,23,AUR,0.0368007035855451,1.0
MG_L40_T0_C25,40,0.0,25.0,24,AUR,0.06373737283032743,1.0
MG_L40_T0_C25,40,0.0,25.0,25,AUR,-0.030951272266998342,0.0
MG_L40_T0_C25,40,0.0,25.0,26,AUR,0.005290635046277803,1.0
MG_L40_T0_C25,40,0.0,25.0,27,AUR,0.05820908568430583,1.0
MG_L40_T0_C25,40,0.0,25.0,28,AUR,-0.057046721957434876,0.0
MG_L40_T0_C25,40,0.0,25.0,29,AUR,-0.05334933612430348,0.0
MG_L40_T0_C25,40,0.0,25.0,30,AUR,0.010484723971359466,1.0
MG_L40_T0_C25,40,0.0,25.0,31,AUR,0.005997231222915955,1.0
MG_L40_T0_C25,40,0.0,25.0,32,AUR,0.018291793158282665,1.0
MG_L40_T0_C25,40,0.0,25.0,33,AUR,0.04411806123156703,1.0
MG_L40_T0_C25,40,0.0,25.0,34,AUR,0.025884867742993478,1.0
MG_L40_T0_C25,40,0.0,25.0,35,AUR,0.05901161916622977,1.0
MG_L40_T0_C25,40,0.0,25.0,36,AUR,0.046935567238352016,1.0
MG_L40_T0_C25,40,0.0,25.0,37,AUR,-0.09176626425902878,0.0
MG_L40_T0_C25,40,0.0,25.0,38,AUR,-0.01847632085994877,0.0
MG_L40_T0_C25,40,0.0,25.0,39,AUR,0.0710680094026288,1.0
MG_L40_T0_C25,40,0.0,25.0,40,AUR,0.10897101891172079,1.0
MG_L40_T0_C25,40,0.0,25.0,41,AUR,0.13099714419575048,1.0
MG_L40_T0_C25,40,0.0,25.0,42,AUR,0.045021672146392744,1.0
MG_L40_T0_C25,40,0.0,25.0,43,AUR,-0.02499763157691315,0.0
MG_L40_T0_C25,40,0.0,25.0,44,AUR,-0.012542136914489022,0.0
MG_L40_T0_C25,40,0.0,25.0,45,AUR,0.013030920075087105,1.0
MG_L40_T0_C25,40,0.0,25.0,46,AUR,0.012432892669185014,1.0
MG_L40_T0_C25,40,0.0,25.0,47,AUR,0.0341506476078528,1.0
MG_L40_T0_C25,40,0.0,25.0,48,AUR,-0.022817156369280944,0.0
MG_L40_T0_C25,40,0.0,25.0,49,AUR,-0.03731084178597943,0.0
MG_L40_T0_C25,40,0.0,25.0,50,AUR,0.0001098722976804467,1.0
MG_L40_T0_C25,40,0.0,25.0,51,AUR,-0.010141450016540987,0.0
MG_L40_T0_C25,40,0.0,25.0,52,AUR,-0.03308380588478732,0.0
MG_L40_T0_C25,40,0.0,25.0,0,QAUR,0.1966402743188178,1.0
MG_L40_T0_C25,40,0.0,25.0,1,QAUR,-0.11639226078532583,0.0
MG_L40_T0_C25,40,0.0,25.0,2,QAUR,-0.2202298084893901,0.0
MG_L40_T0_C25,40,0.0,25.0,3,QAUR,-0.15553445858879267,0.0
MG_L40_T0_C25,40,0.0,25.0,4,QAUR,-0.039602468667660484,0.0
MG_L40_T0_C25,40,0.0,25.0,5,QAUR,0.16361403501133176,1.0
MG_L40_T0_C25,40,0.0,25.0,6,QAUR,-0.08093961257924542,0.0
MG_L40_T0_C25,40,0.0,25.0,7,QAUR,-0.23922050064658973,0.0
MG_L40_T0_C25,40,0.0,25.0,8,QAUR,-0.12801653734476848,0.0
MG_L40_T0_C25,40,0.0,25.0,9,QAUR,-0.029268832800496858,0.0
MG_L40_T0_C25,40,0.0,25.0,10,QAUR,0.07320543188960649,1.0
MG_L40_T0_C25,40,0.0,25.0,11,QAUR,0.07088801520101717,1.0
MG_L40_T0_C25,40,0.0,25.0,12,QAUR,-0.011961146461099248,0.0
MG_L40_T0_C25,40,0.0,25.0,13,QAUR,0.021199248270935778,1.0
MG_L40_T0_C25,40,0.0,25.0,14,QAUR,0.13302593776308447,1.0
MG_L40_T0_C25,40,0.0,25.0,15,QAUR,0.14439982265881457,1.0
MG_L40_T0_C25,40,0.0,25.0,16,QAUR,0.06380030999309683,1.0
MG_L40_T0_C25,40,0.0,25.0,17,QAUR,0.08199155971320282,1.0
MG_L40_T0_C25,40,0.0,25.0,18,QAUR,-0.0384385784048652,0.0
MG_L40_T0_C25,40,0.0,25.0,19,QAUR,-0.15670761199326066,0.0
MG_L40_T0_C25,40,0.0,25.0,20,QAUR,-0.012681230673926791,0.0
MG_L40_T0_C25,40,0.0,25.0,21,QAUR,0.07217082519019469,1.0
MG_L40_T0_C25,40,0.0,25.0,22,QAUR,0.006704408706444731,1.0
MG_L40_T0_C25,40,0.0,25.0,23,QAUR,0.0368007035855451,1.0
MG_L40_T0_C25,40,0.0,25.0,24,QAUR,0.06373737283032743,1.0
MG_L40_T0_C25,40,0.0,25.0,25,QAUR,-0.030951272266998342,0.0
MG_L40_T0_C25,40,0.0,25.0,26,QAUR,0.005290635046277803,1.0
MG_L40_T0_C25,40,0.0,25.0,27,QAUR,0.05820908568430583,1.0
MG_L40_T0_C25,40,0.0,25.0,28,QAUR,-0.057046721957434876,0.0
MG_L40_T0_C25,40,0.0,25.0,29,QAUR,-0.05334933612430348,0.0
MG_L40_T0_C25,40,0.0,25.0,30,QAUR,0.010484723971359466,1.0
MG_L40_T0_C25,40,0.0,25.0,31,QAUR,0.005997231222915955,1.0
MG_L40_T0_C25,40,0.0,25.0,32,QAUR,0.018291793158282665,1.0
MG_L40_T0_C25,40,0.0,25.0,33,QAUR,0.04411806123156703,1.0
MG_L40_T0_C25,40,0.0,25.0,34,QAUR,0.025884867742993478,1.0
MG_L40_T0_C25,40,0.0,25.0,35,QAUR,0.05901161916622977,1.0
MG_L40_T0_C25,40,0.0,25.0,36,QAUR,0.046935567238352016,1.0
MG_L40_T0_C25,40,0.0,25.0,37,QAUR,-0.09176626425902878,0.0
MG_L40_T0_C25,40,0.0,25.0,38,QAUR,-0.01847632085994877,0.0
MG_L40_T0_C25,40,0.0,25.0,39,QAUR,0.0710680094026288,1.0
MG_L40_T0_C25,40,0.0,25.0,40,QAUR,0.10897101891172079,1.0
MG_L40_T0_C25,40,0.0,25.0,41,QAUR,0.13099714419575048,1.0
MG_L40_T0_C25,40,0.0,25.0,42,QAUR,0.045021672146392744,1.0
MG_L40_T0_C25,40,0.0,25.0,43,QAUR,-0.02499763157691315,0.0
MG_L40_T0_C25,40,0.0,25.0,44,QAUR,-0.012542136914489022,0.0
MG_L40_T0_C25,40,0.0,25.0,45,QAUR,0.013030920075087105,1.0
MG_L40_T0_C25,40,0.0,25.0,46,QAUR,0.012432892669185014,1.0
MG_L40_T0_C25,40,0.0,25.0,47,QAUR,0.0341506476078528,1.0
MG_L40_T0_C25,40,0.0,25.0,48,QAUR,-0.022817156369280944,0.0
MG_L40_T0_C25,40,0.0,25.0,49,QAUR,-0.03731084178597943,0.0
MG_L40_T0_C25,40,0.0,25.0,50,QAUR,0.0001098722976804467,1.0
MG_L40_T0_C25,40,0.0,25.0,51,QAUR,-0.010141450016540987,0.0
MG_L40_T0_C25,40,0.0,25.0,52,QAUR,-0.03308380588478732,0.0
MG_L40_T0_C50,40,0.0,50.0,0,AUR,0.1966402743188178,1.0
MG_L40_T0_C50,40,0.0,50.0,1,AUR,-0.11639226078532583,0.0
MG_L40_T0_C50,40,0.0,50.0,2,AUR,-0.2202298084893901,0.0
MG_L40_T0_C50,40,0.0,50.0,3,AUR,-0.15553445858879267,0.0
MG_L40_T0_C50,40,0.0,50.0,4,AUR,-0.039602468667660484,0.0
MG_L40_T0_C50,40,0.0,50.0,5,AUR,0.16361403501133176,1.0
MG_L40_T0_C50,40,0.0,50.0,6,AUR,-0.08093961257924542,0.0
MG_L40_T0_C50,40,0.0,50.0,7,AUR,-0.23922050064658973,0.0
MG_L40_T0_C50,40,0.0,50.0,8,AUR,-0.12801653734476848,0.0
MG_L40_T0_C50,40,0.0,50.0,9,AUR,-0.029268832800496858,0.0
MG_L40_T0_C50,40,0.0,50.0,10,AUR,0.07320543188960649,1.0
MG_L40_T0_C50,40,0.0,50.0,11,AUR,0.07088801520101717,1.0
MG_L40_T0_C50,40,0.0,50.0,12,AUR,-0.011961146461099248,0.0
MG_L40_T0_C50,40,0.0,50.0,13,AUR,0.021199248270935778,1.0
MG_L40_T0_C50,40,0.0,50.0,14,AUR,0.13302593776308447,1.0
MG_L40_T0_C50,40,0.0,50.0,15,AUR,0.14439982265881457,1.0
MG_L40_T0_C50,40,0.0,50.0,16,AUR,0.06380030999309683,1.0
MG_L40_T0_C50,40,0.0,50.0,17,AUR,0.08199155971320282,1.0
MG_L40_T0_C50,40,0.0,50.0,18,AUR,-0.0384385784048652,0.0
MG_L40_T0_C50,40,0.0,50.0,19,AUR,-0.15670761199326066,0.0
MG_L40_T0_C50,40,0.0,50.0,20,AUR,-0.012681230673926791,0.0
MG_L40_T0_C50,40,0.0,50.0,21,AUR,0.07217082519019469,1.0
MG_L40_T0_C50,40,0.0,50.0,22,AUR,0.006704408706444731,1.0
MG_L40_T0_C50,40,0.0,50.0,23,AUR,0.0368007035855451,1.0
MG_L40_T0_C50,40,0.0,50.0,24,AUR,0.06373737283032743,1.0
MG_L40_T0_C50,40,0.0,50.0,25,AUR,-0.030951272266998342,0.0
MG_L40_T0_C50,40,0.0,50.0,26,AUR,0.005290635046277803,1.0
MG_L40_T0_C50,40,0.0,50.0,27,AUR,0.05820908568430583,1.0
MG_L40_T0_C50,40,0.0,50.0,28,AUR,-0.057046721957434876,0.0
MG_L40_T0_C50,40,0.0,50.0,29,AUR,-0.05334933612430348,0.0
MG_L40_T0_C50,40,0.0,50.0,30,AUR,0.010484723971359466,1.0
MG_L40_T0_C50,40,0.0,50.0,31,AUR,0.005997231222915955,1.0
MG_L40_T0_C50,40,0.0,50.0,32,AUR,0.018291793158282665,1.0
MG_L40_T0_C50,40,0.0,50.0,33,AUR,0.04411806123156703,1.0
MG_L40_T0_C50,40,0.0,50.0,34,AUR,0.025884867742993478,1.0
MG_L40_T0_C50,40,0.0,50.0,35,AUR,0.05901161916622977,1.0
MG_L40_T0_C50,40,0.0,50.0,36,AUR,0.046935567238352016,1.0
MG_L40_T0_C50,40,0.0,50.0,37,AUR,-0.09176626425902878,0.0
MG_L40_T0_C50,40,0.0,50.0,38,AUR,-0.01847632085994877,0.0
MG_L40_T0_C50,40,0.0,50.0,39,AUR,0.0710680094026288,1.0
MG_L40_T0_C50,40,0.0,50.0,40,AUR,0.10897101891172079,1.0
MG_L40_T0_C50,40,0.0,50.0,41,AUR,0.13099714419575048,1.0
MG_L40_T0_C50,40,0.0,50.0,42,AUR,0.045021672146392744,1.0
MG_L40_T0_C50,40,0.0,50.0,43,AUR,-0.02499763157691315,0.0
MG_L40_T0_C50,40,0.0,50.0,44,AUR,-0.012542136914489022,0.0
MG_L40_T0_C50,40,0.0,50.0,45,AUR,0.013030920075087105,1.0
MG_L40_T0_C50,40,0.0,50.0,46,AUR,0.012432892669185014,1.0
MG_L40_T0_C50,40,0.0,50.0,47,AUR,0.0341506476078528,1.0
MG_L40_T0_C50,40,0.0,50.0,48,AUR,-0.022817156369280944,0.0
MG_L40_T0_C50,40,0.0,50.0,49,AUR,-0.03731084178597943,0.0
MG_L40_T0_C50,40,0.0,50.0,50,AUR,0.0001098722976804467,1.0
MG_L40_T0_C50,40,0.0,50.0,51,AUR,-0.010141450016540987,0.0
MG_L40_T0_C50,40,0.0,50.0,52,AUR,-0.03308380588478732,0.0
MG_L40_T0_C50,40,0.0,50.0,0,QAUR,0.1966402743188178,1.0
MG_L40_T0_C50,40,0.0,50.0,1,QAUR,-0.11639226078532583,0.0
MG_L40_T0_C50,40,0.0,50.0,2,QAUR,-0.2202298084893901,0.0
MG_L40_T0_C50,40,0.0,50.0,3,QAUR,-0.15553445858879267,0.0
MG_L40_T0_C50,40,0.0,50.0,4,QAUR,-0.039602468667660484,0.0
MG_L40_T0_C50,40,0.0,50.0,5,QAUR,0.16361403501133176,1.0
MG_L40_T0_C50,40,0.0,50.0,6,QAUR,-0.08093961257924542,0.0
MG_L40_T0_C50,40,0.0,50.0,7,QAUR,-0.23922050064658973,0.0
MG_L40_T0_C50,40,0.0,50.0,8,QAUR,-0.12801653734476848,0.0
MG_L40_T0_C50,40,0.0,50.0,9,QAUR,-0.029268832800496858,0.0
MG_L40_T0_C50,40,0.0,50.0,10,QAUR,0.07320543188960649,1.0
MG_L40_T0_C50,40,0.0,50.0,11,QAUR,0.07088801520101717,1.0
MG_L40_T0_C50,40,0.0,50.0,12,QAUR,-0.011961146461099248,0.0
MG_L40_T0_C50,40,0.0,50.0,13,QAUR,0.021199248270935778,1.0
MG_L40_T0_C50,40,0.0,50.0,14,QAUR,0.13302593776308447,1.0
MG_L40_T0_C50,40,0.0,50.0,15,QAUR,0.14439982265881457,1.0
MG_L40_T0_C50,40,0.0,50.0,16,QAUR,0.06380030999309683,1.0
MG_L40_T0_C50,40,0.0,50.0,17,QAUR,0.08199155971320282,1.0
MG_L40_T0_C50,40,0.0,50.0,18,QAUR,-0.0384385784048652,0.0
MG_L40_T0_C50,40,0.0,50.0,19,QAUR,-0.15670761199326066,0.0
MG_L40_T0_C50,40,0.0,50.0,20,QAUR,-0.012681230673926791,0.0
MG_L40_T0_C50,40,0.0,50.0,21,QAUR,0.07217082519019469,1.0
MG_L40_T0_C50,40,0.0,50.0,22,QAUR,0.006704408706444731,1.0
MG_L40_T0_C50,40,0.0,50.0,23,QAUR,0.0368007035855451,1.0
MG_L40_T0_C50,40,0.0,50.0,24,QAUR,0.06373737283032743,1.0
MG_L40_T0_C50,40,0.0,50.0,25,QAUR,-0.030951272266998342,0.0
MG_L40_T0_C50,40,0.0,50.0,26,QAUR,0.005290635046277803,1.0
MG_L40_T0_C50,40,0.0,50.0,27,QAUR,0.05820908568430583,1.0
MG_L40_T0_C50,40,0.0,50.0,28,QAUR,-0.057046721957434876,0.0
MG_L40_T0_C50,40,0.0,50.0,29,QAUR,-0.05334933612430348,0.0
MG_L40_T0_C50,40,0.0,50.0,30,QAUR,0.010484723971359466,1.0
MG_L40_T0_C50,40,0.0,50.0,31,QAUR,0.005997231222915955,1.0
MG_L40_T0_C50,40,0.0,50.0,32,QAUR,0.018291793158282665,1.0
MG_L40_T0_C50,40,0.0,50.0,33,QAUR,0.04411806123156703,1.0
MG_L40_T0_C50,40,0.0,50.0,34,QAUR,0.025884867742993478,1.0
MG_L40_T0_C50,40,0.0,50.0,35,QAUR,0.05901161916622977,1.0
MG_L40_T0_C50,40,0.0,50.0,36,QAUR,0.046935567238352016,1.0
MG_L40_T0_C50,40,0.0,50.0,37,QAUR,-0.09176626425902878,0.0
MG_L40_T0_C50,40,0.0,50.0,38,QAUR,-0.01847632085994877,0.0
MG_L40_T0_C50,40,0.0,50.0,39,QAUR,0.0710680094026288,1.0
MG_L40_T0_C50,40,0.0,50.0,40,QAUR,0.10897101891172079,1.0
MG_L40_T0_C50,40,0.0,50.0,41,QAUR,0.13099714419575048,1.0
MG_L40_T0_C50,40,0.0,50.0,42,QAUR,0.045021672146392744,1.0
MG_L40_T0_C50,40,0.0,50.0,43,QAUR,-0.02499763157691315,0.0
MG_L40_T0_C50,40,0.0,50.0,44,QAUR,-0.012542136914489022,0.0
MG_L40_T0_C50,40,0.0,50.0,45,QAUR,0.013030920075087105,1.0
MG_L40_T0_C50,40,0.0,50.0,46,QAUR,0.012432892669185014,1.0
MG_L40_T0_C50,40,0.0,50.0,47,QAUR,0.0341506476078528,1.0
MG_L40_T0_C50,40,0.0,50.0,48,QAUR,-0.022817156369280944,0.0
MG_L40_T0_C50,40,0.0,50.0,49,QAUR,-0.03731084178597943,0.0
MG_L40_T0_C50,40,0.0,50.0,50,QAUR,0.0001098722976804467,1.0
MG_L40_T0_C50,40,0.0,50.0,51,QAUR,-0.010141450016540987,0.0
MG_L40_T0_C50,40,0.0,50.0,52,QAUR,-0.03308380588478732,0.0
MG_L40_T0_C100,40,0.0,100.0,0,AUR,0.1966402743188178,1.0
MG_L40_T0_C100,40,0.0,100.0,1,AUR,-0.11639226078532583,0.0
MG_L40_T0_C100,40,0.0,100.0,2,AUR,-0.2202298084893901,0.0
MG_L40_T0_C100,40,0.0,100.0,3,AUR,-0.15553445858879267,0.0
MG_L40_T0_C100,40,0.0,100.0,4,AUR,-0.039602468667660484,0.0
MG_L40_T0_C100,40,0.0,100.0,5,AUR,0.16361403501133176,1.0
MG_L40_T0_C100,40,0.0,100.0,6,AUR,-0.08093961257924542,0.0
MG_L40_T0_C100,40,0.0,100.0,7,AUR,-0.23922050064658973,0.0
MG_L40_T0_C100,40,0.0,100.0,8,AUR,-0.12801653734476848,0.0
MG_L40_T0_C100,40,0.0,100.0,9,AUR,-0.029268832800496858,0.0
MG_L40_T0_C100,40,0.0,100.0,10,AUR,0.07320543188960649,1.0
MG_L40_T0_C100,40,0.0,100.0,11,AUR,0.07088801520101717,1.0
MG_L40_T0_C100,40,0.0,100.0,12,AUR,-0.011961146461099248,0.0
MG_L40_T0_C100,40,0.0,100.0,13,AUR,0.021199248270935778,1.0
MG_L40_T0_C100,40,0.0,100.0,14,AUR,0.13302593776308447,1.0
MG_L40_T0_C100,40,0.0,100.0,15,AUR,0.14439982265881457,1.0
MG_L40_T0_C100,40,0.0,100.0,16,AUR,0.06380030999309683,1.0
MG_L40_T0_C100,40,0.0,100.0,17,AUR,0.08199155971320282,1.0
MG_L40_T0_C100,40,0.0,100.0,18,AUR,-0.0384385784048652,0.0
MG_L40_T0_C100,40,0.0,100.0,19,AUR,-0.15670761199326066,0.0
MG_L40_T0_C100,40,0.0,100.0,20,AUR,-0.012681230673926791,0.0
MG_L40_T0_C100,40,0.0,100.0,21,AUR,0.07217082519019469,1.0
MG_L40_T0_C100,40,0.0,100.0,22,AUR,0.006704408706444731,1.0
MG_L40_T0_C100,40,0.0,100.0,23,AUR,0.0368007035855451,1.0
MG_L40_T0_C100,40,0.0,100.0,24,AUR,0.06373737283032743,1.0
MG_L40_T0_C100,40,0.0,100.0,25,AUR,-0.030951272266998342,0.0
MG_L40_T0_C100,40,0.0,100.0,26,AUR,0.005290635046277803,1.0
MG_L40_T0_C100,40,0.0,100.0,27,AUR,0.05820908568430583,1.0
MG_L40_T0_C100,40,0.0,100.0,28,AUR,-0.057046721957434876,0.0
MG_L40_T0_C100,40,0.0,100.0,29,AUR,-0.05334933612430348,0.0
MG_L40_T0_C100,40,0.0,100.0,30,AUR,0.010484723971359466,1.0
MG_L40_T0_C100,40,0.0,100.0,31,AUR,0.005997231222915955,1.0
MG_L40_T0_C100,40,0.0,100.0,32,AUR,0.018291793158282665,1.0
MG_L40_T0_C100,40,0.0,100.0,33,AUR,0.04411806123156703,1.0
MG_L40_T0_C100,40,0.0,100.0,34,AUR,0.025884867742993478,1.0
MG_L40_T0_C100,40,0.0,100.0,35,AUR,0.05901161916622977,1.0
MG_L40_T0_C100,40,0.0,100.0,36,AUR,0.046935567238352016,1.0
MG_L40_T0_C100,40,0.0,100.0,37,AUR,-0.09176626425902878,0.0
MG_L40_T0_C100,40,0.0,100.0,38,AUR,-0.01847632085994877,0.0
MG_L40_T0_C100,40,0.0,100.0,39,AUR,0.0710680094026288,1.0
MG_L40_T0_C100,40,0.0,100.0,40,AUR,0.10897101891172079,1.0
MG_L40_T0_C100,40,0.0,100.0,41,AUR,0.13099714419575048,1.0
MG_L40_T0_C100,40,0.0,100.0,42,AUR,0.045021672146392744,1.0
MG_L40_T0_C100,40,0.0,100.0,43,AUR,-0.02499763157691315,0.0
MG_L40_T0_C100,40,0.0,100.0,44,AUR,-0.012542136914489022,0.0
MG_L40_T0_C100,40,0.0,100.0,45,AUR,0.013030920075087105,1.0
MG_L40_T0_C100,40,0.0,100.0,46,AUR,0.012432892669185014,1.0
MG_L40_T0_C100,40,0.0,100.0,47,AUR,0.0341506476078528,1.0
MG_L40_T0_C100,40,0.0,100.0,48,AUR,-0.022817156369280944,0.0
MG_L40_T0_C100,40,0.0,100.0,49,AUR,-0.03731084178597943,0.0
MG_L40_T0_C100,40,0.0,100.0,50,AUR,0.0001098722976804467,1.0
MG_L40_T0_C100,40,0.0,100.0,51,AUR,-0.010141450016540987,0.0
MG_L40_T0_C100,40,0.0,100.0,52,AUR,-0.03308380588478732,0.0
MG_L40_T0_C100,40,0.0,100.0,0,QAUR,0.1966402743188178,1.0
MG_L40_T0_C100,40,0.0,100.0,1,QAUR,-0.11639226078532583,0.0
MG_L40_T0_C100,40,0.0,100.0,2,QAUR,-0.2202298084893901,0.0
MG_L40_T0_C100,40,0.0,100.0,3,QAUR,-0.15553445858879267,0.0
MG_L40_T0_C100,40,0.0,100.0,4,QAUR,-0.039602468667660484,0.0
MG_L40_T0_C100,40,0.0,100.0,5,QAUR,0.16361403501133176,1.0
MG_L40_T0_C100,40,0.0,100.0,6,QAUR,-0.08093961257924542,0.0
MG_L40_T0_C100,40,0.0,100.0,7,QAUR,-0.23922050064658973,0.0
MG_L40_T0_C100,40,0.0,100.0,8,QAUR,-0.12801653734476848,0.0
MG_L40_T0_C100,40,0.0,100.0,9,QAUR,-0.029268832800496858,0.0
MG_L40_T0_C100,40,0.0,100.0,10,QAUR,0.07320543188960649,1.0
MG_L40_T0_C100,40,0.0,100.0,11,QAUR,0.07088801520101717,1.0
MG_L40_T0_C100,40,0.0,100.0,12,QAUR,-0.011961146461099248,0.0
MG_L40_T0_C100,40,0.0,100.0,13,QAUR,0.021199248270935778,1.0
MG_L40_T0_C100,40,0.0,100.0,14,QAUR,0.13302593776308447,1.0
MG_L40_T0_C100,40,0.0,100.0,15,QAUR,0.14439982265881457,1.0
MG_L40_T0_C100,40,0.0,100.0,16,QAUR,0.06380030999309683,1.0
MG_L40_T0_C100,40,0.0,100.0,17,QAUR,0.08199155971320282,1.0
MG_L40_T0_C100,40,0.0,100.0,18,QAUR,-0.0384385784048652,0.0
MG_L40_T0_C100,40,0.0,100.0,19,QAUR,-0.15670761199326066,0.0
MG_L40_T0_C100,40,0.0,100.0,20,QAUR,-0.012681230673926791,0.0
MG_L40_T0_C100,40,0.0,100.0,21,QAUR,0.07217082519019469,1.0
MG_L40_T0_C100,40,0.0,100.0,22,QAUR,0.006704408706444731,1.0
MG_L40_T0_C100,40,0.0,100.0,23,QAUR,0.0368007035855451,1.0
MG_L40_T0_C100,40,0.0,100.0,24,QAUR,0.06373737283032743,1.0
MG_L40_T0_C100,40,0.0,100.0,25,QAUR,-0.030951272266998342,0.0
MG_L40_T0_C100,40,0.0,100.0,26,QAUR,0.005290635046277803,1.0
MG_L40_T0_C100,40,0.0,100.0,27,QAUR,0.05820908568430583,1.0
MG_L40_T0_C100,40,0.0,100.0,28,QAUR,-0.057046721957434876,0.0
MG_L40_T0_C100,40,0.0,100.0,29,QAUR,-0.05334933612430348,0.0
MG_L40_T0_C100,40,0.0,100.0,30,QAUR,0.010484723971359466,1.0
MG_L40_T0_C100,40,0.0,100.0,31,QAUR,0.005997231222915955,1.0
MG_L40_T0_C100,40,0.0,100.0,32,QAUR,0.018291793158282665,1.0
MG_L40_T0_C100,40,0.0,100.0,33,QAUR,0.04411806123156703,1.0
MG_L40_T0_C100,40,0.0,100.0,34,QAUR,0.025884867742993478,1.0
MG_L40_T0_C100,40,0.0,100.0,35,QAUR,0.05901161916622977,1.0
MG_L40_T0_C100,40,0.0,100.0,36,QAUR,0.046935567238352016,1.0
MG_L40_T0_C100,40,0.0,100.0,37,QAUR,-0.09176626425902878,0.0
MG_L40_T0_C100,40,0.0,100.0,38,QAUR,-0.01847632085994877,0.0
MG_L40_T0_C100,40,0.0,100.0,39,QAUR,0.0710680094026288,1.0
MG_L40_T0_C100,40,0.0,100.0,40,QAUR,0.10897101891172079,1.0
MG_L40_T0_C100,40,0.0,100.0,41,QAUR,0.13099714419575048,1.0
MG_L40_T0_C100,40,0.0,100.0,42,QAUR,0.045021672146392744,1.0
MG_L40_T0_C100,40,0.0,100.0,43,QAUR,-0.02499763157691315,0.0
MG_L40_T0_C100,40,0.0,100.0,44,QAUR,-0.012542136914489022,0.0
MG_L40_T0_C100,40,0.0,100.0,45,QAUR,0.013030920075087105,1.0
MG_L40_T0_C100,40,0.0,100.0,46,QAUR,0.012432892669185014,1.0
MG_L40_T0_C100,40,0.0,100.0,47,QAUR,0.0341506476078528,1.0
MG_L40_T0_C100,40,0.0,100.0,48,QAUR,-0.022817156369280944,0.0
MG_L40_T0_C100,40,0.0,100.0,49,QAUR,-0.03731084178597943,0.0
MG_L40_T0_C100,40,0.0,100.0,50,QAUR,0.0001098722976804467,1.0
MG_L40_T0_C100,40,0.0,100.0,51,QAUR,-0.010141450016540987,0.0
MG_L40_T0_C100,40,0.0,100.0,52,QAUR,-0.03308380588478732,0.0
MG_L40_T2_C0,40,0.02,0.0,0,AUR,0.1966402743188178,1.0
MG_L40_T2_C0,40,0.02,0.0,1,AUR,-0.11639226078532583,0.0
MG_L40_T2_C0,40,0.02,0.0,2,AUR,-0.2202298084893901,0.0
MG_L40_T2_C0,40,0.02,0.0,3,AUR,-0.15553445858879267,0.0
MG_L40_T2_C0,40,0.02,0.0,4,AUR,-0.039602468667660484,0.0
MG_L40_T2_C0,40,0.02,0.0,5,AUR,0.16361403501133176,1.0
MG_L40_T2_C0,40,0.02,0.0,6,AUR,-0.08093961257924542,0.0
MG_L40_T2_C0,40,0.02,0.0,7,AUR,-0.23922050064658973,0.0
MG_L40_T2_C0,40,0.02,0.0,8,AUR,-0.12801653734476848,0.0
MG_L40_T2_C0,40,0.02,0.0,9,AUR,-0.029268832800496858,0.0
MG_L40_T2_C0,40,0.02,0.0,10,AUR,0.07320543188960649,1.0
MG_L40_T2_C0,40,0.02,0.0,11,AUR,0.07088801520101717,1.0
MG_L40_T2_C0,40,0.02,0.0,12,AUR,-0.011961146461099248,0.0
MG_L40_T2_C0,40,0.02,0.0,13,AUR,0.021199248270935778,1.0
MG_L40_T2_C0,40,0.02,0.0,14,AUR,0.13302593776308447,1.0
MG_L40_T2_C0,40,0.02,0.0,15,AUR,0.14439982265881457,1.0
MG_L40_T2_C0,40,0.02,0.0,16,AUR,0.06380030999309683,1.0
MG_L40_T2_C0,40,0.02,0.0,17,AUR,0.08199155971320282,1.0
MG_L40_T2_C0,40,0.02,0.0,18,AUR,-0.0384385784048652,0.0
MG_L40_T2_C0,40,0.02,0.0,19,AUR,-0.15670761199326066,0.0
MG_L40_T2_C0,40,0.02,0.0,20,AUR,-0.012681230673926791,0.0
MG_L40_T2_C0,40,0.02,0.0,21,AUR,0.07217082519019469,1.0
MG_L40_T2_C0,40,0.02,0.0,22,AUR,0.006704408706444731,0.0
MG_L40_T2_C0,40,0.02,0.0,23,AUR,0.0368007035855451,1.0
MG_L40_T2_C0,40,0.02,0.0,24,AUR,0.06373737283032743,1.0
MG_L40_T2_C0,40,0.02,0.0,25,AUR,-0.030951272266998342,0.0
MG_L40_T2_C0,40,0.02,0.0,26,AUR,0.005290635046277803,0.0
MG_L40_T2_C0,40,0.02,0.0,27,AUR,0.05820908568430583,1.0
MG_L40_T2_C0,40,0.02,0.0,28,AUR,-0.057046721957434876,0.0
MG_L40_T2_C0,40,0.02,0.0,29,AUR,-0.05334933612430348,0.0
MG_L40_T2_C0,40,0.02,0.0,30,AUR,0.010484723971359466,0.0
MG_L40_T2_C0,40,0.02,0.0,31,AUR,0.005997231222915955,0.0
MG_L40_T2_C0,40,0.02,0.0,32,AUR,0.018291793158282665,0.0
MG_L40_T2_C0,40,0.02,0.0,33,AUR,0.04411806123156703,1.0
MG_L40_T2_C0,40,0.02,0.0,34,AUR,0.025884867742993478,1.0
MG_L40_T2_C0,40,0.02,0.0,35,AUR,0.05901161916622977,1.0
MG_L40_T2_C0,40,0.02,0.0,36,AUR,0.046935567238352016,1.0
MG_L40_T2_C0,40,0.02,0.0,37,AUR,-0.09176626425902878,0.0
MG_L40_T2_C0,40,0.02,0.0,38,AUR,-0.01847632085994877,0.0
MG_L40_T2_C0,40,0.02,0.0,39,AUR,0.0710680094026288,1.0
MG_L40_T2_C0,40,0.02,0.0,40,AUR,0.10897101891172079,1.0
MG_L40_T2_C0,40,0.02,0.0,41,AUR,0.13099714419575048,1.0
MG_L40_T2_C0,40,0.02,0.0,42,AUR,0.045021672146392744,1.0
MG_L40_T2_C0,40,0.02,0.0,43,AUR,-0.02499763157691315,0.0
MG_L40_T2_C0,40,0.02,0.0,44,AUR,-0.012542136914489022,0.0
MG_L40_T2_C0,40,0.02,0.0,45,AUR,0.013030920075087105,0.0
MG_L40_T2_C0,40,0.02,0.0,46,AUR,0.012432892669185014,0.0
MG_L40_T2_C0,40,0.02,0.0,47,AUR,0.0341506476078528,1.0
MG_L40_T2_C0,40,0.02,0.0,48,AUR,-0.022817156369280944,0.0
MG_L40_T2_C0,40,0.02,0.0,49,AUR,-0.03731084178597943,0.0
MG_L40_T2_C0,40,0.02,0.0,50,AUR,0.0001098722976804467,0.0
MG_L40_T2_C0,40,0.02,0.0,51,AUR,-0.010141450016540987,0.0
MG_L40_T2_C0,40,0.02,0.0,52,AUR,-0.03308380588478732,0.0
MG_L40_T2_C0,40,0.02,0.0,0,QAUR,0.1966402743188178,1.0
MG_L40_T2_C0,40,0.02,0.0,1,QAUR,-0.11639226078532583,0.0
MG_L40_T2_C0,40,0.02,0.0,2,QAUR,-0.2202298084893901,0.0
MG_L40_T2_C0,40,0.02,0.0,3,QAUR,-0.15553445858879267,0.0
MG_L40_T2_C0,40,0.02,0.0,4,QAUR,-0.039602468667660484,0.0
MG_L40_T2_C0,40,0.02,0.0,5,QAUR,0.16361403501133176,1.0
MG_L40_T2_C0,40,0.02,0.0,6,QAUR,-0.08093961257924542,0.0
MG_L40_T2_C0,40,0.02,0.0,7,QAUR,-0.23922050064658973,0.0
MG_L40_T2_C0,40,0.02,0.0,8,QAUR,-0.12801653734476848,0.0
MG_L40_T2_C0,40,0.02,0.0,9,QAUR,-0.029268832800496858,0.0
MG_L40_T2_C0,40,0.02,0.0,10,QAUR,0.07320543188960649,1.0
MG_L40_T2_C0,40,0.02,0.0,11,QAUR,0.07088801520101717,1.0
MG_L40_T2_C0,40,0.02,0.0,12,QAUR,-0.011961146461099248,0.0
MG_L40_T2_C0,40,0.02,0.0,13,QAUR,0.021199248270935778,1.0
MG_L40_T2_C0,40,0.02,0.0,14,QAUR,0.13302593776308447,1.0
MG_L40_T2_C0,40,0.02,0.0,15,QAUR,0.14439982265881457,1.0
MG_L40_T2_C0,40,0.02,0.0,16,QAUR,0.06380030999309683,1.0
MG_L40_T2_C0,40,0.02,0.0,17,QAUR,0.08199155971320282,1.0
MG_L40_T2_C0,40,0.02,0.0,18,QAUR,-0.0384385784048652,0.0
MG_L40_T2_C0,40,0.02,0.0,19,QAUR,-0.15670761199326066,0.0
MG_L40_T2_C0,40,0.02,0.0,20,QAUR,-0.012681230673926791,0.0
MG_L40_T2_C0,40,0.02,0.0,21,QAUR,0.07217082519019469,1.0
MG_L40_T2_C0,40,0.02,0.0,22,QAUR,0.006704408706444731,0.0
MG_L40_T2_C0,40,0.02,0.0,23,QAUR,0.0368007035855451,1.0
MG_L40_T2_C0,40,0.02,0.0,24,QAUR,0.06373737283032743,1.0
MG_L40_T2_C0,40,0.02,0.0,25,QAUR,-0.030951272266998342,0.0
MG_L40_T2_C0,40,0.02,0.0,26,QAUR,0.005290635046277803,0.0
MG_L40_T2_C0,40,0.02,0.0,27,QAUR,0.05820908568430583,1.0
MG_L40_T2_C0,40,0.02,0.0,28,QAUR,-0.057046721957434876,0.0
MG_L40_T2_C0,40,0.02,0.0,29,QAUR,-0.05334933612430348,0.0
MG_L40_T2_C0,40,0.02,0.0,30,QAUR,0.010484723971359466,0.0
MG_L40_T2_C0,40,0.02,0.0,31,QAUR,0.005997231222915955,0.0
MG_L40_T2_C0,40,0.02,0.0,32,QAUR,0.018291793158282665,0.0
MG_L40_T2_C0,40,0.02,0.0,33,QAUR,0.04411806123156703,1.0
MG_L40_T2_C0,40,0.02,0.0,34,QAUR,0.025884867742993478,1.0
MG_L40_T2_C0,40,0.02,0.0,35,QAUR,0.05901161916622977,1.0
MG_L40_T2_C0,40,0.02,0.0,36,QAUR,0.046935567238352016,1.0
MG_L40_T2_C0,40,0.02,0.0,37,QAUR,-0.09176626425902878,0.0
MG_L40_T2_C0,40,0.02,0.0,38,QAUR,-0.01847632085994877,0.0
MG_L40_T2_C0,40,0.02,0.0,39,QAUR,0.0710680094026288,1.0
MG_L40_T2_C0,40,0.02,0.0,40,QAUR,0.10897101891172079,1.0
MG_L40_T2_C0,40,0.02,0.0,41,QAUR,0.13099714419575048,1.0
MG_L40_T2_C0,40,0.02,0.0,42,QAUR,0.045021672146392744,1.0
MG_L40_T2_C0,40,0.02,0.0,43,QAUR,-0.02499763157691315,0.0
MG_L40_T2_C0,40,0.02,0.0,44,QAUR,-0.012542136914489022,0.0
MG_L40_T2_C0,40,0.02,0.0,45,QAUR,0.013030920075087105,0.0
MG_L40_T2_C0,40,0.02,0.0,46,QAUR,0.012432892669185014,0.0
MG_L40_T2_C0,40,0.02,0.0,47,QAUR,0.0341506476078528,1.0
MG_L40_T2_C0,40,0.02,0.0,48,QAUR,-0.022817156369280944,0.0
MG_L40_T2_C0,40,0.02,0.0,49,QAUR,-0.03731084178597943,0.0
MG_L40_T2_C0,40,0.02,0.0,50,QAUR,0.0001098722976804467,0.0
MG_L40_T2_C0,40,0.02,0.0,51,QAUR,-0.010141450016540987,0.0
MG_L40_T2_C0,40,0.02,0.0,52,QAUR,-0.03308380588478732,0.0
MG_L40_T2_C25,40,0.02,25.0,0,AUR,0.1966402743188178,1.0
MG_L40_T2_C25,40,0.02,25.0,1,AUR,-0.11639226078532583,0.0
MG_L40_T2_C25,40,0.02,25.0,2,AUR,-0.2202298084893901,0.0
MG_L40_T2_C25,40,0.02,25.0,3,AUR,-0.15553445858879267,0.0
MG_L40_T2_C25,40,0.02,25.0,4,AUR,-0.039602468667660484,0.0
MG_L40_T2_C25,40,0.02,25.0,5,AUR,0.16361403501133176,1.0
MG_L40_T2_C25,40,0.02,25.0,6,AUR,-0.08093961257924542,0.0
MG_L40_T2_C25,40,0.02,25.0,7,AUR,-0.23922050064658973,0.0
MG_L40_T2_C25,40,0.02,25.0,8,AUR,-0.12801653734476848,0.0
MG_L40_T2_C25,40,0.02,25.0,9,AUR,-0.029268832800496858,0.0
MG_L40_T2_C25,40,0.02,25.0,10,AUR,0.07320543188960649,1.0
MG_L40_T2_C25,40,0.02,25.0,11,AUR,0.07088801520101717,1.0
MG_L40_T2_C25,40,0.02,25.0,12,AUR,-0.011961146461099248,0.0
MG_L40_T2_C25,40,0.02,25.0,13,AUR,0.021199248270935778,1.0
MG_L40_T2_C25,40,0.02,25.0,14,AUR,0.13302593776308447,1.0
MG_L40_T2_C25,40,0.02,25.0,15,AUR,0.14439982265881457,1.0
MG_L40_T2_C25,40,0.02,25.0,16,AUR,0.06380030999309683,1.0
MG_L40_T2_C25,40,0.02,25.0,17,AUR,0.08199155971320282,1.0
MG_L40_T2_C25,40,0.02,25.0,18,AUR,-0.0384385784048652,0.0
MG_L40_T2_C25,40,0.02,25.0,19,AUR,-0.15670761199326066,0.0
MG_L40_T2_C25,40,0.02,25.0,20,AUR,-0.012681230673926791,0.0
MG_L40_T2_C25,40,0.02,25.0,21,AUR,0.07217082519019469,1.0
MG_L40_T2_C25,40,0.02,25.0,22,AUR,0.006704408706444731,0.0
MG_L40_T2_C25,40,0.02,25.0,23,AUR,0.0368007035855451,1.0
MG_L40_T2_C25,40,0.02,25.0,24,AUR,0.06373737283032743,1.0
MG_L40_T2_C25,40,0.02,25.0,25,AUR,-0.030951272266998342,0.0
MG_L40_T2_C25,40,0.02,25.0,26,AUR,0.005290635046277803,0.0
MG_L40_T2_C25,40,0.02,25.0,27,AUR,0.05820908568430583,1.0
MG_L40_T2_C25,40,0.02,25.0,28,AUR,-0.057046721957434876,0.0
MG_L40_T2_C25,40,0.02,25.0,29,AUR,-0.05334933612430348,0.0
MG_L40_T2_C25,40,0.02,25.0,30,AUR,0.010484723971359466,0.0
MG_L40_T2_C25,40,0.02,25.0,31,AUR,0.005997231222915955,0.0
MG_L40_T2_C25,40,0.02,25.0,32,AUR,0.018291793158282665,0.0
MG_L40_T2_C25,40,0.02,25.0,33,AUR,0.04411806123156703,1.0
MG_L40_T2_C25,40,0.02,25.0,34,AUR,0.025884867742993478,1.0
MG_L40_T2_C25,40,0.02,25.0,35,AUR,0.05901161916622977,1.0
MG_L40_T2_C25,40,0.02,25.0,36,AUR,0.046935567238352016,1.0
MG_L40_T2_C25,40,0.02,25.0,37,AUR,-0.09176626425902878,0.0
MG_L40_T2_C25,40,0.02,25.0,38,AUR,-0.01847632085994877,0.0
MG_L40_T2_C25,40,0.02,25.0,39,AUR,0.0710680094026288,1.0
MG_L40_T2_C25,40,0.02,25.0,40,AUR,0.10897101891172079,1.0
MG_L40_T2_C25,40,0.02,25.0,41,AUR,0.13099714419575048,1.0
MG_L40_T2_C25,40,0.02,25.0,42,AUR,0.045021672146392744,1.0
MG_L40_T2_C25,40,0.02,25.0,43,AUR,-0.02499763157691315,0.0
MG_L40_T2_C25,40,0.02,25.0,44,AUR,-0.012542136914489022,0.0
MG_L40_T2_C25,40,0.02,25.0,45,AUR,0.013030920075087105,0.0
MG_L40_T2_C25,40,0.02,25.0,46,AUR,0.012432892669185014,0.0
MG_L40_T2_C25,40,0.02,25.0,47,AUR,0.0341506476078528,1.0
MG_L40_T2_C25,40,0.02,25.0,48,AUR,-0.022817156369280944,0.0
MG_L40_T2_C25,40,0.02,25.0,49,AUR,-0.03731084178597943,0.0
MG_L40_T2_C25,40,0.02,25.0,50,AUR,0.0001098722976804467,0.0
MG_L40_T2_C25,40,0.02,25.0,51,AUR,-0.010141450016540987,0.0
MG_L40_T2_C25,40,0.02,25.0,52,AUR,-0.03308380588478732,0.0
MG_L40_T2_C25,40,0.02,25.0,0,QAUR,0.1966402743188178,1.0
MG_L40_T2_C25,40,0.02,25.0,1,QAUR,-0.11639226078532583,0.0
MG_L40_T2_C25,40,0.02,25.0,2,QAUR,-0.2202298084893901,0.0
MG_L40_T2_C25,40,0.02,25.0,3,QAUR,-0.15553445858879267,0.0
MG_L40_T2_C25,40,0.02,25.0,4,QAUR,-0.039602468667660484,0.0
MG_L40_T2_C25,40,0.02,25.0,5,QAUR,0.16361403501133176,1.0
MG_L40_T2_C25,40,0.02,25.0,6,QAUR,-0.08093961257924542,0.0
MG_L40_T2_C25,40,0.02,25.0,7,QAUR,-0.23922050064658973,0.0
MG_L40_T2_C25,40,0.02,25.0,8,QAUR,-0.12801653734476848,0.0
MG_L40_T2_C25,40,0.02,25.0,9,QAUR,-0.029268832800496858,0.0
MG_L40_T2_C25,40,0.02,25.0,10,QAUR,0.07320543188960649,1.0
MG_L40_T2_C25,40,0.02,25.0,11,QAUR,0.07088801520101717,1.0
MG_L40_T2_C25,40,0.02,25.0,12,QAUR,-0.011961146461099248,0.0
MG_L40_T2_C25,40,0.02,25.0,13,QAUR,0.021199248270935778,1.0
MG_L40_T2_C25,40,0.02,25.0,14,QAUR,0.13302593776308447,1.0
MG_L40_T2_C25,40,0.02,25.0,15,QAUR,0.14439982265881457,1.0
MG_L40_T2_C25,40,0.02,25.0,16,QAUR,0.06380030999309683,1.0
MG_L40_T2_C25,40,0.02,25.0,17,QAUR,0.08199155971320282,1.0
MG_L40_T2_C25,40,0.02,25.0,18,QAUR,-0.0384385784048652,0.0
MG_L40_T2_C25,40,0.02,25.0,19,QAUR,-0.15670761199326066,0.0
MG_L40_T2_C25,40,0.02,25.0,20,QAUR,-0.012681230673926791,0.0
MG_L40_T2_C25,40,0.02,25.0,21,QAUR,0.07217082519019469,1.0
MG_L40_T2_C25,40,0.02,25.0,22,QAUR,0.006704408706444731,0.0
MG_L40_T2_C25,40,0.02,25.0,23,QAUR,0.0368007035855451,1.0
MG_L40_T2_C25,40,0.02,25.0,24,QAUR,0.06373737283032743,1.0
MG_L40_T2_C25,40,0.02,25.0,25,QAUR,-0.030951272266998342,0.0
MG_L40_T2_C25,40,0.02,25.0,26,QAUR,0.005290635046277803,0.0
MG_L40_T2_C25,40,0.02,25.0,27,QAUR,0.05820908568430583,1.0
MG_L40_T2_C25,40,0.02,25.0,28,QAUR,-0.057046721957434876,0.0
MG_L40_T2_C25,40,0.02,25.0,29,QAUR,-0.05334933612430348,0.0
MG_L40_T2_C25,40,0.02,25.0,30,QAUR,0.010484723971359466,0.0
MG_L40_T2_C25,40,0.02,25.0,31,QAUR,0.005997231222915955,0.0
MG_L40_T2_C25,40,0.02,25.0,32,QAUR,0.018291793158282665,0.0
MG_L40_T2_C25,40,0.02,25.0,33,QAUR,0.04411806123156703,1.0
MG_L40_T2_C25,40,0.02,25.0,34,QAUR,0.025884867742993478,1.0
MG_L40_T2_C25,40,0.02,25.0,35,QAUR,0.05901161916622977,1.0
MG_L40_T2_C25,40,0.02,25.0,36,QAUR,0.046935567238352016,1.0
MG_L40_T2_C25,40,0.02,25.0,37,QAUR,-0.09176626425902878,0.0
MG_L40_T2_C25,40,0.02,25.0,38,QAUR,-0.01847632085994877,0.0
MG_L40_T2_C25,40,0.02,25.0,39,QAUR,0.0710680094026288,1.0
MG_L40_T2_C25,40,0.02,25.0,40,QAUR,0.10897101891172079,1.0
MG_L40_T2_C25,40,0.02,25.0,41,QAUR,0.13099714419575048,1.0
MG_L40_T2_C25,40,0.02,25.0,42,QAUR,0.045021672146392744,1.0
MG_L40_T2_C25,40,0.02,25.0,43,QAUR,-0.02499763157691315,0.0
MG_L40_T2_C25,40,0.02,25.0,44,QAUR,-0.012542136914489022,0.0
MG_L40_T2_C25,40,0.02,25.0,45,QAUR,0.013030920075087105,0.0
MG_L40_T2_C25,40,0.02,25.0,46,QAUR,0.012432892669185014,0.0
MG_L40_T2_C25,40,0.02,25.0,47,QAUR,0.0341506476078528,1.0
MG_L40_T2_C25,40,0.02,25.0,48,QAUR,-0.022817156369280944,0.0
MG_L40_T2_C25,40,0.02,25.0,49,QAUR,-0.03731084178597943,0.0
MG_L40_T2_C25,40,0.02,25.0,50,QAUR,0.0001098722976804467,0.0
MG_L40_T2_C25,40,0.02,25.0,51,QAUR,-0.010141450016540987,0.0
MG_L40_T2_C25,40,0.02,25.0,52,QAUR,-0.03308380588478732,0.0
MG_L40_T2_C50,40,0.02,50.0,0,AUR,0.1966402743188178,1.0
MG_L40_T2_C50,40,0.02,50.0,1,AUR,-0.11639226078532583,0.0
MG_L40_T2_C50,40,0.02,50.0,2,AUR,-0.2202298084893901,0.0
MG_L40_T2_C50,40,0.02,50.0,3,AUR,-0.15553445858879267,0.0
MG_L40_T2_C50,40,0.02,50.0,4,AUR,-0.039602468667660484,0.0
MG_L40_T2_C50,40,0.02,50.0,5,AUR,0.16361403501133176,1.0
MG_L40_T2_C50,40,0.02,50.0,6,AUR,-0.08093961257924542,0.0
MG_L40_T2_C50,40,0.02,50.0,7,AUR,-0.23922050064658973,0.0
MG_L40_T2_C50,40,0.02,50.0,8,AUR,-0.12801653734476848,0.0
MG_L40_T2_C50,40,0.02,50.0,9,AUR,-0.029268832800496858,0.0
MG_L40_T2_C50,40,0.02,50.0,10,AUR,0.07320543188960649,1.0
MG_L40_T2_C50,40,0.02,50.0,11,AUR,0.07088801520101717,1.0
MG_L40_T2_C50,40,0.02,50.0,12,AUR,-0.011961146461099248,0.0
MG_L40_T2_C50,40,0.02,50.0,13,AUR,0.021199248270935778,1.0
MG_L40_T2_C50,40,0.02,50.0,14,AUR,0.13302593776308447,1.0
MG_L40_T2_C50,40,0.02,50.0,15,AUR,0.14439982265881457,1.0
MG_L40_T2_C50,40,0.02,50.0,16,AUR,0.06380030999309683,1.0
MG_L40_T2_C50,40,0.02,50.0,17,AUR,0.08199155971320282,1.0
MG_L40_T2_C50,40,0.02,50.0,18,AUR,-0.0384385784048652,0.0
MG_L40_T2_C50,40,0.02,50.0,19,AUR,-0.15670761199326066,0.0
MG_L40_T2_C50,40,0.02,50.0,20,AUR,-0.012681230673926791,0.0
MG_L40_T2_C50,40,0.02,50.0,21,AUR,0.07217082519019469,1.0
MG_L40_T2_C50,40,0.02,50.0,22,AUR,0.006704408706444731,0.0
MG_L40_T2_C50,40,0.02,50.0,23,AUR,0.0368007035855451,1.0
MG_L40_T2_C50,40,0.02,50.0,24,AUR,0.06373737283032743,1.0
MG_L40_T2_C50,40,0.02,50.0,25,AUR,-0.030951272266998342,0.0
MG_L40_T2_C50,40,0.02,50.0,26,AUR,0.005290635046277803,0.0
MG_L40_T2_C50,40,0.02,50.0,27,AUR,0.05820908568430583,1.0
MG_L40_T2_C50,40,0.02,50.0,28,AUR,-0.057046721957434876,0.0
MG_L40_T2_C50,40,0.02,50.0,29,AUR,-0.05334933612430348,0.0
MG_L40_T2_C50,40,0.02,50.0,30,AUR,0.010484723971359466,0.0
MG_L40_T2_C50,40,0.02,50.0,31,AUR,0.005997231222915955,0.0
MG_L40_T2_C50,40,0.02,50.0,32,AUR,0.018291793158282665,0.0
MG_L40_T2_C50,40,0.02,50.0,33,AUR,0.04411806123156703,1.0
MG_L40_T2_C50,40,0.02,50.0,34,AUR,0.025884867742993478,1.0
MG_L40_T2_C50,40,0.02,50.0,35,AUR,0.05901161916622977,1.0
MG_L40_T2_C50,40,0.02,50.0,36,AUR,0.046935567238352016,1.0
MG_L40_T2_C50,40,0.02,50.0,37,AUR,-0.09176626425902878,0.0
MG_L40_T2_C50,40,0.02,50.0,38,AUR,-0.01847632085994877,0.0
MG_L40_T2_C50,40,0.02,50.0,39,AUR,0.0710680094026288,1.0
MG_L40_T2_C50,40,0.02,50.0,40,AUR,0.10897101891172079,1.0
MG_L40_T2_C50,40,0.02,50.0,41,AUR,0.13099714419575048,1.0
MG_L40_T2_C50,40,0.02,50.0,42,AUR,0.045021672146392744,1.0
MG_L40_T2_C50,40,0.02,50.0,43,AUR,-0.02499763157691315,0.0
MG_L40_T2_C50,40,0.02,50.0,44,AUR,-0.012542136914489022,0.0
MG_L40_T2_C50,40,0.02,50.0,45,AUR,0.013030920075087105,0.0
MG_L40_T2_C50,40,0.02,50.0,46,AUR,0.012432892669185014,0.0
MG_L40_T2_C50,40,0.02,50.0,47,AUR,0.0341506476078528,1.0
MG_L40_T2_C50,40,0.02,50.0,48,AUR,-0.022817156369280944,0.0
MG_L40_T2_C50,40,0.02,50.0,49,AUR,-0.03731084178597943,0.0
MG_L40_T2_C50,40,0.02,50.0,50,AUR,0.0001098722976804467,0.0
MG_L40_T2_C50,40,0.02,50.0,51,AUR,-0.010141450016540987,0.0
MG_L40_T2_C50,40,0.02,50.0,52,AUR,-0.03308380588478732,0.0
MG_L40_T2_C50,40,0.02,50.0,0,QAUR,0.1966402743188178,1.0
MG_L40_T2_C50,40,0.02,50.0,1,QAUR,-0.11639226078532583,0.0
MG_L40_T2_C50,40,0.02,50.0,2,QAUR,-0.2202298084893901,0.0
MG_L40_T2_C50,40,0.02,50.0,3,QAUR,-0.15553445858879267,0.0
MG_L40_T2_C50,40,0.02,50.0,4,QAUR,-0.039602468667660484,0.0
MG_L40_T2_C50,40,0.02,50.0,5,QAUR,0.16361403501133176,1.0
MG_L40_T2_C50,40,0.02,50.0,6,QAUR,-0.08093961257924542,0.0
MG_L40_T2_C50,40,0.02,50.0,7,QAUR,-0.23922050064658973,0.0
MG_L40_T2_C50,40,0.02,50.0,8,QAUR,-0.12801653734476848,0.0
MG_L40_T2_C50,40,0.02,50.0,9,QAUR,-0.029268832800496858,0.0
MG_L40_T2_C50,40,0.02,50.0,10,QAUR,0.07320543188960649,1.0
MG_L40_T2_C50,40,0.02,50.0,11,QAUR,0.07088801520101717,1.0
MG_L40_T2_C50,40,0.02,50.0,12,QAUR,-0.011961146461099248,0.0
MG_L40_T2_C50,40,0.02,50.0,13,QAUR,0.021199248270935778,1.0
MG_L40_T2_C50,40,0.02,50.0,14,QAUR,0.13302593776308447,1.0
MG_L40_T2_C50,40,0.02,50.0,15,QAUR,0.14439982265881457,1.0
MG_L40_T2_C50,40,0.02,50.0,16,QAUR,0.06380030999309683,1.0
MG_L40_T2_C50,40,0.02,50.0,17,QAUR,0.08199155971320282,1.0
MG_L40_T2_C50,40,0.02,50.0,18,QAUR,-0.0384385784048652,0.0
MG_L40_T2_C50,40,0.02,50.0,19,QAUR,-0.15670761199326066,0.0
MG_L40_T2_C50,40,0.02,50.0,20,QAUR,-0.012681230673926791,0.0
MG_L40_T2_C50,40,0.02,50.0,21,QAUR,0.07217082519019469,1.0
MG_L40_T2_C50,40,0.02,50.0,22,QAUR,0.006704408706444731,0.0
MG_L40_T2_C50,40,0.02,50.0,23,QAUR,0.0368007035855451,1.0
MG_L40_T2_C50,40,0.02,50.0,24,QAUR,0.06373737283032743,1.0
MG_L40_T2_C50,40,0.02,50.0,25,QAUR,-0.030951272266998342,0.0
MG_L40_T2_C50,40,0.02,50.0,26,QAUR,0.005290635046277803,0.0
MG_L40_T2_C50,40,0.02,50.0,27,QAUR,0.05820908568430583,1.0
MG_L40_T2_C50,40,0.02,50.0,28,QAUR,-0.057046721957434876,0.0
MG_L40_T2_C50,40,0.02,50.0,29,QAUR,-0.05334933612430348,0.0
MG_L40_T2_C50,40,0.02,50.0,30,QAUR,0.010484723971359466,0.0
MG_L40_T2_C50,40,0.02,50.0,31,QAUR,0.005997231222915955,0.0
MG_L40_T2_C50,40,0.02,50.0,32,QAUR,0.018291793158282665,0.0
MG_L40_T2_C50,40,0.02,50.0,33,QAUR,0.04411806123156703,1.0
MG_L40_T2_C50,40,0.02,50.0,34,QAUR,0.025884867742993478,1.0
MG_L40_T2_C50,40,0.02,50.0,35,QAUR,0.05901161916622977,1.0
MG_L40_T2_C50,40,0.02,50.0,36,QAUR,0.046935567238352016,1.0
MG_L40_T2_C50,40,0.02,50.0,37,QAUR,-0.09176626425902878,0.0
MG_L40_T2_C50,40,0.02,50.0,38,QAUR,-0.01847632085994877,0.0
MG_L40_T2_C50,40,0.02,50.0,39,QAUR,0.0710680094026288,1.0
MG_L40_T2_C50,40,0.02,50.0,40,QAUR,0.10897101891172079,1.0
MG_L40_T2_C50,40,0.02,50.0,41,QAUR,0.13099714419575048,1.0
MG_L40_T2_C50,40,0.02,50.0,42,QAUR,0.045021672146392744,1.0
MG_L40_T2_C50,40,0.02,50.0,43,QAUR,-0.02499763157691315,0.0
MG_L40_T2_C50,40,0.02,50.0,44,QAUR,-0.012542136914489022,0.0
MG_L40_T2_C50,40,0.02,50.0,45,QAUR,0.013030920075087105,0.0
MG_L40_T2_C50,40,0.02,50.0,46,QAUR,0.012432892669185014,0.0
MG_L40_T2_C50,40,0.02,50.0,47,QAUR,0.0341506476078528,1.0
MG_L40_T2_C50,40,0.02,50.0,48,QAUR,-0.022817156369280944,0.0
MG_L40_T2_C50,40,0.02,50.0,49,QAUR,-0.03731084178597943,0.0
MG_L40_T2_C50,40,0.02,50.0,50,QAUR,0.0001098722976804467,0.0
MG_L40_T2_C50,40,0.02,50.0,51,QAUR,-0.010141450016540987,0.0
MG_L40_T2_C50,40,0.02,50.0,52,QAUR,-0.03308380588478732,0.0
MG_L40_T2_C100,40,0.02,100.0,0,AUR,0.1966402743188178,1.0
MG_L40_T2_C100,40,0.02,100.0,1,AUR,-0.11639226078532583,0.0
MG_L40_T2_C100,40,0.02,100.0,2,AUR,-0.2202298084893901,0.0
MG_L40_T2_C100,40,0.02,100.0,3,AUR,-0.15553445858879267,0.0
MG_L40_T2_C100,40,0.02,100.0,4,AUR,-0.039602468667660484,0.0
MG_L40_T2_C100,40,0.02,100.0,5,AUR,0.16361403501133176,1.0
MG_L40_T2_C100,40,0.02,100.0,6,AUR,-0.08093961257924542,0.0
MG_L40_T2_C100,40,0.02,100.0,7,AUR,-0.23922050064658973,0.0
MG_L40_T2_C100,40,0.02,100.0,8,AUR,-0.12801653734476848,0.0
MG_L40_T2_C100,40,0.02,100.0,9,AUR,-0.029268832800496858,0.0
MG_L40_T2_C100,40,0.02,100.0,10,AUR,0.07320543188960649,1.0
MG_L40_T2_C100,40,0.02,100.0,11,AUR,0.07088801520101717,1.0
MG_L40_T2_C100,40,0.02,100.0,12,AUR,-0.011961146461099248,0.0
MG_L40_T2_C100,40,0.02,100.0,13,AUR,0.021199248270935778,1.0
MG_L40_T2_C100,40,0.02,100.0,14,AUR,0.13302593776308447,1.0
MG_L40_T2_C100,40,0.02,100.0,15,AUR,0.14439982265881457,1.0
MG_L40_T2_C100,40,0.02,100.0,16,AUR,0.06380030999309683,1.0
MG_L40_T2_C100,40,0.02,100.0,17,AUR,0.08199155971320282,1.0
MG_L40_T2_C100,40,0.02,100.0,18,AUR,-0.0384385784048652,0.0
MG_L40_T2_C100,40,0.02,100.0,19,AUR,-0.15670761199326066,0.0
MG_L40_T2_C100,40,0.02,100.0,20,AUR,-0.012681230673926791,0.0
MG_L40_T2_C100,40,0.02,100.0,21,AUR,0.07217082519019469,1.0
MG_L40_T2_C100,40,0.02,100.0,22,AUR,0.006704408706444731,0.0
MG_L40_T2_C100,40,0.02,100.0,23,AUR,0.0368007035855451,1.0
MG_L40_T2_C100,40,0.02,100.0,24,AUR,0.06373737283032743,1.0
MG_L40_T2_C100,40,0.02,100.0,25,AUR,-0.030951272266998342,0.0
MG_L40_T2_C100,40,0.02,100.0,26,AUR,0.005290635046277803,0.0
MG_L40_T2_C100,40,0.02,100.0,27,AUR,0.05820908568430583,1.0
MG_L40_T2_C100,40,0.02,100.0,28,AUR,-0.057046721957434876,0.0
MG_L40_T2_C100,40,0.02,100.0,29,AUR,-0.05334933612430348,0.0
MG_L40_T2_C100,40,0.02,100.0,30,AUR,0.010484723971359466,0.0
MG_L40_T2_C100,40,0.02,100.0,31,AUR,0.005997231222915955,0.0
MG_L40_T2_C100,40,0.02,100.0,32,AUR,0.018291793158282665,0.0
MG_L40_T2_C100,40,0.02,100.0,33,AUR,0.04411806123156703,1.0
MG_L40_T2_C100,40,0.02,100.0,34,AUR,0.025884867742993478,1.0
MG_L40_T2_C100,40,0.02,100.0,35,AUR,0.05901161916622977,1.0
MG_L40_T2_C100,40,0.02,100.0,36,AUR,0.046935567238352016,1.0
MG_L40_T2_C100,40,0.02,100.0,37,AUR,-0.09176626425902878,0.0
MG_L40_T2_C100,40,0.02,100.0,38,AUR,-0.01847632085994877,0.0
MG_L40_T2_C100,40,0.02,100.0,39,AUR,0.0710680094026288,1.0
MG_L40_T2_C100,40,0.02,100.0,40,AUR,0.10897101891172079,1.0
MG_L40_T2_C100,40,0.02,100.0,41,AUR,0.13099714419575048,1.0
MG_L40_T2_C100,40,0.02,100.0,42,AUR,0.045021672146392744,1.0
MG_L40_T2_C100,40,0.02,100.0,43,AUR,-0.02499763157691315,0.0
MG_L40_T2_C100,40,0.02,100.0,44,AUR,-0.012542136914489022,0.0
MG_L40_T2_C100,40,0.02,100.0,45,AUR,0.013030920075087105,0.0
MG_L40_T2_C100,40,0.02,100.0,46,AUR,0.012432892669185014,0.0
MG_L40_T2_C100,40,0.02,100.0,47,AUR,0.0341506476078528,1.0
MG_L40_T2_C100,40,0.02,100.0,48,AUR,-0.022817156369280944,0.0
MG_L40_T2_C100,40,0.02,100.0,49,AUR,-0.03731084178597943,0.0
MG_L40_T2_C100,40,0.02,100.0,50,AUR,0.0001098722976804467,0.0
MG_L40_T2_C100,40,0.02,100.0,51,AUR,-0.010141450016540987,0.0
MG_L40_T2_C100,40,0.02,100.0,52,AUR,-0.03308380588478732,0.0
MG_L40_T2_C100,40,0.02,100.0,0,QAUR,0.1966402743188178,1.0
MG_L40_T2_C100,40,0.02,100.0,1,QAUR,-0.11639226078532583,0.0
MG_L40_T2_C100,40,0.02,100.0,2,QAUR,-0.2202298084893901,0.0
MG_L40_T2_C100,40,0.02,100.0,3,QAUR,-0.15553445858879267,0.0
MG_L40_T2_C100,40,0.02,100.0,4,QAUR,-0.039602468667660484,0.0
MG_L40_T2_C100,40,0.02,100.0,5,QAUR,0.16361403501133176,1.0
MG_L40_T2_C100,40,0.02,100.0,6,QAUR,-0.08093961257924542,0.0
MG_L40_T2_C100,40,0.02,100.0,7,QAUR,-0.23922050064658973,0.0
MG_L40_T2_C100,40,0.02,100.0,8,QAUR,-0.12801653734476848,0.0
MG_L40_T2_C100,40,0.02,100.0,9,QAUR,-0.029268832800496858,0.0
MG_L40_T2_C100,40,0.02,100.0,10,QAUR,0.07320543188960649,1.0
MG_L40_T2_C100,40,0.02,100.0,11,QAUR,0.07088801520101717,1.0
MG_L40_T2_C100,40,0.02,100.0,12,QAUR,-0.011961146461099248,0.0
MG_L40_T2_C100,40,0.02,100.0,13,QAUR,0.021199248270935778,1.0
MG_L40_T2_C100,40,0.02,100.0,14,QAUR,0.13302593776308447,1.0
MG_L40_T2_C100,40,0.02,100.0,15,QAUR,0.14439982265881457,1.0
MG_L40_T2_C100,40,0.02,100.0,16,QAUR,0.06380030999309683,1.0
MG_L40_T2_C100,40,0.02,100.0,17,QAUR,0.08199155971320282,1.0
MG_L40_T2_C100,40,0.02,100.0,18,QAUR,-0.0384385784048652,0.0
MG_L40_T2_C100,40,0.02,100.0,19,QAUR,-0.15670761199326066,0.0
MG_L40_T2_C100,40,0.02,100.0,20,QAUR,-0.012681230673926791,0.0
MG_L40_T2_C100,40,0.02,100.0,21,QAUR,0.07217082519019469,1.0
MG_L40_T2_C100,40,0.02,100.0,22,QAUR,0.006704408706444731,0.0
MG_L40_T2_C100,40,0.02,100.0,23,QAUR,0.0368007035855451,1.0
MG_L40_T2_C100,40,0.02,100.0,24,QAUR,0.06373737283032743,1.0
MG_L40_T2_C100,40,0.02,100.0,25,QAUR,-0.030951272266998342,0.0
MG_L40_T2_C100,40,0.02,100.0,26,QAUR,0.005290635046277803,0.0
MG_L40_T2_C100,40,0.02,100.0,27,QAUR,0.05820908568430583,1.0
MG_L40_T2_C100,40,0.02,100.0,28,QAUR,-0.057046721957434876,0.0
MG_L40_T2_C100,40,0.02,100.0,29,QAUR,-0.05334933612430348,0.0
MG_L40_T2_C100,40,0.02,100.0,30,QAUR,0.010484723971359466,0.0
MG_L40_T2_C100,40,0.02,100.0,31,QAUR,0.005997231222915955,0.0
MG_L40_T2_C100,40,0.02,100.0,32,QAUR,0.018291793158282665,0.0
MG_L40_T2_C100,40,0.02,100.0,33,QAUR,0.04411806123156703,1.0
MG_L40_T2_C100,40,0.02,100.0,34,QAUR,0.025884867742993478,1.0
MG_L40_T2_C100,40,0.02,100.0,35,QAUR,0.05901161916622977,1.0
MG_L40_T2_C100,40,0.02,100.0,36,QAUR,0.046935567238352016,1.0
MG_L40_T2_C100,40,0.02,100.0,37,QAUR,-0.09176626425902878,0.0
MG_L40_T2_C100,40,0.02,100.0,38,QAUR,-0.01847632085994877,0.0
MG_L40_T2_C100,40,0.02,100.0,39,QAUR,0.0710680094026288,1.0
MG_L40_T2_C100,40,0.02,100.0,40,QAUR,0.10897101891172079,1.0
MG_L40_T2_C100,40,0.02,100.0,41,QAUR,0.13099714419575048,1.0
MG_L40_T2_C100,40,0.02,100.0,42,QAUR,0.045021672146392744,1.0
MG_L40_T2_C100,40,0.02,100.0,43,QAUR,-0.02499763157691315,0.0
MG_L40_T2_C100,40,0.02,100.0,44,QAUR,-0.012542136914489022,0.0
MG_L40_T2_C100,40,0.02,100.0,45,QAUR,0.013030920075087105,0.0
MG_L40_T2_C100,40,0.02,100.0,46,QAUR,0.012432892669185014,0.0
MG_L40_T2_C100,40,0.02,100.0,47,QAUR,0.0341506476078528,1.0
MG_L40_T2_C100,40,0.02,100.0,48,QAUR,-0.022817156369280944,0.0
MG_L40_T2_C100,40,0.02,100.0,49,QAUR,-0.03731084178597943,0.0
MG_L40_T2_C100,40,0.02,100.0,50,QAUR,0.0001098722976804467,0.0
MG_L40_T2_C100,40,0.02,100.0,51,QAUR,-0.010141450016540987,0.0
MG_L40_T2_C100,40,0.02,100.0,52,QAUR,-0.03308380588478732,0.0
MG_L60_T-2_C0,60,-0.02,0.0,0,AUR,0.06803383616675851,1.0
MG_L60_T-2_C0,60,-0.02,0.0,1,AUR,0.019440843270798203,1.0
MG_L60_T-2_C0,60,-0.02,0.0,2,AUR,-0.19002568910429685,0.0
MG_L60_T-2_C0,60,-0.02,0.0,3,AUR,-0.3216704677930804,0.0
MG_L60_T-2_C0,60,-0.02,0.0,4,AUR,-0.04503104863593155,0.0
MG_L60_T-2_C0,60,-0.02,0.0,5,AUR,-0.003865640024225736,1.0
MG_L60_T-2_C0,60,-0.02,0.0,6,AUR,0.041497030185218,1.0
MG_L60_T-2_C0,60,-0.02,0.0,7,AUR,-0.22760903827161738,0.0
MG_L60_T-2_C0,60,-0.02,0.0,8,AUR,-0.2328509526107646,0.0
MG_L60_T-2_C0,60,-0.02,0.0,9,AUR,-0.13140616850833842,0.0
MG_L60_T-2_C0,60,-0.02,0.0,10,AUR,0.00913411472417569,1.0
MG_L60_T-2_C0,60,-0.02,0.0,11,AUR,0.06385616143474682,1.0
MG_L60_T-2_C0,60,-0.02,0.0,12,AUR,0.052560837227365376,1.0
MG_L60_T-2_C0,60,-0.02,0.0,13,AUR,0.011773371236721175,1.0
MG_L60_T-2_C0,60,-0.02,0.0,14,AUR,0.14343635171576463,1.0
MG_L60_T-2_C0,60,-0.02,0.0,15,AUR,0.14098113594374495,1.0
MG_L60_T-2_C0,60,-0.02,0.0,16,AUR,0.19108083124406594,1.0
MG_L60_T-2_C0,60,-0.02,0.0,17,AUR,0.07547837842568517,1.0
MG_L60_T-2_C0,60,-0.02,0.0,18,AUR,0.015377088742984268,1.0
MG_L60_T-2_C0,60,-0.02,0.0,19,AUR,-0.1484556266517265,0.0
MG_L60_T-2_C0,60,-0.02,0.0,20,AUR,-0.10576721000825984,0.0
MG_L60_T-2_C0,60,-0.02,0.0,21,AUR,0.01802221230977108,1.0
MG_L60_T-2_C0,60,-0.02,0.0,22,AUR,0.045695793036144794,1.0
MG_L60_T-2_C0,60,-0.02,0.0,23,AUR,0.06560930463147097,1.0
MG_L60_T-2_C0,60,-0.02,0.0,24,AUR,0.05808539345230024,1.0
MG_L60_T-2_C0,60,-0.02,0.0,25,AUR,0.0022929710281465177,1.0
MG_L60_T-2_C0,60,-0.02,0.0,26,AUR,0.024302043211470004,1.0
MG_L60_T-2_C0,60,-0.02,0.0,27,AUR,0.012492821869511728,1.0
MG_L60_T-2_C0,60,-0.02,0.0,28,AUR,-0.012118192283429585,1.0
MG_L60_T-2_C0,60,-0.02,0.0,29,AUR,-0.059353427986254315,0.0
MG_L60_T-2_C0,60,-0.02,0.0,30,AUR,-0.04634569855240922,0.0
MG_L60_T-2_C0,60,-0.02,0.0,31,AUR,0.023611478541563535,1.0
MG_L60_T-2_C0,60,-0.02,0.0,32,AUR,0.017100137136579097,1.0
MG_L60_T-2_C0,60,-0.02,0.0,33,AUR,0.049343243216861676,1.0
MG_L60_T-2_C0,60,-0.02,0.0,34,AUR,0.029824684399001322,1.0
MG_L60_T-2_C0,60,-0.02,0.0,35,AUR,0.0993746799889601,1.0
MG_L60_T-2_C0,60,-0.02,0.0,36,AUR,0.04680595940232202,1.0
MG_L60_T-2_C0,60,-0.02,0.0,37,AUR,-0.02432481152911614,0.0
MG_L60_T-2_C0,60,-0.02,0.0,38,AUR,-0.03991623431387892,0.0
MG_L60_T-2_C0,60,-0.02,0.0,39,AUR,-0.003979381265039494,1.0
MG_L60_T-2_C0,60,-0.02,0.0,40,AUR,0.1560681571983098,1.0
MG_L60_T-2_C0,60,-0.02,0.0,41,AUR,0.15726529094069086,1.0
MG_L60_T-2_C0,60,-0.02,0.0,42,AUR,0.13389564290418088,1.0
MG_L60_T-2_C0,60,-0.02,0.0,43,AUR,0.015247576058111667,1.0
MG_L60_T-2_C0,60,-0.02,0.0,44,AUR,0.0010400148337013082,1.0
MG_L60_T-2_C0,60,-0.02,0.0,45,AUR,-0.006263617009715006,1.0
MG_L60_T-2_C0,60,-0.02,0.0,46,AUR,0.028880339890148043,1.0
MG_L60_T-2_C0,60,-0.02,0.0,47,AUR,0.035766293744453836,1.0
MG_L60_T-2_C0,60,-0.02,0.0,48,AUR,-0.010358569911252946,1.0
MG_L60_T-2_C0,60,-0.02,0.0,49,AUR,-0.026107327388355417,0.0
MG_L60_T-2_C0,60,-0.02,0.0,50,AUR,-0.038970061731138705,0.0
MG_L60_T-2_C0,60,-0.02,0.0,51,AUR,0.013829610996279218,1.0
MG_L60_T-2_C0,60,-0.02,0.0,52,AUR,-0.047304928387631784,0.0
MG_L60_T-2_C0,60,-0.02,0.0,0,QAUR,0.06803383616675851,1.0
MG_L60_T-2_C0,60,-0.02,0.0,1,QAUR,0.019440843270798203,1.0
MG_L60_T-2_C0,60,-0.02,0.0,2,QAUR,-0.19002568910429685,0.0
MG_L60_T-2_C0,60,-0.02,0.0,3,QAUR,-0.3216704677930804,0.0
MG_L60_T-2_C0,60,-0.02,0.0,4,QAUR,-0.04503104863593155,0.0
MG_L60_T-2_C0,60,-0.02,0.0,5,QAUR,-0.003865640024225736,1.0
MG_L60_T-2_C0,60,-0.02,0.0,6,QAUR,0.041497030185218,1.0
MG_L60_T-2_C0,60,-0.02,0.0,7,QAUR,-0.22760903827161738,0.0
MG_L60_T-2_C0,60,-0.02,0.0,8,QAUR,-0.2328509526107646,0.0
MG_L60_T-2_C0,60,-0.02,0.0,9,QAUR,-0.13140616850833842,0.0
MG_L60_T-2_C0,60,-0.02,0.0,10,QAUR,0.00913411472417569,1.0
MG_L60_T-2_C0,60,-0.02,0.0,11,QAUR,0.06385616143474682,1.0
MG_L60_T-2_C0,60,-0.02,0.0,12,QAUR,0.052560837227365376,1.0
MG_L60_T-2_C0,60,-0.02,0.0,13,QAUR,0.011773371236721175,1.0
MG_L60_T-2_C0,60,-0.02,0.0,14,QAUR,0.14343635171576463,1.0
MG_L60_T-2_C0,60,-0.02,0.0,15,QAUR,0.14098113594374495,1.0
MG_L60_T-2_C0,60,-0.02,0.0,16,QAUR,0.19108083124406594,1.0
MG_L60_T-2_C0,60,-0.02,0.0,17,QAUR,0.07547837842568517,1.0
MG_L60_T-2_C0,60,-0.02,0.0,18,QAUR,0.015377088742984268,1.0
MG_L60_T-2_C0,60,-0.02,0.0,19,QAUR,-0.1484556266517265,0.0
MG_L60_T-2_C0,60,-0.02,0.0,20,QAUR,-0.10576721000825984,0.0
MG_L60_T-2_C0,60,-0.02,0.0,21,QAUR,0.01802221230977108,1.0
MG_L60_T-2_C0,60,-0.02,0.0,22,QAUR,0.045695793036144794,1.0
MG_L60_T-2_C0,60,-0.02,0.0,23,QAUR,0.06560930463147097,1.0
MG_L60_T-2_C0,60,-0.02,0.0,24,QAUR,0.05808539345230024,1.0
MG_L60_T-2_C0,60,-0.02,0.0,25,QAUR,0.0022929710281465177,1.0
MG_L60_T-2_C0,60,-0.02,0.0,26,QAUR,0.024302043211470004,1.0
MG_L60_T-2_C0,60,-0.02,0.0,27,QAUR,0.012492821869511728,1.0
MG_L60_T-2_C0,60,-0.02,0.0,28,QAUR,-0.012118192283429585,1.0
MG_L60_T-2_C0,60,-0.02,0.0,29,QAUR,-0.059353427986254315,0.0
MG_L60_T-2_C0,60,-0.02,0.0,30,QAUR,-0.04634569855240922,0.0
MG_L60_T-2_C0,60,-0.02,0.0,31,QAUR,0.023611478541563535,1.0
MG_L60_T-2_C0,60,-0.02,0.0,32,QAUR,0.017100137136579097,1.0
MG_L60_T-2_C0,60,-0.02,0.0,33,QAUR,0.049343243216861676,1.0
MG_L60_T-2_C0,60,-0.02,0.0,34,QAUR,0.029824684399001322,1.0
MG_L60_T-2_C0,60,-0.02,0.0,35,QAUR,0.0993746799889601,1.0
MG_L60_T-2_C0,60,-0.02,0.0,36,QAUR,0.04680595940232202,1.0
MG_L60_T-2_C0,60,-0.02,0.0,37,QAUR,-0.02432481152911614,0.0
MG_L60_T-2_C0,60,-0.02,0.0,38,QAUR,-0.03991623431387892,0.0
MG_L60_T-2_C0,60,-0.02,0.0,39,QAUR,-0.003979381265039494,1.0
MG_L60_T-2_C0,60,-0.02,0.0,40,QAUR,0.1560681571983098,1.0
MG_L60_T-2_C0,60,-0.02,0.0,41,QAUR,0.15726529094069086,1.0
MG_L60_T-2_C0,60,-0.02,0.0,42,QAUR,0.13389564290418088,1.0
MG_L60_T-2_C0,60,-0.02,0.0,43,QAUR,0.015247576058111667,1.0
MG_L60_T-2_C0,60,-0.02,0.0,44,QAUR,0.0010400148337013082,1.0
MG_L60_T-2_C0,60,-0.02,0.0,45,QAUR,-0.006263617009715006,1.0
MG_L60_T-2_C0,60,-0.02,0.0,46,QAUR,0.028880339890148043,1.0
MG_L60_T-2_C0,60,-0.02,0.0,47,QAUR,0.035766293744453836,1.0
MG_L60_T-2_C0,60,-0.02,0.0,48,QAUR,-0.010358569911252946,1.0
MG_L60_T-2_C0,60,-0.02,0.0,49,QAUR,-0.026107327388355417,0.0
MG_L60_T-2_C0,60,-0.02,0.0,50,QAUR,-0.038970061731138705,0.0
MG_L60_T-2_C0,60,-0.02,0.0,51,QAUR,0.013829610996279218,1.0
MG_L60_T-2_C0,60,-0.02,0.0,52,QAUR,-0.047304928387631784,0.0
MG_L60_T-2_C25,60,-0.02,25.0,0,AUR,0.06803383616675851,1.0
MG_L60_T-2_C25,60,-0.02,25.0,1,AUR,0.019440843270798203,1.0
MG_L60_T-2_C25,60,-0.02,25.0,2,AUR,-0.19002568910429685,0.0
MG_L60_T-2_C25,60,-0.02,25.0,3,AUR,-0.3216704677930804,0.0
MG_L60_T-2_C25,60,-0.02,25.0,4,AUR,-0.04503104863593155,0.0
MG_L60_T-2_C25,60,-0.02,25.0,5,AUR,-0.003865640024225736,1.0
MG_L60_T-2_C25,60,-0.02,25.0,6,AUR,0.041497030185218,1.0
MG_L60_T-2_C25,60,-0.02,25.0,7,AUR,-0.22760903827161738,0.0
MG_L60_T-2_C25,60,-0.02,25.0,8,AUR,-0.2328509526107646,0.0
MG_L60_T-2_C25,60,-0.02,25.0,9,AUR,-0.13140616850833842,0.0
MG_L60_T-2_C25,60,-0.02,25.0,10,AUR,0.00913411472417569,1.0
MG_L60_T-2_C25,60,-0.02,25.0,11,AUR,0.06385616143474682,1.0
MG_L60_T-2_C25,60,-0.02,25.0,12,AUR,0.052560837227365376,1.0
MG_L60_T-2_C25,60,-0.02,25.0,13,AUR,0.011773371236721175,1.0
MG_L60_T-2_C25,60,-0.02,25.0,14,AUR,0.14343635171576463,1.0
MG_L60_T-2_C25,60,-0.02,25.0,15,AUR,0.14098113594374495,1.0
MG_L60_T-2_C25,60,-0.02,25.0,16,AUR,0.19108083124406594,1.0
MG_L60_T-2_C25,60,-0.02,25.0,17,AUR,0.07547837842568517,1.0
MG_L60_T-2_C25,60,-0.02,25.0,18,AUR,0.015377088742984268,1.0
MG_L60_T-2_C25,60,-0.02,25.0,19,AUR,-0.1484556266517265,0.0
MG_L60_T-2_C25,60,-0.02,25.0,20,AUR,-0.10576721000825984,0.0
MG_L60_T-2_C25,60,-0.02,25.0,21,AUR,0.01802221230977108,1.0
MG_L60_T-2_C25,60,-0.02,25.0,22,AUR,0.045695793036144794,1.0
MG_L60_T-2_C25,60,-0.02,25.0,23,AUR,0.06560930463147097,1.0
MG_L60_T-2_C25,60,-0.02,25.0,24,AUR,0.05808539345230024,1.0
MG_L60_T-2_C25,60,-0.02,25.0,25,AUR,0.0022929710281465177,1.0
MG_L60_T-2_C25,60,-0.02,25.0,26,AUR,0.024302043211470004,1.0
MG_L60_T-2_C25,60,-0.02,25.0,27,AUR,0.012492821869511728,1.0
MG_L60_T-2_C25,60,-0.02,25.0,28,AUR,-0.012118192283429585,1.0
MG_L60_T-2_C25,60,-0.02,25.0,29,AUR,-0.059353427986254315,0.0
MG_L60_T-2_C25,60,-0.02,25.0,30,AUR,-0.04634569855240922,0.0
MG_L60_T-2_C25,60,-0.02,25.0,31,AUR,0.023611478541563535,1.0
MG_L60_T-2_C25,60,-0.02,25.0,32,AUR,0.017100137136579097,1.0
MG_L60_T-2_C25,60,-0.02,25.0,33,AUR,0.049343243216861676,1.0
MG_L60_T-2_C25,60,-0.02,25.0,34,AUR,0.029824684399001322,1.0
MG_L60_T-2_C25,60,-0.02,25.0,35,AUR,0.0993746799889601,1.0
MG_L60_T-2_C25,60,-0.02,25.0,36,AUR,0.04680595940232202,1.0
MG_L60_T-2_C25,60,-0.02,25.0,37,AUR,-0.02432481152911614,0.0
MG_L60_T-2_C25,60,-0.02,25.0,38,AUR,-0.03991623431387892,0.0
MG_L60_T-2_C25,60,-0.02,25.0,39,AUR,-0.003979381265039494,1.0
MG_L60_T-2_C25,60,-0.02,25.0,40,AUR,0.1560681571983098,1.0
MG_L60_T-2_C25,60,-0.02,25.0,41,AUR,0.15726529094069086,1.0
MG_L60_T-2_C25,60,-0.02,25.0,42,AUR,0.13389564290418088,1.0
MG_L60_T-2_C25,60,-0.02,25.0,43,AUR,0.015247576058111667,1.0
MG_L60_T-2_C25,60,-0.02,25.0,44,AUR,0.0010400148337013082,1.0
MG_L60_T-2_C25,60,-0.02,25.0,45,AUR,-0.006263617009715006,1.0
MG_L60_T-2_C25,60,-0.02,25.0,46,AUR,0.028880339890148043,1.0
MG_L60_T-2_C25,60,-0.02,25.0,47,AUR,0.035766293744453836,1.0
MG_L60_T-2_C25,60,-0.02,25.0,48,AUR,-0.010358569911252946,1.0
MG_L60_T-2_C25,60,-0.02,25.0,49,AUR,-0.026107327388355417,0.0
MG_L60_T-2_C25,60,-0.02,25.0,50,AUR,-0.038970061731138705,0.0
MG_L60_T-2_C25,60,-0.02,25.0,51,AUR,0.013829610996279218,1.0
MG_L60_T-2_C25,60,-0.02,25.0,52,AUR,-0.047304928387631784,0.0
MG_L60_T-2_C25,60,-0.02,25.0,0,QAUR,0.06803383616675851,1.0
MG_L60_T-2_C25,60,-0.02,25.0,1,QAUR,0.019440843270798203,1.0
MG_L60_T-2_C25,60,-0.02,25.0,2,QAUR,-0.19002568910429685,0.0
MG_L60_T-2_C25,60,-0.02,25.0,3,QAUR,-0.3216704677930804,0.0
MG_L60_T-2_C25,60,-0.02,25.0,4,QAUR,-0.04503104863593155,0.0
MG_L60_T-2_C25,60,-0.02,25.0,5,QAUR,-0.003865640024225736,1.0
MG_L60_T-2_C25,60,-0.02,25.0,6,QAUR,0.041497030185218,1.0
MG_L60_T-2_C25,60,-0.02,25.0,7,QAUR,-0.22760903827161738,0.0
MG_L60_T-2_C25,60,-0.02,25.0,8,QAUR,-0.2328509526107646,0.0
MG_L60_T-2_C25,60,-0.02,25.0,9,QAUR,-0.13140616850833842,0.0
MG_L60_T-2_C25,60,-0.02,25.0,10,QAUR,0.00913411472417569,1.0
MG_L60_T-2_C25,60,-0.02,25.0,11,QAUR,0.06385616143474682,1.0
MG_L60_T-2_C25,60,-0.02,25.0,12,QAUR,0.052560837227365376,1.0
MG_L60_T-2_C25,60,-0.02,25.0,13,QAUR,0.011773371236721175,1.0
MG_L60_T-2_C25,60,-0.02,25.0,14,QAUR,0.14343635171576463,1.0
MG_L60_T-2_C25,60,-0.02,25.0,15,QAUR,0.14098113594374495,1.0
MG_L60_T-2_C25,60,-0.02,25.0,16,QAUR,0.19108083124406594,1.0
MG_L60_T-2_C25,60,-0.02,25.0,17,QAUR,0.07547837842568517,1.0
MG_L60_T-2_C25,60,-0.02,25.0,18,QAUR,0.015377088742984268,1.0
MG_L60_T-2_C25,60,-0.02,25.0,19,QAUR,-0.1484556266517265,0.0
MG_L60_T-2_C25,60,-0.02,25.0,20,QAUR,-0.10576721000825984,0.0
MG_L60_T-2_C25,60,-0.02,25.0,21,QAUR,0.01802221230977108,1.0
MG_L60_T-2_C25,60,-0.02,25.0,22,QAUR,0.045695793036144794,1.0
MG_L60_T-2_C25,60,-0.02,25.0,23,QAUR,0.06560930463147097,1.0
MG_L60_T-2_C25,60,-0.02,25.0,24,QAUR,0.05808539345230024,1.0
MG_L60_T-2_C25,60,-0.02,25.0,25,QAUR,0.0022929710281465177,1.0
MG_L60_T-2_C25,60,-0.02,25.0,26,QAUR,0.024302043211470004,1.0
MG_L60_T-2_C25,60,-0.02,25.0,27,QAUR,0.012492821869511728,1.0
MG_L60_T-2_C25,60,-0.02,25.0,28,QAUR,-0.012118192283429585,1.0
MG_L60_T-2_C25,60,-0.02,25.0,29,QAUR,-0.059353427986254315,0.0
MG_L60_T-2_C25,60,-0.02,25.0,30,QAUR,-0.04634569855240922,0.0
MG_L60_T-2_C25,60,-0.02,25.0,31,QAUR,0.023611478541563535,1.0
MG_L60_T-2_C25,60,-0.02,25.0,32,QAUR,0.017100137136579097,1.0
MG_L60_T-2_C25,60,-0.02,25.0,33,QAUR,0.049343243216861676,1.0
MG_L60_T-2_C25,60,-0.02,25.0,34,QAUR,0.029824684399001322,1.0
MG_L60_T-2_C25,60,-0.02,25.0,35,QAUR,0.0993746799889601,1.0
MG_L60_T-2_C25,60,-0.02,25.0,36,QAUR,0.04680595940232202,1.0
MG_L60_T-2_C25,60,-0.02,25.0,37,QAUR,-0.02432481152911614,0.0
MG_L60_T-2_C25,60,-0.02,25.0,38,QAUR,-0.03991623431387892,0.0
MG_L60_T-2_C25,60,-0.02,25.0,39,QAUR,-0.003979381265039494,1.0
MG_L60_T-2_C25,60,-0.02,25.0,40,QAUR,0.1560681571983098,1.0
MG_L60_T-2_C25,60,-0.02,25.0,41,QAUR,0.15726529094069086,1.0
MG_L60_T-2_C25,60,-0.02,25.0,42,QAUR,0.13389564290418088,1.0
MG_L60_T-2_C25,60,-0.02,25.0,43,QAUR,0.015247576058111667,1.0
MG_L60_T-2_C25,60,-0.02,25.0,44,QAUR,0.0010400148337013082,1.0
MG_L60_T-2_C25,60,-0.02,25.0,45,QAUR,-0.006263617009715006,1.0
MG_L60_T-2_C25,60,-0.02,25.0,46,QAUR,0.028880339890148043,1.0
MG_L60_T-2_C25,60,-0.02,25.0,47,QAUR,0.035766293744453836,1.0
MG_L60_T-2_C25,60,-0.02,25.0,48,QAUR,-0.010358569911252946,1.0
MG_L60_T-2_C25,60,-0.02,25.0,49,QAUR,-0.026107327388355417,0.0
MG_L60_T-2_C25,60,-0.02,25.0,50,QAUR,-0.038970061731138705,0.0
MG_L60_T-2_C25,60,-0.02,25.0,51,QAUR,0.013829610996279218,1.0
MG_L60_T-2_C25,60,-0.02,25.0,52,QAUR,-0.047304928387631784,0.0
MG_L60_T-2_C50,60,-0.02,50.0,0,AUR,0.06803383616675851,1.0
MG_L60_T-2_C50,60,-0.02,50.0,1,AUR,0.019440843270798203,1.0
MG_L60_T-2_C50,60,-0.02,50.0,2,AUR,-0.19002568910429685,0.0
MG_L60_T-2_C50,60,-0.02,50.0,3,AUR,-0.3216704677930804,0.0
MG_L60_T-2_C50,60,-0.02,50.0,4,AUR,-0.04503104863593155,0.0
MG_L60_T-2_C50,60,-0.02,50.0,5,AUR,-0.003865640024225736,1.0
MG_L60_T-2_C50,60,-0.02,50.0,6,AUR,0.041497030185218,1.0
MG_L60_T-2_C50,60,-0.02,50.0,7,AUR,-0.22760903827161738,0.0
MG_L60_T-2_C50,60,-0.02,50.0,8,AUR,-0.2328509526107646,0.0
MG_L60_T-2_C50,60,-0.02,50.0,9,AUR,-0.13140616850833842,0.0
MG_L60_T-2_C50,60,-0.02,50.0,10,AUR,0.00913411472417569,1.0
MG_L60_T-2_C50,60,-0.02,50.0,11,AUR,0.06385616143474682,1.0
MG_L60_T-2_C50,60,-0.02,50.0,12,AUR,0.052560837227365376,1.0
MG_L60_T-2_C50,60,-0.02,50.0,13,AUR,0.011773371236721175,1.0
MG_L60_T-2_C50,60,-0.02,50.0,14,AUR,0.14343635171576463,1.0
MG_L60_T-2_C50,60,-0.02,50.0,15,AUR,0.14098113594374495,1.0
MG_L60_T-2_C50,60,-0.02,50.0,16,AUR,0.19108083124406594,1.0
MG_L60_T-2_C50,60,-0.02,50.0,17,AUR,0.07547837842568517,1.0
MG_L60_T-2_C50,60,-0.02,50.0,18,AUR,0.015377088742984268,1.0
MG_L60_T-2_C50,60,-0.02,50.0,19,AUR,-0.1484556266517265,0.0
MG_L60_T-2_C50,60,-0.02,50.0,20,AUR,-0.10576721000825984,0.0
MG_L60_T-2_C50,60,-0.02,50.0,21,AUR,0.01802221230977108,1.0
MG_L60_T-2_C50,60,-0.02,50.0,22,AUR,0.045695793036144794,1.0
MG_L60_T-2_C50,60,-0.02,50.0,23,AUR,0.06560930463147097,1.0
MG_L60_T-2_C50,60,-0.02,50.0,24,AUR,0.05808539345230024,1.0
MG_L60_T-2_C50,60,-0.02,50.0,25,AUR,0.0022929710281465177,1.0
MG_L60_T-2_C50,60,-0.02,50.0,26,AUR,0.024302043211470004,1.0
MG_L60_T-2_C50,60,-0.02,50.0,27,AUR,0.012492821869511728,1.0
MG_L60_T-2_C50,60,-0.02,50.0,28,AUR,-0.012118192283429585,1.0
MG_L60_T-2_C50,60,-0.02,50.0,29,AUR,-0.059353427986254315,0.0
MG_L60_T-2_C50,60,-0.02,50.0,30,AUR,-0.04634569855240922,0.0
MG_L60_T-2_C50,60,-0.02,50.0,31,AUR,0.023611478541563535,1.0
MG_L60_T-2_C50,60,-0.02,50.0,32,AUR,0.017100137136579097,1.0
MG_L60_T-2_C50,60,-0.02,50.0,33,AUR,0.049343243216861676,1.0
MG_L60_T-2_C50,60,-0.02,50.0,34,AUR,0.029824684399001322,1.0
MG_L60_T-2_C50,60,-0.02,50.0,35,AUR,0.0993746799889601,1.0
MG_L60_T-2_C50,60,-0.02,50.0,36,AUR,0.04680595940232202,1.0
MG_L60_T-2_C50,60,-0.02,50.0,37,AUR,-0.02432481152911614,0.0
MG_L60_T-2_C50,60,-0.02,50.0,38,AUR,-0.03991623431387892,0.0
MG_L60_T-2_C50,60,-0.02,50.0,39,AUR,-0.003979381265039494,1.0
MG_L60_T-2_C50,60,-0.02,50.0,40,AUR,0.1560681571983098,1.0
MG_L60_T-2_C50,60,-0.02,50.0,41,AUR,0.15726529094069086,1.0
MG_L60_T-2_C50,60,-0.02,50.0,42,AUR,0.13389564290418088,1.0
MG_L60_T-2_C50,60,-0.02,50.0,43,AUR,0.015247576058111667,1.0
MG_L60_T-2_C50,60,-0.02,50.0,44,AUR,0.0010400148337013082,1.0
MG_L60_T-2_C50,60,-0.02,50.0,45,AUR,-0.006263617009715006,1.0
MG_L60_T-2_C50,60,-0.02,50.0,46,AUR,0.028880339890148043,1.0
MG_L60_T-2_C50,60,-0.02,50.0,47,AUR,0.035766293744453836,1.0
MG_L60_T-2_C50,60,-0.02,50.0,48,AUR,-0.010358569911252946,1.0
MG_L60_T-2_C50,60,-0.02,50.0,49,AUR,-0.026107327388355417,0.0
MG_L60_T-2_C50,60,-0.02,50.0,50,AUR,-0.038970061731138705,0.0
MG_L60_T-2_C50,60,-0.02,50.0,51,AUR,0.013829610996279218,1.0
MG_L60_T-2_C50,60,-0.02,50.0,52,AUR,-0.047304928387631784,0.0
MG_L60_T-2_C50,60,-0.02,50.0,0,QAUR,0.06803383616675851,1.0
MG_L60_T-2_C50,60,-0.02,50.0,1,QAUR,0.019440843270798203,1.0
MG_L60_T-2_C50,60,-0.02,50.0,2,QAUR,-0.19002568910429685,0.0
MG_L60_T-2_C50,60,-0.02,50.0,3,QAUR,-0.3216704677930804,0.0
MG_L60_T-2_C50,60,-0.02,50.0,4,QAUR,-0.04503104863593155,0.0
MG_L60_T-2_C50,60,-0.02,50.0,5,QAUR,-0.003865640024225736,1.0
MG_L60_T-2_C50,60,-0.02,50.0,6,QAUR,0.041497030185218,1.0
MG_L60_T-2_C50,60,-0.02,50.0,7,QAUR,-0.22760903827161738,0.0
MG_L60_T-2_C50,60,-0.02,50.0,8,QAUR,-0.2328509526107646,0.0
MG_L60_T-2_C50,60,-0.02,50.0,9,QAUR,-0.13140616850833842,0.0
MG_L60_T-2_C50,60,-0.02,50.0,10,QAUR,0.00913411472417569,1.0
MG_L60_T-2_C50,60,-0.02,50.0,11,QAUR,0.06385616143474682,1.0
MG_L60_T-2_C50,60,-0.02,50.0,12,QAUR,0.052560837227365376,1.0
MG_L60_T-2_C50,60,-0.02,50.0,13,QAUR,0.011773371236721175,1.0
MG_L60_T-2_C50,60,-0.02,50.0,14,QAUR,0.14343635171576463,1.0
MG_L60_T-2_C50,60,-0.02,50.0,15,QAUR,0.14098113594374495,1.0
MG_L60_T-2_C50,60,-0.02,50.0,16,QAUR,0.19108083124406594,1.0
MG_L60_T-2_C50,60,-0.02,50.0,17,QAUR,0.07547837842568517,1.0
MG_L60_T-2_C50,60,-0.02,50.0,18,QAUR,0.015377088742984268,1.0
MG_L60_T-2_C50,60,-0.02,50.0,19,QAUR,-0.1484556266517265,0.0
MG_L60_T-2_C50,60,-0.02,50.0,20,QAUR,-0.10576721000825984,0.0
MG_L60_T-2_C50,60,-0.02,50.0,21,QAUR,0.01802221230977108,1.0
MG_L60_T-2_C50,60,-0.02,50.0,22,QAUR,0.045695793036144794,1.0
MG_L60_T-2_C50,60,-0.02,50.0,23,QAUR,0.06560930463147097,1.0
MG_L60_T-2_C50,60,-0.02,50.0,24,QAUR,0.05808539345230024,1.0
MG_L60_T-2_C50,60,-0.02,50.0,25,QAUR,0.0022929710281465177,1.0
MG_L60_T-2_C50,60,-0.02,50.0,26,QAUR,0.024302043211470004,1.0
MG_L60_T-2_C50,60,-0.02,50.0,27,QAUR,0.012492821869511728,1.0
MG_L60_T-2_C50,60,-0.02,50.0,28,QAUR,-0.012118192283429585,1.0
MG_L60_T-2_C50,60,-0.02,50.0,29,QAUR,-0.059353427986254315,0.0
MG_L60_T-2_C50,60,-0.02,50.0,30,QAUR,-0.04634569855240922,0.0
MG_L60_T-2_C50,60,-0.02,50.0,31,QAUR,0.023611478541563535,1.0
MG_L60_T-2_C50,60,-0.02,50.0,32,QAUR,0.017100137136579097,1.0
MG_L60_T-2_C50,60,-0.02,50.0,33,QAUR,0.049343243216861676,1.0
MG_L60_T-2_C50,60,-0.02,50.0,34,QAUR,0.029824684399001322,1.0
MG_L60_T-2_C50,60,-0.02,50.0,35,QAUR,0.0993746799889601,1.0
MG_L60_T-2_C50,60,-0.02,50.0,36,QAUR,0.04680595940232202,1.0
MG_L60_T-2_C50,60,-0.02,50.0,37,QAUR,-0.02432481152911614,0.0
MG_L60_T-2_C50,60,-0.02,50.0,38,QAUR,-0.03991623431387892,0.0
MG_L60_T-2_C50,60,-0.02,50.0,39,QAUR,-0.003979381265039494,1.0
MG_L60_T-2_C50,60,-0.02,50.0,40,QAUR,0.1560681571983098,1.0
MG_L60_T-2_C50,60,-0.02,50.0,41,QAUR,0.15726529094069086,1.0
MG_L60_T-2_C50,60,-0.02,50.0,42,QAUR,0.13389564290418088,1.0
MG_L60_T-2_C50,60,-0.02,50.0,43,QAUR,0.015247576058111667,1.0
MG_L60_T-2_C50,60,-0.02,50.0,44,QAUR,0.0010400148337013082,1.0
MG_L60_T-2_C50,60,-0.02,50.0,45,QAUR,-0.006263617009715006,1.0
MG_L60_T-2_C50,60,-0.02,50.0,46,QAUR,0.028880339890148043,1.0
MG_L60_T-2_C50,60,-0.02,50.0,47,QAUR,0.035766293744453836,1.0
MG_L60_T-2_C50,60,-0.02,50.0,48,QAUR,-0.010358569911252946,1.0
MG_L60_T-2_C50,60,-0.02,50.0,49,QAUR,-0.026107327388355417,0.0
MG_L60_T-2_C50,60,-0.02,50.0,50,QAUR,-0.038970061731138705,0.0
MG_L60_T-2_C50,60,-0.02,50.0,51,QAUR,0.013829610996279218,1.0
MG_L60_T-2_C50,60,-0.02,50.0,52,QAUR,-0.047304928387631784,0.0
MG_L60_T-2_C100,60,-0.02,100.0,0,AUR,0.06803383616675851,1.0
MG_L60_T-2_C100,60,-0.02,100.0,1,AUR,0.019440843270798203,1.0
MG_L60_T-2_C100,60,-0.02,100.0,2,AUR,-0.19002568910429685,0.0
MG_L60_T-2_C100,60,-0.02,100.0,3,AUR,-0.3216704677930804,0.0
MG_L60_T-2_C100,60,-0.02,100.0,4,AUR,-0.04503104863593155,0.0
MG_L60_T-2_C100,60,-0.02,100.0,5,AUR,-0.003865640024225736,1.0
MG_L60_T-2_C100,60,-0.02,100.0,6,AUR,0.041497030185218,1.0
MG_L60_T-2_C100,60,-0.02,100.0,7,AUR,-0.22760903827161738,0.0
MG_L60_T-2_C100,60,-0.02,100.0,8,AUR,-0.2328509526107646,0.0
MG_L60_T-2_C100,60,-0.02,100.0,9,AUR,-0.13140616850833842,0.0
MG_L60_T-2_C100,60,-0.02,100.0,10,AUR,0.00913411472417569,1.0
MG_L60_T-2_C100,60,-0.02,100.0,11,AUR,0.06385616143474682,1.0
MG_L60_T-2_C100,60,-0.02,100.0,12,AUR,0.052560837227365376,1.0
MG_L60_T-2_C100,60,-0.02,100.0,13,AUR,0.011773371236721175,1.0
MG_L60_T-2_C100,60,-0.02,100.0,14,AUR,0.14343635171576463,1.0
MG_L60_T-2_C100,60,-0.02,100.0,15,AUR,0.14098113594374495,1.0
MG_L60_T-2_C100,60,-0.02,100.0,16,AUR,0.19108083124406594,1.0
MG_L60_T-2_C100,60,-0.02,100.0,17,AUR,0.07547837842568517,1.0
MG_L60_T-2_C100,60,-0.02,100.0,18,AUR,0.015377088742984268,1.0
MG_L60_T-2_C100,60,-0.02,100.0,19,AUR,-0.1484556266517265,0.0
MG_L60_T-2_C100,60,-0.02,100.0,20,AUR,-0.10576721000825984,0.0
MG_L60_T-2_C100,60,-0.02,100.0,21,AUR,0.01802221230977108,1.0
MG_L60_T-2_C100,60,-0.02,100.0,22,AUR,0.045695793036144794,1.0
MG_L60_T-2_C100,60,-0.02,100.0,23,AUR,0.06560930463147097,1.0
MG_L60_T-2_C100,60,-0.02,100.0,24,AUR,0.05808539345230024,1.0
MG_L60_T-2_C100,60,-0.02,100.0,25,AUR,0.0022929710281465177,1.0
MG_L60_T-2_C100,60,-0.02,100.0,26,AUR,0.024302043211470004,1.0
MG_L60_T-2_C100,60,-0.02,100.0,27,AUR,0.012492821869511728,1.0
MG_L60_T-2_C100,60,-0.02,100.0,28,AUR,-0.012118192283429585,1.0
MG_L60_T-2_C100,60,-0.02,100.0,29,AUR,-0.059353427986254315,0.0
MG_L60_T-2_C100,60,-0.02,100.0,30,AUR,-0.04634569855240922,0.0
MG_L60_T-2_C100,60,-0.02,100.0,31,AUR,0.023611478541563535,1.0
MG_L60_T-2_C100,60,-0.02,100.0,32,AUR,0.017100137136579097,1.0
MG_L60_T-2_C100,60,-0.02,100.0,33,AUR,0.049343243216861676,1.0
MG_L60_T-2_C100,60,-0.02,100.0,34,AUR,0.029824684399001322,1.0
MG_L60_T-2_C100,60,-0.02,100.0,35,AUR,0.0993746799889601,1.0
MG_L60_T-2_C100,60,-0.02,100.0,36,AUR,0.04680595940232202,1.0
MG_L60_T-2_C100,60,-0.02,100.0,37,AUR,-0.02432481152911614,0.0
MG_L60_T-2_C100,60,-0.02,100.0,38,AUR,-0.03991623431387892,0.0
MG_L60_T-2_C100,60,-0.02,100.0,39,AUR,-0.003979381265039494,1.0
MG_L60_T-2_C100,60,-0.02,100.0,40,AUR,0.1560681571983098,1.0
MG_L60_T-2_C100,60,-0.02,100.0,41,AUR,0.15726529094069086,1.0
MG_L60_T-2_C100,60,-0.02,100.0,42,AUR,0.13389564290418088,1.0
MG_L60_T-2_C100,60,-0.02,100.0,43,AUR,0.015247576058111667,1.0
MG_L60_T-2_C100,60,-0.02,100.0,44,AUR,0.0010400148337013082,1.0
MG_L60_T-2_C100,60,-0.02,100.0,45,AUR,-0.006263617009715006,1.0
MG_L60_T-2_C100,60,-0.02,100.0,46,AUR,0.028880339890148043,1.0
MG_L60_T-2_C100,60,-0.02,100.0,47,AUR,0.035766293744453836,1.0
MG_L60_T-2_C100,60,-0.02,100.0,48,AUR,-0.010358569911252946,1.0
MG_L60_T-2_C100,60,-0.02,100.0,49,AUR,-0.026107327388355417,0.0
MG_L60_T-2_C100,60,-0.02,100.0,50,AUR,-0.038970061731138705,0.0
MG_L60_T-2_C100,60,-0.02,100.0,51,AUR,0.013829610996279218,1.0
MG_L60_T-2_C100,60,-0.02,100.0,52,AUR,-0.047304928387631784,0.0
MG_L60_T-2_C100,60,-0.02,100.0,0,QAUR,0.06803383616675851,1.0
MG_L60_T-2_C100,60,-0.02,100.0,1,QAUR,0.019440843270798203,1.0
MG_L60_T-2_C100,60,-0.02,100.0,2,QAUR,-0.19002568910429685,0.0
MG_L60_T-2_C100,60,-0.02,100.0,3,QAUR,-0.3216704677930804,0.0
MG_L60_T-2_C100,60,-0.02,100.0,4,QAUR,-0.04503104863593155,0.0
MG_L60_T-2_C100,60,-0.02,100.0,5,QAUR,-0.003865640024225736,1.0
MG_L60_T-2_C100,60,-0.02,100.0,6,QAUR,0.041497030185218,1.0
MG_L60_T-2_C100,60,-0.02,100.0,7,QAUR,-0.22760903827161738,0.0
MG_L60_T-2_C100,60,-0.02,100.0,8,QAUR,-0.2328509526107646,0.0
MG_L60_T-2_C100,60,-0.02,100.0,9,QAUR,-0.13140616850833842,0.0
MG_L60_T-2_C100,60,-0.02,100.0,10,QAUR,0.00913411472417569,1.0
MG_L60_T-2_C100,60,-0.02,100.0,11,QAUR,0.06385616143474682,1.0
MG_L60_T-2_C100,60,-0.02,100.0,12,QAUR,0.052560837227365376,1.0
MG_L60_T-2_C100,60,-0.02,100.0,13,QAUR,0.011773371236721175,1.0
MG_L60_T-2_C100,60,-0.02,100.0,14,QAUR,0.14343635171576463,1.0
MG_L60_T-2_C100,60,-0.02,100.0,15,QAUR,0.14098113594374495,1.0
MG_L60_T-2_C100,60,-0.02,100.0,16,QAUR,0.19108083124406594,1.0
MG_L60_T-2_C100,60,-0.02,100.0,17,QAUR,0.07547837842568517,1.0
MG_L60_T-2_C100,60,-0.02,100.0,18,QAUR,0.015377088742984268,1.0
MG_L60_T-2_C100,60,-0.02,100.0,19,QAUR,-0.1484556266517265,0.0
MG_L60_T-2_C100,60,-0.02,100.0,20,QAUR,-0.10576721000825984,0.0
MG_L60_T-2_C100,60,-0.02,100.0,21,QAUR,0.01802221230977108,1.0
MG_L60_T-2_C100,60,-0.02,100.0,22,QAUR,0.045695793036144794,1.0
MG_L60_T-2_C100,60,-0.02,100.0,23,QAUR,0.06560930463147097,1.0
MG_L60_T-2_C100,60,-0.02,100.0,24,QAUR,0.05808539345230024,1.0
MG_L60_T-2_C100,60,-0.02,100.0,25,QAUR,0.0022929710281465177,1.0
MG_L60_T-2_C100,60,-0.02,100.0,26,QAUR,0.024302043211470004,1.0
MG_L60_T-2_C100,60,-0.02,100.0,27,QAUR,0.012492821869511728,1.0
MG_L60_T-2_C100,60,-0.02,100.0,28,QAUR,-0.012118192283429585,1.0
MG_L60_T-2_C100,60,-0.02,100.0,29,QAUR,-0.059353427986254315,0.0
MG_L60_T-2_C100,60,-0.02,100.0,30,QAUR,-0.04634569855240922,0.0
MG_L60_T-2_C100,60,-0.02,100.0,31,QAUR,0.023611478541563535,1.0
MG_L60_T-2_C100,60,-0.02,100.0,32,QAUR,0.017100137136579097,1.0
MG_L60_T-2_C100,60,-0.02,100.0,33,QAUR,0.049343243216861676,1.0
MG_L60_T-2_C100,60,-0.02,100.0,34,QAUR,0.029824684399001322,1.0
MG_L60_T-2_C100,60,-0.02,100.0,35,QAUR,0.0993746799889601,1.0
MG_L60_T-2_C100,60,-0.02,100.0,36,QAUR,0.04680595940232202,1.0
MG_L60_T-2_C100,60,-0.02,100.0,37,QAUR,-0.02432481152911614,0.0
MG_L60_T-2_C100,60,-0.02,100.0,38,QAUR,-0.03991623431387892,0.0
MG_L60_T-2_C100,60,-0.02,100.0,39,QAUR,-0.003979381265039494,1.0
MG_L60_T-2_C100,60,-0.02,100.0,40,QAUR,0.1560681571983098,1.0
MG_L60_T-2_C100,60,-0.02,100.0,41,QAUR,0.15726529094069086,1.0
MG_L60_T-2_C100,60,-0.02,100.0,42,QAUR,0.13389564290418088,1.0
MG_L60_T-2_C100,60,-0.02,100.0,43,QAUR,0.015247576058111667,1.0
MG_L60_T-2_C100,60,-0.02,100.0,44,QAUR,0.0010400148337013082,1.0
MG_L60_T-2_C100,60,-0.02,100.0,45,QAUR,-0.006263617009715006,1.0
MG_L60_T-2_C100,60,-0.02,100.0,46,QAUR,0.028880339890148043,1.0
MG_L60_T-2_C100,60,-0.02,100.0,47,QAUR,0.035766293744453836,1.0
MG_L60_T-2_C100,60,-0.02,100.0,48,QAUR,-0.010358569911252946,1.0
MG_L60_T-2_C100,60,-0.02,100.0,49,QAUR,-0.026107327388355417,0.0
MG_L60_T-2_C100,60,-0.02,100.0,50,QAUR,-0.038970061731138705,0.0
MG_L60_T-2_C100,60,-0.02,100.0,51,QAUR,0.013829610996279218,1.0
MG_L60_T-2_C100,60,-0.02,100.0,52,QAUR,-0.047304928387631784,0.0
MG_L60_T0_C0,60,0.0,0.0,0,AUR,0.06803383616675851,1.0
MG_L60_T0_C0,60,0.0,0.0,1,AUR,0.019440843270798203,1.0
MG_L60_T0_C0,60,0.0,0.0,2,AUR,-0.19002568910429685,0.0
MG_L60_T0_C0,60,0.0,0.0,3,AUR,-0.3216704677930804,0.0
MG_L60_T0_C0,60,0.0,0.0,4,AUR,-0.04503104863593155,0.0
MG_L60_T0_C0,60,0.0,0.0,5,AUR,-0.003865640024225736,0.0
MG_L60_T0_C0,60,0.0,0.0,6,AUR,0.041497030185218,1.0
MG_L60_T0_C0,60,0.0,0.0,7,AUR,-0.22760903827161738,0.0
MG_L60_T0_C0,60,0.0,0.0,8,AUR,-0.2328509526107646,0.0
MG_L60_T0_C0,60,0.0,0.0,9,AUR,-0.13140616850833842,0.0
MG_L60_T0_C0,60,0.0,0.0,10,AUR,0.00913411472417569,1.0
MG_L60_T0_C0,60,0.0,0.0,11,AUR,0.06385616143474682,1.0
MG_L60_T0_C0,60,0.0,0.0,12,AUR,0.052560837227365376,1.0
MG_L60_T0_C0,60,0.0,0.0,13,AUR,0.011773371236721175,1.0
MG_L60_T0_C0,60,0.0,0.0,14,AUR,0.14343635171576463,1.0
MG_L60_T0_C0,60,0.0,0.0,15,AUR,0.14098113594374495,1.0
MG_L60_T0_C0,60,0.0,0.0,16,AUR,0.19108083124406594,1.0
MG_L60_T0_C0,60,0.0,0.0,17,AUR,0.07547837842568517,1.0
MG_L60_T0_C0,60,0.0,0.0,18,AUR,0.015377088742984268,1.0
MG_L60_T0_C0,60,0.0,0.0,19,AUR,-0.1484556266517265,0.0
MG_L60_T0_C0,60,0.0,0.0,20,AUR,-0.10576721000825984,0.0
MG_L60_T0_C0,60,0.0,0.0,21,AUR,0.01802221230977108,1.0
MG_L60_T0_C0,60,0.0,0.0,22,AUR,0.045695793036144794,1.0
MG_L60_T0_C0,60,0.0,0.0,23,AUR,0.06560930463147097,1.0
MG_L60_T0_C0,60,0.0,0.0,24,AUR,0.05808539345230024,1.0
MG_L60_T0_C0,60,0.0,0.0,25,AUR,0.0022929710281465177,1.0
MG_L60_T0_C0,60,0.0,0.0,26,AUR,0.024302043211470004,1.0
MG_L60_T0_C0,60,0.0,0.0,27,AUR,0.012492821869511728,1.0
MG_L60_T0_C0,60,0.0,0.0,28,AUR,-0.012118192283429585,0.0
MG_L60_T0_C0,60,0.0,0.0,29,AUR,-0.059353427986254315,0.0
MG_L60_T0_C0,60,0.0,0.0,30,AUR,-0.04634569855240922,0.0
MG_L60_T0_C0,60,0.0,0.0,31,AUR,0.023611478541563535,1.0
MG_L60_T0_C0,60,0.0,0.0,32,AUR,0.017100137136579097,1.0
MG_L60_T0_C0,60,0.0,0.0,33,AUR,0.049343243216861676,1.0
MG_L60_T0_C0,60,0.0,0.0,34,AUR,0.029824684399001322,1.0
MG_L60_T0_C0,60,0.0,0.0,35,AUR,0.0993746799889601,1.0
MG_L60_T0_C0,60,0.0,0.0,36,AUR,0.04680595940232202,1.0
MG_L60_T0_C0,60,0.0,0.0,37,AUR,-0.02432481152911614,0.0
MG_L60_T0_C0,60,0.0,0.0,38,AUR,-0.03991623431387892,0.0
MG_L60_T0_C0,60,0.0,0.0,39,AUR,-0.003979381265039494,0.0
MG_L60_T0_C0,60,0.0,0.0,40,AUR,0.1560681571983098,1.0
MG_L60_T0_C0,60,0.0,0.0,41,AUR,0.15726529094069086,1.0
MG_L60_T0_C0,60,0.0,0.0,42,AUR,0.13389564290418088,1.0
MG_L60_T0_C0,60,0.0,0.0,43,AUR,0.015247576058111667,1.0
MG_L60_T0_C0,60,0.0,0.0,44,AUR,0.0010400148337013082,1.0
MG_L60_T0_C0,60,0.0,0.0,45,AUR,-0.006263617009715006,0.0
MG_L60_T0_C0,60,0.0,0.0,46,AUR,0.028880339890148043,1.0
MG_L60_T0_C0,60,0.0,0.0,47,AUR,0.035766293744453836,1.0
MG_L60_T0_C0,60,0.0,0.0,48,AUR,-0.010358569911252946,0.0
MG_L60_T0_C0,60,0.0,0.0,49,AUR,-0.026107327388355417,0.0
MG_L60_T0_C0,60,0.0,0.0,50,AUR,-0.038970061731138705,0.0
MG_L60_T0_C0,60,0.0,0.0,51,AUR,0.013829610996279218,1.0
MG_L60_T0_C0,60,0.0,0.0,52,AUR,-0.047304928387631784,0.0
MG_L60_T0_C0,60,0.0,0.0,0,QAUR,0.06803383616675851,1.0
MG_L60_T0_C0,60,0.0,0.0,1,QAUR,0.019440843270798203,1.0
MG_L60_T0_C0,60,0.0,0.0,2,QAUR,-0.19002568910429685,0.0
MG_L60_T0_C0,60,0.0,0.0,3,QAUR,-0.3216704677930804,0.0
MG_L60_T0_C0,60,0.0,0.0,4,QAUR,-0.04503104863593155,0.0
MG_L60_T0_C0,60,0.0,0.0,5,QAUR,-0.003865640024225736,0.0
MG_L60_T0_C0,60,0.0,0.0,6,QAUR,0.041497030185218,1.0
MG_L60_T0_C0,60,0.0,0.0,7,QAUR,-0.22760903827161738,0.0
MG_L60_T0_C0,60,0.0,0.0,8,QAUR,-0.2328509526107646,0.0
MG_L60_T0_C0,60,0.0,0.0,9,QAUR,-0.13140616850833842,0.0
MG_L60_T0_C0,60,0.0,0.0,10,QAUR,0.00913411472417569,1.0
MG_L60_T0_C0,60,0.0,0.0,11,QAUR,0.06385616143474682,1.0
MG_L60_T0_C0,60,0.0,0.0,12,QAUR,0.052560837227365376,1.0
MG_L60_T0_C0,60,0.0,0.0,13,QAUR,0.011773371236721175,1.0
MG_L60_T0_C0,60,0.0,0.0,14,QAUR,0.14343635171576463,1.0
MG_L60_T0_C0,60,0.0,0.0,15,QAUR,0.14098113594374495,1.0
MG_L60_T0_C0,60,0.0,0.0,16,QAUR,0.19108083124406594,1.0
MG_L60_T0_C0,60,0.0,0.0,17,QAUR,0.07547837842568517,1.0
MG_L60_T0_C0,60,0.0,0.0,18,QAUR,0.015377088742984268,1.0
MG_L60_T0_C0,60,0.0,0.0,19,QAUR,-0.1484556266517265,0.0
MG_L60_T0_C0,60,0.0,0.0,20,QAUR,-0.10576721000825984,0.0
MG_L60_T0_C0,60,0.0,0.0,21,QAUR,0.01802221230977108,1.0
MG_L60_T0_C0,60,0.0,0.0,22,QAUR,0.045695793036144794,1.0
MG_L60_T0_C0,60,0.0,0.0,23,QAUR,0.06560930463147097,1.0
MG_L60_T0_C0,60,0.0,0.0,24,QAUR,0.05808539345230024,1.0
MG_L60_T0_C0,60,0.0,0.0,25,QAUR,0.0022929710281465177,1.0
MG_L60_T0_C0,60,0.0,0.0,26,QAUR,0.024302043211470004,1.0
MG_L60_T0_C0,60,0.0,0.0,27,QAUR,0.012492821869511728,1.0
MG_L60_T0_C0,60,0.0,0.0,28,QAUR,-0.012118192283429585,0.0
MG_L60_T0_C0,60,0.0,0.0,29,QAUR,-0.059353427986254315,0.0
MG_L60_T0_C0,60,0.0,0.0,30,QAUR,-0.04634569855240922,0.0
MG_L60_T0_C0,60,0.0,0.0,31,QAUR,0.023611478541563535,1.0
MG_L60_T0_C0,60,0.0,0.0,32,QAUR,0.017100137136579097,1.0
MG_L60_T0_C0,60,0.0,0.0,33,QAUR,0.049343243216861676,1.0
MG_L60_T0_C0,60,0.0,0.0,34,QAUR,0.029824684399001322,1.0
MG_L60_T0_C0,60,0.0,0.0,35,QAUR,0.0993746799889601,1.0
MG_L60_T0_C0,60,0.0,0.0,36,QAUR,0.04680595940232202,1.0
MG_L60_T0_C0,60,0.0,0.0,37,QAUR,-0.02432481152911614,0.0
MG_L60_T0_C0,60,0.0,0.0,38,QAUR,-0.03991623431387892,0.0
MG_L60_T0_C0,60,0.0,0.0,39,QAUR,-0.003979381265039494,0.0
MG_L60_T0_C0,60,0.0,0.0,40,QAUR,0.1560681571983098,1.0
MG_L60_T0_C0,60,0.0,0.0,41,QAUR,0.15726529094069086,1.0
MG_L60_T0_C0,60,0.0,0.0,42,QAUR,0.13389564290418088,1.0
MG_L60_T0_C0,60,0.0,0.0,43,QAUR,0.015247576058111667,1.0
MG_L60_T0_C0,60,0.0,0.0,44,QAUR,0.0010400148337013082,1.0
MG_L60_T0_C0,60,0.0,0.0,45,QAUR,-0.006263617009715006,0.0
MG_L60_T0_C0,60,0.0,0.0,46,QAUR,0.028880339890148043,1.0
MG_L60_T0_C0,60,0.0,0.0,47,QAUR,0.035766293744453836,1.0
MG_L60_T0_C0,60,0.0,0.0,48,QAUR,-0.010358569911252946,0.0
MG_L60_T0_C0,60,0.0,0.0,49,QAUR,-0.026107327388355417,0.0
MG_L60_T0_C0,60,0.0,0.0,50,QAUR,-0.038970061731138705,0.0
MG_L60_T0_C0,60,0.0,0.0,51,QAUR,0.013829610996279218,1.0
MG_L60_T0_C0,60,0.0,0.0,52,QAUR,-0.047304928387631784,0.0
MG_L60_T0_C25,60,0.0,25.0,0,AUR,0.06803383616675851,1.0
MG_L60_T0_C25,60,0.0,25.0,1,AUR,0.019440843270798203,1.0
MG_L60_T0_C25,60,0.0,25.0,2,AUR,-0.19002568910429685,0.0
MG_L60_T0_C25,60,0.0,25.0,3,AUR,-0.3216704677930804,0.0
MG_L60_T0_C25,60,0.0,25.0,4,AUR,-0.04503104863593155,0.0
MG_L60_T0_C25,60,0.0,25.0,5,AUR,-0.003865640024225736,0.0
MG_L60_T0_C25,60,0.0,25.0,6,AUR,0.041497030185218,1.0
MG_L60_T0_C25,60,0.0,25.0,7,AUR,-0.22760903827161738,0.0
MG_L60_T0_C25,60,0.0,25.0,8,AUR,-0.2328509526107646,0.0
MG_L60_T0_C25,60,0.0,25.0,9,AUR,-0.13140616850833842,0.0
MG_L60_T0_C25,60,0.0,25.0,10,AUR,0.00913411472417569,1.0
MG_L60_T0_C25,60,0.0,25.0,11,AUR,0.06385616143474682,1.0
MG_L60_T0_C25,60,0.0,25.0,12,AUR,0.052560837227365376,1.0
MG_L60_T0_C25,60,0.0,25.0,13,AUR,0.011773371236721175,1.0
MG_L60_T0_C25,60,0.0,25.0,14,AUR,0.14343635171576463,1.0
MG_L60_T0_C25,60,0.0,25.0,15,AUR,0.14098113594374495,1.0
MG_L60_T0_C25,60,0.0,25.0,16,AUR,0.19108083124406594,1.0
MG_L60_T0_C25,60,0.0,25.0,17,AUR,0.07547837842568517,1.0
MG_L60_T0_C25,60,0.0,25.0,18,AUR,0.015377088742984268,1.0
MG_L60_T0_C25,60,0.0,25.0,19,AUR,-0.1484556266517265,0.0
MG_L60_T0_C25,60,0.0,25.0,20,AUR,-0.10576721000825984,0.0
MG_L60_T0_C25,60,0.0,25.0,21,AUR,0.01802221230977108,1.0
MG_L60_T0_C25,60,0.0,25.0,22,AUR,0.045695793036144794,1.0
MG_L60_T0_C25,60,0.0,25.0,23,AUR,0.06560930463147097,1.0
MG_L60_T0_C25,60,0.0,25.0,24,AUR,0.05808539345230024,1.0
MG_L60_T0_C25,60,0.0,25.0,25,AUR,0.0022929710281465177,1.0
MG_L60_T0_C25,60,0.0,25.0,26,AUR,0.024302043211470004,1.0
MG_L60_T0_C25,60,0.0,25.0,27,AUR,0.012492821869511728,1.0
MG_L60_T0_C25,60,0.0,25.0,28,AUR,-0.012118192283429585,0.0
MG_L60_T0_C25,60,0.0,25.0,29,AUR,-0.059353427986254315,0.0
MG_L60_T0_C25,60,0.0,25.0,30,AUR,-0.04634569855240922,0.0
MG_L60_T0_C25,60,0.0,25.0,31,AUR,0.023611478541563535,1.0
MG_L60_T0_C25,60,0.0,25.0,32,AUR,0.017100137136579097,1.0
MG_L60_T0_C25,60,0.0,25.0,33,AUR,0.049343243216861676,1.0
MG_L60_T0_C25,60,0.0,25.0,34,AUR,0.029824684399001322,1.0
MG_L60_T0_C25,60,0.0,25.0,35,AUR,0.0993746799889601,1.0
MG_L60_T0_C25,60,0.0,25.0,36,AUR,0.04680595940232202,1.0
MG_L60_T0_C25,60,0.0,25.0,37,AUR,-0.02432481152911614,0.0
MG_L60_T0_C25,60,0.0,25.0,38,AUR,-0.03991623431387892,0.0
MG_L60_T0_C25,60,0.0,25.0,39,AUR,-0.003979381265039494,0.0
MG_L60_T0_C25,60,0.0,25.0,40,AUR,0.1560681571983098,1.0
MG_L60_T0_C25,60,0.0,25.0,41,AUR,0.15726529094069086,1.0
MG_L60_T0_C25,60,0.0,25.0,42,AUR,0.13389564290418088,1.0
MG_L60_T0_C25,60,0.0,25.0,43,AUR,0.015247576058111667,1.0
MG_L60_T0_C25,60,0.0,25.0,44,AUR,0.0010400148337013082,1.0
MG_L60_T0_C25,60,0.0,25.0,45,AUR,-0.006263617009715006,0.0
MG_L60_T0_C25,60,0.0,25.0,46,AUR,0.028880339890148043,1.0
MG_L60_T0_C25,60,0.0,25.0,47,AUR,0.035766293744453836,1.0
MG_L60_T0_C25,60,0.0,25.0,48,AUR,-0.010358569911252946,0.0
MG_L60_T0_C25,60,0.0,25.0,49,AUR,-0.026107327388355417,0.0
MG_L60_T0_C25,60,0.0,25.0,50,AUR,-0.038970061731138705,0.0
MG_L60_T0_C25,60,0.0,25.0,51,AUR,0.013829610996279218,1.0
MG_L60_T0_C25,60,0.0,25.0,52,AUR,-0.047304928387631784,0.0
MG_L60_T0_C25,60,0.0,25.0,0,QAUR,0.06803383616675851,1.0
MG_L60_T0_C25,60,0.0,25.0,1,QAUR,0.019440843270798203,1.0
MG_L60_T0_C25,60,0.0,25.0,2,QAUR,-0.19002568910429685,0.0
MG_L60_T0_C25,60,0.0,25.0,3,QAUR,-0.3216704677930804,0.0
MG_L60_T0_C25,60,0.0,25.0,4,QAUR,-0.04503104863593155,0.0
MG_L60_T0_C25,60,0.0,25.0,5,QAUR,-0.003865640024225736,0.0
MG_L60_T0_C25,60,0.0,25.0,6,QAUR,0.041497030185218,1.0
MG_L60_T0_C25,60,0.0,25.0,7,QAUR,-0.22760903827161738,0.0
MG_L60_T0_C25,60,0.0,25.0,8,QAUR,-0.2328509526107646,0.0
MG_L60_T0_C25,60,0.0,25.0,9,QAUR,-0.13140616850833842,0.0
MG_L60_T0_C25,60,0.0,25.0,10,QAUR,0.00913411472417569,1.0
MG_L60_T0_C25,60,0.0,25.0,11,QAUR,0.06385616143474682,1.0
MG_L60_T0_C25,60,0.0,25.0,12,QAUR,0.052560837227365376,1.0
MG_L60_T0_C25,60,0.0,25.0,13,QAUR,0.011773371236721175,1.0
MG_L60_T0_C25,60,0.0,25.0,14,QAUR,0.14343635171576463,1.0
MG_L60_T0_C25,60,0.0,25.0,15,QAUR,0.14098113594374495,1.0
MG_L60_T0_C25,60,0.0,25.0,16,QAUR,0.19108083124406594,1.0
MG_L60_T0_C25,60,0.0,25.0,17,QAUR,0.07547837842568517,1.0
MG_L60_T0_C25,60,0.0,25.0,18,QAUR,0.015377088742984268,1.0
MG_L60_T0_C25,60,0.0,25.0,19,QAUR,-0.1484556266517265,0.0
MG_L60_T0_C25,60,0.0,25.0,20,QAUR,-0.10576721000825984,0.0
MG_L60_T0_C25,60,0.0,25.0,21,QAUR,0.01802221230977108,1.0
MG_L60_T0_C25,60,0.0,25.0,22,QAUR,0.045695793036144794,1.0
MG_L60_T0_C25,60,0.0,25.0,23,QAUR,0.06560930463147097,1.0
MG_L60_T0_C25,60,0.0,25.0,24,QAUR,0.05808539345230024,1.0
MG_L60_T0_C25,60,0.0,25.0,25,QAUR,0.0022929710281465177,1.0
MG_L60_T0_C25,60,0.0,25.0,26,QAUR,0.024302043211470004,1.0
MG_L60_T0_C25,60,0.0,25.0,27,QAUR,0.012492821869511728,1.0
MG_L60_T0_C25,60,0.0,25.0,28,QAUR,-0.012118192283429585,0.0
MG_L60_T0_C25,60,0.0,25.0,29,QAUR,-0.059353427986254315,0.0
MG_L60_T0_C25,60,0.0,25.0,30,QAUR,-0.04634569855240922,0.0
MG_L60_T0_C25,60,0.0,25.0,31,QAUR,0.023611478541563535,1.0
MG_L60_T0_C25,60,0.0,25.0,32,QAUR,0.017100137136579097,1.0
MG_L60_T0_C25,60,0.0,25.0,33,QAUR,0.049343243216861676,1.0
MG_L60_T0_C25,60,0.0,25.0,34,QAUR,0.029824684399001322,1.0
MG_L60_T0_C25,60,0.0,25.0,35,QAUR,0.0993746799889601,1.0
MG_L60_T0_C25,60,0.0,25.0,36,QAUR,0.04680595940232202,1.0
MG_L60_T0_C25,60,0.0,25.0,37,QAUR,-0.02432481152911614,0.0
MG_L60_T0_C25,60,0.0,25.0,38,QAUR,-0.03991623431387892,0.0
MG_L60_T0_C25,60,0.0,25.0,39,QAUR,-0.003979381265039494,0.0
MG_L60_T0_C25,60,0.0,25.0,40,QAUR,0.1560681571983098,1.0
MG_L60_T0_C25,60,0.0,25.0,41,QAUR,0.15726529094069086,1.0
MG_L60_T0_C25,60,0.0,25.0,42,QAUR,0.13389564290418088,1.0
MG_L60_T0_C25,60,0.0,25.0,43,QAUR,0.015247576058111667,1.0
MG_L60_T0_C25,60,0.0,25.0,44,QAUR,0.0010400148337013082,1.0
MG_L60_T0_C25,60,0.0,25.0,45,QAUR,-0.006263617009715006,0.0
MG_L60_T0_C25,60,0.0,25.0,46,QAUR,0.028880339890148043,1.0
MG_L60_T0_C25,60,0.0,25.0,47,QAUR,0.035766293744453836,1.0
MG_L60_T0_C25,60,0.0,25.0,48,QAUR,-0.010358569911252946,0.0
MG_L60_T0_C25,60,0.0,25.0,49,QAUR,-0.026107327388355417,0.0
MG_L60_T0_C25,60,0.0,25.0,50,QAUR,-0.038970061731138705,0.0
MG_L60_T0_C25,60,0.0,25.0,51,QAUR,0.013829610996279218,1.0
MG_L60_T0_C25,60,0.0,25.0,52,QAUR,-0.047304928387631784,0.0
MG_L60_T0_C50,60,0.0,50.0,0,AUR,0.06803383616675851,1.0
MG_L60_T0_C50,60,0.0,50.0,1,AUR,0.019440843270798203,1.0
MG_L60_T0_C50,60,0.0,50.0,2,AUR,-0.19002568910429685,0.0
MG_L60_T0_C50,60,0.0,50.0,3,AUR,-0.3216704677930804,0.0
MG_L60_T0_C50,60,0.0,50.0,4,AUR,-0.04503104863593155,0.0
MG_L60_T0_C50,60,0.0,50.0,5,AUR,-0.003865640024225736,0.0
MG_L60_T0_C50,60,0.0,50.0,6,AUR,0.041497030185218,1.0
MG_L60_T0_C50,60,0.0,50.0,7,AUR,-0.22760903827161738,0.0
MG_L60_T0_C50,60,0.0,50.0,8,AUR,-0.2328509526107646,0.0
MG_L60_T0_C50,60,0.0,50.0,9,AUR,-0.13140616850833842,0.0
MG_L60_T0_C50,60,0.0,50.0,10,AUR,0.00913411472417569,1.0
MG_L60_T0_C50,60,0.0,50.0,11,AUR,0.06385616143474682,1.0
MG_L60_T0_C50,60,0.0,50.0,12,AUR,0.052560837227365376,1.0
MG_L60_T0_C50,60,0.0,50.0,13,AUR,0.011773371236721175,1.0
MG_L60_T0_C50,60,0.0,50.0,14,AUR,0.14343635171576463,1.0
MG_L60_T0_C50,60,0.0,50.0,15,AUR,0.14098113594374495,1.0
MG_L60_T0_C50,60,0.0,50.0,16,AUR,0.19108083124406594,1.0
MG_L60_T0_C50,60,0.0,50.0,17,AUR,0.07547837842568517,1.0
MG_L60_T0_C50,60,0.0,50.0,18,AUR,0.015377088742984268,1.0
MG_L60_T0_C50,60,0.0,50.0,19,AUR,-0.1484556266517265,0.0
MG_L60_T0_C50,60,0.0,50.0,20,AUR,-0.10576721000825984,0.0
MG_L60_T0_C50,60,0.0,50.0,21,AUR,0.01802221230977108,1.0
MG_L60_T0_C50,60,0.0,50.0,22,AUR,0.045695793036144794,1.0
MG_L60_T0_C50,60,0.0,50.0,23,AUR,0.06560930463147097,1.0
MG_L60_T0_C50,60,0.0,50.0,24,AUR,0.05808539345230024,1.0
MG_L60_T0_C50,60,0.0,50.0,25,AUR,0.0022929710281465177,1.0
MG_L60_T0_C50,60,0.0,50.0,26,AUR,0.024302043211470004,1.0
MG_L60_T0_C50,60,0.0,50.0,27,AUR,0.012492821869511728,1.0
MG_L60_T0_C50,60,0.0,50.0,28,AUR,-0.012118192283429585,0.0
MG_L60_T0_C50,60,0.0,50.0,29,AUR,-0.059353427986254315,0.0
MG_L60_T0_C50,60,0.0,50.0,30,AUR,-0.04634569855240922,0.0
MG_L60_T0_C50,60,0.0,50.0,31,AUR,0.023611478541563535,1.0
MG_L60_T0_C50,60,0.0,50.0,32,AUR,0.017100137136579097,1.0
MG_L60_T0_C50,60,0.0,50.0,33,AUR,0.049343243216861676,1.0
MG_L60_T0_C50,60,0.0,50.0,34,AUR,0.029824684399001322,1.0
MG_L60_T0_C50,60,0.0,50.0,35,AUR,0.0993746799889601,1.0
MG_L60_T0_C50,60,0.0,50.0,36,AUR,0.04680595940232202,1.0
MG_L60_T0_C50,60,0.0,50.0,37,AUR,-0.02432481152911614,0.0
MG_L60_T0_C50,60,0.0,50.0,38,AUR,-0.03991623431387892,0.0
MG_L60_T0_C50,60,0.0,50.0,39,AUR,-0.003979381265039494,0.0
MG_L60_T0_C50,60,0.0,50.0,40,AUR,0.1560681571983098,1.0
MG_L60_T0_C50,60,0.0,50.0,41,AUR,0.15726529094069086,1.0
MG_L60_T0_C50,60,0.0,50.0,42,AUR,0.13389564290418088,1.0
MG_L60_T0_C50,60,0.0,50.0,43,AUR,0.015247576058111667,1.0
MG_L60_T0_C50,60,0.0,50.0,44,AUR,0.0010400148337013082,1.0
MG_L60_T0_C50,60,0.0,50.0,45,AUR,-0.006263617009715006,0.0
MG_L60_T0_C50,60,0.0,50.0,46,AUR,0.028880339890148043,1.0
MG_L60_T0_C50,60,0.0,50.0,47,AUR,0.035766293744453836,1.0
MG_L60_T0_C50,60,0.0,50.0,48,AUR,-0.010358569911252946,0.0
MG_L60_T0_C50,60,0.0,50.0,49,AUR,-0.026107327388355417,0.0
MG_L60_T0_C50,60,0.0,50.0,50,AUR,-0.038970061731138705,0.0
MG_L60_T0_C50,60,0.0,50.0,51,AUR,0.013829610996279218,1.0
MG_L60_T0_C50,60,0.0,50.0,52,AUR,-0.047304928387631784,0.0
MG_L60_T0_C50,60,0.0,50.0,0,QAUR,0.06803383616675851,1.0
MG_L60_T0_C50,60,0.0,50.0,1,QAUR,0.019440843270798203,1.0
MG_L60_T0_C50,60,0.0,50.0,2,QAUR,-0.19002568910429685,0.0
MG_L60_T0_C50,60,0.0,50.0,3,QAUR,-0.3216704677930804,0.0
MG_L60_T0_C50,60,0.0,50.0,4,QAUR,-0.04503104863593155,0.0
MG_L60_T0_C50,60,0.0,50.0,5,QAUR,-0.003865640024225736,0.0
MG_L60_T0_C50,60,0.0,50.0,6,QAUR,0.041497030185218,1.0
MG_L60_T0_C50,60,0.0,50.0,7,QAUR,-0.22760903827161738,0.0
MG_L60_T0_C50,60,0.0,50.0,8,QAUR,-0.2328509526107646,0.0
MG_L60_T0_C50,60,0.0,50.0,9,QAUR,-0.13140616850833842,0.0
MG_L60_T0_C50,60,0.0,50.0,10,QAUR,0.00913411472417569,1.0
MG_L60_T0_C50,60,0.0,50.0,11,QAUR,0.06385616143474682,1.0
MG_L60_T0_C50,60,0.0,50.0,12,QAUR,0.052560837227365376,1.0
MG_L60_T0_C50,60,0.0,50.0,13,QAUR,0.011773371236721175,1.0
MG_L60_T0_C50,60,0.0,50.0,14,QAUR,0.14343635171576463,1.0
MG_L60_T0_C50,60,0.0,50.0,15,QAUR,0.14098113594374495,1.0
MG_L60_T0_C50,60,0.0,50.0,16,QAUR,0.19108083124406594,1.0
MG_L60_T0_C50,60,0.0,50.0,17,QAUR,0.07547837842568517,1.0
MG_L60_T0_C50,60,0.0,50.0,18,QAUR,0.015377088742984268,1.0
MG_L60_T0_C50,60,0.0,50.0,19,QAUR,-0.1484556266517265,0.0
MG_L60_T0_C50,60,0.0,50.0,20,QAUR,-0.10576721000825984,0.0
MG_L60_T0_C50,60,0.0,50.0,21,QAUR,0.01802221230977108,1.0
MG_L60_T0_C50,60,0.0,50.0,22,QAUR,0.045695793036144794,1.0
MG_L60_T0_C50,60,0.0,50.0,23,QAUR,0.06560930463147097,1.0
MG_L60_T0_C50,60,0.0,50.0,24,QAUR,0.05808539345230024,1.0
MG_L60_T0_C50,60,0.0,50.0,25,QAUR,0.0022929710281465177,1.0
MG_L60_T0_C50,60,0.0,50.0,26,QAUR,0.024302043211470004,1.0
MG_L60_T0_C50,60,0.0,50.0,27,QAUR,0.012492821869511728,1.0
MG_L60_T0_C50,60,0.0,50.0,28,QAUR,-0.012118192283429585,0.0
MG_L60_T0_C50,60,0.0,50.0,29,QAUR,-0.059353427986254315,0.0
MG_L60_T0_C50,60,0.0,50.0,30,QAUR,-0.04634569855240922,0.0
MG_L60_T0_C50,60,0.0,50.0,31,QAUR,0.023611478541563535,1.0
MG_L60_T0_C50,60,0.0,50.0,32,QAUR,0.017100137136579097,1.0
MG_L60_T0_C50,60,0.0,50.0,33,QAUR,0.049343243216861676,1.0
MG_L60_T0_C50,60,0.0,50.0,34,QAUR,0.029824684399001322,1.0
MG_L60_T0_C50,60,0.0,50.0,35,QAUR,0.0993746799889601,1.0
MG_L60_T0_C50,60,0.0,50.0,36,QAUR,0.04680595940232202,1.0
MG_L60_T0_C50,60,0.0,50.0,37,QAUR,-0.02432481152911614,0.0
MG_L60_T0_C50,60,0.0,50.0,38,QAUR,-0.03991623431387892,0.0
MG_L60_T0_C50,60,0.0,50.0,39,QAUR,-0.003979381265039494,0.0
MG_L60_T0_C50,60,0.0,50.0,40,QAUR,0.1560681571983098,1.0
MG_L60_T0_C50,60,0.0,50.0,41,QAUR,0.15726529094069086,1.0
MG_L60_T0_C50,60,0.0,50.0,42,QAUR,0.13389564290418088,1.0
MG_L60_T0_C50,60,0.0,50.0,43,QAUR,0.015247576058111667,1.0
MG_L60_T0_C50,60,0.0,50.0,44,QAUR,0.0010400148337013082,1.0
MG_L60_T0_C50,60,0.0,50.0,45,QAUR,-0.006263617009715006,0.0
MG_L60_T0_C50,60,0.0,50.0,46,QAUR,0.028880339890148043,1.0
MG_L60_T0_C50,60,0.0,50.0,47,QAUR,0.035766293744453836,1.0
MG_L60_T0_C50,60,0.0,50.0,48,QAUR,-0.010358569911252946,0.0
MG_L60_T0_C50,60,0.0,50.0,49,QAUR,-0.026107327388355417,0.0
MG_L60_T0_C50,60,0.0,50.0,50,QAUR,-0.038970061731138705,0.0
MG_L60_T0_C50,60,0.0,50.0,51,QAUR,0.013829610996279218,1.0
MG_L60_T0_C50,60,0.0,50.0,52,QAUR,-0.047304928387631784,0.0
MG_L60_T0_C100,60,0.0,100.0,0,AUR,0.06803383616675851,1.0
MG_L60_T0_C100,60,0.0,100.0,1,AUR,0.019440843270798203,1.0
MG_L60_T0_C100,60,0.0,100.0,2,AUR,-0.19002568910429685,0.0
MG_L60_T0_C100,60,0.0,100.0,3,AUR,-0.3216704677930804,0.0
MG_L60_T0_C100,60,0.0,100.0,4,AUR,-0.04503104863593155,0.0
MG_L60_T0_C100,60,0.0,100.0,5,AUR,-0.003865640024225736,0.0
MG_L60_T0_C100,60,0.0,100.0,6,AUR,0.041497030185218,1.0
MG_L60_T0_C100,60,0.0,100.0,7,AUR,-0.22760903827161738,0.0
MG_L60_T0_C100,60,0.0,100.0,8,AUR,-0.2328509526107646,0.0
MG_L60_T0_C100,60,0.0,100.0,9,AUR,-0.13140616850833842,0.0
MG_L60_T0_C100,60,0.0,100.0,10,AUR,0.00913411472417569,1.0
MG_L60_T0_C100,60,0.0,100.0,11,AUR,0.06385616143474682,1.0
MG_L60_T0_C100,60,0.0,100.0,12,AUR,0.052560837227365376,1.0
MG_L60_T0_C100,60,0.0,100.0,13,AUR,0.011773371236721175,1.0
MG_L60_T0_C100,60,0.0,100.0,14,AUR,0.14343635171576463,1.0
MG_L60_T0_C100,60,0.0,100.0,15,AUR,0.14098113594374495,1.0
MG_L60_T0_C100,60,0.0,100.0,16,AUR,0.19108083124406594,1.0
MG_L60_T0_C100,60,0.0,100.0,17,AUR,0.07547837842568517,1.0
MG_L60_T0_C100,60,0.0,100.0,18,AUR,0.015377088742984268,1.0
MG_L60_T0_C100,60,0.0,100.0,19,AUR,-0.1484556266517265,0.0
MG_L60_T0_C100,60,0.0,100.0,20,AUR,-0.10576721000825984,0.0
MG_L60_T0_C100,60,0.0,100.0,21,AUR,0.01802221230977108,1.0
MG_L60_T0_C100,60,0.0,100.0,22,AUR,0.045695793036144794,1.0
MG_L60_T0_C100,60,0.0,100.0,23,AUR,0.06560930463147097,1.0
MG_L60_T0_C100,60,0.0,100.0,24,AUR,0.05808539345230024,1.0
MG_L60_T0_C100,60,0.0,100.0,25,AUR,0.0022929710281465177,1.0
MG_L60_T0_C100,60,0.0,100.0,26,AUR,0.024302043211470004,1.0
MG_L60_T0_C100,60,0.0,100.0,27,AUR,0.012492821869511728,1.0
MG_L60_T0_C100,60,0.0,100.0,28,AUR,-0.012118192283429585,0.0
MG_L60_T0_C100,60,0.0,100.0,29,AUR,-0.059353427986254315,0.0
MG_L60_T0_C100,60,0.0,100.0,30,AUR,-0.04634569855240922,0.0
MG_L60_T0_C100,60,0.0,100.0,31,AUR,0.023611478541563535,1.0
MG_L60_T0_C100,60,0.0,100.0,32,AUR,0.017100137136579097,1.0
MG_L60_T0_C100,60,0.0,100.0,33,AUR,0.049343243216861676,1.0
MG_L60_T0_C100,60,0.0,100.0,34,AUR,0.029824684399001322,1.0
MG_L60_T0_C100,60,0.0,100.0,35,AUR,0.0993746799889601,1.0
MG_L60_T0_C100,60,0.0,100.0,36,AUR,0.04680595940232202,1.0
MG_L60_T0_C100,60,0.0,100.0,37,AUR,-0.02432481152911614,0.0
MG_L60_T0_C100,60,0.0,100.0,38,AUR,-0.03991623431387892,0.0
MG_L60_T0_C100,60,0.0,100.0,39,AUR,-0.003979381265039494,0.0
MG_L60_T0_C100,60,0.0,100.0,40,AUR,0.1560681571983098,1.0
MG_L60_T0_C100,60,0.0,100.0,41,AUR,0.15726529094069086,1.0
MG_L60_T0_C100,60,0.0,100.0,42,AUR,0.13389564290418088,1.0
MG_L60_T0_C100,60,0.0,100.0,43,AUR,0.015247576058111667,1.0
MG_L60_T0_C100,60,0.0,100.0,44,AUR,0.0010400148337013082,1.0
MG_L60_T0_C100,60,0.0,100.0,45,AUR,-0.006263617009715006,0.0
MG_L60_T0_C100,60,0.0,100.0,46,AUR,0.028880339890148043,1.0
MG_L60_T0_C100,60,0.0,100.0,47,AUR,0.035766293744453836,1.0
MG_L60_T0_C100,60,0.0,100.0,48,AUR,-0.010358569911252946,0.0
MG_L60_T0_C100,60,0.0,100.0,49,AUR,-0.026107327388355417,0.0
MG_L60_T0_C100,60,0.0,100.0,50,AUR,-0.038970061731138705,0.0
MG_L60_T0_C100,60,0.0,100.0,51,AUR,0.013829610996279218,1.0
MG_L60_T0_C100,60,0.0,100.0,52,AUR,-0.047304928387631784,0.0
MG_L60_T0_C100,60,0.0,100.0,0,QAUR,0.06803383616675851,1.0
MG_L60_T0_C100,60,0.0,100.0,1,QAUR,0.019440843270798203,1.0
MG_L60_T0_C100,60,0.0,100.0,2,QAUR,-0.19002568910429685,0.0
MG_L60_T0_C100,60,0.0,100.0,3,QAUR,-0.3216704677930804,0.0
MG_L60_T0_C100,60,0.0,100.0,4,QAUR,-0.04503104863593155,0.0
MG_L60_T0_C100,60,0.0,100.0,5,QAUR,-0.003865640024225736,0.0
MG_L60_T0_C100,60,0.0,100.0,6,QAUR,0.041497030185218,1.0
MG_L60_T0_C100,60,0.0,100.0,7,QAUR,-0.22760903827161738,0.0
MG_L60_T0_C100,60,0.0,100.0,8,QAUR,-0.2328509526107646,0.0
MG_L60_T0_C100,60,0.0,100.0,9,QAUR,-0.13140616850833842,0.0
MG_L60_T0_C100,60,0.0,100.0,10,QAUR,0.00913411472417569,1.0
MG_L60_T0_C100,60,0.0,100.0,11,QAUR,0.06385616143474682,1.0
MG_L60_T0_C100,60,0.0,100.0,12,QAUR,0.052560837227365376,1.0
MG_L60_T0_C100,60,0.0,100.0,13,QAUR,0.011773371236721175,1.0
MG_L60_T0_C100,60,0.0,100.0,14,QAUR,0.14343635171576463,1.0
MG_L60_T0_C100,60,0.0,100.0,15,QAUR,0.14098113594374495,1.0
MG_L60_T0_C100,60,0.0,100.0,16,QAUR,0.19108083124406594,1.0
MG_L60_T0_C100,60,0.0,100.0,17,QAUR,0.07547837842568517,1.0
MG_L60_T0_C100,60,0.0,100.0,18,QAUR,0.015377088742984268,1.0
MG_L60_T0_C100,60,0.0,100.0,19,QAUR,-0.1484556266517265,0.0
MG_L60_T0_C100,60,0.0,100.0,20,QAUR,-0.10576721000825984,0.0
MG_L60_T0_C100,60,0.0,100.0,21,QAUR,0.01802221230977108,1.0
MG_L60_T0_C100,60,0.0,100.0,22,QAUR,0.045695793036144794,1.0
MG_L60_T0_C100,60,0.0,100.0,23,QAUR,0.06560930463147097,1.0
MG_L60_T0_C100,60,0.0,100.0,24,QAUR,0.05808539345230024,1.0
MG_L60_T0_C100,60,0.0,100.0,25,QAUR,0.0022929710281465177,1.0
MG_L60_T0_C100,60,0.0,100.0,26,QAUR,0.024302043211470004,1.0
MG_L60_T0_C100,60,0.0,100.0,27,QAUR,0.012492821869511728,1.0
MG_L60_T0_C100,60,0.0,100.0,28,QAUR,-0.012118192283429585,0.0
MG_L60_T0_C100,60,0.0,100.0,29,QAUR,-0.059353427986254315,0.0
MG_L60_T0_C100,60,0.0,100.0,30,QAUR,-0.04634569855240922,0.0
MG_L60_T0_C100,60,0.0,100.0,31,QAUR,0.023611478541563535,1.0
MG_L60_T0_C100,60,0.0,100.0,32,QAUR,0.017100137136579097,1.0
MG_L60_T0_C100,60,0.0,100.0,33,QAUR,0.049343243216861676,1.0
MG_L60_T0_C100,60,0.0,100.0,34,QAUR,0.029824684399001322,1.0
MG_L60_T0_C100,60,0.0,100.0,35,QAUR,0.0993746799889601,1.0
MG_L60_T0_C100,60,0.0,100.0,36,QAUR,0.04680595940232202,1.0
MG_L60_T0_C100,60,0.0,100.0,37,QAUR,-0.02432481152911614,0.0
MG_L60_T0_C100,60,0.0,100.0,38,QAUR,-0.03991623431387892,0.0
MG_L60_T0_C100,60,0.0,100.0,39,QAUR,-0.003979381265039494,0.0
MG_L60_T0_C100,60,0.0,100.0,40,QAUR,0.1560681571983098,1.0
MG_L60_T0_C100,60,0.0,100.0,41,QAUR,0.15726529094069086,1.0
MG_L60_T0_C100,60,0.0,100.0,42,QAUR,0.13389564290418088,1.0
MG_L60_T0_C100,60,0.0,100.0,43,QAUR,0.015247576058111667,1.0
MG_L60_T0_C100,60,0.0,100.0,44,QAUR,0.0010400148337013082,1.0
MG_L60_T0_C100,60,0.0,100.0,45,QAUR,-0.006263617009715006,0.0
MG_L60_T0_C100,60,0.0,100.0,46,QAUR,0.028880339890148043,1.0
MG_L60_T0_C100,60,0.0,100.0,47,QAUR,0.035766293744453836,1.0
MG_L60_T0_C100,60,0.0,100.0,48,QAUR,-0.010358569911252946,0.0
MG_L60_T0_C100,60,0.0,100.0,49,QAUR,-0.026107327388355417,0.0
MG_L60_T0_C100,60,0.0,100.0,50,QAUR,-0.038970061731138705,0.0
MG_L60_T0_C100,60,0.0,100.0,51,QAUR,0.013829610996279218,1.0
MG_L60_T0_C100,60,0.0,100.0,52,QAUR,-0.047304928387631784,0.0
MG_L60_T2_C0,60,0.02,0.0,0,AUR,0.06803383616675851,1.0
MG_L60_T2_C0,60,0.02,0.0,1,AUR,0.019440843270798203,0.0
MG_L60_T2_C0,60,0.02,0.0,2,AUR,-0.19002568910429685,0.0
MG_L60_T2_C0,60,0.02,0.0,3,AUR,-0.3216704677930804,0.0
MG_L60_T2_C0,60,0.02,0.0,4,AUR,-0.04503104863593155,0.0
MG_L60_T2_C0,60,0.02,0.0,5,AUR,-0.003865640024225736,0.0
MG_L60_T2_C0,60,0.02,0.0,6,AUR,0.041497030185218,1.0
MG_L60_T2_C0,60,0.02,0.0,7,AUR,-0.22760903827161738,0.0
MG_L60_T2_C0,60,0.02,0.0,8,AUR,-0.2328509526107646,0.0
MG_L60_T2_C0,60,0.02,0.0,9,AUR,-0.13140616850833842,0.0
MG_L60_T2_C0,60,0.02,0.0,10,AUR,0.00913411472417569,0.0
MG_L60_T2_C0,60,0.02,0.0,11,AUR,0.06385616143474682,1.0
MG_L60_T2_C0,60,0.02,0.0,12,AUR,0.052560837227365376,1.0
MG_L60_T2_C0,60,0.02,0.0,13,AUR,0.011773371236721175,0.0
MG_L60_T2_C0,60,0.02,0.0,14,AUR,0.14343635171576463,1.0
MG_L60_T2_C0,60,0.02,0.0,15,AUR,0.14098113594374495,1.0
MG_L60_T2_C0,60,0.02,0.0,16,AUR,0.19108083124406594,1.0
MG_L60_T2_C0,60,0.02,0.0,17,AUR,0.07547837842568517,1.0
MG_L60_T2_C0,60,0.02,0.0,18,AUR,0.015377088742984268,0.0
MG_L60_T2_C0,60,0.02,0.0,19,AUR,-0.1484556266517265,0.0
MG_L60_T2_C0,60,0.02,0.0,20,AUR,-0.10576721000825984,0.0
MG_L60_T2_C0,60,0.02,0.0,21,AUR,0.01802221230977108,0.0
MG_L60_T2_C0,60,0.02,0.0,22,AUR,0.045695793036144794,1.0
MG_L60_T2_C0,60,0.02,0.0,23,AUR,0.06560930463147097,1.0
MG_L60_T2_C0,60,0.02,0.0,24,AUR,0.05808539345230024,1.0
MG_L60_T2_C0,60,0.02,0.0,25,AUR,0.0022929710281465177,0.0
MG_L60_T2_C0,60,0.02,0.0,26,AUR,0.024302043211470004,1.0
MG_L60_T2_C0,60,0.02,0.0,27,AUR,0.012492821869511728,0.0
MG_L60_T2_C0,60,0.02,0.0,28,AUR,-0.012118192283429585,0.0
MG_L60_T2_C0,60,0.02,0.0,29,AUR,-0.059353427986254315,0.0
MG_L60_T2_C0,60,0.02,0.0,30,AUR,-0.04634569855240922,0.0
MG_L60_T2_C0,60,0.02,0.0,31,AUR,0.023611478541563535,1.0
MG_L60_T2_C0,60,0.02,0.0,32,AUR,0.017100137136579097,0.0
MG_L60_T2_C0,60,0.02,0.0,33,AUR,0.049343243216861676,1.0
MG_L60_T2_C0,60,0.02,0.0,34,AUR,0.029824684399001322,1.0
MG_L60_T2_C0,60,0.02,0.0,35,AUR,0.0993746799889601,1.0
MG_L60_T2_C0,60,0.02,0.0,36,AUR,0.04680595940232202,1.0
MG_L60_T2_C0,60,0.02,0.0,37,AUR,-0.02432481152911614,0.0
MG_L60_T2_C0,60,0.02,0.0,38,AUR,-0.03991623431387892,0.0
MG_L60_T2_C0,60,0.02,0.0,39,AUR,-0.003979381265039494,0.0
MG_L60_T2_C0,60,0.02,0.0,40,AUR,0.1560681571983098,1.0
MG_L60_T2_C0,60,0.02,0.0,41,AUR,0.15726529094069086,1.0
MG_L60_T2_C0,60,0.02,0.0,42,AUR,0.13389564290418088,1.0
MG_L60_T2_C0,60,0.02,0.0,43,AUR,0.015247576058111667,0.0
MG_L60_T2_C0,60,0.02,0.0,44,AUR,0.0010400148337013082,0.0
MG_L60_T2_C0,60,0.02,0.0,45,AUR,-0.006263617009715006,0.0
MG_L60_T2_C0,60,0.02,0.0,46,AUR,0.028880339890148043,1.0
MG_L60_T2_C0,60,0.02,0.0,47,AUR,0.035766293744453836,1.0
MG_L60_T2_C0,60,0.02,0.0,48,AUR,-0.010358569911252946,0.0
MG_L60_T2_C0,60,0.02,0.0,49,AUR,-0.026107327388355417,0.0
MG_L60_T2_C0,60,0.02,0.0,50,AUR,-0.038970061731138705,0.0
MG_L60_T2_C0,60,0.02,0.0,51,AUR,0.013829610996279218,0.0
MG_L60_T2_C0,60,0.02,0.0,52,AUR,-0.047304928387631784,0.0
MG_L60_T2_C0,60,0.02,0.0,0,QAUR,0.06803383616675851,1.0
MG_L60_T2_C0,60,0.02,0.0,1,QAUR,0.019440843270798203,0.0
MG_L60_T2_C0,60,0.02,0.0,2,QAUR,-0.19002568910429685,0.0
MG_L60_T2_C0,60,0.02,0.0,3,QAUR,-0.3216704677930804,0.0
MG_L60_T2_C0,60,0.02,0.0,4,QAUR,-0.04503104863593155,0.0
MG_L60_T2_C0,60,0.02,0.0,5,QAUR,-0.003865640024225736,0.0
MG_L60_T2_C0,60,0.02,0.0,6,QAUR,0.041497030185218,1.0
MG_L60_T2_C0,60,0.02,0.0,7,QAUR,-0.22760903827161738,0.0
MG_L60_T2_C0,60,0.02,0.0,8,QAUR,-0.2328509526107646,0.0
MG_L60_T2_C0,60,0.02,0.0,9,QAUR,-0.13140616850833842,0.0
MG_L60_T2_C0,60,0.02,0.0,10,QAUR,0.00913411472417569,0.0
MG_L60_T2_C0,60,0.02,0.0,11,QAUR,0.06385616143474682,1.0
MG_L60_T2_C0,60,0.02,0.0,12,QAUR,0.052560837227365376,1.0
MG_L60_T2_C0,60,0.02,0.0,13,QAUR,0.011773371236721175,0.0
MG_L60_T2_C0,60,0.02,0.0,14,QAUR,0.14343635171576463,1.0
MG_L60_T2_C0,60,0.02,0.0,15,QAUR,0.14098113594374495,1.0
MG_L60_T2_C0,60,0.02,0.0,16,QAUR,0.19108083124406594,1.0
MG_L60_T2_C0,60,0.02,0.0,17,QAUR,0.07547837842568517,1.0
MG_L60_T2_C0,60,0.02,0.0,18,QAUR,0.015377088742984268,0.0
MG_L60_T2_C0,60,0.02,0.0,19,QAUR,-0.1484556266517265,0.0
MG_L60_T2_C0,60,0.02,0.0,20,QAUR,-0.10576721000825984,0.0
MG_L60_T2_C0,60,0.02,0.0,21,QAUR,0.01802221230977108,0.0
MG_L60_T2_C0,60,0.02,0.0,22,QAUR,0.045695793036144794,1.0
MG_L60_T2_C0,60,0.02,0.0,23,QAUR,0.06560930463147097,1.0
MG_L60_T2_C0,60,0.02,0.0,24,QAUR,0.05808539345230024,1.0
MG_L60_T2_C0,60,0.02,0.0,25,QAUR,0.0022929710281465177,0.0
MG_L60_T2_C0,60,0.02,0.0,26,QAUR,0.024302043211470004,1.0
MG_L60_T2_C0,60,0.02,0.0,27,QAUR,0.012492821869511728,0.0
MG_L60_T2_C0,60,0.02,0.0,28,QAUR,-0.012118192283429585,0.0
MG_L60_T2_C0,60,0.02,0.0,29,QAUR,-0.059353427986254315,0.0
MG_L60_T2_C0,60,0.02,0.0,30,QAUR,-0.04634569855240922,0.0
MG_L60_T2_C0,60,0.02,0.0,31,QAUR,0.023611478541563535,1.0
MG_L60_T2_C0,60,0.02,0.0,32,QAUR,0.017100137136579097,0.0
MG_L60_T2_C0,60,0.02,0.0,33,QAUR,0.049343243216861676,1.0
MG_L60_T2_C0,60,0.02,0.0,34,QAUR,0.029824684399001322,1.0
MG_L60_T2_C0,60,0.02,0.0,35,QAUR,0.0993746799889601,1.0
MG_L60_T2_C0,60,0.02,0.0,36,QAUR,0.04680595940232202,1.0
MG_L60_T2_C0,60,0.02,0.0,37,QAUR,-0.02432481152911614,0.0
MG_L60_T2_C0,60,0.02,0.0,38,QAUR,-0.03991623431387892,0.0
MG_L60_T2_C0,60,0.02,0.0,39,QAUR,-0.003979381265039494,0.0
MG_L60_T2_C0,60,0.02,0.0,40,QAUR,0.1560681571983098,1.0
MG_L60_T2_C0,60,0.02,0.0,41,QAUR,0.15726529094069086,1.0
MG_L60_T2_C0,60,0.02,0.0,42,QAUR,0.13389564290418088,1.0
MG_L60_T2_C0,60,0.02,0.0,43,QAUR,0.015247576058111667,0.0
MG_L60_T2_C0,60,0.02,0.0,44,QAUR,0.0010400148337013082,0.0
MG_L60_T2_C0,60,0.02,0.0,45,QAUR,-0.006263617009715006,0.0
MG_L60_T2_C0,60,0.02,0.0,46,QAUR,0.028880339890148043,1.0
MG_L60_T2_C0,60,0.02,0.0,47,QAUR,0.035766293744453836,1.0
MG_L60_T2_C0,60,0.02,0.0,48,QAUR,-0.010358569911252946,0.0
MG_L60_T2_C0,60,0.02,0.0,49,QAUR,-0.026107327388355417,0.0
MG_L60_T2_C0,60,0.02,0.0,50,QAUR,-0.038970061731138705,0.0
MG_L60_T2_C0,60,0.02,0.0,51,QAUR,0.013829610996279218,0.0
MG_L60_T2_C0,60,0.02,0.0,52,QAUR,-0.047304928387631784,0.0
MG_L60_T2_C25,60,0.02,25.0,0,AUR,0.06803383616675851,1.0
MG_L60_T2_C25,60,0.02,25.0,1,AUR,0.019440843270798203,0.0
MG_L60_T2_C25,60,0.02,25.0,2,AUR,-0.19002568910429685,0.0
MG_L60_T2_C25,60,0.02,25.0,3,AUR,-0.3216704677930804,0.0
MG_L60_T2_C25,60,0.02,25.0,4,AUR,-0.04503104863593155,0.0
MG_L60_T2_C25,60,0.02,25.0,5,AUR,-0.003865640024225736,0.0
MG_L60_T2_C25,60,0.02,25.0,6,AUR,0.041497030185218,1.0
MG_L60_T2_C25,60,0.02,25.0,7,AUR,-0.22760903827161738,0.0
MG_L60_T2_C25,60,0.02,25.0,8,AUR,-0.2328509526107646,0.0
MG_L60_T2_C25,60,0.02,25.0,9,AUR,-0.13140616850833842,0.0
MG_L60_T2_C25,60,0.02,25.0,10,AUR,0.00913411472417569,0.0
MG_L60_T2_C25,60,0.02,25.0,11,AUR,0.06385616143474682,1.0
MG_L60_T2_C25,60,0.02,25.0,12,AUR,0.052560837227365376,1.0
MG_L60_T2_C25,60,0.02,25.0,13,AUR,0.011773371236721175,0.0
MG_L60_T2_C25,60,0.02,25.0,14,AUR,0.14343635171576463,1.0
MG_L60_T2_C25,60,0.02,25.0,15,AUR,0.14098113594374495,1.0
MG_L60_T2_C25,60,0.02,25.0,16,AUR,0.19108083124406594,1.0
MG_L60_T2_C25,60,0.02,25.0,17,AUR,0.07547837842568517,1.0
MG_L60_T2_C25,60,0.02,25.0,18,AUR,0.015377088742984268,0.0
MG_L60_T2_C25,60,0.02,25.0,19,AUR,-0.1484556266517265,0.0
MG_L60_T2_C25,60,0.02,25.0,20,AUR,-0.10576721000825984,0.0
MG_L60_T2_C25,60,0.02,25.0,21,AUR,0.01802221230977108,0.0
MG_L60_T2_C25,60,0.02,25.0,22,AUR,0.045695793036144794,1.0
MG_L60_T2_C25,60,0.02,25.0,23,AUR,0.06560930463147097,1.0
MG_L60_T2_C25,60,0.02,25.0,24,AUR,0.05808539345230024,1.0
MG_L60_T2_C25,60,0.02,25.0,25,AUR,0.0022929710281465177,0.0
MG_L60_T2_C25,60,0.02,25.0,26,AUR,0.024302043211470004,1.0
MG_L60_T2_C25,60,0.02,25.0,27,AUR,0.012492821869511728,0.0
MG_L60_T2_C25,60,0.02,25.0,28,AUR,-0.012118192283429585,0.0
MG_L60_T2_C25,60,0.02,25.0,29,AUR,-0.059353427986254315,0.0
MG_L60_T2_C25,60,0.02,25.0,30,AUR,-0.04634569855240922,0.0
MG_L60_T2_C25,60,0.02,25.0,31,AUR,0.023611478541563535,1.0
MG_L60_T2_C25,60,0.02,25.0,32,AUR,0.017100137136579097,0.0
MG_L60_T2_C25,60,0.02,25.0,33,AUR,0.049343243216861676,1.0
MG_L60_T2_C25,60,0.02,25.0,34,AUR,0.029824684399001322,1.0
MG_L60_T2_C25,60,0.02,25.0,35,AUR,0.0993746799889601,1.0
MG_L60_T2_C25,60,0.02,25.0,36,AUR,0.04680595940232202,1.0
MG_L60_T2_C25,60,0.02,25.0,37,AUR,-0.02432481152911614,0.0
MG_L60_T2_C25,60,0.02,25.0,38,AUR,-0.03991623431387892,0.0
MG_L60_T2_C25,60,0.02,25.0,39,AUR,-0.003979381265039494,0.0
MG_L60_T2_C25,60,0.02,25.0,40,AUR,0.1560681571983098,1.0
MG_L60_T2_C25,60,0.02,25.0,41,AUR,0.15726529094069086,1.0
MG_L60_T2_C25,60,0.02,25.0,42,AUR,0.13389564290418088,1.0
MG_L60_T2_C25,60,0.02,25.0,43,AUR,0.015247576058111667,0.0
MG_L60_T2_C25,60,0.02,25.0,44,AUR,0.0010400148337013082,0.0
MG_L60_T2_C25,60,0.02,25.0,45,AUR,-0.006263617009715006,0.0
MG_L60_T2_C25,60,0.02,25.0,46,AUR,0.028880339890148043,1.0
MG_L60_T2_C25,60,0.02,25.0,47,AUR,0.035766293744453836,1.0
MG_L60_T2_C25,60,0.02,25.0,48,AUR,-0.010358569911252946,0.0
MG_L60_T2_C25,60,0.02,25.0,49,AUR,-0.026107327388355417,0.0
MG_L60_T2_C25,60,0.02,25.0,50,AUR,-0.038970061731138705,0.0
MG_L60_T2_C25,60,0.02,25.0,51,AUR,0.013829610996279218,0.0
MG_L60_T2_C25,60,0.02,25.0,52,AUR,-0.047304928387631784,0.0
MG_L60_T2_C25,60,0.02,25.0,0,QAUR,0.06803383616675851,1.0
MG_L60_T2_C25,60,0.02,25.0,1,QAUR,0.019440843270798203,0.0
MG_L60_T2_C25,60,0.02,25.0,2,QAUR,-0.19002568910429685,0.0
MG_L60_T2_C25,60,0.02,25.0,3,QAUR,-0.3216704677930804,0.0
MG_L60_T2_C25,60,0.02,25.0,4,QAUR,-0.04503104863593155,0.0
MG_L60_T2_C25,60,0.02,25.0,5,QAUR,-0.003865640024225736,0.0
MG_L60_T2_C25,60,0.02,25.0,6,QAUR,0.041497030185218,1.0
MG_L60_T2_C25,60,0.02,25.0,7,QAUR,-0.22760903827161738,0.0
MG_L60_T2_C25,60,0.02,25.0,8,QAUR,-0.2328509526107646,0.0
MG_L60_T2_C25,60,0.02,25.0,9,QAUR,-0.13140616850833842,0.0
MG_L60_T2_C25,60,0.02,25.0,10,QAUR,0.00913411472417569,0.0
MG_L60_T2_C25,60,0.02,25.0,11,QAUR,0.06385616143474682,1.0
MG_L60_T2_C25,60,0.02,25.0,12,QAUR,0.052560837227365376,1.0
MG_L60_T2_C25,60,0.02,25.0,13,QAUR,0.011773371236721175,0.0
MG_L60_T2_C25,60,0.02,25.0,14,QAUR,0.14343635171576463,1.0
MG_L60_T2_C25,60,0.02,25.0,15,QAUR,0.14098113594374495,1.0
MG_L60_T2_C25,60,0.02,25.0,16,QAUR,0.19108083124406594,1.0
MG_L60_T2_C25,60,0.02,25.0,17,QAUR,0.07547837842568517,1.0
MG_L60_T2_C25,60,0.02,25.0,18,QAUR,0.015377088742984268,0.0
MG_L60_T2_C25,60,0.02,25.0,19,QAUR,-0.1484556266517265,0.0
MG_L60_T2_C25,60,0.02,25.0,20,QAUR,-0.10576721000825984,0.0
MG_L60_T2_C25,60,0.02,25.0,21,QAUR,0.01802221230977108,0.0
MG_L60_T2_C25,60,0.02,25.0,22,QAUR,0.045695793036144794,1.0
MG_L60_T2_C25,60,0.02,25.0,23,QAUR,0.06560930463147097,1.0
MG_L60_T2_C25,60,0.02,25.0,24,QAUR,0.05808539345230024,1.0
MG_L60_T2_C25,60,0.02,25.0,25,QAUR,0.0022929710281465177,0.0
MG_L60_T2_C25,60,0.02,25.0,26,QAUR,0.024302043211470004,1.0
MG_L60_T2_C25,60,0.02,25.0,27,QAUR,0.012492821869511728,0.0
MG_L60_T2_C25,60,0.02,25.0,28,QAUR,-0.012118192283429585,0.0
MG_L60_T2_C25,60,0.02,25.0,29,QAUR,-0.059353427986254315,0.0
MG_L60_T2_C25,60,0.02,25.0,30,QAUR,-0.04634569855240922,0.0
MG_L60_T2_C25,60,0.02,25.0,31,QAUR,0.023611478541563535,1.0
MG_L60_T2_C25,60,0.02,25.0,32,QAUR,0.017100137136579097,0.0
MG_L60_T2_C25,60,0.02,25.0,33,QAUR,0.049343243216861676,1.0
MG_L60_T2_C25,60,0.02,25.0,34,QAUR,0.029824684399001322,1.0
MG_L60_T2_C25,60,0.02,25.0,35,QAUR,0.0993746799889601,1.0
MG_L60_T2_C25,60,0.02,25.0,36,QAUR,0.04680595940232202,1.0
MG_L60_T2_C25,60,0.02,25.0,37,QAUR,-0.02432481152911614,0.0
MG_L60_T2_C25,60,0.02,25.0,38,QAUR,-0.03991623431387892,0.0
MG_L60_T2_C25,60,0.02,25.0,39,QAUR,-0.003979381265039494,0.0
MG_L60_T2_C25,60,0.02,25.0,40,QAUR,0.1560681571983098,1.0
MG_L60_T2_C25,60,0.02,25.0,41,QAUR,0.15726529094069086,1.0
MG_L60_T2_C25,60,0.02,25.0,42,QAUR,0.13389564290418088,1.0
MG_L60_T2_C25,60,0.02,25.0,43,QAUR,0.015247576058111667,0.0
MG_L60_T2_C25,60,0.02,25.0,44,QAUR,0.0010400148337013082,0.0
MG_L60_T2_C25,60,0.02,25.0,45,QAUR,-0.006263617009715006,0.0
MG_L60_T2_C25,60,0.02,25.0,46,QAUR,0.028880339890148043,1.0
MG_L60_T2_C25,60,0.02,25.0,47,QAUR,0.035766293744453836,1.0
MG_L60_T2_C25,60,0.02,25.0,48,QAUR,-0.010358569911252946,0.0
MG_L60_T2_C25,60,0.02,25.0,49,QAUR,-0.026107327388355417,0.0
MG_L60_T2_C25,60,0.02,25.0,50,QAUR,-0.038970061731138705,0.0
MG_L60_T2_C25,60,0.02,25.0,51,QAUR,0.013829610996279218,0.0
MG_L60_T2_C25,60,0.02,25.0,52,QAUR,-0.047304928387631784,0.0
MG_L60_T2_C50,60,0.02,50.0,0,AUR,0.06803383616675851,1.0
MG_L60_T2_C50,60,0.02,50.0,1,AUR,0.019440843270798203,0.0
MG_L60_T2_C50,60,0.02,50.0,2,AUR,-0.19002568910429685,0.0
MG_L60_T2_C50,60,0.02,50.0,3,AUR,-0.3216704677930804,0.0
MG_L60_T2_C50,60,0.02,50.0,4,AUR,-0.04503104863593155,0.0
MG_L60_T2_C50,60,0.02,50.0,5,AUR,-0.003865640024225736,0.0
MG_L60_T2_C50,60,0.02,50.0,6,AUR,0.041497030185218,1.0
MG_L60_T2_C50,60,0.02,50.0,7,AUR,-0.22760903827161738,0.0
MG_L60_T2_C50,60,0.02,50.0,8,AUR,-0.2328509526107646,0.0
MG_L60_T2_C50,60,0.02,50.0,9,AUR,-0.13140616850833842,0.0
MG_L60_T2_C50,60,0.02,50.0,10,AUR,0.00913411472417569,0.0
MG_L60_T2_C50,60,0.02,50.0,11,AUR,0.06385616143474682,1.0
MG_L60_T2_C50,60,0.02,50.0,12,AUR,0.052560837227365376,1.0
MG_L60_T2_C50,60,0.02,50.0,13,AUR,0.011773371236721175,0.0
MG_L60_T2_C50,60,0.02,50.0,14,AUR,0.14343635171576463,1.0
MG_L60_T2_C50,60,0.02,50.0,15,AUR,0.14098113594374495,1.0
MG_L60_T2_C50,60,0.02,50.0,16,AUR,0.19108083124406594,1.0
MG_L60_T2_C50,60,0.02,50.0,17,AUR,0.07547837842568517,1.0
MG_L60_T2_C50,60,0.02,50.0,18,AUR,0.015377088742984268,0.0
MG_L60_T2_C50,60,0.02,50.0,19,AUR,-0.1484556266517265,0.0
MG_L60_T2_C50,60,0.02,50.0,20,AUR,-0.10576721000825984,0.0
MG_L60_T2_C50,60,0.02,50.0,21,AUR,0.01802221230977108,0.0
MG_L60_T2_C50,60,0.02,50.0,22,AUR,0.045695793036144794,1.0
MG_L60_T2_C50,60,0.02,50.0,23,AUR,0.06560930463147097,1.0
MG_L60_T2_C50,60,0.02,50.0,24,AUR,0.05808539345230024,1.0
MG_L60_T2_C50,60,0.02,50.0,25,AUR,0.0022929710281465177,0.0
MG_L60_T2_C50,60,0.02,50.0,26,AUR,0.024302043211470004,1.0
MG_L60_T2_C50,60,0.02,50.0,27,AUR,0.012492821869511728,0.0
MG_L60_T2_C50,60,0.02,50.0,28,AUR,-0.012118192283429585,0.0
MG_L60_T2_C50,60,0.02,50.0,29,AUR,-0.059353427986254315,0.0
MG_L60_T2_C50,60,0.02,50.0,30,AUR,-0.04634569855240922,0.0
MG_L60_T2_C50,60,0.02,50.0,31,AUR,0.023611478541563535,1.0
MG_L60_T2_C50,60,0.02,50.0,32,AUR,0.017100137136579097,0.0
MG_L60_T2_C50,60,0.02,50.0,33,AUR,0.049343243216861676,1.0
MG_L60_T2_C50,60,0.02,50.0,34,AUR,0.029824684399001322,1.0
MG_L60_T2_C50,60,0.02,50.0,35,AUR,0.0993746799889601,1.0
MG_L60_T2_C50,60,0.02,50.0,36,AUR,0.04680595940232202,1.0
MG_L60_T2_C50,60,0.02,50.0,37,AUR,-0.02432481152911614,0.0
MG_L60_T2_C50,60,0.02,50.0,38,AUR,-0.03991623431387892,0.0
MG_L60_T2_C50,60,0.02,50.0,39,AUR,-0.003979381265039494,0.0
MG_L60_T2_C50,60,0.02,50.0,40,AUR,0.1560681571983098,1.0
MG_L60_T2_C50,60,0.02,50.0,41,AUR,0.15726529094069086,1.0
MG_L60_T2_C50,60,0.02,50.0,42,AUR,0.13389564290418088,1.0
MG_L60_T2_C50,60,0.02,50.0,43,AUR,0.015247576058111667,0.0
MG_L60_T2_C50,60,0.02,50.0,44,AUR,0.0010400148337013082,0.0
MG_L60_T2_C50,60,0.02,50.0,45,AUR,-0.006263617009715006,0.0
MG_L60_T2_C50,60,0.02,50.0,46,AUR,0.028880339890148043,1.0
MG_L60_T2_C50,60,0.02,50.0,47,AUR,0.035766293744453836,1.0
MG_L60_T2_C50,60,0.02,50.0,48,AUR,-0.010358569911252946,0.0
MG_L60_T2_C50,60,0.02,50.0,49,AUR,-0.026107327388355417,0.0
MG_L60_T2_C50,60,0.02,50.0,50,AUR,-0.038970061731138705,0.0
MG_L60_T2_C50,60,0.02,50.0,51,AUR,0.013829610996279218,0.0
MG_L60_T2_C50,60,0.02,50.0,52,AUR,-0.047304928387631784,0.0
MG_L60_T2_C50,60,0.02,50.0,0,QAUR,0.06803383616675851,1.0
MG_L60_T2_C50,60,0.02,50.0,1,QAUR,0.019440843270798203,0.0
MG_L60_T2_C50,60,0.02,50.0,2,QAUR,-0.19002568910429685,0.0
MG_L60_T2_C50,60,0.02,50.0,3,QAUR,-0.3216704677930804,0.0
MG_L60_T2_C50,60,0.02,50.0,4,QAUR,-0.04503104863593155,0.0
MG_L60_T2_C50,60,0.02,50.0,5,QAUR,-0.003865640024225736,0.0
MG_L60_T2_C50,60,0.02,50.0,6,QAUR,0.041497030185218,1.0
MG_L60_T2_C50,60,0.02,50.0,7,QAUR,-0.22760903827161738,0.0
MG_L60_T2_C50,60,0.02,50.0,8,QAUR,-0.2328509526107646,0.0
MG_L60_T2_C50,60,0.02,50.0,9,QAUR,-0.13140616850833842,0.0
MG_L60_T2_C50,60,0.02,50.0,10,QAUR,0.00913411472417569,0.0
MG_L60_T2_C50,60,0.02,50.0,11,QAUR,0.06385616143474682,1.0
MG_L60_T2_C50,60,0.02,50.0,12,QAUR,0.052560837227365376,1.0
MG_L60_T2_C50,60,0.02,50.0,13,QAUR,0.011773371236721175,0.0
MG_L60_T2_C50,60,0.02,50.0,14,QAUR,0.14343635171576463,1.0
MG_L60_T2_C50,60,0.02,50.0,15,QAUR,0.14098113594374495,1.0
MG_L60_T2_C50,60,0.02,50.0,16,QAUR,0.19108083124406594,1.0
MG_L60_T2_C50,60,0.02,50.0,17,QAUR,0.07547837842568517,1.0
MG_L60_T2_C50,60,0.02,50.0,18,QAUR,0.015377088742984268,0.0
MG_L60_T2_C50,60,0.02,50.0,19,QAUR,-0.1484556266517265,0.0
MG_L60_T2_C50,60,0.02,50.0,20,QAUR,-0.10576721000825984,0.0
MG_L60_T2_C50,60,0.02,50.0,21,QAUR,0.01802221230977108,0.0
MG_L60_T2_C50,60,0.02,50.0,22,QAUR,0.045695793036144794,1.0
MG_L60_T2_C50,60,0.02,50.0,23,QAUR,0.06560930463147097,1.0
MG_L60_T2_C50,60,0.02,50.0,24,QAUR,0.05808539345230024,1.0
MG_L60_T2_C50,60,0.02,50.0,25,QAUR,0.0022929710281465177,0.0
MG_L60_T2_C50,60,0.02,50.0,26,QAUR,0.024302043211470004,1.0
MG_L60_T2_C50,60,0.02,50.0,27,QAUR,0.012492821869511728,0.0
MG_L60_T2_C50,60,0.02,50.0,28,QAUR,-0.012118192283429585,0.0
MG_L60_T2_C50,60,0.02,50.0,29,QAUR,-0.059353427986254315,0.0
MG_L60_T2_C50,60,0.02,50.0,30,QAUR,-0.04634569855240922,0.0
MG_L60_T2_C50,60,0.02,50.0,31,QAUR,0.023611478541563535,1.0
MG_L60_T2_C50,60,0.02,50.0,32,QAUR,0.017100137136579097,0.0
MG_L60_T2_C50,60,0.02,50.0,33,QAUR,0.049343243216861676,1.0
MG_L60_T2_C50,60,0.02,50.0,34,QAUR,0.029824684399001322,1.0
MG_L60_T2_C50,60,0.02,50.0,35,QAUR,0.0993746799889601,1.0
MG_L60_T2_C50,60,0.02,50.0,36,QAUR,0.04680595940232202,1.0
MG_L60_T2_C50,60,0.02,50.0,37,QAUR,-0.02432481152911614,0.0
MG_L60_T2_C50,60,0.02,50.0,38,QAUR,-0.03991623431387892,0.0
MG_L60_T2_C50,60,0.02,50.0,39,QAUR,-0.003979381265039494,0.0
MG_L60_T2_C50,60,0.02,50.0,40,QAUR,0.1560681571983098,1.0
MG_L60_T2_C50,60,0.02,50.0,41,QAUR,0.15726529094069086,1.0
MG_L60_T2_C50,60,0.02,50.0,42,QAUR,0.13389564290418088,1.0
MG_L60_T2_C50,60,0.02,50.0,43,QAUR,0.015247576058111667,0.0
MG_L60_T2_C50,60,0.02,50.0,44,QAUR,0.0010400148337013082,0.0
MG_L60_T2_C50,60,0.02,50.0,45,QAUR,-0.006263617009715006,0.0
MG_L60_T2_C50,60,0.02,50.0,46,QAUR,0.028880339890148043,1.0
MG_L60_T2_C50,60,0.02,50.0,47,QAUR,0.035766293744453836,1.0
MG_L60_T2_C50,60,0.02,50.0,48,QAUR,-0.010358569911252946,0.0
MG_L60_T2_C50,60,0.02,50.0,49,QAUR,-0.026107327388355417,0.0
MG_L60_T2_C50,60,0.02,50.0,50,QAUR,-0.038970061731138705,0.0
MG_L60_T2_C50,60,0.02,50.0,51,QAUR,0.013829610996279218,0.0
MG_L60_T2_C50,60,0.02,50.0,52,QAUR,-0.047304928387631784,0.0
MG_L60_T2_C100,60,0.02,100.0,0,AUR,0.06803383616675851,1.0
MG_L60_T2_C100,60,0.02,100.0,1,AUR,0.019440843270798203,0.0
MG_L60_T2_C100,60,0.02,100.0,2,AUR,-0.19002568910429685,0.0
MG_L60_T2_C100,60,0.02,100.0,3,AUR,-0.3216704677930804,0.0
MG_L60_T2_C100,60,0.02,100.0,4,AUR,-0.04503104863593155,0.0
MG_L60_T2_C100,60,0.02,100.0,5,AUR,-0.003865640024225736,0.0
MG_L60_T2_C100,60,0.02,100.0,6,AUR,0.041497030185218,1.0
MG_L60_T2_C100,60,0.02,100.0,7,AUR,-0.22760903827161738,0.0
MG_L60_T2_C100,60,0.02,100.0,8,AUR,-0.2328509526107646,0.0
MG_L60_T2_C100,60,0.02,100.0,9,AUR,-0.13140616850833842,0.0
MG_L60_T2_C100,60,0.02,100.0,10,AUR,0.00913411472417569,0.0
MG_L60_T2_C100,60,0.02,100.0,11,AUR,0.06385616143474682,1.0
MG_L60_T2_C100,60,0.02,100.0,12,AUR,0.052560837227365376,1.0
MG_L60_T2_C100,60,0.02,100.0,13,AUR,0.011773371236721175,0.0
MG_L60_T2_C100,60,0.02,100.0,14,AUR,0.14343635171576463,1.0
MG_L60_T2_C100,60,0.02,100.0,15,AUR,0.14098113594374495,1.0
MG_L60_T2_C100,60,0.02,100.0,16,AUR,0.19108083124406594,1.0
MG_L60_T2_C100,60,0.02,100.0,17,AUR,0.07547837842568517,1.0
MG_L60_T2_C100,60,0.02,100.0,18,AUR,0.015377088742984268,0.0
MG_L60_T2_C100,60,0.02,100.0,19,AUR,-0.1484556266517265,0.0
MG_L60_T2_C100,60,0.02,100.0,20,AUR,-0.10576721000825984,0.0
MG_L60_T2_C100,60,0.02,100.0,21,AUR,0.01802221230977108,0.0
MG_L60_T2_C100,60,0.02,100.0,22,AUR,0.045695793036144794,1.0
MG_L60_T2_C100,60,0.02,100.0,23,AUR,0.06560930463147097,1.0
MG_L60_T2_C100,60,0.02,100.0,24,AUR,0.05808539345230024,1.0
MG_L60_T2_C100,60,0.02,100.0,25,AUR,0.0022929710281465177,0.0
MG_L60_T2_C100,60,0.02,100.0,26,AUR,0.024302043211470004,1.0
MG_L60_T2_C100,60,0.02,100.0,27,AUR,0.012492821869511728,0.0
MG_L60_T2_C100,60,0.02,100.0,28,AUR,-0.012118192283429585,0.0
MG_L60_T2_C100,60,0.02,100.0,29,AUR,-0.059353427986254315,0.0
MG_L60_T2_C100,60,0.02,100.0,30,AUR,-0.04634569855240922,0.0
MG_L60_T2_C100,60,0.02,100.0,31,AUR,0.023611478541563535,1.0
MG_L60_T2_C100,60,0.02,100.0,32,AUR,0.017100137136579097,0.0
MG_L60_T2_C100,60,0.02,100.0,33,AUR,0.049343243216861676,1.0
MG_L60_T2_C100,60,0.02,100.0,34,AUR,0.029824684399001322,1.0
MG_L60_T2_C100,60,0.02,100.0,35,AUR,0.0993746799889601,1.0
MG_L60_T2_C100,60,0.02,100.0,36,AUR,0.04680595940232202,1.0
MG_L60_T2_C100,60,0.02,100.0,37,AUR,-0.02432481152911614,0.0
MG_L60_T2_C100,60,0.02,100.0,38,AUR,-0.03991623431387892,0.0
MG_L60_T2_C100,60,0.02,100.0,39,AUR,-0.003979381265039494,0.0
MG_L60_T2_C100,60,0.02,100.0,40,AUR,0.1560681571983098,1.0
MG_L60_T2_C100,60,0.02,100.0,41,AUR,0.15726529094069086,1.0
MG_L60_T2_C100,60,0.02,100.0,42,AUR,0.13389564290418088,1.0
MG_L60_T2_C100,60,0.02,100.0,43,AUR,0.015247576058111667,0.0
MG_L60_T2_C100,60,0.02,100.0,44,AUR,0.0010400148337013082,0.0
MG_L60_T2_C100,60,0.02,100.0,45,AUR,-0.006263617009715006,0.0
MG_L60_T2_C100,60,0.02,100.0,46,AUR,0.028880339890148043,1.0
MG_L60_T2_C100,60,0.02,100.0,47,AUR,0.035766293744453836,1.0
MG_L60_T2_C100,60,0.02,100.0,48,AUR,-0.010358569911252946,0.0
MG_L60_T2_C100,60,0.02,100.0,49,AUR,-0.026107327388355417,0.0
MG_L60_T2_C100,60,0.02,100.0,50,AUR,-0.038970061731138705,0.0
MG_L60_T2_C100,60,0.02,100.0,51,AUR,0.013829610996279218,0.0
MG_L60_T2_C100,60,0.02,100.0,52,AUR,-0.047304928387631784,0.0
MG_L60_T2_C100,60,0.02,100.0,0,QAUR,0.06803383616675851,1.0
MG_L60_T2_C100,60,0.02,100.0,1,QAUR,0.019440843270798203,0.0
MG_L60_T2_C100,60,0.02,100.0,2,QAUR,-0.19002568910429685,0.0
MG_L60_T2_C100,60,0.02,100.0,3,QAUR,-0.3216704677930804,0.0
MG_L60_T2_C100,60,0.02,100.0,4,QAUR,-0.04503104863593155,0.0
MG_L60_T2_C100,60,0.02,100.0,5,QAUR,-0.003865640024225736,0.0
MG_L60_T2_C100,60,0.02,100.0,6,QAUR,0.041497030185218,1.0
MG_L60_T2_C100,60,0.02,100.0,7,QAUR,-0.22760903827161738,0.0
MG_L60_T2_C100,60,0.02,100.0,8,QAUR,-0.2328509526107646,0.0
MG_L60_T2_C100,60,0.02,100.0,9,QAUR,-0.13140616850833842,0.0
MG_L60_T2_C100,60,0.02,100.0,10,QAUR,0.00913411472417569,0.0
MG_L60_T2_C100,60,0.02,100.0,11,QAUR,0.06385616143474682,1.0
MG_L60_T2_C100,60,0.02,100.0,12,QAUR,0.052560837227365376,1.0
MG_L60_T2_C100,60,0.02,100.0,13,QAUR,0.011773371236721175,0.0
MG_L60_T2_C100,60,0.02,100.0,14,QAUR,0.14343635171576463,1.0
MG_L60_T2_C100,60,0.02,100.0,15,QAUR,0.14098113594374495,1.0
MG_L60_T2_C100,60,0.02,100.0,16,QAUR,0.19108083124406594,1.0
MG_L60_T2_C100,60,0.02,100.0,17,QAUR,0.07547837842568517,1.0
MG_L60_T2_C100,60,0.02,100.0,18,QAUR,0.015377088742984268,0.0
MG_L60_T2_C100,60,0.02,100.0,19,QAUR,-0.1484556266517265,0.0
MG_L60_T2_C100,60,0.02,100.0,20,QAUR,-0.10576721000825984,0.0
MG_L60_T2_C100,60,0.02,100.0,21,QAUR,0.01802221230977108,0.0
MG_L60_T2_C100,60,0.02,100.0,22,QAUR,0.045695793036144794,1.0
MG_L60_T2_C100,60,0.02,100.0,23,QAUR,0.06560930463147097,1.0
MG_L60_T2_C100,60,0.02,100.0,24,QAUR,0.05808539345230024,1.0
MG_L60_T2_C100,60,0.02,100.0,25,QAUR,0.0022929710281465177,0.0
MG_L60_T2_C100,60,0.02,100.0,26,QAUR,0.024302043211470004,1.0
MG_L60_T2_C100,60,0.02,100.0,27,QAUR,0.012492821869511728,0.0
MG_L60_T2_C100,60,0.02,100.0,28,QAUR,-0.012118192283429585,0.0
MG_L60_T2_C100,60,0.02,100.0,29,QAUR,-0.059353427986254315,0.0
MG_L60_T2_C100,60,0.02,100.0,30,QAUR,-0.04634569855240922,0.0
MG_L60_T2_C100,60,0.02,100.0,31,QAUR,0.023611478541563535,1.0
MG_L60_T2_C100,60,0.02,100.0,32,QAUR,0.017100137136579097,0.0
MG_L60_T2_C100,60,0.02,100.0,33,QAUR,0.049343243216861676,1.0
MG_L60_T2_C100,60,0.02,100.0,34,QAUR,0.029824684399001322,1.0
MG_L60_T2_C100,60,0.02,100.0,35,QAUR,0.0993746799889601,1.0
MG_L60_T2_C100,60,0.02,100.0,36,QAUR,0.04680595940232202,1.0
MG_L60_T2_C100,60,0.02,100.0,37,QAUR,-0.02432481152911614,0.0
MG_L60_T2_C100,60,0.02,100.0,38,QAUR,-0.03991623431387892,0.0
MG_L60_T2_C100,60,0.02,100.0,39,QAUR,-0.003979381265039494,0.0
MG_L60_T2_C100,60,0.02,100.0,40,QAUR,0.1560681571983098,1.0
MG_L60_T2_C100,60,0.02,100.0,41,QAUR,0.15726529094069086,1.0
MG_L60_T2_C100,60,0.02,100.0,42,QAUR,0.13389564290418088,1.0
MG_L60_T2_C100,60,0.02,100.0,43,QAUR,0.015247576058111667,0.0
MG_L60_T2_C100,60,0.02,100.0,44,QAUR,0.0010400148337013082,0.0
MG_L60_T2_C100,60,0.02,100.0,45,QAUR,-0.006263617009715006,0.0
MG_L60_T2_C100,60,0.02,100.0,46,QAUR,0.028880339890148043,1.0
MG_L60_T2_C100,60,0.02,100.0,47,QAUR,0.035766293744453836,1.0
MG_L60_T2_C100,60,0.02,100.0,48,QAUR,-0.010358569911252946,0.0
MG_L60_T2_C100,60,0.02,100.0,49,QAUR,-0.026107327388355417,0.0
MG_L60_T2_C100,60,0.02,100.0,50,QAUR,-0.038970061731138705,0.0
MG_L60_T2_C100,60,0.02,100.0,51,QAUR,0.013829610996279218,0.0
MG_L60_T2_C100,60,0.02,100.0,52,QAUR,-0.047304928387631784,0.0
MG_L90_T-2_C0,90,-0.02,0.0,0,AUR,0.12852746869151344,1.0
MG_L90_T-2_C0,90,-0.02,0.0,1,AUR,-0.03792597534472952,0.0
MG_L90_T-2_C0,90,-0.02,0.0,2,AUR,-0.14399612708578202,0.0
MG_L90_T-2_C0,90,-0.02,0.0,3,AUR,-0.2624577938744469,0.0
MG_L90_T-2_C0,90,-0.02,0.0,4,AUR,-0.26849793560608504,0.0
MG_L90_T-2_C0,90,-0.02,0.0,5,AUR,-0.015584272226095597,1.0
MG_L90_T-2_C0,90,-0.02,0.0,6,AUR,-0.09580297046256836,0.0
MG_L90_T-2_C0,90,-0.02,0.0,7,AUR,-0.13052044535376062,0.0
MG_L90_T-2_C0,90,-0.02,0.0,8,AUR,-0.1983909478086936,0.0
MG_L90_T-2_C0,90,-0.02,0.0,9,AUR,-0.2902638432798621,0.0
MG_L90_T-2_C0,90,-0.02,0.0,10,AUR,-0.19350039116374051,0.0
MG_L90_T-2_C0,90,-0.02,0.0,11,AUR,-0.08641887991651331,0.0
MG_L90_T-2_C0,90,-0.02,0.0,12,AUR,0.1721170893258981,1.0
MG_L90_T-2_C0,90,-0.02,0.0,13,AUR,0.02185901123296885,1.0
MG_L90_T-2_C0,90,-0.02,0.0,14,AUR,0.18789184993131558,1.0
MG_L90_T-2_C0,90,-0.02,0.0,15,AUR,0.1284998625335383,1.0
MG_L90_T-2_C0,90,-0.02,0.0,16,AUR,0.24238337410952226,1.0
MG_L90_T-2_C0,90,-0.02,0.0,17,AUR,0.24378344448279798,1.0
MG_L90_T-2_C0,90,-0.02,0.0,18,AUR,0.11034856195542675,1.0
MG_L90_T-2_C0,90,-0.02,0.0,19,AUR,-0.08739814717448224,0.0
MG_L90_T-2_C0,90,-0.02,0.0,20,AUR,-0.04694385650316368,0.0
MG_L90_T-2_C0,90,-0.02,0.0,21,AUR,-0.012470241842726493,1.0
MG_L90_T-2_C0,90,-0.02,0.0,22,AUR,-0.003223191045852336,1.0
MG_L90_T-2_C0,90,-0.02,0.0,23,AUR,0.07549876291684621,1.0
MG_L90_T-2_C0,90,-0.02,0.0,24,AUR,0.09967208522157822,1.0
MG_L90_T-2_C0,90,-0.02,0.0,25,AUR,0.014702883867814931,1.0
MG_L90_T-2_C0,90,-0.02,0.0,26,AUR,0.07399608779107991,1.0
MG_L90_T-2_C0,90,-0.02,0.0,27,AUR,0.05502964976551894,1.0
MG_L90_T-2_C0,90,-0.02,0.0,28,AUR,-0.03687299059699756,0.0
MG_L90_T-2_C0,90,-0.02,0.0,29,AUR,0.03954029961750405,1.0
MG_L90_T-2_C0,90,-0.02,0.0,30,AUR,-0.02203496038721775,0.0
MG_L90_T-2_C0,90,-0.02,0.0,31,AUR,-0.0550720881791702,0.0
MG_L90_T-2_C0,90,-0.02,0.0,32,AUR,-0.005581423570451438,1.0
MG_L90_T-2_C0,90,-0.02,0.0,33,AUR,0.039289436373036946,1.0
MG_L90_T-2_C0,90,-0.02,0.0,34,AUR,0.038092675900049056,1.0
MG_L90_T-2_C0,90,-0.02,0.0,35,AUR,0.10662948906282765,1.0
MG_L90_T-2_C0,90,-0.02,0.0,36,AUR,0.09654294734664592,1.0
MG_L90_T-2_C0,90,-0.02,0.0,37,AUR,-0.013026219227120661,1.0
MG_L90_T-2_C0,90,-0.02,0.0,38,AUR,0.0416890477604015,1.0
MG_L90_T-2_C0,90,-0.02,0.0,39,AUR,-0.0009452728980264835,1.0
MG_L90_T-2_C0,90,-0.02,0.0,40,AUR,0.08650368709874723,1.0
MG_L90_T-2_C0,90,-0.02,0.0,41,AUR,0.27232168244327326,1.0
MG_L90_T-2_C0,90,-0.02,0.0,42,AUR,0.18770508315327405,1.0
MG_L90_T-2_C0,90,-0.02,0.0,43,AUR,0.13917324071655668,1.0
MG_L90_T-2_C0,90,-0.02,0.0,44,AUR,0.0543391009361307,1.0
MG_L90_T-2_C0,90,-0.02,0.0,45,AUR,0.033799729550131996,1.0
MG_L90_T-2_C0,90,-0.02,0.0,46,AUR,-0.0025041995816851292,1.0
MG_L90_T-2_C0,90,-0.02,0.0,47,AUR,0.022841523173750877,1.0
MG_L90_T-2_C0,90,-0.02,0.0,48,AUR,-0.006660407445653549,1.0
MG_L90_T-2_C0,90,-0.02,0.0,49,AUR,-0.013895896846497169,1.0
MG_L90_T-2_C0,90,-0.02,0.0,50,AUR,-0.018349148791214853,1.0
MG_L90_T-2_C0,90,-0.02,0.0,51,AUR,-0.03043057259287052,0.0
MG_L90_T-2_C0,90,-0.02,0.0,52,AUR,-0.01670928858737908,1.0
MG_L90_T-2_C0,90,-0.02,0.0,0,QAUR,0.12852746869151344,1.0
MG_L90_T-2_C0,90,-0.02,0.0,1,QAUR,-0.03792597534472952,0.0
MG_L90_T-2_C0,90,-0.02,0.0,2,QAUR,-0.14399612708578202,0.0
MG_L90_T-2_C0,90,-0.02,0.0,3,QAUR,-0.2624577938744469,0.0
MG_L90_T-2_C0,90,-0.02,0.0,4,QAUR,-0.26849793560608504,0.0
MG_L90_T-2_C0,90,-0.02,0.0,5,QAUR,-0.015584272226095597,1.0
MG_L90_T-2_C0,90,-0.02,0.0,6,QAUR,-0.09580297046256836,0.0
MG_L90_T-2_C0,90,-0.02,0.0,7,QAUR,-0.13052044535376062,0.0
MG_L90_T-2_C0,90,-0.02,0.0,8,QAUR,-0.1983909478086936,0.0
MG_L90_T-2_C0,90,-0.02,0.0,9,QAUR,-0.2902638432798621,0.0
MG_L90_T-2_C0,90,-0.02,0.0,10,QAUR,-0.19350039116374051,0.0
MG_L90_T-2_C0,90,-0.02,0.0,11,QAUR,-0.08641887991651331,0.0
MG_L90_T-2_C0,90,-0.02,0.0,12,QAUR,0.1721170893258981,1.0
MG_L90_T-2_C0,90,-0.02,0.0,13,QAUR,0.02185901123296885,1.0
MG_L90_T-2_C0,90,-0.02,0.0,14,QAUR,0.18789184993131558,1.0
MG_L90_T-2_C0,90,-0.02,0.0,15,QAUR,0.1284998625335383,1.0
MG_L90_T-2_C0,90,-0.02,0.0,16,QAUR,0.24238337410952226,1.0
MG_L90_T-2_C0,90,-0.02,0.0,17,QAUR,0.24378344448279798,1.0
MG_L90_T-2_C0,90,-0.02,0.0,18,QAUR,0.11034856195542675,1.0
MG_L90_T-2_C0,90,-0.02,0.0,19,QAUR,-0.08739814717448224,0.0
MG_L90_T-2_C0,90,-0.02,0.0,20,QAUR,-0.04694385650316368,0.0
MG_L90_T-2_C0,90,-0.02,0.0,21,QAUR,-0.012470241842726493,1.0
MG_L90_T-2_C0,90,-0.02,0.0,22,QAUR,-0.003223191045852336,1.0
MG_L90_T-2_C0,90,-0.02,0.0,23,QAUR,0.07549876291684621,1.0
MG_L90_T-2_C0,90,-0.02,0.0,24,QAUR,0.09967208522157822,1.0
MG_L90_T-2_C0,90,-0.02,0.0,25,QAUR,0.014702883867814931,1.0
MG_L90_T-2_C0,90,-0.02,0.0,26,QAUR,0.07399608779107991,1.0
MG_L90_T-2_C0,90,-0.02,0.0,27,QAUR,0.05502964976551894,1.0
MG_L90_T-2_C0,90,-0.02,0.0,28,QAUR,-0.03687299059699756,0.0
MG_L90_T-2_C0,90,-0.02,0.0,29,QAUR,0.03954029961750405,1.0
MG_L90_T-2_C0,90,-0.02,0.0,30,QAUR,-0.02203496038721775,0.0
MG_L90_T-2_C0,90,-0.02,0.0,31,QAUR,-0.0550720881791702,0.0
MG_L90_T-2_C0,90,-0.02,0.0,32,QAUR,-0.005581423570451438,1.0
MG_L90_T-2_C0,90,-0.02,0.0,33,QAUR,0.039289436373036946,1.0
MG_L90_T-2_C0,90,-0.02,0.0,34,QAUR,0.038092675900049056,1.0
MG_L90_T-2_C0,90,-0.02,0.0,35,QAUR,0.10662948906282765,1.0
MG_L90_T-2_C0,90,-0.02,0.0,36,QAUR,0.09654294734664592,1.0
MG_L90_T-2_C0,90,-0.02,0.0,37,QAUR,-0.013026219227120661,1.0
MG_L90_T-2_C0,90,-0.02,0.0,38,QAUR,0.0416890477604015,1.0
MG_L90_T-2_C0,90,-0.02,0.0,39,QAUR,-0.0009452728980264835,1.0
MG_L90_T-2_C0,90,-0.02,0.0,40,QAUR,0.08650368709874723,1.0
MG_L90_T-2_C0,90,-0.02,0.0,41,QAUR,0.27232168244327326,1.0
MG_L90_T-2_C0,90,-0.02,0.0,42,QAUR,0.18770508315327405,1.0
MG_L90_T-2_C0,90,-0.02,0.0,43,QAUR,0.13917324071655668,1.0
MG_L90_T-2_C0,90,-0.02,0.0,44,QAUR,0.0543391009361307,1.0
MG_L90_T-2_C0,90,-0.02,0.0,45,QAUR,0.033799729550131996,1.0
MG_L90_T-2_C0,90,-0.02,0.0,46,QAUR,-0.0025041995816851292,1.0
MG_L90_T-2_C0,90,-0.02,0.0,47,QAUR,0.022841523173750877,1.0
MG_L90_T-2_C0,90,-0.02,0.0,48,QAUR,-0.006660407445653549,1.0
MG_L90_T-2_C0,90,-0.02,0.0,49,QAUR,-0.013895896846497169,1.0
MG_L90_T-2_C0,90,-0.02,0.0,50,QAUR,-0.018349148791214853,1.0
MG_L90_T-2_C0,90,-0.02,0.0,51,QAUR,-0.03043057259287052,0.0
MG_L90_T-2_C0,90,-0.02,0.0,52,QAUR,-0.01670928858737908,1.0
MG_L90_T-2_C25,90,-0.02,25.0,0,AUR,0.12852746869151344,1.0
MG_L90_T-2_C25,90,-0.02,25.0,1,AUR,-0.03792597534472952,0.0
MG_L90_T-2_C25,90,-0.02,25.0,2,AUR,-0.14399612708578202,0.0
MG_L90_T-2_C25,90,-0.02,25.0,3,AUR,-0.2624577938744469,0.0
MG_L90_T-2_C25,90,-0.02,25.0,4,AUR,-0.26849793560608504,0.0
MG_L90_T-2_C25,90,-0.02,25.0,5,AUR,-0.015584272226095597,1.0
MG_L90_T-2_C25,90,-0.02,25.0,6,AUR,-0.09580297046256836,0.0
MG_L90_T-2_C25,90,-0.02,25.0,7,AUR,-0.13052044535376062,0.0
MG_L90_T-2_C25,90,-0.02,25.0,8,AUR,-0.1983909478086936,0.0
MG_L90_T-2_C25,90,-0.02,25.0,9,AUR,-0.2902638432798621,0.0
MG_L90_T-2_C25,90,-0.02,25.0,10,AUR,-0.19350039116374051,0.0
MG_L90_T-2_C25,90,-0.02,25.0,11,AUR,-0.08641887991651331,0.0
MG_L90_T-2_C25,90,-0.02,25.0,12,AUR,0.1721170893258981,1.0
MG_L90_T-2_C25,90,-0.02,25.0,13,AUR,0.02185901123296885,1.0
MG_L90_T-2_C25,90,-0.02,25.0,14,AUR,0.18789184993131558,1.0
MG_L90_T-2_C25,90,-0.02,25.0,15,AUR,0.1284998625335383,1.0
MG_L90_T-2_C25,90,-0.02,25.0,16,AUR,0.24238337410952226,1.0
MG_L90_T-2_C25,90,-0.02,25.0,17,AUR,0.24378344448279798,1.0
MG_L90_T-2_C25,90,-0.02,25.0,18,AUR,0.11034856195542675,1.0
MG_L90_T-2_C25,90,-0.02,25.0,19,AUR,-0.08739814717448224,0.0
MG_L90_T-2_C25,90,-0.02,25.0,20,AUR,-0.04694385650316368,0.0
MG_L90_T-2_C25,90,-0.02,25.0,21,AUR,-0.012470241842726493,1.0
MG_L90_T-2_C25,90,-0.02,25.0,22,AUR,-0.003223191045852336,1.0
MG_L90_T-2_C25,90,-0.02,25.0,23,AUR,0.07549876291684621,1.0
MG_L90_T-2_C25,90,-0.02,25.0,24,AUR,0.09967208522157822,1.0
MG_L90_T-2_C25,90,-0.02,25.0,25,AUR,0.014702883867814931,1.0
MG_L90_T-2_C25,90,-0.02,25.0,26,AUR,0.07399608779107991,1.0
MG_L90_T-2_C25,90,-0.02,25.0,27,AUR,0.05502964976551894,1.0
MG_L90_T-2_C25,90,-0.02,25.0,28,AUR,-0.03687299059699756,0.0
MG_L90_T-2_C25,90,-0.02,25.0,29,AUR,0.03954029961750405,1.0
MG_L90_T-2_C25,90,-0.02,25.0,30,AUR,-0.02203496038721775,0.0
MG_L90_T-2_C25,90,-0.02,25.0,31,AUR,-0.0550720881791702,0.0
MG_L90_T-2_C25,90,-0.02,25.0,32,AUR,-0.005581423570451438,1.0
MG_L90_T-2_C25,90,-0.02,25.0,33,AUR,0.039289436373036946,1.0
MG_L90_T-2_C25,90,-0.02,25.0,34,AUR,0.038092675900049056,1.0
MG_L90_T-2_C25,90,-0.02,25.0,35,AUR,0.10662948906282765,1.0
MG_L90_T-2_C25,90,-0.02,25.0,36,AUR,0.09654294734664592,1.0
MG_L90_T-2_C25,90,-0.02,25.0,37,AUR,-0.013026219227120661,1.0
MG_L90_T-2_C25,90,-0.02,25.0,38,AUR,0.0416890477604015,1.0
MG_L90_T-2_C25,90,-0.02,25.0,39,AUR,-0.0009452728980264835,1.0
MG_L90_T-2_C25,90,-0.02,25.0,40,AUR,0.08650368709874723,1.0
MG_L90_T-2_C25,90,-0.02,25.0,41,AUR,0.27232168244327326,1.0
MG_L90_T-2_C25,90,-0.02,25.0,42,AUR,0.18770508315327405,1.0
MG_L90_T-2_C25,90,-0.02,25.0,43,AUR,0.13917324071655668,1.0
MG_L90_T-2_C25,90,-0.02,25.0,44,AUR,0.0543391009361307,1.0
MG_L90_T-2_C25,90,-0.02,25.0,45,AUR,0.033799729550131996,1.0
MG_L90_T-2_C25,90,-0.02,25.0,46,AUR,-0.0025041995816851292,1.0
MG_L90_T-2_C25,90,-0.02,25.0,47,AUR,0.022841523173750877,1.0
MG_L90_T-2_C25,90,-0.02,25.0,48,AUR,-0.006660407445653549,1.0
MG_L90_T-2_C25,90,-0.02,25.0,49,AUR,-0.013895896846497169,1.0
MG_L90_T-2_C25,90,-0.02,25.0,50,AUR,-0.018349148791214853,1.0
MG_L90_T-2_C25,90,-0.02,25.0,51,AUR,-0.03043057259287052,0.0
MG_L90_T-2_C25,90,-0.02,25.0,52,AUR,-0.01670928858737908,1.0
MG_L90_T-2_C25,90,-0.02,25.0,0,QAUR,0.12852746869151344,1.0
MG_L90_T-2_C25,90,-0.02,25.0,1,QAUR,-0.03792597534472952,0.0
MG_L90_T-2_C25,90,-0.02,25.0,2,QAUR,-0.14399612708578202,0.0
MG_L90_T-2_C25,90,-0.02,25.0,3,QAUR,-0.2624577938744469,0.0
MG_L90_T-2_C25,90,-0.02,25.0,4,QAUR,-0.26849793560608504,0.0
MG_L90_T-2_C25,90,-0.02,25.0,5,QAUR,-0.015584272226095597,1.0
MG_L90_T-2_C25,90,-0.02,25.0,6,QAUR,-0.09580297046256836,0.0
MG_L90_T-2_C25,90,-0.02,25.0,7,QAUR,-0.13052044535376062,0.0
MG_L90_T-2_C25,90,-0.02,25.0,8,QAUR,-0.1983909478086936,0.0
MG_L90_T-2_C25,90,-0.02,25.0,9,QAUR,-0.2902638432798621,0.0
MG_L90_T-2_C25,90,-0.02,25.0,10,QAUR,-0.19350039116374051,0.0
MG_L90_T-2_C25,90,-0.02,25.0,11,QAUR,-0.08641887991651331,0.0
MG_L90_T-2_C25,90,-0.02,25.0,12,QAUR,0.1721170893258981,1.0
MG_L90_T-2_C25,90,-0.02,25.0,13,QAUR,0.02185901123296885,1.0
MG_L90_T-2_C25,90,-0.02,25.0,14,QAUR,0.18789184993131558,1.0
MG_L90_T-2_C25,90,-0.02,25.0,15,QAUR,0.1284998625335383,1.0
MG_L90_T-2_C25,90,-0.02,25.0,16,QAUR,0.24238337410952226,1.0
MG_L90_T-2_C25,90,-0.02,25.0,17,QAUR,0.24378344448279798,1.0
MG_L90_T-2_C25,90,-0.02,25.0,18,QAUR,0.11034856195542675,1.0
MG_L90_T-2_C25,90,-0.02,25.0,19,QAUR,-0.08739814717448224,0.0
MG_L90_T-2_C25,90,-0.02,25.0,20,QAUR,-0.04694385650316368,0.0
MG_L90_T-2_C25,90,-0.02,25.0,21,QAUR,-0.012470241842726493,1.0
MG_L90_T-2_C25,90,-0.02,25.0,22,QAUR,-0.003223191045852336,1.0
MG_L90_T-2_C25,90,-0.02,25.0,23,QAUR,0.07549876291684621,1.0
MG_L90_T-2_C25,90,-0.02,25.0,24,QAUR,0.09967208522157822,1.0
MG_L90_T-2_C25,90,-0.02,25.0,25,QAUR,0.014702883867814931,1.0
MG_L90_T-2_C25,90,-0.02,25.0,26,QAUR,0.07399608779107991,1.0
MG_L90_T-2_C25,90,-0.02,25.0,27,QAUR,0.05502964976551894,1.0
MG_L90_T-2_C25,90,-0.02,25.0,28,QAUR,-0.03687299059699756,0.0
MG_L90_T-2_C25,90,-0.02,25.0,29,QAUR,0.03954029961750405,1.0
MG_L90_T-2_C25,90,-0.02,25.0,30,QAUR,-0.02203496038721775,0.0
MG_L90_T-2_C25,90,-0.02,25.0,31,QAUR,-0.0550720881791702,0.0
MG_L90_T-2_C25,90,-0.02,25.0,32,QAUR,-0.005581423570451438,1.0
MG_L90_T-2_C25,90,-0.02,25.0,33,QAUR,0.039289436373036946,1.0
MG_L90_T-2_C25,90,-0.02,25.0,34,QAUR,0.038092675900049056,1.0
MG_L90_T-2_C25,90,-0.02,25.0,35,QAUR,0.10662948906282765,1.0
MG_L90_T-2_C25,90,-0.02,25.0,36,QAUR,0.09654294734664592,1.0
MG_L90_T-2_C25,90,-0.02,25.0,37,QAUR,-0.013026219227120661,1.0
MG_L90_T-2_C25,90,-0.02,25.0,38,QAUR,0.0416890477604015,1.0
MG_L90_T-2_C25,90,-0.02,25.0,39,QAUR,-0.0009452728980264835,1.0
MG_L90_T-2_C25,90,-0.02,25.0,40,QAUR,0.08650368709874723,1.0
MG_L90_T-2_C25,90,-0.02,25.0,41,QAUR,0.27232168244327326,1.0
MG_L90_T-2_C25,90,-0.02,25.0,42,QAUR,0.18770508315327405,1.0
MG_L90_T-2_C25,90,-0.02,25.0,43,QAUR,0.13917324071655668,1.0
MG_L90_T-2_C25,90,-0.02,25.0,44,QAUR,0.0543391009361307,1.0
MG_L90_T-2_C25,90,-0.02,25.0,45,QAUR,0.033799729550131996,1.0
MG_L90_T-2_C25,90,-0.02,25.0,46,QAUR,-0.0025041995816851292,1.0
MG_L90_T-2_C25,90,-0.02,25.0,47,QAUR,0.022841523173750877,1.0
MG_L90_T-2_C25,90,-0.02,25.0,48,QAUR,-0.006660407445653549,1.0
MG_L90_T-2_C25,90,-0.02,25.0,49,QAUR,-0.013895896846497169,1.0
MG_L90_T-2_C25,90,-0.02,25.0,50,QAUR,-0.018349148791214853,1.0
MG_L90_T-2_C25,90,-0.02,25.0,51,QAUR,-0.03043057259287052,0.0
MG_L90_T-2_C25,90,-0.02,25.0,52,QAUR,-0.01670928858737908,1.0
MG_L90_T-2_C50,90,-0.02,50.0,0,AUR,0.12852746869151344,1.0
MG_L90_T-2_C50,90,-0.02,50.0,1,AUR,-0.03792597534472952,0.0
MG_L90_T-2_C50,90,-0.02,50.0,2,AUR,-0.14399612708578202,0.0
MG_L90_T-2_C50,90,-0.02,50.0,3,AUR,-0.2624577938744469,0.0
MG_L90_T-2_C50,90,-0.02,50.0,4,AUR,-0.26849793560608504,0.0
MG_L90_T-2_C50,90,-0.02,50.0,5,AUR,-0.015584272226095597,1.0
MG_L90_T-2_C50,90,-0.02,50.0,6,AUR,-0.09580297046256836,0.0
MG_L90_T-2_C50,90,-0.02,50.0,7,AUR,-0.13052044535376062,0.0
MG_L90_T-2_C50,90,-0.02,50.0,8,AUR,-0.1983909478086936,0.0
MG_L90_T-2_C50,90,-0.02,50.0,9,AUR,-0.2902638432798621,0.0
MG_L90_T-2_C50,90,-0.02,50.0,10,AUR,-0.19350039116374051,0.0
MG_L90_T-2_C50,90,-0.02,50.0,11,AUR,-0.08641887991651331,0.0
MG_L90_T-2_C50,90,-0.02,50.0,12,AUR,0.1721170893258981,1.0
MG_L90_T-2_C50,90,-0.02,50.0,13,AUR,0.02185901123296885,1.0
MG_L90_T-2_C50,90,-0.02,50.0,14,AUR,0.18789184993131558,1.0
MG_L90_T-2_C50,90,-0.02,50.0,15,AUR,0.1284998625335383,1.0
MG_L90_T-2_C50,90,-0.02,50.0,16,AUR,0.24238337410952226,1.0
MG_L90_T-2_C50,90,-0.02,50.0,17,AUR,0.24378344448279798,1.0
MG_L90_T-2_C50,90,-0.02,50.0,18,AUR,0.11034856195542675,1.0
MG_L90_T-2_C50,90,-0.02,50.0,19,AUR,-0.08739814717448224,0.0
MG_L90_T-2_C50,90,-0.02,50.0,20,AUR,-0.04694385650316368,0.0
MG_L90_T-2_C50,90,-0.02,50.0,21,AUR,-0.012470241842726493,1.0
MG_L90_T-2_C50,90,-0.02,50.0,22,AUR,-0.003223191045852336,1.0
MG_L90_T-2_C50,90,-0.02,50.0,23,AUR,0.07549876291684621,1.0
MG_L90_T-2_C50,90,-0.02,50.0,24,AUR,0.09967208522157822,1.0
MG_L90_T-2_C50,90,-0.02,50.0,25,AUR,0.014702883867814931,1.0
MG_L90_T-2_C50,90,-0.02,50.0,26,AUR,0.07399608779107991,1.0
MG_L90_T-2_C50,90,-0.02,50.0,27,AUR,0.05502964976551894,1.0
MG_L90_T-2_C50,90,-0.02,50.0,28,AUR,-0.03687299059699756,0.0
MG_L90_T-2_C50,90,-0.02,50.0,29,AUR,0.03954029961750405,1.0
MG_L90_T-2_C50,90,-0.02,50.0,30,AUR,-0.02203496038721775,0.0
MG_L90_T-2_C50,90,-0.02,50.0,31,AUR,-0.0550720881791702,0.0
MG_L90_T-2_C50,90,-0.02,50.0,32,AUR,-0.005581423570451438,1.0
MG_L90_T-2_C50,90,-0.02,50.0,33,AUR,0.039289436373036946,1.0
MG_L90_T-2_C50,90,-0.02,50.0,34,AUR,0.038092675900049056,1.0
MG_L90_T-2_C50,90,-0.02,50.0,35,AUR,0.10662948906282765,1.0
MG_L90_T-2_C50,90,-0.02,50.0,36,AUR,0.09654294734664592,1.0
MG_L90_T-2_C50,90,-0.02,50.0,37,AUR,-0.013026219227120661,1.0
MG_L90_T-2_C50,90,-0.02,50.0,38,AUR,0.0416890477604015,1.0
MG_L90_T-2_C50,90,-0.02,50.0,39,AUR,-0.0009452728980264835,1.0
MG_L90_T-2_C50,90,-0.02,50.0,40,AUR,0.08650368709874723,1.0
MG_L90_T-2_C50,90,-0.02,50.0,41,AUR,0.27232168244327326,1.0
MG_L90_T-2_C50,90,-0.02,50.0,42,AUR,0.18770508315327405,1.0
MG_L90_T-2_C50,90,-0.02,50.0,43,AUR,0.13917324071655668,1.0
MG_L90_T-2_C50,90,-0.02,50.0,44,AUR,0.0543391009361307,1.0
MG_L90_T-2_C50,90,-0.02,50.0,45,AUR,0.033799729550131996,1.0
MG_L90_T-2_C50,90,-0.02,50.0,46,AUR,-0.0025041995816851292,1.0
MG_L90_T-2_C50,90,-0.02,50.0,47,AUR,0.022841523173750877,1.0
MG_L90_T-2_C50,90,-0.02,50.0,48,AUR,-0.006660407445653549,1.0
MG_L90_T-2_C50,90,-0.02,50.0,49,AUR,-0.013895896846497169,1.0
MG_L90_T-2_C50,90,-0.02,50.0,50,AUR,-0.018349148791214853,1.0
MG_L90_T-2_C50,90,-0.02,50.0,51,AUR,-0.03043057259287052,0.0
MG_L90_T-2_C50,90,-0.02,50.0,52,AUR,-0.01670928858737908,1.0
MG_L90_T-2_C50,90,-0.02,50.0,0,QAUR,0.12852746869151344,1.0
MG_L90_T-2_C50,90,-0.02,50.0,1,QAUR,-0.03792597534472952,0.0
MG_L90_T-2_C50,90,-0.02,50.0,2,QAUR,-0.14399612708578202,0.0
MG_L90_T-2_C50,90,-0.02,50.0,3,QAUR,-0.2624577938744469,0.0
MG_L90_T-2_C50,90,-0.02,50.0,4,QAUR,-0.26849793560608504,0.0
MG_L90_T-2_C50,90,-0.02,50.0,5,QAUR,-0.015584272226095597,1.0
MG_L90_T-2_C50,90,-0.02,50.0,6,QAUR,-0.09580297046256836,0.0
MG_L90_T-2_C50,90,-0.02,50.0,7,QAUR,-0.13052044535376062,0.0
MG_L90_T-2_C50,90,-0.02,50.0,8,QAUR,-0.1983909478086936,0.0
MG_L90_T-2_C50,90,-0.02,50.0,9,QAUR,-0.2902638432798621,0.0
MG_L90_T-2_C50,90,-0.02,50.0,10,QAUR,-0.19350039116374051,0.0
MG_L90_T-2_C50,90,-0.02,50.0,11,QAUR,-0.08641887991651331,0.0
MG_L90_T-2_C50,90,-0.02,50.0,12,QAUR,0.1721170893258981,1.0
MG_L90_T-2_C50,90,-0.02,50.0,13,QAUR,0.02185901123296885,1.0
MG_L90_T-2_C50,90,-0.02,50.0,14,QAUR,0.18789184993131558,1.0
MG_L90_T-2_C50,90,-0.02,50.0,15,QAUR,0.1284998625335383,1.0
MG_L90_T-2_C50,90,-0.02,50.0,16,QAUR,0.24238337410952226,1.0
MG_L90_T-2_C50,90,-0.02,50.0,17,QAUR,0.24378344448279798,1.0
MG_L90_T-2_C50,90,-0.02,50.0,18,QAUR,0.11034856195542675,1.0
MG_L90_T-2_C50,90,-0.02,50.0,19,QAUR,-0.08739814717448224,0.0
MG_L90_T-2_C50,90,-0.02,50.0,20,QAUR,-0.04694385650316368,0.0
MG_L90_T-2_C50,90,-0.02,50.0,21,QAUR,-0.012470241842726493,1.0
MG_L90_T-2_C50,90,-0.02,50.0,22,QAUR,-0.003223191045852336,1.0
MG_L90_T-2_C50,90,-0.02,50.0,23,QAUR,0.07549876291684621,1.0
MG_L90_T-2_C50,90,-0.02,50.0,24,QAUR,0.09967208522157822,1.0
MG_L90_T-2_C50,90,-0.02,50.0,25,QAUR,0.014702883867814931,1.0
MG_L90_T-2_C50,90,-0.02,50.0,26,QAUR,0.07399608779107991,1.0
MG_L90_T-2_C50,90,-0.02,50.0,27,QAUR,0.05502964976551894,1.0
MG_L90_T-2_C50,90,-0.02,50.0,28,QAUR,-0.03687299059699756,0.0
MG_L90_T-2_C50,90,-0.02,50.0,29,QAUR,0.03954029961750405,1.0
MG_L90_T-2_C50,90,-0.02,50.0,30,QAUR,-0.02203496038721775,0.0
MG_L90_T-2_C50,90,-0.02,50.0,31,QAUR,-0.0550720881791702,0.0
MG_L90_T-2_C50,90,-0.02,50.0,32,QAUR,-0.005581423570451438,1.0
MG_L90_T-2_C50,90,-0.02,50.0,33,QAUR,0.039289436373036946,1.0
MG_L90_T-2_C50,90,-0.02,50.0,34,QAUR,0.038092675900049056,1.0
MG_L90_T-2_C50,90,-0.02,50.0,35,QAUR,0.10662948906282765,1.0
MG_L90_T-2_C50,90,-0.02,50.0,36,QAUR,0.09654294734664592,1.0
MG_L90_T-2_C50,90,-0.02,50.0,37,QAUR,-0.013026219227120661,1.0
MG_L90_T-2_C50,90,-0.02,50.0,38,QAUR,0.0416890477604015,1.0
MG_L90_T-2_C50,90,-0.02,50.0,39,QAUR,-0.0009452728980264835,1.0
MG_L90_T-2_C50,90,-0.02,50.0,40,QAUR,0.08650368709874723,1.0
MG_L90_T-2_C50,90,-0.02,50.0,41,QAUR,0.27232168244327326,1.0
MG_L90_T-2_C50,90,-0.02,50.0,42,QAUR,0.18770508315327405,1.0
MG_L90_T-2_C50,90,-0.02,50.0,43,QAUR,0.13917324071655668,1.0
MG_L90_T-2_C50,90,-0.02,50.0,44,QAUR,0.0543391009361307,1.0
MG_L90_T-2_C50,90,-0.02,50.0,45,QAUR,0.033799729550131996,1.0
MG_L90_T-2_C50,90,-0.02,50.0,46,QAUR,-0.0025041995816851292,1.0
MG_L90_T-2_C50,90,-0.02,50.0,47,QAUR,0.022841523173750877,1.0
MG_L90_T-2_C50,90,-0.02,50.0,48,QAUR,-0.006660407445653549,1.0
MG_L90_T-2_C50,90,-0.02,50.0,49,QAUR,-0.013895896846497169,1.0
MG_L90_T-2_C50,90,-0.02,50.0,50,QAUR,-0.018349148791214853,1.0
MG_L90_T-2_C50,90,-0.02,50.0,51,QAUR,-0.03043057259287052,0.0
MG_L90_T-2_C50,90,-0.02,50.0,52,QAUR,-0.01670928858737908,1.0
MG_L90_T-2_C100,90,-0.02,100.0,0,AUR,0.12852746869151344,1.0
MG_L90_T-2_C100,90,-0.02,100.0,1,AUR,-0.03792597534472952,0.0
MG_L90_T-2_C100,90,-0.02,100.0,2,AUR,-0.14399612708578202,0.0
MG_L90_T-2_C100,90,-0.02,100.0,3,AUR,-0.2624577938744469,0.0
MG_L90_T-2_C100,90,-0.02,100.0,4,AUR,-0.26849793560608504,0.0
MG_L90_T-2_C100,90,-0.02,100.0,5,AUR,-0.015584272226095597,1.0
MG_L90_T-2_C100,90,-0.02,100.0,6,AUR,-0.09580297046256836,0.0
MG_L90_T-2_C100,90,-0.02,100.0,7,AUR,-0.13052044535376062,0.0
MG_L90_T-2_C100,90,-0.02,100.0,8,AUR,-0.1983909478086936,0.0
MG_L90_T-2_C100,90,-0.02,100.0,9,AUR,-0.2902638432798621,0.0
MG_L90_T-2_C100,90,-0.02,100.0,10,AUR,-0.19350039116374051,0.0
MG_L90_T-2_C100,90,-0.02,100.0,11,AUR,-0.08641887991651331,0.0
MG_L90_T-2_C100,90,-0.02,100.0,12,AUR,0.1721170893258981,1.0
MG_L90_T-2_C100,90,-0.02,100.0,13,AUR,0.02185901123296885,1.0
MG_L90_T-2_C100,90,-0.02,100.0,14,AUR,0.18789184993131558,1.0
MG_L90_T-2_C100,90,-0.02,100.0,15,AUR,0.1284998625335383,1.0
MG_L90_T-2_C100,90,-0.02,100.0,16,AUR,0.24238337410952226,1.0
MG_L90_T-2_C100,90,-0.02,100.0,17,AUR,0.24378344448279798,1.0
MG_L90_T-2_C100,90,-0.02,100.0,18,AUR,0.11034856195542675,1.0
MG_L90_T-2_C100,90,-0.02,100.0,19,AUR,-0.08739814717448224,0.0
MG_L90_T-2_C100,90,-0.02,100.0,20,AUR,-0.04694385650316368,0.0
MG_L90_T-2_C100,90,-0.02,100.0,21,AUR,-0.012470241842726493,1.0
MG_L90_T-2_C100,90,-0.02,100.0,22,AUR,-0.003223191045852336,1.0
MG_L90_T-2_C100,90,-0.02,100.0,23,AUR,0.07549876291684621,1.0
MG_L90_T-2_C100,90,-0.02,100.0,24,AUR,0.09967208522157822,1.0
MG_L90_T-2_C100,90,-0.02,100.0,25,AUR,0.014702883867814931,1.0
MG_L90_T-2_C100,90,-0.02,100.0,26,AUR,0.07399608779107991,1.0
MG_L90_T-2_C100,90,-0.02,100.0,27,AUR,0.05502964976551894,1.0
MG_L90_T-2_C100,90,-0.02,100.0,28,AUR,-0.03687299059699756,0.0
MG_L90_T-2_C100,90,-0.02,100.0,29,AUR,0.03954029961750405,1.0
MG_L90_T-2_C100,90,-0.02,100.0,30,AUR,-0.02203496038721775,0.0
MG_L90_T-2_C100,90,-0.02,100.0,31,AUR,-0.0550720881791702,0.0
MG_L90_T-2_C100,90,-0.02,100.0,32,AUR,-0.005581423570451438,1.0
MG_L90_T-2_C100,90,-0.02,100.0,33,AUR,0.039289436373036946,1.0
MG_L90_T-2_C100,90,-0.02,100.0,34,AUR,0.038092675900049056,1.0
MG_L90_T-2_C100,90,-0.02,100.0,35,AUR,0.10662948906282765,1.0
MG_L90_T-2_C100,90,-0.02,100.0,36,AUR,0.09654294734664592,1.0
MG_L90_T-2_C100,90,-0.02,100.0,37,AUR,-0.013026219227120661,1.0
MG_L90_T-2_C100,90,-0.02,100.0,38,AUR,0.0416890477604015,1.0
MG_L90_T-2_C100,90,-0.02,100.0,39,AUR,-0.0009452728980264835,1.0
MG_L90_T-2_C100,90,-0.02,100.0,40,AUR,0.08650368709874723,1.0
MG_L90_T-2_C100,90,-0.02,100.0,41,AUR,0.27232168244327326,1.0
MG_L90_T-2_C100,90,-0.02,100.0,42,AUR,0.18770508315327405,1.0
MG_L90_T-2_C100,90,-0.02,100.0,43,AUR,0.13917324071655668,1.0
MG_L90_T-2_C100,90,-0.02,100.0,44,AUR,0.0543391009361307,1.0
MG_L90_T-2_C100,90,-0.02,100.0,45,AUR,0.033799729550131996,1.0
MG_L90_T-2_C100,90,-0.02,100.0,46,AUR,-0.0025041995816851292,1.0
MG_L90_T-2_C100,90,-0.02,100.0,47,AUR,0.022841523173750877,1.0
MG_L90_T-2_C100,90,-0.02,100.0,48,AUR,-0.006660407445653549,1.0
MG_L90_T-2_C100,90,-0.02,100.0,49,AUR,-0.013895896846497169,1.0
MG_L90_T-2_C100,90,-0.02,100.0,50,AUR,-0.018349148791214853,1.0
MG_L90_T-2_C100,90,-0.02,100.0,51,AUR,-0.03043057259287052,0.0
MG_L90_T-2_C100,90,-0.02,100.0,52,AUR,-0.01670928858737908,1.0
MG_L90_T-2_C100,90,-0.02,100.0,0,QAUR,0.12852746869151344,1.0
MG_L90_T-2_C100,90,-0.02,100.0,1,QAUR,-0.03792597534472952,0.0
MG_L90_T-2_C100,90,-0.02,100.0,2,QAUR,-0.14399612708578202,0.0
MG_L90_T-2_C100,90,-0.02,100.0,3,QAUR,-0.2624577938744469,0.0
MG_L90_T-2_C100,90,-0.02,100.0,4,QAUR,-0.26849793560608504,0.0
MG_L90_T-2_C100,90,-0.02,100.0,5,QAUR,-0.015584272226095597,1.0
MG_L90_T-2_C100,90,-0.02,100.0,6,QAUR,-0.09580297046256836,0.0
MG_L90_T-2_C100,90,-0.02,100.0,7,QAUR,-0.13052044535376062,0.0
MG_L90_T-2_C100,90,-0.02,100.0,8,QAUR,-0.1983909478086936,0.0
MG_L90_T-2_C100,90,-0.02,100.0,9,QAUR,-0.2902638432798621,0.0
MG_L90_T-2_C100,90,-0.02,100.0,10,QAUR,-0.19350039116374051,0.0
MG_L90_T-2_C100,90,-0.02,100.0,11,QAUR,-0.08641887991651331,0.0
MG_L90_T-2_C100,90,-0.02,100.0,12,QAUR,0.1721170893258981,1.0
MG_L90_T-2_C100,90,-0.02,100.0,13,QAUR,0.02185901123296885,1.0
MG_L90_T-2_C100,90,-0.02,100.0,14,QAUR,0.18789184993131558,1.0
MG_L90_T-2_C100,90,-0.02,100.0,15,QAUR,0.1284998625335383,1.0
MG_L90_T-2_C100,90,-0.02,100.0,16,QAUR,0.24238337410952226,1.0
MG_L90_T-2_C100,90,-0.02,100.0,17,QAUR,0.24378344448279798,1.0
MG_L90_T-2_C100,90,-0.02,100.0,18,QAUR,0.11034856195542675,1.0
MG_L90_T-2_C100,90,-0.02,100.0,19,QAUR,-0.08739814717448224,0.0
MG_L90_T-2_C100,90,-0.02,100.0,20,QAUR,-0.04694385650316368,0.0
MG_L90_T-2_C100,90,-0.02,100.0,21,QAUR,-0.012470241842726493,1.0
MG_L90_T-2_C100,90,-0.02,100.0,22,QAUR,-0.003223191045852336,1.0
MG_L90_T-2_C100,90,-0.02,100.0,23,QAUR,0.07549876291684621,1.0
MG_L90_T-2_C100,90,-0.02,100.0,24,QAUR,0.09967208522157822,1.0
MG_L90_T-2_C100,90,-0.02,100.0,25,QAUR,0.014702883867814931,1.0
MG_L90_T-2_C100,90,-0.02,100.0,26,QAUR,0.07399608779107991,1.0
MG_L90_T-2_C100,90,-0.02,100.0,27,QAUR,0.05502964976551894,1.0
MG_L90_T-2_C100,90,-0.02,100.0,28,QAUR,-0.03687299059699756,0.0
MG_L90_T-2_C100,90,-0.02,100.0,29,QAUR,0.03954029961750405,1.0
MG_L90_T-2_C100,90,-0.02,100.0,30,QAUR,-0.02203496038721775,0.0
MG_L90_T-2_C100,90,-0.02,100.0,31,QAUR,-0.0550720881791702,0.0
MG_L90_T-2_C100,90,-0.02,100.0,32,QAUR,-0.005581423570451438,1.0
MG_L90_T-2_C100,90,-0.02,100.0,33,QAUR,0.039289436373036946,1.0
MG_L90_T-2_C100,90,-0.02,100.0,34,QAUR,0.038092675900049056,1.0
MG_L90_T-2_C100,90,-0.02,100.0,35,QAUR,0.10662948906282765,1.0
MG_L90_T-2_C100,90,-0.02,100.0,36,QAUR,0.09654294734664592,1.0
MG_L90_T-2_C100,90,-0.02,100.0,37,QAUR,-0.013026219227120661,1.0
MG_L90_T-2_C100,90,-0.02,100.0,38,QAUR,0.0416890477604015,1.0
MG_L90_T-2_C100,90,-0.02,100.0,39,QAUR,-0.0009452728980264835,1.0
MG_L90_T-2_C100,90,-0.02,100.0,40,QAUR,0.08650368709874723,1.0
MG_L90_T-2_C100,90,-0.02,100.0,41,QAUR,0.27232168244327326,1.0
MG_L90_T-2_C100,90,-0.02,100.0,42,QAUR,0.18770508315327405,1.0
MG_L90_T-2_C100,90,-0.02,100.0,43,QAUR,0.13917324071655668,1.0
MG_L90_T-2_C100,90,-0.02,100.0,44,QAUR,0.0543391009361307,1.0
MG_L90_T-2_C100,90,-0.02,100.0,45,QAUR,0.033799729550131996,1.0
MG_L90_T-2_C100,90,-0.02,100.0,46,QAUR,-0.0025041995816851292,1.0
MG_L90_T-2_C100,90,-0.02,100.0,47,QAUR,0.022841523173750877,1.0
MG_L90_T-2_C100,90,-0.02,100.0,48,QAUR,-0.006660407445653549,1.0
MG_L90_T-2_C100,90,-0.02,100.0,49,QAUR,-0.013895896846497169,1.0
MG_L90_T-2_C100,90,-0.02,100.0,50,QAUR,-0.018349148791214853,1.0
MG_L90_T-2_C100,90,-0.02,100.0,51,QAUR,-0.03043057259287052,0.0
MG_L90_T-2_C100,90,-0.02,100.0,52,QAUR,-0.01670928858737908,1.0
MG_L90_T0_C0,90,0.0,0.0,0,AUR,0.12852746869151344,1.0
MG_L90_T0_C0,90,0.0,0.0,1,AUR,-0.03792597534472952,0.0
MG_L90_T0_C0,90,0.0,0.0,2,AUR,-0.14399612708578202,0.0
MG_L90_T0_C0,90,0.0,0.0,3,AUR,-0.2624577938744469,0.0
MG_L90_T0_C0,90,0.0,0.0,4,AUR,-0.26849793560608504,0.0
MG_L90_T0_C0,90,0.0,0.0,5,AUR,-0.015584272226095597,0.0
MG_L90_T0_C0,90,0.0,0.0,6,AUR,-0.09580297046256836,0.0
MG_L90_T0_C0,90,0.0,0.0,7,AUR,-0.13052044535376062,0.0
MG_L90_T0_C0,90,0.0,0.0,8,AUR,-0.1983909478086936,0.0
MG_L90_T0_C0,90,0.0,0.0,9,AUR,-0.2902638432798621,0.0
MG_L90_T0_C0,90,0.0,0.0,10,AUR,-0.19350039116374051,0.0
MG_L90_T0_C0,90,0.0,0.0,11,AUR,-0.08641887991651331,0.0
MG_L90_T0_C0,90,0.0,0.0,12,AUR,0.1721170893258981,1.0
MG_L90_T0_C0,90,0.0,0.0,13,AUR,0.02185901123296885,1.0
MG_L90_T0_C0,90,0.0,0.0,14,AUR,0.18789184993131558,1.0
MG_L90_T0_C0,90,0.0,0.0,15,AUR,0.1284998625335383,1.0
MG_L90_T0_C0,90,0.0,0.0,16,AUR,0.24238337410952226,1.0
MG_L90_T0_C0,90,0.0,0.0,17,AUR,0.24378344448279798,1.0
MG_L90_T0_C0,90,0.0,0.0,18,AUR,0.11034856195542675,1.0
MG_L90_T0_C0,90,0.0,0.0,19,AUR,-0.08739814717448224,0.0
MG_L90_T0_C0,90,0.0,0.0,20,AUR,-0.04694385650316368,0.0
MG_L90_T0_C0,90,0.0,0.0,21,AUR,-0.012470241842726493,0.0
MG_L90_T0_C0,90,0.0,0.0,22,AUR,-0.003223191045852336,0.0
MG_L90_T0_C0,90,0.0,0.0,23,AUR,0.07549876291684621,1.0
MG_L90_T0_C0,90,0.0,0.0,24,AUR,0.09967208522157822,1.0
MG_L90_T0_C0,90,0.0,0.0,25,AUR,0.014702883867814931,1.0
MG_L90_T0_C0,90,0.0,0.0,26,AUR,0.07399608779107991,1.0
MG_L90_T0_C0,90,0.0,0.0,27,AUR,0.05502964976551894,1.0
MG_L90_T0_C0,90,0.0,0.0,28,AUR,-0.03687299059699756,0.0
MG_L90_T0_C0,90,0.0,0.0,29,AUR,0.03954029961750405,1.0
MG_L90_T0_C0,90,0.0,0.0,30,AUR,-0.02203496038721775,0.0
MG_L90_T0_C0,90,0.0,0.0,31,AUR,-0.0550720881791702,0.0
MG_L90_T0_C0,90,0.0,0.0,32,AUR,-0.005581423570451438,0.0
MG_L90_T0_C0,90,0.0,0.0,33,AUR,0.039289436373036946,1.0
MG_L90_T0_C0,90,0.0,0.0,34,AUR,0.038092675900049056,1.0
MG_L90_T0_C0,90,0.0,0.0,35,AUR,0.10662948906282765,1.0
MG_L90_T0_C0,90,0.0,0.0,36,AUR,0.09654294734664592,1.0
MG_L90_T0_C0,90,0.0,0.0,37,AUR,-0.013026219227120661,0.0
MG_L90_T0_C0,90,0.0,0.0,38,AUR,0.0416890477604015,1.0
MG_L90_T0_C0,90,0.0,0.0,39,AUR,-0.0009452728980264835,0.0
MG_L90_T0_C0,90,0.0,0.0,40,AUR,0.08650368709874723,1.0
MG_L90_T0_C0,90,0.0,0.0,41,AUR,0.27232168244327326,1.0
MG_L90_T0_C0,90,0.0,0.0,42,AUR,0.18770508315327405,1.0
MG_L90_T0_C0,90,0.0,0.0,43,AUR,0.13917324071655668,1.0
MG_L90_T0_C0,90,0.0,0.0,44,AUR,0.0543391009361307,1.0
MG_L90_T0_C0,90,0.0,0.0,45,AUR,0.033799729550131996,1.0
MG_L90_T0_C0,90,0.0,0.0,46,AUR,-0.0025041995816851292,0.0
MG_L90_T0_C0,90,0.0,0.0,47,AUR,0.022841523173750877,1.0
MG_L90_T0_C0,90,0.0,0.0,48,AUR,-0.006660407445653549,0.0
MG_L90_T0_C0,90,0.0,0.0,49,AUR,-0.013895896846497169,0.0
MG_L90_T0_C0,90,0.0,0.0,50,AUR,-0.018349148791214853,0.0
MG_L90_T0_C0,90,0.0,0.0,51,AUR,-0.03043057259287052,0.0
MG_L90_T0_C0,90,0.0,0.0,52,AUR,-0.01670928858737908,0.0
MG_L90_T0_C0,90,0.0,0.0,0,QAUR,0.12852746869151344,1.0
MG_L90_T0_C0,90,0.0,0.0,1,QAUR,-0.03792597534472952,0.0
MG_L90_T0_C0,90,0.0,0.0,2,QAUR,-0.14399612708578202,0.0
MG_L90_T0_C0,90,0.0,0.0,3,QAUR,-0.2624577938744469,0.0
MG_L90_T0_C0,90,0.0,0.0,4,QAUR,-0.26849793560608504,0.0
MG_L90_T0_C0,90,0.0,0.0,5,QAUR,-0.015584272226095597,0.0
MG_L90_T0_C0,90,0.0,0.0,6,QAUR,-0.09580297046256836,0.0
MG_L90_T0_C0,90,0.0,0.0,7,QAUR,-0.13052044535376062,0.0
MG_L90_T0_C0,90,0.0,0.0,8,QAUR,-0.1983909478086936,0.0
MG_L90_T0_C0,90,0.0,0.0,9,QAUR,-0.2902638432798621,0.0
MG_L90_T0_C0,90,0.0,0.0,10,QAUR,-0.19350039116374051,0.0
MG_L90_T0_C0,90,0.0,0.0,11,QAUR,-0.08641887991651331,0.0
MG_L90_T0_C0,90,0.0,0.0,12,QAUR,0.1721170893258981,1.0
MG_L90_T0_C0,90,0.0,0.0,13,QAUR,0.02185901123296885,1.0
MG_L90_T0_C0,90,0.0,0.0,14,QAUR,0.18789184993131558,1.0
MG_L90_T0_C0,90,0.0,0.0,15,QAUR,0.1284998625335383,1.0
MG_L90_T0_C0,90,0.0,0.0,16,QAUR,0.24238337410952226,1.0
MG_L90_T0_C0,90,0.0,0.0,17,QAUR,0.24378344448279798,1.0
MG_L90_T0_C0,90,0.0,0.0,18,QAUR,0.11034856195542675,1.0
MG_L90_T0_C0,90,0.0,0.0,19,QAUR,-0.08739814717448224,0.0
MG_L90_T0_C0,90,0.0,0.0,20,QAUR,-0.04694385650316368,0.0
MG_L90_T0_C0,90,0.0,0.0,21,QAUR,-0.012470241842726493,0.0
MG_L90_T0_C0,90,0.0,0.0,22,QAUR,-0.003223191045852336,0.0
MG_L90_T0_C0,90,0.0,0.0,23,QAUR,0.07549876291684621,1.0
MG_L90_T0_C0,90,0.0,0.0,24,QAUR,0.09967208522157822,1.0
MG_L90_T0_C0,90,0.0,0.0,25,QAUR,0.014702883867814931,1.0
MG_L90_T0_C0,90,0.0,0.0,26,QAUR,0.07399608779107991,1.0
MG_L90_T0_C0,90,0.0,0.0,27,QAUR,0.05502964976551894,1.0
MG_L90_T0_C0,90,0.0,0.0,28,QAUR,-0.03687299059699756,0.0
MG_L90_T0_C0,90,0.0,0.0,29,QAUR,0.03954029961750405,1.0
MG_L90_T0_C0,90,0.0,0.0,30,QAUR,-0.02203496038721775,0.0
MG_L90_T0_C0,90,0.0,0.0,31,QAUR,-0.0550720881791702,0.0
MG_L90_T0_C0,90,0.0,0.0,32,QAUR,-0.005581423570451438,0.0
MG_L90_T0_C0,90,0.0,0.0,33,QAUR,0.039289436373036946,1.0
MG_L90_T0_C0,90,0.0,0.0,34,QAUR,0.038092675900049056,1.0
MG_L90_T0_C0,90,0.0,0.0,35,QAUR,0.10662948906282765,1.0
MG_L90_T0_C0,90,0.0,0.0,36,QAUR,0.09654294734664592,1.0
MG_L90_T0_C0,90,0.0,0.0,37,QAUR,-0.013026219227120661,0.0
MG_L90_T0_C0,90,0.0,0.0,38,QAUR,0.0416890477604015,1.0
MG_L90_T0_C0,90,0.0,0.0,39,QAUR,-0.0009452728980264835,0.0
MG_L90_T0_C0,90,0.0,0.0,40,QAUR,0.08650368709874723,1.0
MG_L90_T0_C0,90,0.0,0.0,41,QAUR,0.27232168244327326,1.0
MG_L90_T0_C0,90,0.0,0.0,42,QAUR,0.18770508315327405,1.0
MG_L90_T0_C0,90,0.0,0.0,43,QAUR,0.13917324071655668,1.0
MG_L90_T0_C0,90,0.0,0.0,44,QAUR,0.0543391009361307,1.0
MG_L90_T0_C0,90,0.0,0.0,45,QAUR,0.033799729550131996,1.0
MG_L90_T0_C0,90,0.0,0.0,46,QAUR,-0.0025041995816851292,0.0
MG_L90_T0_C0,90,0.0,0.0,47,QAUR,0.022841523173750877,1.0
MG_L90_T0_C0,90,0.0,0.0,48,QAUR,-0.006660407445653549,0.0
MG_L90_T0_C0,90,0.0,0.0,49,QAUR,-0.013895896846497169,0.0
MG_L90_T0_C0,90,0.0,0.0,50,QAUR,-0.018349148791214853,0.0
MG_L90_T0_C0,90,0.0,0.0,51,QAUR,-0.03043057259287052,0.0
MG_L90_T0_C0,90,0.0,0.0,52,QAUR,-0.01670928858737908,0.0
MG_L90_T0_C25,90,0.0,25.0,0,AUR,0.12852746869151344,1.0
MG_L90_T0_C25,90,0.0,25.0,1,AUR,-0.03792597534472952,0.0
MG_L90_T0_C25,90,0.0,25.0,2,AUR,-0.14399612708578202,0.0
MG_L90_T0_C25,90,0.0,25.0,3,AUR,-0.2624577938744469,0.0
MG_L90_T0_C25,90,0.0,25.0,4,AUR,-0.26849793560608504,0.0
MG_L90_T0_C25,90,0.0,25.0,5,AUR,-0.015584272226095597,0.0
MG_L90_T0_C25,90,0.0,25.0,6,AUR,-0.09580297046256836,0.0
MG_L90_T0_C25,90,0.0,25.0,7,AUR,-0.13052044535376062,0.0
MG_L90_T0_C25,90,0.0,25.0,8,AUR,-0.1983909478086936,0.0
MG_L90_T0_C25,90,0.0,25.0,9,AUR,-0.2902638432798621,0.0
MG_L90_T0_C25,90,0.0,25.0,10,AUR,-0.19350039116374051,0.0
MG_L90_T0_C25,90,0.0,25.0,11,AUR,-0.08641887991651331,0.0
MG_L90_T0_C25,90,0.0,25.0,12,AUR,0.1721170893258981,1.0
MG_L90_T0_C25,90,0.0,25.0,13,AUR,0.02185901123296885,1.0
MG_L90_T0_C25,90,0.0,25.0,14,AUR,0.18789184993131558,1.0
MG_L90_T0_C25,90,0.0,25.0,15,AUR,0.1284998625335383,1.0
MG_L90_T0_C25,90,0.0,25.0,16,AUR,0.24238337410952226,1.0
MG_L90_T0_C25,90,0.0,25.0,17,AUR,0.24378344448279798,1.0
MG_L90_T0_C25,90,0.0,25.0,18,AUR,0.11034856195542675,1.0
MG_L90_T0_C25,90,0.0,25.0,19,AUR,-0.08739814717448224,0.0
MG_L90_T0_C25,90,0.0,25.0,20,AUR,-0.04694385650316368,0.0
MG_L90_T0_C25,90,0.0,25.0,21,AUR,-0.012470241842726493,0.0
MG_L90_T0_C25,90,0.0,25.0,22,AUR,-0.003223191045852336,0.0
MG_L90_T0_C25,90,0.0,25.0,23,AUR,0.07549876291684621,1.0
MG_L90_T0_C25,90,0.0,25.0,24,AUR,0.09967208522157822,1.0
MG_L90_T0_C25,90,0.0,25.0,25,AUR,0.014702883867814931,1.0
MG_L90_T0_C25,90,0.0,25.0,26,AUR,0.07399608779107991,1.0
MG_L90_T0_C25,90,0.0,25.0,27,AUR,0.05502964976551894,1.0
MG_L90_T0_C25,90,0.0,25.0,28,AUR,-0.03687299059699756,0.0
MG_L90_T0_C25,90,0.0,25.0,29,AUR,0.03954029961750405,1.0
MG_L90_T0_C25,90,0.0,25.0,30,AUR,-0.02203496038721775,0.0
MG_L90_T0_C25,90,0.0,25.0,31,AUR,-0.0550720881791702,0.0
MG_L90_T0_C25,90,0.0,25.0,32,AUR,-0.005581423570451438,0.0
MG_L90_T0_C25,90,0.0,25.0,33,AUR,0.039289436373036946,1.0
MG_L90_T0_C25,90,0.0,25.0,34,AUR,0.038092675900049056,1.0
MG_L90_T0_C25,90,0.0,25.0,35,AUR,0.10662948906282765,1.0
MG_L90_T0_C25,90,0.0,25.0,36,AUR,0.09654294734664592,1.0
MG_L90_T0_C25,90,0.0,25.0,37,AUR,-0.013026219227120661,0.0
MG_L90_T0_C25,90,0.0,25.0,38,AUR,0.0416890477604015,1.0
MG_L90_T0_C25,90,0.0,25.0,39,AUR,-0.0009452728980264835,0.0
MG_L90_T0_C25,90,0.0,25.0,40,AUR,0.08650368709874723,1.0
MG_L90_T0_C25,90,0.0,25.0,41,AUR,0.27232168244327326,1.0
MG_L90_T0_C25,90,0.0,25.0,42,AUR,0.18770508315327405,1.0
MG_L90_T0_C25,90,0.0,25.0,43,AUR,0.13917324071655668,1.0
MG_L90_T0_C25,90,0.0,25.0,44,AUR,0.0543391009361307,1.0
MG_L90_T0_C25,90,0.0,25.0,45,AUR,0.033799729550131996,1.0
MG_L90_T0_C25,90,0.0,25.0,46,AUR,-0.0025041995816851292,0.0
MG_L90_T0_C25,90,0.0,25.0,47,AUR,0.022841523173750877,1.0
MG_L90_T0_C25,90,0.0,25.0,48,AUR,-0.006660407445653549,0.0
MG_L90_T0_C25,90,0.0,25.0,49,AUR,-0.013895896846497169,0.0
MG_L90_T0_C25,90,0.0,25.0,50,AUR,-0.018349148791214853,0.0
MG_L90_T0_C25,90,0.0,25.0,51,AUR,-0.03043057259287052,0.0
MG_L90_T0_C25,90,0.0,25.0,52,AUR,-0.01670928858737908,0.0
MG_L90_T0_C25,90,0.0,25.0,0,QAUR,0.12852746869151344,1.0
MG_L90_T0_C25,90,0.0,25.0,1,QAUR,-0.03792597534472952,0.0
MG_L90_T0_C25,90,0.0,25.0,2,QAUR,-0.14399612708578202,0.0
MG_L90_T0_C25,90,0.0,25.0,3,QAUR,-0.2624577938744469,0.0
MG_L90_T0_C25,90,0.0,25.0,4,QAUR,-0.26849793560608504,0.0
MG_L90_T0_C25,90,0.0,25.0,5,QAUR,-0.015584272226095597,0.0
MG_L90_T0_C25,90,0.0,25.0,6,QAUR,-0.09580297046256836,0.0
MG_L90_T0_C25,90,0.0,25.0,7,QAUR,-0.13052044535376062,0.0
MG_L90_T0_C25,90,0.0,25.0,8,QAUR,-0.1983909478086936,0.0
MG_L90_T0_C25,90,0.0,25.0,9,QAUR,-0.2902638432798621,0.0
MG_L90_T0_C25,90,0.0,25.0,10,QAUR,-0.19350039116374051,0.0
MG_L90_T0_C25,90,0.0,25.0,11,QAUR,-0.08641887991651331,0.0
MG_L90_T0_C25,90,0.0,25.0,12,QAUR,0.1721170893258981,1.0
MG_L90_T0_C25,90,0.0,25.0,13,QAUR,0.02185901123296885,1.0
MG_L90_T0_C25,90,0.0,25.0,14,QAUR,0.18789184993131558,1.0
MG_L90_T0_C25,90,0.0,25.0,15,QAUR,0.1284998625335383,1.0
MG_L90_T0_C25,90,0.0,25.0,16,QAUR,0.24238337410952226,1.0
MG_L90_T0_C25,90,0.0,25.0,17,QAUR,0.24378344448279798,1.0
MG_L90_T0_C25,90,0.0,25.0,18,QAUR,0.11034856195542675,1.0
MG_L90_T0_C25,90,0.0,25.0,19,QAUR,-0.08739814717448224,0.0
MG_L90_T0_C25,90,0.0,25.0,20,QAUR,-0.04694385650316368,0.0
MG_L90_T0_C25,90,0.0,25.0,21,QAUR,-0.012470241842726493,0.0
MG_L90_T0_C25,90,0.0,25.0,22,QAUR,-0.003223191045852336,0.0
MG_L90_T0_C25,90,0.0,25.0,23,QAUR,0.07549876291684621,1.0
MG_L90_T0_C25,90,0.0,25.0,24,QAUR,0.09967208522157822,1.0
MG_L90_T0_C25,90,0.0,25.0,25,QAUR,0.014702883867814931,1.0
MG_L90_T0_C25,90,0.0,25.0,26,QAUR,0.07399608779107991,1.0
MG_L90_T0_C25,90,0.0,25.0,27,QAUR,0.05502964976551894,1.0
MG_L90_T0_C25,90,0.0,25.0,28,QAUR,-0.03687299059699756,0.0
MG_L90_T0_C25,90,0.0,25.0,29,QAUR,0.03954029961750405,1.0
MG_L90_T0_C25,90,0.0,25.0,30,QAUR,-0.02203496038721775,0.0
MG_L90_T0_C25,90,0.0,25.0,31,QAUR,-0.0550720881791702,0.0
MG_L90_T0_C25,90,0.0,25.0,32,QAUR,-0.005581423570451438,0.0
MG_L90_T0_C25,90,0.0,25.0,33,QAUR,0.039289436373036946,1.0
MG_L90_T0_C25,90,0.0,25.0,34,QAUR,0.038092675900049056,1.0
MG_L90_T0_C25,90,0.0,25.0,35,QAUR,0.10662948906282765,1.0
MG_L90_T0_C25,90,0.0,25.0,36,QAUR,0.09654294734664592,1.0
MG_L90_T0_C25,90,0.0,25.0,37,QAUR,-0.013026219227120661,0.0
MG_L90_T0_C25,90,0.0,25.0,38,QAUR,0.0416890477604015,1.0
MG_L90_T0_C25,90,0.0,25.0,39,QAUR,-0.0009452728980264835,0.0
MG_L90_T0_C25,90,0.0,25.0,40,QAUR,0.08650368709874723,1.0
MG_L90_T0_C25,90,0.0,25.0,41,QAUR,0.27232168244327326,1.0
MG_L90_T0_C25,90,0.0,25.0,42,QAUR,0.18770508315327405,1.0
MG_L90_T0_C25,90,0.0,25.0,43,QAUR,0.13917324071655668,1.0
MG_L90_T0_C25,90,0.0,25.0,44,QAUR,0.0543391009361307,1.0
MG_L90_T0_C25,90,0.0,25.0,45,QAUR,0.033799729550131996,1.0
MG_L90_T0_C25,90,0.0,25.0,46,QAUR,-0.0025041995816851292,0.0
MG_L90_T0_C25,90,0.0,25.0,47,QAUR,0.022841523173750877,1.0
MG_L90_T0_C25,90,0.0,25.0,48,QAUR,-0.006660407445653549,0.0
MG_L90_T0_C25,90,0.0,25.0,49,QAUR,-0.013895896846497169,0.0
MG_L90_T0_C25,90,0.0,25.0,50,QAUR,-0.018349148791214853,0.0
MG_L90_T0_C25,90,0.0,25.0,51,QAUR,-0.03043057259287052,0.0
MG_L90_T0_C25,90,0.0,25.0,52,QAUR,-0.01670928858737908,0.0
MG_L90_T0_C50,90,0.0,50.0,0,AUR,0.12852746869151344,1.0
MG_L90_T0_C50,90,0.0,50.0,1,AUR,-0.03792597534472952,0.0
MG_L90_T0_C50,90,0.0,50.0,2,AUR,-0.14399612708578202,0.0
MG_L90_T0_C50,90,0.0,50.0,3,AUR,-0.2624577938744469,0.0
MG_L90_T0_C50,90,0.0,50.0,4,AUR,-0.26849793560608504,0.0
MG_L90_T0_C50,90,0.0,50.0,5,AUR,-0.015584272226095597,0.0
MG_L90_T0_C50,90,0.0,50.0,6,AUR,-0.09580297046256836,0.0
MG_L90_T0_C50,90,0.0,50.0,7,AUR,-0.13052044535376062,0.0
MG_L90_T0_C50,90,0.0,50.0,8,AUR,-0.1983909478086936,0.0
MG_L90_T0_C50,90,0.0,50.0,9,AUR,-0.2902638432798621,0.0
MG_L90_T0_C50,90,0.0,50.0,10,AUR,-0.19350039116374051,0.0
MG_L90_T0_C50,90,0.0,50.0,11,AUR,-0.08641887991651331,0.0
MG_L90_T0_C50,90,0.0,50.0,12,AUR,0.1721170893258981,1.0
MG_L90_T0_C50,90,0.0,50.0,13,AUR,0.02185901123296885,1.0
MG_L90_T0_C50,90,0.0,50.0,14,AUR,0.18789184993131558,1.0
MG_L90_T0_C50,90,0.0,50.0,15,AUR,0.1284998625335383,1.0
MG_L90_T0_C50,90,0.0,50.0,16,AUR,0.24238337410952226,1.0
MG_L90_T0_C50,90,0.0,50.0,17,AUR,0.24378344448279798,1.0
MG_L90_T0_C50,90,0.0,50.0,18,AUR,0.11034856195542675,1.0
MG_L90_T0_C50,90,0.0,50.0,19,AUR,-0.08739814717448224,0.0
MG_L90_T0_C50,90,0.0,50.0,20,AUR,-0.04694385650316368,0.0
MG_L90_T0_C50,90,0.0,50.0,21,AUR,-0.012470241842726493,0.0
MG_L90_T0_C50,90,0.0,50.0,22,AUR,-0.003223191045852336,0.0
MG_L90_T0_C50,90,0.0,50.0,23,AUR,0.07549876291684621,1.0
MG_L90_T0_C50,90,0.0,50.0,24,AUR,0.09967208522157822,1.0
MG_L90_T0_C50,90,0.0,50.0,25,AUR,0.014702883867814931,1.0
MG_L90_T0_C50,90,0.0,50.0,26,AUR,0.07399608779107991,1.0
MG_L90_T0_C50,90,0.0,50.0,27,AUR,0.05502964976551894,1.0
MG_L90_T0_C50,90,0.0,50.0,28,AUR,-0.03687299059699756,0.0
MG_L90_T0_C50,90,0.0,50.0,29,AUR,0.03954029961750405,1.0
MG_L90_T0_C50,90,0.0,50.0,30,AUR,-0.02203496038721775,0.0
MG_L90_T0_C50,90,0.0,50.0,31,AUR,-0.0550720881791702,0.0
MG_L90_T0_C50,90,0.0,50.0,32,AUR,-0.005581423570451438,0.0
MG_L90_T0_C50,90,0.0,50.0,33,AUR,0.039289436373036946,1.0
MG_L90_T0_C50,90,0.0,50.0,34,AUR,0.038092675900049056,1.0
MG_L90_T0_C50,90,0.0,50.0,35,AUR,0.10662948906282765,1.0
MG_L90_T0_C50,90,0.0,50.0,36,AUR,0.09654294734664592,1.0
MG_L90_T0_C50,90,0.0,50.0,37,AUR,-0.013026219227120661,0.0
MG_L90_T0_C50,90,0.0,50.0,38,AUR,0.0416890477604015,1.0
MG_L90_T0_C50,90,0.0,50.0,39,AUR,-0.0009452728980264835,0.0
MG_L90_T0_C50,90,0.0,50.0,40,AUR,0.08650368709874723,1.0
MG_L90_T0_C50,90,0.0,50.0,41,AUR,0.27232168244327326,1.0
MG_L90_T0_C50,90,0.0,50.0,42,AUR,0.18770508315327405,1.0
MG_L90_T0_C50,90,0.0,50.0,43,AUR,0.13917324071655668,1.0
MG_L90_T0_C50,90,0.0,50.0,44,AUR,0.0543391009361307,1.0
MG_L90_T0_C50,90,0.0,50.0,45,AUR,0.033799729550131996,1.0
MG_L90_T0_C50,90,0.0,50.0,46,AUR,-0.0025041995816851292,0.0
MG_L90_T0_C50,90,0.0,50.0,47,AUR,0.022841523173750877,1.0
MG_L90_T0_C50,90,0.0,50.0,48,AUR,-0.006660407445653549,0.0
MG_L90_T0_C50,90,0.0,50.0,49,AUR,-0.013895896846497169,0.0
MG_L90_T0_C50,90,0.0,50.0,50,AUR,-0.018349148791214853,0.0
MG_L90_T0_C50,90,0.0,50.0,51,AUR,-0.03043057259287052,0.0
MG_L90_T0_C50,90,0.0,50.0,52,AUR,-0.01670928858737908,0.0
MG_L90_T0_C50,90,0.0,50.0,0,QAUR,0.12852746869151344,1.0
MG_L90_T0_C50,90,0.0,50.0,1,QAUR,-0.03792597534472952,0.0
MG_L90_T0_C50,90,0.0,50.0,2,QAUR,-0.14399612708578202,0.0
MG_L90_T0_C50,90,0.0,50.0,3,QAUR,-0.2624577938744469,0.0
MG_L90_T0_C50,90,0.0,50.0,4,QAUR,-0.26849793560608504,0.0
MG_L90_T0_C50,90,0.0,50.0,5,QAUR,-0.015584272226095597,0.0
MG_L90_T0_C50,90,0.0,50.0,6,QAUR,-0.09580297046256836,0.0
MG_L90_T0_C50,90,0.0,50.0,7,QAUR,-0.13052044535376062,0.0
MG_L90_T0_C50,90,0.0,50.0,8,QAUR,-0.1983909478086936,0.0
MG_L90_T0_C50,90,0.0,50.0,9,QAUR,-0.2902638432798621,0.0
MG_L90_T0_C50,90,0.0,50.0,10,QAUR,-0.19350039116374051,0.0
MG_L90_T0_C50,90,0.0,50.0,11,QAUR,-0.08641887991651331,0.0
MG_L90_T0_C50,90,0.0,50.0,12,QAUR,0.1721170893258981,1.0
MG_L90_T0_C50,90,0.0,50.0,13,QAUR,0.02185901123296885,1.0
MG_L90_T0_C50,90,0.0,50.0,14,QAUR,0.18789184993131558,1.0
MG_L90_T0_C50,90,0.0,50.0,15,QAUR,0.1284998625335383,1.0
MG_L90_T0_C50,90,0.0,50.0,16,QAUR,0.24238337410952226,1.0
MG_L90_T0_C50,90,0.0,50.0,17,QAUR,0.24378344448279798,1.0
MG_L90_T0_C50,90,0.0,50.0,18,QAUR,0.11034856195542675,1.0
MG_L90_T0_C50,90,0.0,50.0,19,QAUR,-0.08739814717448224,0.0
MG_L90_T0_C50,90,0.0,50.0,20,QAUR,-0.04694385650316368,0.0
MG_L90_T0_C50,90,0.0,50.0,21,QAUR,-0.012470241842726493,0.0
MG_L90_T0_C50,90,0.0,50.0,22,QAUR,-0.003223191045852336,0.0
MG_L90_T0_C50,90,0.0,50.0,23,QAUR,0.07549876291684621,1.0
MG_L90_T0_C50,90,0.0,50.0,24,QAUR,0.09967208522157822,1.0
MG_L90_T0_C50,90,0.0,50.0,25,QAUR,0.014702883867814931,1.0
MG_L90_T0_C50,90,0.0,50.0,26,QAUR,0.07399608779107991,1.0
MG_L90_T0_C50,90,0.0,50.0,27,QAUR,0.05502964976551894,1.0
MG_L90_T0_C50,90,0.0,50.0,28,QAUR,-0.03687299059699756,0.0
MG_L90_T0_C50,90,0.0,50.0,29,QAUR,0.03954029961750405,1.0
MG_L90_T0_C50,90,0.0,50.0,30,QAUR,-0.02203496038721775,0.0
MG_L90_T0_C50,90,0.0,50.0,31,QAUR,-0.0550720881791702,0.0
MG_L90_T0_C50,90,0.0,50.0,32,QAUR,-0.005581423570451438,0.0
MG_L90_T0_C50,90,0.0,50.0,33,QAUR,0.039289436373036946,1.0
MG_L90_T0_C50,90,0.0,50.0,34,QAUR,0.038092675900049056,1.0
MG_L90_T0_C50,90,0.0,50.0,35,QAUR,0.10662948906282765,1.0
MG_L90_T0_C50,90,0.0,50.0,36,QAUR,0.09654294734664592,1.0
MG_L90_T0_C50,90,0.0,50.0,37,QAUR,-0.013026219227120661,0.0
MG_L90_T0_C50,90,0.0,50.0,38,QAUR,0.0416890477604015,1.0
MG_L90_T0_C50,90,0.0,50.0,39,QAUR,-0.0009452728980264835,0.0
MG_L90_T0_C50,90,0.0,50.0,40,QAUR,0.08650368709874723,1.0
MG_L90_T0_C50,90,0.0,50.0,41,QAUR,0.27232168244327326,1.0
MG_L90_T0_C50,90,0.0,50.0,42,QAUR,0.18770508315327405,1.0
MG_L90_T0_C50,90,0.0,50.0,43,QAUR,0.13917324071655668,1.0
MG_L90_T0_C50,90,0.0,50.0,44,QAUR,0.0543391009361307,1.0
MG_L90_T0_C50,90,0.0,50.0,45,QAUR,0.033799729550131996,1.0
MG_L90_T0_C50,90,0.0,50.0,46,QAUR,-0.0025041995816851292,0.0
MG_L90_T0_C50,90,0.0,50.0,47,QAUR,0.022841523173750877,1.0
MG_L90_T0_C50,90,0.0,50.0,48,QAUR,-0.006660407445653549,0.0
MG_L90_T0_C50,90,0.0,50.0,49,QAUR,-0.013895896846497169,0.0
MG_L90_T0_C50,90,0.0,50.0,50,QAUR,-0.018349148791214853,0.0
MG_L90_T0_C50,90,0.0,50.0,51,QAUR,-0.03043057259287052,0.0
MG_L90_T0_C50,90,0.0,50.0,52,QAUR,-0.01670928858737908,0.0
MG_L90_T0_C100,90,0.0,100.0,0,AUR,0.12852746869151344,1.0
MG_L90_T0_C100,90,0.0,100.0,1,AUR,-0.03792597534472952,0.0
MG_L90_T0_C100,90,0.0,100.0,2,AUR,-0.14399612708578202,0.0
MG_L90_T0_C100,90,0.0,100.0,3,AUR,-0.2624577938744469,0.0
MG_L90_T0_C100,90,0.0,100.0,4,AUR,-0.26849793560608504,0.0
MG_L90_T0_C100,90,0.0,100.0,5,AUR,-0.015584272226095597,0.0
MG_L90_T0_C100,90,0.0,100.0,6,AUR,-0.09580297046256836,0.0
MG_L90_T0_C100,90,0.0,100.0,7,AUR,-0.13052044535376062,0.0
MG_L90_T0_C100,90,0.0,100.0,8,AUR,-0.1983909478086936,0.0
MG_L90_T0_C100,90,0.0,100.0,9,AUR,-0.2902638432798621,0.0
MG_L90_T0_C100,90,0.0,100.0,10,AUR,-0.19350039116374051,0.0
MG_L90_T0_C100,90,0.0,100.0,11,AUR,-0.08641887991651331,0.0
MG_L90_T0_C100,90,0.0,100.0,12,AUR,0.1721170893258981,1.0
MG_L90_T0_C100,90,0.0,100.0,13,AUR,0.02185901123296885,1.0
MG_L90_T0_C100,90,0.0,100.0,14,AUR,0.18789184993131558,1.0
MG_L90_T0_C100,90,0.0,100.0,15,AUR,0.1284998625335383,1.0
MG_L90_T0_C100,90,0.0,100.0,16,AUR,0.24238337410952226,1.0
MG_L90_T0_C100,90,0.0,100.0,17,AUR,0.24378344448279798,1.0
MG_L90_T0_C100,90,0.0,100.0,18,AUR,0.11034856195542675,1.0
MG_L90_T0_C100,90,0.0,100.0,19,AUR,-0.08739814717448224,0.0
MG_L90_T0_C100,90,0.0,100.0,20,AUR,-0.04694385650316368,0.0
MG_L90_T0_C100,90,0.0,100.0,21,AUR,-0.012470241842726493,0.0
MG_L90_T0_C100,90,0.0,100.0,22,AUR,-0.003223191045852336,0.0
MG_L90_T0_C100,90,0.0,100.0,23,AUR,0.07549876291684621,1.0
MG_L90_T0_C100,90,0.0,100.0,24,AUR,0.09967208522157822,1.0
MG_L90_T0_C100,90,0.0,100.0,25,AUR,0.014702883867814931,1.0
MG_L90_T0_C100,90,0.0,100.0,26,AUR,0.07399608779107991,1.0
MG_L90_T0_C100,90,0.0,100.0,27,AUR,0.05502964976551894,1.0
MG_L90_T0_C100,90,0.0,100.0,28,AUR,-0.03687299059699756,0.0
MG_L90_T0_C100,90,0.0,100.0,29,AUR,0.03954029961750405,1.0
MG_L90_T0_C100,90,0.0,100.0,30,AUR,-0.02203496038721775,0.0
MG_L90_T0_C100,90,0.0,100.0,31,AUR,-0.0550720881791702,0.0
MG_L90_T0_C100,90,0.0,100.0,32,AUR,-0.005581423570451438,0.0
MG_L90_T0_C100,90,0.0,100.0,33,AUR,0.039289436373036946,1.0
MG_L90_T0_C100,90,0.0,100.0,34,AUR,0.038092675900049056,1.0
MG_L90_T0_C100,90,0.0,100.0,35,AUR,0.10662948906282765,1.0
MG_L90_T0_C100,90,0.0,100.0,36,AUR,0.09654294734664592,1.0
MG_L90_T0_C100,90,0.0,100.0,37,AUR,-0.013026219227120661,0.0
MG_L90_T0_C100,90,0.0,100.0,38,AUR,0.0416890477604015,1.0
MG_L90_T0_C100,90,0.0,100.0,39,AUR,-0.0009452728980264835,0.0
MG_L90_T0_C100,90,0.0,100.0,40,AUR,0.08650368709874723,1.0
MG_L90_T0_C100,90,0.0,100.0,41,AUR,0.27232168244327326,1.0
MG_L90_T0_C100,90,0.0,100.0,42,AUR,0.18770508315327405,1.0
MG_L90_T0_C100,90,0.0,100.0,43,AUR,0.13917324071655668,1.0
MG_L90_T0_C100,90,0.0,100.0,44,AUR,0.0543391009361307,1.0
MG_L90_T0_C100,90,0.0,100.0,45,AUR,0.033799729550131996,1.0
MG_L90_T0_C100,90,0.0,100.0,46,AUR,-0.0025041995816851292,0.0
MG_L90_T0_C100,90,0.0,100.0,47,AUR,0.022841523173750877,1.0
MG_L90_T0_C100,90,0.0,100.0,48,AUR,-0.006660407445653549,0.0
MG_L90_T0_C100,90,0.0,100.0,49,AUR,-0.013895896846497169,0.0
MG_L90_T0_C100,90,0.0,100.0,50,AUR,-0.018349148791214853,0.0
MG_L90_T0_C100,90,0.0,100.0,51,AUR,-0.03043057259287052,0.0
MG_L90_T0_C100,90,0.0,100.0,52,AUR,-0.01670928858737908,0.0
MG_L90_T0_C100,90,0.0,100.0,0,QAUR,0.12852746869151344,1.0
MG_L90_T0_C100,90,0.0,100.0,1,QAUR,-0.03792597534472952,0.0
MG_L90_T0_C100,90,0.0,100.0,2,QAUR,-0.14399612708578202,0.0
MG_L90_T0_C100,90,0.0,100.0,3,QAUR,-0.2624577938744469,0.0
MG_L90_T0_C100,90,0.0,100.0,4,QAUR,-0.26849793560608504,0.0
MG_L90_T0_C100,90,0.0,100.0,5,QAUR,-0.015584272226095597,0.0
MG_L90_T0_C100,90,0.0,100.0,6,QAUR,-0.09580297046256836,0.0
MG_L90_T0_C100,90,0.0,100.0,7,QAUR,-0.13052044535376062,0.0
MG_L90_T0_C100,90,0.0,100.0,8,QAUR,-0.1983909478086936,0.0
MG_L90_T0_C100,90,0.0,100.0,9,QAUR,-0.2902638432798621,0.0
MG_L90_T0_C100,90,0.0,100.0,10,QAUR,-0.19350039116374051,0.0
MG_L90_T0_C100,90,0.0,100.0,11,QAUR,-0.08641887991651331,0.0
MG_L90_T0_C100,90,0.0,100.0,12,QAUR,0.1721170893258981,1.0
MG_L90_T0_C100,90,0.0,100.0,13,QAUR,0.02185901123296885,1.0
MG_L90_T0_C100,90,0.0,100.0,14,QAUR,0.18789184993131558,1.0
MG_L90_T0_C100,90,0.0,100.0,15,QAUR,0.1284998625335383,1.0
MG_L90_T0_C100,90,0.0,100.0,16,QAUR,0.24238337410952226,1.0
MG_L90_T0_C100,90,0.0,100.0,17,QAUR,0.24378344448279798,1.0
MG_L90_T0_C100,90,0.0,100.0,18,QAUR,0.11034856195542675,1.0
MG_L90_T0_C100,90,0.0,100.0,19,QAUR,-0.08739814717448224,0.0
MG_L90_T0_C100,90,0.0,100.0,20,QAUR,-0.04694385650316368,0.0
MG_L90_T0_C100,90,0.0,100.0,21,QAUR,-0.012470241842726493,0.0
MG_L90_T0_C100,90,0.0,100.0,22,QAUR,-0.003223191045852336,0.0
MG_L90_T0_C100,90,0.0,100.0,23,QAUR,0.07549876291684621,1.0
MG_L90_T0_C100,90,0.0,100.0,24,QAUR,0.09967208522157822,1.0
MG_L90_T0_C100,90,0.0,100.0,25,QAUR,0.014702883867814931,1.0
MG_L90_T0_C100,90,0.0,100.0,26,QAUR,0.07399608779107991,1.0
MG_L90_T0_C100,90,0.0,100.0,27,QAUR,0.05502964976551894,1.0
MG_L90_T0_C100,90,0.0,100.0,28,QAUR,-0.03687299059699756,0.0
MG_L90_T0_C100,90,0.0,100.0,29,QAUR,0.03954029961750405,1.0
MG_L90_T0_C100,90,0.0,100.0,30,QAUR,-0.02203496038721775,0.0
MG_L90_T0_C100,90,0.0,100.0,31,QAUR,-0.0550720881791702,0.0
MG_L90_T0_C100,90,0.0,100.0,32,QAUR,-0.005581423570451438,0.0
MG_L90_T0_C100,90,0.0,100.0,33,QAUR,0.039289436373036946,1.0
MG_L90_T0_C100,90,0.0,100.0,34,QAUR,0.038092675900049056,1.0
MG_L90_T0_C100,90,0.0,100.0,35,QAUR,0.10662948906282765,1.0
MG_L90_T0_C100,90,0.0,100.0,36,QAUR,0.09654294734664592,1.0
MG_L90_T0_C100,90,0.0,100.0,37,QAUR,-0.013026219227120661,0.0
MG_L90_T0_C100,90,0.0,100.0,38,QAUR,0.0416890477604015,1.0
MG_L90_T0_C100,90,0.0,100.0,39,QAUR,-0.0009452728980264835,0.0
MG_L90_T0_C100,90,0.0,100.0,40,QAUR,0.08650368709874723,1.0
MG_L90_T0_C100,90,0.0,100.0,41,QAUR,0.27232168244327326,1.0
MG_L90_T0_C100,90,0.0,100.0,42,QAUR,0.18770508315327405,1.0
MG_L90_T0_C100,90,0.0,100.0,43,QAUR,0.13917324071655668,1.0
MG_L90_T0_C100,90,0.0,100.0,44,QAUR,0.0543391009361307,1.0
MG_L90_T0_C100,90,0.0,100.0,45,QAUR,0.033799729550131996,1.0
MG_L90_T0_C100,90,0.0,100.0,46,QAUR,-0.0025041995816851292,0.0
MG_L90_T0_C100,90,0.0,100.0,47,QAUR,0.022841523173750877,1.0
MG_L90_T0_C100,90,0.0,100.0,48,QAUR,-0.006660407445653549,0.0
MG_L90_T0_C100,90,0.0,100.0,49,QAUR,-0.013895896846497169,0.0
MG_L90_T0_C100,90,0.0,100.0,50,QAUR,-0.018349148791214853,0.0
MG_L90_T0_C100,90,0.0,100.0,51,QAUR,-0.03043057259287052,0.0
MG_L90_T0_C100,90,0.0,100.0,52,QAUR,-0.01670928858737908,0.0
MG_L90_T2_C0,90,0.02,0.0,0,AUR,0.12852746869151344,1.0
MG_L90_T2_C0,90,0.02,0.0,1,AUR,-0.03792597534472952,0.0
MG_L90_T2_C0,90,0.02,0.0,2,AUR,-0.14399612708578202,0.0
MG_L90_T2_C0,90,0.02,0.0,3,AUR,-0.2624577938744469,0.0
MG_L90_T2_C0,90,0.02,0.0,4,AUR,-0.26849793560608504,0.0
MG_L90_T2_C0,90,0.02,0.0,5,AUR,-0.015584272226095597,0.0
MG_L90_T2_C0,90,0.02,0.0,6,AUR,-0.09580297046256836,0.0
MG_L90_T2_C0,90,0.02,0.0,7,AUR,-0.13052044535376062,0.0
MG_L90_T2_C0,90,0.02,0.0,8,AUR,-0.1983909478086936,0.0
MG_L90_T2_C0,90,0.02,0.0,9,AUR,-0.2902638432798621,0.0
MG_L90_T2_C0,90,0.02,0.0,10,AUR,-0.19350039116374051,0.0
MG_L90_T2_C0,90,0.02,0.0,11,AUR,-0.08641887991651331,0.0
MG_L90_T2_C0,90,0.02,0.0,12,AUR,0.1721170893258981,1.0
MG_L90_T2_C0,90,0.02,0.0,13,AUR,0.02185901123296885,1.0
MG_L90_T2_C0,90,0.02,0.0,14,AUR,0.18789184993131558,1.0
MG_L90_T2_C0,90,0.02,0.0,15,AUR,0.1284998625335383,1.0
MG_L90_T2_C0,90,0.02,0.0,16,AUR,0.24238337410952226,1.0
MG_L90_T2_C0,90,0.02,0.0,17,AUR,0.24378344448279798,1.0
MG_L90_T2_C0,90,0.02,0.0,18,AUR,0.11034856195542675,1.0
MG_L90_T2_C0,90,0.02,0.0,19,AUR,-0.08739814717448224,0.0
MG_L90_T2_C0,90,0.02,0.0,20,AUR,-0.04694385650316368,0.0
MG_L90_T2_C0,90,0.02,0.0,21,AUR,-0.012470241842726493,0.0
MG_L90_T2_C0,90,0.02,0.0,22,AUR,-0.003223191045852336,0.0
MG_L90_T2_C0,90,0.02,0.0,23,AUR,0.07549876291684621,1.0
MG_L90_T2_C0,90,0.02,0.0,24,AUR,0.09967208522157822,1.0
MG_L90_T2_C0,90,0.02,0.0,25,AUR,0.014702883867814931,0.0
MG_L90_T2_C0,90,0.02,0.0,26,AUR,0.07399608779107991,1.0
MG_L90_T2_C0,90,0.02,0.0,27,AUR,0.05502964976551894,1.0
MG_L90_T2_C0,90,0.02,0.0,28,AUR,-0.03687299059699756,0.0
MG_L90_T2_C0,90,0.02,0.0,29,AUR,0.03954029961750405,1.0
MG_L90_T2_C0,90,0.02,0.0,30,AUR,-0.02203496038721775,0.0
MG_L90_T2_C0,90,0.02,0.0,31,AUR,-0.0550720881791702,0.0
MG_L90_T2_C0,90,0.02,0.0,32,AUR,-0.005581423570451438,0.0
MG_L90_T2_C0,90,0.02,0.0,33,AUR,0.039289436373036946,1.0
MG_L90_T2_C0,90,0.02,0.0,34,AUR,0.038092675900049056,1.0
MG_L90_T2_C0,90,0.02,0.0,35,AUR,0.10662948906282765,1.0
MG_L90_T2_C0,90,0.02,0.0,36,AUR,0.09654294734664592,1.0
MG_L90_T2_C0,90,0.02,0.0,37,AUR,-0.013026219227120661,0.0
MG_L90_T2_C0,90,0.02,0.0,38,AUR,0.0416890477604015,1.0
MG_L90_T2_C0,90,0.02,0.0,39,AUR,-0.0009452728980264835,0.0
MG_L90_T2_C0,90,0.02,0.0,40,AUR,0.08650368709874723,1.0
MG_L90_T2_C0,90,0.02,0.0,41,AUR,0.27232168244327326,1.0
MG_L90_T2_C0,90,0.02,0.0,42,AUR,0.18770508315327405,1.0
MG_L90_T2_C0,90,0.02,0.0,43,AUR,0.13917324071655668,1.0
MG_L90_T2_C0,90,0.02,0.0,44,AUR,0.0543391009361307,1.0
MG_L90_T2_C0,90,0.02,0.0,45,AUR,0.033799729550131996,1.0
MG_L90_T2_C0,90,0.02,0.0,46,AUR,-0.0025041995816851292,0.0
MG_L90_T2_C0,90,0.02,0.0,47,AUR,0.022841523173750877,1.0
MG_L90_T2_C0,90,0.02,0.0,48,AUR,-0.006660407445653549,0.0
MG_L90_T2_C0,90,0.02,0.0,49,AUR,-0.013895896846497169,0.0
MG_L90_T2_C0,90,0.02,0.0,50,AUR,-0.018349148791214853,0.0
MG_L90_T2_C0,90,0.02,0.0,51,AUR,-0.03043057259287052,0.0
MG_L90_T2_C0,90,0.02,0.0,52,AUR,-0.01670928858737908,0.0
MG_L90_T2_C0,90,0.02,0.0,0,QAUR,0.12852746869151344,1.0
MG_L90_T2_C0,90,0.02,0.0,1,QAUR,-0.03792597534472952,0.0
MG_L90_T2_C0,90,0.02,0.0,2,QAUR,-0.14399612708578202,0.0
MG_L90_T2_C0,90,0.02,0.0,3,QAUR,-0.2624577938744469,0.0
MG_L90_T2_C0,90,0.02,0.0,4,QAUR,-0.26849793560608504,0.0
MG_L90_T2_C0,90,0.02,0.0,5,QAUR,-0.015584272226095597,0.0
MG_L90_T2_C0,90,0.02,0.0,6,QAUR,-0.09580297046256836,0.0
MG_L90_T2_C0,90,0.02,0.0,7,QAUR,-0.13052044535376062,0.0
MG_L90_T2_C0,90,0.02,0.0,8,QAUR,-0.1983909478086936,0.0
MG_L90_T2_C0,90,0.02,0.0,9,QAUR,-0.2902638432798621,0.0
MG_L90_T2_C0,90,0.02,0.0,10,QAUR,-0.19350039116374051,0.0
MG_L90_T2_C0,90,0.02,0.0,11,QAUR,-0.08641887991651331,0.0
MG_L90_T2_C0,90,0.02,0.0,12,QAUR,0.1721170893258981,1.0
MG_L90_T2_C0,90,0.02,0.0,13,QAUR,0.02185901123296885,1.0
MG_L90_T2_C0,90,0.02,0.0,14,QAUR,0.18789184993131558,1.0
MG_L90_T2_C0,90,0.02,0.0,15,QAUR,0.1284998625335383,1.0
MG_L90_T2_C0,90,0.02,0.0,16,QAUR,0.24238337410952226,1.0
MG_L90_T2_C0,90,0.02,0.0,17,QAUR,0.24378344448279798,1.0
MG_L90_T2_C0,90,0.02,0.0,18,QAUR,0.11034856195542675,1.0
MG_L90_T2_C0,90,0.02,0.0,19,QAUR,-0.08739814717448224,0.0
MG_L90_T2_C0,90,0.02,0.0,20,QAUR,-0.04694385650316368,0.0
MG_L90_T2_C0,90,0.02,0.0,21,QAUR,-0.012470241842726493,0.0
MG_L90_T2_C0,90,0.02,0.0,22,QAUR,-0.003223191045852336,0.0
MG_L90_T2_C0,90,0.02,0.0,23,QAUR,0.07549876291684621,1.0
MG_L90_T2_C0,90,0.02,0.0,24,QAUR,0.09967208522157822,1.0
MG_L90_T2_C0,90,0.02,0.0,25,QAUR,0.014702883867814931,0.0
MG_L90_T2_C0,90,0.02,0.0,26,QAUR,0.07399608779107991,1.0
MG_L90_T2_C0,90,0.02,0.0,27,QAUR,0.05502964976551894,1.0
MG_L90_T2_C0,90,0.02,0.0,28,QAUR,-0.03687299059699756,0.0
MG_L90_T2_C0,90,0.02,0.0,29,QAUR,0.03954029961750405,1.0
MG_L90_T2_C0,90,0.02,0.0,30,QAUR,-0.02203496038721775,0.0
MG_L90_T2_C0,90,0.02,0.0,31,QAUR,-0.0550720881791702,0.0
MG_L90_T2_C0,90,0.02,0.0,32,QAUR,-0.005581423570451438,0.0
MG_L90_T2_C0,90,0.02,0.0,33,QAUR,0.039289436373036946,1.0
MG_L90_T2_C0,90,0.02,0.0,34,QAUR,0.038092675900049056,1.0
MG_L90_T2_C0,90,0.02,0.0,35,QAUR,0.10662948906282765,1.0
MG_L90_T2_C0,90,0.02,0.0,36,QAUR,0.09654294734664592,1.0
MG_L90_T2_C0,90,0.02,0.0,37,QAUR,-0.013026219227120661,0.0
MG_L90_T2_C0,90,0.02,0.0,38,QAUR,0.0416890477604015,1.0
MG_L90_T2_C0,90,0.02,0.0,39,QAUR,-0.0009452728980264835,0.0
MG_L90_T2_C0,90,0.02,0.0,40,QAUR,0.08650368709874723,1.0
MG_L90_T2_C0,90,0.02,0.0,41,QAUR,0.27232168244327326,1.0
MG_L90_T2_C0,90,0.02,0.0,42,QAUR,0.18770508315327405,1.0
MG_L90_T2_C0,90,0.02,0.0,43,QAUR,0.13917324071655668,1.0
MG_L90_T2_C0,90,0.02,0.0,44,QAUR,0.0543391009361307,1.0
MG_L90_T2_C0,90,0.02,0.0,45,QAUR,0.033799729550131996,1.0
MG_L90_T2_C0,90,0.02,0.0,46,QAUR,-0.0025041995816851292,0.0
MG_L90_T2_C0,90,0.02,0.0,47,QAUR,0.022841523173750877,1.0
MG_L90_T2_C0,90,0.02,0.0,48,QAUR,-0.006660407445653549,0.0
MG_L90_T2_C0,90,0.02,0.0,49,QAUR,-0.013895896846497169,0.0
MG_L90_T2_C0,90,0.02,0.0,50,QAUR,-0.018349148791214853,0.0
MG_L90_T2_C0,90,0.02,0.0,51,QAUR,-0.03043057259287052,0.0
MG_L90_T2_C0,90,0.02,0.0,52,QAUR,-0.01670928858737908,0.0
MG_L90_T2_C25,90,0.02,25.0,0,AUR,0.12852746869151344,1.0
MG_L90_T2_C25,90,0.02,25.0,1,AUR,-0.03792597534472952,0.0
MG_L90_T2_C25,90,0.02,25.0,2,AUR,-0.14399612708578202,0.0
MG_L90_T2_C25,90,0.02,25.0,3,AUR,-0.2624577938744469,0.0
MG_L90_T2_C25,90,0.02,25.0,4,AUR,-0.26849793560608504,0.0
MG_L90_T2_C25,90,0.02,25.0,5,AUR,-0.015584272226095597,0.0
MG_L90_T2_C25,90,0.02,25.0,6,AUR,-0.09580297046256836,0.0
MG_L90_T2_C25,90,0.02,25.0,7,AUR,-0.13052044535376062,0.0
MG_L90_T2_C25,90,0.02,25.0,8,AUR,-0.1983909478086936,0.0
MG_L90_T2_C25,90,0.02,25.0,9,AUR,-0.2902638432798621,0.0
MG_L90_T2_C25,90,0.02,25.0,10,AUR,-0.19350039116374051,0.0
MG_L90_T2_C25,90,0.02,25.0,11,AUR,-0.08641887991651331,0.0
MG_L90_T2_C25,90,0.02,25.0,12,AUR,0.1721170893258981,1.0
MG_L90_T2_C25,90,0.02,25.0,13,AUR,0.02185901123296885,1.0
MG_L90_T2_C25,90,0.02,25.0,14,AUR,0.18789184993131558,1.0
MG_L90_T2_C25,90,0.02,25.0,15,AUR,0.1284998625335383,1.0
MG_L90_T2_C25,90,0.02,25.0,16,AUR,0.24238337410952226,1.0
MG_L90_T2_C25,90,0.02,25.0,17,AUR,0.24378344448279798,1.0
MG_L90_T2_C25,90,0.02,25.0,18,AUR,0.11034856195542675,1.0
MG_L90_T2_C25,90,0.02,25.0,19,AUR,-0.08739814717448224,0.0
MG_L90_T2_C25,90,0.02,25.0,20,AUR,-0.04694385650316368,0.0
MG_L90_T2_C25,90,0.02,25.0,21,AUR,-0.012470241842726493,0.0
MG_L90_T2_C25,90,0.02,25.0,22,AUR,-0.003223191045852336,0.0
MG_L90_T2_C25,90,0.02,25.0,23,AUR,0.07549876291684621,1.0
MG_L90_T2_C25,90,0.02,25.0,24,AUR,0.09967208522157822,1.0
MG_L90_T2_C25,90,0.02,25.0,25,AUR,0.014702883867814931,0.0
MG_L90_T2_C25,90,0.02,25.0,26,AUR,0.07399608779107991,1.0
MG_L90_T2_C25,90,0.02,25.0,27,AUR,0.05502964976551894,1.0
MG_L90_T2_C25,90,0.02,25.0,28,AUR,-0.03687299059699756,0.0
MG_L90_T2_C25,90,0.02,25.0,29,AUR,0.03954029961750405,1.0
MG_L90_T2_C25,90,0.02,25.0,30,AUR,-0.02203496038721775,0.0
MG_L90_T2_C25,90,0.02,25.0,31,AUR,-0.0550720881791702,0.0
MG_L90_T2_C25,90,0.02,25.0,32,AUR,-0.005581423570451438,0.0
MG_L90_T2_C25,90,0.02,25.0,33,AUR,0.039289436373036946,1.0
MG_L90_T2_C25,90,0.02,25.0,34,AUR,0.038092675900049056,1.0
MG_L90_T2_C25,90,0.02,25.0,35,AUR,0.10662948906282765,1.0
MG_L90_T2_C25,90,0.02,25.0,36,AUR,0.09654294734664592,1.0
MG_L90_T2_C25,90,0.02,25.0,37,AUR,-0.013026219227120661,0.0
MG_L90_T2_C25,90,0.02,25.0,38,AUR,0.0416890477604015,1.0
MG_L90_T2_C25,90,0.02,25.0,39,AUR,-0.0009452728980264835,0.0
MG_L90_T2_C25,90,0.02,25.0,40,AUR,0.08650368709874723,1.0
MG_L90_T2_C25,90,0.02,25.0,41,AUR,0.27232168244327326,1.0
MG_L90_T2_C25,90,0.02,25.0,42,AUR,0.18770508315327405,1.0
MG_L90_T2_C25,90,0.02,25.0,43,AUR,0.13917324071655668,1.0
MG_L90_T2_C25,90,0.02,25.0,44,AUR,0.0543391009361307,1.0
MG_L90_T2_C25,90,0.02,25.0,45,AUR,0.033799729550131996,1.0
MG_L90_T2_C25,90,0.02,25.0,46,AUR,-0.0025041995816851292,0.0
MG_L90_T2_C25,90,0.02,25.0,47,AUR,0.022841523173750877,1.0
MG_L90_T2_C25,90,0.02,25.0,48,AUR,-0.006660407445653549,0.0
MG_L90_T2_C25,90,0.02,25.0,49,AUR,-0.013895896846497169,0.0
MG_L90_T2_C25,90,0.02,25.0,50,AUR,-0.018349148791214853,0.0
MG_L90_T2_C25,90,0.02,25.0,51,AUR,-0.03043057259287052,0.0
MG_L90_T2_C25,90,0.02,25.0,52,AUR,-0.01670928858737908,0.0
MG_L90_T2_C25,90,0.02,25.0,0,QAUR,0.12852746869151344,1.0
MG_L90_T2_C25,90,0.02,25.0,1,QAUR,-0.03792597534472952,0.0
MG_L90_T2_C25,90,0.02,25.0,2,QAUR,-0.14399612708578202,0.0
MG_L90_T2_C25,90,0.02,25.0,3,QAUR,-0.2624577938744469,0.0
MG_L90_T2_C25,90,0.02,25.0,4,QAUR,-0.26849793560608504,0.0
MG_L90_T2_C25,90,0.02,25.0,5,QAUR,-0.015584272226095597,0.0
MG_L90_T2_C25,90,0.02,25.0,6,QAUR,-0.09580297046256836,0.0
MG_L90_T2_C25,90,0.02,25.0,7,QAUR,-0.13052044535376062,0.0
MG_L90_T2_C25,90,0.02,25.0,8,QAUR,-0.1983909478086936,0.0
MG_L90_T2_C25,90,0.02,25.0,9,QAUR,-0.2902638432798621,0.0
MG_L90_T2_C25,90,0.02,25.0,10,QAUR,-0.19350039116374051,0.0
MG_L90_T2_C25,90,0.02,25.0,11,QAUR,-0.08641887991651331,0.0
MG_L90_T2_C25,90,0.02,25.0,12,QAUR,0.1721170893258981,1.0
MG_L90_T2_C25,90,0.02,25.0,13,QAUR,0.02185901123296885,1.0
MG_L90_T2_C25,90,0.02,25.0,14,QAUR,0.18789184993131558,1.0
MG_L90_T2_C25,90,0.02,25.0,15,QAUR,0.1284998625335383,1.0
MG_L90_T2_C25,90,0.02,25.0,16,QAUR,0.24238337410952226,1.0
MG_L90_T2_C25,90,0.02,25.0,17,QAUR,0.24378344448279798,1.0
MG_L90_T2_C25,90,0.02,25.0,18,QAUR,0.11034856195542675,1.0
MG_L90_T2_C25,90,0.02,25.0,19,QAUR,-0.08739814717448224,0.0
MG_L90_T2_C25,90,0.02,25.0,20,QAUR,-0.04694385650316368,0.0
MG_L90_T2_C25,90,0.02,25.0,21,QAUR,-0.012470241842726493,0.0
MG_L90_T2_C25,90,0.02,25.0,22,QAUR,-0.003223191045852336,0.0
MG_L90_T2_C25,90,0.02,25.0,23,QAUR,0.07549876291684621,1.0
MG_L90_T2_C25,90,0.02,25.0,24,QAUR,0.09967208522157822,1.0
MG_L90_T2_C25,90,0.02,25.0,25,QAUR,0.014702883867814931,0.0
MG_L90_T2_C25,90,0.02,25.0,26,QAUR,0.07399608779107991,1.0
MG_L90_T2_C25,90,0.02,25.0,27,QAUR,0.05502964976551894,1.0
MG_L90_T2_C25,90,0.02,25.0,28,QAUR,-0.03687299059699756,0.0
MG_L90_T2_C25,90,0.02,25.0,29,QAUR,0.03954029961750405,1.0
MG_L90_T2_C25,90,0.02,25.0,30,QAUR,-0.02203496038721775,0.0
MG_L90_T2_C25,90,0.02,25.0,31,QAUR,-0.0550720881791702,0.0
MG_L90_T2_C25,90,0.02,25.0,32,QAUR,-0.005581423570451438,0.0
MG_L90_T2_C25,90,0.02,25.0,33,QAUR,0.039289436373036946,1.0
MG_L90_T2_C25,90,0.02,25.0,34,QAUR,0.038092675900049056,1.0
MG_L90_T2_C25,90,0.02,25.0,35,QAUR,0.10662948906282765,1.0
MG_L90_T2_C25,90,0.02,25.0,36,QAUR,0.09654294734664592,1.0
MG_L90_T2_C25,90,0.02,25.0,37,QAUR,-0.013026219227120661,0.0
MG_L90_T2_C25,90,0.02,25.0,38,QAUR,0.0416890477604015,1.0
MG_L90_T2_C25,90,0.02,25.0,39,QAUR,-0.0009452728980264835,0.0
MG_L90_T2_C25,90,0.02,25.0,40,QAUR,0.08650368709874723,1.0
MG_L90_T2_C25,90,0.02,25.0,41,QAUR,0.27232168244327326,1.0
MG_L90_T2_C25,90,0.02,25.0,42,QAUR,0.18770508315327405,1.0
MG_L90_T2_C25,90,0.02,25.0,43,QAUR,0.13917324071655668,1.0
MG_L90_T2_C25,90,0.02,25.0,44,QAUR,0.0543391009361307,1.0
MG_L90_T2_C25,90,0.02,25.0,45,QAUR,0.033799729550131996,1.0
MG_L90_T2_C25,90,0.02,25.0,46,QAUR,-0.0025041995816851292,0.0
MG_L90_T2_C25,90,0.02,25.0,47,QAUR,0.022841523173750877,1.0
MG_L90_T2_C25,90,0.02,25.0,48,QAUR,-0.006660407445653549,0.0
MG_L90_T2_C25,90,0.02,25.0,49,QAUR,-0.013895896846497169,0.0
MG_L90_T2_C25,90,0.02,25.0,50,QAUR,-0.018349148791214853,0.0
MG_L90_T2_C25,90,0.02,25.0,51,QAUR,-0.03043057259287052,0.0
MG_L90_T2_C25,90,0.02,25.0,52,QAUR,-0.01670928858737908,0.0
MG_L90_T2_C50,90,0.02,50.0,0,AUR,0.12852746869151344,1.0
MG_L90_T2_C50,90,0.02,50.0,1,AUR,-0.03792597534472952,0.0
MG_L90_T2_C50,90,0.02,50.0,2,AUR,-0.14399612708578202,0.0
MG_L90_T2_C50,90,0.02,50.0,3,AUR,-0.2624577938744469,0.0
MG_L90_T2_C50,90,0.02,50.0,4,AUR,-0.26849793560608504,0.0
MG_L90_T2_C50,90,0.02,50.0,5,AUR,-0.015584272226095597,0.0
MG_L90_T2_C50,90,0.02,50.0,6,AUR,-0.09580297046256836,0.0
MG_L90_T2_C50,90,0.02,50.0,7,AUR,-0.13052044535376062,0.0
MG_L90_T2_C50,90,0.02,50.0,8,AUR,-0.1983909478086936,0.0
MG_L90_T2_C50,90,0.02,50.0,9,AUR,-0.2902638432798621,0.0
MG_L90_T2_C50,90,0.02,50.0,10,AUR,-0.19350039116374051,0.0
MG_L90_T2_C50,90,0.02,50.0,11,AUR,-0.08641887991651331,0.0
MG_L90_T2_C50,90,0.02,50.0,12,AUR,0.1721170893258981,1.0
MG_L90_T2_C50,90,0.02,50.0,13,AUR,0.02185901123296885,1.0
MG_L90_T2_C50,90,0.02,50.0,14,AUR,0.18789184993131558,1.0
MG_L90_T2_C50,90,0.02,50.0,15,AUR,0.1284998625335383,1.0
MG_L90_T2_C50,90,0.02,50.0,16,AUR,0.24238337410952226,1.0
MG_L90_T2_C50,90,0.02,50.0,17,AUR,0.24378344448279798,1.0
MG_L90_T2_C50,90,0.02,50.0,18,AUR,0.11034856195542675,1.0
MG_L90_T2_C50,90,0.02,50.0,19,AUR,-0.08739814717448224,0.0
MG_L90_T2_C50,90,0.02,50.0,20,AUR,-0.04694385650316368,0.0
MG_L90_T2_C50,90,0.02,50.0,21,AUR,-0.012470241842726493,0.0
MG_L90_T2_C50,90,0.02,50.0,22,AUR,-0.003223191045852336,0.0
MG_L90_T2_C50,90,0.02,50.0,23,AUR,0.07549876291684621,1.0
MG_L90_T2_C50,90,0.02,50.0,24,AUR,0.09967208522157822,1.0
MG_L90_T2_C50,90,0.02,50.0,25,AUR,0.014702883867814931,0.0
MG_L90_T2_C50,90,0.02,50.0,26,AUR,0.07399608779107991,1.0
MG_L90_T2_C50,90,0.02,50.0,27,AUR,0.05502964976551894,1.0
MG_L90_T2_C50,90,0.02,50.0,28,AUR,-0.03687299059699756,0.0
MG_L90_T2_C50,90,0.02,50.0,29,AUR,0.03954029961750405,1.0
MG_L90_T2_C50,90,0.02,50.0,30,AUR,-0.02203496038721775,0.0
MG_L90_T2_C50,90,0.02,50.0,31,AUR,-0.0550720881791702,0.0
MG_L90_T2_C50,90,0.02,50.0,32,AUR,-0.005581423570451438,0.0
MG_L90_T2_C50,90,0.02,50.0,33,AUR,0.039289436373036946,1.0
MG_L90_T2_C50,90,0.02,50.0,34,AUR,0.038092675900049056,1.0
MG_L90_T2_C50,90,0.02,50.0,35,AUR,0.10662948906282765,1.0
MG_L90_T2_C50,90,0.02,50.0,36,AUR,0.09654294734664592,1.0
MG_L90_T2_C50,90,0.02,50.0,37,AUR,-0.013026219227120661,0.0
MG_L90_T2_C50,90,0.02,50.0,38,AUR,0.0416890477604015,1.0
MG_L90_T2_C50,90,0.02,50.0,39,AUR,-0.0009452728980264835,0.0
MG_L90_T2_C50,90,0.02,50.0,40,AUR,0.08650368709874723,1.0
MG_L90_T2_C50,90,0.02,50.0,41,AUR,0.27232168244327326,1.0
MG_L90_T2_C50,90,0.02,50.0,42,AUR,0.18770508315327405,1.0
MG_L90_T2_C50,90,0.02,50.0,43,AUR,0.13917324071655668,1.0
MG_L90_T2_C50,90,0.02,50.0,44,AUR,0.0543391009361307,1.0
MG_L90_T2_C50,90,0.02,50.0,45,AUR,0.033799729550131996,1.0
MG_L90_T2_C50,90,0.02,50.0,46,AUR,-0.0025041995816851292,0.0
MG_L90_T2_C50,90,0.02,50.0,47,AUR,0.022841523173750877,1.0
MG_L90_T2_C50,90,0.02,50.0,48,AUR,-0.006660407445653549,0.0
MG_L90_T2_C50,90,0.02,50.0,49,AUR,-0.013895896846497169,0.0
MG_L90_T2_C50,90,0.02,50.0,50,AUR,-0.018349148791214853,0.0
MG_L90_T2_C50,90,0.02,50.0,51,AUR,-0.03043057259287052,0.0
MG_L90_T2_C50,90,0.02,50.0,52,AUR,-0.01670928858737908,0.0
MG_L90_T2_C50,90,0.02,50.0,0,QAUR,0.12852746869151344,1.0
MG_L90_T2_C50,90,0.02,50.0,1,QAUR,-0.03792597534472952,0.0
MG_L90_T2_C50,90,0.02,50.0,2,QAUR,-0.14399612708578202,0.0
MG_L90_T2_C50,90,0.02,50.0,3,QAUR,-0.2624577938744469,0.0
MG_L90_T2_C50,90,0.02,50.0,4,QAUR,-0.26849793560608504,0.0
MG_L90_T2_C50,90,0.02,50.0,5,QAUR,-0.015584272226095597,0.0
MG_L90_T2_C50,90,0.02,50.0,6,QAUR,-0.09580297046256836,0.0
MG_L90_T2_C50,90,0.02,50.0,7,QAUR,-0.13052044535376062,0.0
MG_L90_T2_C50,90,0.02,50.0,8,QAUR,-0.1983909478086936,0.0
MG_L90_T2_C50,90,0.02,50.0,9,QAUR,-0.2902638432798621,0.0
MG_L90_T2_C50,90,0.02,50.0,10,QAUR,-0.19350039116374051,0.0
MG_L90_T2_C50,90,0.02,50.0,11,QAUR,-0.08641887991651331,0.0
MG_L90_T2_C50,90,0.02,50.0,12,QAUR,0.1721170893258981,1.0
MG_L90_T2_C50,90,0.02,50.0,13,QAUR,0.02185901123296885,1.0
MG_L90_T2_C50,90,0.02,50.0,14,QAUR,0.18789184993131558,1.0
MG_L90_T2_C50,90,0.02,50.0,15,QAUR,0.1284998625335383,1.0
MG_L90_T2_C50,90,0.02,50.0,16,QAUR,0.24238337410952226,1.0
MG_L90_T2_C50,90,0.02,50.0,17,QAUR,0.24378344448279798,1.0
MG_L90_T2_C50,90,0.02,50.0,18,QAUR,0.11034856195542675,1.0
MG_L90_T2_C50,90,0.02,50.0,19,QAUR,-0.08739814717448224,0.0
MG_L90_T2_C50,90,0.02,50.0,20,QAUR,-0.04694385650316368,0.0
MG_L90_T2_C50,90,0.02,50.0,21,QAUR,-0.012470241842726493,0.0
MG_L90_T2_C50,90,0.02,50.0,22,QAUR,-0.003223191045852336,0.0
MG_L90_T2_C50,90,0.02,50.0,23,QAUR,0.07549876291684621,1.0
MG_L90_T2_C50,90,0.02,50.0,24,QAUR,0.09967208522157822,1.0
MG_L90_T2_C50,90,0.02,50.0,25,QAUR,0.014702883867814931,0.0
MG_L90_T2_C50,90,0.02,50.0,26,QAUR,0.07399608779107991,1.0
MG_L90_T2_C50,90,0.02,50.0,27,QAUR,0.05502964976551894,1.0
MG_L90_T2_C50,90,0.02,50.0,28,QAUR,-0.03687299059699756,0.0
MG_L90_T2_C50,90,0.02,50.0,29,QAUR,0.03954029961750405,1.0
MG_L90_T2_C50,90,0.02,50.0,30,QAUR,-0.02203496038721775,0.0
MG_L90_T2_C50,90,0.02,50.0,31,QAUR,-0.0550720881791702,0.0
MG_L90_T2_C50,90,0.02,50.0,32,QAUR,-0.005581423570451438,0.0
MG_L90_T2_C50,90,0.02,50.0,33,QAUR,0.039289436373036946,1.0
MG_L90_T2_C50,90,0.02,50.0,34,QAUR,0.038092675900049056,1.0
MG_L90_T2_C50,90,0.02,50.0,35,QAUR,0.10662948906282765,1.0
MG_L90_T2_C50,90,0.02,50.0,36,QAUR,0.09654294734664592,1.0
MG_L90_T2_C50,90,0.02,50.0,37,QAUR,-0.013026219227120661,0.0
MG_L90_T2_C50,90,0.02,50.0,38,QAUR,0.0416890477604015,1.0
MG_L90_T2_C50,90,0.02,50.0,39,QAUR,-0.0009452728980264835,0.0
MG_L90_T2_C50,90,0.02,50.0,40,QAUR,0.08650368709874723,1.0
MG_L90_T2_C50,90,0.02,50.0,41,QAUR,0.27232168244327326,1.0
MG_L90_T2_C50,90,0.02,50.0,42,QAUR,0.18770508315327405,1.0
MG_L90_T2_C50,90,0.02,50.0,43,QAUR,0.13917324071655668,1.0
MG_L90_T2_C50,90,0.02,50.0,44,QAUR,0.0543391009361307,1.0
MG_L90_T2_C50,90,0.02,50.0,45,QAUR,0.033799729550131996,1.0
MG_L90_T2_C50,90,0.02,50.0,46,QAUR,-0.0025041995816851292,0.0
MG_L90_T2_C50,90,0.02,50.0,47,QAUR,0.022841523173750877,1.0
MG_L90_T2_C50,90,0.02,50.0,48,QAUR,-0.006660407445653549,0.0
MG_L90_T2_C50,90,0.02,50.0,49,QAUR,-0.013895896846497169,0.0
MG_L90_T2_C50,90,0.02,50.0,50,QAUR,-0.018349148791214853,0.0
MG_L90_T2_C50,90,0.02,50.0,51,QAUR,-0.03043057259287052,0.0
MG_L90_T2_C50,90,0.02,50.0,52,QAUR,-0.01670928858737908,0.0
MG_L90_T2_C100,90,0.02,100.0,0,AUR,0.12852746869151344,1.0
MG_L90_T2_C100,90,0.02,100.0,1,AUR,-0.03792597534472952,0.0
MG_L90_T2_C100,90,0.02,100.0,2,AUR,-0.14399612708578202,0.0
MG_L90_T2_C100,90,0.02,100.0,3,AUR,-0.2624577938744469,0.0
MG_L90_T2_C100,90,0.02,100.0,4,AUR,-0.26849793560608504,0.0
MG_L90_T2_C100,90,0.02,100.0,5,AUR,-0.015584272226095597,0.0
MG_L90_T2_C100,90,0.02,100.0,6,AUR,-0.09580297046256836,0.0
MG_L90_T2_C100,90,0.02,100.0,7,AUR,-0.13052044535376062,0.0
MG_L90_T2_C100,90,0.02,100.0,8,AUR,-0.1983909478086936,0.0
MG_L90_T2_C100,90,0.02,100.0,9,AUR,-0.2902638432798621,0.0
MG_L90_T2_C100,90,0.02,100.0,10,AUR,-0.19350039116374051,0.0
MG_L90_T2_C100,90,0.02,100.0,11,AUR,-0.08641887991651331,0.0
MG_L90_T2_C100,90,0.02,100.0,12,AUR,0.1721170893258981,1.0
MG_L90_T2_C100,90,0.02,100.0,13,AUR,0.02185901123296885,1.0
MG_L90_T2_C100,90,0.02,100.0,14,AUR,0.18789184993131558,1.0
MG_L90_T2_C100,90,0.02,100.0,15,AUR,0.1284998625335383,1.0
MG_L90_T2_C100,90,0.02,100.0,16,AUR,0.24238337410952226,1.0
MG_L90_T2_C100,90,0.02,100.0,17,AUR,0.24378344448279798,1.0
MG_L90_T2_C100,90,0.02,100.0,18,AUR,0.11034856195542675,1.0
MG_L90_T2_C100,90,0.02,100.0,19,AUR,-0.08739814717448224,0.0
MG_L90_T2_C100,90,0.02,100.0,20,AUR,-0.04694385650316368,0.0
MG_L90_T2_C100,90,0.02,100.0,21,AUR,-0.012470241842726493,0.0
MG_L90_T2_C100,90,0.02,100.0,22,AUR,-0.003223191045852336,0.0
MG_L90_T2_C100,90,0.02,100.0,23,AUR,0.07549876291684621,1.0
MG_L90_T2_C100,90,0.02,100.0,24,AUR,0.09967208522157822,1.0
MG_L90_T2_C100,90,0.02,100.0,25,AUR,0.014702883867814931,0.0
MG_L90_T2_C100,90,0.02,100.0,26,AUR,0.07399608779107991,1.0
MG_L90_T2_C100,90,0.02,100.0,27,AUR,0.05502964976551894,1.0
MG_L90_T2_C100,90,0.02,100.0,28,AUR,-0.03687299059699756,0.0
MG_L90_T2_C100,90,0.02,100.0,29,AUR,0.03954029961750405,1.0
MG_L90_T2_C100,90,0.02,100.0,30,AUR,-0.02203496038721775,0.0
MG_L90_T2_C100,90,0.02,100.0,31,AUR,-0.0550720881791702,0.0
MG_L90_T2_C100,90,0.02,100.0,32,AUR,-0.005581423570451438,0.0
MG_L90_T2_C100,90,0.02,100.0,33,AUR,0.039289436373036946,1.0
MG_L90_T2_C100,90,0.02,100.0,34,AUR,0.038092675900049056,1.0
MG_L90_T2_C100,90,0.02,100.0,35,AUR,0.10662948906282765,1.0
MG_L90_T2_C100,90,0.02,100.0,36,AUR,0.09654294734664592,1.0
MG_L90_T2_C100,90,0.02,100.0,37,AUR,-0.013026219227120661,0.0
MG_L90_T2_C100,90,0.02,100.0,38,AUR,0.0416890477604015,1.0
MG_L90_T2_C100,90,0.02,100.0,39,AUR,-0.0009452728980264835,0.0
MG_L90_T2_C100,90,0.02,100.0,40,AUR,0.08650368709874723,1.0
MG_L90_T2_C100,90,0.02,100.0,41,AUR,0.27232168244327326,1.0
MG_L90_T2_C100,90,0.02,100.0,42,AUR,0.18770508315327405,1.0
MG_L90_T2_C100,90,0.02,100.0,43,AUR,0.13917324071655668,1.0
MG_L90_T2_C100,90,0.02,100.0,44,AUR,0.0543391009361307,1.0
MG_L90_T2_C100,90,0.02,100.0,45,AUR,0.033799729550131996,1.0
MG_L90_T2_C100,90,0.02,100.0,46,AUR,-0.0025041995816851292,0.0
MG_L90_T2_C100,90,0.02,100.0,47,AUR,0.022841523173750877,1.0
MG_L90_T2_C100,90,0.02,100.0,48,AUR,-0.006660407445653549,0.0
MG_L90_T2_C100,90,0.02,100.0,49,AUR,-0.013895896846497169,0.0
MG_L90_T2_C100,90,0.02,100.0,50,AUR,-0.018349148791214853,0.0
MG_L90_T2_C100,90,0.02,100.0,51,AUR,-0.03043057259287052,0.0
MG_L90_T2_C100,90,0.02,100.0,52,AUR,-0.01670928858737908,0.0
MG_L90_T2_C100,90,0.02,100.0,0,QAUR,0.12852746869151344,1.0
MG_L90_T2_C100,90,0.02,100.0,1,QAUR,-0.03792597534472952,0.0
MG_L90_T2_C100,90,0.02,100.0,2,QAUR,-0.14399612708578202,0.0
MG_L90_T2_C100,90,0.02,100.0,3,QAUR,-0.2624577938744469,0.0
MG_L90_T2_C100,90,0.02,100.0,4,QAUR,-0.26849793560608504,0.0
MG_L90_T2_C100,90,0.02,100.0,5,QAUR,-0.015584272226095597,0.0
MG_L90_T2_C100,90,0.02,100.0,6,QAUR,-0.09580297046256836,0.0
MG_L90_T2_C100,90,0.02,100.0,7,QAUR,-0.13052044535376062,0.0
MG_L90_T2_C100,90,0.02,100.0,8,QAUR,-0.1983909478086936,0.0
MG_L90_T2_C100,90,0.02,100.0,9,QAUR,-0.2902638432798621,0.0
MG_L90_T2_C100,90,0.02,100.0,10,QAUR,-0.19350039116374051,0.0
MG_L90_T2_C100,90,0.02,100.0,11,QAUR,-0.08641887991651331,0.0
MG_L90_T2_C100,90,0.02,100.0,12,QAUR,0.1721170893258981,1.0
MG_L90_T2_C100,90,0.02,100.0,13,QAUR,0.02185901123296885,1.0
MG_L90_T2_C100,90,0.02,100.0,14,QAUR,0.18789184993131558,1.0
MG_L90_T2_C100,90,0.02,100.0,15,QAUR,0.1284998625335383,1.0
MG_L90_T2_C100,90,0.02,100.0,16,QAUR,0.24238337410952226,1.0
MG_L90_T2_C100,90,0.02,100.0,17,QAUR,0.24378344448279798,1.0
MG_L90_T2_C100,90,0.02,100.0,18,QAUR,0.11034856195542675,1.0
MG_L90_T2_C100,90,0.02,100.0,19,QAUR,-0.08739814717448224,0.0
MG_L90_T2_C100,90,0.02,100.0,20,QAUR,-0.04694385650316368,0.0
MG_L90_T2_C100,90,0.02,100.0,21,QAUR,-0.012470241842726493,0.0
MG_L90_T2_C100,90,0.02,100.0,22,QAUR,-0.003223191045852336,0.0
MG_L90_T2_C100,90,0.02,100.0,23,QAUR,0.07549876291684621,1.0
MG_L90_T2_C100,90,0.02,100.0,24,QAUR,0.09967208522157822,1.0
MG_L90_T2_C100,90,0.02,100.0,25,QAUR,0.014702883867814931,0.0
MG_L90_T2_C100,90,0.02,100.0,26,QAUR,0.07399608779107991,1.0
MG_L90_T2_C100,90,0.02,100.0,27,QAUR,0.05502964976551894,1.0
MG_L90_T2_C100,90,0.02,100.0,28,QAUR,-0.03687299059699756,0.0
MG_L90_T2_C100,90,0.02,100.0,29,QAUR,0.03954029961750405,1.0
MG_L90_T2_C100,90,0.02,100.0,30,QAUR,-0.02203496038721775,0.0
MG_L90_T2_C100,90,0.02,100.0,31,QAUR,-0.0550720881791702,0.0
MG_L90_T2_C100,90,0.02,100.0,32,QAUR,-0.005581423570451438,0.0
MG_L90_T2_C100,90,0.02,100.0,33,QAUR,0.039289436373036946,1.0
MG_L90_T2_C100,90,0.02,100.0,34,QAUR,0.038092675900049056,1.0
MG_L90_T2_C100,90,0.02,100.0,35,QAUR,0.10662948906282765,1.0
MG_L90_T2_C100,90,0.02,100.0,36,QAUR,0.09654294734664592,1.0
MG_L90_T2_C100,90,0.02,100.0,37,QAUR,-0.013026219227120661,0.0
MG_L90_T2_C100,90,0.02,100.0,38,QAUR,0.0416890477604015,1.0
MG_L90_T2_C100,90,0.02,100.0,39,QAUR,-0.0009452728980264835,0.0
MG_L90_T2_C100,90,0.02,100.0,40,QAUR,0.08650368709874723,1.0
MG_L90_T2_C100,90,0.02,100.0,41,QAUR,0.27232168244327326,1.0
MG_L90_T2_C100,90,0.02,100.0,42,QAUR,0.18770508315327405,1.0
MG_L90_T2_C100,90,0.02,100.0,43,QAUR,0.13917324071655668,1.0
MG_L90_T2_C100,90,0.02,100.0,44,QAUR,0.0543391009361307,1.0
MG_L90_T2_C100,90,0.02,100.0,45,QAUR,0.033799729550131996,1.0
MG_L90_T2_C100,90,0.02,100.0,46,QAUR,-0.0025041995816851292,0.0
MG_L90_T2_C100,90,0.02,100.0,47,QAUR,0.022841523173750877,1.0
MG_L90_T2_C100,90,0.02,100.0,48,QAUR,-0.006660407445653549,0.0
MG_L90_T2_C100,90,0.02,100.0,49,QAUR,-0.013895896846497169,0.0
MG_L90_T2_C100,90,0.02,100.0,50,QAUR,-0.018349148791214853,0.0
MG_L90_T2_C100,90,0.02,100.0,51,QAUR,-0.03043057259287052,0.0
MG_L90_T2_C100,90,0.02,100.0,52,QAUR,-0.01670928858737908,0.0
MG_L120_T-2_C0,120,-0.02,0.0,0,AUR,0.4305059673836651,1.0
MG_L120_T-2_C0,120,-0.02,0.0,1,AUR,0.07531565805578144,1.0
MG_L120_T-2_C0,120,-0.02,0.0,2,AUR,-0.1115885616384672,0.0
MG_L120_T-2_C0,120,-0.02,0.0,3,AUR,-0.27760194449301767,0.0
MG_L120_T-2_C0,120,-0.02,0.0,4,AUR,-0.16836219622237647,0.0
MG_L120_T-2_C0,120,-0.02,0.0,5,AUR,-0.204420963722587,0.0
MG_L120_T-2_C0,120,-0.02,0.0,6,AUR,-0.2849583036374672,0.0
MG_L120_T-2_C0,120,-0.02,0.0,7,AUR,-0.18407742810615468,0.0
MG_L120_T-2_C0,120,-0.02,0.0,8,AUR,-0.20991490682370728,0.0
MG_L120_T-2_C0,120,-0.02,0.0,9,AUR,-0.20982540085607404,0.0
MG_L120_T-2_C0,120,-0.02,0.0,10,AUR,-0.22055393061527417,0.0
MG_L120_T-2_C0,120,-0.02,0.0,11,AUR,-0.2389595502226134,0.0
MG_L120_T-2_C0,120,-0.02,0.0,12,AUR,-0.11643078710663224,0.0
MG_L120_T-2_C0,120,-0.02,0.0,13,AUR,0.013654999883330854,1.0
MG_L120_T-2_C0,120,-0.02,0.0,14,AUR,0.14735436936633328,1.0
MG_L120_T-2_C0,120,-0.02,0.0,15,AUR,0.19739630440246847,1.0
MG_L120_T-2_C0,120,-0.02,0.0,16,AUR,0.2238555391609598,1.0
MG_L120_T-2_C0,120,-0.02,0.0,17,AUR,0.24913884190841684,1.0
MG_L120_T-2_C0,120,-0.02,0.0,18,AUR,0.1548173578672698,1.0
MG_L120_T-2_C0,120,-0.02,0.0,19,AUR,0.01730312925256361,1.0
MG_L120_T-2_C0,120,-0.02,0.0,20,AUR,-0.024598062295543066,0.0
MG_L120_T-2_C0,120,-0.02,0.0,21,AUR,0.004622120552185027,1.0
MG_L120_T-2_C0,120,-0.02,0.0,22,AUR,-0.07575136013359884,0.0
MG_L120_T-2_C0,120,-0.02,0.0,23,AUR,-0.040864890615007976,0.0
MG_L120_T-2_C0,120,-0.02,0.0,24,AUR,0.07715443305496383,1.0
MG_L120_T-2_C0,120,-0.02,0.0,25,AUR,0.10302088449724911,1.0
MG_L120_T-2_C0,120,-0.02,0.0,26,AUR,0.09676155026190392,1.0
MG_L120_T-2_C0,120,-0.02,0.0,27,AUR,0.07371898608265925,1.0
MG_L120_T-2_C0,120,-0.02,0.0,28,AUR,0.01965975386132124,1.0
MG_L120_T-2_C0,120,-0.02,0.0,29,AUR,-0.0072542065255294386,1.0
MG_L120_T-2_C0,120,-0.02,0.0,30,AUR,-0.011283607668235107,1.0
MG_L120_T-2_C0,120,-0.02,0.0,31,AUR,-0.014685160837886402,1.0
MG_L120_T-2_C0,120,-0.02,0.0,32,AUR,-0.056868005780532305,0.0
MG_L120_T-2_C0,120,-0.02,0.0,33,AUR,-0.02539573499338177,0.0
MG_L120_T-2_C0,120,-0.02,0.0,34,AUR,0.06898929225284345,1.0
MG_L120_T-2_C0,120,-0.02,0.0,35,AUR,0.11729670846142648,1.0
MG_L120_T-2_C0,120,-0.02,0.0,36,AUR,0.09810903686953099,1.0
MG_L120_T-2_C0,120,-0.02,0.0,37,AUR,0.0071914907246584114,1.0
MG_L120_T-2_C0,120,-0.02,0.0,38,AUR,0.053068488220826104,1.0
MG_L120_T-2_C0,120,-0.02,0.0,39,AUR,0.04672025404935343,1.0
MG_L120_T-2_C0,120,-0.02,0.0,40,AUR,0.13272610136142982,1.0
MG_L120_T-2_C0,120,-0.02,0.0,41,AUR,0.12547710920081934,1.0
MG_L120_T-2_C0,120,-0.02,0.0,42,AUR,0.3761534411362204,1.0
MG_L120_T-2_C0,120,-0.02,0.0,43,AUR,0.18300060076832914,1.0
MG_L120_T-2_C0,120,-0.02,0.0,44,AUR,0.15109500031127077,1.0
MG_L120_T-2_C0,120,-0.02,0.0,45,AUR,0.09183288368768627,1.0
MG_L120_T-2_C0,120,-0.02,0.0,46,AUR,0.030273424577749397,1.0
MG_L120_T-2_C0,120,-0.02,0.0,47,AUR,0.0356730709969344,1.0
MG_L120_T-2_C0,120,-0.02,0.0,48,AUR,-0.020917743641649333,0.0
MG_L120_T-2_C0,120,-0.02,0.0,49,AUR,-0.0004039369990732622,1.0
MG_L120_T-2_C0,120,-0.02,0.0,50,AUR,-0.01683532545010258,1.0
MG_L120_T-2_C0,120,-0.02,0.0,51,AUR,-0.009218226624602477,1.0
MG_L120_T-2_C0,120,-0.02,0.0,52,AUR,-0.07689730768055647,0.0
MG_L120_T-2_C0,120,-0.02,0.0,0,QAUR,0.4305059673836651,1.0
MG_L120_T-2_C0,120,-0.02,0.0,1,QAUR,0.07531565805578144,1.0
MG_L120_T-2_C0,120,-0.02,0.0,2,QAUR,-0.1115885616384672,0.0
MG_L120_T-2_C0,120,-0.02,0.0,3,QAUR,-0.27760194449301767,0.0
MG_L120_T-2_C0,120,-0.02,0.0,4,QAUR,-0.16836219622237647,0.0
MG_L120_T-2_C0,120,-0.02,0.0,5,QAUR,-0.204420963722587,0.0
MG_L120_T-2_C0,120,-0.02,0.0,6,QAUR,-0.2849583036374672,0.0
MG_L120_T-2_C0,120,-0.02,0.0,7,QAUR,-0.18407742810615468,0.0
MG_L120_T-2_C0,120,-0.02,0.0,8,QAUR,-0.20991490682370728,0.0
MG_L120_T-2_C0,120,-0.02,0.0,9,QAUR,-0.20982540085607404,0.0
MG_L120_T-2_C0,120,-0.02,0.0,10,QAUR,-0.22055393061527417,0.0
MG_L120_T-2_C0,120,-0.02,0.0,11,QAUR,-0.2389595502226134,0.0
MG_L120_T-2_C0,120,-0.02,0.0,12,QAUR,-0.11643078710663224,0.0
MG_L120_T-2_C0,120,-0.02,0.0,13,QAUR,0.013654999883330854,1.0
MG_L120_T-2_C0,120,-0.02,0.0,14,QAUR,0.14735436936633328,1.0
MG_L120_T-2_C0,120,-0.02,0.0,15,QAUR,0.19739630440246847,1.0
MG_L120_T-2_C0,120,-0.02,0.0,16,QAUR,0.2238555391609598,1.0
MG_L120_T-2_C0,120,-0.02,0.0,17,QAUR,0.24913884190841684,1.0
MG_L120_T-2_C0,120,-0.02,0.0,18,QAUR,0.1548173578672698,1.0
MG_L120_T-2_C0,120,-0.02,0.0,19,QAUR,0.01730312925256361,1.0
MG_L120_T-2_C0,120,-0.02,0.0,20,QAUR,-0.024598062295543066,0.0
MG_L120_T-2_C0,120,-0.02,0.0,21,QAUR,0.004622120552185027,1.0
MG_L120_T-2_C0,120,-0.02,0.0,22,QAUR,-0.07575136013359884,0.0
MG_L120_T-2_C0,120,-0.02,0.0,23,QAUR,-0.040864890615007976,0.0
MG_L120_T-2_C0,120,-0.02,0.0,24,QAUR,0.07715443305496383,1.0
MG_L120_T-2_C0,120,-0.02,0.0,25,QAUR,0.10302088449724911,1.0
MG_L120_T-2_C0,120,-0.02,0.0,26,QAUR,0.09676155026190392,1.0
MG_L120_T-2_C0,120,-0.02,0.0,27,QAUR,0.07371898608265925,1.0
MG_L120_T-2_C0,120,-0.02,0.0,28,QAUR,0.01965975386132124,1.0
MG_L120_T-2_C0,120,-0.02,0.0,29,QAUR,-0.0072542065255294386,1.0
MG_L120_T-2_C0,120,-0.02,0.0,30,QAUR,-0.011283607668235107,1.0
MG_L120_T-2_C0,120,-0.02,0.0,31,QAUR,-0.014685160837886402,1.0
MG_L120_T-2_C0,120,-0.02,0.0,32,QAUR,-0.056868005780532305,0.0
MG_L120_T-2_C0,120,-0.02,0.0,33,QAUR,-0.02539573499338177,0.0
MG_L120_T-2_C0,120,-0.02,0.0,34,QAUR,0.06898929225284345,1.0
MG_L120_T-2_C0,120,-0.02,0.0,35,QAUR,0.11729670846142648,1.0
MG_L120_T-2_C0,120,-0.02,0.0,36,QAUR,0.09810903686953099,1.0
MG_L120_T-2_C0,120,-0.02,0.0,37,QAUR,0.0071914907246584114,1.0
MG_L120_T-2_C0,120,-0.02,0.0,38,QAUR,0.053068488220826104,1.0
MG_L120_T-2_C0,120,-0.02,0.0,39,QAUR,0.04672025404935343,1.0
MG_L120_T-2_C0,120,-0.02,0.0,40,QAUR,0.13272610136142982,1.0
MG_L120_T-2_C0,120,-0.02,0.0,41,QAUR,0.12547710920081934,1.0
MG_L120_T-2_C0,120,-0.02,0.0,42,QAUR,0.3761534411362204,1.0
MG_L120_T-2_C0,120,-0.02,0.0,43,QAUR,0.18300060076832914,1.0
MG_L120_T-2_C0,120,-0.02,0.0,44,QAUR,0.15109500031127077,1.0
MG_L120_T-2_C0,120,-0.02,0.0,45,QAUR,0.09183288368768627,1.0
MG_L120_T-2_C0,120,-0.02,0.0,46,QAUR,0.030273424577749397,1.0
MG_L120_T-2_C0,120,-0.02,0.0,47,QAUR,0.0356730709969344,1.0
MG_L120_T-2_C0,120,-0.02,0.0,48,QAUR,-0.020917743641649333,0.0
MG_L120_T-2_C0,120,-0.02,0.0,49,QAUR,-0.0004039369990732622,1.0
MG_L120_T-2_C0,120,-0.02,0.0,50,QAUR,-0.01683532545010258,1.0
MG_L120_T-2_C0,120,-0.02,0.0,51,QAUR,-0.009218226624602477,1.0
MG_L120_T-2_C0,120,-0.02,0.0,52,QAUR,-0.07689730768055647,0.0
MG_L120_T-2_C25,120,-0.02,25.0,0,AUR,0.4305059673836651,1.0
MG_L120_T-2_C25,120,-0.02,25.0,1,AUR,0.07531565805578144,1.0
MG_L120_T-2_C25,120,-0.02,25.0,2,AUR,-0.1115885616384672,0.0
MG_L120_T-2_C25,120,-0.02,25.0,3,AUR,-0.27760194449301767,0.0
MG_L120_T-2_C25,120,-0.02,25.0,4,AUR,-0.16836219622237647,0.0
MG_L120_T-2_C25,120,-0.02,25.0,5,AUR,-0.204420963722587,0.0
MG_L120_T-2_C25,120,-0.02,25.0,6,AUR,-0.2849583036374672,0.0
MG_L120_T-2_C25,120,-0.02,25.0,7,AUR,-0.18407742810615468,0.0
MG_L120_T-2_C25,120,-0.02,25.0,8,AUR,-0.20991490682370728,0.0
MG_L120_T-2_C25,120,-0.02,25.0,9,AUR,-0.20982540085607404,0.0
MG_L120_T-2_C25,120,-0.02,25.0,10,AUR,-0.22055393061527417,0.0
MG_L120_T-2_C25,120,-0.02,25.0,11,AUR,-0.2389595502226134,0.0
MG_L120_T-2_C25,120,-0.02,25.0,12,AUR,-0.11643078710663224,0.0
MG_L120_T-2_C25,120,-0.02,25.0,13,AUR,0.013654999883330854,1.0
MG_L120_T-2_C25,120,-0.02,25.0,14,AUR,0.14735436936633328,1.0
MG_L120_T-2_C25,120,-0.02,25.0,15,AUR,0.19739630440246847,1.0
MG_L120_T-2_C25,120,-0.02,25.0,16,AUR,0.2238555391609598,1.0
MG_L120_T-2_C25,120,-0.02,25.0,17,AUR,0.24913884190841684,1.0
MG_L120_T-2_C25,120,-0.02,25.0,18,AUR,0.1548173578672698,1.0
MG_L120_T-2_C25,120,-0.02,25.0,19,AUR,0.01730312925256361,1.0
MG_L120_T-2_C25,120,-0.02,25.0,20,AUR,-0.024598062295543066,0.0
MG_L120_T-2_C25,120,-0.02,25.0,21,AUR,0.004622120552185027,1.0
MG_L120_T-2_C25,120,-0.02,25.0,22,AUR,-0.07575136013359884,0.0
MG_L120_T-2_C25,120,-0.02,25.0,23,AUR,-0.040864890615007976,0.0
MG_L120_T-2_C25,120,-0.02,25.0,24,AUR,0.07715443305496383,1.0
MG_L120_T-2_C25,120,-0.02,25.0,25,AUR,0.10302088449724911,1.0
MG_L120_T-2_C25,120,-0.02,25.0,26,AUR,0.09676155026190392,1.0
MG_L120_T-2_C25,120,-0.02,25.0,27,AUR,0.07371898608265925,1.0
MG_L120_T-2_C25,120,-0.02,25.0,28,AUR,0.01965975386132124,1.0
MG_L120_T-2_C25,120,-0.02,25.0,29,AUR,-0.0072542065255294386,1.0
MG_L120_T-2_C25,120,-0.02,25.0,30,AUR,-0.011283607668235107,1.0
MG_L120_T-2_C25,120,-0.02,25.0,31,AUR,-0.014685160837886402,1.0
MG_L120_T-2_C25,120,-0.02,25.0,32,AUR,-0.056868005780532305,0.0
MG_L120_T-2_C25,120,-0.02,25.0,33,AUR,-0.02539573499338177,0.0
MG_L120_T-2_C25,120,-0.02,25.0,34,AUR,0.06898929225284345,1.0
MG_L120_T-2_C25,120,-0.02,25.0,35,AUR,0.11729670846142648,1.0
MG_L120_T-2_C25,120,-0.02,25.0,36,AUR,0.09810903686953099,1.0
MG_L120_T-2_C25,120,-0.02,25.0,37,AUR,0.0071914907246584114,1.0
MG_L120_T-2_C25,120,-0.02,25.0,38,AUR,0.053068488220826104,1.0
MG_L120_T-2_C25,120,-0.02,25.0,39,AUR,0.04672025404935343,1.0
MG_L120_T-2_C25,120,-0.02,25.0,40,AUR,0.13272610136142982,1.0
MG_L120_T-2_C25,120,-0.02,25.0,41,AUR,0.12547710920081934,1.0
MG_L120_T-2_C25,120,-0.02,25.0,42,AUR,0.3761534411362204,1.0
MG_L120_T-2_C25,120,-0.02,25.0,43,AUR,0.18300060076832914,1.0
MG_L120_T-2_C25,120,-0.02,25.0,44,AUR,0.15109500031127077,1.0
MG_L120_T-2_C25,120,-0.02,25.0,45,AUR,0.09183288368768627,1.0
MG_L120_T-2_C25,120,-0.02,25.0,46,AUR,0.030273424577749397,1.0
MG_L120_T-2_C25,120,-0.02,25.0,47,AUR,0.0356730709969344,1.0
MG_L120_T-2_C25,120,-0.02,25.0,48,AUR,-0.020917743641649333,0.0
MG_L120_T-2_C25,120,-0.02,25.0,49,AUR,-0.0004039369990732622,1.0
MG_L120_T-2_C25,120,-0.02,25.0,50,AUR,-0.01683532545010258,1.0
MG_L120_T-2_C25,120,-0.02,25.0,51,AUR,-0.009218226624602477,1.0
MG_L120_T-2_C25,120,-0.02,25.0,52,AUR,-0.07689730768055647,0.0
MG_L120_T-2_C25,120,-0.02,25.0,0,QAUR,0.4305059673836651,1.0
MG_L120_T-2_C25,120,-0.02,25.0,1,QAUR,0.07531565805578144,1.0
MG_L120_T-2_C25,120,-0.02,25.0,2,QAUR,-0.1115885616384672,0.0
MG_L120_T-2_C25,120,-0.02,25.0,3,QAUR,-0.27760194449301767,0.0
MG_L120_T-2_C25,120,-0.02,25.0,4,QAUR,-0.16836219622237647,0.0
MG_L120_T-2_C25,120,-0.02,25.0,5,QAUR,-0.204420963722587,0.0
MG_L120_T-2_C25,120,-0.02,25.0,6,QAUR,-0.2849583036374672,0.0
MG_L120_T-2_C25,120,-0.02,25.0,7,QAUR,-0.18407742810615468,0.0
MG_L120_T-2_C25,120,-0.02,25.0,8,QAUR,-0.20991490682370728,0.0
MG_L120_T-2_C25,120,-0.02,25.0,9,QAUR,-0.20982540085607404,0.0
MG_L120_T-2_C25,120,-0.02,25.0,10,QAUR,-0.22055393061527417,0.0
MG_L120_T-2_C25,120,-0.02,25.0,11,QAUR,-0.2389595502226134,0.0
MG_L120_T-2_C25,120,-0.02,25.0,12,QAUR,-0.11643078710663224,0.0
MG_L120_T-2_C25,120,-0.02,25.0,13,QAUR,0.013654999883330854,1.0
MG_L120_T-2_C25,120,-0.02,25.0,14,QAUR,0.14735436936633328,1.0
MG_L120_T-2_C25,120,-0.02,25.0,15,QAUR,0.19739630440246847,1.0
MG_L120_T-2_C25,120,-0.02,25.0,16,QAUR,0.2238555391609598,1.0
MG_L120_T-2_C25,120,-0.02,25.0,17,QAUR,0.24913884190841684,1.0
MG_L120_T-2_C25,120,-0.02,25.0,18,QAUR,0.1548173578672698,1.0
MG_L120_T-2_C25,120,-0.02,25.0,19,QAUR,0.01730312925256361,1.0
MG_L120_T-2_C25,120,-0.02,25.0,20,QAUR,-0.024598062295543066,0.0
MG_L120_T-2_C25,120,-0.02,25.0,21,QAUR,0.004622120552185027,1.0
MG_L120_T-2_C25,120,-0.02,25.0,22,QAUR,-0.07575136013359884,0.0
MG_L120_T-2_C25,120,-0.02,25.0,23,QAUR,-0.040864890615007976,0.0
MG_L120_T-2_C25,120,-0.02,25.0,24,QAUR,0.07715443305496383,1.0
MG_L120_T-2_C25,120,-0.02,25.0,25,QAUR,0.10302088449724911,1.0
MG_L120_T-2_C25,120,-0.02,25.0,26,QAUR,0.09676155026190392,1.0
MG_L120_T-2_C25,120,-0.02,25.0,27,QAUR,0.07371898608265925,1.0
MG_L120_T-2_C25,120,-0.02,25.0,28,QAUR,0.01965975386132124,1.0
MG_L120_T-2_C25,120,-0.02,25.0,29,QAUR,-0.0072542065255294386,1.0
MG_L120_T-2_C25,120,-0.02,25.0,30,QAUR,-0.011283607668235107,1.0
MG_L120_T-2_C25,120,-0.02,25.0,31,QAUR,-0.014685160837886402,1.0
MG_L120_T-2_C25,120,-0.02,25.0,32,QAUR,-0.056868005780532305,0.0
MG_L120_T-2_C25,120,-0.02,25.0,33,QAUR,-0.02539573499338177,0.0
MG_L120_T-2_C25,120,-0.02,25.0,34,QAUR,0.06898929225284345,1.0
MG_L120_T-2_C25,120,-0.02,25.0,35,QAUR,0.11729670846142648,1.0
MG_L120_T-2_C25,120,-0.02,25.0,36,QAUR,0.09810903686953099,1.0
MG_L120_T-2_C25,120,-0.02,25.0,37,QAUR,0.0071914907246584114,1.0
MG_L120_T-2_C25,120,-0.02,25.0,38,QAUR,0.053068488220826104,1.0
MG_L120_T-2_C25,120,-0.02,25.0,39,QAUR,0.04672025404935343,1.0
MG_L120_T-2_C25,120,-0.02,25.0,40,QAUR,0.13272610136142982,1.0
MG_L120_T-2_C25,120,-0.02,25.0,41,QAUR,0.12547710920081934,1.0
MG_L120_T-2_C25,120,-0.02,25.0,42,QAUR,0.3761534411362204,1.0
MG_L120_T-2_C25,120,-0.02,25.0,43,QAUR,0.18300060076832914,1.0
MG_L120_T-2_C25,120,-0.02,25.0,44,QAUR,0.15109500031127077,1.0
MG_L120_T-2_C25,120,-0.02,25.0,45,QAUR,0.09183288368768627,1.0
MG_L120_T-2_C25,120,-0.02,25.0,46,QAUR,0.030273424577749397,1.0
MG_L120_T-2_C25,120,-0.02,25.0,47,QAUR,0.0356730709969344,1.0
MG_L120_T-2_C25,120,-0.02,25.0,48,QAUR,-0.020917743641649333,0.0
MG_L120_T-2_C25,120,-0.02,25.0,49,QAUR,-0.0004039369990732622,1.0
MG_L120_T-2_C25,120,-0.02,25.0,50,QAUR,-0.01683532545010258,1.0
MG_L120_T-2_C25,120,-0.02,25.0,51,QAUR,-0.009218226624602477,1.0
MG_L120_T-2_C25,120,-0.02,25.0,52,QAUR,-0.07689730768055647,0.0
MG_L120_T-2_C50,120,-0.02,50.0,0,AUR,0.4305059673836651,1.0
MG_L120_T-2_C50,120,-0.02,50.0,1,AUR,0.07531565805578144,1.0
MG_L120_T-2_C50,120,-0.02,50.0,2,AUR,-0.1115885616384672,0.0
MG_L120_T-2_C50,120,-0.02,50.0,3,AUR,-0.27760194449301767,0.0
MG_L120_T-2_C50,120,-0.02,50.0,4,AUR,-0.16836219622237647,0.0
MG_L120_T-2_C50,120,-0.02,50.0,5,AUR,-0.204420963722587,0.0
MG_L120_T-2_C50,120,-0.02,50.0,6,AUR,-0.2849583036374672,0.0
MG_L120_T-2_C50,120,-0.02,50.0,7,AUR,-0.18407742810615468,0.0
MG_L120_T-2_C50,120,-0.02,50.0,8,AUR,-0.20991490682370728,0.0
MG_L120_T-2_C50,120,-0.02,50.0,9,AUR,-0.20982540085607404,0.0
MG_L120_T-2_C50,120,-0.02,50.0,10,AUR,-0.22055393061527417,0.0
MG_L120_T-2_C50,120,-0.02,50.0,11,AUR,-0.2389595502226134,0.0
MG_L120_T-2_C50,120,-0.02,50.0,12,AUR,-0.11643078710663224,0.0
MG_L120_T-2_C50,120,-0.02,50.0,13,AUR,0.013654999883330854,1.0
MG_L120_T-2_C50,120,-0.02,50.0,14,AUR,0.14735436936633328,1.0
MG_L120_T-2_C50,120,-0.02,50.0,15,AUR,0.19739630440246847,1.0
MG_L120_T-2_C50,120,-0.02,50.0,16,AUR,0.2238555391609598,1.0
MG_L120_T-2_C50,120,-0.02,50.0,17,AUR,0.24913884190841684,1.0
MG_L120_T-2_C50,120,-0.02,50.0,18,AUR,0.1548173578672698,1.0
MG_L120_T-2_C50,120,-0.02,50.0,19,AUR,0.01730312925256361,1.0
MG_L120_T-2_C50,120,-0.02,50.0,20,AUR,-0.024598062295543066,0.0
MG_L120_T-2_C50,120,-0.02,50.0,21,AUR,0.004622120552185027,1.0
MG_L120_T-2_C50,120,-0.02,50.0,22,AUR,-0.07575136013359884,0.0
MG_L120_T-2_C50,120,-0.02,50.0,23,AUR,-0.040864890615007976,0.0
MG_L120_T-2_C50,120,-0.02,50.0,24,AUR,0.07715443305496383,1.0
MG_L120_T-2_C50,120,-0.02,50.0,25,AUR,0.10302088449724911,1.0
MG_L120_T-2_C50,120,-0.02,50.0,26,AUR,0.09676155026190392,1.0
MG_L120_T-2_C50,120,-0.02,50.0,27,AUR,0.07371898608265925,1.0
MG_L120_T-2_C50,120,-0.02,50.0,28,AUR,0.01965975386132124,1.0
MG_L120_T-2_C50,120,-0.02,50.0,29,AUR,-0.0072542065255294386,1.0
MG_L120_T-2_C50,120,-0.02,50.0,30,AUR,-0.011283607668235107,1.0
MG_L120_T-2_C50,120,-0.02,50.0,31,AUR,-0.014685160837886402,1.0
MG_L120_T-2_C50,120,-0.02,50.0,32,AUR,-0.056868005780532305,0.0
MG_L120_T-2_C50,120,-0.02,50.0,33,AUR,-0.02539573499338177,0.0
MG_L120_T-2_C50,120,-0.02,50.0,34,AUR,0.06898929225284345,1.0
MG_L120_T-2_C50,120,-0.02,50.0,35,AUR,0.11729670846142648,1.0
MG_L120_T-2_C50,120,-0.02,50.0,36,AUR,0.09810903686953099,1.0
MG_L120_T-2_C50,120,-0.02,50.0,37,AUR,0.0071914907246584114,1.0
MG_L120_T-2_C50,120,-0.02,50.0,38,AUR,0.053068488220826104,1.0
MG_L120_T-2_C50,120,-0.02,50.0,39,AUR,0.04672025404935343,1.0
MG_L120_T-2_C50,120,-0.02,50.0,40,AUR,0.13272610136142982,1.0
MG_L120_T-2_C50,120,-0.02,50.0,41,AUR,0.12547710920081934,1.0
MG_L120_T-2_C50,120,-0.02,50.0,42,AUR,0.3761534411362204,1.0
MG_L120_T-2_C50,120,-0.02,50.0,43,AUR,0.18300060076832914,1.0
MG_L120_T-2_C50,120,-0.02,50.0,44,AUR,0.15109500031127077,1.0
MG_L120_T-2_C50,120,-0.02,50.0,45,AUR,0.09183288368768627,1.0
MG_L120_T-2_C50,120,-0.02,50.0,46,AUR,0.030273424577749397,1.0
MG_L120_T-2_C50,120,-0.02,50.0,47,AUR,0.0356730709969344,1.0
MG_L120_T-2_C50,120,-0.02,50.0,48,AUR,-0.020917743641649333,0.0
MG_L120_T-2_C50,120,-0.02,50.0,49,AUR,-0.0004039369990732622,1.0
MG_L120_T-2_C50,120,-0.02,50.0,50,AUR,-0.01683532545010258,1.0
MG_L120_T-2_C50,120,-0.02,50.0,51,AUR,-0.009218226624602477,1.0
MG_L120_T-2_C50,120,-0.02,50.0,52,AUR,-0.07689730768055647,0.0
MG_L120_T-2_C50,120,-0.02,50.0,0,QAUR,0.4305059673836651,1.0
MG_L120_T-2_C50,120,-0.02,50.0,1,QAUR,0.07531565805578144,1.0
MG_L120_T-2_C50,120,-0.02,50.0,2,QAUR,-0.1115885616384672,0.0
MG_L120_T-2_C50,120,-0.02,50.0,3,QAUR,-0.27760194449301767,0.0
MG_L120_T-2_C50,120,-0.02,50.0,4,QAUR,-0.16836219622237647,0.0
MG_L120_T-2_C50,120,-0.02,50.0,5,QAUR,-0.204420963722587,0.0
MG_L120_T-2_C50,120,-0.02,50.0,6,QAUR,-0.2849583036374672,0.0
MG_L120_T-2_C50,120,-0.02,50.0,7,QAUR,-0.18407742810615468,0.0
MG_L120_T-2_C50,120,-0.02,50.0,8,QAUR,-0.20991490682370728,0.0
MG_L120_T-2_C50,120,-0.02,50.0,9,QAUR,-0.20982540085607404,0.0
MG_L120_T-2_C50,120,-0.02,50.0,10,QAUR,-0.22055393061527417,0.0
MG_L120_T-2_C50,120,-0.02,50.0,11,QAUR,-0.2389595502226134,0.0
MG_L120_T-2_C50,120,-0.02,50.0,12,QAUR,-0.11643078710663224,0.0
MG_L120_T-2_C50,120,-0.02,50.0,13,QAUR,0.013654999883330854,1.0
MG_L120_T-2_C50,120,-0.02,50.0,14,QAUR,0.14735436936633328,1.0
MG_L120_T-2_C50,120,-0.02,50.0,15,QAUR,0.19739630440246847,1.0
MG_L120_T-2_C50,120,-0.02,50.0,16,QAUR,0.2238555391609598,1.0
MG_L120_T-2_C50,120,-0.02,50.0,17,QAUR,0.24913884190841684,1.0
MG_L120_T-2_C50,120,-0.02,50.0,18,QAUR,0.1548173578672698,1.0
MG_L120_T-2_C50,120,-0.02,50.0,19,QAUR,0.01730312925256361,1.0
MG_L120_T-2_C50,120,-0.02,50.0,20,QAUR,-0.024598062295543066,0.0
MG_L120_T-2_C50,120,-0.02,50.0,21,QAUR,0.004622120552185027,1.0
MG_L120_T-2_C50,120,-0.02,50.0,22,QAUR,-0.07575136013359884,0.0
MG_L120_T-2_C50,120,-0.02,50.0,23,QAUR,-0.040864890615007976,0.0
MG_L120_T-2_C50,120,-0.02,50.0,24,QAUR,0.07715443305496383,1.0
MG_L120_T-2_C50,120,-0.02,50.0,25,QAUR,0.10302088449724911,1.0
MG_L120_T-2_C50,120,-0.02,50.0,26,QAUR,0.09676155026190392,1.0
MG_L120_T-2_C50,120,-0.02,50.0,27,QAUR,0.07371898608265925,1.0
MG_L120_T-2_C50,120,-0.02,50.0,28,QAUR,0.01965975386132124,1.0
MG_L120_T-2_C50,120,-0.02,50.0,29,QAUR,-0.0072542065255294386,1.0
MG_L120_T-2_C50,120,-0.02,50.0,30,QAUR,-0.011283607668235107,1.0
MG_L120_T-2_C50,120,-0.02,50.0,31,QAUR,-0.014685160837886402,1.0
MG_L120_T-2_C50,120,-0.02,50.0,32,QAUR,-0.056868005780532305,0.0
MG_L120_T-2_C50,120,-0.02,50.0,33,QAUR,-0.02539573499338177,0.0
MG_L120_T-2_C50,120,-0.02,50.0,34,QAUR,0.06898929225284345,1.0
MG_L120_T-2_C50,120,-0.02,50.0,35,QAUR,0.11729670846142648,1.0
MG_L120_T-2_C50,120,-0.02,50.0,36,QAUR,0.09810903686953099,1.0
MG_L120_T-2_C50,120,-0.02,50.0,37,QAUR,0.0071914907246584114,1.0
MG_L120_T-2_C50,120,-0.02,50.0,38,QAUR,0.053068488220826104,1.0
MG_L120_T-2_C50,120,-0.02,50.0,39,QAUR,0.04672025404935343,1.0
MG_L120_T-2_C50,120,-0.02,50.0,40,QAUR,0.13272610136142982,1.0
MG_L120_T-2_C50,120,-0.02,50.0,41,QAUR,0.12547710920081934,1.0
MG_L120_T-2_C50,120,-0.02,50.0,42,QAUR,0.3761534411362204,1.0
MG_L120_T-2_C50,120,-0.02,50.0,43,QAUR,0.18300060076832914,1.0
MG_L120_T-2_C50,120,-0.02,50.0,44,QAUR,0.15109500031127077,1.0
MG_L120_T-2_C50,120,-0.02,50.0,45,QAUR,0.09183288368768627,1.0
MG_L120_T-2_C50,120,-0.02,50.0,46,QAUR,0.030273424577749397,1.0
MG_L120_T-2_C50,120,-0.02,50.0,47,QAUR,0.0356730709969344,1.0
MG_L120_T-2_C50,120,-0.02,50.0,48,QAUR,-0.020917743641649333,0.0
MG_L120_T-2_C50,120,-0.02,50.0,49,QAUR,-0.0004039369990732622,1.0
MG_L120_T-2_C50,120,-0.02,50.0,50,QAUR,-0.01683532545010258,1.0
MG_L120_T-2_C50,120,-0.02,50.0,51,QAUR,-0.009218226624602477,1.0
MG_L120_T-2_C50,120,-0.02,50.0,52,QAUR,-0.07689730768055647,0.0
MG_L120_T-2_C100,120,-0.02,100.0,0,AUR,0.4305059673836651,1.0
MG_L120_T-2_C100,120,-0.02,100.0,1,AUR,0.07531565805578144,1.0
MG_L120_T-2_C100,120,-0.02,100.0,2,AUR,-0.1115885616384672,0.0
MG_L120_T-2_C100,120,-0.02,100.0,3,AUR,-0.27760194449301767,0.0
MG_L120_T-2_C100,120,-0.02,100.0,4,AUR,-0.16836219622237647,0.0
MG_L120_T-2_C100,120,-0.02,100.0,5,AUR,-0.204420963722587,0.0
MG_L120_T-2_C100,120,-0.02,100.0,6,AUR,-0.2849583036374672,0.0
MG_L120_T-2_C100,120,-0.02,100.0,7,AUR,-0.18407742810615468,0.0
MG_L120_T-2_C100,120,-0.02,100.0,8,AUR,-0.20991490682370728,0.0
MG_L120_T-2_C100,120,-0.02,100.0,9,AUR,-0.20982540085607404,0.0
MG_L120_T-2_C100,120,-0.02,100.0,10,AUR,-0.22055393061527417,0.0
MG_L120_T-2_C100,120,-0.02,100.0,11,AUR,-0.2389595502226134,0.0
MG_L120_T-2_C100,120,-0.02,100.0,12,AUR,-0.11643078710663224,0.0
MG_L120_T-2_C100,120,-0.02,100.0,13,AUR,0.013654999883330854,1.0
MG_L120_T-2_C100,120,-0.02,100.0,14,AUR,0.14735436936633328,1.0
MG_L120_T-2_C100,120,-0.02,100.0,15,AUR,0.19739630440246847,1.0
MG_L120_T-2_C100,120,-0.02,100.0,16,AUR,0.2238555391609598,1.0
MG_L120_T-2_C100,120,-0.02,100.0,17,AUR,0.24913884190841684,1.0
MG_L120_T-2_C100,120,-0.02,100.0,18,AUR,0.1548173578672698,1.0
MG_L120_T-2_C100,120,-0.02,100.0,19,AUR,0.01730312925256361,1.0
MG_L120_T-2_C100,120,-0.02,100.0,20,AUR,-0.024598062295543066,0.0
MG_L120_T-2_C100,120,-0.02,100.0,21,AUR,0.004622120552185027,1.0
MG_L120_T-2_C100,120,-0.02,100.0,22,AUR,-0.07575136013359884,0.0
MG_L120_T-2_C100,120,-0.02,100.0,23,AUR,-0.040864890615007976,0.0
MG_L120_T-2_C100,120,-0.02,100.0,24,AUR,0.07715443305496383,1.0
MG_L120_T-2_C100,120,-0.02,100.0,25,AUR,0.10302088449724911,1.0
MG_L120_T-2_C100,120,-0.02,100.0,26,AUR,0.09676155026190392,1.0
MG_L120_T-2_C100,120,-0.02,100.0,27,AUR,0.07371898608265925,1.0
MG_L120_T-2_C100,120,-0.02,100.0,28,AUR,0.01965975386132124,1.0
MG_L120_T-2_C100,120,-0.02,100.0,29,AUR,-0.0072542065255294386,1.0
MG_L120_T-2_C100,120,-0.02,100.0,30,AUR,-0.011283607668235107,1.0
MG_L120_T-2_C100,120,-0.02,100.0,31,AUR,-0.014685160837886402,1.0
MG_L120_T-2_C100,120,-0.02,100.0,32,AUR,-0.056868005780532305,0.0
MG_L120_T-2_C100,120,-0.02,100.0,33,AUR,-0.02539573499338177,0.0
MG_L120_T-2_C100,120,-0.02,100.0,34,AUR,0.06898929225284345,1.0
MG_L120_T-2_C100,120,-0.02,100.0,35,AUR,0.11729670846142648,1.0
MG_L120_T-2_C100,120,-0.02,100.0,36,AUR,0.09810903686953099,1.0
MG_L120_T-2_C100,120,-0.02,100.0,37,AUR,0.0071914907246584114,1.0
MG_L120_T-2_C100,120,-0.02,100.0,38,AUR,0.053068488220826104,1.0
MG_L120_T-2_C100,120,-0.02,100.0,39,AUR,0.04672025404935343,1.0
MG_L120_T-2_C100,120,-0.02,100.0,40,AUR,0.13272610136142982,1.0
MG_L120_T-2_C100,120,-0.02,100.0,41,AUR,0.12547710920081934,1.0
MG_L120_T-2_C100,120,-0.02,100.0,42,AUR,0.3761534411362204,1.0
MG_L120_T-2_C100,120,-0.02,100.0,43,AUR,0.18300060076832914,1.0
MG_L120_T-2_C100,120,-0.02,100.0,44,AUR,0.15109500031127077,1.0
MG_L120_T-2_C100,120,-0.02,100.0,45,AUR,0.09183288368768627,1.0
MG_L120_T-2_C100,120,-0.02,100.0,46,AUR,0.030273424577749397,1.0
MG_L120_T-2_C100,120,-0.02,100.0,47,AUR,0.0356730709969344,1.0
MG_L120_T-2_C100,120,-0.02,100.0,48,AUR,-0.020917743641649333,0.0
MG_L120_T-2_C100,120,-0.02,100.0,49,AUR,-0.0004039369990732622,1.0
MG_L120_T-2_C100,120,-0.02,100.0,50,AUR,-0.01683532545010258,1.0
MG_L120_T-2_C100,120,-0.02,100.0,51,AUR,-0.009218226624602477,1.0
MG_L120_T-2_C100,120,-0.02,100.0,52,AUR,-0.07689730768055647,0.0
MG_L120_T-2_C100,120,-0.02,100.0,0,QAUR,0.4305059673836651,1.0
MG_L120_T-2_C100,120,-0.02,100.0,1,QAUR,0.07531565805578144,1.0
MG_L120_T-2_C100,120,-0.02,100.0,2,QAUR,-0.1115885616384672,0.0
MG_L120_T-2_C100,120,-0.02,100.0,3,QAUR,-0.27760194449301767,0.0
MG_L120_T-2_C100,120,-0.02,100.0,4,QAUR,-0.16836219622237647,0.0
MG_L120_T-2_C100,120,-0.02,100.0,5,QAUR,-0.204420963722587,0.0
MG_L120_T-2_C100,120,-0.02,100.0,6,QAUR,-0.2849583036374672,0.0
MG_L120_T-2_C100,120,-0.02,100.0,7,QAUR,-0.18407742810615468,0.0
MG_L120_T-2_C100,120,-0.02,100.0,8,QAUR,-0.20991490682370728,0.0
MG_L120_T-2_C100,120,-0.02,100.0,9,QAUR,-0.20982540085607404,0.0
MG_L120_T-2_C100,120,-0.02,100.0,10,QAUR,-0.22055393061527417,0.0
MG_L120_T-2_C100,120,-0.02,100.0,11,QAUR,-0.2389595502226134,0.0
MG_L120_T-2_C100,120,-0.02,100.0,12,QAUR,-0.11643078710663224,0.0
MG_L120_T-2_C100,120,-0.02,100.0,13,QAUR,0.013654999883330854,1.0
MG_L120_T-2_C100,120,-0.02,100.0,14,QAUR,0.14735436936633328,1.0
MG_L120_T-2_C100,120,-0.02,100.0,15,QAUR,0.19739630440246847,1.0
MG_L120_T-2_C100,120,-0.02,100.0,16,QAUR,0.2238555391609598,1.0
MG_L120_T-2_C100,120,-0.02,100.0,17,QAUR,0.24913884190841684,1.0
MG_L120_T-2_C100,120,-0.02,100.0,18,QAUR,0.1548173578672698,1.0
MG_L120_T-2_C100,120,-0.02,100.0,19,QAUR,0.01730312925256361,1.0
MG_L120_T-2_C100,120,-0.02,100.0,20,QAUR,-0.024598062295543066,0.0
MG_L120_T-2_C100,120,-0.02,100.0,21,QAUR,0.004622120552185027,1.0
MG_L120_T-2_C100,120,-0.02,100.0,22,QAUR,-0.07575136013359884,0.0
MG_L120_T-2_C100,120,-0.02,100.0,23,QAUR,-0.040864890615007976,0.0
MG_L120_T-2_C100,120,-0.02,100.0,24,QAUR,0.07715443305496383,1.0
MG_L120_T-2_C100,120,-0.02,100.0,25,QAUR,0.10302088449724911,1.0
MG_L120_T-2_C100,120,-0.02,100.0,26,QAUR,0.09676155026190392,1.0
MG_L120_T-2_C100,120,-0.02,100.0,27,QAUR,0.07371898608265925,1.0
MG_L120_T-2_C100,120,-0.02,100.0,28,QAUR,0.01965975386132124,1.0
MG_L120_T-2_C100,120,-0.02,100.0,29,QAUR,-0.0072542065255294386,1.0
MG_L120_T-2_C100,120,-0.02,100.0,30,QAUR,-0.011283607668235107,1.0
MG_L120_T-2_C100,120,-0.02,100.0,31,QAUR,-0.014685160837886402,1.0
MG_L120_T-2_C100,120,-0.02,100.0,32,QAUR,-0.056868005780532305,0.0
MG_L120_T-2_C100,120,-0.02,100.0,33,QAUR,-0.02539573499338177,0.0
MG_L120_T-2_C100,120,-0.02,100.0,34,QAUR,0.06898929225284345,1.0
MG_L120_T-2_C100,120,-0.02,100.0,35,QAUR,0.11729670846142648,1.0
MG_L120_T-2_C100,120,-0.02,100.0,36,QAUR,0.09810903686953099,1.0
MG_L120_T-2_C100,120,-0.02,100.0,37,QAUR,0.0071914907246584114,1.0
MG_L120_T-2_C100,120,-0.02,100.0,38,QAUR,0.053068488220826104,1.0
MG_L120_T-2_C100,120,-0.02,100.0,39,QAUR,0.04672025404935343,1.0
MG_L120_T-2_C100,120,-0.02,100.0,40,QAUR,0.13272610136142982,1.0
MG_L120_T-2_C100,120,-0.02,100.0,41,QAUR,0.12547710920081934,1.0
MG_L120_T-2_C100,120,-0.02,100.0,42,QAUR,0.3761534411362204,1.0
MG_L120_T-2_C100,120,-0.02,100.0,43,QAUR,0.18300060076832914,1.0
MG_L120_T-2_C100,120,-0.02,100.0,44,QAUR,0.15109500031127077,1.0
MG_L120_T-2_C100,120,-0.02,100.0,45,QAUR,0.09183288368768627,1.0
MG_L120_T-2_C100,120,-0.02,100.0,46,QAUR,0.030273424577749397,1.0
MG_L120_T-2_C100,120,-0.02,100.0,47,QAUR,0.0356730709969344,1.0
MG_L120_T-2_C100,120,-0.02,100.0,48,QAUR,-0.020917743641649333,0.0
MG_L120_T-2_C100,120,-0.02,100.0,49,QAUR,-0.0004039369990732622,1.0
MG_L120_T-2_C100,120,-0.02,100.0,50,QAUR,-0.01683532545010258,1.0
MG_L120_T-2_C100,120,-0.02,100.0,51,QAUR,-0.009218226624602477,1.0
MG_L120_T-2_C100,120,-0.02,100.0,52,QAUR,-0.07689730768055647,0.0
MG_L120_T0_C0,120,0.0,0.0,0,AUR,0.4305059673836651,1.0
MG_L120_T0_C0,120,0.0,0.0,1,AUR,0.07531565805578144,1.0
MG_L120_T0_C0,120,0.0,0.0,2,AUR,-0.1115885616384672,0.0
MG_L120_T0_C0,120,0.0,0.0,3,AUR,-0.27760194449301767,0.0
MG_L120_T0_C0,120,0.0,0.0,4,AUR,-0.16836219622237647,0.0
MG_L120_T0_C0,120,0.0,0.0,5,AUR,-0.204420963722587,0.0
MG_L120_T0_C0,120,0.0,0.0,6,AUR,-0.2849583036374672,0.0
MG_L120_T0_C0,120,0.0,0.0,7,AUR,-0.18407742810615468,0.0
MG_L120_T0_C0,120,0.0,0.0,8,AUR,-0.20991490682370728,0.0
MG_L120_T0_C0,120,0.0,0.0,9,AUR,-0.20982540085607404,0.0
MG_L120_T0_C0,120,0.0,0.0,10,AUR,-0.22055393061527417,0.0
MG_L120_T0_C0,120,0.0,0.0,11,AUR,-0.2389595502226134,0.0
MG_L120_T0_C0,120,0.0,0.0,12,AUR,-0.11643078710663224,0.0
MG_L120_T0_C0,120,0.0,0.0,13,AUR,0.013654999883330854,1.0
MG_L120_T0_C0,120,0.0,0.0,14,AUR,0.14735436936633328,1.0
MG_L120_T0_C0,120,0.0,0.0,15,AUR,0.19739630440246847,1.0
MG_L120_T0_C0,120,0.0,0.0,16,AUR,0.2238555391609598,1.0
MG_L120_T0_C0,120,0.0,0.0,17,AUR,0.24913884190841684,1.0
MG_L120_T0_C0,120,0.0,0.0,18,AUR,0.1548173578672698,1.0
MG_L120_T0_C0,120,0.0,0.0,19,AUR,0.01730312925256361,1.0
MG_L120_T0_C0,120,0.0,0.0,20,AUR,-0.024598062295543066,0.0
MG_L120_T0_C0,120,0.0,0.0,21,AUR,0.004622120552185027,1.0
MG_L120_T0_C0,120,0.0,0.0,22,AUR,-0.07575136013359884,0.0
MG_L120_T0_C0,120,0.0,0.0,23,AUR,-0.040864890615007976,0.0
MG_L120_T0_C0,120,0.0,0.0,24,AUR,0.07715443305496383,1.0
MG_L120_T0_C0,120,0.0,0.0,25,AUR,0.10302088449724911,1.0
MG_L120_T0_C0,120,0.0,0.0,26,AUR,0.09676155026190392,1.0
MG_L120_T0_C0,120,0.0,0.0,27,AUR,0.07371898608265925,1.0
MG_L120_T0_C0,120,0.0,0.0,28,AUR,0.01965975386132124,1.0
MG_L120_T0_C0,120,0.0,0.0,29,AUR,-0.0072542065255294386,0.0
MG_L120_T0_C0,120,0.0,0.0,30,AUR,-0.011283607668235107,0.0
MG_L120_T0_C0,120,0.0,0.0,31,AUR,-0.014685160837886402,0.0
MG_L120_T0_C0,120,0.0,0.0,32,AUR,-0.056868005780532305,0.0
MG_L120_T0_C0,120,0.0,0.0,33,AUR,-0.02539573499338177,0.0
MG_L120_T0_C0,120,0.0,0.0,34,AUR,0.06898929225284345,1.0
MG_L120_T0_C0,120,0.0,0.0,35,AUR,0.11729670846142648,1.0
MG_L120_T0_C0,120,0.0,0.0,36,AUR,0.09810903686953099,1.0
MG_L120_T0_C0,120,0.0,0.0,37,AUR,0.0071914907246584114,1.0
MG_L120_T0_C0,120,0.0,0.0,38,AUR,0.053068488220826104,1.0
MG_L120_T0_C0,120,0.0,0.0,39,AUR,0.04672025404935343,1.0
MG_L120_T0_C0,120,0.0,0.0,40,AUR,0.13272610136142982,1.0
MG_L120_T0_C0,120,0.0,0.0,41,AUR,0.12547710920081934,1.0
MG_L120_T0_C0,120,0.0,0.0,42,AUR,0.3761534411362204,1.0
MG_L120_T0_C0,120,0.0,0.0,43,AUR,0.18300060076832914,1.0
MG_L120_T0_C0,120,0.0,0.0,44,AUR,0.15109500031127077,1.0
MG_L120_T0_C0,120,0.0,0.0,45,AUR,0.09183288368768627,1.0
MG_L120_T0_C0,120,0.0,0.0,46,AUR,0.030273424577749397,1.0
MG_L120_T0_C0,120,0.0,0.0,47,AUR,0.0356730709969344,1.0
MG_L120_T0_C0,120,0.0,0.0,48,AUR,-0.020917743641649333,0.0
MG_L120_T0_C0,120,0.0,0.0,49,AUR,-0.0004039369990732622,0.0
MG_L120_T0_C0,120,0.0,0.0,50,AUR,-0.01683532545010258,0.0
MG_L120_T0_C0,120,0.0,0.0,51,AUR,-0.009218226624602477,0.0
MG_L120_T0_C0,120,0.0,0.0,52,AUR,-0.07689730768055647,0.0
MG_L120_T0_C0,120,0.0,0.0,0,QAUR,0.4305059673836651,1.0
MG_L120_T0_C0,120,0.0,0.0,1,QAUR,0.07531565805578144,1.0
MG_L120_T0_C0,120,0.0,0.0,2,QAUR,-0.1115885616384672,0.0
MG_L120_T0_C0,120,0.0,0.0,3,QAUR,-0.27760194449301767,0.0
MG_L120_T0_C0,120,0.0,0.0,4,QAUR,-0.16836219622237647,0.0
MG_L120_T0_C0,120,0.0,0.0,5,QAUR,-0.204420963722587,0.0
MG_L120_T0_C0,120,0.0,0.0,6,QAUR,-0.2849583036374672,0.0
MG_L120_T0_C0,120,0.0,0.0,7,QAUR,-0.18407742810615468,0.0
MG_L120_T0_C0,120,0.0,0.0,8,QAUR,-0.20991490682370728,0.0
MG_L120_T0_C0,120,0.0,0.0,9,QAUR,-0.20982540085607404,0.0
MG_L120_T0_C0,120,0.0,0.0,10,QAUR,-0.22055393061527417,0.0
MG_L120_T0_C0,120,0.0,0.0,11,QAUR,-0.2389595502226134,0.0
MG_L120_T0_C0,120,0.0,0.0,12,QAUR,-0.11643078710663224,0.0
MG_L120_T0_C0,120,0.0,0.0,13,QAUR,0.013654999883330854,1.0
MG_L120_T0_C0,120,0.0,0.0,14,QAUR,0.14735436936633328,1.0
MG_L120_T0_C0,120,0.0,0.0,15,QAUR,0.19739630440246847,1.0
MG_L120_T0_C0,120,0.0,0.0,16,QAUR,0.2238555391609598,1.0
MG_L120_T0_C0,120,0.0,0.0,17,QAUR,0.24913884190841684,1.0
MG_L120_T0_C0,120,0.0,0.0,18,QAUR,0.1548173578672698,1.0
MG_L120_T0_C0,120,0.0,0.0,19,QAUR,0.01730312925256361,1.0
MG_L120_T0_C0,120,0.0,0.0,20,QAUR,-0.024598062295543066,0.0
MG_L120_T0_C0,120,0.0,0.0,21,QAUR,0.004622120552185027,1.0
MG_L120_T0_C0,120,0.0,0.0,22,QAUR,-0.07575136013359884,0.0
MG_L120_T0_C0,120,0.0,0.0,23,QAUR,-0.040864890615007976,0.0
MG_L120_T0_C0,120,0.0,0.0,24,QAUR,0.07715443305496383,1.0
MG_L120_T0_C0,120,0.0,0.0,25,QAUR,0.10302088449724911,1.0
MG_L120_T0_C0,120,0.0,0.0,26,QAUR,0.09676155026190392,1.0
MG_L120_T0_C0,120,0.0,0.0,27,QAUR,0.07371898608265925,1.0
MG_L120_T0_C0,120,0.0,0.0,28,QAUR,0.01965975386132124,1.0
MG_L120_T0_C0,120,0.0,0.0,29,QAUR,-0.0072542065255294386,0.0
MG_L120_T0_C0,120,0.0,0.0,30,QAUR,-0.011283607668235107,0.0
MG_L120_T0_C0,120,0.0,0.0,31,QAUR,-0.014685160837886402,0.0
MG_L120_T0_C0,120,0.0,0.0,32,QAUR,-0.056868005780532305,0.0
MG_L120_T0_C0,120,0.0,0.0,33,QAUR,-0.02539573499338177,0.0
MG_L120_T0_C0,120,0.0,0.0,34,QAUR,0.06898929225284345,1.0
MG_L120_T0_C0,120,0.0,0.0,35,QAUR,0.11729670846142648,1.0
MG_L120_T0_C0,120,0.0,0.0,36,QAUR,0.09810903686953099,1.0
MG_L120_T0_C0,120,0.0,0.0,37,QAUR,0.0071914907246584114,1.0
MG_L120_T0_C0,120,0.0,0.0,38,QAUR,0.053068488220826104,1.0
MG_L120_T0_C0,120,0.0,0.0,39,QAUR,0.04672025404935343,1.0
MG_L120_T0_C0,120,0.0,0.0,40,QAUR,0.13272610136142982,1.0
MG_L120_T0_C0,120,0.0,0.0,41,QAUR,0.12547710920081934,1.0
MG_L120_T0_C0,120,0.0,0.0,42,QAUR,0.3761534411362204,1.0
MG_L120_T0_C0,120,0.0,0.0,43,QAUR,0.18300060076832914,1.0
MG_L120_T0_C0,120,0.0,0.0,44,QAUR,0.15109500031127077,1.0
MG_L120_T0_C0,120,0.0,0.0,45,QAUR,0.09183288368768627,1.0
MG_L120_T0_C0,120,0.0,0.0,46,QAUR,0.030273424577749397,1.0
MG_L120_T0_C0,120,0.0,0.0,47,QAUR,0.0356730709969344,1.0
MG_L120_T0_C0,120,0.0,0.0,48,QAUR,-0.020917743641649333,0.0
MG_L120_T0_C0,120,0.0,0.0,49,QAUR,-0.0004039369990732622,0.0
MG_L120_T0_C0,120,0.0,0.0,50,QAUR,-0.01683532545010258,0.0
MG_L120_T0_C0,120,0.0,0.0,51,QAUR,-0.009218226624602477,0.0
MG_L120_T0_C0,120,0.0,0.0,52,QAUR,-0.07689730768055647,0.0
MG_L120_T0_C25,120,0.0,25.0,0,AUR,0.4305059673836651,1.0
MG_L120_T0_C25,120,0.0,25.0,1,AUR,0.07531565805578144,1.0
MG_L120_T0_C25,120,0.0,25.0,2,AUR,-0.1115885616384672,0.0
MG_L120_T0_C25,120,0.0,25.0,3,AUR,-0.27760194449301767,0.0
MG_L120_T0_C25,120,0.0,25.0,4,AUR,-0.16836219622237647,0.0
MG_L120_T0_C25,120,0.0,25.0,5,AUR,-0.204420963722587,0.0
MG_L120_T0_C25,120,0.0,25.0,6,AUR,-0.2849583036374672,0.0
MG_L120_T0_C25,120,0.0,25.0,7,AUR,-0.18407742810615468,0.0
MG_L120_T0_C25,120,0.0,25.0,8,AUR,-0.20991490682370728,0.0
MG_L120_T0_C25,120,0.0,25.0,9,AUR,-0.20982540085607404,0.0
MG_L120_T0_C25,120,0.0,25.0,10,AUR,-0.22055393061527417,0.0
MG_L120_T0_C25,120,0.0,25.0,11,AUR,-0.2389595502226134,0.0
MG_L120_T0_C25,120,0.0,25.0,12,AUR,-0.11643078710663224,0.0
MG_L120_T0_C25,120,0.0,25.0,13,AUR,0.013654999883330854,1.0
MG_L120_T0_C25,120,0.0,25.0,14,AUR,0.14735436936633328,1.0
MG_L120_T0_C25,120,0.0,25.0,15,AUR,0.19739630440246847,1.0
MG_L120_T0_C25,120,0.0,25.0,16,AUR,0.2238555391609598,1.0
MG_L120_T0_C25,120,0.0,25.0,17,AUR,0.24913884190841684,1.0
MG_L120_T0_C25,120,0.0,25.0,18,AUR,0.1548173578672698,1.0
MG_L120_T0_C25,120,0.0,25.0,19,AUR,0.01730312925256361,1.0
MG_L120_T0_C25,120,0.0,25.0,20,AUR,-0.024598062295543066,0.0
MG_L120_T0_C25,120,0.0,25.0,21,AUR,0.004622120552185027,1.0
MG_L120_T0_C25,120,0.0,25.0,22,AUR,-0.07575136013359884,0.0
MG_L120_T0_C25,120,0.0,25.0,23,AUR,-0.040864890615007976,0.0
MG_L120_T0_C25,120,0.0,25.0,24,AUR,0.07715443305496383,1.0
MG_L120_T0_C25,120,0.0,25.0,25,AUR,0.10302088449724911,1.0
MG_L120_T0_C25,120,0.0,25.0,26,AUR,0.09676155026190392,1.0
MG_L120_T0_C25,120,0.0,25.0,27,AUR,0.07371898608265925,1.0
MG_L120_T0_C25,120,0.0,25.0,28,AUR,0.01965975386132124,1.0
MG_L120_T0_C25,120,0.0,25.0,29,AUR,-0.0072542065255294386,0.0
MG_L120_T0_C25,120,0.0,25.0,30,AUR,-0.011283607668235107,0.0
MG_L120_T0_C25,120,0.0,25.0,31,AUR,-0.014685160837886402,0.0
MG_L120_T0_C25,120,0.0,25.0,32,AUR,-0.056868005780532305,0.0
MG_L120_T0_C25,120,0.0,25.0,33,AUR,-0.02539573499338177,0.0
MG_L120_T0_C25,120,0.0,25.0,34,AUR,0.06898929225284345,1.0
MG_L120_T0_C25,120,0.0,25.0,35,AUR,0.11729670846142648,1.0
MG_L120_T0_C25,120,0.0,25.0,36,AUR,0.09810903686953099,1.0
MG_L120_T0_C25,120,0.0,25.0,37,AUR,0.0071914907246584114,1.0
MG_L120_T0_C25,120,0.0,25.0,38,AUR,0.053068488220826104,1.0
MG_L120_T0_C25,120,0.0,25.0,39,AUR,0.04672025404935343,1.0
MG_L120_T0_C25,120,0.0,25.0,40,AUR,0.13272610136142982,1.0
MG_L120_T0_C25,120,0.0,25.0,41,AUR,0.12547710920081934,1.0
MG_L120_T0_C25,120,0.0,25.0,42,AUR,0.3761534411362204,1.0
MG_L120_T0_C25,120,0.0,25.0,43,AUR,0.18300060076832914,1.0
MG_L120_T0_C25,120,0.0,25.0,44,AUR,0.15109500031127077,1.0
MG_L120_T0_C25,120,0.0,25.0,45,AUR,0.09183288368768627,1.0
MG_L120_T0_C25,120,0.0,25.0,46,AUR,0.030273424577749397,1.0
MG_L120_T0_C25,120,0.0,25.0,47,AUR,0.0356730709969344,1.0
MG_L120_T0_C25,120,0.0,25.0,48,AUR,-0.020917743641649333,0.0
MG_L120_T0_C25,120,0.0,25.0,49,AUR,-0.0004039369990732622,0.0
MG_L120_T0_C25,120,0.0,25.0,50,AUR,-0.01683532545010258,0.0
MG_L120_T0_C25,120,0.0,25.0,51,AUR,-0.009218226624602477,0.0
MG_L120_T0_C25,120,0.0,25.0,52,AUR,-0.07689730768055647,0.0
MG_L120_T0_C25,120,0.0,25.0,0,QAUR,0.4305059673836651,1.0
MG_L120_T0_C25,120,0.0,25.0,1,QAUR,0.07531565805578144,1.0
MG_L120_T0_C25,120,0.0,25.0,2,QAUR,-0.1115885616384672,0.0
MG_L120_T0_C25,120,0.0,25.0,3,QAUR,-0.27760194449301767,0.0
MG_L120_T0_C25,120,0.0,25.0,4,QAUR,-0.16836219622237647,0.0
MG_L120_T0_C25,120,0.0,25.0,5,QAUR,-0.204420963722587,0.0
MG_L120_T0_C25,120,0.0,25.0,6,QAUR,-0.2849583036374672,0.0
MG_L120_T0_C25,120,0.0,25.0,7,QAUR,-0.18407742810615468,0.0
MG_L120_T0_C25,120,0.0,25.0,8,QAUR,-0.20991490682370728,0.0
MG_L120_T0_C25,120,0.0,25.0,9,QAUR,-0.20982540085607404,0.0
MG_L120_T0_C25,120,0.0,25.0,10,QAUR,-0.22055393061527417,0.0
MG_L120_T0_C25,120,0.0,25.0,11,QAUR,-0.2389595502226134,0.0
MG_L120_T0_C25,120,0.0,25.0,12,QAUR,-0.11643078710663224,0.0
MG_L120_T0_C25,120,0.0,25.0,13,QAUR,0.013654999883330854,1.0
MG_L120_T0_C25,120,0.0,25.0,14,QAUR,0.14735436936633328,1.0
MG_L120_T0_C25,120,0.0,25.0,15,QAUR,0.19739630440246847,1.0
MG_L120_T0_C25,120,0.0,25.0,16,QAUR,0.2238555391609598,1.0
MG_L120_T0_C25,120,0.0,25.0,17,QAUR,0.24913884190841684,1.0
MG_L120_T0_C25,120,0.0,25.0,18,QAUR,0.1548173578672698,1.0
MG_L120_T0_C25,120,0.0,25.0,19,QAUR,0.01730312925256361,1.0
MG_L120_T0_C25,120,0.0,25.0,20,QAUR,-0.024598062295543066,0.0
MG_L120_T0_C25,120,0.0,25.0,21,QAUR,0.004622120552185027,1.0
MG_L120_T0_C25,120,0.0,25.0,22,QAUR,-0.07575136013359884,0.0
MG_L120_T0_C25,120,0.0,25.0,23,QAUR,-0.040864890615007976,0.0
MG_L120_T0_C25,120,0.0,25.0,24,QAUR,0.07715443305496383,1.0
MG_L120_T0_C25,120,0.0,25.0,25,QAUR,0.10302088449724911,1.0
MG_L120_T0_C25,120,0.0,25.0,26,QAUR,0.09676155026190392,1.0
MG_L120_T0_C25,120,0.0,25.0,27,QAUR,0.07371898608265925,1.0
MG_L120_T0_C25,120,0.0,25.0,28,QAUR,0.01965975386132124,1.0
MG_L120_T0_C25,120,0.0,25.0,29,QAUR,-0.0072542065255294386,0.0
MG_L120_T0_C25,120,0.0,25.0,30,QAUR,-0.011283607668235107,0.0
MG_L120_T0_C25,120,0.0,25.0,31,QAUR,-0.014685160837886402,0.0
MG_L120_T0_C25,120,0.0,25.0,32,QAUR,-0.056868005780532305,0.0
MG_L120_T0_C25,120,0.0,25.0,33,QAUR,-0.02539573499338177,0.0
MG_L120_T0_C25,120,0.0,25.0,34,QAUR,0.06898929225284345,1.0
MG_L120_T0_C25,120,0.0,25.0,35,QAUR,0.11729670846142648,1.0
MG_L120_T0_C25,120,0.0,25.0,36,QAUR,0.09810903686953099,1.0
MG_L120_T0_C25,120,0.0,25.0,37,QAUR,0.0071914907246584114,1.0
MG_L120_T0_C25,120,0.0,25.0,38,QAUR,0.053068488220826104,1.0
MG_L120_T0_C25,120,0.0,25.0,39,QAUR,0.04672025404935343,1.0
MG_L120_T0_C25,120,0.0,25.0,40,QAUR,0.13272610136142982,1.0
MG_L120_T0_C25,120,0.0,25.0,41,QAUR,0.12547710920081934,1.0
MG_L120_T0_C25,120,0.0,25.0,42,QAUR,0.3761534411362204,1.0
MG_L120_T0_C25,120,0.0,25.0,43,QAUR,0.18300060076832914,1.0
MG_L120_T0_C25,120,0.0,25.0,44,QAUR,0.15109500031127077,1.0
MG_L120_T0_C25,120,0.0,25.0,45,QAUR,0.09183288368768627,1.0
MG_L120_T0_C25,120,0.0,25.0,46,QAUR,0.030273424577749397,1.0
MG_L120_T0_C25,120,0.0,25.0,47,QAUR,0.0356730709969344,1.0
MG_L120_T0_C25,120,0.0,25.0,48,QAUR,-0.020917743641649333,0.0
MG_L120_T0_C25,120,0.0,25.0,49,QAUR,-0.0004039369990732622,0.0
MG_L120_T0_C25,120,0.0,25.0,50,QAUR,-0.01683532545010258,0.0
MG_L120_T0_C25,120,0.0,25.0,51,QAUR,-0.009218226624602477,0.0
MG_L120_T0_C25,120,0.0,25.0,52,QAUR,-0.07689730768055647,0.0
MG_L120_T0_C50,120,0.0,50.0,0,AUR,0.4305059673836651,1.0
MG_L120_T0_C50,120,0.0,50.0,1,AUR,0.07531565805578144,1.0
MG_L120_T0_C50,120,0.0,50.0,2,AUR,-0.1115885616384672,0.0
MG_L120_T0_C50,120,0.0,50.0,3,AUR,-0.27760194449301767,0.0
MG_L120_T0_C50,120,0.0,50.0,4,AUR,-0.16836219622237647,0.0
MG_L120_T0_C50,120,0.0,50.0,5,AUR,-0.204420963722587,0.0
MG_L120_T0_C50,120,0.0,50.0,6,AUR,-0.2849583036374672,0.0
MG_L120_T0_C50,120,0.0,50.0,7,AUR,-0.18407742810615468,0.0
MG_L120_T0_C50,120,0.0,50.0,8,AUR,-0.20991490682370728,0.0
MG_L120_T0_C50,120,0.0,50.0,9,AUR,-0.20982540085607404,0.0
MG_L120_T0_C50,120,0.0,50.0,10,AUR,-0.22055393061527417,0.0
MG_L120_T0_C50,120,0.0,50.0,11,AUR,-0.2389595502226134,0.0
MG_L120_T0_C50,120,0.0,50.0,12,AUR,-0.11643078710663224,0.0
MG_L120_T0_C50,120,0.0,50.0,13,AUR,0.013654999883330854,1.0
MG_L120_T0_C50,120,0.0,50.0,14,AUR,0.14735436936633328,1.0
MG_L120_T0_C50,120,0.0,50.0,15,AUR,0.19739630440246847,1.0
MG_L120_T0_C50,120,0.0,50.0,16,AUR,0.2238555391609598,1.0
MG_L120_T0_C50,120,0.0,50.0,17,AUR,0.24913884190841684,1.0
MG_L120_T0_C50,120,0.0,50.0,18,AUR,0.1548173578672698,1.0
MG_L120_T0_C50,120,0.0,50.0,19,AUR,0.01730312925256361,1.0
MG_L120_T0_C50,120,0.0,50.0,20,AUR,-0.024598062295543066,0.0
MG_L120_T0_C50,120,0.0,50.0,21,AUR,0.004622120552185027,1.0
MG_L120_T0_C50,120,0.0,50.0,22,AUR,-0.07575136013359884,0.0
MG_L120_T0_C50,120,0.0,50.0,23,AUR,-0.040864890615007976,0.0
MG_L120_T0_C50,120,0.0,50.0,24,AUR,0.07715443305496383,1.0
MG_L120_T0_C50,120,0.0,50.0,25,AUR,0.10302088449724911,1.0
MG_L120_T0_C50,120,0.0,50.0,26,AUR,0.09676155026190392,1.0
MG_L120_T0_C50,120,0.0,50.0,27,AUR,0.07371898608265925,1.0
MG_L120_T0_C50,120,0.0,50.0,28,AUR,0.01965975386132124,1.0
MG_L120_T0_C50,120,0.0,50.0,29,AUR,-0.0072542065255294386,0.0
MG_L120_T0_C50,120,0.0,50.0,30,AUR,-0.011283607668235107,0.0
MG_L120_T0_C50,120,0.0,50.0,31,AUR,-0.014685160837886402,0.0
MG_L120_T0_C50,120,0.0,50.0,32,AUR,-0.056868005780532305,0.0
MG_L120_T0_C50,120,0.0,50.0,33,AUR,-0.02539573499338177,0.0
MG_L120_T0_C50,120,0.0,50.0,34,AUR,0.06898929225284345,1.0
MG_L120_T0_C50,120,0.0,50.0,35,AUR,0.11729670846142648,1.0
MG_L120_T0_C50,120,0.0,50.0,36,AUR,0.09810903686953099,1.0
MG_L120_T0_C50,120,0.0,50.0,37,AUR,0.0071914907246584114,1.0
MG_L120_T0_C50,120,0.0,50.0,38,AUR,0.053068488220826104,1.0
MG_L120_T0_C50,120,0.0,50.0,39,AUR,0.04672025404935343,1.0
MG_L120_T0_C50,120,0.0,50.0,40,AUR,0.13272610136142982,1.0
MG_L120_T0_C50,120,0.0,50.0,41,AUR,0.12547710920081934,1.0
MG_L120_T0_C50,120,0.0,50.0,42,AUR,0.3761534411362204,1.0
MG_L120_T0_C50,120,0.0,50.0,43,AUR,0.18300060076832914,1.0
MG_L120_T0_C50,120,0.0,50.0,44,AUR,0.15109500031127077,1.0
MG_L120_T0_C50,120,0.0,50.0,45,AUR,0.09183288368768627,1.0
MG_L120_T0_C50,120,0.0,50.0,46,AUR,0.030273424577749397,1.0
MG_L120_T0_C50,120,0.0,50.0,47,AUR,0.0356730709969344,1.0
MG_L120_T0_C50,120,0.0,50.0,48,AUR,-0.020917743641649333,0.0
MG_L120_T0_C50,120,0.0,50.0,49,AUR,-0.0004039369990732622,0.0
MG_L120_T0_C50,120,0.0,50.0,50,AUR,-0.01683532545010258,0.0
MG_L120_T0_C50,120,0.0,50.0,51,AUR,-0.009218226624602477,0.0
MG_L120_T0_C50,120,0.0,50.0,52,AUR,-0.07689730768055647,0.0
MG_L120_T0_C50,120,0.0,50.0,0,QAUR,0.4305059673836651,1.0
MG_L120_T0_C50,120,0.0,50.0,1,QAUR,0.07531565805578144,1.0
MG_L120_T0_C50,120,0.0,50.0,2,QAUR,-0.1115885616384672,0.0
MG_L120_T0_C50,120,0.0,50.0,3,QAUR,-0.27760194449301767,0.0
MG_L120_T0_C50,120,0.0,50.0,4,QAUR,-0.16836219622237647,0.0
MG_L120_T0_C50,120,0.0,50.0,5,QAUR,-0.204420963722587,0.0
MG_L120_T0_C50,120,0.0,50.0,6,QAUR,-0.2849583036374672,0.0
MG_L120_T0_C50,120,0.0,50.0,7,QAUR,-0.18407742810615468,0.0
MG_L120_T0_C50,120,0.0,50.0,8,QAUR,-0.20991490682370728,0.0
MG_L120_T0_C50,120,0.0,50.0,9,QAUR,-0.20982540085607404,0.0
MG_L120_T0_C50,120,0.0,50.0,10,QAUR,-0.22055393061527417,0.0
MG_L120_T0_C50,120,0.0,50.0,11,QAUR,-0.2389595502226134,0.0
MG_L120_T0_C50,120,0.0,50.0,12,QAUR,-0.11643078710663224,0.0
MG_L120_T0_C50,120,0.0,50.0,13,QAUR,0.013654999883330854,1.0
MG_L120_T0_C50,120,0.0,50.0,14,QAUR,0.14735436936633328,1.0
MG_L120_T0_C50,120,0.0,50.0,15,QAUR,0.19739630440246847,1.0
MG_L120_T0_C50,120,0.0,50.0,16,QAUR,0.2238555391609598,1.0
MG_L120_T0_C50,120,0.0,50.0,17,QAUR,0.24913884190841684,1.0
MG_L120_T0_C50,120,0.0,50.0,18,QAUR,0.1548173578672698,1.0
MG_L120_T0_C50,120,0.0,50.0,19,QAUR,0.01730312925256361,1.0
MG_L120_T0_C50,120,0.0,50.0,20,QAUR,-0.024598062295543066,0.0
MG_L120_T0_C50,120,0.0,50.0,21,QAUR,0.004622120552185027,1.0
MG_L120_T0_C50,120,0.0,50.0,22,QAUR,-0.07575136013359884,0.0
MG_L120_T0_C50,120,0.0,50.0,23,QAUR,-0.040864890615007976,0.0
MG_L120_T0_C50,120,0.0,50.0,24,QAUR,0.07715443305496383,1.0
MG_L120_T0_C50,120,0.0,50.0,25,QAUR,0.10302088449724911,1.0
MG_L120_T0_C50,120,0.0,50.0,26,QAUR,0.09676155026190392,1.0
MG_L120_T0_C50,120,0.0,50.0,27,QAUR,0.07371898608265925,1.0
MG_L120_T0_C50,120,0.0,50.0,28,QAUR,0.01965975386132124,1.0
MG_L120_T0_C50,120,0.0,50.0,29,QAUR,-0.0072542065255294386,0.0
MG_L120_T0_C50,120,0.0,50.0,30,QAUR,-0.011283607668235107,0.0
MG_L120_T0_C50,120,0.0,50.0,31,QAUR,-0.014685160837886402,0.0
MG_L120_T0_C50,120,0.0,50.0,32,QAUR,-0.056868005780532305,0.0
MG_L120_T0_C50,120,0.0,50.0,33,QAUR,-0.02539573499338177,0.0
MG_L120_T0_C50,120,0.0,50.0,34,QAUR,0.06898929225284345,1.0
MG_L120_T0_C50,120,0.0,50.0,35,QAUR,0.11729670846142648,1.0
MG_L120_T0_C50,120,0.0,50.0,36,QAUR,0.09810903686953099,1.0
MG_L120_T0_C50,120,0.0,50.0,37,QAUR,0.0071914907246584114,1.0
MG_L120_T0_C50,120,0.0,50.0,38,QAUR,0.053068488220826104,1.0
MG_L120_T0_C50,120,0.0,50.0,39,QAUR,0.04672025404935343,1.0
MG_L120_T0_C50,120,0.0,50.0,40,QAUR,0.13272610136142982,1.0
MG_L120_T0_C50,120,0.0,50.0,41,QAUR,0.12547710920081934,1.0
MG_L120_T0_C50,120,0.0,50.0,42,QAUR,0.3761534411362204,1.0
MG_L120_T0_C50,120,0.0,50.0,43,QAUR,0.18300060076832914,1.0
MG_L120_T0_C50,120,0.0,50.0,44,QAUR,0.15109500031127077,1.0
MG_L120_T0_C50,120,0.0,50.0,45,QAUR,0.09183288368768627,1.0
MG_L120_T0_C50,120,0.0,50.0,46,QAUR,0.030273424577749397,1.0
MG_L120_T0_C50,120,0.0,50.0,47,QAUR,0.0356730709969344,1.0
MG_L120_T0_C50,120,0.0,50.0,48,QAUR,-0.020917743641649333,0.0
MG_L120_T0_C50,120,0.0,50.0,49,QAUR,-0.0004039369990732622,0.0
MG_L120_T0_C50,120,0.0,50.0,50,QAUR,-0.01683532545010258,0.0
MG_L120_T0_C50,120,0.0,50.0,51,QAUR,-0.009218226624602477,0.0
MG_L120_T0_C50,120,0.0,50.0,52,QAUR,-0.07689730768055647,0.0
MG_L120_T0_C100,120,0.0,100.0,0,AUR,0.4305059673836651,1.0
MG_L120_T0_C100,120,0.0,100.0,1,AUR,0.07531565805578144,1.0
MG_L120_T0_C100,120,0.0,100.0,2,AUR,-0.1115885616384672,0.0
MG_L120_T0_C100,120,0.0,100.0,3,AUR,-0.27760194449301767,0.0
MG_L120_T0_C100,120,0.0,100.0,4,AUR,-0.16836219622237647,0.0
MG_L120_T0_C100,120,0.0,100.0,5,AUR,-0.204420963722587,0.0
MG_L120_T0_C100,120,0.0,100.0,6,AUR,-0.2849583036374672,0.0
MG_L120_T0_C100,120,0.0,100.0,7,AUR,-0.18407742810615468,0.0
MG_L120_T0_C100,120,0.0,100.0,8,AUR,-0.20991490682370728,0.0
MG_L120_T0_C100,120,0.0,100.0,9,AUR,-0.20982540085607404,0.0
MG_L120_T0_C100,120,0.0,100.0,10,AUR,-0.22055393061527417,0.0
MG_L120_T0_C100,120,0.0,100.0,11,AUR,-0.2389595502226134,0.0
MG_L120_T0_C100,120,0.0,100.0,12,AUR,-0.11643078710663224,0.0
MG_L120_T0_C100,120,0.0,100.0,13,AUR,0.013654999883330854,1.0
MG_L120_T0_C100,120,0.0,100.0,14,AUR,0.14735436936633328,1.0
MG_L120_T0_C100,120,0.0,100.0,15,AUR,0.19739630440246847,1.0
MG_L120_T0_C100,120,0.0,100.0,16,AUR,0.2238555391609598,1.0
MG_L120_T0_C100,120,0.0,100.0,17,AUR,0.24913884190841684,1.0
MG_L120_T0_C100,120,0.0,100.0,18,AUR,0.1548173578672698,1.0
MG_L120_T0_C100,120,0.0,100.0,19,AUR,0.01730312925256361,1.0
MG_L120_T0_C100,120,0.0,100.0,20,AUR,-0.024598062295543066,0.0
MG_L120_T0_C100,120,0.0,100.0,21,AUR,0.004622120552185027,1.0
MG_L120_T0_C100,120,0.0,100.0,22,AUR,-0.07575136013359884,0.0
MG_L120_T0_C100,120,0.0,100.0,23,AUR,-0.040864890615007976,0.0
MG_L120_T0_C100,120,0.0,100.0,24,AUR,0.07715443305496383,1.0
MG_L120_T0_C100,120,0.0,100.0,25,AUR,0.10302088449724911,1.0
MG_L120_T0_C100,120,0.0,100.0,26,AUR,0.09676155026190392,1.0
MG_L120_T0_C100,120,0.0,100.0,27,AUR,0.07371898608265925,1.0
MG_L120_T0_C100,120,0.0,100.0,28,AUR,0.01965975386132124,1.0
MG_L120_T0_C100,120,0.0,100.0,29,AUR,-0.0072542065255294386,0.0
MG_L120_T0_C100,120,0.0,100.0,30,AUR,-0.011283607668235107,0.0
MG_L120_T0_C100,120,0.0,100.0,31,AUR,-0.014685160837886402,0.0
MG_L120_T0_C100,120,0.0,100.0,32,AUR,-0.056868005780532305,0.0
MG_L120_T0_C100,120,0.0,100.0,33,AUR,-0.02539573499338177,0.0
MG_L120_T0_C100,120,0.0,100.0,34,AUR,0.06898929225284345,1.0
MG_L120_T0_C100,120,0.0,100.0,35,AUR,0.11729670846142648,1.0
MG_L120_T0_C100,120,0.0,100.0,36,AUR,0.09810903686953099,1.0
MG_L120_T0_C100,120,0.0,100.0,37,AUR,0.0071914907246584114,1.0
MG_L120_T0_C100,120,0.0,100.0,38,AUR,0.053068488220826104,1.0
MG_L120_T0_C100,120,0.0,100.0,39,AUR,0.04672025404935343,1.0
MG_L120_T0_C100,120,0.0,100.0,40,AUR,0.13272610136142982,1.0
MG_L120_T0_C100,120,0.0,100.0,41,AUR,0.12547710920081934,1.0
MG_L120_T0_C100,120,0.0,100.0,42,AUR,0.3761534411362204,1.0
MG_L120_T0_C100,120,0.0,100.0,43,AUR,0.18300060076832914,1.0
MG_L120_T0_C100,120,0.0,100.0,44,AUR,0.15109500031127077,1.0
MG_L120_T0_C100,120,0.0,100.0,45,AUR,0.09183288368768627,1.0
MG_L120_T0_C100,120,0.0,100.0,46,AUR,0.030273424577749397,1.0
MG_L120_T0_C100,120,0.0,100.0,47,AUR,0.0356730709969344,1.0
MG_L120_T0_C100,120,0.0,100.0,48,AUR,-0.020917743641649333,0.0
MG_L120_T0_C100,120,0.0,100.0,49,AUR,-0.0004039369990732622,0.0
MG_L120_T0_C100,120,0.0,100.0,50,AUR,-0.01683532545010258,0.0
MG_L120_T0_C100,120,0.0,100.0,51,AUR,-0.009218226624602477,0.0
MG_L120_T0_C100,120,0.0,100.0,52,AUR,-0.07689730768055647,0.0
MG_L120_T0_C100,120,0.0,100.0,0,QAUR,0.4305059673836651,1.0
MG_L120_T0_C100,120,0.0,100.0,1,QAUR,0.07531565805578144,1.0
MG_L120_T0_C100,120,0.0,100.0,2,QAUR,-0.1115885616384672,0.0
MG_L120_T0_C100,120,0.0,100.0,3,QAUR,-0.27760194449301767,0.0
MG_L120_T0_C100,120,0.0,100.0,4,QAUR,-0.16836219622237647,0.0
MG_L120_T0_C100,120,0.0,100.0,5,QAUR,-0.204420963722587,0.0
MG_L120_T0_C100,120,0.0,100.0,6,QAUR,-0.2849583036374672,0.0
MG_L120_T0_C100,120,0.0,100.0,7,QAUR,-0.18407742810615468,0.0
MG_L120_T0_C100,120,0.0,100.0,8,QAUR,-0.20991490682370728,0.0
MG_L120_T0_C100,120,0.0,100.0,9,QAUR,-0.20982540085607404,0.0
MG_L120_T0_C100,120,0.0,100.0,10,QAUR,-0.22055393061527417,0.0
MG_L120_T0_C100,120,0.0,100.0,11,QAUR,-0.2389595502226134,0.0
MG_L120_T0_C100,120,0.0,100.0,12,QAUR,-0.11643078710663224,0.0
MG_L120_T0_C100,120,0.0,100.0,13,QAUR,0.013654999883330854,1.0
MG_L120_T0_C100,120,0.0,100.0,14,QAUR,0.14735436936633328,1.0
MG_L120_T0_C100,120,0.0,100.0,15,QAUR,0.19739630440246847,1.0
MG_L120_T0_C100,120,0.0,100.0,16,QAUR,0.2238555391609598,1.0
MG_L120_T0_C100,120,0.0,100.0,17,QAUR,0.24913884190841684,1.0
MG_L120_T0_C100,120,0.0,100.0,18,QAUR,0.1548173578672698,1.0
MG_L120_T0_C100,120,0.0,100.0,19,QAUR,0.01730312925256361,1.0
MG_L120_T0_C100,120,0.0,100.0,20,QAUR,-0.024598062295543066,0.0
MG_L120_T0_C100,120,0.0,100.0,21,QAUR,0.004622120552185027,1.0
MG_L120_T0_C100,120,0.0,100.0,22,QAUR,-0.07575136013359884,0.0
MG_L120_T0_C100,120,0.0,100.0,23,QAUR,-0.040864890615007976,0.0
MG_L120_T0_C100,120,0.0,100.0,24,QAUR,0.07715443305496383,1.0
MG_L120_T0_C100,120,0.0,100.0,25,QAUR,0.10302088449724911,1.0
MG_L120_T0_C100,120,0.0,100.0,26,QAUR,0.09676155026190392,1.0
MG_L120_T0_C100,120,0.0,100.0,27,QAUR,0.07371898608265925,1.0
MG_L120_T0_C100,120,0.0,100.0,28,QAUR,0.01965975386132124,1.0
MG_L120_T0_C100,120,0.0,100.0,29,QAUR,-0.0072542065255294386,0.0
MG_L120_T0_C100,120,0.0,100.0,30,QAUR,-0.011283607668235107,0.0
MG_L120_T0_C100,120,0.0,100.0,31,QAUR,-0.014685160837886402,0.0
MG_L120_T0_C100,120,0.0,100.0,32,QAUR,-0.056868005780532305,0.0
MG_L120_T0_C100,120,0.0,100.0,33,QAUR,-0.02539573499338177,0.0
MG_L120_T0_C100,120,0.0,100.0,34,QAUR,0.06898929225284345,1.0
MG_L120_T0_C100,120,0.0,100.0,35,QAUR,0.11729670846142648,1.0
MG_L120_T0_C100,120,0.0,100.0,36,QAUR,0.09810903686953099,1.0
MG_L120_T0_C100,120,0.0,100.0,37,QAUR,0.0071914907246584114,1.0
MG_L120_T0_C100,120,0.0,100.0,38,QAUR,0.053068488220826104,1.0
MG_L120_T0_C100,120,0.0,100.0,39,QAUR,0.04672025404935343,1.0
MG_L120_T0_C100,120,0.0,100.0,40,QAUR,0.13272610136142982,1.0
MG_L120_T0_C100,120,0.0,100.0,41,QAUR,0.12547710920081934,1.0
MG_L120_T0_C100,120,0.0,100.0,42,QAUR,0.3761534411362204,1.0
MG_L120_T0_C100,120,0.0,100.0,43,QAUR,0.18300060076832914,1.0
MG_L120_T0_C100,120,0.0,100.0,44,QAUR,0.15109500031127077,1.0
MG_L120_T0_C100,120,0.0,100.0,45,QAUR,0.09183288368768627,1.0
MG_L120_T0_C100,120,0.0,100.0,46,QAUR,0.030273424577749397,1.0
MG_L120_T0_C100,120,0.0,100.0,47,QAUR,0.0356730709969344,1.0
MG_L120_T0_C100,120,0.0,100.0,48,QAUR,-0.020917743641649333,0.0
MG_L120_T0_C100,120,0.0,100.0,49,QAUR,-0.0004039369990732622,0.0
MG_L120_T0_C100,120,0.0,100.0,50,QAUR,-0.01683532545010258,0.0
MG_L120_T0_C100,120,0.0,100.0,51,QAUR,-0.009218226624602477,0.0
MG_L120_T0_C100,120,0.0,100.0,52,QAUR,-0.07689730768055647,0.0
MG_L120_T2_C0,120,0.02,0.0,0,AUR,0.4305059673836651,1.0
MG_L120_T2_C0,120,0.02,0.0,1,AUR,0.07531565805578144,1.0
MG_L120_T2_C0,120,0.02,0.0,2,AUR,-0.1115885616384672,0.0
MG_L120_T2_C0,120,0.02,0.0,3,AUR,-0.27760194449301767,0.0
MG_L120_T2_C0,120,0.02,0.0,4,AUR,-0.16836219622237647,0.0
MG_L120_T2_C0,120,0.02,0.0,5,AUR,-0.204420963722587,0.0
MG_L120_T2_C0,120,0.02,0.0,6,AUR,-0.2849583036374672,0.0
MG_L120_T2_C0,120,0.02,0.0,7,AUR,-0.18407742810615468,0.0
MG_L120_T2_C0,120,0.02,0.0,8,AUR,-0.20991490682370728,0.0
MG_L120_T2_C0,120,0.02,0.0,9,AUR,-0.20982540085607404,0.0
MG_L120_T2_C0,120,0.02,0.0,10,AUR,-0.22055393061527417,0.0
MG_L120_T2_C0,120,0.02,0.0,11,AUR,-0.2389595502226134,0.0
MG_L120_T2_C0,120,0.02,0.0,12,AUR,-0.11643078710663224,0.0
MG_L120_T2_C0,120,0.02,0.0,13,AUR,0.013654999883330854,0.0
MG_L120_T2_C0,120,0.02,0.0,14,AUR,0.14735436936633328,1.0
MG_L120_T2_C0,120,0.02,0.0,15,AUR,0.19739630440246847,1.0
MG_L120_T2_C0,120,0.02,0.0,16,AUR,0.2238555391609598,1.0
MG_L120_T2_C0,120,0.02,0.0,17,AUR,0.24913884190841684,1.0
MG_L120_T2_C0,120,0.02,0.0,18,AUR,0.1548173578672698,1.0
MG_L120_T2_C0,120,0.02,0.0,19,AUR,0.01730312925256361,0.0
MG_L120_T2_C0,120,0.02,0.0,20,AUR,-0.024598062295543066,0.0
MG_L120_T2_C0,120,0.02,0.0,21,AUR,0.004622120552185027,0.0
MG_L120_T2_C0,120,0.02,0.0,22,AUR,-0.07575136013359884,0.0
MG_L120_T2_C0,120,0.02,0.0,23,AUR,-0.040864890615007976,0.0
MG_L120_T2_C0,120,0.02,0.0,24,AUR,0.07715443305496383,1.0
MG_L120_T2_C0,120,0.02,0.0,25,AUR,0.10302088449724911,1.0
MG_L120_T2_C0,120,0.02,0.0,26,AUR,0.09676155026190392,1.0
MG_L120_T2_C0,120,0.02,0.0,27,AUR,0.07371898608265925,1.0
MG_L120_T2_C0,120,0.02,0.0,28,AUR,0.01965975386132124,0.0
MG_L120_T2_C0,120,0.02,0.0,29,AUR,-0.0072542065255294386,0.0
MG_L120_T2_C0,120,0.02,0.0,30,AUR,-0.011283607668235107,0.0
MG_L120_T2_C0,120,0.02,0.0,31,AUR,-0.014685160837886402,0.0
MG_L120_T2_C0,120,0.02,0.0,32,AUR,-0.056868005780532305,0.0
MG_L120_T2_C0,120,0.02,0.0,33,AUR,-0.02539573499338177,0.0
MG_L120_T2_C0,120,0.02,0.0,34,AUR,0.06898929225284345,1.0
MG_L120_T2_C0,120,0.02,0.0,35,AUR,0.11729670846142648,1.0
MG_L120_T2_C0,120,0.02,0.0,36,AUR,0.09810903686953099,1.0
MG_L120_T2_C0,120,0.02,0.0,37,AUR,0.0071914907246584114,0.0
MG_L120_T2_C0,120,0.02,0.0,38,AUR,0.053068488220826104,1.0
MG_L120_T2_C0,120,0.02,0.0,39,AUR,0.04672025404935343,1.0
MG_L120_T2_C0,120,0.02,0.0,40,AUR,0.13272610136142982,1.0
MG_L120_T2_C0,120,0.02,0.0,41,AUR,0.12547710920081934,1.0
MG_L120_T2_C0,120,0.02,0.0,42,AUR,0.3761534411362204,1.0
MG_L120_T2_C0,120,0.02,0.0,43,AUR,0.18300060076832914,1.0
MG_L120_T2_C0,120,0.02,0.0,44,AUR,0.15109500031127077,1.0
MG_L120_T2_C0,120,0.02,0.0,45,AUR,0.09183288368768627,1.0
MG_L120_T2_C0,120,0.02,0.0,46,AUR,0.030273424577749397,1.0
MG_L120_T2_C0,120,0.02,0.0,47,AUR,0.0356730709969344,1.0
MG_L120_T2_C0,120,0.02,0.0,48,AUR,-0.020917743641649333,0.0
MG_L120_T2_C0,120,0.02,0.0,49,AUR,-0.0004039369990732622,0.0
MG_L120_T2_C0,120,0.02,0.0,50,AUR,-0.01683532545010258,0.0
MG_L120_T2_C0,120,0.02,0.0,51,AUR,-0.009218226624602477,0.0
MG_L120_T2_C0,120,0.02,0.0,52,AUR,-0.07689730768055647,0.0
MG_L120_T2_C0,120,0.02,0.0,0,QAUR,0.4305059673836651,1.0
MG_L120_T2_C0,120,0.02,0.0,1,QAUR,0.07531565805578144,1.0
MG_L120_T2_C0,120,0.02,0.0,2,QAUR,-0.1115885616384672,0.0
MG_L120_T2_C0,120,0.02,0.0,3,QAUR,-0.27760194449301767,0.0
MG_L120_T2_C0,120,0.02,0.0,4,QAUR,-0.16836219622237647,0.0
MG_L120_T2_C0,120,0.02,0.0,5,QAUR,-0.204420963722587,0.0
MG_L120_T2_C0,120,0.02,0.0,6,QAUR,-0.2849583036374672,0.0
MG_L120_T2_C0,120,0.02,0.0,7,QAUR,-0.18407742810615468,0.0
MG_L120_T2_C0,120,0.02,0.0,8,QAUR,-0.20991490682370728,0.0
MG_L120_T2_C0,120,0.02,0.0,9,QAUR,-0.20982540085607404,0.0
MG_L120_T2_C0,120,0.02,0.0,10,QAUR,-0.22055393061527417,0.0
MG_L120_T2_C0,120,0.02,0.0,11,QAUR,-0.2389595502226134,0.0
MG_L120_T2_C0,120,0.02,0.0,12,QAUR,-0.11643078710663224,0.0
MG_L120_T2_C0,120,0.02,0.0,13,QAUR,0.013654999883330854,0.0
MG_L120_T2_C0,120,0.02,0.0,14,QAUR,0.14735436936633328,1.0
MG_L120_T2_C0,120,0.02,0.0,15,QAUR,0.19739630440246847,1.0
MG_L120_T2_C0,120,0.02,0.0,16,QAUR,0.2238555391609598,1.0
MG_L120_T2_C0,120,0.02,0.0,17,QAUR,0.24913884190841684,1.0
MG_L120_T2_C0,120,0.02,0.0,18,QAUR,0.1548173578672698,1.0
MG_L120_T2_C0,120,0.02,0.0,19,QAUR,0.01730312925256361,0.0
MG_L120_T2_C0,120,0.02,0.0,20,QAUR,-0.024598062295543066,0.0
MG_L120_T2_C0,120,0.02,0.0,21,QAUR,0.004622120552185027,0.0
MG_L120_T2_C0,120,0.02,0.0,22,QAUR,-0.07575136013359884,0.0
MG_L120_T2_C0,120,0.02,0.0,23,QAUR,-0.040864890615007976,0.0
MG_L120_T2_C0,120,0.02,0.0,24,QAUR,0.07715443305496383,1.0
MG_L120_T2_C0,120,0.02,0.0,25,QAUR,0.10302088449724911,1.0
MG_L120_T2_C0,120,0.02,0.0,26,QAUR,0.09676155026190392,1.0
MG_L120_T2_C0,120,0.02,0.0,27,QAUR,0.07371898608265925,1.0
MG_L120_T2_C0,120,0.02,0.0,28,QAUR,0.01965975386132124,0.0
MG_L120_T2_C0,120,0.02,0.0,29,QAUR,-0.0072542065255294386,0.0
MG_L120_T2_C0,120,0.02,0.0,30,QAUR,-0.011283607668235107,0.0
MG_L120_T2_C0,120,0.02,0.0,31,QAUR,-0.014685160837886402,0.0
MG_L120_T2_C0,120,0.02,0.0,32,QAUR,-0.056868005780532305,0.0
MG_L120_T2_C0,120,0.02,0.0,33,QAUR,-0.02539573499338177,0.0
MG_L120_T2_C0,120,0.02,0.0,34,QAUR,0.06898929225284345,1.0
MG_L120_T2_C0,120,0.02,0.0,35,QAUR,0.11729670846142648,1.0
MG_L120_T2_C0,120,0.02,0.0,36,QAUR,0.09810903686953099,1.0
MG_L120_T2_C0,120,0.02,0.0,37,QAUR,0.0071914907246584114,0.0
MG_L120_T2_C0,120,0.02,0.0,38,QAUR,0.053068488220826104,1.0
MG_L120_T2_C0,120,0.02,0.0,39,QAUR,0.04672025404935343,1.0
MG_L120_T2_C0,120,0.02,0.0,40,QAUR,0.13272610136142982,1.0
MG_L120_T2_C0,120,0.02,0.0,41,QAUR,0.12547710920081934,1.0
MG_L120_T2_C0,120,0.02,0.0,42,QAUR,0.3761534411362204,1.0
MG_L120_T2_C0,120,0.02,0.0,43,QAUR,0.18300060076832914,1.0
MG_L120_T2_C0,120,0.02,0.0,44,QAUR,0.15109500031127077,1.0
MG_L120_T2_C0,120,0.02,0.0,45,QAUR,0.09183288368768627,1.0
MG_L120_T2_C0,120,0.02,0.0,46,QAUR,0.030273424577749397,1.0
MG_L120_T2_C0,120,0.02,0.0,47,QAUR,0.0356730709969344,1.0
MG_L120_T2_C0,120,0.02,0.0,48,QAUR,-0.020917743641649333,0.0
MG_L120_T2_C0,120,0.02,0.0,49,QAUR,-0.0004039369990732622,0.0
MG_L120_T2_C0,120,0.02,0.0,50,QAUR,-0.01683532545010258,0.0
MG_L120_T2_C0,120,0.02,0.0,51,QAUR,-0.009218226624602477,0.0
MG_L120_T2_C0,120,0.02,0.0,52,QAUR,-0.07689730768055647,0.0
MG_L120_T2_C25,120,0.02,25.0,0,AUR,0.4305059673836651,1.0
MG_L120_T2_C25,120,0.02,25.0,1,AUR,0.07531565805578144,1.0
MG_L120_T2_C25,120,0.02,25.0,2,AUR,-0.1115885616384672,0.0
MG_L120_T2_C25,120,0.02,25.0,3,AUR,-0.27760194449301767,0.0
MG_L120_T2_C25,120,0.02,25.0,4,AUR,-0.16836219622237647,0.0
MG_L120_T2_C25,120,0.02,25.0,5,AUR,-0.204420963722587,0.0
MG_L120_T2_C25,120,0.02,25.0,6,AUR,-0.2849583036374672,0.0
MG_L120_T2_C25,120,0.02,25.0,7,AUR,-0.18407742810615468,0.0
MG_L120_T2_C25,120,0.02,25.0,8,AUR,-0.20991490682370728,0.0
MG_L120_T2_C25,120,0.02,25.0,9,AUR,-0.20982540085607404,0.0
MG_L120_T2_C25,120,0.02,25.0,10,AUR,-0.22055393061527417,0.0
MG_L120_T2_C25,120,0.02,25.0,11,AUR,-0.2389595502226134,0.0
MG_L120_T2_C25,120,0.02,25.0,12,AUR,-0.11643078710663224,0.0
MG_L120_T2_C25,120,0.02,25.0,13,AUR,0.013654999883330854,0.0
MG_L120_T2_C25,120,0.02,25.0,14,AUR,0.14735436936633328,1.0
MG_L120_T2_C25,120,0.02,25.0,15,AUR,0.19739630440246847,1.0
MG_L120_T2_C25,120,0.02,25.0,16,AUR,0.2238555391609598,1.0
MG_L120_T2_C25,120,0.02,25.0,17,AUR,0.24913884190841684,1.0
MG_L120_T2_C25,120,0.02,25.0,18,AUR,0.1548173578672698,1.0
MG_L120_T2_C25,120,0.02,25.0,19,AUR,0.01730312925256361,0.0
MG_L120_T2_C25,120,0.02,25.0,20,AUR,-0.024598062295543066,0.0
MG_L120_T2_C25,120,0.02,25.0,21,AUR,0.004622120552185027,0.0
MG_L120_T2_C25,120,0.02,25.0,22,AUR,-0.07575136013359884,0.0
MG_L120_T2_C25,120,0.02,25.0,23,AUR,-0.040864890615007976,0.0
MG_L120_T2_C25,120,0.02,25.0,24,AUR,0.07715443305496383,1.0
MG_L120_T2_C25,120,0.02,25.0,25,AUR,0.10302088449724911,1.0
MG_L120_T2_C25,120,0.02,25.0,26,AUR,0.09676155026190392,1.0
MG_L120_T2_C25,120,0.02,25.0,27,AUR,0.07371898608265925,1.0
MG_L120_T2_C25,120,0.02,25.0,28,AUR,0.01965975386132124,0.0
MG_L120_T2_C25,120,0.02,25.0,29,AUR,-0.0072542065255294386,0.0
MG_L120_T2_C25,120,0.02,25.0,30,AUR,-0.011283607668235107,0.0
MG_L120_T2_C25,120,0.02,25.0,31,AUR,-0.014685160837886402,0.0
MG_L120_T2_C25,120,0.02,25.0,32,AUR,-0.056868005780532305,0.0
MG_L120_T2_C25,120,0.02,25.0,33,AUR,-0.02539573499338177,0.0
MG_L120_T2_C25,120,0.02,25.0,34,AUR,0.06898929225284345,1.0
MG_L120_T2_C25,120,0.02,25.0,35,AUR,0.11729670846142648,1.0
MG_L120_T2_C25,120,0.02,25.0,36,AUR,0.09810903686953099,1.0
MG_L120_T2_C25,120,0.02,25.0,37,AUR,0.0071914907246584114,0.0
MG_L120_T2_C25,120,0.02,25.0,38,AUR,0.053068488220826104,1.0
MG_L120_T2_C25,120,0.02,25.0,39,AUR,0.04672025404935343,1.0
MG_L120_T2_C25,120,0.02,25.0,40,AUR,0.13272610136142982,1.0
MG_L120_T2_C25,120,0.02,25.0,41,AUR,0.12547710920081934,1.0
MG_L120_T2_C25,120,0.02,25.0,42,AUR,0.3761534411362204,1.0
MG_L120_T2_C25,120,0.02,25.0,43,AUR,0.18300060076832914,1.0
MG_L120_T2_C25,120,0.02,25.0,44,AUR,0.15109500031127077,1.0
MG_L120_T2_C25,120,0.02,25.0,45,AUR,0.09183288368768627,1.0
MG_L120_T2_C25,120,0.02,25.0,46,AUR,0.030273424577749397,1.0
MG_L120_T2_C25,120,0.02,25.0,47,AUR,0.0356730709969344,1.0
MG_L120_T2_C25,120,0.02,25.0,48,AUR,-0.020917743641649333,0.0
MG_L120_T2_C25,120,0.02,25.0,49,AUR,-0.0004039369990732622,0.0
MG_L120_T2_C25,120,0.02,25.0,50,AUR,-0.01683532545010258,0.0
MG_L120_T2_C25,120,0.02,25.0,51,AUR,-0.009218226624602477,0.0
MG_L120_T2_C25,120,0.02,25.0,52,AUR,-0.07689730768055647,0.0
MG_L120_T2_C25,120,0.02,25.0,0,QAUR,0.4305059673836651,1.0
MG_L120_T2_C25,120,0.02,25.0,1,QAUR,0.07531565805578144,1.0
MG_L120_T2_C25,120,0.02,25.0,2,QAUR,-0.1115885616384672,0.0
MG_L120_T2_C25,120,0.02,25.0,3,QAUR,-0.27760194449301767,0.0
MG_L120_T2_C25,120,0.02,25.0,4,QAUR,-0.16836219622237647,0.0
MG_L120_T2_C25,120,0.02,25.0,5,QAUR,-0.204420963722587,0.0
MG_L120_T2_C25,120,0.02,25.0,6,QAUR,-0.2849583036374672,0.0
MG_L120_T2_C25,120,0.02,25.0,7,QAUR,-0.18407742810615468,0.0
MG_L120_T2_C25,120,0.02,25.0,8,QAUR,-0.20991490682370728,0.0
MG_L120_T2_C25,120,0.02,25.0,9,QAUR,-0.20982540085607404,0.0
MG_L120_T2_C25,120,0.02,25.0,10,QAUR,-0.22055393061527417,0.0
MG_L120_T2_C25,120,0.02,25.0,11,QAUR,-0.2389595502226134,0.0
MG_L120_T2_C25,120,0.02,25.0,12,QAUR,-0.11643078710663224,0.0
MG_L120_T2_C25,120,0.02,25.0,13,QAUR,0.013654999883330854,0.0
MG_L120_T2_C25,120,0.02,25.0,14,QAUR,0.14735436936633328,1.0
MG_L120_T2_C25,120,0.02,25.0,15,QAUR,0.19739630440246847,1.0
MG_L120_T2_C25,120,0.02,25.0,16,QAUR,0.2238555391609598,1.0
MG_L120_T2_C25,120,0.02,25.0,17,QAUR,0.24913884190841684,1.0
MG_L120_T2_C25,120,0.02,25.0,18,QAUR,0.1548173578672698,1.0
MG_L120_T2_C25,120,0.02,25.0,19,QAUR,0.01730312925256361,0.0
MG_L120_T2_C25,120,0.02,25.0,20,QAUR,-0.024598062295543066,0.0
MG_L120_T2_C25,120,0.02,25.0,21,QAUR,0.004622120552185027,0.0
MG_L120_T2_C25,120,0.02,25.0,22,QAUR,-0.07575136013359884,0.0
MG_L120_T2_C25,120,0.02,25.0,23,QAUR,-0.040864890615007976,0.0
MG_L120_T2_C25,120,0.02,25.0,24,QAUR,0.07715443305496383,1.0
MG_L120_T2_C25,120,0.02,25.0,25,QAUR,0.10302088449724911,1.0
MG_L120_T2_C25,120,0.02,25.0,26,QAUR,0.09676155026190392,1.0
MG_L120_T2_C25,120,0.02,25.0,27,QAUR,0.07371898608265925,1.0
MG_L120_T2_C25,120,0.02,25.0,28,QAUR,0.01965975386132124,0.0
MG_L120_T2_C25,120,0.02,25.0,29,QAUR,-0.0072542065255294386,0.0
MG_L120_T2_C25,120,0.02,25.0,30,QAUR,-0.011283607668235107,0.0
MG_L120_T2_C25,120,0.02,25.0,31,QAUR,-0.014685160837886402,0.0
MG_L120_T2_C25,120,0.02,25.0,32,QAUR,-0.056868005780532305,0.0
MG_L120_T2_C25,120,0.02,25.0,33,QAUR,-0.02539573499338177,0.0
MG_L120_T2_C25,120,0.02,25.0,34,QAUR,0.06898929225284345,1.0
MG_L120_T2_C25,120,0.02,25.0,35,QAUR,0.11729670846142648,1.0
MG_L120_T2_C25,120,0.02,25.0,36,QAUR,0.09810903686953099,1.0
MG_L120_T2_C25,120,0.02,25.0,37,QAUR,0.0071914907246584114,0.0
MG_L120_T2_C25,120,0.02,25.0,38,QAUR,0.053068488220826104,1.0
MG_L120_T2_C25,120,0.02,25.0,39,QAUR,0.04672025404935343,1.0
MG_L120_T2_C25,120,0.02,25.0,40,QAUR,0.13272610136142982,1.0
MG_L120_T2_C25,120,0.02,25.0,41,QAUR,0.12547710920081934,1.0
MG_L120_T2_C25,120,0.02,25.0,42,QAUR,0.3761534411362204,1.0
MG_L120_T2_C25,120,0.02,25.0,43,QAUR,0.18300060076832914,1.0
MG_L120_T2_C25,120,0.02,25.0,44,QAUR,0.15109500031127077,1.0
MG_L120_T2_C25,120,0.02,25.0,45,QAUR,0.09183288368768627,1.0
MG_L120_T2_C25,120,0.02,25.0,46,QAUR,0.030273424577749397,1.0
MG_L120_T2_C25,120,0.02,25.0,47,QAUR,0.0356730709969344,1.0
MG_L120_T2_C25,120,0.02,25.0,48,QAUR,-0.020917743641649333,0.0
MG_L120_T2_C25,120,0.02,25.0,49,QAUR,-0.0004039369990732622,0.0
MG_L120_T2_C25,120,0.02,25.0,50,QAUR,-0.01683532545010258,0.0
MG_L120_T2_C25,120,0.02,25.0,51,QAUR,-0.009218226624602477,0.0
MG_L120_T2_C25,120,0.02,25.0,52,QAUR,-0.07689730768055647,0.0
MG_L120_T2_C50,120,0.02,50.0,0,AUR,0.4305059673836651,1.0
MG_L120_T2_C50,120,0.02,50.0,1,AUR,0.07531565805578144,1.0
MG_L120_T2_C50,120,0.02,50.0,2,AUR,-0.1115885616384672,0.0
MG_L120_T2_C50,120,0.02,50.0,3,AUR,-0.27760194449301767,0.0
MG_L120_T2_C50,120,0.02,50.0,4,AUR,-0.16836219622237647,0.0
MG_L120_T2_C50,120,0.02,50.0,5,AUR,-0.204420963722587,0.0
MG_L120_T2_C50,120,0.02,50.0,6,AUR,-0.2849583036374672,0.0
MG_L120_T2_C50,120,0.02,50.0,7,AUR,-0.18407742810615468,0.0
MG_L120_T2_C50,120,0.02,50.0,8,AUR,-0.20991490682370728,0.0
MG_L120_T2_C50,120,0.02,50.0,9,AUR,-0.20982540085607404,0.0
MG_L120_T2_C50,120,0.02,50.0,10,AUR,-0.22055393061527417,0.0
MG_L120_T2_C50,120,0.02,50.0,11,AUR,-0.2389595502226134,0.0
MG_L120_T2_C50,120,0.02,50.0,12,AUR,-0.11643078710663224,0.0
MG_L120_T2_C50,120,0.02,50.0,13,AUR,0.013654999883330854,0.0
MG_L120_T2_C50,120,0.02,50.0,14,AUR,0.14735436936633328,1.0
MG_L120_T2_C50,120,0.02,50.0,15,AUR,0.19739630440246847,1.0
MG_L120_T2_C50,120,0.02,50.0,16,AUR,0.2238555391609598,1.0
MG_L120_T2_C50,120,0.02,50.0,17,AUR,0.24913884190841684,1.0
MG_L120_T2_C50,120,0.02,50.0,18,AUR,0.1548173578672698,1.0
MG_L120_T2_C50,120,0.02,50.0,19,AUR,0.01730312925256361,0.0
MG_L120_T2_C50,120,0.02,50.0,20,AUR,-0.024598062295543066,0.0
MG_L120_T2_C50,120,0.02,50.0,21,AUR,0.004622120552185027,0.0
MG_L120_T2_C50,120,0.02,50.0,22,AUR,-0.07575136013359884,0.0
MG_L120_T2_C50,120,0.02,50.0,23,AUR,-0.040864890615007976,0.0
MG_L120_T2_C50,120,0.02,50.0,24,AUR,0.07715443305496383,1.0
MG_L120_T2_C50,120,0.02,50.0,25,AUR,0.10302088449724911,1.0
MG_L120_T2_C50,120,0.02,50.0,26,AUR,0.09676155026190392,1.0
MG_L120_T2_C50,120,0.02,50.0,27,AUR,0.07371898608265925,1.0
MG_L120_T2_C50,120,0.02,50.0,28,AUR,0.01965975386132124,0.0
MG_L120_T2_C50,120,0.02,50.0,29,AUR,-0.0072542065255294386,0.0
MG_L120_T2_C50,120,0.02,50.0,30,AUR,-0.011283607668235107,0.0
MG_L120_T2_C50,120,0.02,50.0,31,AUR,-0.014685160837886402,0.0
MG_L120_T2_C50,120,0.02,50.0,32,AUR,-0.056868005780532305,0.0
MG_L120_T2_C50,120,0.02,50.0,33,AUR,-0.02539573499338177,0.0
MG_L120_T2_C50,120,0.02,50.0,34,AUR,0.06898929225284345,1.0
MG_L120_T2_C50,120,0.02,50.0,35,AUR,0.11729670846142648,1.0
MG_L120_T2_C50,120,0.02,50.0,36,AUR,0.09810903686953099,1.0
MG_L120_T2_C50,120,0.02,50.0,37,AUR,0.0071914907246584114,0.0
MG_L120_T2_C50,120,0.02,50.0,38,AUR,0.053068488220826104,1.0
MG_L120_T2_C50,120,0.02,50.0,39,AUR,0.04672025404935343,1.0
MG_L120_T2_C50,120,0.02,50.0,40,AUR,0.13272610136142982,1.0
MG_L120_T2_C50,120,0.02,50.0,41,AUR,0.12547710920081934,1.0
MG_L120_T2_C50,120,0.02,50.0,42,AUR,0.3761534411362204,1.0
MG_L120_T2_C50,120,0.02,50.0,43,AUR,0.18300060076832914,1.0
MG_L120_T2_C50,120,0.02,50.0,44,AUR,0.15109500031127077,1.0
MG_L120_T2_C50,120,0.02,50.0,45,AUR,0.09183288368768627,1.0
MG_L120_T2_C50,120,0.02,50.0,46,AUR,0.030273424577749397,1.0
MG_L120_T2_C50,120,0.02,50.0,47,AUR,0.0356730709969344,1.0
MG_L120_T2_C50,120,0.02,50.0,48,AUR,-0.020917743641649333,0.0
MG_L120_T2_C50,120,0.02,50.0,49,AUR,-0.0004039369990732622,0.0
MG_L120_T2_C50,120,0.02,50.0,50,AUR,-0.01683532545010258,0.0
MG_L120_T2_C50,120,0.02,50.0,51,AUR,-0.009218226624602477,0.0
MG_L120_T2_C50,120,0.02,50.0,52,AUR,-0.07689730768055647,0.0
MG_L120_T2_C50,120,0.02,50.0,0,QAUR,0.4305059673836651,1.0
MG_L120_T2_C50,120,0.02,50.0,1,QAUR,0.07531565805578144,1.0
MG_L120_T2_C50,120,0.02,50.0,2,QAUR,-0.1115885616384672,0.0
MG_L120_T2_C50,120,0.02,50.0,3,QAUR,-0.27760194449301767,0.0
MG_L120_T2_C50,120,0.02,50.0,4,QAUR,-0.16836219622237647,0.0
MG_L120_T2_C50,120,0.02,50.0,5,QAUR,-0.204420963722587,0.0
MG_L120_T2_C50,120,0.02,50.0,6,QAUR,-0.2849583036374672,0.0
MG_L120_T2_C50,120,0.02,50.0,7,QAUR,-0.18407742810615468,0.0
MG_L120_T2_C50,120,0.02,50.0,8,QAUR,-0.20991490682370728,0.0
MG_L120_T2_C50,120,0.02,50.0,9,QAUR,-0.20982540085607404,0.0
MG_L120_T2_C50,120,0.02,50.0,10,QAUR,-0.22055393061527417,0.0
MG_L120_T2_C50,120,0.02,50.0,11,QAUR,-0.2389595502226134,0.0
MG_L120_T2_C50,120,0.02,50.0,12,QAUR,-0.11643078710663224,0.0
MG_L120_T2_C50,120,0.02,50.0,13,QAUR,0.013654999883330854,0.0
MG_L120_T2_C50,120,0.02,50.0,14,QAUR,0.14735436936633328,1.0
MG_L120_T2_C50,120,0.02,50.0,15,QAUR,0.19739630440246847,1.0
MG_L120_T2_C50,120,0.02,50.0,16,QAUR,0.2238555391609598,1.0
MG_L120_T2_C50,120,0.02,50.0,17,QAUR,0.24913884190841684,1.0
MG_L120_T2_C50,120,0.02,50.0,18,QAUR,0.1548173578672698,1.0
MG_L120_T2_C50,120,0.02,50.0,19,QAUR,0.01730312925256361,0.0
MG_L120_T2_C50,120,0.02,50.0,20,QAUR,-0.024598062295543066,0.0
MG_L120_T2_C50,120,0.02,50.0,21,QAUR,0.004622120552185027,0.0
MG_L120_T2_C50,120,0.02,50.0,22,QAUR,-0.07575136013359884,0.0
MG_L120_T2_C50,120,0.02,50.0,23,QAUR,-0.040864890615007976,0.0
MG_L120_T2_C50,120,0.02,50.0,24,QAUR,0.07715443305496383,1.0
MG_L120_T2_C50,120,0.02,50.0,25,QAUR,0.10302088449724911,1.0
MG_L120_T2_C50,120,0.02,50.0,26,QAUR,0.09676155026190392,1.0
MG_L120_T2_C50,120,0.02,50.0,27,QAUR,0.07371898608265925,1.0
MG_L120_T2_C50,120,0.02,50.0,28,QAUR,0.01965975386132124,0.0
MG_L120_T2_C50,120,0.02,50.0,29,QAUR,-0.0072542065255294386,0.0
MG_L120_T2_C50,120,0.02,50.0,30,QAUR,-0.011283607668235107,0.0
MG_L120_T2_C50,120,0.02,50.0,31,QAUR,-0.014685160837886402,0.0
MG_L120_T2_C50,120,0.02,50.0,32,QAUR,-0.056868005780532305,0.0
MG_L120_T2_C50,120,0.02,50.0,33,QAUR,-0.02539573499338177,0.0
MG_L120_T2_C50,120,0.02,50.0,34,QAUR,0.06898929225284345,1.0
MG_L120_T2_C50,120,0.02,50.0,35,QAUR,0.11729670846142648,1.0
MG_L120_T2_C50,120,0.02,50.0,36,QAUR,0.09810903686953099,1.0
MG_L120_T2_C50,120,0.02,50.0,37,QAUR,0.0071914907246584114,0.0
MG_L120_T2_C50,120,0.02,50.0,38,QAUR,0.053068488220826104,1.0
MG_L120_T2_C50,120,0.02,50.0,39,QAUR,0.04672025404935343,1.0
MG_L120_T2_C50,120,0.02,50.0,40,QAUR,0.13272610136142982,1.0
MG_L120_T2_C50,120,0.02,50.0,41,QAUR,0.12547710920081934,1.0
MG_L120_T2_C50,120,0.02,50.0,42,QAUR,0.3761534411362204,1.0
MG_L120_T2_C50,120,0.02,50.0,43,QAUR,0.18300060076832914,1.0
MG_L120_T2_C50,120,0.02,50.0,44,QAUR,0.15109500031127077,1.0
MG_L120_T2_C50,120,0.02,50.0,45,QAUR,0.09183288368768627,1.0
MG_L120_T2_C50,120,0.02,50.0,46,QAUR,0.030273424577749397,1.0
MG_L120_T2_C50,120,0.02,50.0,47,QAUR,0.0356730709969344,1.0
MG_L120_T2_C50,120,0.02,50.0,48,QAUR,-0.020917743641649333,0.0
MG_L120_T2_C50,120,0.02,50.0,49,QAUR,-0.0004039369990732622,0.0
MG_L120_T2_C50,120,0.02,50.0,50,QAUR,-0.01683532545010258,0.0
MG_L120_T2_C50,120,0.02,50.0,51,QAUR,-0.009218226624602477,0.0
MG_L120_T2_C50,120,0.02,50.0,52,QAUR,-0.07689730768055647,0.0
MG_L120_T2_C100,120,0.02,100.0,0,AUR,0.4305059673836651,1.0
MG_L120_T2_C100,120,0.02,100.0,1,AUR,0.07531565805578144,1.0
MG_L120_T2_C100,120,0.02,100.0,2,AUR,-0.1115885616384672,0.0
MG_L120_T2_C100,120,0.02,100.0,3,AUR,-0.27760194449301767,0.0
MG_L120_T2_C100,120,0.02,100.0,4,AUR,-0.16836219622237647,0.0
MG_L120_T2_C100,120,0.02,100.0,5,AUR,-0.204420963722587,0.0
MG_L120_T2_C100,120,0.02,100.0,6,AUR,-0.2849583036374672,0.0
MG_L120_T2_C100,120,0.02,100.0,7,AUR,-0.18407742810615468,0.0
MG_L120_T2_C100,120,0.02,100.0,8,AUR,-0.20991490682370728,0.0
MG_L120_T2_C100,120,0.02,100.0,9,AUR,-0.20982540085607404,0.0
MG_L120_T2_C100,120,0.02,100.0,10,AUR,-0.22055393061527417,0.0
MG_L120_T2_C100,120,0.02,100.0,11,AUR,-0.2389595502226134,0.0
MG_L120_T2_C100,120,0.02,100.0,12,AUR,-0.11643078710663224,0.0
MG_L120_T2_C100,120,0.02,100.0,13,AUR,0.013654999883330854,0.0
MG_L120_T2_C100,120,0.02,100.0,14,AUR,0.14735436936633328,1.0
MG_L120_T2_C100,120,0.02,100.0,15,AUR,0.19739630440246847,1.0
MG_L120_T2_C100,120,0.02,100.0,16,AUR,0.2238555391609598,1.0
MG_L120_T2_C100,120,0.02,100.0,17,AUR,0.24913884190841684,1.0
MG_L120_T2_C100,120,0.02,100.0,18,AUR,0.1548173578672698,1.0
MG_L120_T2_C100,120,0.02,100.0,19,AUR,0.01730312925256361,0.0
MG_L120_T2_C100,120,0.02,100.0,20,AUR,-0.024598062295543066,0.0
MG_L120_T2_C100,120,0.02,100.0,21,AUR,0.004622120552185027,0.0
MG_L120_T2_C100,120,0.02,100.0,22,AUR,-0.07575136013359884,0.0
MG_L120_T2_C100,120,0.02,100.0,23,AUR,-0.040864890615007976,0.0
MG_L120_T2_C100,120,0.02,100.0,24,AUR,0.07715443305496383,1.0
MG_L120_T2_C100,120,0.02,100.0,25,AUR,0.10302088449724911,1.0
MG_L120_T2_C100,120,0.02,100.0,26,AUR,0.09676155026190392,1.0
MG_L120_T2_C100,120,0.02,100.0,27,AUR,0.07371898608265925,1.0
MG_L120_T2_C100,120,0.02,100.0,28,AUR,0.01965975386132124,0.0
MG_L120_T2_C100,120,0.02,100.0,29,AUR,-0.0072542065255294386,0.0
MG_L120_T2_C100,120,0.02,100.0,30,AUR,-0.011283607668235107,0.0
MG_L120_T2_C100,120,0.02,100.0,31,AUR,-0.014685160837886402,0.0
MG_L120_T2_C100,120,0.02,100.0,32,AUR,-0.056868005780532305,0.0
MG_L120_T2_C100,120,0.02,100.0,33,AUR,-0.02539573499338177,0.0
MG_L120_T2_C100,120,0.02,100.0,34,AUR,0.06898929225284345,1.0
MG_L120_T2_C100,120,0.02,100.0,35,AUR,0.11729670846142648,1.0
MG_L120_T2_C100,120,0.02,100.0,36,AUR,0.09810903686953099,1.0
MG_L120_T2_C100,120,0.02,100.0,37,AUR,0.0071914907246584114,0.0
MG_L120_T2_C100,120,0.02,100.0,38,AUR,0.053068488220826104,1.0
MG_L120_T2_C100,120,0.02,100.0,39,AUR,0.04672025404935343,1.0
MG_L120_T2_C100,120,0.02,100.0,40,AUR,0.13272610136142982,1.0
MG_L120_T2_C100,120,0.02,100.0,41,AUR,0.12547710920081934,1.0
MG_L120_T2_C100,120,0.02,100.0,42,AUR,0.3761534411362204,1.0
MG_L120_T2_C100,120,0.02,100.0,43,AUR,0.18300060076832914,1.0
MG_L120_T2_C100,120,0.02,100.0,44,AUR,0.15109500031127077,1.0
MG_L120_T2_C100,120,0.02,100.0,45,AUR,0.09183288368768627,1.0
MG_L120_T2_C100,120,0.02,100.0,46,AUR,0.030273424577749397,1.0
MG_L120_T2_C100,120,0.02,100.0,47,AUR,0.0356730709969344,1.0
MG_L120_T2_C100,120,0.02,100.0,48,AUR,-0.020917743641649333,0.0
MG_L120_T2_C100,120,0.02,100.0,49,AUR,-0.0004039369990732622,0.0
MG_L120_T2_C100,120,0.02,100.0,50,AUR,-0.01683532545010258,0.0
MG_L120_T2_C100,120,0.02,100.0,51,AUR,-0.009218226624602477,0.0
MG_L120_T2_C100,120,0.02,100.0,52,AUR,-0.07689730768055647,0.0
MG_L120_T2_C100,120,0.02,100.0,0,QAUR,0.4305059673836651,1.0
MG_L120_T2_C100,120,0.02,100.0,1,QAUR,0.07531565805578144,1.0
MG_L120_T2_C100,120,0.02,100.0,2,QAUR,-0.1115885616384672,0.0
MG_L120_T2_C100,120,0.02,100.0,3,QAUR,-0.27760194449301767,0.0
MG_L120_T2_C100,120,0.02,100.0,4,QAUR,-0.16836219622237647,0.0
MG_L120_T2_C100,120,0.02,100.0,5,QAUR,-0.204420963722587,0.0
MG_L120_T2_C100,120,0.02,100.0,6,QAUR,-0.2849583036374672,0.0
MG_L120_T2_C100,120,0.02,100.0,7,QAUR,-0.18407742810615468,0.0
MG_L120_T2_C100,120,0.02,100.0,8,QAUR,-0.20991490682370728,0.0
MG_L120_T2_C100,120,0.02,100.0,9,QAUR,-0.20982540085607404,0.0
MG_L120_T2_C100,120,0.02,100.0,10,QAUR,-0.22055393061527417,0.0
MG_L120_T2_C100,120,0.02,100.0,11,QAUR,-0.2389595502226134,0.0
MG_L120_T2_C100,120,0.02,100.0,12,QAUR,-0.11643078710663224,0.0
MG_L120_T2_C100,120,0.02,100.0,13,QAUR,0.013654999883330854,0.0
MG_L120_T2_C100,120,0.02,100.0,14,QAUR,0.14735436936633328,1.0
MG_L120_T2_C100,120,0.02,100.0,15,QAUR,0.19739630440246847,1.0
MG_L120_T2_C100,120,0.02,100.0,16,QAUR,0.2238555391609598,1.0
MG_L120_T2_C100,120,0.02,100.0,17,QAUR,0.24913884190841684,1.0
MG_L120_T2_C100,120,0.02,100.0,18,QAUR,0.1548173578672698,1.0
MG_L120_T2_C100,120,0.02,100.0,19,QAUR,0.01730312925256361,0.0
MG_L120_T2_C100,120,0.02,100.0,20,QAUR,-0.024598062295543066,0.0
MG_L120_T2_C100,120,0.02,100.0,21,QAUR,0.004622120552185027,0.0
MG_L120_T2_C100,120,0.02,100.0,22,QAUR,-0.07575136013359884,0.0
MG_L120_T2_C100,120,0.02,100.0,23,QAUR,-0.040864890615007976,0.0
MG_L120_T2_C100,120,0.02,100.0,24,QAUR,0.07715443305496383,1.0
MG_L120_T2_C100,120,0.02,100.0,25,QAUR,0.10302088449724911,1.0
MG_L120_T2_C100,120,0.02,100.0,26,QAUR,0.09676155026190392,1.0
MG_L120_T2_C100,120,0.02,100.0,27,QAUR,0.07371898608265925,1.0
MG_L120_T2_C100,120,0.02,100.0,28,QAUR,0.01965975386132124,0.0
MG_L120_T2_C100,120,0.02,100.0,29,QAUR,-0.0072542065255294386,0.0
MG_L120_T2_C100,120,0.02,100.0,30,QAUR,-0.011283607668235107,0.0
MG_L120_T2_C100,120,0.02,100.0,31,QAUR,-0.014685160837886402,0.0
MG_L120_T2_C100,120,0.02,100.0,32,QAUR,-0.056868005780532305,0.0
MG_L120_T2_C100,120,0.02,100.0,33,QAUR,-0.02539573499338177,0.0
MG_L120_T2_C100,120,0.02,100.0,34,QAUR,0.06898929225284345,1.0
MG_L120_T2_C100,120,0.02,100.0,35,QAUR,0.11729670846142648,1.0
MG_L120_T2_C100,120,0.02,100.0,36,QAUR,0.09810903686953099,1.0
MG_L120_T2_C100,120,0.02,100.0,37,QAUR,0.0071914907246584114,0.0
MG_L120_T2_C100,120,0.02,100.0,38,QAUR,0.053068488220826104,1.0
MG_L120_T2_C100,120,0.02,100.0,39,QAUR,0.04672025404935343,1.0
MG_L120_T2_C100,120,0.02,100.0,40,QAUR,0.13272610136142982,1.0
MG_L120_T2_C100,120,0.02,100.0,41,QAUR,0.12547710920081934,1.0
MG_L120_T2_C100,120,0.02,100.0,42,QAUR,0.3761534411362204,1.0
MG_L120_T2_C100,120,0.02,100.0,43,QAUR,0.18300060076832914,1.0
MG_L120_T2_C100,120,0.02,100.0,44,QAUR,0.15109500031127077,1.0
MG_L120_T2_C100,120,0.02,100.0,45,QAUR,0.09183288368768627,1.0
MG_L120_T2_C100,120,0.02,100.0,46,QAUR,0.030273424577749397,1.0
MG_L120_T2_C100,120,0.02,100.0,47,QAUR,0.0356730709969344,1.0
MG_L120_T2_C100,120,0.02,100.0,48,QAUR,-0.020917743641649333,0.0
MG_L120_T2_C100,120,0.02,100.0,49,QAUR,-0.0004039369990732622,0.0
MG_L120_T2_C100,120,0.02,100.0,50,QAUR,-0.01683532545010258,0.0
MG_L120_T2_C100,120,0.02,100.0,51,QAUR,-0.009218226624602477,0.0
MG_L120_T2_C100,120,0.02,100.0,52,QAUR,-0.07689730768055647,0.0
MG_L160_T-2_C0,160,-0.02,0.0,0,AUR,0.7048129685169444,1.0
MG_L160_T-2_C0,160,-0.02,0.0,1,AUR,0.33694057468217986,1.0
MG_L160_T-2_C0,160,-0.02,0.0,2,AUR,0.11546591214383084,1.0
MG_L160_T-2_C0,160,-0.02,0.0,3,AUR,-0.16043897892243275,0.0
MG_L160_T-2_C0,160,-0.02,0.0,4,AUR,-0.13958821398495003,0.0
MG_L160_T-2_C0,160,-0.02,0.0,5,AUR,-0.21424938585199005,0.0
MG_L160_T-2_C0,160,-0.02,0.0,6,AUR,-0.22357734222792192,0.0
MG_L160_T-2_C0,160,-0.02,0.0,7,AUR,-0.3897446812759764,0.0
MG_L160_T-2_C0,160,-0.02,0.0,8,AUR,-0.3915144581904002,0.0
MG_L160_T-2_C0,160,-0.02,0.0,9,AUR,-0.27157222179084706,0.0
MG_L160_T-2_C0,160,-0.02,0.0,10,AUR,-0.22573398021785485,0.0
MG_L160_T-2_C0,160,-0.02,0.0,11,AUR,-0.13640462032219713,0.0
MG_L160_T-2_C0,160,-0.02,0.0,12,AUR,-0.25087058647076177,0.0
MG_L160_T-2_C0,160,-0.02,0.0,13,AUR,-0.20398491412684217,0.0
MG_L160_T-2_C0,160,-0.02,0.0,14,AUR,0.05123348375333636,1.0
MG_L160_T-2_C0,160,-0.02,0.0,15,AUR,0.24178744715230294,1.0
MG_L160_T-2_C0,160,-0.02,0.0,16,AUR,0.27861653019329724,1.0
MG_L160_T-2_C0,160,-0.02,0.0,17,AUR,0.2961298046491745,1.0
MG_L160_T-2_C0,160,-0.02,0.0,18,AUR,0.19902988869510563,1.0
MG_L160_T-2_C0,160,-0.02,0.0,19,AUR,0.06940427954480555,1.0
MG_L160_T-2_C0,160,-0.02,0.0,20,AUR,0.1446852900159945,1.0
MG_L160_T-2_C0,160,-0.02,0.0,21,AUR,0.11531410277541165,1.0
MG_L160_T-2_C0,160,-0.02,0.0,22,AUR,0.03395351715824457,1.0
MG_L160_T-2_C0,160,-0.02,0.0,23,AUR,0.03777347661068142,1.0
MG_L160_T-2_C0,160,-0.02,0.0,24,AUR,-0.013513385299481095,1.0
MG_L160_T-2_C0,160,-0.02,0.0,25,AUR,-0.06983088429100937,0.0
MG_L160_T-2_C0,160,-0.02,0.0,26,AUR,0.08285326404873761,1.0
MG_L160_T-2_C0,160,-0.02,0.0,27,AUR,0.1472595463702846,1.0
MG_L160_T-2_C0,160,-0.02,0.0,28,AUR,0.028427196584291048,1.0
MG_L160_T-2_C0,160,-0.02,0.0,29,AUR,0.014751778552550165,1.0
MG_L160_T-2_C0,160,-0.02,0.0,30,AUR,0.034852088500390455,1.0
MG_L160_T-2_C0,160,-0.02,0.0,31,AUR,-0.022002582120653646,0.0
MG_L160_T-2_C0,160,-0.02,0.0,32,AUR,-0.006767341365584878,1.0
MG_L160_T-2_C0,160,-0.02,0.0,33,AUR,0.020398221266418437,1.0
MG_L160_T-2_C0,160,-0.02,0.0,34,AUR,-0.032136891240864496,0.0
MG_L160_T-2_C0,160,-0.02,0.0,35,AUR,0.039671181471727435,1.0
MG_L160_T-2_C0,160,-0.02,0.0,36,AUR,0.11890387488810261,1.0
MG_L160_T-2_C0,160,-0.02,0.0,37,AUR,0.013231850980289117,1.0
MG_L160_T-2_C0,160,-0.02,0.0,38,AUR,0.0723309991888661,1.0
MG_L160_T-2_C0,160,-0.02,0.0,39,AUR,0.09289952230982457,1.0
MG_L160_T-2_C0,160,-0.02,0.0,40,AUR,0.17537636420056635,1.0
MG_L160_T-2_C0,160,-0.02,0.0,41,AUR,0.2101797527134348,1.0
MG_L160_T-2_C0,160,-0.02,0.0,42,AUR,0.19478188268549523,1.0
MG_L160_T-2_C0,160,-0.02,0.0,43,AUR,0.12419721365677927,1.0
MG_L160_T-2_C0,160,-0.02,0.0,44,AUR,0.23835030810266278,1.0
MG_L160_T-2_C0,160,-0.02,0.0,45,AUR,0.19767207690265565,1.0
MG_L160_T-2_C0,160,-0.02,0.0,46,AUR,0.1654064409021747,1.0
MG_L160_T-2_C0,160,-0.02,0.0,47,AUR,0.16920773690488855,1.0
MG_L160_T-2_C0,160,-0.02,0.0,48,AUR,0.01586114045712761,1.0
MG_L160_T-2_C0,160,-0.02,0.0,49,AUR,-0.019726144131129497,1.0
MG_L160_T-2_C0,160,-0.02,0.0,50,AUR,-0.020810169624525865,0.0
MG_L160_T-2_C0,160,-0.02,0.0,51,AUR,0.0018615727000035331,1.0
MG_L160_T-2_C0,160,-0.02,0.0,52,AUR,-0.05969784885837448,0.0
MG_L160_T-2_C0,160,-0.02,0.0,0,QAUR,0.7048129685169444,1.0
MG_L160_T-2_C0,160,-0.02,0.0,1,QAUR,0.33694057468217986,1.0
MG_L160_T-2_C0,160,-0.02,0.0,2,QAUR,0.11546591214383084,1.0
MG_L160_T-2_C0,160,-0.02,0.0,3,QAUR,-0.16043897892243275,0.0
MG_L160_T-2_C0,160,-0.02,0.0,4,QAUR,-0.13958821398495003,0.0
MG_L160_T-2_C0,160,-0.02,0.0,5,QAUR,-0.21424938585199005,0.0
MG_L160_T-2_C0,160,-0.02,0.0,6,QAUR,-0.22357734222792192,0.0
MG_L160_T-2_C0,160,-0.02,0.0,7,QAUR,-0.3897446812759764,0.0
MG_L160_T-2_C0,160,-0.02,0.0,8,QAUR,-0.3915144581904002,0.0
MG_L160_T-2_C0,160,-0.02,0.0,9,QAUR,-0.27157222179084706,0.0
MG_L160_T-2_C0,160,-0.02,0.0,10,QAUR,-0.22573398021785485,0.0
MG_L160_T-2_C0,160,-0.02,0.0,11,QAUR,-0.13640462032219713,0.0
MG_L160_T-2_C0,160,-0.02,0.0,12,QAUR,-0.25087058647076177,0.0
MG_L160_T-2_C0,160,-0.02,0.0,13,QAUR,-0.20398491412684217,0.0
MG_L160_T-2_C0,160,-0.02,0.0,14,QAUR,0.05123348375333636,1.0
MG_L160_T-2_C0,160,-0.02,0.0,15,QAUR,0.24178744715230294,1.0
MG_L160_T-2_C0,160,-0.02,0.0,16,QAUR,0.27861653019329724,1.0
MG_L160_T-2_C0,160,-0.02,0.0,17,QAUR,0.2961298046491745,1.0
MG_L160_T-2_C0,160,-0.02,0.0,18,QAUR,0.19902988869510563,1.0
MG_L160_T-2_C0,160,-0.02,0.0,19,QAUR,0.06940427954480555,1.0
MG_L160_T-2_C0,160,-0.02,0.0,20,QAUR,0.1446852900159945,1.0
MG_L160_T-2_C0,160,-0.02,0.0,21,QAUR,0.11531410277541165,1.0
MG_L160_T-2_C0,160,-0.02,0.0,22,QAUR,0.03395351715824457,1.0
MG_L160_T-2_C0,160,-0.02,0.0,23,QAUR,0.03777347661068142,1.0
MG_L160_T-2_C0,160,-0.02,0.0,24,QAUR,-0.013513385299481095,1.0
MG_L160_T-2_C0,160,-0.02,0.0,25,QAUR,-0.06983088429100937,0.0
MG_L160_T-2_C0,160,-0.02,0.0,26,QAUR,0.08285326404873761,1.0
MG_L160_T-2_C0,160,-0.02,0.0,27,QAUR,0.1472595463702846,1.0
MG_L160_T-2_C0,160,-0.02,0.0,28,QAUR,0.028427196584291048,1.0
MG_L160_T-2_C0,160,-0.02,0.0,29,QAUR,0.014751778552550165,1.0
MG_L160_T-2_C0,160,-0.02,0.0,30,QAUR,0.034852088500390455,1.0
MG_L160_T-2_C0,160,-0.02,0.0,31,QAUR,-0.022002582120653646,0.0
MG_L160_T-2_C0,160,-0.02,0.0,32,QAUR,-0.006767341365584878,1.0
MG_L160_T-2_C0,160,-0.02,0.0,33,QAUR,0.020398221266418437,1.0
MG_L160_T-2_C0,160,-0.02,0.0,34,QAUR,-0.032136891240864496,0.0
MG_L160_T-2_C0,160,-0.02,0.0,35,QAUR,0.039671181471727435,1.0
MG_L160_T-2_C0,160,-0.02,0.0,36,QAUR,0.11890387488810261,1.0
MG_L160_T-2_C0,160,-0.02,0.0,37,QAUR,0.013231850980289117,1.0
MG_L160_T-2_C0,160,-0.02,0.0,38,QAUR,0.0723309991888661,1.0
MG_L160_T-2_C0,160,-0.02,0.0,39,QAUR,0.09289952230982457,1.0
MG_L160_T-2_C0,160,-0.02,0.0,40,QAUR,0.17537636420056635,1.0
MG_L160_T-2_C0,160,-0.02,0.0,41,QAUR,0.2101797527134348,1.0
MG_L160_T-2_C0,160,-0.02,0.0,42,QAUR,0.19478188268549523,1.0
MG_L160_T-2_C0,160,-0.02,0.0,43,QAUR,0.12419721365677927,1.0
MG_L160_T-2_C0,160,-0.02,0.0,44,QAUR,0.23835030810266278,1.0
MG_L160_T-2_C0,160,-0.02,0.0,45,QAUR,0.19767207690265565,1.0
MG_L160_T-2_C0,160,-0.02,0.0,46,QAUR,0.1654064409021747,1.0
MG_L160_T-2_C0,160,-0.02,0.0,47,QAUR,0.16920773690488855,1.0
MG_L160_T-2_C0,160,-0.02,0.0,48,QAUR,0.01586114045712761,1.0
MG_L160_T-2_C0,160,-0.02,0.0,49,QAUR,-0.019726144131129497,1.0
MG_L160_T-2_C0,160,-0.02,0.0,50,QAUR,-0.020810169624525865,0.0
MG_L160_T-2_C0,160,-0.02,0.0,51,QAUR,0.0018615727000035331,1.0
MG_L160_T-2_C0,160,-0.02,0.0,52,QAUR,-0.05969784885837448,0.0
MG_L160_T-2_C25,160,-0.02,25.0,0,AUR,0.7048129685169444,1.0
MG_L160_T-2_C25,160,-0.02,25.0,1,AUR,0.33694057468217986,1.0
MG_L160_T-2_C25,160,-0.02,25.0,2,AUR,0.11546591214383084,1.0
MG_L160_T-2_C25,160,-0.02,25.0,3,AUR,-0.16043897892243275,0.0
MG_L160_T-2_C25,160,-0.02,25.0,4,AUR,-0.13958821398495003,0.0
MG_L160_T-2_C25,160,-0.02,25.0,5,AUR,-0.21424938585199005,0.0
MG_L160_T-2_C25,160,-0.02,25.0,6,AUR,-0.22357734222792192,0.0
MG_L160_T-2_C25,160,-0.02,25.0,7,AUR,-0.3897446812759764,0.0
MG_L160_T-2_C25,160,-0.02,25.0,8,AUR,-0.3915144581904002,0.0
MG_L160_T-2_C25,160,-0.02,25.0,9,AUR,-0.27157222179084706,0.0
MG_L160_T-2_C25,160,-0.02,25.0,10,AUR,-0.22573398021785485,0.0
MG_L160_T-2_C25,160,-0.02,25.0,11,AUR,-0.13640462032219713,0.0
MG_L160_T-2_C25,160,-0.02,25.0,12,AUR,-0.25087058647076177,0.0
MG_L160_T-2_C25,160,-0.02,25.0,13,AUR,-0.20398491412684217,0.0
MG_L160_T-2_C25,160,-0.02,25.0,14,AUR,0.05123348375333636,1.0
MG_L160_T-2_C25,160,-0.02,25.0,15,AUR,0.24178744715230294,1.0
MG_L160_T-2_C25,160,-0.02,25.0,16,AUR,0.27861653019329724,1.0
MG_L160_T-2_C25,160,-0.02,25.0,17,AUR,0.2961298046491745,1.0
MG_L160_T-2_C25,160,-0.02,25.0,18,AUR,0.19902988869510563,1.0
MG_L160_T-2_C25,160,-0.02,25.0,19,AUR,0.06940427954480555,1.0
MG_L160_T-2_C25,160,-0.02,25.0,20,AUR,0.1446852900159945,1.0
MG_L160_T-2_C25,160,-0.02,25.0,21,AUR,0.11531410277541165,1.0
MG_L160_T-2_C25,160,-0.02,25.0,22,AUR,0.03395351715824457,1.0
MG_L160_T-2_C25,160,-0.02,25.0,23,AUR,0.03777347661068142,1.0
MG_L160_T-2_C25,160,-0.02,25.0,24,AUR,-0.013513385299481095,1.0
MG_L160_T-2_C25,160,-0.02,25.0,25,AUR,-0.06983088429100937,0.0
MG_L160_T-2_C25,160,-0.02,25.0,26,AUR,0.08285326404873761,1.0
MG_L160_T-2_C25,160,-0.02,25.0,27,AUR,0.1472595463702846,1.0
MG_L160_T-2_C25,160,-0.02,25.0,28,AUR,0.028427196584291048,1.0
MG_L160_T-2_C25,160,-0.02,25.0,29,AUR,0.014751778552550165,1.0
MG_L160_T-2_C25,160,-0.02,25.0,30,AUR,0.034852088500390455,1.0
MG_L160_T-2_C25,160,-0.02,25.0,31,AUR,-0.022002582120653646,0.0
MG_L160_T-2_C25,160,-0.02,25.0,32,AUR,-0.006767341365584878,1.0
MG_L160_T-2_C25,160,-0.02,25.0,33,AUR,0.020398221266418437,1.0
MG_L160_T-2_C25,160,-0.02,25.0,34,AUR,-0.032136891240864496,0.0
MG_L160_T-2_C25,160,-0.02,25.0,35,AUR,0.039671181471727435,1.0
MG_L160_T-2_C25,160,-0.02,25.0,36,AUR,0.11890387488810261,1.0
MG_L160_T-2_C25,160,-0.02,25.0,37,AUR,0.013231850980289117,1.0
MG_L160_T-2_C25,160,-0.02,25.0,38,AUR,0.0723309991888661,1.0
MG_L160_T-2_C25,160,-0.02,25.0,39,AUR,0.09289952230982457,1.0
MG_L160_T-2_C25,160,-0.02,25.0,40,AUR,0.17537636420056635,1.0
MG_L160_T-2_C25,160,-0.02,25.0,41,AUR,0.2101797527134348,1.0
MG_L160_T-2_C25,160,-0.02,25.0,42,AUR,0.19478188268549523,1.0
MG_L160_T-2_C25,160,-0.02,25.0,43,AUR,0.12419721365677927,1.0
MG_L160_T-2_C25,160,-0.02,25.0,44,AUR,0.23835030810266278,1.0
MG_L160_T-2_C25,160,-0.02,25.0,45,AUR,0.19767207690265565,1.0
MG_L160_T-2_C25,160,-0.02,25.0,46,AUR,0.1654064409021747,1.0
MG_L160_T-2_C25,160,-0.02,25.0,47,AUR,0.16920773690488855,1.0
MG_L160_T-2_C25,160,-0.02,25.0,48,AUR,0.01586114045712761,1.0
MG_L160_T-2_C25,160,-0.02,25.0,49,AUR,-0.019726144131129497,1.0
MG_L160_T-2_C25,160,-0.02,25.0,50,AUR,-0.020810169624525865,0.0
MG_L160_T-2_C25,160,-0.02,25.0,51,AUR,0.0018615727000035331,1.0
MG_L160_T-2_C25,160,-0.02,25.0,52,AUR,-0.05969784885837448,0.0
MG_L160_T-2_C25,160,-0.02,25.0,0,QAUR,0.7048129685169444,1.0
MG_L160_T-2_C25,160,-0.02,25.0,1,QAUR,0.33694057468217986,1.0
MG_L160_T-2_C25,160,-0.02,25.0,2,QAUR,0.11546591214383084,1.0
MG_L160_T-2_C25,160,-0.02,25.0,3,QAUR,-0.16043897892243275,0.0
MG_L160_T-2_C25,160,-0.02,25.0,4,QAUR,-0.13958821398495003,0.0
MG_L160_T-2_C25,160,-0.02,25.0,5,QAUR,-0.21424938585199005,0.0
MG_L160_T-2_C25,160,-0.02,25.0,6,QAUR,-0.22357734222792192,0.0
MG_L160_T-2_C25,160,-0.02,25.0,7,QAUR,-0.3897446812759764,0.0
MG_L160_T-2_C25,160,-0.02,25.0,8,QAUR,-0.3915144581904002,0.0
MG_L160_T-2_C25,160,-0.02,25.0,9,QAUR,-0.27157222179084706,0.0
MG_L160_T-2_C25,160,-0.02,25.0,10,QAUR,-0.22573398021785485,0.0
MG_L160_T-2_C25,160,-0.02,25.0,11,QAUR,-0.13640462032219713,0.0
MG_L160_T-2_C25,160,-0.02,25.0,12,QAUR,-0.25087058647076177,0.0
MG_L160_T-2_C25,160,-0.02,25.0,13,QAUR,-0.20398491412684217,0.0
MG_L160_T-2_C25,160,-0.02,25.0,14,QAUR,0.05123348375333636,1.0
MG_L160_T-2_C25,160,-0.02,25.0,15,QAUR,0.24178744715230294,1.0
MG_L160_T-2_C25,160,-0.02,25.0,16,QAUR,0.27861653019329724,1.0
MG_L160_T-2_C25,160,-0.02,25.0,17,QAUR,0.2961298046491745,1.0
MG_L160_T-2_C25,160,-0.02,25.0,18,QAUR,0.19902988869510563,1.0
MG_L160_T-2_C25,160,-0.02,25.0,19,QAUR,0.06940427954480555,1.0
MG_L160_T-2_C25,160,-0.02,25.0,20,QAUR,0.1446852900159945,1.0
MG_L160_T-2_C25,160,-0.02,25.0,21,QAUR,0.11531410277541165,1.0
MG_L160_T-2_C25,160,-0.02,25.0,22,QAUR,0.03395351715824457,1.0
MG_L160_T-2_C25,160,-0.02,25.0,23,QAUR,0.03777347661068142,1.0
MG_L160_T-2_C25,160,-0.02,25.0,24,QAUR,-0.013513385299481095,1.0
MG_L160_T-2_C25,160,-0.02,25.0,25,QAUR,-0.06983088429100937,0.0
MG_L160_T-2_C25,160,-0.02,25.0,26,QAUR,0.08285326404873761,1.0
MG_L160_T-2_C25,160,-0.02,25.0,27,QAUR,0.1472595463702846,1.0
MG_L160_T-2_C25,160,-0.02,25.0,28,QAUR,0.028427196584291048,1.0
MG_L160_T-2_C25,160,-0.02,25.0,29,QAUR,0.014751778552550165,1.0
MG_L160_T-2_C25,160,-0.02,25.0,30,QAUR,0.034852088500390455,1.0
MG_L160_T-2_C25,160,-0.02,25.0,31,QAUR,-0.022002582120653646,0.0
MG_L160_T-2_C25,160,-0.02,25.0,32,QAUR,-0.006767341365584878,1.0
MG_L160_T-2_C25,160,-0.02,25.0,33,QAUR,0.020398221266418437,1.0
MG_L160_T-2_C25,160,-0.02,25.0,34,QAUR,-0.032136891240864496,0.0
MG_L160_T-2_C25,160,-0.02,25.0,35,QAUR,0.039671181471727435,1.0
MG_L160_T-2_C25,160,-0.02,25.0,36,QAUR,0.11890387488810261,1.0
MG_L160_T-2_C25,160,-0.02,25.0,37,QAUR,0.013231850980289117,1.0
MG_L160_T-2_C25,160,-0.02,25.0,38,QAUR,0.0723309991888661,1.0
MG_L160_T-2_C25,160,-0.02,25.0,39,QAUR,0.09289952230982457,1.0
MG_L160_T-2_C25,160,-0.02,25.0,40,QAUR,0.17537636420056635,1.0
MG_L160_T-2_C25,160,-0.02,25.0,41,QAUR,0.2101797527134348,1.0
MG_L160_T-2_C25,160,-0.02,25.0,42,QAUR,0.19478188268549523,1.0
MG_L160_T-2_C25,160,-0.02,25.0,43,QAUR,0.12419721365677927,1.0
MG_L160_T-2_C25,160,-0.02,25.0,44,QAUR,0.23835030810266278,1.0
MG_L160_T-2_C25,160,-0.02,25.0,45,QAUR,0.19767207690265565,1.0
MG_L160_T-2_C25,160,-0.02,25.0,46,QAUR,0.1654064409021747,1.0
MG_L160_T-2_C25,160,-0.02,25.0,47,QAUR,0.16920773690488855,1.0
MG_L160_T-2_C25,160,-0.02,25.0,48,QAUR,0.01586114045712761,1.0
MG_L160_T-2_C25,160,-0.02,25.0,49,QAUR,-0.019726144131129497,1.0
MG_L160_T-2_C25,160,-0.02,25.0,50,QAUR,-0.020810169624525865,0.0
MG_L160_T-2_C25,160,-0.02,25.0,51,QAUR,0.0018615727000035331,1.0
MG_L160_T-2_C25,160,-0.02,25.0,52,QAUR,-0.05969784885837448,0.0
MG_L160_T-2_C50,160,-0.02,50.0,0,AUR,0.7048129685169444,1.0
MG_L160_T-2_C50,160,-0.02,50.0,1,AUR,0.33694057468217986,1.0
MG_L160_T-2_C50,160,-0.02,50.0,2,AUR,0.11546591214383084,1.0
MG_L160_T-2_C50,160,-0.02,50.0,3,AUR,-0.16043897892243275,0.0
MG_L160_T-2_C50,160,-0.02,50.0,4,AUR,-0.13958821398495003,0.0
MG_L160_T-2_C50,160,-0.02,50.0,5,AUR,-0.21424938585199005,0.0
MG_L160_T-2_C50,160,-0.02,50.0,6,AUR,-0.22357734222792192,0.0
MG_L160_T-2_C50,160,-0.02,50.0,7,AUR,-0.3897446812759764,0.0
MG_L160_T-2_C50,160,-0.02,50.0,8,AUR,-0.3915144581904002,0.0
MG_L160_T-2_C50,160,-0.02,50.0,9,AUR,-0.27157222179084706,0.0
MG_L160_T-2_C50,160,-0.02,50.0,10,AUR,-0.22573398021785485,0.0
MG_L160_T-2_C50,160,-0.02,50.0,11,AUR,-0.13640462032219713,0.0
MG_L160_T-2_C50,160,-0.02,50.0,12,AUR,-0.25087058647076177,0.0
MG_L160_T-2_C50,160,-0.02,50.0,13,AUR,-0.20398491412684217,0.0
MG_L160_T-2_C50,160,-0.02,50.0,14,AUR,0.05123348375333636,1.0
MG_L160_T-2_C50,160,-0.02,50.0,15,AUR,0.24178744715230294,1.0
MG_L160_T-2_C50,160,-0.02,50.0,16,AUR,0.27861653019329724,1.0
MG_L160_T-2_C50,160,-0.02,50.0,17,AUR,0.2961298046491745,1.0
MG_L160_T-2_C50,160,-0.02,50.0,18,AUR,0.19902988869510563,1.0
MG_L160_T-2_C50,160,-0.02,50.0,19,AUR,0.06940427954480555,1.0
MG_L160_T-2_C50,160,-0.02,50.0,20,AUR,0.1446852900159945,1.0
MG_L160_T-2_C50,160,-0.02,50.0,21,AUR,0.11531410277541165,1.0
MG_L160_T-2_C50,160,-0.02,50.0,22,AUR,0.03395351715824457,1.0
MG_L160_T-2_C50,160,-0.02,50.0,23,AUR,0.03777347661068142,1.0
MG_L160_T-2_C50,160,-0.02,50.0,24,AUR,-0.013513385299481095,1.0
MG_L160_T-2_C50,160,-0.02,50.0,25,AUR,-0.06983088429100937,0.0
MG_L160_T-2_C50,160,-0.02,50.0,26,AUR,0.08285326404873761,1.0
MG_L160_T-2_C50,160,-0.02,50.0,27,AUR,0.1472595463702846,1.0
MG_L160_T-2_C50,160,-0.02,50.0,28,AUR,0.028427196584291048,1.0
MG_L160_T-2_C50,160,-0.02,50.0,29,AUR,0.014751778552550165,1.0
MG_L160_T-2_C50,160,-0.02,50.0,30,AUR,0.034852088500390455,1.0
MG_L160_T-2_C50,160,-0.02,50.0,31,AUR,-0.022002582120653646,0.0
MG_L160_T-2_C50,160,-0.02,50.0,32,AUR,-0.006767341365584878,1.0
MG_L160_T-2_C50,160,-0.02,50.0,33,AUR,0.020398221266418437,1.0
MG_L160_T-2_C50,160,-0.02,50.0,34,AUR,-0.032136891240864496,0.0
MG_L160_T-2_C50,160,-0.02,50.0,35,AUR,0.039671181471727435,1.0
MG_L160_T-2_C50,160,-0.02,50.0,36,AUR,0.11890387488810261,1.0
MG_L160_T-2_C50,160,-0.02,50.0,37,AUR,0.013231850980289117,1.0
MG_L160_T-2_C50,160,-0.02,50.0,38,AUR,0.0723309991888661,1.0
MG_L160_T-2_C50,160,-0.02,50.0,39,AUR,0.09289952230982457,1.0
MG_L160_T-2_C50,160,-0.02,50.0,40,AUR,0.17537636420056635,1.0
MG_L160_T-2_C50,160,-0.02,50.0,41,AUR,0.2101797527134348,1.0
MG_L160_T-2_C50,160,-0.02,50.0,42,AUR,0.19478188268549523,1.0
MG_L160_T-2_C50,160,-0.02,50.0,43,AUR,0.12419721365677927,1.0
MG_L160_T-2_C50,160,-0.02,50.0,44,AUR,0.23835030810266278,1.0
MG_L160_T-2_C50,160,-0.02,50.0,45,AUR,0.19767207690265565,1.0
MG_L160_T-2_C50,160,-0.02,50.0,46,AUR,0.1654064409021747,1.0
MG_L160_T-2_C50,160,-0.02,50.0,47,AUR,0.16920773690488855,1.0
MG_L160_T-2_C50,160,-0.02,50.0,48,AUR,0.01586114045712761,1.0
MG_L160_T-2_C50,160,-0.02,50.0,49,AUR,-0.019726144131129497,1.0
MG_L160_T-2_C50,160,-0.02,50.0,50,AUR,-0.020810169624525865,0.0
MG_L160_T-2_C50,160,-0.02,50.0,51,AUR,0.0018615727000035331,1.0
MG_L160_T-2_C50,160,-0.02,50.0,52,AUR,-0.05969784885837448,0.0
MG_L160_T-2_C50,160,-0.02,50.0,0,QAUR,0.7048129685169444,1.0
MG_L160_T-2_C50,160,-0.02,50.0,1,QAUR,0.33694057468217986,1.0
MG_L160_T-2_C50,160,-0.02,50.0,2,QAUR,0.11546591214383084,1.0
MG_L160_T-2_C50,160,-0.02,50.0,3,QAUR,-0.16043897892243275,0.0
MG_L160_T-2_C50,160,-0.02,50.0,4,QAUR,-0.13958821398495003,0.0
MG_L160_T-2_C50,160,-0.02,50.0,5,QAUR,-0.21424938585199005,0.0
MG_L160_T-2_C50,160,-0.02,50.0,6,QAUR,-0.22357734222792192,0.0
MG_L160_T-2_C50,160,-0.02,50.0,7,QAUR,-0.3897446812759764,0.0
MG_L160_T-2_C50,160,-0.02,50.0,8,QAUR,-0.3915144581904002,0.0
MG_L160_T-2_C50,160,-0.02,50.0,9,QAUR,-0.27157222179084706,0.0
MG_L160_T-2_C50,160,-0.02,50.0,10,QAUR,-0.22573398021785485,0.0
MG_L160_T-2_C50,160,-0.02,50.0,11,QAUR,-0.13640462032219713,0.0
MG_L160_T-2_C50,160,-0.02,50.0,12,QAUR,-0.25087058647076177,0.0
MG_L160_T-2_C50,160,-0.02,50.0,13,QAUR,-0.20398491412684217,0.0
MG_L160_T-2_C50,160,-0.02,50.0,14,QAUR,0.05123348375333636,1.0
MG_L160_T-2_C50,160,-0.02,50.0,15,QAUR,0.24178744715230294,1.0
MG_L160_T-2_C50,160,-0.02,50.0,16,QAUR,0.27861653019329724,1.0
MG_L160_T-2_C50,160,-0.02,50.0,17,QAUR,0.2961298046491745,1.0
MG_L160_T-2_C50,160,-0.02,50.0,18,QAUR,0.19902988869510563,1.0
MG_L160_T-2_C50,160,-0.02,50.0,19,QAUR,0.06940427954480555,1.0
MG_L160_T-2_C50,160,-0.02,50.0,20,QAUR,0.1446852900159945,1.0
MG_L160_T-2_C50,160,-0.02,50.0,21,QAUR,0.11531410277541165,1.0
MG_L160_T-2_C50,160,-0.02,50.0,22,QAUR,0.03395351715824457,1.0
MG_L160_T-2_C50,160,-0.02,50.0,23,QAUR,0.03777347661068142,1.0
MG_L160_T-2_C50,160,-0.02,50.0,24,QAUR,-0.013513385299481095,1.0
MG_L160_T-2_C50,160,-0.02,50.0,25,QAUR,-0.06983088429100937,0.0
MG_L160_T-2_C50,160,-0.02,50.0,26,QAUR,0.08285326404873761,1.0
MG_L160_T-2_C50,160,-0.02,50.0,27,QAUR,0.1472595463702846,1.0
MG_L160_T-2_C50,160,-0.02,50.0,28,QAUR,0.028427196584291048,1.0
MG_L160_T-2_C50,160,-0.02,50.0,29,QAUR,0.014751778552550165,1.0
MG_L160_T-2_C50,160,-0.02,50.0,30,QAUR,0.034852088500390455,1.0
MG_L160_T-2_C50,160,-0.02,50.0,31,QAUR,-0.022002582120653646,0.0
MG_L160_T-2_C50,160,-0.02,50.0,32,QAUR,-0.006767341365584878,1.0
MG_L160_T-2_C50,160,-0.02,50.0,33,QAUR,0.020398221266418437,1.0
MG_L160_T-2_C50,160,-0.02,50.0,34,QAUR,-0.032136891240864496,0.0
MG_L160_T-2_C50,160,-0.02,50.0,35,QAUR,0.039671181471727435,1.0
MG_L160_T-2_C50,160,-0.02,50.0,36,QAUR,0.11890387488810261,1.0
MG_L160_T-2_C50,160,-0.02,50.0,37,QAUR,0.013231850980289117,1.0
MG_L160_T-2_C50,160,-0.02,50.0,38,QAUR,0.0723309991888661,1.0
MG_L160_T-2_C50,160,-0.02,50.0,39,QAUR,0.09289952230982457,1.0
MG_L160_T-2_C50,160,-0.02,50.0,40,QAUR,0.17537636420056635,1.0
MG_L160_T-2_C50,160,-0.02,50.0,41,QAUR,0.2101797527134348,1.0
MG_L160_T-2_C50,160,-0.02,50.0,42,QAUR,0.19478188268549523,1.0
MG_L160_T-2_C50,160,-0.02,50.0,43,QAUR,0.12419721365677927,1.0
MG_L160_T-2_C50,160,-0.02,50.0,44,QAUR,0.23835030810266278,1.0
MG_L160_T-2_C50,160,-0.02,50.0,45,QAUR,0.19767207690265565,1.0
MG_L160_T-2_C50,160,-0.02,50.0,46,QAUR,0.1654064409021747,1.0
MG_L160_T-2_C50,160,-0.02,50.0,47,QAUR,0.16920773690488855,1.0
MG_L160_T-2_C50,160,-0.02,50.0,48,QAUR,0.01586114045712761,1.0
MG_L160_T-2_C50,160,-0.02,50.0,49,QAUR,-0.019726144131129497,1.0
MG_L160_T-2_C50,160,-0.02,50.0,50,QAUR,-0.020810169624525865,0.0
MG_L160_T-2_C50,160,-0.02,50.0,51,QAUR,0.0018615727000035331,1.0
MG_L160_T-2_C50,160,-0.02,50.0,52,QAUR,-0.05969784885837448,0.0
MG_L160_T-2_C100,160,-0.02,100.0,0,AUR,0.7048129685169444,1.0
MG_L160_T-2_C100,160,-0.02,100.0,1,AUR,0.33694057468217986,1.0
MG_L160_T-2_C100,160,-0.02,100.0,2,AUR,0.11546591214383084,1.0
MG_L160_T-2_C100,160,-0.02,100.0,3,AUR,-0.16043897892243275,0.0
MG_L160_T-2_C100,160,-0.02,100.0,4,AUR,-0.13958821398495003,0.0
MG_L160_T-2_C100,160,-0.02,100.0,5,AUR,-0.21424938585199005,0.0
MG_L160_T-2_C100,160,-0.02,100.0,6,AUR,-0.22357734222792192,0.0
MG_L160_T-2_C100,160,-0.02,100.0,7,AUR,-0.3897446812759764,0.0
MG_L160_T-2_C100,160,-0.02,100.0,8,AUR,-0.3915144581904002,0.0
MG_L160_T-2_C100,160,-0.02,100.0,9,AUR,-0.27157222179084706,0.0
MG_L160_T-2_C100,160,-0.02,100.0,10,AUR,-0.22573398021785485,0.0
MG_L160_T-2_C100,160,-0.02,100.0,11,AUR,-0.13640462032219713,0.0
MG_L160_T-2_C100,160,-0.02,100.0,12,AUR,-0.25087058647076177,0.0
MG_L160_T-2_C100,160,-0.02,100.0,13,AUR,-0.20398491412684217,0.0
MG_L160_T-2_C100,160,-0.02,100.0,14,AUR,0.05123348375333636,1.0
MG_L160_T-2_C100,160,-0.02,100.0,15,AUR,0.24178744715230294,1.0
MG_L160_T-2_C100,160,-0.02,100.0,16,AUR,0.27861653019329724,1.0
MG_L160_T-2_C100,160,-0.02,100.0,17,AUR,0.2961298046491745,1.0
MG_L160_T-2_C100,160,-0.02,100.0,18,AUR,0.19902988869510563,1.0
MG_L160_T-2_C100,160,-0.02,100.0,19,AUR,0.06940427954480555,1.0
MG_L160_T-2_C100,160,-0.02,100.0,20,AUR,0.1446852900159945,1.0
MG_L160_T-2_C100,160,-0.02,100.0,21,AUR,0.11531410277541165,1.0
MG_L160_T-2_C100,160,-0.02,100.0,22,AUR,0.03395351715824457,1.0
MG_L160_T-2_C100,160,-0.02,100.0,23,AUR,0.03777347661068142,1.0
MG_L160_T-2_C100,160,-0.02,100.0,24,AUR,-0.013513385299481095,1.0
MG_L160_T-2_C100,160,-0.02,100.0,25,AUR,-0.06983088429100937,0.0
MG_L160_T-2_C100,160,-0.02,100.0,26,AUR,0.08285326404873761,1.0
MG_L160_T-2_C100,160,-0.02,100.0,27,AUR,0.1472595463702846,1.0
MG_L160_T-2_C100,160,-0.02,100.0,28,AUR,0.028427196584291048,1.0
MG_L160_T-2_C100,160,-0.02,100.0,29,AUR,0.014751778552550165,1.0
MG_L160_T-2_C100,160,-0.02,100.0,30,AUR,0.034852088500390455,1.0
MG_L160_T-2_C100,160,-0.02,100.0,31,AUR,-0.022002582120653646,0.0
MG_L160_T-2_C100,160,-0.02,100.0,32,AUR,-0.006767341365584878,1.0
MG_L160_T-2_C100,160,-0.02,100.0,33,AUR,0.020398221266418437,1.0
MG_L160_T-2_C100,160,-0.02,100.0,34,AUR,-0.032136891240864496,0.0
MG_L160_T-2_C100,160,-0.02,100.0,35,AUR,0.039671181471727435,1.0
MG_L160_T-2_C100,160,-0.02,100.0,36,AUR,0.11890387488810261,1.0
MG_L160_T-2_C100,160,-0.02,100.0,37,AUR,0.013231850980289117,1.0
MG_L160_T-2_C100,160,-0.02,100.0,38,AUR,0.0723309991888661,1.0
MG_L160_T-2_C100,160,-0.02,100.0,39,AUR,0.09289952230982457,1.0
MG_L160_T-2_C100,160,-0.02,100.0,40,AUR,0.17537636420056635,1.0
MG_L160_T-2_C100,160,-0.02,100.0,41,AUR,0.2101797527134348,1.0
MG_L160_T-2_C100,160,-0.02,100.0,42,AUR,0.19478188268549523,1.0
MG_L160_T-2_C100,160,-0.02,100.0,43,AUR,0.12419721365677927,1.0
MG_L160_T-2_C100,160,-0.02,100.0,44,AUR,0.23835030810266278,1.0
MG_L160_T-2_C100,160,-0.02,100.0,45,AUR,0.19767207690265565,1.0
MG_L160_T-2_C100,160,-0.02,100.0,46,AUR,0.1654064409021747,1.0
MG_L160_T-2_C100,160,-0.02,100.0,47,AUR,0.16920773690488855,1.0
MG_L160_T-2_C100,160,-0.02,100.0,48,AUR,0.01586114045712761,1.0
MG_L160_T-2_C100,160,-0.02,100.0,49,AUR,-0.019726144131129497,1.0
MG_L160_T-2_C100,160,-0.02,100.0,50,AUR,-0.020810169624525865,0.0
MG_L160_T-2_C100,160,-0.02,100.0,51,AUR,0.0018615727000035331,1.0
MG_L160_T-2_C100,160,-0.02,100.0,52,AUR,-0.05969784885837448,0.0
MG_L160_T-2_C100,160,-0.02,100.0,0,QAUR,0.7048129685169444,1.0
MG_L160_T-2_C100,160,-0.02,100.0,1,QAUR,0.33694057468217986,1.0
MG_L160_T-2_C100,160,-0.02,100.0,2,QAUR,0.11546591214383084,1.0
MG_L160_T-2_C100,160,-0.02,100.0,3,QAUR,-0.16043897892243275,0.0
MG_L160_T-2_C100,160,-0.02,100.0,4,QAUR,-0.13958821398495003,0.0
MG_L160_T-2_C100,160,-0.02,100.0,5,QAUR,-0.21424938585199005,0.0
MG_L160_T-2_C100,160,-0.02,100.0,6,QAUR,-0.22357734222792192,0.0
MG_L160_T-2_C100,160,-0.02,100.0,7,QAUR,-0.3897446812759764,0.0
MG_L160_T-2_C100,160,-0.02,100.0,8,QAUR,-0.3915144581904002,0.0
MG_L160_T-2_C100,160,-0.02,100.0,9,QAUR,-0.27157222179084706,0.0
MG_L160_T-2_C100,160,-0.02,100.0,10,QAUR,-0.22573398021785485,0.0
MG_L160_T-2_C100,160,-0.02,100.0,11,QAUR,-0.13640462032219713,0.0
MG_L160_T-2_C100,160,-0.02,100.0,12,QAUR,-0.25087058647076177,0.0
MG_L160_T-2_C100,160,-0.02,100.0,13,QAUR,-0.20398491412684217,0.0
MG_L160_T-2_C100,160,-0.02,100.0,14,QAUR,0.05123348375333636,1.0
MG_L160_T-2_C100,160,-0.02,100.0,15,QAUR,0.24178744715230294,1.0
MG_L160_T-2_C100,160,-0.02,100.0,16,QAUR,0.27861653019329724,1.0
MG_L160_T-2_C100,160,-0.02,100.0,17,QAUR,0.2961298046491745,1.0
MG_L160_T-2_C100,160,-0.02,100.0,18,QAUR,0.19902988869510563,1.0
MG_L160_T-2_C100,160,-0.02,100.0,19,QAUR,0.06940427954480555,1.0
MG_L160_T-2_C100,160,-0.02,100.0,20,QAUR,0.1446852900159945,1.0
MG_L160_T-2_C100,160,-0.02,100.0,21,QAUR,0.11531410277541165,1.0
MG_L160_T-2_C100,160,-0.02,100.0,22,QAUR,0.03395351715824457,1.0
MG_L160_T-2_C100,160,-0.02,100.0,23,QAUR,0.03777347661068142,1.0
MG_L160_T-2_C100,160,-0.02,100.0,24,QAUR,-0.013513385299481095,1.0
MG_L160_T-2_C100,160,-0.02,100.0,25,QAUR,-0.06983088429100937,0.0
MG_L160_T-2_C100,160,-0.02,100.0,26,QAUR,0.08285326404873761,1.0
MG_L160_T-2_C100,160,-0.02,100.0,27,QAUR,0.1472595463702846,1.0
MG_L160_T-2_C100,160,-0.02,100.0,28,QAUR,0.028427196584291048,1.0
MG_L160_T-2_C100,160,-0.02,100.0,29,QAUR,0.014751778552550165,1.0
MG_L160_T-2_C100,160,-0.02,100.0,30,QAUR,0.034852088500390455,1.0
MG_L160_T-2_C100,160,-0.02,100.0,31,QAUR,-0.022002582120653646,0.0
MG_L160_T-2_C100,160,-0.02,100.0,32,QAUR,-0.006767341365584878,1.0
MG_L160_T-2_C100,160,-0.02,100.0,33,QAUR,0.020398221266418437,1.0
MG_L160_T-2_C100,160,-0.02,100.0,34,QAUR,-0.032136891240864496,0.0
MG_L160_T-2_C100,160,-0.02,100.0,35,QAUR,0.039671181471727435,1.0
MG_L160_T-2_C100,160,-0.02,100.0,36,QAUR,0.11890387488810261,1.0
MG_L160_T-2_C100,160,-0.02,100.0,37,QAUR,0.013231850980289117,1.0
MG_L160_T-2_C100,160,-0.02,100.0,38,QAUR,0.0723309991888661,1.0
MG_L160_T-2_C100,160,-0.02,100.0,39,QAUR,0.09289952230982457,1.0
MG_L160_T-2_C100,160,-0.02,100.0,40,QAUR,0.17537636420056635,1.0
MG_L160_T-2_C100,160,-0.02,100.0,41,QAUR,0.2101797527134348,1.0
MG_L160_T-2_C100,160,-0.02,100.0,42,QAUR,0.19478188268549523,1.0
MG_L160_T-2_C100,160,-0.02,100.0,43,QAUR,0.12419721365677927,1.0
MG_L160_T-2_C100,160,-0.02,100.0,44,QAUR,0.23835030810266278,1.0
MG_L160_T-2_C100,160,-0.02,100.0,45,QAUR,0.19767207690265565,1.0
MG_L160_T-2_C100,160,-0.02,100.0,46,QAUR,0.1654064409021747,1.0
MG_L160_T-2_C100,160,-0.02,100.0,47,QAUR,0.16920773690488855,1.0
MG_L160_T-2_C100,160,-0.02,100.0,48,QAUR,0.01586114045712761,1.0
MG_L160_T-2_C100,160,-0.02,100.0,49,QAUR,-0.019726144131129497,1.0
MG_L160_T-2_C100,160,-0.02,100.0,50,QAUR,-0.020810169624525865,0.0
MG_L160_T-2_C100,160,-0.02,100.0,51,QAUR,0.0018615727000035331,1.0
MG_L160_T-2_C100,160,-0.02,100.0,52,QAUR,-0.05969784885837448,0.0
MG_L160_T0_C0,160,0.0,0.0,0,AUR,0.7048129685169444,1.0
MG_L160_T0_C0,160,0.0,0.0,1,AUR,0.33694057468217986,1.0
MG_L160_T0_C0,160,0.0,0.0,2,AUR,0.11546591214383084,1.0
MG_L160_T0_C0,160,0.0,0.0,3,AUR,-0.16043897892243275,0.0
MG_L160_T0_C0,160,0.0,0.0,4,AUR,-0.13958821398495003,0.0
MG_L160_T0_C0,160,0.0,0.0,5,AUR,-0.21424938585199005,0.0
MG_L160_T0_C0,160,0.0,0.0,6,AUR,-0.22357734222792192,0.0
MG_L160_T0_C0,160,0.0,0.0,7,AUR,-0.3897446812759764,0.0
MG_L160_T0_C0,160,0.0,0.0,8,AUR,-0.3915144581904002,0.0
MG_L160_T0_C0,160,0.0,0.0,9,AUR,-0.27157222179084706,0.0
MG_L160_T0_C0,160,0.0,0.0,10,AUR,-0.22573398021785485,0.0
MG_L160_T0_C0,160,0.0,0.0,11,AUR,-0.13640462032219713,0.0
MG_L160_T0_C0,160,0.0,0.0,12,AUR,-0.25087058647076177,0.0
MG_L160_T0_C0,160,0.0,0.0,13,AUR,-0.20398491412684217,0.0
MG_L160_T0_C0,160,0.0,0.0,14,AUR,0.05123348375333636,1.0
MG_L160_T0_C0,160,0.0,0.0,15,AUR,0.24178744715230294,1.0
MG_L160_T0_C0,160,0.0,0.0,16,AUR,0.27861653019329724,1.0
MG_L160_T0_C0,160,0.0,0.0,17,AUR,0.2961298046491745,1.0
MG_L160_T0_C0,160,0.0,0.0,18,AUR,0.19902988869510563,1.0
MG_L160_T0_C0,160,0.0,0.0,19,AUR,0.06940427954480555,1.0
MG_L160_T0_C0,160,0.0,0.0,20,AUR,0.1446852900159945,1.0
MG_L160_T0_C0,160,0.0,0.0,21,AUR,0.11531410277541165,1.0
MG_L160_T0_C0,160,0.0,0.0,22,AUR,0.03395351715824457,1.0
MG_L160_T0_C0,160,0.0,0.0,23,AUR,0.03777347661068142,1.0
MG_L160_T0_C0,160,0.0,0.0,24,AUR,-0.013513385299481095,0.0
MG_L160_T0_C0,160,0.0,0.0,25,AUR,-0.06983088429100937,0.0
MG_L160_T0_C0,160,0.0,0.0,26,AUR,0.08285326404873761,1.0
MG_L160_T0_C0,160,0.0,0.0,27,AUR,0.1472595463702846,1.0
MG_L160_T0_C0,160,0.0,0.0,28,AUR,0.028427196584291048,1.0
MG_L160_T0_C0,160,0.0,0.0,29,AUR,0.014751778552550165,1.0
MG_L160_T0_C0,160,0.0,0.0,30,AUR,0.034852088500390455,1.0
MG_L160_T0_C0,160,0.0,0.0,31,AUR,-0.022002582120653646,0.0
MG_L160_T0_C0,160,0.0,0.0,32,AUR,-0.006767341365584878,0.0
MG_L160_T0_C0,160,0.0,0.0,33,AUR,0.020398221266418437,1.0
MG_L160_T0_C0,160,0.0,0.0,34,AUR,-0.032136891240864496,0.0
MG_L160_T0_C0,160,0.0,0.0,35,AUR,0.039671181471727435,1.0
MG_L160_T0_C0,160,0.0,0.0,36,AUR,0.11890387488810261,1.0
MG_L160_T0_C0,160,0.0,0.0,37,AUR,0.013231850980289117,1.0
MG_L160_T0_C0,160,0.0,0.0,38,AUR,0.0723309991888661,1.0
MG_L160_T0_C0,160,0.0,0.0,39,AUR,0.09289952230982457,1.0
MG_L160_T0_C0,160,0.0,0.0,40,AUR,0.17537636420056635,1.0
MG_L160_T0_C0,160,0.0,0.0,41,AUR,0.2101797527134348,1.0
MG_L160_T0_C0,160,0.0,0.0,42,AUR,0.19478188268549523,1.0
MG_L160_T0_C0,160,0.0,0.0,43,AUR,0.12419721365677927,1.0
MG_L160_T0_C0,160,0.0,0.0,44,AUR,0.23835030810266278,1.0
MG_L160_T0_C0,160,0.0,0.0,45,AUR,0.19767207690265565,1.0
MG_L160_T0_C0,160,0.0,0.0,46,AUR,0.1654064409021747,1.0
MG_L160_T0_C0,160,0.0,0.0,47,AUR,0.16920773690488855,1.0
MG_L160_T0_C0,160,0.0,0.0,48,AUR,0.01586114045712761,1.0
MG_L160_T0_C0,160,0.0,0.0,49,AUR,-0.019726144131129497,0.0
MG_L160_T0_C0,160,0.0,0.0,50,AUR,-0.020810169624525865,0.0
MG_L160_T0_C0,160,0.0,0.0,51,AUR,0.0018615727000035331,1.0
MG_L160_T0_C0,160,0.0,0.0,52,AUR,-0.05969784885837448,0.0
MG_L160_T0_C0,160,0.0,0.0,0,QAUR,0.7048129685169444,1.0
MG_L160_T0_C0,160,0.0,0.0,1,QAUR,0.33694057468217986,1.0
MG_L160_T0_C0,160,0.0,0.0,2,QAUR,0.11546591214383084,1.0
MG_L160_T0_C0,160,0.0,0.0,3,QAUR,-0.16043897892243275,0.0
MG_L160_T0_C0,160,0.0,0.0,4,QAUR,-0.13958821398495003,0.0
MG_L160_T0_C0,160,0.0,0.0,5,QAUR,-0.21424938585199005,0.0
MG_L160_T0_C0,160,0.0,0.0,6,QAUR,-0.22357734222792192,0.0
MG_L160_T0_C0,160,0.0,0.0,7,QAUR,-0.3897446812759764,0.0
MG_L160_T0_C0,160,0.0,0.0,8,QAUR,-0.3915144581904002,0.0
MG_L160_T0_C0,160,0.0,0.0,9,QAUR,-0.27157222179084706,0.0
MG_L160_T0_C0,160,0.0,0.0,10,QAUR,-0.22573398021785485,0.0
MG_L160_T0_C0,160,0.0,0.0,11,QAUR,-0.13640462032219713,0.0
MG_L160_T0_C0,160,0.0,0.0,12,QAUR,-0.25087058647076177,0.0
MG_L160_T0_C0,160,0.0,0.0,13,QAUR,-0.20398491412684217,0.0
MG_L160_T0_C0,160,0.0,0.0,14,QAUR,0.05123348375333636,1.0
MG_L160_T0_C0,160,0.0,0.0,15,QAUR,0.24178744715230294,1.0
MG_L160_T0_C0,160,0.0,0.0,16,QAUR,0.27861653019329724,1.0
MG_L160_T0_C0,160,0.0,0.0,17,QAUR,0.2961298046491745,1.0
MG_L160_T0_C0,160,0.0,0.0,18,QAUR,0.19902988869510563,1.0
MG_L160_T0_C0,160,0.0,0.0,19,QAUR,0.06940427954480555,1.0
MG_L160_T0_C0,160,0.0,0.0,20,QAUR,0.1446852900159945,1.0
MG_L160_T0_C0,160,0.0,0.0,21,QAUR,0.11531410277541165,1.0
MG_L160_T0_C0,160,0.0,0.0,22,QAUR,0.03395351715824457,1.0
MG_L160_T0_C0,160,0.0,0.0,23,QAUR,0.03777347661068142,1.0
MG_L160_T0_C0,160,0.0,0.0,24,QAUR,-0.013513385299481095,0.0
MG_L160_T0_C0,160,0.0,0.0,25,QAUR,-0.06983088429100937,0.0
MG_L160_T0_C0,160,0.0,0.0,26,QAUR,0.08285326404873761,1.0
MG_L160_T0_C0,160,0.0,0.0,27,QAUR,0.1472595463702846,1.0
MG_L160_T0_C0,160,0.0,0.0,28,QAUR,0.028427196584291048,1.0
MG_L160_T0_C0,160,0.0,0.0,29,QAUR,0.014751778552550165,1.0
MG_L160_T0_C0,160,0.0,0.0,30,QAUR,0.034852088500390455,1.0
MG_L160_T0_C0,160,0.0,0.0,31,QAUR,-0.022002582120653646,0.0
MG_L160_T0_C0,160,0.0,0.0,32,QAUR,-0.006767341365584878,0.0
MG_L160_T0_C0,160,0.0,0.0,33,QAUR,0.020398221266418437,1.0
MG_L160_T0_C0,160,0.0,0.0,34,QAUR,-0.032136891240864496,0.0
MG_L160_T0_C0,160,0.0,0.0,35,QAUR,0.039671181471727435,1.0
MG_L160_T0_C0,160,0.0,0.0,36,QAUR,0.11890387488810261,1.0
MG_L160_T0_C0,160,0.0,0.0,37,QAUR,0.013231850980289117,1.0
MG_L160_T0_C0,160,0.0,0.0,38,QAUR,0.0723309991888661,1.0
MG_L160_T0_C0,160,0.0,0.0,39,QAUR,0.09289952230982457,1.0
MG_L160_T0_C0,160,0.0,0.0,40,QAUR,0.17537636420056635,1.0
MG_L160_T0_C0,160,0.0,0.0,41,QAUR,0.2101797527134348,1.0
MG_L160_T0_C0,160,0.0,0.0,42,QAUR,0.19478188268549523,1.0
MG_L160_T0_C0,160,0.0,0.0,43,QAUR,0.12419721365677927,1.0
MG_L160_T0_C0,160,0.0,0.0,44,QAUR,0.23835030810266278,1.0
MG_L160_T0_C0,160,0.0,0.0,45,QAUR,0.19767207690265565,1.0
MG_L160_T0_C0,160,0.0,0.0,46,QAUR,0.1654064409021747,1.0
MG_L160_T0_C0,160,0.0,0.0,47,QAUR,0.16920773690488855,1.0
MG_L160_T0_C0,160,0.0,0.0,48,QAUR,0.01586114045712761,1.0
MG_L160_T0_C0,160,0.0,0.0,49,QAUR,-0.019726144131129497,0.0
MG_L160_T0_C0,160,0.0,0.0,50,QAUR,-0.020810169624525865,0.0
MG_L160_T0_C0,160,0.0,0.0,51,QAUR,0.0018615727000035331,1.0
MG_L160_T0_C0,160,0.0,0.0,52,QAUR,-0.05969784885837448,0.0
MG_L160_T0_C25,160,0.0,25.0,0,AUR,0.7048129685169444,1.0
MG_L160_T0_C25,160,0.0,25.0,1,AUR,0.33694057468217986,1.0
MG_L160_T0_C25,160,0.0,25.0,2,AUR,0.11546591214383084,1.0
MG_L160_T0_C25,160,0.0,25.0,3,AUR,-0.16043897892243275,0.0
MG_L160_T0_C25,160,0.0,25.0,4,AUR,-0.13958821398495003,0.0
MG_L160_T0_C25,160,0.0,25.0,5,AUR,-0.21424938585199005,0.0
MG_L160_T0_C25,160,0.0,25.0,6,AUR,-0.22357734222792192,0.0
MG_L160_T0_C25,160,0.0,25.0,7,AUR,-0.3897446812759764,0.0
MG_L160_T0_C25,160,0.0,25.0,8,AUR,-0.3915144581904002,0.0
MG_L160_T0_C25,160,0.0,25.0,9,AUR,-0.27157222179084706,0.0
MG_L160_T0_C25,160,0.0,25.0,10,AUR,-0.22573398021785485,0.0
MG_L160_T0_C25,160,0.0,25.0,11,AUR,-0.13640462032219713,0.0
MG_L160_T0_C25,160,0.0,25.0,12,AUR,-0.25087058647076177,0.0
MG_L160_T0_C25,160,0.0,25.0,13,AUR,-0.20398491412684217,0.0
MG_L160_T0_C25,160,0.0,25.0,14,AUR,0.05123348375333636,1.0
MG_L160_T0_C25,160,0.0,25.0,15,AUR,0.24178744715230294,1.0
MG_L160_T0_C25,160,0.0,25.0,16,AUR,0.27861653019329724,1.0
MG_L160_T0_C25,160,0.0,25.0,17,AUR,0.2961298046491745,1.0
MG_L160_T0_C25,160,0.0,25.0,18,AUR,0.19902988869510563,1.0
MG_L160_T0_C25,160,0.0,25.0,19,AUR,0.06940427954480555,1.0
MG_L160_T0_C25,160,0.0,25.0,20,AUR,0.1446852900159945,1.0
MG_L160_T0_C25,160,0.0,25.0,21,AUR,0.11531410277541165,1.0
MG_L160_T0_C25,160,0.0,25.0,22,AUR,0.03395351715824457,1.0
MG_L160_T0_C25,160,0.0,25.0,23,AUR,0.03777347661068142,1.0
MG_L160_T0_C25,160,0.0,25.0,24,AUR,-0.013513385299481095,0.0
MG_L160_T0_C25,160,0.0,25.0,25,AUR,-0.06983088429100937,0.0
MG_L160_T0_C25,160,0.0,25.0,26,AUR,0.08285326404873761,1.0
MG_L160_T0_C25,160,0.0,25.0,27,AUR,0.1472595463702846,1.0
MG_L160_T0_C25,160,0.0,25.0,28,AUR,0.028427196584291048,1.0
MG_L160_T0_C25,160,0.0,25.0,29,AUR,0.014751778552550165,1.0
MG_L160_T0_C25,160,0.0,25.0,30,AUR,0.034852088500390455,1.0
MG_L160_T0_C25,160,0.0,25.0,31,AUR,-0.022002582120653646,0.0
MG_L160_T0_C25,160,0.0,25.0,32,AUR,-0.006767341365584878,0.0
MG_L160_T0_C25,160,0.0,25.0,33,AUR,0.020398221266418437,1.0
MG_L160_T0_C25,160,0.0,25.0,34,AUR,-0.032136891240864496,0.0
MG_L160_T0_C25,160,0.0,25.0,35,AUR,0.039671181471727435,1.0
MG_L160_T0_C25,160,0.0,25.0,36,AUR,0.11890387488810261,1.0
MG_L160_T0_C25,160,0.0,25.0,37,AUR,0.013231850980289117,1.0
MG_L160_T0_C25,160,0.0,25.0,38,AUR,0.0723309991888661,1.0
MG_L160_T0_C25,160,0.0,25.0,39,AUR,0.09289952230982457,1.0
MG_L160_T0_C25,160,0.0,25.0,40,AUR,0.17537636420056635,1.0
MG_L160_T0_C25,160,0.0,25.0,41,AUR,0.2101797527134348,1.0
MG_L160_T0_C25,160,0.0,25.0,42,AUR,0.19478188268549523,1.0
MG_L160_T0_C25,160,0.0,25.0,43,AUR,0.12419721365677927,1.0
MG_L160_T0_C25,160,0.0,25.0,44,AUR,0.23835030810266278,1.0
MG_L160_T0_C25,160,0.0,25.0,45,AUR,0.19767207690265565,1.0
MG_L160_T0_C25,160,0.0,25.0,46,AUR,0.1654064409021747,1.0
MG_L160_T0_C25,160,0.0,25.0,47,AUR,0.16920773690488855,1.0
MG_L160_T0_C25,160,0.0,25.0,48,AUR,0.01586114045712761,1.0
MG_L160_T0_C25,160,0.0,25.0,49,AUR,-0.019726144131129497,0.0
MG_L160_T0_C25,160,0.0,25.0,50,AUR,-0.020810169624525865,0.0
MG_L160_T0_C25,160,0.0,25.0,51,AUR,0.0018615727000035331,1.0
MG_L160_T0_C25,160,0.0,25.0,52,AUR,-0.05969784885837448,0.0
MG_L160_T0_C25,160,0.0,25.0,0,QAUR,0.7048129685169444,1.0
MG_L160_T0_C25,160,0.0,25.0,1,QAUR,0.33694057468217986,1.0
MG_L160_T0_C25,160,0.0,25.0,2,QAUR,0.11546591214383084,1.0
MG_L160_T0_C25,160,0.0,25.0,3,QAUR,-0.16043897892243275,0.0
MG_L160_T0_C25,160,0.0,25.0,4,QAUR,-0.13958821398495003,0.0
MG_L160_T0_C25,160,0.0,25.0,5,QAUR,-0.21424938585199005,0.0
MG_L160_T0_C25,160,0.0,25.0,6,QAUR,-0.22357734222792192,0.0
MG_L160_T0_C25,160,0.0,25.0,7,QAUR,-0.3897446812759764,0.0
MG_L160_T0_C25,160,0.0,25.0,8,QAUR,-0.3915144581904002,0.0
MG_L160_T0_C25,160,0.0,25.0,9,QAUR,-0.27157222179084706,0.0
MG_L160_T0_C25,160,0.0,25.0,10,QAUR,-0.22573398021785485,0.0
MG_L160_T0_C25,160,0.0,25.0,11,QAUR,-0.13640462032219713,0.0
MG_L160_T0_C25,160,0.0,25.0,12,QAUR,-0.25087058647076177,0.0
MG_L160_T0_C25,160,0.0,25.0,13,QAUR,-0.20398491412684217,0.0
MG_L160_T0_C25,160,0.0,25.0,14,QAUR,0.05123348375333636,1.0
MG_L160_T0_C25,160,0.0,25.0,15,QAUR,0.24178744715230294,1.0
MG_L160_T0_C25,160,0.0,25.0,16,QAUR,0.27861653019329724,1.0
MG_L160_T0_C25,160,0.0,25.0,17,QAUR,0.2961298046491745,1.0
MG_L160_T0_C25,160,0.0,25.0,18,QAUR,0.19902988869510563,1.0
MG_L160_T0_C25,160,0.0,25.0,19,QAUR,0.06940427954480555,1.0
MG_L160_T0_C25,160,0.0,25.0,20,QAUR,0.1446852900159945,1.0
MG_L160_T0_C25,160,0.0,25.0,21,QAUR,0.11531410277541165,1.0
MG_L160_T0_C25,160,0.0,25.0,22,QAUR,0.03395351715824457,1.0
MG_L160_T0_C25,160,0.0,25.0,23,QAUR,0.03777347661068142,1.0
MG_L160_T0_C25,160,0.0,25.0,24,QAUR,-0.013513385299481095,0.0
MG_L160_T0_C25,160,0.0,25.0,25,QAUR,-0.06983088429100937,0.0
MG_L160_T0_C25,160,0.0,25.0,26,QAUR,0.08285326404873761,1.0
MG_L160_T0_C25,160,0.0,25.0,27,QAUR,0.1472595463702846,1.0
MG_L160_T0_C25,160,0.0,25.0,28,QAUR,0.028427196584291048,1.0
MG_L160_T0_C25,160,0.0,25.0,29,QAUR,0.014751778552550165,1.0
MG_L160_T0_C25,160,0.0,25.0,30,QAUR,0.034852088500390455,1.0
MG_L160_T0_C25,160,0.0,25.0,31,QAUR,-0.022002582120653646,0.0
MG_L160_T0_C25,160,0.0,25.0,32,QAUR,-0.006767341365584878,0.0
MG_L160_T0_C25,160,0.0,25.0,33,QAUR,0.020398221266418437,1.0
MG_L160_T0_C25,160,0.0,25.0,34,QAUR,-0.032136891240864496,0.0
MG_L160_T0_C25,160,0.0,25.0,35,QAUR,0.039671181471727435,1.0
MG_L160_T0_C25,160,0.0,25.0,36,QAUR,0.11890387488810261,1.0
MG_L160_T0_C25,160,0.0,25.0,37,QAUR,0.013231850980289117,1.0
MG_L160_T0_C25,160,0.0,25.0,38,QAUR,0.0723309991888661,1.0
MG_L160_T0_C25,160,0.0,25.0,39,QAUR,0.09289952230982457,1.0
MG_L160_T0_C25,160,0.0,25.0,40,QAUR,0.17537636420056635,1.0
MG_L160_T0_C25,160,0.0,25.0,41,QAUR,0.2101797527134348,1.0
MG_L160_T0_C25,160,0.0,25.0,42,QAUR,0.19478188268549523,1.0
MG_L160_T0_C25,160,0.0,25.0,43,QAUR,0.12419721365677927,1.0
MG_L160_T0_C25,160,0.0,25.0,44,QAUR,0.23835030810266278,1.0
MG_L160_T0_C25,160,0.0,25.0,45,QAUR,0.19767207690265565,1.0
MG_L160_T0_C25,160,0.0,25.0,46,QAUR,0.1654064409021747,1.0
MG_L160_T0_C25,160,0.0,25.0,47,QAUR,0.16920773690488855,1.0
MG_L160_T0_C25,160,0.0,25.0,48,QAUR,0.01586114045712761,1.0
MG_L160_T0_C25,160,0.0,25.0,49,QAUR,-0.019726144131129497,0.0
MG_L160_T0_C25,160,0.0,25.0,50,QAUR,-0.020810169624525865,0.0
MG_L160_T0_C25,160,0.0,25.0,51,QAUR,0.0018615727000035331,1.0
MG_L160_T0_C25,160,0.0,25.0,52,QAUR,-0.05969784885837448,0.0
MG_L160_T0_C50,160,0.0,50.0,0,AUR,0.7048129685169444,1.0
MG_L160_T0_C50,160,0.0,50.0,1,AUR,0.33694057468217986,1.0
MG_L160_T0_C50,160,0.0,50.0,2,AUR,0.11546591214383084,1.0
MG_L160_T0_C50,160,0.0,50.0,3,AUR,-0.16043897892243275,0.0
MG_L160_T0_C50,160,0.0,50.0,4,AUR,-0.13958821398495003,0.0
MG_L160_T0_C50,160,0.0,50.0,5,AUR,-0.21424938585199005,0.0
MG_L160_T0_C50,160,0.0,50.0,6,AUR,-0.22357734222792192,0.0
MG_L160_T0_C50,160,0.0,50.0,7,AUR,-0.3897446812759764,0.0
MG_L160_T0_C50,160,0.0,50.0,8,AUR,-0.3915144581904002,0.0
MG_L160_T0_C50,160,0.0,50.0,9,AUR,-0.27157222179084706,0.0
MG_L160_T0_C50,160,0.0,50.0,10,AUR,-0.22573398021785485,0.0
MG_L160_T0_C50,160,0.0,50.0,11,AUR,-0.13640462032219713,0.0
MG_L160_T0_C50,160,0.0,50.0,12,AUR,-0.25087058647076177,0.0
MG_L160_T0_C50,160,0.0,50.0,13,AUR,-0.20398491412684217,0.0
MG_L160_T0_C50,160,0.0,50.0,14,AUR,0.05123348375333636,1.0
MG_L160_T0_C50,160,0.0,50.0,15,AUR,0.24178744715230294,1.0
MG_L160_T0_C50,160,0.0,50.0,16,AUR,0.27861653019329724,1.0
MG_L160_T0_C50,160,0.0,50.0,17,AUR,0.2961298046491745,1.0
MG_L160_T0_C50,160,0.0,50.0,18,AUR,0.19902988869510563,1.0
MG_L160_T0_C50,160,0.0,50.0,19,AUR,0.06940427954480555,1.0
MG_L160_T0_C50,160,0.0,50.0,20,AUR,0.1446852900159945,1.0
MG_L160_T0_C50,160,0.0,50.0,21,AUR,0.11531410277541165,1.0
MG_L160_T0_C50,160,0.0,50.0,22,AUR,0.03395351715824457,1.0
MG_L160_T0_C50,160,0.0,50.0,23,AUR,0.03777347661068142,1.0
MG_L160_T0_C50,160,0.0,50.0,24,AUR,-0.013513385299481095,0.0
MG_L160_T0_C50,160,0.0,50.0,25,AUR,-0.06983088429100937,0.0
MG_L160_T0_C50,160,0.0,50.0,26,AUR,0.08285326404873761,1.0
MG_L160_T0_C50,160,0.0,50.0,27,AUR,0.1472595463702846,1.0
MG_L160_T0_C50,160,0.0,50.0,28,AUR,0.028427196584291048,1.0
MG_L160_T0_C50,160,0.0,50.0,29,AUR,0.014751778552550165,1.0
MG_L160_T0_C50,160,0.0,50.0,30,AUR,0.034852088500390455,1.0
MG_L160_T0_C50,160,0.0,50.0,31,AUR,-0.022002582120653646,0.0
MG_L160_T0_C50,160,0.0,50.0,32,AUR,-0.006767341365584878,0.0
MG_L160_T0_C50,160,0.0,50.0,33,AUR,0.020398221266418437,1.0
MG_L160_T0_C50,160,0.0,50.0,34,AUR,-0.032136891240864496,0.0
MG_L160_T0_C50,160,0.0,50.0,35,AUR,0.039671181471727435,1.0
MG_L160_T0_C50,160,0.0,50.0,36,AUR,0.11890387488810261,1.0
MG_L160_T0_C50,160,0.0,50.0,37,AUR,0.013231850980289117,1.0
MG_L160_T0_C50,160,0.0,50.0,38,AUR,0.0723309991888661,1.0
MG_L160_T0_C50,160,0.0,50.0,39,AUR,0.09289952230982457,1.0
MG_L160_T0_C50,160,0.0,50.0,40,AUR,0.17537636420056635,1.0
MG_L160_T0_C50,160,0.0,50.0,41,AUR,0.2101797527134348,1.0
MG_L160_T0_C50,160,0.0,50.0,42,AUR,0.19478188268549523,1.0
MG_L160_T0_C50,160,0.0,50.0,43,AUR,0.12419721365677927,1.0
MG_L160_T0_C50,160,0.0,50.0,44,AUR,0.23835030810266278,1.0
MG_L160_T0_C50,160,0.0,50.0,45,AUR,0.19767207690265565,1.0
MG_L160_T0_C50,160,0.0,50.0,46,AUR,0.1654064409021747,1.0
MG_L160_T0_C50,160,0.0,50.0,47,AUR,0.16920773690488855,1.0
MG_L160_T0_C50,160,0.0,50.0,48,AUR,0.01586114045712761,1.0
MG_L160_T0_C50,160,0.0,50.0,49,AUR,-0.019726144131129497,0.0
MG_L160_T0_C50,160,0.0,50.0,50,AUR,-0.020810169624525865,0.0
MG_L160_T0_C50,160,0.0,50.0,51,AUR,0.0018615727000035331,1.0
MG_L160_T0_C50,160,0.0,50.0,52,AUR,-0.05969784885837448,0.0
MG_L160_T0_C50,160,0.0,50.0,0,QAUR,0.7048129685169444,1.0
MG_L160_T0_C50,160,0.0,50.0,1,QAUR,0.33694057468217986,1.0
MG_L160_T0_C50,160,0.0,50.0,2,QAUR,0.11546591214383084,1.0
MG_L160_T0_C50,160,0.0,50.0,3,QAUR,-0.16043897892243275,0.0
MG_L160_T0_C50,160,0.0,50.0,4,QAUR,-0.13958821398495003,0.0
MG_L160_T0_C50,160,0.0,50.0,5,QAUR,-0.21424938585199005,0.0
MG_L160_T0_C50,160,0.0,50.0,6,QAUR,-0.22357734222792192,0.0
MG_L160_T0_C50,160,0.0,50.0,7,QAUR,-0.3897446812759764,0.0
MG_L160_T0_C50,160,0.0,50.0,8,QAUR,-0.3915144581904002,0.0
MG_L160_T0_C50,160,0.0,50.0,9,QAUR,-0.27157222179084706,0.0
MG_L160_T0_C50,160,0.0,50.0,10,QAUR,-0.22573398021785485,0.0
MG_L160_T0_C50,160,0.0,50.0,11,QAUR,-0.13640462032219713,0.0
MG_L160_T0_C50,160,0.0,50.0,12,QAUR,-0.25087058647076177,0.0
MG_L160_T0_C50,160,0.0,50.0,13,QAUR,-0.20398491412684217,0.0
MG_L160_T0_C50,160,0.0,50.0,14,QAUR,0.05123348375333636,1.0
MG_L160_T0_C50,160,0.0,50.0,15,QAUR,0.24178744715230294,1.0
MG_L160_T0_C50,160,0.0,50.0,16,QAUR,0.27861653019329724,1.0
MG_L160_T0_C50,160,0.0,50.0,17,QAUR,0.2961298046491745,1.0
MG_L160_T0_C50,160,0.0,50.0,18,QAUR,0.19902988869510563,1.0
MG_L160_T0_C50,160,0.0,50.0,19,QAUR,0.06940427954480555,1.0
MG_L160_T0_C50,160,0.0,50.0,20,QAUR,0.1446852900159945,1.0
MG_L160_T0_C50,160,0.0,50.0,21,QAUR,0.11531410277541165,1.0
MG_L160_T0_C50,160,0.0,50.0,22,QAUR,0.03395351715824457,1.0
MG_L160_T0_C50,160,0.0,50.0,23,QAUR,0.03777347661068142,1.0
MG_L160_T0_C50,160,0.0,50.0,24,QAUR,-0.013513385299481095,0.0
MG_L160_T0_C50,160,0.0,50.0,25,QAUR,-0.06983088429100937,0.0
MG_L160_T0_C50,160,0.0,50.0,26,QAUR,0.08285326404873761,1.0
MG_L160_T0_C50,160,0.0,50.0,27,QAUR,0.1472595463702846,1.0
MG_L160_T0_C50,160,0.0,50.0,28,QAUR,0.028427196584291048,1.0
MG_L160_T0_C50,160,0.0,50.0,29,QAUR,0.014751778552550165,1.0
MG_L160_T0_C50,160,0.0,50.0,30,QAUR,0.034852088500390455,1.0
MG_L160_T0_C50,160,0.0,50.0,31,QAUR,-0.022002582120653646,0.0
MG_L160_T0_C50,160,0.0,50.0,32,QAUR,-0.006767341365584878,0.0
MG_L160_T0_C50,160,0.0,50.0,33,QAUR,0.020398221266418437,1.0
MG_L160_T0_C50,160,0.0,50.0,34,QAUR,-0.032136891240864496,0.0
MG_L160_T0_C50,160,0.0,50.0,35,QAUR,0.039671181471727435,1.0
MG_L160_T0_C50,160,0.0,50.0,36,QAUR,0.11890387488810261,1.0
MG_L160_T0_C50,160,0.0,50.0,37,QAUR,0.013231850980289117,1.0
MG_L160_T0_C50,160,0.0,50.0,38,QAUR,0.0723309991888661,1.0
MG_L160_T0_C50,160,0.0,50.0,39,QAUR,0.09289952230982457,1.0
MG_L160_T0_C50,160,0.0,50.0,40,QAUR,0.17537636420056635,1.0
MG_L160_T0_C50,160,0.0,50.0,41,QAUR,0.2101797527134348,1.0
MG_L160_T0_C50,160,0.0,50.0,42,QAUR,0.19478188268549523,1.0
MG_L160_T0_C50,160,0.0,50.0,43,QAUR,0.12419721365677927,1.0
MG_L160_T0_C50,160,0.0,50.0,44,QAUR,0.23835030810266278,1.0
MG_L160_T0_C50,160,0.0,50.0,45,QAUR,0.19767207690265565,1.0
MG_L160_T0_C50,160,0.0,50.0,46,QAUR,0.1654064409021747,1.0
MG_L160_T0_C50,160,0.0,50.0,47,QAUR,0.16920773690488855,1.0
MG_L160_T0_C50,160,0.0,50.0,48,QAUR,0.01586114045712761,1.0
MG_L160_T0_C50,160,0.0,50.0,49,QAUR,-0.019726144131129497,0.0
MG_L160_T0_C50,160,0.0,50.0,50,QAUR,-0.020810169624525865,0.0
MG_L160_T0_C50,160,0.0,50.0,51,QAUR,0.0018615727000035331,1.0
MG_L160_T0_C50,160,0.0,50.0,52,QAUR,-0.05969784885837448,0.0
MG_L160_T0_C100,160,0.0,100.0,0,AUR,0.7048129685169444,1.0
MG_L160_T0_C100,160,0.0,100.0,1,AUR,0.33694057468217986,1.0
MG_L160_T0_C100,160,0.0,100.0,2,AUR,0.11546591214383084,1.0
MG_L160_T0_C100,160,0.0,100.0,3,AUR,-0.16043897892243275,0.0
MG_L160_T0_C100,160,0.0,100.0,4,AUR,-0.13958821398495003,0.0
MG_L160_T0_C100,160,0.0,100.0,5,AUR,-0.21424938585199005,0.0
MG_L160_T0_C100,160,0.0,100.0,6,AUR,-0.22357734222792192,0.0
MG_L160_T0_C100,160,0.0,100.0,7,AUR,-0.3897446812759764,0.0
MG_L160_T0_C100,160,0.0,100.0,8,AUR,-0.3915144581904002,0.0
MG_L160_T0_C100,160,0.0,100.0,9,AUR,-0.27157222179084706,0.0
MG_L160_T0_C100,160,0.0,100.0,10,AUR,-0.22573398021785485,0.0
MG_L160_T0_C100,160,0.0,100.0,11,AUR,-0.13640462032219713,0.0
MG_L160_T0_C100,160,0.0,100.0,12,AUR,-0.25087058647076177,0.0
MG_L160_T0_C100,160,0.0,100.0,13,AUR,-0.20398491412684217,0.0
MG_L160_T0_C100,160,0.0,100.0,14,AUR,0.05123348375333636,1.0
MG_L160_T0_C100,160,0.0,100.0,15,AUR,0.24178744715230294,1.0
MG_L160_T0_C100,160,0.0,100.0,16,AUR,0.27861653019329724,1.0
MG_L160_T0_C100,160,0.0,100.0,17,AUR,0.2961298046491745,1.0
MG_L160_T0_C100,160,0.0,100.0,18,AUR,0.19902988869510563,1.0
MG_L160_T0_C100,160,0.0,100.0,19,AUR,0.06940427954480555,1.0
MG_L160_T0_C100,160,0.0,100.0,20,AUR,0.1446852900159945,1.0
MG_L160_T0_C100,160,0.0,100.0,21,AUR,0.11531410277541165,1.0
MG_L160_T0_C100,160,0.0,100.0,22,AUR,0.03395351715824457,1.0
MG_L160_T0_C100,160,0.0,100.0,23,AUR,0.03777347661068142,1.0
MG_L160_T0_C100,160,0.0,100.0,24,AUR,-0.013513385299481095,0.0
MG_L160_T0_C100,160,0.0,100.0,25,AUR,-0.06983088429100937,0.0
MG_L160_T0_C100,160,0.0,100.0,26,AUR,0.08285326404873761,1.0
MG_L160_T0_C100,160,0.0,100.0,27,AUR,0.1472595463702846,1.0
MG_L160_T0_C100,160,0.0,100.0,28,AUR,0.028427196584291048,1.0
MG_L160_T0_C100,160,0.0,100.0,29,AUR,0.014751778552550165,1.0
MG_L160_T0_C100,160,0.0,100.0,30,AUR,0.034852088500390455,1.0
MG_L160_T0_C100,160,0.0,100.0,31,AUR,-0.022002582120653646,0.0
MG_L160_T0_C100,160,0.0,100.0,32,AUR,-0.006767341365584878,0.0
MG_L160_T0_C100,160,0.0,100.0,33,AUR,0.020398221266418437,1.0
MG_L160_T0_C100,160,0.0,100.0,34,AUR,-0.032136891240864496,0.0
MG_L160_T0_C100,160,0.0,100.0,35,AUR,0.039671181471727435,1.0
MG_L160_T0_C100,160,0.0,100.0,36,AUR,0.11890387488810261,1.0
MG_L160_T0_C100,160,0.0,100.0,37,AUR,0.013231850980289117,1.0
MG_L160_T0_C100,160,0.0,100.0,38,AUR,0.0723309991888661,1.0
MG_L160_T0_C100,160,0.0,100.0,39,AUR,0.09289952230982457,1.0
MG_L160_T0_C100,160,0.0,100.0,40,AUR,0.17537636420056635,1.0
MG_L160_T0_C100,160,0.0,100.0,41,AUR,0.2101797527134348,1.0
MG_L160_T0_C100,160,0.0,100.0,42,AUR,0.19478188268549523,1.0
MG_L160_T0_C100,160,0.0,100.0,43,AUR,0.12419721365677927,1.0
MG_L160_T0_C100,160,0.0,100.0,44,AUR,0.23835030810266278,1.0
MG_L160_T0_C100,160,0.0,100.0,45,AUR,0.19767207690265565,1.0
MG_L160_T0_C100,160,0.0,100.0,46,AUR,0.1654064409021747,1.0
MG_L160_T0_C100,160,0.0,100.0,47,AUR,0.16920773690488855,1.0
MG_L160_T0_C100,160,0.0,100.0,48,AUR,0.01586114045712761,1.0
MG_L160_T0_C100,160,0.0,100.0,49,AUR,-0.019726144131129497,0.0
MG_L160_T0_C100,160,0.0,100.0,50,AUR,-0.020810169624525865,0.0
MG_L160_T0_C100,160,0.0,100.0,51,AUR,0.0018615727000035331,1.0
MG_L160_T0_C100,160,0.0,100.0,52,AUR,-0.05969784885837448,0.0
MG_L160_T0_C100,160,0.0,100.0,0,QAUR,0.7048129685169444,1.0
MG_L160_T0_C100,160,0.0,100.0,1,QAUR,0.33694057468217986,1.0
MG_L160_T0_C100,160,0.0,100.0,2,QAUR,0.11546591214383084,1.0
MG_L160_T0_C100,160,0.0,100.0,3,QAUR,-0.16043897892243275,0.0
MG_L160_T0_C100,160,0.0,100.0,4,QAUR,-0.13958821398495003,0.0
MG_L160_T0_C100,160,0.0,100.0,5,QAUR,-0.21424938585199005,0.0
MG_L160_T0_C100,160,0.0,100.0,6,QAUR,-0.22357734222792192,0.0
MG_L160_T0_C100,160,0.0,100.0,7,QAUR,-0.3897446812759764,0.0
MG_L160_T0_C100,160,0.0,100.0,8,QAUR,-0.3915144581904002,0.0
MG_L160_T0_C100,160,0.0,100.0,9,QAUR,-0.27157222179084706,0.0
MG_L160_T0_C100,160,0.0,100.0,10,QAUR,-0.22573398021785485,0.0
MG_L160_T0_C100,160,0.0,100.0,11,QAUR,-0.13640462032219713,0.0
MG_L160_T0_C100,160,0.0,100.0,12,QAUR,-0.25087058647076177,0.0
MG_L160_T0_C100,160,0.0,100.0,13,QAUR,-0.20398491412684217,0.0
MG_L160_T0_C100,160,0.0,100.0,14,QAUR,0.05123348375333636,1.0
MG_L160_T0_C100,160,0.0,100.0,15,QAUR,0.24178744715230294,1.0
MG_L160_T0_C100,160,0.0,100.0,16,QAUR,0.27861653019329724,1.0
MG_L160_T0_C100,160,0.0,100.0,17,QAUR,0.2961298046491745,1.0
MG_L160_T0_C100,160,0.0,100.0,18,QAUR,0.19902988869510563,1.0
MG_L160_T0_C100,160,0.0,100.0,19,QAUR,0.06940427954480555,1.0
MG_L160_T0_C100,160,0.0,100.0,20,QAUR,0.1446852900159945,1.0
MG_L160_T0_C100,160,0.0,100.0,21,QAUR,0.11531410277541165,1.0
MG_L160_T0_C100,160,0.0,100.0,22,QAUR,0.03395351715824457,1.0
MG_L160_T0_C100,160,0.0,100.0,23,QAUR,0.03777347661068142,1.0
MG_L160_T0_C100,160,0.0,100.0,24,QAUR,-0.013513385299481095,0.0
MG_L160_T0_C100,160,0.0,100.0,25,QAUR,-0.06983088429100937,0.0
MG_L160_T0_C100,160,0.0,100.0,26,QAUR,0.08285326404873761,1.0
MG_L160_T0_C100,160,0.0,100.0,27,QAUR,0.1472595463702846,1.0
MG_L160_T0_C100,160,0.0,100.0,28,QAUR,0.028427196584291048,1.0
MG_L160_T0_C100,160,0.0,100.0,29,QAUR,0.014751778552550165,1.0
MG_L160_T0_C100,160,0.0,100.0,30,QAUR,0.034852088500390455,1.0
MG_L160_T0_C100,160,0.0,100.0,31,QAUR,-0.022002582120653646,0.0
MG_L160_T0_C100,160,0.0,100.0,32,QAUR,-0.006767341365584878,0.0
MG_L160_T0_C100,160,0.0,100.0,33,QAUR,0.020398221266418437,1.0
MG_L160_T0_C100,160,0.0,100.0,34,QAUR,-0.032136891240864496,0.0
MG_L160_T0_C100,160,0.0,100.0,35,QAUR,0.039671181471727435,1.0
MG_L160_T0_C100,160,0.0,100.0,36,QAUR,0.11890387488810261,1.0
MG_L160_T0_C100,160,0.0,100.0,37,QAUR,0.013231850980289117,1.0
MG_L160_T0_C100,160,0.0,100.0,38,QAUR,0.0723309991888661,1.0
MG_L160_T0_C100,160,0.0,100.0,39,QAUR,0.09289952230982457,1.0
MG_L160_T0_C100,160,0.0,100.0,40,QAUR,0.17537636420056635,1.0
MG_L160_T0_C100,160,0.0,100.0,41,QAUR,0.2101797527134348,1.0
MG_L160_T0_C100,160,0.0,100.0,42,QAUR,0.19478188268549523,1.0
MG_L160_T0_C100,160,0.0,100.0,43,QAUR,0.12419721365677927,1.0
MG_L160_T0_C100,160,0.0,100.0,44,QAUR,0.23835030810266278,1.0
MG_L160_T0_C100,160,0.0,100.0,45,QAUR,0.19767207690265565,1.0
MG_L160_T0_C100,160,0.0,100.0,46,QAUR,0.1654064409021747,1.0
MG_L160_T0_C100,160,0.0,100.0,47,QAUR,0.16920773690488855,1.0
MG_L160_T0_C100,160,0.0,100.0,48,QAUR,0.01586114045712761,1.0
MG_L160_T0_C100,160,0.0,100.0,49,QAUR,-0.019726144131129497,0.0
MG_L160_T0_C100,160,0.0,100.0,50,QAUR,-0.020810169624525865,0.0
MG_L160_T0_C100,160,0.0,100.0,51,QAUR,0.0018615727000035331,1.0
MG_L160_T0_C100,160,0.0,100.0,52,QAUR,-0.05969784885837448,0.0
MG_L160_T2_C0,160,0.02,0.0,0,AUR,0.7048129685169444,1.0
MG_L160_T2_C0,160,0.02,0.0,1,AUR,0.33694057468217986,1.0
MG_L160_T2_C0,160,0.02,0.0,2,AUR,0.11546591214383084,1.0
MG_L160_T2_C0,160,0.02,0.0,3,AUR,-0.16043897892243275,0.0
MG_L160_T2_C0,160,0.02,0.0,4,AUR,-0.13958821398495003,0.0
MG_L160_T2_C0,160,0.02,0.0,5,AUR,-0.21424938585199005,0.0
MG_L160_T2_C0,160,0.02,0.0,6,AUR,-0.22357734222792192,0.0
MG_L160_T2_C0,160,0.02,0.0,7,AUR,-0.3897446812759764,0.0
MG_L160_T2_C0,160,0.02,0.0,8,AUR,-0.3915144581904002,0.0
MG_L160_T2_C0,160,0.02,0.0,9,AUR,-0.27157222179084706,0.0
MG_L160_T2_C0,160,0.02,0.0,10,AUR,-0.22573398021785485,0.0
MG_L160_T2_C0,160,0.02,0.0,11,AUR,-0.13640462032219713,0.0
MG_L160_T2_C0,160,0.02,0.0,12,AUR,-0.25087058647076177,0.0
MG_L160_T2_C0,160,0.02,0.0,13,AUR,-0.20398491412684217,0.0
MG_L160_T2_C0,160,0.02,0.0,14,AUR,0.05123348375333636,1.0
MG_L160_T2_C0,160,0.02,0.0,15,AUR,0.24178744715230294,1.0
MG_L160_T2_C0,160,0.02,0.0,16,AUR,0.27861653019329724,1.0
MG_L160_T2_C0,160,0.02,0.0,17,AUR,0.2961298046491745,1.0
MG_L160_T2_C0,160,0.02,0.0,18,AUR,0.19902988869510563,1.0
MG_L160_T2_C0,160,0.02,0.0,19,AUR,0.06940427954480555,1.0
MG_L160_T2_C0,160,0.02,0.0,20,AUR,0.1446852900159945,1.0
MG_L160_T2_C0,160,0.02,0.0,21,AUR,0.11531410277541165,1.0
MG_L160_T2_C0,160,0.02,0.0,22,AUR,0.03395351715824457,1.0
MG_L160_T2_C0,160,0.02,0.0,23,AUR,0.03777347661068142,1.0
MG_L160_T2_C0,160,0.02,0.0,24,AUR,-0.013513385299481095,0.0
MG_L160_T2_C0,160,0.02,0.0,25,AUR,-0.06983088429100937,0.0
MG_L160_T2_C0,160,0.02,0.0,26,AUR,0.08285326404873761,1.0
MG_L160_T2_C0,160,0.02,0.0,27,AUR,0.1472595463702846,1.0
MG_L160_T2_C0,160,0.02,0.0,28,AUR,0.028427196584291048,1.0
MG_L160_T2_C0,160,0.02,0.0,29,AUR,0.014751778552550165,0.0
MG_L160_T2_C0,160,0.02,0.0,30,AUR,0.034852088500390455,1.0
MG_L160_T2_C0,160,0.02,0.0,31,AUR,-0.022002582120653646,0.0
MG_L160_T2_C0,160,0.02,0.0,32,AUR,-0.006767341365584878,0.0
MG_L160_T2_C0,160,0.02,0.0,33,AUR,0.020398221266418437,1.0
MG_L160_T2_C0,160,0.02,0.0,34,AUR,-0.032136891240864496,0.0
MG_L160_T2_C0,160,0.02,0.0,35,AUR,0.039671181471727435,1.0
MG_L160_T2_C0,160,0.02,0.0,36,AUR,0.11890387488810261,1.0
MG_L160_T2_C0,160,0.02,0.0,37,AUR,0.013231850980289117,0.0
MG_L160_T2_C0,160,0.02,0.0,38,AUR,0.0723309991888661,1.0
MG_L160_T2_C0,160,0.02,0.0,39,AUR,0.09289952230982457,1.0
MG_L160_T2_C0,160,0.02,0.0,40,AUR,0.17537636420056635,1.0
MG_L160_T2_C0,160,0.02,0.0,41,AUR,0.2101797527134348,1.0
MG_L160_T2_C0,160,0.02,0.0,42,AUR,0.19478188268549523,1.0
MG_L160_T2_C0,160,0.02,0.0,43,AUR,0.12419721365677927,1.0
MG_L160_T2_C0,160,0.02,0.0,44,AUR,0.23835030810266278,1.0
MG_L160_T2_C0,160,0.02,0.0,45,AUR,0.19767207690265565,1.0
MG_L160_T2_C0,160,0.02,0.0,46,AUR,0.1654064409021747,1.0
MG_L160_T2_C0,160,0.02,0.0,47,AUR,0.16920773690488855,1.0
MG_L160_T2_C0,160,0.02,0.0,48,AUR,0.01586114045712761,0.0
MG_L160_T2_C0,160,0.02,0.0,49,AUR,-0.019726144131129497,0.0
MG_L160_T2_C0,160,0.02,0.0,50,AUR,-0.020810169624525865,0.0
MG_L160_T2_C0,160,0.02,0.0,51,AUR,0.0018615727000035331,0.0
MG_L160_T2_C0,160,0.02,0.0,52,AUR,-0.05969784885837448,0.0
MG_L160_T2_C0,160,0.02,0.0,0,QAUR,0.7048129685169444,1.0
MG_L160_T2_C0,160,0.02,0.0,1,QAUR,0.33694057468217986,1.0
MG_L160_T2_C0,160,0.02,0.0,2,QAUR,0.11546591214383084,1.0
MG_L160_T2_C0,160,0.02,0.0,3,QAUR,-0.16043897892243275,0.0
MG_L160_T2_C0,160,0.02,0.0,4,QAUR,-0.13958821398495003,0.0
MG_L160_T2_C0,160,0.02,0.0,5,QAUR,-0.21424938585199005,0.0
MG_L160_T2_C0,160,0.02,0.0,6,QAUR,-0.22357734222792192,0.0
MG_L160_T2_C0,160,0.02,0.0,7,QAUR,-0.3897446812759764,0.0
MG_L160_T2_C0,160,0.02,0.0,8,QAUR,-0.3915144581904002,0.0
MG_L160_T2_C0,160,0.02,0.0,9,QAUR,-0.27157222179084706,0.0
MG_L160_T2_C0,160,0.02,0.0,10,QAUR,-0.22573398021785485,0.0
MG_L160_T2_C0,160,0.02,0.0,11,QAUR,-0.13640462032219713,0.0
MG_L160_T2_C0,160,0.02,0.0,12,QAUR,-0.25087058647076177,0.0
MG_L160_T2_C0,160,0.02,0.0,13,QAUR,-0.20398491412684217,0.0
MG_L160_T2_C0,160,0.02,0.0,14,QAUR,0.05123348375333636,1.0
MG_L160_T2_C0,160,0.02,0.0,15,QAUR,0.24178744715230294,1.0
MG_L160_T2_C0,160,0.02,0.0,16,QAUR,0.27861653019329724,1.0
MG_L160_T2_C0,160,0.02,0.0,17,QAUR,0.2961298046491745,1.0
MG_L160_T2_C0,160,0.02,0.0,18,QAUR,0.19902988869510563,1.0
MG_L160_T2_C0,160,0.02,0.0,19,QAUR,0.06940427954480555,1.0
MG_L160_T2_C0,160,0.02,0.0,20,QAUR,0.1446852900159945,1.0
MG_L160_T2_C0,160,0.02,0.0,21,QAUR,0.11531410277541165,1.0
MG_L160_T2_C0,160,0.02,0.0,22,QAUR,0.03395351715824457,1.0
MG_L160_T2_C0,160,0.02,0.0,23,QAUR,0.03777347661068142,1.0
MG_L160_T2_C0,160,0.02,0.0,24,QAUR,-0.013513385299481095,0.0
MG_L160_T2_C0,160,0.02,0.0,25,QAUR,-0.06983088429100937,0.0
MG_L160_T2_C0,160,0.02,0.0,26,QAUR,0.08285326404873761,1.0
MG_L160_T2_C0,160,0.02,0.0,27,QAUR,0.1472595463702846,1.0
MG_L160_T2_C0,160,0.02,0.0,28,QAUR,0.028427196584291048,1.0
MG_L160_T2_C0,160,0.02,0.0,29,QAUR,0.014751778552550165,0.0
MG_L160_T2_C0,160,0.02,0.0,30,QAUR,0.034852088500390455,1.0
MG_L160_T2_C0,160,0.02,0.0,31,QAUR,-0.022002582120653646,0.0
MG_L160_T2_C0,160,0.02,0.0,32,QAUR,-0.006767341365584878,0.0
MG_L160_T2_C0,160,0.02,0.0,33,QAUR,0.020398221266418437,1.0
MG_L160_T2_C0,160,0.02,0.0,34,QAUR,-0.032136891240864496,0.0
MG_L160_T2_C0,160,0.02,0.0,35,QAUR,0.039671181471727435,1.0
MG_L160_T2_C0,160,0.02,0.0,36,QAUR,0.11890387488810261,1.0
MG_L160_T2_C0,160,0.02,0.0,37,QAUR,0.013231850980289117,0.0
MG_L160_T2_C0,160,0.02,0.0,38,QAUR,0.0723309991888661,1.0
MG_L160_T2_C0,160,0.02,0.0,39,QAUR,0.09289952230982457,1.0
MG_L160_T2_C0,160,0.02,0.0,40,QAUR,0.17537636420056635,1.0
MG_L160_T2_C0,160,0.02,0.0,41,QAUR,0.2101797527134348,1.0
MG_L160_T2_C0,160,0.02,0.0,42,QAUR,0.19478188268549523,1.0
MG_L160_T2_C0,160,0.02,0.0,43,QAUR,0.12419721365677927,1.0
MG_L160_T2_C0,160,0.02,0.0,44,QAUR,0.23835030810266278,1.0
MG_L160_T2_C0,160,0.02,0.0,45,QAUR,0.19767207690265565,1.0
MG_L160_T2_C0,160,0.02,0.0,46,QAUR,0.1654064409021747,1.0
MG_L160_T2_C0,160,0.02,0.0,47,QAUR,0.16920773690488855,1.0
MG_L160_T2_C0,160,0.02,0.0,48,QAUR,0.01586114045712761,0.0
MG_L160_T2_C0,160,0.02,0.0,49,QAUR,-0.019726144131129497,0.0
MG_L160_T2_C0,160,0.02,0.0,50,QAUR,-0.020810169624525865,0.0
MG_L160_T2_C0,160,0.02,0.0,51,QAUR,0.0018615727000035331,0.0
MG_L160_T2_C0,160,0.02,0.0,52,QAUR,-0.05969784885837448,0.0
MG_L160_T2_C25,160,0.02,25.0,0,AUR,0.7048129685169444,1.0
MG_L160_T2_C25,160,0.02,25.0,1,AUR,0.33694057468217986,1.0
MG_L160_T2_C25,160,0.02,25.0,2,AUR,0.11546591214383084,1.0
MG_L160_T2_C25,160,0.02,25.0,3,AUR,-0.16043897892243275,0.0
MG_L160_T2_C25,160,0.02,25.0,4,AUR,-0.13958821398495003,0.0
MG_L160_T2_C25,160,0.02,25.0,5,AUR,-0.21424938585199005,0.0
MG_L160_T2_C25,160,0.02,25.0,6,AUR,-0.22357734222792192,0.0
MG_L160_T2_C25,160,0.02,25.0,7,AUR,-0.3897446812759764,0.0
MG_L160_T2_C25,160,0.02,25.0,8,AUR,-0.3915144581904002,0.0
MG_L160_T2_C25,160,0.02,25.0,9,AUR,-0.27157222179084706,0.0
MG_L160_T2_C25,160,0.02,25.0,10,AUR,-0.22573398021785485,0.0
MG_L160_T2_C25,160,0.02,25.0,11,AUR,-0.13640462032219713,0.0
MG_L160_T2_C25,160,0.02,25.0,12,AUR,-0.25087058647076177,0.0
MG_L160_T2_C25,160,0.02,25.0,13,AUR,-0.20398491412684217,0.0
MG_L160_T2_C25,160,0.02,25.0,14,AUR,0.05123348375333636,1.0
MG_L160_T2_C25,160,0.02,25.0,15,AUR,0.24178744715230294,1.0
MG_L160_T2_C25,160,0.02,25.0,16,AUR,0.27861653019329724,1.0
MG_L160_T2_C25,160,0.02,25.0,17,AUR,0.2961298046491745,1.0
MG_L160_T2_C25,160,0.02,25.0,18,AUR,0.19902988869510563,1.0
MG_L160_T2_C25,160,0.02,25.0,19,AUR,0.06940427954480555,1.0
MG_L160_T2_C25,160,0.02,25.0,20,AUR,0.1446852900159945,1.0
MG_L160_T2_C25,160,0.02,25.0,21,AUR,0.11531410277541165,1.0
MG_L160_T2_C25,160,0.02,25.0,22,AUR,0.03395351715824457,1.0
MG_L160_T2_C25,160,0.02,25.0,23,AUR,0.03777347661068142,1.0
MG_L160_T2_C25,160,0.02,25.0,24,AUR,-0.013513385299481095,0.0
MG_L160_T2_C25,160,0.02,25.0,25,AUR,-0.06983088429100937,0.0
MG_L160_T2_C25,160,0.02,25.0,26,AUR,0.08285326404873761,1.0
MG_L160_T2_C25,160,0.02,25.0,27,AUR,0.1472595463702846,1.0
MG_L160_T2_C25,160,0.02,25.0,28,AUR,0.028427196584291048,1.0
MG_L160_T2_C25,160,0.02,25.0,29,AUR,0.014751778552550165,0.0
MG_L160_T2_C25,160,0.02,25.0,30,AUR,0.034852088500390455,1.0
MG_L160_T2_C25,160,0.02,25.0,31,AUR,-0.022002582120653646,0.0
MG_L160_T2_C25,160,0.02,25.0,32,AUR,-0.006767341365584878,0.0
MG_L160_T2_C25,160,0.02,25.0,33,AUR,0.020398221266418437,1.0
MG_L160_T2_C25,160,0.02,25.0,34,AUR,-0.032136891240864496,0.0
MG_L160_T2_C25,160,0.02,25.0,35,AUR,0.039671181471727435,1.0
MG_L160_T2_C25,160,0.02,25.0,36,AUR,0.11890387488810261,1.0
MG_L160_T2_C25,160,0.02,25.0,37,AUR,0.013231850980289117,0.0
MG_L160_T2_C25,160,0.02,25.0,38,AUR,0.0723309991888661,1.0
MG_L160_T2_C25,160,0.02,25.0,39,AUR,0.09289952230982457,1.0
MG_L160_T2_C25,160,0.02,25.0,40,AUR,0.17537636420056635,1.0
MG_L160_T2_C25,160,0.02,25.0,41,AUR,0.2101797527134348,1.0
MG_L160_T2_C25,160,0.02,25.0,42,AUR,0.19478188268549523,1.0
MG_L160_T2_C25,160,0.02,25.0,43,AUR,0.12419721365677927,1.0
MG_L160_T2_C25,160,0.02,25.0,44,AUR,0.23835030810266278,1.0
MG_L160_T2_C25,160,0.02,25.0,45,AUR,0.19767207690265565,1.0
MG_L160_T2_C25,160,0.02,25.0,46,AUR,0.1654064409021747,1.0
MG_L160_T2_C25,160,0.02,25.0,47,AUR,0.16920773690488855,1.0
MG_L160_T2_C25,160,0.02,25.0,48,AUR,0.01586114045712761,0.0
MG_L160_T2_C25,160,0.02,25.0,49,AUR,-0.019726144131129497,0.0
MG_L160_T2_C25,160,0.02,25.0,50,AUR,-0.020810169624525865,0.0
MG_L160_T2_C25,160,0.02,25.0,51,AUR,0.0018615727000035331,0.0
MG_L160_T2_C25,160,0.02,25.0,52,AUR,-0.05969784885837448,0.0
MG_L160_T2_C25,160,0.02,25.0,0,QAUR,0.7048129685169444,1.0
MG_L160_T2_C25,160,0.02,25.0,1,QAUR,0.33694057468217986,1.0
MG_L160_T2_C25,160,0.02,25.0,2,QAUR,0.11546591214383084,1.0
MG_L160_T2_C25,160,0.02,25.0,3,QAUR,-0.16043897892243275,0.0
MG_L160_T2_C25,160,0.02,25.0,4,QAUR,-0.13958821398495003,0.0
MG_L160_T2_C25,160,0.02,25.0,5,QAUR,-0.21424938585199005,0.0
MG_L160_T2_C25,160,0.02,25.0,6,QAUR,-0.22357734222792192,0.0
MG_L160_T2_C25,160,0.02,25.0,7,QAUR,-0.3897446812759764,0.0
MG_L160_T2_C25,160,0.02,25.0,8,QAUR,-0.3915144581904002,0.0
MG_L160_T2_C25,160,0.02,25.0,9,QAUR,-0.27157222179084706,0.0
MG_L160_T2_C25,160,0.02,25.0,10,QAUR,-0.22573398021785485,0.0
MG_L160_T2_C25,160,0.02,25.0,11,QAUR,-0.13640462032219713,0.0
MG_L160_T2_C25,160,0.02,25.0,12,QAUR,-0.25087058647076177,0.0
MG_L160_T2_C25,160,0.02,25.0,13,QAUR,-0.20398491412684217,0.0
MG_L160_T2_C25,160,0.02,25.0,14,QAUR,0.05123348375333636,1.0
MG_L160_T2_C25,160,0.02,25.0,15,QAUR,0.24178744715230294,1.0
MG_L160_T2_C25,160,0.02,25.0,16,QAUR,0.27861653019329724,1.0
MG_L160_T2_C25,160,0.02,25.0,17,QAUR,0.2961298046491745,1.0
MG_L160_T2_C25,160,0.02,25.0,18,QAUR,0.19902988869510563,1.0
MG_L160_T2_C25,160,0.02,25.0,19,QAUR,0.06940427954480555,1.0
MG_L160_T2_C25,160,0.02,25.0,20,QAUR,0.1446852900159945,1.0
MG_L160_T2_C25,160,0.02,25.0,21,QAUR,0.11531410277541165,1.0
MG_L160_T2_C25,160,0.02,25.0,22,QAUR,0.03395351715824457,1.0
MG_L160_T2_C25,160,0.02,25.0,23,QAUR,0.03777347661068142,1.0
MG_L160_T2_C25,160,0.02,25.0,24,QAUR,-0.013513385299481095,0.0
MG_L160_T2_C25,160,0.02,25.0,25,QAUR,-0.06983088429100937,0.0
MG_L160_T2_C25,160,0.02,25.0,26,QAUR,0.08285326404873761,1.0
MG_L160_T2_C25,160,0.02,25.0,27,QAUR,0.1472595463702846,1.0
MG_L160_T2_C25,160,0.02,25.0,28,QAUR,0.028427196584291048,1.0
MG_L160_T2_C25,160,0.02,25.0,29,QAUR,0.014751778552550165,0.0
MG_L160_T2_C25,160,0.02,25.0,30,QAUR,0.034852088500390455,1.0
MG_L160_T2_C25,160,0.02,25.0,31,QAUR,-0.022002582120653646,0.0
MG_L160_T2_C25,160,0.02,25.0,32,QAUR,-0.006767341365584878,0.0
MG_L160_T2_C25,160,0.02,25.0,33,QAUR,0.020398221266418437,1.0
MG_L160_T2_C25,160,0.02,25.0,34,QAUR,-0.032136891240864496,0.0
MG_L160_T2_C25,160,0.02,25.0,35,QAUR,0.039671181471727435,1.0
MG_L160_T2_C25,160,0.02,25.0,36,QAUR,0.11890387488810261,1.0
MG_L160_T2_C25,160,0.02,25.0,37,QAUR,0.013231850980289117,0.0
MG_L160_T2_C25,160,0.02,25.0,38,QAUR,0.0723309991888661,1.0
MG_L160_T2_C25,160,0.02,25.0,39,QAUR,0.09289952230982457,1.0
MG_L160_T2_C25,160,0.02,25.0,40,QAUR,0.17537636420056635,1.0
MG_L160_T2_C25,160,0.02,25.0,41,QAUR,0.2101797527134348,1.0
MG_L160_T2_C25,160,0.02,25.0,42,QAUR,0.19478188268549523,1.0
MG_L160_T2_C25,160,0.02,25.0,43,QAUR,0.12419721365677927,1.0
MG_L160_T2_C25,160,0.02,25.0,44,QAUR,0.23835030810266278,1.0
MG_L160_T2_C25,160,0.02,25.0,45,QAUR,0.19767207690265565,1.0
MG_L160_T2_C25,160,0.02,25.0,46,QAUR,0.1654064409021747,1.0
MG_L160_T2_C25,160,0.02,25.0,47,QAUR,0.16920773690488855,1.0
MG_L160_T2_C25,160,0.02,25.0,48,QAUR,0.01586114045712761,0.0
MG_L160_T2_C25,160,0.02,25.0,49,QAUR,-0.019726144131129497,0.0
MG_L160_T2_C25,160,0.02,25.0,50,QAUR,-0.020810169624525865,0.0
MG_L160_T2_C25,160,0.02,25.0,51,QAUR,0.0018615727000035331,0.0
MG_L160_T2_C25,160,0.02,25.0,52,QAUR,-0.05969784885837448,0.0
MG_L160_T2_C50,160,0.02,50.0,0,AUR,0.7048129685169444,1.0
MG_L160_T2_C50,160,0.02,50.0,1,AUR,0.33694057468217986,1.0
MG_L160_T2_C50,160,0.02,50.0,2,AUR,0.11546591214383084,1.0
MG_L160_T2_C50,160,0.02,50.0,3,AUR,-0.16043897892243275,0.0
MG_L160_T2_C50,160,0.02,50.0,4,AUR,-0.13958821398495003,0.0
MG_L160_T2_C50,160,0.02,50.0,5,AUR,-0.21424938585199005,0.0
MG_L160_T2_C50,160,0.02,50.0,6,AUR,-0.22357734222792192,0.0
MG_L160_T2_C50,160,0.02,50.0,7,AUR,-0.3897446812759764,0.0
MG_L160_T2_C50,160,0.02,50.0,8,AUR,-0.3915144581904002,0.0
MG_L160_T2_C50,160,0.02,50.0,9,AUR,-0.27157222179084706,0.0
MG_L160_T2_C50,160,0.02,50.0,10,AUR,-0.22573398021785485,0.0
MG_L160_T2_C50,160,0.02,50.0,11,AUR,-0.13640462032219713,0.0
MG_L160_T2_C50,160,0.02,50.0,12,AUR,-0.25087058647076177,0.0
MG_L160_T2_C50,160,0.02,50.0,13,AUR,-0.20398491412684217,0.0
MG_L160_T2_C50,160,0.02,50.0,14,AUR,0.05123348375333636,1.0
MG_L160_T2_C50,160,0.02,50.0,15,AUR,0.24178744715230294,1.0
MG_L160_T2_C50,160,0.02,50.0,16,AUR,0.27861653019329724,1.0
MG_L160_T2_C50,160,0.02,50.0,17,AUR,0.2961298046491745,1.0
MG_L160_T2_C50,160,0.02,50.0,18,AUR,0.19902988869510563,1.0
MG_L160_T2_C50,160,0.02,50.0,19,AUR,0.06940427954480555,1.0
MG_L160_T2_C50,160,0.02,50.0,20,AUR,0.1446852900159945,1.0
MG_L160_T2_C50,160,0.02,50.0,21,AUR,0.11531410277541165,1.0
MG_L160_T2_C50,160,0.02,50.0,22,AUR,0.03395351715824457,1.0
MG_L160_T2_C50,160,0.02,50.0,23,AUR,0.03777347661068142,1.0
MG_L160_T2_C50,160,0.02,50.0,24,AUR,-0.013513385299481095,0.0
MG_L160_T2_C50,160,0.02,50.0,25,AUR,-0.06983088429100937,0.0
MG_L160_T2_C50,160,0.02,50.0,26,AUR,0.08285326404873761,1.0
MG_L160_T2_C50,160,0.02,50.0,27,AUR,0.1472595463702846,1.0
MG_L160_T2_C50,160,0.02,50.0,28,AUR,0.028427196584291048,1.0
MG_L160_T2_C50,160,0.02,50.0,29,AUR,0.014751778552550165,0.0
MG_L160_T2_C50,160,0.02,50.0,30,AUR,0.034852088500390455,1.0
MG_L160_T2_C50,160,0.02,50.0,31,AUR,-0.022002582120653646,0.0
MG_L160_T2_C50,160,0.02,50.0,32,AUR,-0.006767341365584878,0.0
MG_L160_T2_C50,160,0.02,50.0,33,AUR,0.020398221266418437,1.0
MG_L160_T2_C50,160,0.02,50.0,34,AUR,-0.032136891240864496,0.0
MG_L160_T2_C50,160,0.02,50.0,35,AUR,0.039671181471727435,1.0
MG_L160_T2_C50,160,0.02,50.0,36,AUR,0.11890387488810261,1.0
MG_L160_T2_C50,160,0.02,50.0,37,AUR,0.013231850980289117,0.0
MG_L160_T2_C50,160,0.02,50.0,38,AUR,0.0723309991888661,1.0
MG_L160_T2_C50,160,0.02,50.0,39,AUR,0.09289952230982457,1.0
MG_L160_T2_C50,160,0.02,50.0,40,AUR,0.17537636420056635,1.0
MG_L160_T2_C50,160,0.02,50.0,41,AUR,0.2101797527134348,1.0
MG_L160_T2_C50,160,0.02,50.0,42,AUR,0.19478188268549523,1.0
MG_L160_T2_C50,160,0.02,50.0,43,AUR,0.12419721365677927,1.0
MG_L160_T2_C50,160,0.02,50.0,44,AUR,0.23835030810266278,1.0
MG_L160_T2_C50,160,0.02,50.0,45,AUR,0.19767207690265565,1.0
MG_L160_T2_C50,160,0.02,50.0,46,AUR,0.1654064409021747,1.0
MG_L160_T2_C50,160,0.02,50.0,47,AUR,0.16920773690488855,1.0
MG_L160_T2_C50,160,0.02,50.0,48,AUR,0.01586114045712761,0.0
MG_L160_T2_C50,160,0.02,50.0,49,AUR,-0.019726144131129497,0.0
MG_L160_T2_C50,160,0.02,50.0,50,AUR,-0.020810169624525865,0.0
MG_L160_T2_C50,160,0.02,50.0,51,AUR,0.0018615727000035331,0.0
MG_L160_T2_C50,160,0.02,50.0,52,AUR,-0.05969784885837448,0.0
MG_L160_T2_C50,160,0.02,50.0,0,QAUR,0.7048129685169444,1.0
MG_L160_T2_C50,160,0.02,50.0,1,QAUR,0.33694057468217986,1.0
MG_L160_T2_C50,160,0.02,50.0,2,QAUR,0.11546591214383084,1.0
MG_L160_T2_C50,160,0.02,50.0,3,QAUR,-0.16043897892243275,0.0
MG_L160_T2_C50,160,0.02,50.0,4,QAUR,-0.13958821398495003,0.0
MG_L160_T2_C50,160,0.02,50.0,5,QAUR,-0.21424938585199005,0.0
MG_L160_T2_C50,160,0.02,50.0,6,QAUR,-0.22357734222792192,0.0
MG_L160_T2_C50,160,0.02,50.0,7,QAUR,-0.3897446812759764,0.0
MG_L160_T2_C50,160,0.02,50.0,8,QAUR,-0.3915144581904002,0.0
MG_L160_T2_C50,160,0.02,50.0,9,QAUR,-0.27157222179084706,0.0
MG_L160_T2_C50,160,0.02,50.0,10,QAUR,-0.22573398021785485,0.0
MG_L160_T2_C50,160,0.02,50.0,11,QAUR,-0.13640462032219713,0.0
MG_L160_T2_C50,160,0.02,50.0,12,QAUR,-0.25087058647076177,0.0
MG_L160_T2_C50,160,0.02,50.0,13,QAUR,-0.20398491412684217,0.0
MG_L160_T2_C50,160,0.02,50.0,14,QAUR,0.05123348375333636,1.0
MG_L160_T2_C50,160,0.02,50.0,15,QAUR,0.24178744715230294,1.0
MG_L160_T2_C50,160,0.02,50.0,16,QAUR,0.27861653019329724,1.0
MG_L160_T2_C50,160,0.02,50.0,17,QAUR,0.2961298046491745,1.0
MG_L160_T2_C50,160,0.02,50.0,18,QAUR,0.19902988869510563,1.0
MG_L160_T2_C50,160,0.02,50.0,19,QAUR,0.06940427954480555,1.0
MG_L160_T2_C50,160,0.02,50.0,20,QAUR,0.1446852900159945,1.0
MG_L160_T2_C50,160,0.02,50.0,21,QAUR,0.11531410277541165,1.0
MG_L160_T2_C50,160,0.02,50.0,22,QAUR,0.03395351715824457,1.0
MG_L160_T2_C50,160,0.02,50.0,23,QAUR,0.03777347661068142,1.0
MG_L160_T2_C50,160,0.02,50.0,24,QAUR,-0.013513385299481095,0.0
MG_L160_T2_C50,160,0.02,50.0,25,QAUR,-0.06983088429100937,0.0
MG_L160_T2_C50,160,0.02,50.0,26,QAUR,0.08285326404873761,1.0
MG_L160_T2_C50,160,0.02,50.0,27,QAUR,0.1472595463702846,1.0
MG_L160_T2_C50,160,0.02,50.0,28,QAUR,0.028427196584291048,1.0
MG_L160_T2_C50,160,0.02,50.0,29,QAUR,0.014751778552550165,0.0
MG_L160_T2_C50,160,0.02,50.0,30,QAUR,0.034852088500390455,1.0
MG_L160_T2_C50,160,0.02,50.0,31,QAUR,-0.022002582120653646,0.0
MG_L160_T2_C50,160,0.02,50.0,32,QAUR,-0.006767341365584878,0.0
MG_L160_T2_C50,160,0.02,50.0,33,QAUR,0.020398221266418437,1.0
MG_L160_T2_C50,160,0.02,50.0,34,QAUR,-0.032136891240864496,0.0
MG_L160_T2_C50,160,0.02,50.0,35,QAUR,0.039671181471727435,1.0
MG_L160_T2_C50,160,0.02,50.0,36,QAUR,0.11890387488810261,1.0
MG_L160_T2_C50,160,0.02,50.0,37,QAUR,0.013231850980289117,0.0
MG_L160_T2_C50,160,0.02,50.0,38,QAUR,0.0723309991888661,1.0
MG_L160_T2_C50,160,0.02,50.0,39,QAUR,0.09289952230982457,1.0
MG_L160_T2_C50,160,0.02,50.0,40,QAUR,0.17537636420056635,1.0
MG_L160_T2_C50,160,0.02,50.0,41,QAUR,0.2101797527134348,1.0
MG_L160_T2_C50,160,0.02,50.0,42,QAUR,0.19478188268549523,1.0
MG_L160_T2_C50,160,0.02,50.0,43,QAUR,0.12419721365677927,1.0
MG_L160_T2_C50,160,0.02,50.0,44,QAUR,0.23835030810266278,1.0
MG_L160_T2_C50,160,0.02,50.0,45,QAUR,0.19767207690265565,1.0
MG_L160_T2_C50,160,0.02,50.0,46,QAUR,0.1654064409021747,1.0
MG_L160_T2_C50,160,0.02,50.0,47,QAUR,0.16920773690488855,1.0
MG_L160_T2_C50,160,0.02,50.0,48,QAUR,0.01586114045712761,0.0
MG_L160_T2_C50,160,0.02,50.0,49,QAUR,-0.019726144131129497,0.0
MG_L160_T2_C50,160,0.02,50.0,50,QAUR,-0.020810169624525865,0.0
MG_L160_T2_C50,160,0.02,50.0,51,QAUR,0.0018615727000035331,0.0
MG_L160_T2_C50,160,0.02,50.0,52,QAUR,-0.05969784885837448,0.0
MG_L160_T2_C100,160,0.02,100.0,0,AUR,0.7048129685169444,1.0
MG_L160_T2_C100,160,0.02,100.0,1,AUR,0.33694057468217986,1.0
MG_L160_T2_C100,160,0.02,100.0,2,AUR,0.11546591214383084,1.0
MG_L160_T2_C100,160,0.02,100.0,3,AUR,-0.16043897892243275,0.0
MG_L160_T2_C100,160,0.02,100.0,4,AUR,-0.13958821398495003,0.0
MG_L160_T2_C100,160,0.02,100.0,5,AUR,-0.21424938585199005,0.0
MG_L160_T2_C100,160,0.02,100.0,6,AUR,-0.22357734222792192,0.0
MG_L160_T2_C100,160,0.02,100.0,7,AUR,-0.3897446812759764,0.0
MG_L160_T2_C100,160,0.02,100.0,8,AUR,-0.3915144581904002,0.0
MG_L160_T2_C100,160,0.02,100.0,9,AUR,-0.27157222179084706,0.0
MG_L160_T2_C100,160,0.02,100.0,10,AUR,-0.22573398021785485,0.0
MG_L160_T2_C100,160,0.02,100.0,11,AUR,-0.13640462032219713,0.0
MG_L160_T2_C100,160,0.02,100.0,12,AUR,-0.25087058647076177,0.0
MG_L160_T2_C100,160,0.02,100.0,13,AUR,-0.20398491412684217,0.0
MG_L160_T2_C100,160,0.02,100.0,14,AUR,0.05123348375333636,1.0
MG_L160_T2_C100,160,0.02,100.0,15,AUR,0.24178744715230294,1.0
MG_L160_T2_C100,160,0.02,100.0,16,AUR,0.27861653019329724,1.0
MG_L160_T2_C100,160,0.02,100.0,17,AUR,0.2961298046491745,1.0
MG_L160_T2_C100,160,0.02,100.0,18,AUR,0.19902988869510563,1.0
MG_L160_T2_C100,160,0.02,100.0,19,AUR,0.06940427954480555,1.0
MG_L160_T2_C100,160,0.02,100.0,20,AUR,0.1446852900159945,1.0
MG_L160_T2_C100,160,0.02,100.0,21,AUR,0.11531410277541165,1.0
MG_L160_T2_C100,160,0.02,100.0,22,AUR,0.03395351715824457,1.0
MG_L160_T2_C100,160,0.02,100.0,23,AUR,0.03777347661068142,1.0
MG_L160_T2_C100,160,0.02,100.0,24,AUR,-0.013513385299481095,0.0
MG_L160_T2_C100,160,0.02,100.0,25,AUR,-0.06983088429100937,0.0
MG_L160_T2_C100,160,0.02,100.0,26,AUR,0.08285326404873761,1.0
MG_L160_T2_C100,160,0.02,100.0,27,AUR,0.1472595463702846,1.0
MG_L160_T2_C100,160,0.02,100.0,28,AUR,0.028427196584291048,1.0
MG_L160_T2_C100,160,0.02,100.0,29,AUR,0.014751778552550165,0.0
MG_L160_T2_C100,160,0.02,100.0,30,AUR,0.034852088500390455,1.0
MG_L160_T2_C100,160,0.02,100.0,31,AUR,-0.022002582120653646,0.0
MG_L160_T2_C100,160,0.02,100.0,32,AUR,-0.006767341365584878,0.0
MG_L160_T2_C100,160,0.02,100.0,33,AUR,0.020398221266418437,1.0
MG_L160_T2_C100,160,0.02,100.0,34,AUR,-0.032136891240864496,0.0
MG_L160_T2_C100,160,0.02,100.0,35,AUR,0.039671181471727435,1.0
MG_L160_T2_C100,160,0.02,100.0,36,AUR,0.11890387488810261,1.0
MG_L160_T2_C100,160,0.02,100.0,37,AUR,0.013231850980289117,0.0
MG_L160_T2_C100,160,0.02,100.0,38,AUR,0.0723309991888661,1.0
MG_L160_T2_C100,160,0.02,100.0,39,AUR,0.09289952230982457,1.0
MG_L160_T2_C100,160,0.02,100.0,40,AUR,0.17537636420056635,1.0
MG_L160_T2_C100,160,0.02,100.0,41,AUR,0.2101797527134348,1.0
MG_L160_T2_C100,160,0.02,100.0,42,AUR,0.19478188268549523,1.0
MG_L160_T2_C100,160,0.02,100.0,43,AUR,0.12419721365677927,1.0
MG_L160_T2_C100,160,0.02,100.0,44,AUR,0.23835030810266278,1.0
MG_L160_T2_C100,160,0.02,100.0,45,AUR,0.19767207690265565,1.0
MG_L160_T2_C100,160,0.02,100.0,46,AUR,0.1654064409021747,1.0
MG_L160_T2_C100,160,0.02,100.0,47,AUR,0.16920773690488855,1.0
MG_L160_T2_C100,160,0.02,100.0,48,AUR,0.01586114045712761,0.0
MG_L160_T2_C100,160,0.02,100.0,49,AUR,-0.019726144131129497,0.0
MG_L160_T2_C100,160,0.02,100.0,50,AUR,-0.020810169624525865,0.0
MG_L160_T2_C100,160,0.02,100.0,51,AUR,0.0018615727000035331,0.0
MG_L160_T2_C100,160,0.02,100.0,52,AUR,-0.05969784885837448,0.0
MG_L160_T2_C100,160,0.02,100.0,0,QAUR,0.7048129685169444,1.0
MG_L160_T2_C100,160,0.02,100.0,1,QAUR,0.33694057468217986,1.0
MG_L160_T2_C100,160,0.02,100.0,2,QAUR,0.11546591214383084,1.0
MG_L160_T2_C100,160,0.02,100.0,3,QAUR,-0.16043897892243275,0.0
MG_L160_T2_C100,160,0.02,100.0,4,QAUR,-0.13958821398495003,0.0
MG_L160_T2_C100,160,0.02,100.0,5,QAUR,-0.21424938585199005,0.0
MG_L160_T2_C100,160,0.02,100.0,6,QAUR,-0.22357734222792192,0.0
MG_L160_T2_C100,160,0.02,100.0,7,QAUR,-0.3897446812759764,0.0
MG_L160_T2_C100,160,0.02,100.0,8,QAUR,-0.3915144581904002,0.0
MG_L160_T2_C100,160,0.02,100.0,9,QAUR,-0.27157222179084706,0.0
MG_L160_T2_C100,160,0.02,100.0,10,QAUR,-0.22573398021785485,0.0
MG_L160_T2_C100,160,0.02,100.0,11,QAUR,-0.13640462032219713,0.0
MG_L160_T2_C100,160,0.02,100.0,12,QAUR,-0.25087058647076177,0.0
MG_L160_T2_C100,160,0.02,100.0,13,QAUR,-0.20398491412684217,0.0
MG_L160_T2_C100,160,0.02,100.0,14,QAUR,0.05123348375333636,1.0
MG_L160_T2_C100,160,0.02,100.0,15,QAUR,0.24178744715230294,1.0
MG_L160_T2_C100,160,0.02,100.0,16,QAUR,0.27861653019329724,1.0
MG_L160_T2_C100,160,0.02,100.0,17,QAUR,0.2961298046491745,1.0
MG_L160_T2_C100,160,0.02,100.0,18,QAUR,0.19902988869510563,1.0
MG_L160_T2_C100,160,0.02,100.0,19,QAUR,0.06940427954480555,1.0
MG_L160_T2_C100,160,0.02,100.0,20,QAUR,0.1446852900159945,1.0
MG_L160_T2_C100,160,0.02,100.0,21,QAUR,0.11531410277541165,1.0
MG_L160_T2_C100,160,0.02,100.0,22,QAUR,0.03395351715824457,1.0
MG_L160_T2_C100,160,0.02,100.0,23,QAUR,0.03777347661068142,1.0
MG_L160_T2_C100,160,0.02,100.0,24,QAUR,-0.013513385299481095,0.0
MG_L160_T2_C100,160,0.02,100.0,25,QAUR,-0.06983088429100937,0.0
MG_L160_T2_C100,160,0.02,100.0,26,QAUR,0.08285326404873761,1.0
MG_L160_T2_C100,160,0.02,100.0,27,QAUR,0.1472595463702846,1.0
MG_L160_T2_C100,160,0.02,100.0,28,QAUR,0.028427196584291048,1.0
MG_L160_T2_C100,160,0.02,100.0,29,QAUR,0.014751778552550165,0.0
MG_L160_T2_C100,160,0.02,100.0,30,QAUR,0.034852088500390455,1.0
MG_L160_T2_C100,160,0.02,100.0,31,QAUR,-0.022002582120653646,0.0
MG_L160_T2_C100,160,0.02,100.0,32,QAUR,-0.006767341365584878,0.0
MG_L160_T2_C100,160,0.02,100.0,33,QAUR,0.020398221266418437,1.0
MG_L160_T2_C100,160,0.02,100.0,34,QAUR,-0.032136891240864496,0.0
MG_L160_T2_C100,160,0.02,100.0,35,QAUR,0.039671181471727435,1.0
MG_L160_T2_C100,160,0.02,100.0,36,QAUR,0.11890387488810261,1.0
MG_L160_T2_C100,160,0.02,100.0,37,QAUR,0.013231850980289117,0.0
MG_L160_T2_C100,160,0.02,100.0,38,QAUR,0.0723309991888661,1.0
MG_L160_T2_C100,160,0.02,100.0,39,QAUR,0.09289952230982457,1.0
MG_L160_T2_C100,160,0.02,100.0,40,QAUR,0.17537636420056635,1.0
MG_L160_T2_C100,160,0.02,100.0,41,QAUR,0.2101797527134348,1.0
MG_L160_T2_C100,160,0.02,100.0,42,QAUR,0.19478188268549523,1.0
MG_L160_T2_C100,160,0.02,100.0,43,QAUR,0.12419721365677927,1.0
MG_L160_T2_C100,160,0.02,100.0,44,QAUR,0.23835030810266278,1.0
MG_L160_T2_C100,160,0.02,100.0,45,QAUR,0.19767207690265565,1.0
MG_L160_T2_C100,160,0.02,100.0,46,QAUR,0.1654064409021747,1.0
MG_L160_T2_C100,160,0.02,100.0,47,QAUR,0.16920773690488855,1.0
MG_L160_T2_C100,160,0.02,100.0,48,QAUR,0.01586114045712761,0.0
MG_L160_T2_C100,160,0.02,100.0,49,QAUR,-0.019726144131129497,0.0
MG_L160_T2_C100,160,0.02,100.0,50,QAUR,-0.020810169624525865,0.0
MG_L160_T2_C100,160,0.02,100.0,51,QAUR,0.0018615727000035331,0.0
MG_L160_T2_C100,160,0.02,100.0,52,QAUR,-0.05969784885837448,0.0
MG_L200_T-2_C0,200,-0.02,0.0,0,AUR,0.7318504156513077,1.0
MG_L200_T-2_C0,200,-0.02,0.0,1,AUR,0.6027951316368807,1.0
MG_L200_T-2_C0,200,-0.02,0.0,2,AUR,0.32936233495022904,1.0
MG_L200_T-2_C0,200,-0.02,0.0,3,AUR,0.045109105945755124,1.0
MG_L200_T-2_C0,200,-0.02,0.0,4,AUR,0.0441403522506254,1.0
MG_L200_T-2_C0,200,-0.02,0.0,5,AUR,-0.08843888231315378,0.0
MG_L200_T-2_C0,200,-0.02,0.0,6,AUR,-0.19708866908054945,0.0
MG_L200_T-2_C0,200,-0.02,0.0,7,AUR,-0.3968387122713074,0.0
MG_L200_T-2_C0,200,-0.02,0.0,8,AUR,-0.3737639527418267,0.0
MG_L200_T-2_C0,200,-0.02,0.0,9,AUR,-0.44025584018531017,0.0
MG_L200_T-2_C0,200,-0.02,0.0,10,AUR,-0.37760239768220283,0.0
MG_L200_T-2_C0,200,-0.02,0.0,11,AUR,-0.1837975633868124,0.0
MG_L200_T-2_C0,200,-0.02,0.0,12,AUR,-0.19941731260495776,0.0
MG_L200_T-2_C0,200,-0.02,0.0,13,AUR,-0.14332029751494912,0.0
MG_L200_T-2_C0,200,-0.02,0.0,14,AUR,-0.14421936868846252,0.0
MG_L200_T-2_C0,200,-0.02,0.0,15,AUR,-0.10142611179985017,0.0
MG_L200_T-2_C0,200,-0.02,0.0,16,AUR,0.14487396522140794,1.0
MG_L200_T-2_C0,200,-0.02,0.0,17,AUR,0.4520438962525706,1.0
MG_L200_T-2_C0,200,-0.02,0.0,18,AUR,0.22544947948843408,1.0
MG_L200_T-2_C0,200,-0.02,0.0,19,AUR,0.11054827751242069,1.0
MG_L200_T-2_C0,200,-0.02,0.0,20,AUR,0.1587659119408098,1.0
MG_L200_T-2_C0,200,-0.02,0.0,21,AUR,0.18880439408770444,1.0
MG_L200_T-2_C0,200,-0.02,0.0,22,AUR,0.17838834773926027,1.0
MG_L200_T-2_C0,200,-0.02,0.0,23,AUR,0.15508163938770791,1.0
MG_L200_T-2_C0,200,-0.02,0.0,24,AUR,0.06415329461012842,1.0
MG_L200_T-2_C0,200,-0.02,0.0,25,AUR,0.007385124063168602,1.0
MG_L200_T-2_C0,200,-0.02,0.0,26,AUR,-0.00829424464306261,1.0
MG_L200_T-2_C0,200,-0.02,0.0,27,AUR,0.008245329156425951,1.0
MG_L200_T-2_C0,200,-0.02,0.0,28,AUR,0.002903571174308839,1.0
MG_L200_T-2_C0,200,-0.02,0.0,29,AUR,0.06842612972916484,1.0
MG_L200_T-2_C0,200,-0.02,0.0,30,AUR,0.0421060245404532,1.0
MG_L200_T-2_C0,200,-0.02,0.0,31,AUR,0.014963648550005537,1.0
MG_L200_T-2_C0,200,-0.02,0.0,32,AUR,0.028535845074565858,1.0
MG_L200_T-2_C0,200,-0.02,0.0,33,AUR,0.02432265947919432,1.0
MG_L200_T-2_C0,200,-0.02,0.0,34,AUR,0.014381381675749427,1.0
MG_L200_T-2_C0,200,-0.02,0.0,35,AUR,0.09989182676720487,1.0
MG_L200_T-2_C0,200,-0.02,0.0,36,AUR,0.017882389433266255,1.0
MG_L200_T-2_C0,200,-0.02,0.0,37,AUR,-0.05715976466272432,0.0
MG_L200_T-2_C0,200,-0.02,0.0,38,AUR,0.08982983272400236,1.0
MG_L200_T-2_C0,200,-0.02,0.0,39,AUR,0.1034491663640702,1.0
MG_L200_T-2_C0,200,-0.02,0.0,40,AUR,0.19617259048555713,1.0
MG_L200_T-2_C0,200,-0.02,0.0,41,AUR,0.23469952307591102,1.0
MG_L200_T-2_C0,200,-0.02,0.0,42,AUR,0.22981627975756602,1.0
MG_L200_T-2_C0,200,-0.02,0.0,43,AUR,0.1963610703699803,1.0
MG_L200_T-2_C0,200,-0.02,0.0,44,AUR,0.16341064261581817,1.0
MG_L200_T-2_C0,200,-0.02,0.0,45,AUR,0.13722353858975955,1.0
MG_L200_T-2_C0,200,-0.02,0.0,46,AUR,0.2537465845701552,1.0
MG_L200_T-2_C0,200,-0.02,0.0,47,AUR,0.24721831783946957,1.0
MG_L200_T-2_C0,200,-0.02,0.0,48,AUR,0.14309914324428008,1.0
MG_L200_T-2_C0,200,-0.02,0.0,49,AUR,0.11144421822550288,1.0
MG_L200_T-2_C0,200,-0.02,0.0,50,AUR,0.01597275545475285,1.0
MG_L200_T-2_C0,200,-0.02,0.0,51,AUR,-0.013128664144009816,1.0
MG_L200_T-2_C0,200,-0.02,0.0,52,AUR,-0.061602016663808046,0.0
MG_L200_T-2_C0,200,-0.02,0.0,0,QAUR,0.7318504156513077,1.0
MG_L200_T-2_C0,200,-0.02,0.0,1,QAUR,0.6027951316368807,1.0
MG_L200_T-2_C0,200,-0.02,0.0,2,QAUR,0.32936233495022904,1.0
MG_L200_T-2_C0,200,-0.02,0.0,3,QAUR,0.045109105945755124,1.0
MG_L200_T-2_C0,200,-0.02,0.0,4,QAUR,0.0441403522506254,1.0
MG_L200_T-2_C0,200,-0.02,0.0,5,QAUR,-0.08843888231315378,0.0
MG_L200_T-2_C0,200,-0.02,0.0,6,QAUR,-0.19708866908054945,0.0
MG_L200_T-2_C0,200,-0.02,0.0,7,QAUR,-0.3968387122713074,0.0
MG_L200_T-2_C0,200,-0.02,0.0,8,QAUR,-0.3737639527418267,0.0
MG_L200_T-2_C0,200,-0.02,0.0,9,QAUR,-0.44025584018531017,0.0
MG_L200_T-2_C0,200,-0.02,0.0,10,QAUR,-0.37760239768220283,0.0
MG_L200_T-2_C0,200,-0.02,0.0,11,QAUR,-0.1837975633868124,0.0
MG_L200_T-2_C0,200,-0.02,0.0,12,QAUR,-0.19941731260495776,0.0
MG_L200_T-2_C0,200,-0.02,0.0,13,QAUR,-0.14332029751494912,0.0
MG_L200_T-2_C0,200,-0.02,0.0,14,QAUR,-0.14421936868846252,0.0
MG_L200_T-2_C0,200,-0.02,0.0,15,QAUR,-0.10142611179985017,0.0
MG_L200_T-2_C0,200,-0.02,0.0,16,QAUR,0.14487396522140794,1.0
MG_L200_T-2_C0,200,-0.02,0.0,17,QAUR,0.4520438962525706,1.0
MG_L200_T-2_C0,200,-0.02,0.0,18,QAUR,0.22544947948843408,1.0
MG_L200_T-2_C0,200,-0.02,0.0,19,QAUR,0.11054827751242069,1.0
MG_L200_T-2_C0,200,-0.02,0.0,20,QAUR,0.1587659119408098,1.0
MG_L200_T-2_C0,200,-0.02,0.0,21,QAUR,0.18880439408770444,1.0
MG_L200_T-2_C0,200,-0.02,0.0,22,QAUR,0.17838834773926027,1.0
MG_L200_T-2_C0,200,-0.02,0.0,23,QAUR,0.15508163938770791,1.0
MG_L200_T-2_C0,200,-0.02,0.0,24,QAUR,0.06415329461012842,1.0
MG_L200_T-2_C0,200,-0.02,0.0,25,QAUR,0.007385124063168602,1.0
MG_L200_T-2_C0,200,-0.02,0.0,26,QAUR,-0.00829424464306261,1.0
MG_L200_T-2_C0,200,-0.02,0.0,27,QAUR,0.008245329156425951,1.0
MG_L200_T-2_C0,200,-0.02,0.0,28,QAUR,0.002903571174308839,1.0
MG_L200_T-2_C0,200,-0.02,0.0,29,QAUR,0.06842612972916484,1.0
MG_L200_T-2_C0,200,-0.02,0.0,30,QAUR,0.0421060245404532,1.0
MG_L200_T-2_C0,200,-0.02,0.0,31,QAUR,0.014963648550005537,1.0
MG_L200_T-2_C0,200,-0.02,0.0,32,QAUR,0.028535845074565858,1.0
MG_L200_T-2_C0,200,-0.02,0.0,33,QAUR,0.02432265947919432,1.0
MG_L200_T-2_C0,200,-0.02,0.0,34,QAUR,0.014381381675749427,1.0
MG_L200_T-2_C0,200,-0.02,0.0,35,QAUR,0.09989182676720487,1.0
MG_L200_T-2_C0,200,-0.02,0.0,36,QAUR,0.017882389433266255,1.0
MG_L200_T-2_C0,200,-0.02,0.0,37,QAUR,-0.05715976466272432,0.0
MG_L200_T-2_C0,200,-0.02,0.0,38,QAUR,0.08982983272400236,1.0
MG_L200_T-2_C0,200,-0.02,0.0,39,QAUR,0.1034491663640702,1.0
MG_L200_T-2_C0,200,-0.02,0.0,40,QAUR,0.19617259048555713,1.0
MG_L200_T-2_C0,200,-0.02,0.0,41,QAUR,0.23469952307591102,1.0
MG_L200_T-2_C0,200,-0.02,0.0,42,QAUR,0.22981627975756602,1.0
MG_L200_T-2_C0,200,-0.02,0.0,43,QAUR,0.1963610703699803,1.0
MG_L200_T-2_C0,200,-0.02,0.0,44,QAUR,0.16341064261581817,1.0
MG_L200_T-2_C0,200,-0.02,0.0,45,QAUR,0.13722353858975955,1.0
MG_L200_T-2_C0,200,-0.02,0.0,46,QAUR,0.2537465845701552,1.0
MG_L200_T-2_C0,200,-0.02,0.0,47,QAUR,0.24721831783946957,1.0
MG_L200_T-2_C0,200,-0.02,0.0,48,QAUR,0.14309914324428008,1.0
MG_L200_T-2_C0,200,-0.02,0.0,49,QAUR,0.11144421822550288,1.0
MG_L200_T-2_C0,200,-0.02,0.0,50,QAUR,0.01597275545475285,1.0
MG_L200_T-2_C0,200,-0.02,0.0,51,QAUR,-0.013128664144009816,1.0
MG_L200_T-2_C0,200,-0.02,0.0,52,QAUR,-0.061602016663808046,0.0
MG_L200_T-2_C25,200,-0.02,25.0,0,AUR,0.7318504156513077,1.0
MG_L200_T-2_C25,200,-0.02,25.0,1,AUR,0.6027951316368807,1.0
MG_L200_T-2_C25,200,-0.02,25.0,2,AUR,0.32936233495022904,1.0
MG_L200_T-2_C25,200,-0.02,25.0,3,AUR,0.045109105945755124,1.0
MG_L200_T-2_C25,200,-0.02,25.0,4,AUR,0.0441403522506254,1.0
MG_L200_T-2_C25,200,-0.02,25.0,5,AUR,-0.08843888231315378,0.0
MG_L200_T-2_C25,200,-0.02,25.0,6,AUR,-0.19708866908054945,0.0
MG_L200_T-2_C25,200,-0.02,25.0,7,AUR,-0.3968387122713074,0.0
MG_L200_T-2_C25,200,-0.02,25.0,8,AUR,-0.3737639527418267,0.0
MG_L200_T-2_C25,200,-0.02,25.0,9,AUR,-0.44025584018531017,0.0
MG_L200_T-2_C25,200,-0.02,25.0,10,AUR,-0.37760239768220283,0.0
MG_L200_T-2_C25,200,-0.02,25.0,11,AUR,-0.1837975633868124,0.0
MG_L200_T-2_C25,200,-0.02,25.0,12,AUR,-0.19941731260495776,0.0
MG_L200_T-2_C25,200,-0.02,25.0,13,AUR,-0.14332029751494912,0.0
MG_L200_T-2_C25,200,-0.02,25.0,14,AUR,-0.14421936868846252,0.0
MG_L200_T-2_C25,200,-0.02,25.0,15,AUR,-0.10142611179985017,0.0
MG_L200_T-2_C25,200,-0.02,25.0,16,AUR,0.14487396522140794,1.0
MG_L200_T-2_C25,200,-0.02,25.0,17,AUR,0.4520438962525706,1.0
MG_L200_T-2_C25,200,-0.02,25.0,18,AUR,0.22544947948843408,1.0
MG_L200_T-2_C25,200,-0.02,25.0,19,AUR,0.11054827751242069,1.0
MG_L200_T-2_C25,200,-0.02,25.0,20,AUR,0.1587659119408098,1.0
MG_L200_T-2_C25,200,-0.02,25.0,21,AUR,0.18880439408770444,1.0
MG_L200_T-2_C25,200,-0.02,25.0,22,AUR,0.17838834773926027,1.0
MG_L200_T-2_C25,200,-0.02,25.0,23,AUR,0.15508163938770791,1.0
MG_L200_T-2_C25,200,-0.02,25.0,24,AUR,0.06415329461012842,1.0
MG_L200_T-2_C25,200,-0.02,25.0,25,AUR,0.007385124063168602,1.0
MG_L200_T-2_C25,200,-0.02,25.0,26,AUR,-0.00829424464306261,1.0
MG_L200_T-2_C25,200,-0.02,25.0,27,AUR,0.008245329156425951,1.0
MG_L200_T-2_C25,200,-0.02,25.0,28,AUR,0.002903571174308839,1.0
MG_L200_T-2_C25,200,-0.02,25.0,29,AUR,0.06842612972916484,1.0
MG_L200_T-2_C25,200,-0.02,25.0,30,AUR,0.0421060245404532,1.0
MG_L200_T-2_C25,200,-0.02,25.0,31,AUR,0.014963648550005537,1.0
MG_L200_T-2_C25,200,-0.02,25.0,32,AUR,0.028535845074565858,1.0
MG_L200_T-2_C25,200,-0.02,25.0,33,AUR,0.02432265947919432,1.0
MG_L200_T-2_C25,200,-0.02,25.0,34,AUR,0.014381381675749427,1.0
MG_L200_T-2_C25,200,-0.02,25.0,35,AUR,0.09989182676720487,1.0
MG_L200_T-2_C25,200,-0.02,25.0,36,AUR,0.017882389433266255,1.0
MG_L200_T-2_C25,200,-0.02,25.0,37,AUR,-0.05715976466272432,0.0
MG_L200_T-2_C25,200,-0.02,25.0,38,AUR,0.08982983272400236,1.0
MG_L200_T-2_C25,200,-0.02,25.0,39,AUR,0.1034491663640702,1.0
MG_L200_T-2_C25,200,-0.02,25.0,40,AUR,0.19617259048555713,1.0
MG_L200_T-2_C25,200,-0.02,25.0,41,AUR,0.23469952307591102,1.0
MG_L200_T-2_C25,200,-0.02,25.0,42,AUR,0.22981627975756602,1.0
MG_L200_T-2_C25,200,-0.02,25.0,43,AUR,0.1963610703699803,1.0
MG_L200_T-2_C25,200,-0.02,25.0,44,AUR,0.16341064261581817,1.0
MG_L200_T-2_C25,200,-0.02,25.0,45,AUR,0.13722353858975955,1.0
MG_L200_T-2_C25,200,-0.02,25.0,46,AUR,0.2537465845701552,1.0
MG_L200_T-2_C25,200,-0.02,25.0,47,AUR,0.24721831783946957,1.0
MG_L200_T-2_C25,200,-0.02,25.0,48,AUR,0.14309914324428008,1.0
MG_L200_T-2_C25,200,-0.02,25.0,49,AUR,0.11144421822550288,1.0
MG_L200_T-2_C25,200,-0.02,25.0,50,AUR,0.01597275545475285,1.0
MG_L200_T-2_C25,200,-0.02,25.0,51,AUR,-0.013128664144009816,1.0
MG_L200_T-2_C25,200,-0.02,25.0,52,AUR,-0.061602016663808046,0.0
MG_L200_T-2_C25,200,-0.02,25.0,0,QAUR,0.7318504156513077,1.0
MG_L200_T-2_C25,200,-0.02,25.0,1,QAUR,0.6027951316368807,1.0
MG_L200_T-2_C25,200,-0.02,25.0,2,QAUR,0.32936233495022904,1.0
MG_L200_T-2_C25,200,-0.02,25.0,3,QAUR,0.045109105945755124,1.0
MG_L200_T-2_C25,200,-0.02,25.0,4,QAUR,0.0441403522506254,1.0
MG_L200_T-2_C25,200,-0.02,25.0,5,QAUR,-0.08843888231315378,0.0
MG_L200_T-2_C25,200,-0.02,25.0,6,QAUR,-0.19708866908054945,0.0
MG_L200_T-2_C25,200,-0.02,25.0,7,QAUR,-0.3968387122713074,0.0
MG_L200_T-2_C25,200,-0.02,25.0,8,QAUR,-0.3737639527418267,0.0
MG_L200_T-2_C25,200,-0.02,25.0,9,QAUR,-0.44025584018531017,0.0
MG_L200_T-2_C25,200,-0.02,25.0,10,QAUR,-0.37760239768220283,0.0
MG_L200_T-2_C25,200,-0.02,25.0,11,QAUR,-0.1837975633868124,0.0
MG_L200_T-2_C25,200,-0.02,25.0,12,QAUR,-0.19941731260495776,0.0
MG_L200_T-2_C25,200,-0.02,25.0,13,QAUR,-0.14332029751494912,0.0
MG_L200_T-2_C25,200,-0.02,25.0,14,QAUR,-0.14421936868846252,0.0
MG_L200_T-2_C25,200,-0.02,25.0,15,QAUR,-0.10142611179985017,0.0
MG_L200_T-2_C25,200,-0.02,25.0,16,QAUR,0.14487396522140794,1.0
MG_L200_T-2_C25,200,-0.02,25.0,17,QAUR,0.4520438962525706,1.0
MG_L200_T-2_C25,200,-0.02,25.0,18,QAUR,0.22544947948843408,1.0
MG_L200_T-2_C25,200,-0.02,25.0,19,QAUR,0.11054827751242069,1.0
MG_L200_T-2_C25,200,-0.02,25.0,20,QAUR,0.1587659119408098,1.0
MG_L200_T-2_C25,200,-0.02,25.0,21,QAUR,0.18880439408770444,1.0
MG_L200_T-2_C25,200,-0.02,25.0,22,QAUR,0.17838834773926027,1.0
MG_L200_T-2_C25,200,-0.02,25.0,23,QAUR,0.15508163938770791,1.0
MG_L200_T-2_C25,200,-0.02,25.0,24,QAUR,0.06415329461012842,1.0
MG_L200_T-2_C25,200,-0.02,25.0,25,QAUR,0.007385124063168602,1.0
MG_L200_T-2_C25,200,-0.02,25.0,26,QAUR,-0.00829424464306261,1.0
MG_L200_T-2_C25,200,-0.02,25.0,27,QAUR,0.008245329156425951,1.0
MG_L200_T-2_C25,200,-0.02,25.0,28,QAUR,0.002903571174308839,1.0
MG_L200_T-2_C25,200,-0.02,25.0,29,QAUR,0.06842612972916484,1.0
MG_L200_T-2_C25,200,-0.02,25.0,30,QAUR,0.0421060245404532,1.0
MG_L200_T-2_C25,200,-0.02,25.0,31,QAUR,0.014963648550005537,1.0
MG_L200_T-2_C25,200,-0.02,25.0,32,QAUR,0.028535845074565858,1.0
MG_L200_T-2_C25,200,-0.02,25.0,33,QAUR,0.02432265947919432,1.0
MG_L200_T-2_C25,200,-0.02,25.0,34,QAUR,0.014381381675749427,1.0
MG_L200_T-2_C25,200,-0.02,25.0,35,QAUR,0.09989182676720487,1.0
MG_L200_T-2_C25,200,-0.02,25.0,36,QAUR,0.017882389433266255,1.0
MG_L200_T-2_C25,200,-0.02,25.0,37,QAUR,-0.05715976466272432,0.0
MG_L200_T-2_C25,200,-0.02,25.0,38,QAUR,0.08982983272400236,1.0
MG_L200_T-2_C25,200,-0.02,25.0,39,QAUR,0.1034491663640702,1.0
MG_L200_T-2_C25,200,-0.02,25.0,40,QAUR,0.19617259048555713,1.0
MG_L200_T-2_C25,200,-0.02,25.0,41,QAUR,0.23469952307591102,1.0
MG_L200_T-2_C25,200,-0.02,25.0,42,QAUR,0.22981627975756602,1.0
MG_L200_T-2_C25,200,-0.02,25.0,43,QAUR,0.1963610703699803,1.0
MG_L200_T-2_C25,200,-0.02,25.0,44,QAUR,0.16341064261581817,1.0
MG_L200_T-2_C25,200,-0.02,25.0,45,QAUR,0.13722353858975955,1.0
MG_L200_T-2_C25,200,-0.02,25.0,46,QAUR,0.2537465845701552,1.0
MG_L200_T-2_C25,200,-0.02,25.0,47,QAUR,0.24721831783946957,1.0
MG_L200_T-2_C25,200,-0.02,25.0,48,QAUR,0.14309914324428008,1.0
MG_L200_T-2_C25,200,-0.02,25.0,49,QAUR,0.11144421822550288,1.0
MG_L200_T-2_C25,200,-0.02,25.0,50,QAUR,0.01597275545475285,1.0
MG_L200_T-2_C25,200,-0.02,25.0,51,QAUR,-0.013128664144009816,1.0
MG_L200_T-2_C25,200,-0.02,25.0,52,QAUR,-0.061602016663808046,0.0
MG_L200_T-2_C50,200,-0.02,50.0,0,AUR,0.7318504156513077,1.0
MG_L200_T-2_C50,200,-0.02,50.0,1,AUR,0.6027951316368807,1.0
MG_L200_T-2_C50,200,-0.02,50.0,2,AUR,0.32936233495022904,1.0
MG_L200_T-2_C50,200,-0.02,50.0,3,AUR,0.045109105945755124,1.0
MG_L200_T-2_C50,200,-0.02,50.0,4,AUR,0.0441403522506254,1.0
MG_L200_T-2_C50,200,-0.02,50.0,5,AUR,-0.08843888231315378,0.0
MG_L200_T-2_C50,200,-0.02,50.0,6,AUR,-0.19708866908054945,0.0
MG_L200_T-2_C50,200,-0.02,50.0,7,AUR,-0.3968387122713074,0.0
MG_L200_T-2_C50,200,-0.02,50.0,8,AUR,-0.3737639527418267,0.0
MG_L200_T-2_C50,200,-0.02,50.0,9,AUR,-0.44025584018531017,0.0
MG_L200_T-2_C50,200,-0.02,50.0,10,AUR,-0.37760239768220283,0.0
MG_L200_T-2_C50,200,-0.02,50.0,11,AUR,-0.1837975633868124,0.0
MG_L200_T-2_C50,200,-0.02,50.0,12,AUR,-0.19941731260495776,0.0
MG_L200_T-2_C50,200,-0.02,50.0,13,AUR,-0.14332029751494912,0.0
MG_L200_T-2_C50,200,-0.02,50.0,14,AUR,-0.14421936868846252,0.0
MG_L200_T-2_C50,200,-0.02,50.0,15,AUR,-0.10142611179985017,0.0
MG_L200_T-2_C50,200,-0.02,50.0,16,AUR,0.14487396522140794,1.0
MG_L200_T-2_C50,200,-0.02,50.0,17,AUR,0.4520438962525706,1.0
MG_L200_T-2_C50,200,-0.02,50.0,18,AUR,0.22544947948843408,1.0
MG_L200_T-2_C50,200,-0.02,50.0,19,AUR,0.11054827751242069,1.0
MG_L200_T-2_C50,200,-0.02,50.0,20,AUR,0.1587659119408098,1.0
MG_L200_T-2_C50,200,-0.02,50.0,21,AUR,0.18880439408770444,1.0
MG_L200_T-2_C50,200,-0.02,50.0,22,AUR,0.17838834773926027,1.0
MG_L200_T-2_C50,200,-0.02,50.0,23,AUR,0.15508163938770791,1.0
MG_L200_T-2_C50,200,-0.02,50.0,24,AUR,0.06415329461012842,1.0
MG_L200_T-2_C50,200,-0.02,50.0,25,AUR,0.007385124063168602,1.0
MG_L200_T-2_C50,200,-0.02,50.0,26,AUR,-0.00829424464306261,1.0
MG_L200_T-2_C50,200,-0.02,50.0,27,AUR,0.008245329156425951,1.0
MG_L200_T-2_C50,200,-0.02,50.0,28,AUR,0.002903571174308839,1.0
MG_L200_T-2_C50,200,-0.02,50.0,29,AUR,0.06842612972916484,1.0
MG_L200_T-2_C50,200,-0.02,50.0,30,AUR,0.0421060245404532,1.0
MG_L200_T-2_C50,200,-0.02,50.0,31,AUR,0.014963648550005537,1.0
MG_L200_T-2_C50,200,-0.02,50.0,32,AUR,0.028535845074565858,1.0
MG_L200_T-2_C50,200,-0.02,50.0,33,AUR,0.02432265947919432,1.0
MG_L200_T-2_C50,200,-0.02,50.0,34,AUR,0.014381381675749427,1.0
MG_L200_T-2_C50,200,-0.02,50.0,35,AUR,0.09989182676720487,1.0
MG_L200_T-2_C50,200,-0.02,50.0,36,AUR,0.017882389433266255,1.0
MG_L200_T-2_C50,200,-0.02,50.0,37,AUR,-0.05715976466272432,0.0
MG_L200_T-2_C50,200,-0.02,50.0,38,AUR,0.08982983272400236,1.0
MG_L200_T-2_C50,200,-0.02,50.0,39,AUR,0.1034491663640702,1.0
MG_L200_T-2_C50,200,-0.02,50.0,40,AUR,0.19617259048555713,1.0
MG_L200_T-2_C50,200,-0.02,50.0,41,AUR,0.23469952307591102,1.0
MG_L200_T-2_C50,200,-0.02,50.0,42,AUR,0.22981627975756602,1.0
MG_L200_T-2_C50,200,-0.02,50.0,43,AUR,0.1963610703699803,1.0
MG_L200_T-2_C50,200,-0.02,50.0,44,AUR,0.16341064261581817,1.0
MG_L200_T-2_C50,200,-0.02,50.0,45,AUR,0.13722353858975955,1.0
MG_L200_T-2_C50,200,-0.02,50.0,46,AUR,0.2537465845701552,1.0
MG_L200_T-2_C50,200,-0.02,50.0,47,AUR,0.24721831783946957,1.0
MG_L200_T-2_C50,200,-0.02,50.0,48,AUR,0.14309914324428008,1.0
MG_L200_T-2_C50,200,-0.02,50.0,49,AUR,0.11144421822550288,1.0
MG_L200_T-2_C50,200,-0.02,50.0,50,AUR,0.01597275545475285,1.0
MG_L200_T-2_C50,200,-0.02,50.0,51,AUR,-0.013128664144009816,1.0
MG_L200_T-2_C50,200,-0.02,50.0,52,AUR,-0.061602016663808046,0.0
MG_L200_T-2_C50,200,-0.02,50.0,0,QAUR,0.7318504156513077,1.0
MG_L200_T-2_C50,200,-0.02,50.0,1,QAUR,0.6027951316368807,1.0
MG_L200_T-2_C50,200,-0.02,50.0,2,QAUR,0.32936233495022904,1.0
MG_L200_T-2_C50,200,-0.02,50.0,3,QAUR,0.045109105945755124,1.0
MG_L200_T-2_C50,200,-0.02,50.0,4,QAUR,0.0441403522506254,1.0
MG_L200_T-2_C50,200,-0.02,50.0,5,QAUR,-0.08843888231315378,0.0
MG_L200_T-2_C50,200,-0.02,50.0,6,QAUR,-0.19708866908054945,0.0
MG_L200_T-2_C50,200,-0.02,50.0,7,QAUR,-0.3968387122713074,0.0
MG_L200_T-2_C50,200,-0.02,50.0,8,QAUR,-0.3737639527418267,0.0
MG_L200_T-2_C50,200,-0.02,50.0,9,QAUR,-0.44025584018531017,0.0
MG_L200_T-2_C50,200,-0.02,50.0,10,QAUR,-0.37760239768220283,0.0
MG_L200_T-2_C50,200,-0.02,50.0,11,QAUR,-0.1837975633868124,0.0
MG_L200_T-2_C50,200,-0.02,50.0,12,QAUR,-0.19941731260495776,0.0
MG_L200_T-2_C50,200,-0.02,50.0,13,QAUR,-0.14332029751494912,0.0
MG_L200_T-2_C50,200,-0.02,50.0,14,QAUR,-0.14421936868846252,0.0
MG_L200_T-2_C50,200,-0.02,50.0,15,QAUR,-0.10142611179985017,0.0
MG_L200_T-2_C50,200,-0.02,50.0,16,QAUR,0.14487396522140794,1.0
MG_L200_T-2_C50,200,-0.02,50.0,17,QAUR,0.4520438962525706,1.0
MG_L200_T-2_C50,200,-0.02,50.0,18,QAUR,0.22544947948843408,1.0
MG_L200_T-2_C50,200,-0.02,50.0,19,QAUR,0.11054827751242069,1.0
MG_L200_T-2_C50,200,-0.02,50.0,20,QAUR,0.1587659119408098,1.0
MG_L200_T-2_C50,200,-0.02,50.0,21,QAUR,0.18880439408770444,1.0
MG_L200_T-2_C50,200,-0.02,50.0,22,QAUR,0.17838834773926027,1.0
MG_L200_T-2_C50,200,-0.02,50.0,23,QAUR,0.15508163938770791,1.0
MG_L200_T-2_C50,200,-0.02,50.0,24,QAUR,0.06415329461012842,1.0
MG_L200_T-2_C50,200,-0.02,50.0,25,QAUR,0.007385124063168602,1.0
MG_L200_T-2_C50,200,-0.02,50.0,26,QAUR,-0.00829424464306261,1.0
MG_L200_T-2_C50,200,-0.02,50.0,27,QAUR,0.008245329156425951,1.0
MG_L200_T-2_C50,200,-0.02,50.0,28,QAUR,0.002903571174308839,1.0
MG_L200_T-2_C50,200,-0.02,50.0,29,QAUR,0.06842612972916484,1.0
MG_L200_T-2_C50,200,-0.02,50.0,30,QAUR,0.0421060245404532,1.0
MG_L200_T-2_C50,200,-0.02,50.0,31,QAUR,0.014963648550005537,1.0
MG_L200_T-2_C50,200,-0.02,50.0,32,QAUR,0.028535845074565858,1.0
MG_L200_T-2_C50,200,-0.02,50.0,33,QAUR,0.02432265947919432,1.0
MG_L200_T-2_C50,200,-0.02,50.0,34,QAUR,0.014381381675749427,1.0
MG_L200_T-2_C50,200,-0.02,50.0,35,QAUR,0.09989182676720487,1.0
MG_L200_T-2_C50,200,-0.02,50.0,36,QAUR,0.017882389433266255,1.0
MG_L200_T-2_C50,200,-0.02,50.0,37,QAUR,-0.05715976466272432,0.0
MG_L200_T-2_C50,200,-0.02,50.0,38,QAUR,0.08982983272400236,1.0
MG_L200_T-2_C50,200,-0.02,50.0,39,QAUR,0.1034491663640702,1.0
MG_L200_T-2_C50,200,-0.02,50.0,40,QAUR,0.19617259048555713,1.0
MG_L200_T-2_C50,200,-0.02,50.0,41,QAUR,0.23469952307591102,1.0
MG_L200_T-2_C50,200,-0.02,50.0,42,QAUR,0.22981627975756602,1.0
MG_L200_T-2_C50,200,-0.02,50.0,43,QAUR,0.1963610703699803,1.0
MG_L200_T-2_C50,200,-0.02,50.0,44,QAUR,0.16341064261581817,1.0
MG_L200_T-2_C50,200,-0.02,50.0,45,QAUR,0.13722353858975955,1.0
MG_L200_T-2_C50,200,-0.02,50.0,46,QAUR,0.2537465845701552,1.0
MG_L200_T-2_C50,200,-0.02,50.0,47,QAUR,0.24721831783946957,1.0
MG_L200_T-2_C50,200,-0.02,50.0,48,QAUR,0.14309914324428008,1.0
MG_L200_T-2_C50,200,-0.02,50.0,49,QAUR,0.11144421822550288,1.0
MG_L200_T-2_C50,200,-0.02,50.0,50,QAUR,0.01597275545475285,1.0
MG_L200_T-2_C50,200,-0.02,50.0,51,QAUR,-0.013128664144009816,1.0
MG_L200_T-2_C50,200,-0.02,50.0,52,QAUR,-0.061602016663808046,0.0
MG_L200_T-2_C100,200,-0.02,100.0,0,AUR,0.7318504156513077,1.0
MG_L200_T-2_C100,200,-0.02,100.0,1,AUR,0.6027951316368807,1.0
MG_L200_T-2_C100,200,-0.02,100.0,2,AUR,0.32936233495022904,1.0
MG_L200_T-2_C100,200,-0.02,100.0,3,AUR,0.045109105945755124,1.0
MG_L200_T-2_C100,200,-0.02,100.0,4,AUR,0.0441403522506254,1.0
MG_L200_T-2_C100,200,-0.02,100.0,5,AUR,-0.08843888231315378,0.0
MG_L200_T-2_C100,200,-0.02,100.0,6,AUR,-0.19708866908054945,0.0
MG_L200_T-2_C100,200,-0.02,100.0,7,AUR,-0.3968387122713074,0.0
MG_L200_T-2_C100,200,-0.02,100.0,8,AUR,-0.3737639527418267,0.0
MG_L200_T-2_C100,200,-0.02,100.0,9,AUR,-0.44025584018531017,0.0
MG_L200_T-2_C100,200,-0.02,100.0,10,AUR,-0.37760239768220283,0.0
MG_L200_T-2_C100,200,-0.02,100.0,11,AUR,-0.1837975633868124,0.0
MG_L200_T-2_C100,200,-0.02,100.0,12,AUR,-0.19941731260495776,0.0
MG_L200_T-2_C100,200,-0.02,100.0,13,AUR,-0.14332029751494912,0.0
MG_L200_T-2_C100,200,-0.02,100.0,14,AUR,-0.14421936868846252,0.0
MG_L200_T-2_C100,200,-0.02,100.0,15,AUR,-0.10142611179985017,0.0
MG_L200_T-2_C100,200,-0.02,100.0,16,AUR,0.14487396522140794,1.0
MG_L200_T-2_C100,200,-0.02,100.0,17,AUR,0.4520438962525706,1.0
MG_L200_T-2_C100,200,-0.02,100.0,18,AUR,0.22544947948843408,1.0
MG_L200_T-2_C100,200,-0.02,100.0,19,AUR,0.11054827751242069,1.0
MG_L200_T-2_C100,200,-0.02,100.0,20,AUR,0.1587659119408098,1.0
MG_L200_T-2_C100,200,-0.02,100.0,21,AUR,0.18880439408770444,1.0
MG_L200_T-2_C100,200,-0.02,100.0,22,AUR,0.17838834773926027,1.0
MG_L200_T-2_C100,200,-0.02,100.0,23,AUR,0.15508163938770791,1.0
MG_L200_T-2_C100,200,-0.02,100.0,24,AUR,0.06415329461012842,1.0
MG_L200_T-2_C100,200,-0.02,100.0,25,AUR,0.007385124063168602,1.0
MG_L200_T-2_C100,200,-0.02,100.0,26,AUR,-0.00829424464306261,1.0
MG_L200_T-2_C100,200,-0.02,100.0,27,AUR,0.008245329156425951,1.0
MG_L200_T-2_C100,200,-0.02,100.0,28,AUR,0.002903571174308839,1.0
MG_L200_T-2_C100,200,-0.02,100.0,29,AUR,0.06842612972916484,1.0
MG_L200_T-2_C100,200,-0.02,100.0,30,AUR,0.0421060245404532,1.0
MG_L200_T-2_C100,200,-0.02,100.0,31,AUR,0.014963648550005537,1.0
MG_L200_T-2_C100,200,-0.02,100.0,32,AUR,0.028535845074565858,1.0
MG_L200_T-2_C100,200,-0.02,100.0,33,AUR,0.02432265947919432,1.0
MG_L200_T-2_C100,200,-0.02,100.0,34,AUR,0.014381381675749427,1.0
MG_L200_T-2_C100,200,-0.02,100.0,35,AUR,0.09989182676720487,1.0
MG_L200_T-2_C100,200,-0.02,100.0,36,AUR,0.017882389433266255,1.0
MG_L200_T-2_C100,200,-0.02,100.0,37,AUR,-0.05715976466272432,0.0
MG_L200_T-2_C100,200,-0.02,100.0,38,AUR,0.08982983272400236,1.0
MG_L200_T-2_C100,200,-0.02,100.0,39,AUR,0.1034491663640702,1.0
MG_L200_T-2_C100,200,-0.02,100.0,40,AUR,0.19617259048555713,1.0
MG_L200_T-2_C100,200,-0.02,100.0,41,AUR,0.23469952307591102,1.0
MG_L200_T-2_C100,200,-0.02,100.0,42,AUR,0.22981627975756602,1.0
MG_L200_T-2_C100,200,-0.02,100.0,43,AUR,0.1963610703699803,1.0
MG_L200_T-2_C100,200,-0.02,100.0,44,AUR,0.16341064261581817,1.0
MG_L200_T-2_C100,200,-0.02,100.0,45,AUR,0.13722353858975955,1.0
MG_L200_T-2_C100,200,-0.02,100.0,46,AUR,0.2537465845701552,1.0
MG_L200_T-2_C100,200,-0.02,100.0,47,AUR,0.24721831783946957,1.0
MG_L200_T-2_C100,200,-0.02,100.0,48,AUR,0.14309914324428008,1.0
MG_L200_T-2_C100,200,-0.02,100.0,49,AUR,0.11144421822550288,1.0
MG_L200_T-2_C100,200,-0.02,100.0,50,AUR,0.01597275545475285,1.0
MG_L200_T-2_C100,200,-0.02,100.0,51,AUR,-0.013128664144009816,1.0
MG_L200_T-2_C100,200,-0.02,100.0,52,AUR,-0.061602016663808046,0.0
MG_L200_T-2_C100,200,-0.02,100.0,0,QAUR,0.7318504156513077,1.0
MG_L200_T-2_C100,200,-0.02,100.0,1,QAUR,0.6027951316368807,1.0
MG_L200_T-2_C100,200,-0.02,100.0,2,QAUR,0.32936233495022904,1.0
MG_L200_T-2_C100,200,-0.02,100.0,3,QAUR,0.045109105945755124,1.0
MG_L200_T-2_C100,200,-0.02,100.0,4,QAUR,0.0441403522506254,1.0
MG_L200_T-2_C100,200,-0.02,100.0,5,QAUR,-0.08843888231315378,0.0
MG_L200_T-2_C100,200,-0.02,100.0,6,QAUR,-0.19708866908054945,0.0
MG_L200_T-2_C100,200,-0.02,100.0,7,QAUR,-0.3968387122713074,0.0
MG_L200_T-2_C100,200,-0.02,100.0,8,QAUR,-0.3737639527418267,0.0
MG_L200_T-2_C100,200,-0.02,100.0,9,QAUR,-0.44025584018531017,0.0
MG_L200_T-2_C100,200,-0.02,100.0,10,QAUR,-0.37760239768220283,0.0
MG_L200_T-2_C100,200,-0.02,100.0,11,QAUR,-0.1837975633868124,0.0
MG_L200_T-2_C100,200,-0.02,100.0,12,QAUR,-0.19941731260495776,0.0
MG_L200_T-2_C100,200,-0.02,100.0,13,QAUR,-0.14332029751494912,0.0
MG_L200_T-2_C100,200,-0.02,100.0,14,QAUR,-0.14421936868846252,0.0
MG_L200_T-2_C100,200,-0.02,100.0,15,QAUR,-0.10142611179985017,0.0
MG_L200_T-2_C100,200,-0.02,100.0,16,QAUR,0.14487396522140794,1.0
MG_L200_T-2_C100,200,-0.02,100.0,17,QAUR,0.4520438962525706,1.0
MG_L200_T-2_C100,200,-0.02,100.0,18,QAUR,0.22544947948843408,1.0
MG_L200_T-2_C100,200,-0.02,100.0,19,QAUR,0.11054827751242069,1.0
MG_L200_T-2_C100,200,-0.02,100.0,20,QAUR,0.1587659119408098,1.0
MG_L200_T-2_C100,200,-0.02,100.0,21,QAUR,0.18880439408770444,1.0
MG_L200_T-2_C100,200,-0.02,100.0,22,QAUR,0.17838834773926027,1.0
MG_L200_T-2_C100,200,-0.02,100.0,23,QAUR,0.15508163938770791,1.0
MG_L200_T-2_C100,200,-0.02,100.0,24,QAUR,0.06415329461012842,1.0
MG_L200_T-2_C100,200,-0.02,100.0,25,QAUR,0.007385124063168602,1.0
MG_L200_T-2_C100,200,-0.02,100.0,26,QAUR,-0.00829424464306261,1.0
MG_L200_T-2_C100,200,-0.02,100.0,27,QAUR,0.008245329156425951,1.0
MG_L200_T-2_C100,200,-0.02,100.0,28,QAUR,0.002903571174308839,1.0
MG_L200_T-2_C100,200,-0.02,100.0,29,QAUR,0.06842612972916484,1.0
MG_L200_T-2_C100,200,-0.02,100.0,30,QAUR,0.0421060245404532,1.0
MG_L200_T-2_C100,200,-0.02,100.0,31,QAUR,0.014963648550005537,1.0
MG_L200_T-2_C100,200,-0.02,100.0,32,QAUR,0.028535845074565858,1.0
MG_L200_T-2_C100,200,-0.02,100.0,33,QAUR,0.02432265947919432,1.0
MG_L200_T-2_C100,200,-0.02,100.0,34,QAUR,0.014381381675749427,1.0
MG_L200_T-2_C100,200,-0.02,100.0,35,QAUR,0.09989182676720487,1.0
MG_L200_T-2_C100,200,-0.02,100.0,36,QAUR,0.017882389433266255,1.0
MG_L200_T-2_C100,200,-0.02,100.0,37,QAUR,-0.05715976466272432,0.0
MG_L200_T-2_C100,200,-0.02,100.0,38,QAUR,0.08982983272400236,1.0
MG_L200_T-2_C100,200,-0.02,100.0,39,QAUR,0.1034491663640702,1.0
MG_L200_T-2_C100,200,-0.02,100.0,40,QAUR,0.19617259048555713,1.0
MG_L200_T-2_C100,200,-0.02,100.0,41,QAUR,0.23469952307591102,1.0
MG_L200_T-2_C100,200,-0.02,100.0,42,QAUR,0.22981627975756602,1.0
MG_L200_T-2_C100,200,-0.02,100.0,43,QAUR,0.1963610703699803,1.0
MG_L200_T-2_C100,200,-0.02,100.0,44,QAUR,0.16341064261581817,1.0
MG_L200_T-2_C100,200,-0.02,100.0,45,QAUR,0.13722353858975955,1.0
MG_L200_T-2_C100,200,-0.02,100.0,46,QAUR,0.2537465845701552,1.0
MG_L200_T-2_C100,200,-0.02,100.0,47,QAUR,0.24721831783946957,1.0
MG_L200_T-2_C100,200,-0.02,100.0,48,QAUR,0.14309914324428008,1.0
MG_L200_T-2_C100,200,-0.02,100.0,49,QAUR,0.11144421822550288,1.0
MG_L200_T-2_C100,200,-0.02,100.0,50,QAUR,0.01597275545475285,1.0
MG_L200_T-2_C100,200,-0.02,100.0,51,QAUR,-0.013128664144009816,1.0
MG_L200_T-2_C100,200,-0.02,100.0,52,QAUR,-0.061602016663808046,0.0
MG_L200_T0_C0,200,0.0,0.0,0,AUR,0.7318504156513077,1.0
MG_L200_T0_C0,200,0.0,0.0,1,AUR,0.6027951316368807,1.0
MG_L200_T0_C0,200,0.0,0.0,2,AUR,0.32936233495022904,1.0
MG_L200_T0_C0,200,0.0,0.0,3,AUR,0.045109105945755124,1.0
MG_L200_T0_C0,200,0.0,0.0,4,AUR,0.0441403522506254,1.0
MG_L200_T0_C0,200,0.0,0.0,5,AUR,-0.08843888231315378,0.0
MG_L200_T0_C0,200,0.0,0.0,6,AUR,-0.19708866908054945,0.0
MG_L200_T0_C0,200,0.0,0.0,7,AUR,-0.3968387122713074,0.0
MG_L200_T0_C0,200,0.0,0.0,8,AUR,-0.3737639527418267,0.0
MG_L200_T0_C0,200,0.0,0.0,9,AUR,-0.44025584018531017,0.0
MG_L200_T0_C0,200,0.0,0.0,10,AUR,-0.37760239768220283,0.0
MG_L200_T0_C0,200,0.0,0.0,11,AUR,-0.1837975633868124,0.0
MG_L200_T0_C0,200,0.0,0.0,12,AUR,-0.19941731260495776,0.0
MG_L200_T0_C0,200,0.0,0.0,13,AUR,-0.14332029751494912,0.0
MG_L200_T0_C0,200,0.0,0.0,14,AUR,-0.14421936868846252,0.0
MG_L200_T0_C0,200,0.0,0.0,15,AUR,-0.10142611179985017,0.0
MG_L200_T0_C0,200,0.0,0.0,16,AUR,0.14487396522140794,1.0
MG_L200_T0_C0,200,0.0,0.0,17,AUR,0.4520438962525706,1.0
MG_L200_T0_C0,200,0.0,0.0,18,AUR,0.22544947948843408,1.0
MG_L200_T0_C0,200,0.0,0.0,19,AUR,0.11054827751242069,1.0
MG_L200_T0_C0,200,0.0,0.0,20,AUR,0.1587659119408098,1.0
MG_L200_T0_C0,200,0.0,0.0,21,AUR,0.18880439408770444,1.0
MG_L200_T0_C0,200,0.0,0.0,22,AUR,0.17838834773926027,1.0
MG_L200_T0_C0,200,0.0,0.0,23,AUR,0.15508163938770791,1.0
MG_L200_T0_C0,200,0.0,0.0,24,AUR,0.06415329461012842,1.0
MG_L200_T0_C0,200,0.0,0.0,25,AUR,0.007385124063168602,1.0
MG_L200_T0_C0,200,0.0,0.0,26,AUR,-0.00829424464306261,0.0
MG_L200_T0_C0,200,0.0,0.0,27,AUR,0.008245329156425951,1.0
MG_L200_T0_C0,200,0.0,0.0,28,AUR,0.002903571174308839,1.0
MG_L200_T0_C0,200,0.0,0.0,29,AUR,0.06842612972916484,1.0
MG_L200_T0_C0,200,0.0,0.0,30,AUR,0.0421060245404532,1.0
MG_L200_T0_C0,200,0.0,0.0,31,AUR,0.014963648550005537,1.0
MG_L200_T0_C0,200,0.0,0.0,32,AUR,0.028535845074565858,1.0
MG_L200_T0_C0,200,0.0,0.0,33,AUR,0.02432265947919432,1.0
MG_L200_T0_C0,200,0.0,0.0,34,AUR,0.014381381675749427,1.0
MG_L200_T0_C0,200,0.0,0.0,35,AUR,0.09989182676720487,1.0
MG_L200_T0_C0,200,0.0,0.0,36,AUR,0.017882389433266255,1.0
MG_L200_T0_C0,200,0.0,0.0,37,AUR,-0.05715976466272432,0.0
MG_L200_T0_C0,200,0.0,0.0,38,AUR,0.08982983272400236,1.0
MG_L200_T0_C0,200,0.0,0.0,39,AUR,0.1034491663640702,1.0
MG_L200_T0_C0,200,0.0,0.0,40,AUR,0.19617259048555713,1.0
MG_L200_T0_C0,200,0.0,0.0,41,AUR,0.23469952307591102,1.0
MG_L200_T0_C0,200,0.0,0.0,42,AUR,0.22981627975756602,1.0
MG_L200_T0_C0,200,0.0,0.0,43,AUR,0.1963610703699803,1.0
MG_L200_T0_C0,200,0.0,0.0,44,AUR,0.16341064261581817,1.0
MG_L200_T0_C0,200,0.0,0.0,45,AUR,0.13722353858975955,1.0
MG_L200_T0_C0,200,0.0,0.0,46,AUR,0.2537465845701552,1.0
MG_L200_T0_C0,200,0.0,0.0,47,AUR,0.24721831783946957,1.0
MG_L200_T0_C0,200,0.0,0.0,48,AUR,0.14309914324428008,1.0
MG_L200_T0_C0,200,0.0,0.0,49,AUR,0.11144421822550288,1.0
MG_L200_T0_C0,200,0.0,0.0,50,AUR,0.01597275545475285,1.0
MG_L200_T0_C0,200,0.0,0.0,51,AUR,-0.013128664144009816,0.0
MG_L200_T0_C0,200,0.0,0.0,52,AUR,-0.061602016663808046,0.0
MG_L200_T0_C0,200,0.0,0.0,0,QAUR,0.7318504156513077,1.0
MG_L200_T0_C0,200,0.0,0.0,1,QAUR,0.6027951316368807,1.0
MG_L200_T0_C0,200,0.0,0.0,2,QAUR,0.32936233495022904,1.0
MG_L200_T0_C0,200,0.0,0.0,3,QAUR,0.045109105945755124,1.0
MG_L200_T0_C0,200,0.0,0.0,4,QAUR,0.0441403522506254,1.0
MG_L200_T0_C0,200,0.0,0.0,5,QAUR,-0.08843888231315378,0.0
MG_L200_T0_C0,200,0.0,0.0,6,QAUR,-0.19708866908054945,0.0
MG_L200_T0_C0,200,0.0,0.0,7,QAUR,-0.3968387122713074,0.0
MG_L200_T0_C0,200,0.0,0.0,8,QAUR,-0.3737639527418267,0.0
MG_L200_T0_C0,200,0.0,0.0,9,QAUR,-0.44025584018531017,0.0
MG_L200_T0_C0,200,0.0,0.0,10,QAUR,-0.37760239768220283,0.0
MG_L200_T0_C0,200,0.0,0.0,11,QAUR,-0.1837975633868124,0.0
MG_L200_T0_C0,200,0.0,0.0,12,QAUR,-0.19941731260495776,0.0
MG_L200_T0_C0,200,0.0,0.0,13,QAUR,-0.14332029751494912,0.0
MG_L200_T0_C0,200,0.0,0.0,14,QAUR,-0.14421936868846252,0.0
MG_L200_T0_C0,200,0.0,0.0,15,QAUR,-0.10142611179985017,0.0
MG_L200_T0_C0,200,0.0,0.0,16,QAUR,0.14487396522140794,1.0
MG_L200_T0_C0,200,0.0,0.0,17,QAUR,0.4520438962525706,1.0
MG_L200_T0_C0,200,0.0,0.0,18,QAUR,0.22544947948843408,1.0
MG_L200_T0_C0,200,0.0,0.0,19,QAUR,0.11054827751242069,1.0
MG_L200_T0_C0,200,0.0,0.0,20,QAUR,0.1587659119408098,1.0
MG_L200_T0_C0,200,0.0,0.0,21,QAUR,0.18880439408770444,1.0
MG_L200_T0_C0,200,0.0,0.0,22,QAUR,0.17838834773926027,1.0
MG_L200_T0_C0,200,0.0,0.0,23,QAUR,0.15508163938770791,1.0
MG_L200_T0_C0,200,0.0,0.0,24,QAUR,0.06415329461012842,1.0
MG_L200_T0_C0,200,0.0,0.0,25,QAUR,0.007385124063168602,1.0
MG_L200_T0_C0,200,0.0,0.0,26,QAUR,-0.00829424464306261,0.0
MG_L200_T0_C0,200,0.0,0.0,27,QAUR,0.008245329156425951,1.0
MG_L200_T0_C0,200,0.0,0.0,28,QAUR,0.002903571174308839,1.0
MG_L200_T0_C0,200,0.0,0.0,29,QAUR,0.06842612972916484,1.0
MG_L200_T0_C0,200,0.0,0.0,30,QAUR,0.0421060245404532,1.0
MG_L200_T0_C0,200,0.0,0.0,31,QAUR,0.014963648550005537,1.0
MG_L200_T0_C0,200,0.0,0.0,32,QAUR,0.028535845074565858,1.0
MG_L200_T0_C0,200,0.0,0.0,33,QAUR,0.02432265947919432,1.0
MG_L200_T0_C0,200,0.0,0.0,34,QAUR,0.014381381675749427,1.0
MG_L200_T0_C0,200,0.0,0.0,35,QAUR,0.09989182676720487,1.0
MG_L200_T0_C0,200,0.0,0.0,36,QAUR,0.017882389433266255,1.0
MG_L200_T0_C0,200,0.0,0.0,37,QAUR,-0.05715976466272432,0.0
MG_L200_T0_C0,200,0.0,0.0,38,QAUR,0.08982983272400236,1.0
MG_L200_T0_C0,200,0.0,0.0,39,QAUR,0.1034491663640702,1.0
MG_L200_T0_C0,200,0.0,0.0,40,QAUR,0.19617259048555713,1.0
MG_L200_T0_C0,200,0.0,0.0,41,QAUR,0.23469952307591102,1.0
MG_L200_T0_C0,200,0.0,0.0,42,QAUR,0.22981627975756602,1.0
MG_L200_T0_C0,200,0.0,0.0,43,QAUR,0.1963610703699803,1.0
MG_L200_T0_C0,200,0.0,0.0,44,QAUR,0.16341064261581817,1.0
MG_L200_T0_C0,200,0.0,0.0,45,QAUR,0.13722353858975955,1.0
MG_L200_T0_C0,200,0.0,0.0,46,QAUR,0.2537465845701552,1.0
MG_L200_T0_C0,200,0.0,0.0,47,QAUR,0.24721831783946957,1.0
MG_L200_T0_C0,200,0.0,0.0,48,QAUR,0.14309914324428008,1.0
MG_L200_T0_C0,200,0.0,0.0,49,QAUR,0.11144421822550288,1.0
MG_L200_T0_C0,200,0.0,0.0,50,QAUR,0.01597275545475285,1.0
MG_L200_T0_C0,200,0.0,0.0,51,QAUR,-0.013128664144009816,0.0
MG_L200_T0_C0,200,0.0,0.0,52,QAUR,-0.061602016663808046,0.0
MG_L200_T0_C25,200,0.0,25.0,0,AUR,0.7318504156513077,1.0
MG_L200_T0_C25,200,0.0,25.0,1,AUR,0.6027951316368807,1.0
MG_L200_T0_C25,200,0.0,25.0,2,AUR,0.32936233495022904,1.0
MG_L200_T0_C25,200,0.0,25.0,3,AUR,0.045109105945755124,1.0
MG_L200_T0_C25,200,0.0,25.0,4,AUR,0.0441403522506254,1.0
MG_L200_T0_C25,200,0.0,25.0,5,AUR,-0.08843888231315378,0.0
MG_L200_T0_C25,200,0.0,25.0,6,AUR,-0.19708866908054945,0.0
MG_L200_T0_C25,200,0.0,25.0,7,AUR,-0.3968387122713074,0.0
MG_L200_T0_C25,200,0.0,25.0,8,AUR,-0.3737639527418267,0.0
MG_L200_T0_C25,200,0.0,25.0,9,AUR,-0.44025584018531017,0.0
MG_L200_T0_C25,200,0.0,25.0,10,AUR,-0.37760239768220283,0.0
MG_L200_T0_C25,200,0.0,25.0,11,AUR,-0.1837975633868124,0.0
MG_L200_T0_C25,200,0.0,25.0,12,AUR,-0.19941731260495776,0.0
MG_L200_T0_C25,200,0.0,25.0,13,AUR,-0.14332029751494912,0.0
MG_L200_T0_C25,200,0.0,25.0,14,AUR,-0.14421936868846252,0.0
MG_L200_T0_C25,200,0.0,25.0,15,AUR,-0.10142611179985017,0.0
MG_L200_T0_C25,200,0.0,25.0,16,AUR,0.14487396522140794,1.0
MG_L200_T0_C25,200,0.0,25.0,17,AUR,0.4520438962525706,1.0
MG_L200_T0_C25,200,0.0,25.0,18,AUR,0.22544947948843408,1.0
MG_L200_T0_C25,200,0.0,25.0,19,AUR,0.11054827751242069,1.0
MG_L200_T0_C25,200,0.0,25.0,20,AUR,0.1587659119408098,1.0
MG_L200_T0_C25,200,0.0,25.0,21,AUR,0.18880439408770444,1.0
MG_L200_T0_C25,200,0.0,25.0,22,AUR,0.17838834773926027,1.0
MG_L200_T0_C25,200,0.0,25.0,23,AUR,0.15508163938770791,1.0
MG_L200_T0_C25,200,0.0,25.0,24,AUR,0.06415329461012842,1.0
MG_L200_T0_C25,200,0.0,25.0,25,AUR,0.007385124063168602,1.0
MG_L200_T0_C25,200,0.0,25.0,26,AUR,-0.00829424464306261,0.0
MG_L200_T0_C25,200,0.0,25.0,27,AUR,0.008245329156425951,1.0
MG_L200_T0_C25,200,0.0,25.0,28,AUR,0.002903571174308839,1.0
MG_L200_T0_C25,200,0.0,25.0,29,AUR,0.06842612972916484,1.0
MG_L200_T0_C25,200,0.0,25.0,30,AUR,0.0421060245404532,1.0
MG_L200_T0_C25,200,0.0,25.0,31,AUR,0.014963648550005537,1.0
MG_L200_T0_C25,200,0.0,25.0,32,AUR,0.028535845074565858,1.0
MG_L200_T0_C25,200,0.0,25.0,33,AUR,0.02432265947919432,1.0
MG_L200_T0_C25,200,0.0,25.0,34,AUR,0.014381381675749427,1.0
MG_L200_T0_C25,200,0.0,25.0,35,AUR,0.09989182676720487,1.0
MG_L200_T0_C25,200,0.0,25.0,36,AUR,0.017882389433266255,1.0
MG_L200_T0_C25,200,0.0,25.0,37,AUR,-0.05715976466272432,0.0
MG_L200_T0_C25,200,0.0,25.0,38,AUR,0.08982983272400236,1.0
MG_L200_T0_C25,200,0.0,25.0,39,AUR,0.1034491663640702,1.0
MG_L200_T0_C25,200,0.0,25.0,40,AUR,0.19617259048555713,1.0
MG_L200_T0_C25,200,0.0,25.0,41,AUR,0.23469952307591102,1.0
MG_L200_T0_C25,200,0.0,25.0,42,AUR,0.22981627975756602,1.0
MG_L200_T0_C25,200,0.0,25.0,43,AUR,0.1963610703699803,1.0
MG_L200_T0_C25,200,0.0,25.0,44,AUR,0.16341064261581817,1.0
MG_L200_T0_C25,200,0.0,25.0,45,AUR,0.13722353858975955,1.0
MG_L200_T0_C25,200,0.0,25.0,46,AUR,0.2537465845701552,1.0
MG_L200_T0_C25,200,0.0,25.0,47,AUR,0.24721831783946957,1.0
MG_L200_T0_C25,200,0.0,25.0,48,AUR,0.14309914324428008,1.0
MG_L200_T0_C25,200,0.0,25.0,49,AUR,0.11144421822550288,1.0
MG_L200_T0_C25,200,0.0,25.0,50,AUR,0.01597275545475285,1.0
MG_L200_T0_C25,200,0.0,25.0,51,AUR,-0.013128664144009816,0.0
MG_L200_T0_C25,200,0.0,25.0,52,AUR,-0.061602016663808046,0.0
MG_L200_T0_C25,200,0.0,25.0,0,QAUR,0.7318504156513077,1.0
MG_L200_T0_C25,200,0.0,25.0,1,QAUR,0.6027951316368807,1.0
MG_L200_T0_C25,200,0.0,25.0,2,QAUR,0.32936233495022904,1.0
MG_L200_T0_C25,200,0.0,25.0,3,QAUR,0.045109105945755124,1.0
MG_L200_T0_C25,200,0.0,25.0,4,QAUR,0.0441403522506254,1.0
MG_L200_T0_C25,200,0.0,25.0,5,QAUR,-0.08843888231315378,0.0
MG_L200_T0_C25,200,0.0,25.0,6,QAUR,-0.19708866908054945,0.0
MG_L200_T0_C25,200,0.0,25.0,7,QAUR,-0.3968387122713074,0.0
MG_L200_T0_C25,200,0.0,25.0,8,QAUR,-0.3737639527418267,0.0
MG_L200_T0_C25,200,0.0,25.0,9,QAUR,-0.44025584018531017,0.0
MG_L200_T0_C25,200,0.0,25.0,10,QAUR,-0.37760239768220283,0.0
MG_L200_T0_C25,200,0.0,25.0,11,QAUR,-0.1837975633868124,0.0
MG_L200_T0_C25,200,0.0,25.0,12,QAUR,-0.19941731260495776,0.0
MG_L200_T0_C25,200,0.0,25.0,13,QAUR,-0.14332029751494912,0.0
MG_L200_T0_C25,200,0.0,25.0,14,QAUR,-0.14421936868846252,0.0
MG_L200_T0_C25,200,0.0,25.0,15,QAUR,-0.10142611179985017,0.0
MG_L200_T0_C25,200,0.0,25.0,16,QAUR,0.14487396522140794,1.0
MG_L200_T0_C25,200,0.0,25.0,17,QAUR,0.4520438962525706,1.0
MG_L200_T0_C25,200,0.0,25.0,18,QAUR,0.22544947948843408,1.0
MG_L200_T0_C25,200,0.0,25.0,19,QAUR,0.11054827751242069,1.0
MG_L200_T0_C25,200,0.0,25.0,20,QAUR,0.1587659119408098,1.0
MG_L200_T0_C25,200,0.0,25.0,21,QAUR,0.18880439408770444,1.0
MG_L200_T0_C25,200,0.0,25.0,22,QAUR,0.17838834773926027,1.0
MG_L200_T0_C25,200,0.0,25.0,23,QAUR,0.15508163938770791,1.0
MG_L200_T0_C25,200,0.0,25.0,24,QAUR,0.06415329461012842,1.0
MG_L200_T0_C25,200,0.0,25.0,25,QAUR,0.007385124063168602,1.0
MG_L200_T0_C25,200,0.0,25.0,26,QAUR,-0.00829424464306261,0.0
MG_L200_T0_C25,200,0.0,25.0,27,QAUR,0.008245329156425951,1.0
MG_L200_T0_C25,200,0.0,25.0,28,QAUR,0.002903571174308839,1.0
MG_L200_T0_C25,200,0.0,25.0,29,QAUR,0.06842612972916484,1.0
MG_L200_T0_C25,200,0.0,25.0,30,QAUR,0.0421060245404532,1.0
MG_L200_T0_C25,200,0.0,25.0,31,QAUR,0.014963648550005537,1.0
MG_L200_T0_C25,200,0.0,25.0,32,QAUR,0.028535845074565858,1.0
MG_L200_T0_C25,200,0.0,25.0,33,QAUR,0.02432265947919432,1.0
MG_L200_T0_C25,200,0.0,25.0,34,QAUR,0.014381381675749427,1.0
MG_L200_T0_C25,200,0.0,25.0,35,QAUR,0.09989182676720487,1.0
MG_L200_T0_C25,200,0.0,25.0,36,QAUR,0.017882389433266255,1.0
MG_L200_T0_C25,200,0.0,25.0,37,QAUR,-0.05715976466272432,0.0
MG_L200_T0_C25,200,0.0,25.0,38,QAUR,0.08982983272400236,1.0
MG_L200_T0_C25,200,0.0,25.0,39,QAUR,0.1034491663640702,1.0
MG_L200_T0_C25,200,0.0,25.0,40,QAUR,0.19617259048555713,1.0
MG_L200_T0_C25,200,0.0,25.0,41,QAUR,0.23469952307591102,1.0
MG_L200_T0_C25,200,0.0,25.0,42,QAUR,0.22981627975756602,1.0
MG_L200_T0_C25,200,0.0,25.0,43,QAUR,0.1963610703699803,1.0
MG_L200_T0_C25,200,0.0,25.0,44,QAUR,0.16341064261581817,1.0
MG_L200_T0_C25,200,0.0,25.0,45,QAUR,0.13722353858975955,1.0
MG_L200_T0_C25,200,0.0,25.0,46,QAUR,0.2537465845701552,1.0
MG_L200_T0_C25,200,0.0,25.0,47,QAUR,0.24721831783946957,1.0
MG_L200_T0_C25,200,0.0,25.0,48,QAUR,0.14309914324428008,1.0
MG_L200_T0_C25,200,0.0,25.0,49,QAUR,0.11144421822550288,1.0
MG_L200_T0_C25,200,0.0,25.0,50,QAUR,0.01597275545475285,1.0
MG_L200_T0_C25,200,0.0,25.0,51,QAUR,-0.013128664144009816,0.0
MG_L200_T0_C25,200,0.0,25.0,52,QAUR,-0.061602016663808046,0.0
MG_L200_T0_C50,200,0.0,50.0,0,AUR,0.7318504156513077,1.0
MG_L200_T0_C50,200,0.0,50.0,1,AUR,0.6027951316368807,1.0
MG_L200_T0_C50,200,0.0,50.0,2,AUR,0.32936233495022904,1.0
MG_L200_T0_C50,200,0.0,50.0,3,AUR,0.045109105945755124,1.0
MG_L200_T0_C50,200,0.0,50.0,4,AUR,0.0441403522506254,1.0
MG_L200_T0_C50,200,0.0,50.0,5,AUR,-0.08843888231315378,0.0
MG_L200_T0_C50,200,0.0,50.0,6,AUR,-0.19708866908054945,0.0
MG_L200_T0_C50,200,0.0,50.0,7,AUR,-0.3968387122713074,0.0
MG_L200_T0_C50,200,0.0,50.0,8,AUR,-0.3737639527418267,0.0
MG_L200_T0_C50,200,0.0,50.0,9,AUR,-0.44025584018531017,0.0
MG_L200_T0_C50,200,0.0,50.0,10,AUR,-0.37760239768220283,0.0
MG_L200_T0_C50,200,0.0,50.0,11,AUR,-0.1837975633868124,0.0
MG_L200_T0_C50,200,0.0,50.0,12,AUR,-0.19941731260495776,0.0
MG_L200_T0_C50,200,0.0,50.0,13,AUR,-0.14332029751494912,0.0
MG_L200_T0_C50,200,0.0,50.0,14,AUR,-0.14421936868846252,0.0
MG_L200_T0_C50,200,0.0,50.0,15,AUR,-0.10142611179985017,0.0
MG_L200_T0_C50,200,0.0,50.0,16,AUR,0.14487396522140794,1.0
MG_L200_T0_C50,200,0.0,50.0,17,AUR,0.4520438962525706,1.0
MG_L200_T0_C50,200,0.0,50.0,18,AUR,0.22544947948843408,1.0
MG_L200_T0_C50,200,0.0,50.0,19,AUR,0.11054827751242069,1.0
MG_L200_T0_C50,200,0.0,50.0,20,AUR,0.1587659119408098,1.0
MG_L200_T0_C50,200,0.0,50.0,21,AUR,0.18880439408770444,1.0
MG_L200_T0_C50,200,0.0,50.0,22,AUR,0.17838834773926027,1.0
MG_L200_T0_C50,200,0.0,50.0,23,AUR,0.15508163938770791,1.0
MG_L200_T0_C50,200,0.0,50.0,24,AUR,0.06415329461012842,1.0
MG_L200_T0_C50,200,0.0,50.0,25,AUR,0.007385124063168602,1.0
MG_L200_T0_C50,200,0.0,50.0,26,AUR,-0.00829424464306261,0.0
MG_L200_T0_C50,200,0.0,50.0,27,AUR,0.008245329156425951,1.0
MG_L200_T0_C50,200,0.0,50.0,28,AUR,0.002903571174308839,1.0
MG_L200_T0_C50,200,0.0,50.0,29,AUR,0.06842612972916484,1.0
MG_L200_T0_C50,200,0.0,50.0,30,AUR,0.0421060245404532,1.0
MG_L200_T0_C50,200,0.0,50.0,31,AUR,0.014963648550005537,1.0
MG_L200_T0_C50,200,0.0,50.0,32,AUR,0.028535845074565858,1.0
MG_L200_T0_C50,200,0.0,50.0,33,AUR,0.02432265947919432,1.0
MG_L200_T0_C50,200,0.0,50.0,34,AUR,0.014381381675749427,1.0
MG_L200_T0_C50,200,0.0,50.0,35,AUR,0.09989182676720487,1.0
MG_L200_T0_C50,200,0.0,50.0,36,AUR,0.017882389433266255,1.0
MG_L200_T0_C50,200,0.0,50.0,37,AUR,-0.05715976466272432,0.0
MG_L200_T0_C50,200,0.0,50.0,38,AUR,0.08982983272400236,1.0
MG_L200_T0_C50,200,0.0,50.0,39,AUR,0.1034491663640702,1.0
MG_L200_T0_C50,200,0.0,50.0,40,AUR,0.19617259048555713,1.0
MG_L200_T0_C50,200,0.0,50.0,41,AUR,0.23469952307591102,1.0
MG_L200_T0_C50,200,0.0,50.0,42,AUR,0.22981627975756602,1.0
MG_L200_T0_C50,200,0.0,50.0,43,AUR,0.1963610703699803,1.0
MG_L200_T0_C50,200,0.0,50.0,44,AUR,0.16341064261581817,1.0
MG_L200_T0_C50,200,0.0,50.0,45,AUR,0.13722353858975955,1.0
MG_L200_T0_C50,200,0.0,50.0,46,AUR,0.2537465845701552,1.0
MG_L200_T0_C50,200,0.0,50.0,47,AUR,0.24721831783946957,1.0
MG_L200_T0_C50,200,0.0,50.0,48,AUR,0.14309914324428008,1.0
MG_L200_T0_C50,200,0.0,50.0,49,AUR,0.11144421822550288,1.0
MG_L200_T0_C50,200,0.0,50.0,50,AUR,0.01597275545475285,1.0
MG_L200_T0_C50,200,0.0,50.0,51,AUR,-0.013128664144009816,0.0
MG_L200_T0_C50,200,0.0,50.0,52,AUR,-0.061602016663808046,0.0
MG_L200_T0_C50,200,0.0,50.0,0,QAUR,0.7318504156513077,1.0
MG_L200_T0_C50,200,0.0,50.0,1,QAUR,0.6027951316368807,1.0
MG_L200_T0_C50,200,0.0,50.0,2,QAUR,0.32936233495022904,1.0
MG_L200_T0_C50,200,0.0,50.0,3,QAUR,0.045109105945755124,1.0
MG_L200_T0_C50,200,0.0,50.0,4,QAUR,0.0441403522506254,1.0
MG_L200_T0_C50,200,0.0,50.0,5,QAUR,-0.08843888231315378,0.0
MG_L200_T0_C50,200,0.0,50.0,6,QAUR,-0.19708866908054945,0.0
MG_L200_T0_C50,200,0.0,50.0,7,QAUR,-0.3968387122713074,0.0
MG_L200_T0_C50,200,0.0,50.0,8,QAUR,-0.3737639527418267,0.0
MG_L200_T0_C50,200,0.0,50.0,9,QAUR,-0.44025584018531017,0.0
MG_L200_T0_C50,200,0.0,50.0,10,QAUR,-0.37760239768220283,0.0
MG_L200_T0_C50,200,0.0,50.0,11,QAUR,-0.1837975633868124,0.0
MG_L200_T0_C50,200,0.0,50.0,12,QAUR,-0.19941731260495776,0.0
MG_L200_T0_C50,200,0.0,50.0,13,QAUR,-0.14332029751494912,0.0
MG_L200_T0_C50,200,0.0,50.0,14,QAUR,-0.14421936868846252,0.0
MG_L200_T0_C50,200,0.0,50.0,15,QAUR,-0.10142611179985017,0.0
MG_L200_T0_C50,200,0.0,50.0,16,QAUR,0.14487396522140794,1.0
MG_L200_T0_C50,200,0.0,50.0,17,QAUR,0.4520438962525706,1.0
MG_L200_T0_C50,200,0.0,50.0,18,QAUR,0.22544947948843408,1.0
MG_L200_T0_C50,200,0.0,50.0,19,QAUR,0.11054827751242069,1.0
MG_L200_T0_C50,200,0.0,50.0,20,QAUR,0.1587659119408098,1.0
MG_L200_T0_C50,200,0.0,50.0,21,QAUR,0.18880439408770444,1.0
MG_L200_T0_C50,200,0.0,50.0,22,QAUR,0.17838834773926027,1.0
MG_L200_T0_C50,200,0.0,50.0,23,QAUR,0.15508163938770791,1.0
MG_L200_T0_C50,200,0.0,50.0,24,QAUR,0.06415329461012842,1.0
MG_L200_T0_C50,200,0.0,50.0,25,QAUR,0.007385124063168602,1.0
MG_L200_T0_C50,200,0.0,50.0,26,QAUR,-0.00829424464306261,0.0
MG_L200_T0_C50,200,0.0,50.0,27,QAUR,0.008245329156425951,1.0
MG_L200_T0_C50,200,0.0,50.0,28,QAUR,0.002903571174308839,1.0
MG_L200_T0_C50,200,0.0,50.0,29,QAUR,0.06842612972916484,1.0
MG_L200_T0_C50,200,0.0,50.0,30,QAUR,0.0421060245404532,1.0
MG_L200_T0_C50,200,0.0,50.0,31,QAUR,0.014963648550005537,1.0
MG_L200_T0_C50,200,0.0,50.0,32,QAUR,0.028535845074565858,1.0
MG_L200_T0_C50,200,0.0,50.0,33,QAUR,0.02432265947919432,1.0
MG_L200_T0_C50,200,0.0,50.0,34,QAUR,0.014381381675749427,1.0
MG_L200_T0_C50,200,0.0,50.0,35,QAUR,0.09989182676720487,1.0
MG_L200_T0_C50,200,0.0,50.0,36,QAUR,0.017882389433266255,1.0
MG_L200_T0_C50,200,0.0,50.0,37,QAUR,-0.05715976466272432,0.0
MG_L200_T0_C50,200,0.0,50.0,38,QAUR,0.08982983272400236,1.0
MG_L200_T0_C50,200,0.0,50.0,39,QAUR,0.1034491663640702,1.0
MG_L200_T0_C50,200,0.0,50.0,40,QAUR,0.19617259048555713,1.0
MG_L200_T0_C50,200,0.0,50.0,41,QAUR,0.23469952307591102,1.0
MG_L200_T0_C50,200,0.0,50.0,42,QAUR,0.22981627975756602,1.0
MG_L200_T0_C50,200,0.0,50.0,43,QAUR,0.1963610703699803,1.0
MG_L200_T0_C50,200,0.0,50.0,44,QAUR,0.16341064261581817,1.0
MG_L200_T0_C50,200,0.0,50.0,45,QAUR,0.13722353858975955,1.0
MG_L200_T0_C50,200,0.0,50.0,46,QAUR,0.2537465845701552,1.0
MG_L200_T0_C50,200,0.0,50.0,47,QAUR,0.24721831783946957,1.0
MG_L200_T0_C50,200,0.0,50.0,48,QAUR,0.14309914324428008,1.0
MG_L200_T0_C50,200,0.0,50.0,49,QAUR,0.11144421822550288,1.0
MG_L200_T0_C50,200,0.0,50.0,50,QAUR,0.01597275545475285,1.0
MG_L200_T0_C50,200,0.0,50.0,51,QAUR,-0.013128664144009816,0.0
MG_L200_T0_C50,200,0.0,50.0,52,QAUR,-0.061602016663808046,0.0
MG_L200_T0_C100,200,0.0,100.0,0,AUR,0.7318504156513077,1.0
MG_L200_T0_C100,200,0.0,100.0,1,AUR,0.6027951316368807,1.0
MG_L200_T0_C100,200,0.0,100.0,2,AUR,0.32936233495022904,1.0
MG_L200_T0_C100,200,0.0,100.0,3,AUR,0.045109105945755124,1.0
MG_L200_T0_C100,200,0.0,100.0,4,AUR,0.0441403522506254,1.0
MG_L200_T0_C100,200,0.0,100.0,5,AUR,-0.08843888231315378,0.0
MG_L200_T0_C100,200,0.0,100.0,6,AUR,-0.19708866908054945,0.0
MG_L200_T0_C100,200,0.0,100.0,7,AUR,-0.3968387122713074,0.0
MG_L200_T0_C100,200,0.0,100.0,8,AUR,-0.3737639527418267,0.0
MG_L200_T0_C100,200,0.0,100.0,9,AUR,-0.44025584018531017,0.0
MG_L200_T0_C100,200,0.0,100.0,10,AUR,-0.37760239768220283,0.0
MG_L200_T0_C100,200,0.0,100.0,11,AUR,-0.1837975633868124,0.0
MG_L200_T0_C100,200,0.0,100.0,12,AUR,-0.19941731260495776,0.0
MG_L200_T0_C100,200,0.0,100.0,13,AUR,-0.14332029751494912,0.0
MG_L200_T0_C100,200,0.0,100.0,14,AUR,-0.14421936868846252,0.0
MG_L200_T0_C100,200,0.0,100.0,15,AUR,-0.10142611179985017,0.0
MG_L200_T0_C100,200,0.0,100.0,16,AUR,0.14487396522140794,1.0
MG_L200_T0_C100,200,0.0,100.0,17,AUR,0.4520438962525706,1.0
MG_L200_T0_C100,200,0.0,100.0,18,AUR,0.22544947948843408,1.0
MG_L200_T0_C100,200,0.0,100.0,19,AUR,0.11054827751242069,1.0
MG_L200_T0_C100,200,0.0,100.0,20,AUR,0.1587659119408098,1.0
MG_L200_T0_C100,200,0.0,100.0,21,AUR,0.18880439408770444,1.0
MG_L200_T0_C100,200,0.0,100.0,22,AUR,0.17838834773926027,1.0
MG_L200_T0_C100,200,0.0,100.0,23,AUR,0.15508163938770791,1.0
MG_L200_T0_C100,200,0.0,100.0,24,AUR,0.06415329461012842,1.0
MG_L200_T0_C100,200,0.0,100.0,25,AUR,0.007385124063168602,1.0
MG_L200_T0_C100,200,0.0,100.0,26,AUR,-0.00829424464306261,0.0
MG_L200_T0_C100,200,0.0,100.0,27,AUR,0.008245329156425951,1.0
MG_L200_T0_C100,200,0.0,100.0,28,AUR,0.002903571174308839,1.0
MG_L200_T0_C100,200,0.0,100.0,29,AUR,0.06842612972916484,1.0
MG_L200_T0_C100,200,0.0,100.0,30,AUR,0.0421060245404532,1.0
MG_L200_T0_C100,200,0.0,100.0,31,AUR,0.014963648550005537,1.0
MG_L200_T0_C100,200,0.0,100.0,32,AUR,0.028535845074565858,1.0
MG_L200_T0_C100,200,0.0,100.0,33,AUR,0.02432265947919432,1.0
MG_L200_T0_C100,200,0.0,100.0,34,AUR,0.014381381675749427,1.0
MG_L200_T0_C100,200,0.0,100.0,35,AUR,0.09989182676720487,1.0
MG_L200_T0_C100,200,0.0,100.0,36,AUR,0.017882389433266255,1.0
MG_L200_T0_C100,200,0.0,100.0,37,AUR,-0.05715976466272432,0.0
MG_L200_T0_C100,200,0.0,100.0,38,AUR,0.08982983272400236,1.0
MG_L200_T0_C100,200,0.0,100.0,39,AUR,0.1034491663640702,1.0
MG_L200_T0_C100,200,0.0,100.0,40,AUR,0.19617259048555713,1.0
MG_L200_T0_C100,200,0.0,100.0,41,AUR,0.23469952307591102,1.0
MG_L200_T0_C100,200,0.0,100.0,42,AUR,0.22981627975756602,1.0
MG_L200_T0_C100,200,0.0,100.0,43,AUR,0.1963610703699803,1.0
MG_L200_T0_C100,200,0.0,100.0,44,AUR,0.16341064261581817,1.0
MG_L200_T0_C100,200,0.0,100.0,45,AUR,0.13722353858975955,1.0
MG_L200_T0_C100,200,0.0,100.0,46,AUR,0.2537465845701552,1.0
MG_L200_T0_C100,200,0.0,100.0,47,AUR,0.24721831783946957,1.0
MG_L200_T0_C100,200,0.0,100.0,48,AUR,0.14309914324428008,1.0
MG_L200_T0_C100,200,0.0,100.0,49,AUR,0.11144421822550288,1.0
MG_L200_T0_C100,200,0.0,100.0,50,AUR,0.01597275545475285,1.0
MG_L200_T0_C100,200,0.0,100.0,51,AUR,-0.013128664144009816,0.0
MG_L200_T0_C100,200,0.0,100.0,52,AUR,-0.061602016663808046,0.0
MG_L200_T0_C100,200,0.0,100.0,0,QAUR,0.7318504156513077,1.0
MG_L200_T0_C100,200,0.0,100.0,1,QAUR,0.6027951316368807,1.0
MG_L200_T0_C100,200,0.0,100.0,2,QAUR,0.32936233495022904,1.0
MG_L200_T0_C100,200,0.0,100.0,3,QAUR,0.045109105945755124,1.0
MG_L200_T0_C100,200,0.0,100.0,4,QAUR,0.0441403522506254,1.0
MG_L200_T0_C100,200,0.0,100.0,5,QAUR,-0.08843888231315378,0.0
MG_L200_T0_C100,200,0.0,100.0,6,QAUR,-0.19708866908054945,0.0
MG_L200_T0_C100,200,0.0,100.0,7,QAUR,-0.3968387122713074,0.0
MG_L200_T0_C100,200,0.0,100.0,8,QAUR,-0.3737639527418267,0.0
MG_L200_T0_C100,200,0.0,100.0,9,QAUR,-0.44025584018531017,0.0
MG_L200_T0_C100,200,0.0,100.0,10,QAUR,-0.37760239768220283,0.0
MG_L200_T0_C100,200,0.0,100.0,11,QAUR,-0.1837975633868124,0.0
MG_L200_T0_C100,200,0.0,100.0,12,QAUR,-0.19941731260495776,0.0
MG_L200_T0_C100,200,0.0,100.0,13,QAUR,-0.14332029751494912,0.0
MG_L200_T0_C100,200,0.0,100.0,14,QAUR,-0.14421936868846252,0.0
MG_L200_T0_C100,200,0.0,100.0,15,QAUR,-0.10142611179985017,0.0
MG_L200_T0_C100,200,0.0,100.0,16,QAUR,0.14487396522140794,1.0
MG_L200_T0_C100,200,0.0,100.0,17,QAUR,0.4520438962525706,1.0
MG_L200_T0_C100,200,0.0,100.0,18,QAUR,0.22544947948843408,1.0
MG_L200_T0_C100,200,0.0,100.0,19,QAUR,0.11054827751242069,1.0
MG_L200_T0_C100,200,0.0,100.0,20,QAUR,0.1587659119408098,1.0
MG_L200_T0_C100,200,0.0,100.0,21,QAUR,0.18880439408770444,1.0
MG_L200_T0_C100,200,0.0,100.0,22,QAUR,0.17838834773926027,1.0
MG_L200_T0_C100,200,0.0,100.0,23,QAUR,0.15508163938770791,1.0
MG_L200_T0_C100,200,0.0,100.0,24,QAUR,0.06415329461012842,1.0
MG_L200_T0_C100,200,0.0,100.0,25,QAUR,0.007385124063168602,1.0
MG_L200_T0_C100,200,0.0,100.0,26,QAUR,-0.00829424464306261,0.0
MG_L200_T0_C100,200,0.0,100.0,27,QAUR,0.008245329156425951,1.0
MG_L200_T0_C100,200,0.0,100.0,28,QAUR,0.002903571174308839,1.0
MG_L200_T0_C100,200,0.0,100.0,29,QAUR,0.06842612972916484,1.0
MG_L200_T0_C100,200,0.0,100.0,30,QAUR,0.0421060245404532,1.0
MG_L200_T0_C100,200,0.0,100.0,31,QAUR,0.014963648550005537,1.0
MG_L200_T0_C100,200,0.0,100.0,32,QAUR,0.028535845074565858,1.0
MG_L200_T0_C100,200,0.0,100.0,33,QAUR,0.02432265947919432,1.0
MG_L200_T0_C100,200,0.0,100.0,34,QAUR,0.014381381675749427,1.0
MG_L200_T0_C100,200,0.0,100.0,35,QAUR,0.09989182676720487,1.0
MG_L200_T0_C100,200,0.0,100.0,36,QAUR,0.017882389433266255,1.0
MG_L200_T0_C100,200,0.0,100.0,37,QAUR,-0.05715976466272432,0.0
MG_L200_T0_C100,200,0.0,100.0,38,QAUR,0.08982983272400236,1.0
MG_L200_T0_C100,200,0.0,100.0,39,QAUR,0.1034491663640702,1.0
MG_L200_T0_C100,200,0.0,100.0,40,QAUR,0.19617259048555713,1.0
MG_L200_T0_C100,200,0.0,100.0,41,QAUR,0.23469952307591102,1.0
MG_L200_T0_C100,200,0.0,100.0,42,QAUR,0.22981627975756602,1.0
MG_L200_T0_C100,200,0.0,100.0,43,QAUR,0.1963610703699803,1.0
MG_L200_T0_C100,200,0.0,100.0,44,QAUR,0.16341064261581817,1.0
MG_L200_T0_C100,200,0.0,100.0,45,QAUR,0.13722353858975955,1.0
MG_L200_T0_C100,200,0.0,100.0,46,QAUR,0.2537465845701552,1.0
MG_L200_T0_C100,200,0.0,100.0,47,QAUR,0.24721831783946957,1.0
MG_L200_T0_C100,200,0.0,100.0,48,QAUR,0.14309914324428008,1.0
MG_L200_T0_C100,200,0.0,100.0,49,QAUR,0.11144421822550288,1.0
MG_L200_T0_C100,200,0.0,100.0,50,QAUR,0.01597275545475285,1.0
MG_L200_T0_C100,200,0.0,100.0,51,QAUR,-0.013128664144009816,0.0
MG_L200_T0_C100,200,0.0,100.0,52,QAUR,-0.061602016663808046,0.0
MG_L200_T2_C0,200,0.02,0.0,0,AUR,0.7318504156513077,1.0
MG_L200_T2_C0,200,0.02,0.0,1,AUR,0.6027951316368807,1.0
MG_L200_T2_C0,200,0.02,0.0,2,AUR,0.32936233495022904,1.0
MG_L200_T2_C0,200,0.02,0.0,3,AUR,0.045109105945755124,1.0
MG_L200_T2_C0,200,0.02,0.0,4,AUR,0.0441403522506254,1.0
MG_L200_T2_C0,200,0.02,0.0,5,AUR,-0.08843888231315378,0.0
MG_L200_T2_C0,200,0.02,0.0,6,AUR,-0.19708866908054945,0.0
MG_L200_T2_C0,200,0.02,0.0,7,AUR,-0.3968387122713074,0.0
MG_L200_T2_C0,200,0.02,0.0,8,AUR,-0.3737639527418267,0.0
MG_L200_T2_C0,200,0.02,0.0,9,AUR,-0.44025584018531017,0.0
MG_L200_T2_C0,200,0.02,0.0,10,AUR,-0.37760239768220283,0.0
MG_L200_T2_C0,200,0.02,0.0,11,AUR,-0.1837975633868124,0.0
MG_L200_T2_C0,200,0.02,0.0,12,AUR,-0.19941731260495776,0.0
MG_L200_T2_C0,200,0.02,0.0,13,AUR,-0.14332029751494912,0.0
MG_L200_T2_C0,200,0.02,0.0,14,AUR,-0.14421936868846252,0.0
MG_L200_T2_C0,200,0.02,0.0,15,AUR,-0.10142611179985017,0.0
MG_L200_T2_C0,200,0.02,0.0,16,AUR,0.14487396522140794,1.0
MG_L200_T2_C0,200,0.02,0.0,17,AUR,0.4520438962525706,1.0
MG_L200_T2_C0,200,0.02,0.0,18,AUR,0.22544947948843408,1.0
MG_L200_T2_C0,200,0.02,0.0,19,AUR,0.11054827751242069,1.0
MG_L200_T2_C0,200,0.02,0.0,20,AUR,0.1587659119408098,1.0
MG_L200_T2_C0,200,0.02,0.0,21,AUR,0.18880439408770444,1.0
MG_L200_T2_C0,200,0.02,0.0,22,AUR,0.17838834773926027,1.0
MG_L200_T2_C0,200,0.02,0.0,23,AUR,0.15508163938770791,1.0
MG_L200_T2_C0,200,0.02,0.0,24,AUR,0.06415329461012842,1.0
MG_L200_T2_C0,200,0.02,0.0,25,AUR,0.007385124063168602,0.0
MG_L200_T2_C0,200,0.02,0.0,26,AUR,-0.00829424464306261,0.0
MG_L200_T2_C0,200,0.02,0.0,27,AUR,0.008245329156425951,0.0
MG_L200_T2_C0,200,0.02,0.0,28,AUR,0.002903571174308839,0.0
MG_L200_T2_C0,200,0.02,0.0,29,AUR,0.06842612972916484,1.0
MG_L200_T2_C0,200,0.02,0.0,30,AUR,0.0421060245404532,1.0
MG_L200_T2_C0,200,0.02,0.0,31,AUR,0.014963648550005537,0.0
MG_L200_T2_C0,200,0.02,0.0,32,AUR,0.028535845074565858,1.0
MG_L200_T2_C0,200,0.02,0.0,33,AUR,0.02432265947919432,1.0
MG_L200_T2_C0,200,0.02,0.0,34,AUR,0.014381381675749427,0.0
MG_L200_T2_C0,200,0.02,0.0,35,AUR,0.09989182676720487,1.0
MG_L200_T2_C0,200,0.02,0.0,36,AUR,0.017882389433266255,0.0
MG_L200_T2_C0,200,0.02,0.0,37,AUR,-0.05715976466272432,0.0
MG_L200_T2_C0,200,0.02,0.0,38,AUR,0.08982983272400236,1.0
MG_L200_T2_C0,200,0.02,0.0,39,AUR,0.1034491663640702,1.0
MG_L200_T2_C0,200,0.02,0.0,40,AUR,0.19617259048555713,1.0
MG_L200_T2_C0,200,0.02,0.0,41,AUR,0.23469952307591102,1.0
MG_L200_T2_C0,200,0.02,0.0,42,AUR,0.22981627975756602,1.0
MG_L200_T2_C0,200,0.02,0.0,43,AUR,0.1963610703699803,1.0
MG_L200_T2_C0,200,0.02,0.0,44,AUR,0.16341064261581817,1.0
MG_L200_T2_C0,200,0.02,0.0,45,AUR,0.13722353858975955,1.0
MG_L200_T2_C0,200,0.02,0.0,46,AUR,0.2537465845701552,1.0
MG_L200_T2_C0,200,0.02,0.0,47,AUR,0.24721831783946957,1.0
MG_L200_T2_C0,200,0.02,0.0,48,AUR,0.14309914324428008,1.0
MG_L200_T2_C0,200,0.02,0.0,49,AUR,0.11144421822550288,1.0
MG_L200_T2_C0,200,0.02,0.0,50,AUR,0.01597275545475285,0.0
MG_L200_T2_C0,200,0.02,0.0,51,AUR,-0.013128664144009816,0.0
MG_L200_T2_C0,200,0.02,0.0,52,AUR,-0.061602016663808046,0.0
MG_L200_T2_C0,200,0.02,0.0,0,QAUR,0.7318504156513077,1.0
MG_L200_T2_C0,200,0.02,0.0,1,QAUR,0.6027951316368807,1.0
MG_L200_T2_C0,200,0.02,0.0,2,QAUR,0.32936233495022904,1.0
MG_L200_T2_C0,200,0.02,0.0,3,QAUR,0.045109105945755124,1.0
MG_L200_T2_C0,200,0.02,0.0,4,QAUR,0.0441403522506254,1.0
MG_L200_T2_C0,200,0.02,0.0,5,QAUR,-0.08843888231315378,0.0
MG_L200_T2_C0,200,0.02,0.0,6,QAUR,-0.19708866908054945,0.0
MG_L200_T2_C0,200,0.02,0.0,7,QAUR,-0.3968387122713074,0.0
MG_L200_T2_C0,200,0.02,0.0,8,QAUR,-0.3737639527418267,0.0
MG_L200_T2_C0,200,0.02,0.0,9,QAUR,-0.44025584018531017,0.0
MG_L200_T2_C0,200,0.02,0.0,10,QAUR,-0.37760239768220283,0.0
MG_L200_T2_C0,200,0.02,0.0,11,QAUR,-0.1837975633868124,0.0
MG_L200_T2_C0,200,0.02,0.0,12,QAUR,-0.19941731260495776,0.0
MG_L200_T2_C0,200,0.02,0.0,13,QAUR,-0.14332029751494912,0.0
MG_L200_T2_C0,200,0.02,0.0,14,QAUR,-0.14421936868846252,0.0
MG_L200_T2_C0,200,0.02,0.0,15,QAUR,-0.10142611179985017,0.0
MG_L200_T2_C0,200,0.02,0.0,16,QAUR,0.14487396522140794,1.0
MG_L200_T2_C0,200,0.02,0.0,17,QAUR,0.4520438962525706,1.0
MG_L200_T2_C0,200,0.02,0.0,18,QAUR,0.22544947948843408,1.0
MG_L200_T2_C0,200,0.02,0.0,19,QAUR,0.11054827751242069,1.0
MG_L200_T2_C0,200,0.02,0.0,20,QAUR,0.1587659119408098,1.0
MG_L200_T2_C0,200,0.02,0.0,21,QAUR,0.18880439408770444,1.0
MG_L200_T2_C0,200,0.02,0.0,22,QAUR,0.17838834773926027,1.0
MG_L200_T2_C0,200,0.02,0.0,23,QAUR,0.15508163938770791,1.0
MG_L200_T2_C0,200,0.02,0.0,24,QAUR,0.06415329461012842,1.0
MG_L200_T2_C0,200,0.02,0.0,25,QAUR,0.007385124063168602,0.0
MG_L200_T2_C0,200,0.02,0.0,26,QAUR,-0.00829424464306261,0.0
MG_L200_T2_C0,200,0.02,0.0,27,QAUR,0.008245329156425951,0.0
MG_L200_T2_C0,200,0.02,0.0,28,QAUR,0.002903571174308839,0.0
MG_L200_T2_C0,200,0.02,0.0,29,QAUR,0.06842612972916484,1.0
MG_L200_T2_C0,200,0.02,0.0,30,QAUR,0.0421060245404532,1.0
MG_L200_T2_C0,200,0.02,0.0,31,QAUR,0.014963648550005537,0.0
MG_L200_T2_C0,200,0.02,0.0,32,QAUR,0.028535845074565858,1.0
MG_L200_T2_C0,200,0.02,0.0,33,QAUR,0.02432265947919432,1.0
MG_L200_T2_C0,200,0.02,0.0,34,QAUR,0.014381381675749427,0.0
MG_L200_T2_C0,200,0.02,0.0,35,QAUR,0.09989182676720487,1.0
MG_L200_T2_C0,200,0.02,0.0,36,QAUR,0.017882389433266255,0.0
MG_L200_T2_C0,200,0.02,0.0,37,QAUR,-0.05715976466272432,0.0
MG_L200_T2_C0,200,0.02,0.0,38,QAUR,0.08982983272400236,1.0
MG_L200_T2_C0,200,0.02,0.0,39,QAUR,0.1034491663640702,1.0
MG_L200_T2_C0,200,0.02,0.0,40,QAUR,0.19617259048555713,1.0
MG_L200_T2_C0,200,0.02,0.0,41,QAUR,0.23469952307591102,1.0
MG_L200_T2_C0,200,0.02,0.0,42,QAUR,0.22981627975756602,1.0
MG_L200_T2_C0,200,0.02,0.0,43,QAUR,0.1963610703699803,1.0
MG_L200_T2_C0,200,0.02,0.0,44,QAUR,0.16341064261581817,1.0
MG_L200_T2_C0,200,0.02,0.0,45,QAUR,0.13722353858975955,1.0
MG_L200_T2_C0,200,0.02,0.0,46,QAUR,0.2537465845701552,1.0
MG_L200_T2_C0,200,0.02,0.0,47,QAUR,0.24721831783946957,1.0
MG_L200_T2_C0,200,0.02,0.0,48,QAUR,0.14309914324428008,1.0
MG_L200_T2_C0,200,0.02,0.0,49,QAUR,0.11144421822550288,1.0
MG_L200_T2_C0,200,0.02,0.0,50,QAUR,0.01597275545475285,0.0
MG_L200_T2_C0,200,0.02,0.0,51,QAUR,-0.013128664144009816,0.0
MG_L200_T2_C0,200,0.02,0.0,52,QAUR,-0.061602016663808046,0.0
MG_L200_T2_C25,200,0.02,25.0,0,AUR,0.7318504156513077,1.0
MG_L200_T2_C25,200,0.02,25.0,1,AUR,0.6027951316368807,1.0
MG_L200_T2_C25,200,0.02,25.0,2,AUR,0.32936233495022904,1.0
MG_L200_T2_C25,200,0.02,25.0,3,AUR,0.045109105945755124,1.0
MG_L200_T2_C25,200,0.02,25.0,4,AUR,0.0441403522506254,1.0
MG_L200_T2_C25,200,0.02,25.0,5,AUR,-0.08843888231315378,0.0
MG_L200_T2_C25,200,0.02,25.0,6,AUR,-0.19708866908054945,0.0
MG_L200_T2_C25,200,0.02,25.0,7,AUR,-0.3968387122713074,0.0
MG_L200_T2_C25,200,0.02,25.0,8,AUR,-0.3737639527418267,0.0
MG_L200_T2_C25,200,0.02,25.0,9,AUR,-0.44025584018531017,0.0
MG_L200_T2_C25,200,0.02,25.0,10,AUR,-0.37760239768220283,0.0
MG_L200_T2_C25,200,0.02,25.0,11,AUR,-0.1837975633868124,0.0
MG_L200_T2_C25,200,0.02,25.0,12,AUR,-0.19941731260495776,0.0
MG_L200_T2_C25,200,0.02,25.0,13,AUR,-0.14332029751494912,0.0
MG_L200_T2_C25,200,0.02,25.0,14,AUR,-0.14421936868846252,0.0
MG_L200_T2_C25,200,0.02,25.0,15,AUR,-0.10142611179985017,0.0
MG_L200_T2_C25,200,0.02,25.0,16,AUR,0.14487396522140794,1.0
MG_L200_T2_C25,200,0.02,25.0,17,AUR,0.4520438962525706,1.0
MG_L200_T2_C25,200,0.02,25.0,18,AUR,0.22544947948843408,1.0
MG_L200_T2_C25,200,0.02,25.0,19,AUR,0.11054827751242069,1.0
MG_L200_T2_C25,200,0.02,25.0,20,AUR,0.1587659119408098,1.0
MG_L200_T2_C25,200,0.02,25.0,21,AUR,0.18880439408770444,1.0
MG_L200_T2_C25,200,0.02,25.0,22,AUR,0.17838834773926027,1.0
MG_L200_T2_C25,200,0.02,25.0,23,AUR,0.15508163938770791,1.0
MG_L200_T2_C25,200,0.02,25.0,24,AUR,0.06415329461012842,1.0
MG_L200_T2_C25,200,0.02,25.0,25,AUR,0.007385124063168602,0.0
MG_L200_T2_C25,200,0.02,25.0,26,AUR,-0.00829424464306261,0.0
MG_L200_T2_C25,200,0.02,25.0,27,AUR,0.008245329156425951,0.0
MG_L200_T2_C25,200,0.02,25.0,28,AUR,0.002903571174308839,0.0
MG_L200_T2_C25,200,0.02,25.0,29,AUR,0.06842612972916484,1.0
MG_L200_T2_C25,200,0.02,25.0,30,AUR,0.0421060245404532,1.0
MG_L200_T2_C25,200,0.02,25.0,31,AUR,0.014963648550005537,0.0
MG_L200_T2_C25,200,0.02,25.0,32,AUR,0.028535845074565858,1.0
MG_L200_T2_C25,200,0.02,25.0,33,AUR,0.02432265947919432,1.0
MG_L200_T2_C25,200,0.02,25.0,34,AUR,0.014381381675749427,0.0
MG_L200_T2_C25,200,0.02,25.0,35,AUR,0.09989182676720487,1.0
MG_L200_T2_C25,200,0.02,25.0,36,AUR,0.017882389433266255,0.0
MG_L200_T2_C25,200,0.02,25.0,37,AUR,-0.05715976466272432,0.0
MG_L200_T2_C25,200,0.02,25.0,38,AUR,0.08982983272400236,1.0
MG_L200_T2_C25,200,0.02,25.0,39,AUR,0.1034491663640702,1.0
MG_L200_T2_C25,200,0.02,25.0,40,AUR,0.19617259048555713,1.0
MG_L200_T2_C25,200,0.02,25.0,41,AUR,0.23469952307591102,1.0
MG_L200_T2_C25,200,0.02,25.0,42,AUR,0.22981627975756602,1.0
MG_L200_T2_C25,200,0.02,25.0,43,AUR,0.1963610703699803,1.0
MG_L200_T2_C25,200,0.02,25.0,44,AUR,0.16341064261581817,1.0
MG_L200_T2_C25,200,0.02,25.0,45,AUR,0.13722353858975955,1.0
MG_L200_T2_C25,200,0.02,25.0,46,AUR,0.2537465845701552,1.0
MG_L200_T2_C25,200,0.02,25.0,47,AUR,0.24721831783946957,1.0
MG_L200_T2_C25,200,0.02,25.0,48,AUR,0.14309914324428008,1.0
MG_L200_T2_C25,200,0.02,25.0,49,AUR,0.11144421822550288,1.0
MG_L200_T2_C25,200,0.02,25.0,50,AUR,0.01597275545475285,0.0
MG_L200_T2_C25,200,0.02,25.0,51,AUR,-0.013128664144009816,0.0
MG_L200_T2_C25,200,0.02,25.0,52,AUR,-0.061602016663808046,0.0
MG_L200_T2_C25,200,0.02,25.0,0,QAUR,0.7318504156513077,1.0
MG_L200_T2_C25,200,0.02,25.0,1,QAUR,0.6027951316368807,1.0
MG_L200_T2_C25,200,0.02,25.0,2,QAUR,0.32936233495022904,1.0
MG_L200_T2_C25,200,0.02,25.0,3,QAUR,0.045109105945755124,1.0
MG_L200_T2_C25,200,0.02,25.0,4,QAUR,0.0441403522506254,1.0
MG_L200_T2_C25,200,0.02,25.0,5,QAUR,-0.08843888231315378,0.0
MG_L200_T2_C25,200,0.02,25.0,6,QAUR,-0.19708866908054945,0.0
MG_L200_T2_C25,200,0.02,25.0,7,QAUR,-0.3968387122713074,0.0
MG_L200_T2_C25,200,0.02,25.0,8,QAUR,-0.3737639527418267,0.0
MG_L200_T2_C25,200,0.02,25.0,9,QAUR,-0.44025584018531017,0.0
MG_L200_T2_C25,200,0.02,25.0,10,QAUR,-0.37760239768220283,0.0
MG_L200_T2_C25,200,0.02,25.0,11,QAUR,-0.1837975633868124,0.0
MG_L200_T2_C25,200,0.02,25.0,12,QAUR,-0.19941731260495776,0.0
MG_L200_T2_C25,200,0.02,25.0,13,QAUR,-0.14332029751494912,0.0
MG_L200_T2_C25,200,0.02,25.0,14,QAUR,-0.14421936868846252,0.0
MG_L200_T2_C25,200,0.02,25.0,15,QAUR,-0.10142611179985017,0.0
MG_L200_T2_C25,200,0.02,25.0,16,QAUR,0.14487396522140794,1.0
MG_L200_T2_C25,200,0.02,25.0,17,QAUR,0.4520438962525706,1.0
MG_L200_T2_C25,200,0.02,25.0,18,QAUR,0.22544947948843408,1.0
MG_L200_T2_C25,200,0.02,25.0,19,QAUR,0.11054827751242069,1.0
MG_L200_T2_C25,200,0.02,25.0,20,QAUR,0.1587659119408098,1.0
MG_L200_T2_C25,200,0.02,25.0,21,QAUR,0.18880439408770444,1.0
MG_L200_T2_C25,200,0.02,25.0,22,QAUR,0.17838834773926027,1.0
MG_L200_T2_C25,200,0.02,25.0,23,QAUR,0.15508163938770791,1.0
MG_L200_T2_C25,200,0.02,25.0,24,QAUR,0.06415329461012842,1.0
MG_L200_T2_C25,200,0.02,25.0,25,QAUR,0.007385124063168602,0.0
MG_L200_T2_C25,200,0.02,25.0,26,QAUR,-0.00829424464306261,0.0
MG_L200_T2_C25,200,0.02,25.0,27,QAUR,0.008245329156425951,0.0
MG_L200_T2_C25,200,0.02,25.0,28,QAUR,0.002903571174308839,0.0
MG_L200_T2_C25,200,0.02,25.0,29,QAUR,0.06842612972916484,1.0
MG_L200_T2_C25,200,0.02,25.0,30,QAUR,0.0421060245404532,1.0
MG_L200_T2_C25,200,0.02,25.0,31,QAUR,0.014963648550005537,0.0
MG_L200_T2_C25,200,0.02,25.0,32,QAUR,0.028535845074565858,1.0
MG_L200_T2_C25,200,0.02,25.0,33,QAUR,0.02432265947919432,1.0
MG_L200_T2_C25,200,0.02,25.0,34,QAUR,0.014381381675749427,0.0
MG_L200_T2_C25,200,0.02,25.0,35,QAUR,0.09989182676720487,1.0
MG_L200_T2_C25,200,0.02,25.0,36,QAUR,0.017882389433266255,0.0
MG_L200_T2_C25,200,0.02,25.0,37,QAUR,-0.05715976466272432,0.0
MG_L200_T2_C25,200,0.02,25.0,38,QAUR,0.08982983272400236,1.0
MG_L200_T2_C25,200,0.02,25.0,39,QAUR,0.1034491663640702,1.0
MG_L200_T2_C25,200,0.02,25.0,40,QAUR,0.19617259048555713,1.0
MG_L200_T2_C25,200,0.02,25.0,41,QAUR,0.23469952307591102,1.0
MG_L200_T2_C25,200,0.02,25.0,42,QAUR,0.22981627975756602,1.0
MG_L200_T2_C25,200,0.02,25.0,43,QAUR,0.1963610703699803,1.0
MG_L200_T2_C25,200,0.02,25.0,44,QAUR,0.16341064261581817,1.0
MG_L200_T2_C25,200,0.02,25.0,45,QAUR,0.13722353858975955,1.0
MG_L200_T2_C25,200,0.02,25.0,46,QAUR,0.2537465845701552,1.0
MG_L200_T2_C25,200,0.02,25.0,47,QAUR,0.24721831783946957,1.0
MG_L200_T2_C25,200,0.02,25.0,48,QAUR,0.14309914324428008,1.0
MG_L200_T2_C25,200,0.02,25.0,49,QAUR,0.11144421822550288,1.0
MG_L200_T2_C25,200,0.02,25.0,50,QAUR,0.01597275545475285,0.0
MG_L200_T2_C25,200,0.02,25.0,51,QAUR,-0.013128664144009816,0.0
MG_L200_T2_C25,200,0.02,25.0,52,QAUR,-0.061602016663808046,0.0
MG_L200_T2_C50,200,0.02,50.0,0,AUR,0.7318504156513077,1.0
MG_L200_T2_C50,200,0.02,50.0,1,AUR,0.6027951316368807,1.0
MG_L200_T2_C50,200,0.02,50.0,2,AUR,0.32936233495022904,1.0
MG_L200_T2_C50,200,0.02,50.0,3,AUR,0.045109105945755124,1.0
MG_L200_T2_C50,200,0.02,50.0,4,AUR,0.0441403522506254,1.0
MG_L200_T2_C50,200,0.02,50.0,5,AUR,-0.08843888231315378,0.0
MG_L200_T2_C50,200,0.02,50.0,6,AUR,-0.19708866908054945,0.0
MG_L200_T2_C50,200,0.02,50.0,7,AUR,-0.3968387122713074,0.0
MG_L200_T2_C50,200,0.02,50.0,8,AUR,-0.3737639527418267,0.0
MG_L200_T2_C50,200,0.02,50.0,9,AUR,-0.44025584018531017,0.0
MG_L200_T2_C50,200,0.02,50.0,10,AUR,-0.37760239768220283,0.0
MG_L200_T2_C50,200,0.02,50.0,11,AUR,-0.1837975633868124,0.0
MG_L200_T2_C50,200,0.02,50.0,12,AUR,-0.19941731260495776,0.0
MG_L200_T2_C50,200,0.02,50.0,13,AUR,-0.14332029751494912,0.0
MG_L200_T2_C50,200,0.02,50.0,14,AUR,-0.14421936868846252,0.0
MG_L200_T2_C50,200,0.02,50.0,15,AUR,-0.10142611179985017,0.0
MG_L200_T2_C50,200,0.02,50.0,16,AUR,0.14487396522140794,1.0
MG_L200_T2_C50,200,0.02,50.0,17,AUR,0.4520438962525706,1.0
MG_L200_T2_C50,200,0.02,50.0,18,AUR,0.22544947948843408,1.0
MG_L200_T2_C50,200,0.02,50.0,19,AUR,0.11054827751242069,1.0
MG_L200_T2_C50,200,0.02,50.0,20,AUR,0.1587659119408098,1.0
MG_L200_T2_C50,200,0.02,50.0,21,AUR,0.18880439408770444,1.0
MG_L200_T2_C50,200,0.02,50.0,22,AUR,0.17838834773926027,1.0
MG_L200_T2_C50,200,0.02,50.0,23,AUR,0.15508163938770791,1.0
MG_L200_T2_C50,200,0.02,50.0,24,AUR,0.06415329461012842,1.0
MG_L200_T2_C50,200,0.02,50.0,25,AUR,0.007385124063168602,0.0
MG_L200_T2_C50,200,0.02,50.0,26,AUR,-0.00829424464306261,0.0
MG_L200_T2_C50,200,0.02,50.0,27,AUR,0.008245329156425951,0.0
MG_L200_T2_C50,200,0.02,50.0,28,AUR,0.002903571174308839,0.0
MG_L200_T2_C50,200,0.02,50.0,29,AUR,0.06842612972916484,1.0
MG_L200_T2_C50,200,0.02,50.0,30,AUR,0.0421060245404532,1.0
MG_L200_T2_C50,200,0.02,50.0,31,AUR,0.014963648550005537,0.0
MG_L200_T2_C50,200,0.02,50.0,32,AUR,0.028535845074565858,1.0
MG_L200_T2_C50,200,0.02,50.0,33,AUR,0.02432265947919432,1.0
MG_L200_T2_C50,200,0.02,50.0,34,AUR,0.014381381675749427,0.0
MG_L200_T2_C50,200,0.02,50.0,35,AUR,0.09989182676720487,1.0
MG_L200_T2_C50,200,0.02,50.0,36,AUR,0.017882389433266255,0.0
MG_L200_T2_C50,200,0.02,50.0,37,AUR,-0.05715976466272432,0.0
MG_L200_T2_C50,200,0.02,50.0,38,AUR,0.08982983272400236,1.0
MG_L200_T2_C50,200,0.02,50.0,39,AUR,0.1034491663640702,1.0
MG_L200_T2_C50,200,0.02,50.0,40,AUR,0.19617259048555713,1.0
MG_L200_T2_C50,200,0.02,50.0,41,AUR,0.23469952307591102,1.0
MG_L200_T2_C50,200,0.02,50.0,42,AUR,0.22981627975756602,1.0
MG_L200_T2_C50,200,0.02,50.0,43,AUR,0.1963610703699803,1.0
MG_L200_T2_C50,200,0.02,50.0,44,AUR,0.16341064261581817,1.0
MG_L200_T2_C50,200,0.02,50.0,45,AUR,0.13722353858975955,1.0
MG_L200_T2_C50,200,0.02,50.0,46,AUR,0.2537465845701552,1.0
MG_L200_T2_C50,200,0.02,50.0,47,AUR,0.24721831783946957,1.0
MG_L200_T2_C50,200,0.02,50.0,48,AUR,0.14309914324428008,1.0
MG_L200_T2_C50,200,0.02,50.0,49,AUR,0.11144421822550288,1.0
MG_L200_T2_C50,200,0.02,50.0,50,AUR,0.01597275545475285,0.0
MG_L200_T2_C50,200,0.02,50.0,51,AUR,-0.013128664144009816,0.0
MG_L200_T2_C50,200,0.02,50.0,52,AUR,-0.061602016663808046,0.0
MG_L200_T2_C50,200,0.02,50.0,0,QAUR,0.7318504156513077,1.0
MG_L200_T2_C50,200,0.02,50.0,1,QAUR,0.6027951316368807,1.0
MG_L200_T2_C50,200,0.02,50.0,2,QAUR,0.32936233495022904,1.0
MG_L200_T2_C50,200,0.02,50.0,3,QAUR,0.045109105945755124,1.0
MG_L200_T2_C50,200,0.02,50.0,4,QAUR,0.0441403522506254,1.0
MG_L200_T2_C50,200,0.02,50.0,5,QAUR,-0.08843888231315378,0.0
MG_L200_T2_C50,200,0.02,50.0,6,QAUR,-0.19708866908054945,0.0
MG_L200_T2_C50,200,0.02,50.0,7,QAUR,-0.3968387122713074,0.0
MG_L200_T2_C50,200,0.02,50.0,8,QAUR,-0.3737639527418267,0.0
MG_L200_T2_C50,200,0.02,50.0,9,QAUR,-0.44025584018531017,0.0
MG_L200_T2_C50,200,0.02,50.0,10,QAUR,-0.37760239768220283,0.0
MG_L200_T2_C50,200,0.02,50.0,11,QAUR,-0.1837975633868124,0.0
MG_L200_T2_C50,200,0.02,50.0,12,QAUR,-0.19941731260495776,0.0
MG_L200_T2_C50,200,0.02,50.0,13,QAUR,-0.14332029751494912,0.0
MG_L200_T2_C50,200,0.02,50.0,14,QAUR,-0.14421936868846252,0.0
MG_L200_T2_C50,200,0.02,50.0,15,QAUR,-0.10142611179985017,0.0
MG_L200_T2_C50,200,0.02,50.0,16,QAUR,0.14487396522140794,1.0
MG_L200_T2_C50,200,0.02,50.0,17,QAUR,0.4520438962525706,1.0
MG_L200_T2_C50,200,0.02,50.0,18,QAUR,0.22544947948843408,1.0
MG_L200_T2_C50,200,0.02,50.0,19,QAUR,0.11054827751242069,1.0
MG_L200_T2_C50,200,0.02,50.0,20,QAUR,0.1587659119408098,1.0
MG_L200_T2_C50,200,0.02,50.0,21,QAUR,0.18880439408770444,1.0
MG_L200_T2_C50,200,0.02,50.0,22,QAUR,0.17838834773926027,1.0
MG_L200_T2_C50,200,0.02,50.0,23,QAUR,0.15508163938770791,1.0
MG_L200_T2_C50,200,0.02,50.0,24,QAUR,0.06415329461012842,1.0
MG_L200_T2_C50,200,0.02,50.0,25,QAUR,0.007385124063168602,0.0
MG_L200_T2_C50,200,0.02,50.0,26,QAUR,-0.00829424464306261,0.0
MG_L200_T2_C50,200,0.02,50.0,27,QAUR,0.008245329156425951,0.0
MG_L200_T2_C50,200,0.02,50.0,28,QAUR,0.002903571174308839,0.0
MG_L200_T2_C50,200,0.02,50.0,29,QAUR,0.06842612972916484,1.0
MG_L200_T2_C50,200,0.02,50.0,30,QAUR,0.0421060245404532,1.0
MG_L200_T2_C50,200,0.02,50.0,31,QAUR,0.014963648550005537,0.0
MG_L200_T2_C50,200,0.02,50.0,32,QAUR,0.028535845074565858,1.0
MG_L200_T2_C50,200,0.02,50.0,33,QAUR,0.02432265947919432,1.0
MG_L200_T2_C50,200,0.02,50.0,34,QAUR,0.014381381675749427,0.0
MG_L200_T2_C50,200,0.02,50.0,35,QAUR,0.09989182676720487,1.0
MG_L200_T2_C50,200,0.02,50.0,36,QAUR,0.017882389433266255,0.0
MG_L200_T2_C50,200,0.02,50.0,37,QAUR,-0.05715976466272432,0.0
MG_L200_T2_C50,200,0.02,50.0,38,QAUR,0.08982983272400236,1.0
MG_L200_T2_C50,200,0.02,50.0,39,QAUR,0.1034491663640702,1.0
MG_L200_T2_C50,200,0.02,50.0,40,QAUR,0.19617259048555713,1.0
MG_L200_T2_C50,200,0.02,50.0,41,QAUR,0.23469952307591102,1.0
MG_L200_T2_C50,200,0.02,50.0,42,QAUR,0.22981627975756602,1.0
MG_L200_T2_C50,200,0.02,50.0,43,QAUR,0.1963610703699803,1.0
MG_L200_T2_C50,200,0.02,50.0,44,QAUR,0.16341064261581817,1.0
MG_L200_T2_C50,200,0.02,50.0,45,QAUR,0.13722353858975955,1.0
MG_L200_T2_C50,200,0.02,50.0,46,QAUR,0.2537465845701552,1.0
MG_L200_T2_C50,200,0.02,50.0,47,QAUR,0.24721831783946957,1.0
MG_L200_T2_C50,200,0.02,50.0,48,QAUR,0.14309914324428008,1.0
MG_L200_T2_C50,200,0.02,50.0,49,QAUR,0.11144421822550288,1.0
MG_L200_T2_C50,200,0.02,50.0,50,QAUR,0.01597275545475285,0.0
MG_L200_T2_C50,200,0.02,50.0,51,QAUR,-0.013128664144009816,0.0
MG_L200_T2_C50,200,0.02,50.0,52,QAUR,-0.061602016663808046,0.0
MG_L200_T2_C100,200,0.02,100.0,0,AUR,0.7318504156513077,1.0
MG_L200_T2_C100,200,0.02,100.0,1,AUR,0.6027951316368807,1.0
MG_L200_T2_C100,200,0.02,100.0,2,AUR,0.32936233495022904,1.0
MG_L200_T2_C100,200,0.02,100.0,3,AUR,0.045109105945755124,1.0
MG_L200_T2_C100,200,0.02,100.0,4,AUR,0.0441403522506254,1.0
MG_L200_T2_C100,200,0.02,100.0,5,AUR,-0.08843888231315378,0.0
MG_L200_T2_C100,200,0.02,100.0,6,AUR,-0.19708866908054945,0.0
MG_L200_T2_C100,200,0.02,100.0,7,AUR,-0.3968387122713074,0.0
MG_L200_T2_C100,200,0.02,100.0,8,AUR,-0.3737639527418267,0.0
MG_L200_T2_C100,200,0.02,100.0,9,AUR,-0.44025584018531017,0.0
MG_L200_T2_C100,200,0.02,100.0,10,AUR,-0.37760239768220283,0.0
MG_L200_T2_C100,200,0.02,100.0,11,AUR,-0.1837975633868124,0.0
MG_L200_T2_C100,200,0.02,100.0,12,AUR,-0.19941731260495776,0.0
MG_L200_T2_C100,200,0.02,100.0,13,AUR,-0.14332029751494912,0.0
MG_L200_T2_C100,200,0.02,100.0,14,AUR,-0.14421936868846252,0.0
MG_L200_T2_C100,200,0.02,100.0,15,AUR,-0.10142611179985017,0.0
MG_L200_T2_C100,200,0.02,100.0,16,AUR,0.14487396522140794,1.0
MG_L200_T2_C100,200,0.02,100.0,17,AUR,0.4520438962525706,1.0
MG_L200_T2_C100,200,0.02,100.0,18,AUR,0.22544947948843408,1.0
MG_L200_T2_C100,200,0.02,100.0,19,AUR,0.11054827751242069,1.0
MG_L200_T2_C100,200,0.02,100.0,20,AUR,0.1587659119408098,1.0
MG_L200_T2_C100,200,0.02,100.0,21,AUR,0.18880439408770444,1.0
MG_L200_T2_C100,200,0.02,100.0,22,AUR,0.17838834773926027,1.0
MG_L200_T2_C100,200,0.02,100.0,23,AUR,0.15508163938770791,1.0
MG_L200_T2_C100,200,0.02,100.0,24,AUR,0.06415329461012842,1.0
MG_L200_T2_C100,200,0.02,100.0,25,AUR,0.007385124063168602,0.0
MG_L200_T2_C100,200,0.02,100.0,26,AUR,-0.00829424464306261,0.0
MG_L200_T2_C100,200,0.02,100.0,27,AUR,0.008245329156425951,0.0
MG_L200_T2_C100,200,0.02,100.0,28,AUR,0.002903571174308839,0.0
MG_L200_T2_C100,200,0.02,100.0,29,AUR,0.06842612972916484,1.0
MG_L200_T2_C100,200,0.02,100.0,30,AUR,0.0421060245404532,1.0
MG_L200_T2_C100,200,0.02,100.0,31,AUR,0.014963648550005537,0.0
MG_L200_T2_C100,200,0.02,100.0,32,AUR,0.028535845074565858,1.0
MG_L200_T2_C100,200,0.02,100.0,33,AUR,0.02432265947919432,1.0
MG_L200_T2_C100,200,0.02,100.0,34,AUR,0.014381381675749427,0.0
MG_L200_T2_C100,200,0.02,100.0,35,AUR,0.09989182676720487,1.0
MG_L200_T2_C100,200,0.02,100.0,36,AUR,0.017882389433266255,0.0
MG_L200_T2_C100,200,0.02,100.0,37,AUR,-0.05715976466272432,0.0
MG_L200_T2_C100,200,0.02,100.0,38,AUR,0.08982983272400236,1.0
MG_L200_T2_C100,200,0.02,100.0,39,AUR,0.1034491663640702,1.0
MG_L200_T2_C100,200,0.02,100.0,40,AUR,0.19617259048555713,1.0
MG_L200_T2_C100,200,0.02,100.0,41,AUR,0.23469952307591102,1.0
MG_L200_T2_C100,200,0.02,100.0,42,AUR,0.22981627975756602,1.0
MG_L200_T2_C100,200,0.02,100.0,43,AUR,0.1963610703699803,1.0
MG_L200_T2_C100,200,0.02,100.0,44,AUR,0.16341064261581817,1.0
MG_L200_T2_C100,200,0.02,100.0,45,AUR,0.13722353858975955,1.0
MG_L200_T2_C100,200,0.02,100.0,46,AUR,0.2537465845701552,1.0
MG_L200_T2_C100,200,0.02,100.0,47,AUR,0.24721831783946957,1.0
MG_L200_T2_C100,200,0.02,100.0,48,AUR,0.14309914324428008,1.0
MG_L200_T2_C100,200,0.02,100.0,49,AUR,0.11144421822550288,1.0
MG_L200_T2_C100,200,0.02,100.0,50,AUR,0.01597275545475285,0.0
MG_L200_T2_C100,200,0.02,100.0,51,AUR,-0.013128664144009816,0.0
MG_L200_T2_C100,200,0.02,100.0,52,AUR,-0.061602016663808046,0.0
MG_L200_T2_C100,200,0.02,100.0,0,QAUR,0.7318504156513077,1.0
MG_L200_T2_C100,200,0.02,100.0,1,QAUR,0.6027951316368807,1.0
MG_L200_T2_C100,200,0.02,100.0,2,QAUR,0.32936233495022904,1.0
MG_L200_T2_C100,200,0.02,100.0,3,QAUR,0.045109105945755124,1.0
MG_L200_T2_C100,200,0.02,100.0,4,QAUR,0.0441403522506254,1.0
MG_L200_T2_C100,200,0.02,100.0,5,QAUR,-0.08843888231315378,0.0
MG_L200_T2_C100,200,0.02,100.0,6,QAUR,-0.19708866908054945,0.0
MG_L200_T2_C100,200,0.02,100.0,7,QAUR,-0.3968387122713074,0.0
MG_L200_T2_C100,200,0.02,100.0,8,QAUR,-0.3737639527418267,0.0
MG_L200_T2_C100,200,0.02,100.0,9,QAUR,-0.44025584018531017,0.0
MG_L200_T2_C100,200,0.02,100.0,10,QAUR,-0.37760239768220283,0.0
MG_L200_T2_C100,200,0.02,100.0,11,QAUR,-0.1837975633868124,0.0
MG_L200_T2_C100,200,0.02,100.0,12,QAUR,-0.19941731260495776,0.0
MG_L200_T2_C100,200,0.02,100.0,13,QAUR,-0.14332029751494912,0.0
MG_L200_T2_C100,200,0.02,100.0,14,QAUR,-0.14421936868846252,0.0
MG_L200_T2_C100,200,0.02,100.0,15,QAUR,-0.10142611179985017,0.0
MG_L200_T2_C100,200,0.02,100.0,16,QAUR,0.14487396522140794,1.0
MG_L200_T2_C100,200,0.02,100.0,17,QAUR,0.4520438962525706,1.0
MG_L200_T2_C100,200,0.02,100.0,18,QAUR,0.22544947948843408,1.0
MG_L200_T2_C100,200,0.02,100.0,19,QAUR,0.11054827751242069,1.0
MG_L200_T2_C100,200,0.02,100.0,20,QAUR,0.1587659119408098,1.0
MG_L200_T2_C100,200,0.02,100.0,21,QAUR,0.18880439408770444,1.0
MG_L200_T2_C100,200,0.02,100.0,22,QAUR,0.17838834773926027,1.0
MG_L200_T2_C100,200,0.02,100.0,23,QAUR,0.15508163938770791,1.0
MG_L200_T2_C100,200,0.02,100.0,24,QAUR,0.06415329461012842,1.0
MG_L200_T2_C100,200,0.02,100.0,25,QAUR,0.007385124063168602,0.0
MG_L200_T2_C100,200,0.02,100.0,26,QAUR,-0.00829424464306261,0.0
MG_L200_T2_C100,200,0.02,100.0,27,QAUR,0.008245329156425951,0.0
MG_L200_T2_C100,200,0.02,100.0,28,QAUR,0.002903571174308839,0.0
MG_L200_T2_C100,200,0.02,100.0,29,QAUR,0.06842612972916484,1.0
MG_L200_T2_C100,200,0.02,100.0,30,QAUR,0.0421060245404532,1.0
MG_L200_T2_C100,200,0.02,100.0,31,QAUR,0.014963648550005537,0.0
MG_L200_T2_C100,200,0.02,100.0,32,QAUR,0.028535845074565858,1.0
MG_L200_T2_C100,200,0.02,100.0,33,QAUR,0.02432265947919432,1.0
MG_L200_T2_C100,200,0.02,100.0,34,QAUR,0.014381381675749427,0.0
MG_L200_T2_C100,200,0.02,100.0,35,QAUR,0.09989182676720487,1.0
MG_L200_T2_C100,200,0.02,100.0,36,QAUR,0.017882389433266255,0.0
MG_L200_T2_C100,200,0.02,100.0,37,QAUR,-0.05715976466272432,0.0
MG_L200_T2_C100,200,0.02,100.0,38,QAUR,0.08982983272400236,1.0
MG_L200_T2_C100,200,0.02,100.0,39,QAUR,0.1034491663640702,1.0
MG_L200_T2_C100,200,0.02,100.0,40,QAUR,0.19617259048555713,1.0
MG_L200_T2_C100,200,0.02,100.0,41,QAUR,0.23469952307591102,1.0
MG_L200_T2_C100,200,0.02,100.0,42,QAUR,0.22981627975756602,1.0
MG_L200_T2_C100,200,0.02,100.0,43,QAUR,0.1963610703699803,1.0
MG_L200_T2_C100,200,0.02,100.0,44,QAUR,0.16341064261581817,1.0
MG_L200_T2_C100,200,0.02,100.0,45,QAUR,0.13722353858975955,1.0
MG_L200_T2_C100,200,0.02,100.0,46,QAUR,0.2537465845701552,1.0
MG_L200_T2_C100,200,0.02,100.0,47,QAUR,0.24721831783946957,1.0
MG_L200_T2_C100,200,0.02,100.0,48,QAUR,0.14309914324428008,1.0
MG_L200_T2_C100,200,0.02,100.0,49,QAUR,0.11144421822550288,1.0
MG_L200_T2_C100,200,0.02,100.0,50,QAUR,0.01597275545475285,0.0
MG_L200_T2_C100,200,0.02,100.0,51,QAUR,-0.013128664144009816,0.0
MG_L200_T2_C100,200,0.02,100.0,52,QAUR,-0.061602016663808046,0.0
MG_L252_T-2_C0,252,-0.02,0.0,0,AUR,0.813666389235197,1.0
MG_L252_T-2_C0,252,-0.02,0.0,1,AUR,0.5483786209917452,1.0
MG_L252_T-2_C0,252,-0.02,0.0,2,AUR,0.4150548520659765,1.0
MG_L252_T-2_C0,252,-0.02,0.0,3,AUR,0.15912119053239238,1.0
MG_L252_T-2_C0,252,-0.02,0.0,4,AUR,0.34287802234180753,1.0
MG_L252_T-2_C0,252,-0.02,0.0,5,AUR,0.2708626235014957,1.0
MG_L252_T-2_C0,252,-0.02,0.0,6,AUR,0.028372958215094224,1.0
MG_L252_T-2_C0,252,-0.02,0.0,7,AUR,-0.24812097617917972,0.0
MG_L252_T-2_C0,252,-0.02,0.0,8,AUR,-0.3413341485856505,0.0
MG_L252_T-2_C0,252,-0.02,0.0,9,AUR,-0.4108976736630737,0.0
MG_L252_T-2_C0,252,-0.02,0.0,10,AUR,-0.3313456166358506,0.0
MG_L252_T-2_C0,252,-0.02,0.0,11,AUR,-0.37097879568122794,0.0
MG_L252_T-2_C0,252,-0.02,0.0,12,AUR,-0.43745641110958733,0.0
MG_L252_T-2_C0,252,-0.02,0.0,13,AUR,-0.2786750249430149,0.0
MG_L252_T-2_C0,252,-0.02,0.0,14,AUR,-0.1584034061870715,0.0
MG_L252_T-2_C0,252,-0.02,0.0,15,AUR,-0.02679227935531303,0.0
MG_L252_T-2_C0,252,-0.02,0.0,16,AUR,-0.014769974775293737,1.0
MG_L252_T-2_C0,252,-0.02,0.0,17,AUR,-0.04443090679348238,0.0
MG_L252_T-2_C0,252,-0.02,0.0,18,AUR,-0.020775074244086755,0.0
MG_L252_T-2_C0,252,-0.02,0.0,19,AUR,0.06360332036851113,1.0
MG_L252_T-2_C0,252,-0.02,0.0,20,AUR,0.22300557437997415,1.0
MG_L252_T-2_C0,252,-0.02,0.0,21,AUR,0.2693735432633473,1.0
MG_L252_T-2_C0,252,-0.02,0.0,22,AUR,0.17553900795785604,1.0
MG_L252_T-2_C0,252,-0.02,0.0,23,AUR,0.2375660981551062,1.0
MG_L252_T-2_C0,252,-0.02,0.0,24,AUR,0.26834262382497953,1.0
MG_L252_T-2_C0,252,-0.02,0.0,25,AUR,0.1764722037863895,1.0
MG_L252_T-2_C0,252,-0.02,0.0,26,AUR,0.14283440578374718,1.0
MG_L252_T-2_C0,252,-0.02,0.0,27,AUR,0.08446326093998469,1.0
MG_L252_T-2_C0,252,-0.02,0.0,28,AUR,-0.01880824339136311,1.0
MG_L252_T-2_C0,252,-0.02,0.0,29,AUR,-0.011461171856840036,1.0
MG_L252_T-2_C0,252,-0.02,0.0,30,AUR,0.028430616328460445,1.0
MG_L252_T-2_C0,252,-0.02,0.0,31,AUR,0.10933565971928116,1.0
MG_L252_T-2_C0,252,-0.02,0.0,32,AUR,0.07880600583961761,1.0
MG_L252_T-2_C0,252,-0.02,0.0,33,AUR,0.07561472597380425,1.0
MG_L252_T-2_C0,252,-0.02,0.0,34,AUR,0.05989946826830628,1.0
MG_L252_T-2_C0,252,-0.02,0.0,35,AUR,0.11248097047187744,1.0
MG_L252_T-2_C0,252,-0.02,0.0,36,AUR,0.04647488693062596,1.0
MG_L252_T-2_C0,252,-0.02,0.0,37,AUR,0.03145725989079695,1.0
MG_L252_T-2_C0,252,-0.02,0.0,38,AUR,0.02748668877420468,1.0
MG_L252_T-2_C0,252,-0.02,0.0,39,AUR,0.029542319588395927,1.0
MG_L252_T-2_C0,252,-0.02,0.0,40,AUR,0.1709381312724958,1.0
MG_L252_T-2_C0,252,-0.02,0.0,41,AUR,0.24594757509637621,1.0
MG_L252_T-2_C0,252,-0.02,0.0,42,AUR,0.254300590956299,1.0
MG_L252_T-2_C0,252,-0.02,0.0,43,AUR,0.23955797425632364,1.0
MG_L252_T-2_C0,252,-0.02,0.0,44,AUR,0.23241109479172994,1.0
MG_L252_T-2_C0,252,-0.02,0.0,45,AUR,0.18973583867346067,1.0
MG_L252_T-2_C0,252,-0.02,0.0,46,AUR,0.22577773936593348,1.0
MG_L252_T-2_C0,252,-0.02,0.0,47,AUR,0.17721543456610456,1.0
MG_L252_T-2_C0,252,-0.02,0.0,48,AUR,0.11427615220140663,1.0
MG_L252_T-2_C0,252,-0.02,0.0,49,AUR,0.2363588536294452,1.0
MG_L252_T-2_C0,252,-0.02,0.0,50,AUR,0.16681045448717424,1.0
MG_L252_T-2_C0,252,-0.02,0.0,51,AUR,0.13158152098377318,1.0
MG_L252_T-2_C0,252,-0.02,0.0,52,AUR,-0.0019003117238898248,1.0
MG_L252_T-2_C0,252,-0.02,0.0,0,QAUR,0.813666389235197,1.0
MG_L252_T-2_C0,252,-0.02,0.0,1,QAUR,0.5483786209917452,1.0
MG_L252_T-2_C0,252,-0.02,0.0,2,QAUR,0.4150548520659765,1.0
MG_L252_T-2_C0,252,-0.02,0.0,3,QAUR,0.15912119053239238,1.0
MG_L252_T-2_C0,252,-0.02,0.0,4,QAUR,0.34287802234180753,1.0
MG_L252_T-2_C0,252,-0.02,0.0,5,QAUR,0.2708626235014957,1.0
MG_L252_T-2_C0,252,-0.02,0.0,6,QAUR,0.028372958215094224,1.0
MG_L252_T-2_C0,252,-0.02,0.0,7,QAUR,-0.24812097617917972,0.0
MG_L252_T-2_C0,252,-0.02,0.0,8,QAUR,-0.3413341485856505,0.0
MG_L252_T-2_C0,252,-0.02,0.0,9,QAUR,-0.4108976736630737,0.0
MG_L252_T-2_C0,252,-0.02,0.0,10,QAUR,-0.3313456166358506,0.0
MG_L252_T-2_C0,252,-0.02,0.0,11,QAUR,-0.37097879568122794,0.0
MG_L252_T-2_C0,252,-0.02,0.0,12,QAUR,-0.43745641110958733,0.0
MG_L252_T-2_C0,252,-0.02,0.0,13,QAUR,-0.2786750249430149,0.0
MG_L252_T-2_C0,252,-0.02,0.0,14,QAUR,-0.1584034061870715,0.0
MG_L252_T-2_C0,252,-0.02,0.0,15,QAUR,-0.02679227935531303,0.0
MG_L252_T-2_C0,252,-0.02,0.0,16,QAUR,-0.014769974775293737,1.0
MG_L252_T-2_C0,252,-0.02,0.0,17,QAUR,-0.04443090679348238,0.0
MG_L252_T-2_C0,252,-0.02,0.0,18,QAUR,-0.020775074244086755,0.0
MG_L252_T-2_C0,252,-0.02,0.0,19,QAUR,0.06360332036851113,1.0
MG_L252_T-2_C0,252,-0.02,0.0,20,QAUR,0.22300557437997415,1.0
MG_L252_T-2_C0,252,-0.02,0.0,21,QAUR,0.2693735432633473,1.0
MG_L252_T-2_C0,252,-0.02,0.0,22,QAUR,0.17553900795785604,1.0
MG_L252_T-2_C0,252,-0.02,0.0,23,QAUR,0.2375660981551062,1.0
MG_L252_T-2_C0,252,-0.02,0.0,24,QAUR,0.26834262382497953,1.0
MG_L252_T-2_C0,252,-0.02,0.0,25,QAUR,0.1764722037863895,1.0
MG_L252_T-2_C0,252,-0.02,0.0,26,QAUR,0.14283440578374718,1.0
MG_L252_T-2_C0,252,-0.02,0.0,27,QAUR,0.08446326093998469,1.0
MG_L252_T-2_C0,252,-0.02,0.0,28,QAUR,-0.01880824339136311,1.0
MG_L252_T-2_C0,252,-0.02,0.0,29,QAUR,-0.011461171856840036,1.0
MG_L252_T-2_C0,252,-0.02,0.0,30,QAUR,0.028430616328460445,1.0
MG_L252_T-2_C0,252,-0.02,0.0,31,QAUR,0.10933565971928116,1.0
MG_L252_T-2_C0,252,-0.02,0.0,32,QAUR,0.07880600583961761,1.0
MG_L252_T-2_C0,252,-0.02,0.0,33,QAUR,0.07561472597380425,1.0
MG_L252_T-2_C0,252,-0.02,0.0,34,QAUR,0.05989946826830628,1.0
MG_L252_T-2_C0,252,-0.02,0.0,35,QAUR,0.11248097047187744,1.0
MG_L252_T-2_C0,252,-0.02,0.0,36,QAUR,0.04647488693062596,1.0
MG_L252_T-2_C0,252,-0.02,0.0,37,QAUR,0.03145725989079695,1.0
MG_L252_T-2_C0,252,-0.02,0.0,38,QAUR,0.02748668877420468,1.0
MG_L252_T-2_C0,252,-0.02,0.0,39,QAUR,0.029542319588395927,1.0
MG_L252_T-2_C0,252,-0.02,0.0,40,QAUR,0.1709381312724958,1.0
MG_L252_T-2_C0,252,-0.02,0.0,41,QAUR,0.24594757509637621,1.0
MG_L252_T-2_C0,252,-0.02,0.0,42,QAUR,0.254300590956299,1.0
MG_L252_T-2_C0,252,-0.02,0.0,43,QAUR,0.23955797425632364,1.0
MG_L252_T-2_C0,252,-0.02,0.0,44,QAUR,0.23241109479172994,1.0
MG_L252_T-2_C0,252,-0.02,0.0,45,QAUR,0.18973583867346067,1.0
MG_L252_T-2_C0,252,-0.02,0.0,46,QAUR,0.22577773936593348,1.0
MG_L252_T-2_C0,252,-0.02,0.0,47,QAUR,0.17721543456610456,1.0
MG_L252_T-2_C0,252,-0.02,0.0,48,QAUR,0.11427615220140663,1.0
MG_L252_T-2_C0,252,-0.02,0.0,49,QAUR,0.2363588536294452,1.0
MG_L252_T-2_C0,252,-0.02,0.0,50,QAUR,0.16681045448717424,1.0
MG_L252_T-2_C0,252,-0.02,0.0,51,QAUR,0.13158152098377318,1.0
MG_L252_T-2_C0,252,-0.02,0.0,52,QAUR,-0.0019003117238898248,1.0
MG_L252_T-2_C25,252,-0.02,25.0,0,AUR,0.813666389235197,1.0
MG_L252_T-2_C25,252,-0.02,25.0,1,AUR,0.5483786209917452,1.0
MG_L252_T-2_C25,252,-0.02,25.0,2,AUR,0.4150548520659765,1.0
MG_L252_T-2_C25,252,-0.02,25.0,3,AUR,0.15912119053239238,1.0
MG_L252_T-2_C25,252,-0.02,25.0,4,AUR,0.34287802234180753,1.0
MG_L252_T-2_C25,252,-0.02,25.0,5,AUR,0.2708626235014957,1.0
MG_L252_T-2_C25,252,-0.02,25.0,6,AUR,0.028372958215094224,1.0
MG_L252_T-2_C25,252,-0.02,25.0,7,AUR,-0.24812097617917972,0.0
MG_L252_T-2_C25,252,-0.02,25.0,8,AUR,-0.3413341485856505,0.0
MG_L252_T-2_C25,252,-0.02,25.0,9,AUR,-0.4108976736630737,0.0
MG_L252_T-2_C25,252,-0.02,25.0,10,AUR,-0.3313456166358506,0.0
MG_L252_T-2_C25,252,-0.02,25.0,11,AUR,-0.37097879568122794,0.0
MG_L252_T-2_C25,252,-0.02,25.0,12,AUR,-0.43745641110958733,0.0
MG_L252_T-2_C25,252,-0.02,25.0,13,AUR,-0.2786750249430149,0.0
MG_L252_T-2_C25,252,-0.02,25.0,14,AUR,-0.1584034061870715,0.0
MG_L252_T-2_C25,252,-0.02,25.0,15,AUR,-0.02679227935531303,0.0
MG_L252_T-2_C25,252,-0.02,25.0,16,AUR,-0.014769974775293737,1.0
MG_L252_T-2_C25,252,-0.02,25.0,17,AUR,-0.04443090679348238,0.0
MG_L252_T-2_C25,252,-0.02,25.0,18,AUR,-0.020775074244086755,0.0
MG_L252_T-2_C25,252,-0.02,25.0,19,AUR,0.06360332036851113,1.0
MG_L252_T-2_C25,252,-0.02,25.0,20,AUR,0.22300557437997415,1.0
MG_L252_T-2_C25,252,-0.02,25.0,21,AUR,0.2693735432633473,1.0
MG_L252_T-2_C25,252,-0.02,25.0,22,AUR,0.17553900795785604,1.0
MG_L252_T-2_C25,252,-0.02,25.0,23,AUR,0.2375660981551062,1.0
MG_L252_T-2_C25,252,-0.02,25.0,24,AUR,0.26834262382497953,1.0
MG_L252_T-2_C25,252,-0.02,25.0,25,AUR,0.1764722037863895,1.0
MG_L252_T-2_C25,252,-0.02,25.0,26,AUR,0.14283440578374718,1.0
MG_L252_T-2_C25,252,-0.02,25.0,27,AUR,0.08446326093998469,1.0
MG_L252_T-2_C25,252,-0.02,25.0,28,AUR,-0.01880824339136311,1.0
MG_L252_T-2_C25,252,-0.02,25.0,29,AUR,-0.011461171856840036,1.0
MG_L252_T-2_C25,252,-0.02,25.0,30,AUR,0.028430616328460445,1.0
MG_L252_T-2_C25,252,-0.02,25.0,31,AUR,0.10933565971928116,1.0
MG_L252_T-2_C25,252,-0.02,25.0,32,AUR,0.07880600583961761,1.0
MG_L252_T-2_C25,252,-0.02,25.0,33,AUR,0.07561472597380425,1.0
MG_L252_T-2_C25,252,-0.02,25.0,34,AUR,0.05989946826830628,1.0
MG_L252_T-2_C25,252,-0.02,25.0,35,AUR,0.11248097047187744,1.0
MG_L252_T-2_C25,252,-0.02,25.0,36,AUR,0.04647488693062596,1.0
MG_L252_T-2_C25,252,-0.02,25.0,37,AUR,0.03145725989079695,1.0
MG_L252_T-2_C25,252,-0.02,25.0,38,AUR,0.02748668877420468,1.0
MG_L252_T-2_C25,252,-0.02,25.0,39,AUR,0.029542319588395927,1.0
MG_L252_T-2_C25,252,-0.02,25.0,40,AUR,0.1709381312724958,1.0
MG_L252_T-2_C25,252,-0.02,25.0,41,AUR,0.24594757509637621,1.0
MG_L252_T-2_C25,252,-0.02,25.0,42,AUR,0.254300590956299,1.0
MG_L252_T-2_C25,252,-0.02,25.0,43,AUR,0.23955797425632364,1.0
MG_L252_T-2_C25,252,-0.02,25.0,44,AUR,0.23241109479172994,1.0
MG_L252_T-2_C25,252,-0.02,25.0,45,AUR,0.18973583867346067,1.0
MG_L252_T-2_C25,252,-0.02,25.0,46,AUR,0.22577773936593348,1.0
MG_L252_T-2_C25,252,-0.02,25.0,47,AUR,0.17721543456610456,1.0
MG_L252_T-2_C25,252,-0.02,25.0,48,AUR,0.11427615220140663,1.0
MG_L252_T-2_C25,252,-0.02,25.0,49,AUR,0.2363588536294452,1.0
MG_L252_T-2_C25,252,-0.02,25.0,50,AUR,0.16681045448717424,1.0
MG_L252_T-2_C25,252,-0.02,25.0,51,AUR,0.13158152098377318,1.0
MG_L252_T-2_C25,252,-0.02,25.0,52,AUR,-0.0019003117238898248,1.0
MG_L252_T-2_C25,252,-0.02,25.0,0,QAUR,0.813666389235197,1.0
MG_L252_T-2_C25,252,-0.02,25.0,1,QAUR,0.5483786209917452,1.0
MG_L252_T-2_C25,252,-0.02,25.0,2,QAUR,0.4150548520659765,1.0
MG_L252_T-2_C25,252,-0.02,25.0,3,QAUR,0.15912119053239238,1.0
MG_L252_T-2_C25,252,-0.02,25.0,4,QAUR,0.34287802234180753,1.0
MG_L252_T-2_C25,252,-0.02,25.0,5,QAUR,0.2708626235014957,1.0
MG_L252_T-2_C25,252,-0.02,25.0,6,QAUR,0.028372958215094224,1.0
MG_L252_T-2_C25,252,-0.02,25.0,7,QAUR,-0.24812097617917972,0.0
MG_L252_T-2_C25,252,-0.02,25.0,8,QAUR,-0.3413341485856505,0.0
MG_L252_T-2_C25,252,-0.02,25.0,9,QAUR,-0.4108976736630737,0.0
MG_L252_T-2_C25,252,-0.02,25.0,10,QAUR,-0.3313456166358506,0.0
MG_L252_T-2_C25,252,-0.02,25.0,11,QAUR,-0.37097879568122794,0.0
MG_L252_T-2_C25,252,-0.02,25.0,12,QAUR,-0.43745641110958733,0.0
MG_L252_T-2_C25,252,-0.02,25.0,13,QAUR,-0.2786750249430149,0.0
MG_L252_T-2_C25,252,-0.02,25.0,14,QAUR,-0.1584034061870715,0.0
MG_L252_T-2_C25,252,-0.02,25.0,15,QAUR,-0.02679227935531303,0.0
MG_L252_T-2_C25,252,-0.02,25.0,16,QAUR,-0.014769974775293737,1.0
MG_L252_T-2_C25,252,-0.02,25.0,17,QAUR,-0.04443090679348238,0.0
MG_L252_T-2_C25,252,-0.02,25.0,18,QAUR,-0.020775074244086755,0.0
MG_L252_T-2_C25,252,-0.02,25.0,19,QAUR,0.06360332036851113,1.0
MG_L252_T-2_C25,252,-0.02,25.0,20,QAUR,0.22300557437997415,1.0
MG_L252_T-2_C25,252,-0.02,25.0,21,QAUR,0.2693735432633473,1.0
MG_L252_T-2_C25,252,-0.02,25.0,22,QAUR,0.17553900795785604,1.0
MG_L252_T-2_C25,252,-0.02,25.0,23,QAUR,0.2375660981551062,1.0
MG_L252_T-2_C25,252,-0.02,25.0,24,QAUR,0.26834262382497953,1.0
MG_L252_T-2_C25,252,-0.02,25.0,25,QAUR,0.1764722037863895,1.0
MG_L252_T-2_C25,252,-0.02,25.0,26,QAUR,0.14283440578374718,1.0
MG_L252_T-2_C25,252,-0.02,25.0,27,QAUR,0.08446326093998469,1.0
MG_L252_T-2_C25,252,-0.02,25.0,28,QAUR,-0.01880824339136311,1.0
MG_L252_T-2_C25,252,-0.02,25.0,29,QAUR,-0.011461171856840036,1.0
MG_L252_T-2_C25,252,-0.02,25.0,30,QAUR,0.028430616328460445,1.0
MG_L252_T-2_C25,252,-0.02,25.0,31,QAUR,0.10933565971928116,1.0
MG_L252_T-2_C25,252,-0.02,25.0,32,QAUR,0.07880600583961761,1.0
MG_L252_T-2_C25,252,-0.02,25.0,33,QAUR,0.07561472597380425,1.0
MG_L252_T-2_C25,252,-0.02,25.0,34,QAUR,0.05989946826830628,1.0
MG_L252_T-2_C25,252,-0.02,25.0,35,QAUR,0.11248097047187744,1.0
MG_L252_T-2_C25,252,-0.02,25.0,36,QAUR,0.04647488693062596,1.0
MG_L252_T-2_C25,252,-0.02,25.0,37,QAUR,0.03145725989079695,1.0
MG_L252_T-2_C25,252,-0.02,25.0,38,QAUR,0.02748668877420468,1.0
MG_L252_T-2_C25,252,-0.02,25.0,39,QAUR,0.029542319588395927,1.0
MG_L252_T-2_C25,252,-0.02,25.0,40,QAUR,0.1709381312724958,1.0
MG_L252_T-2_C25,252,-0.02,25.0,41,QAUR,0.24594757509637621,1.0
MG_L252_T-2_C25,252,-0.02,25.0,42,QAUR,0.254300590956299,1.0
MG_L252_T-2_C25,252,-0.02,25.0,43,QAUR,0.23955797425632364,1.0
MG_L252_T-2_C25,252,-0.02,25.0,44,QAUR,0.23241109479172994,1.0
MG_L252_T-2_C25,252,-0.02,25.0,45,QAUR,0.18973583867346067,1.0
MG_L252_T-2_C25,252,-0.02,25.0,46,QAUR,0.22577773936593348,1.0
MG_L252_T-2_C25,252,-0.02,25.0,47,QAUR,0.17721543456610456,1.0
MG_L252_T-2_C25,252,-0.02,25.0,48,QAUR,0.11427615220140663,1.0
MG_L252_T-2_C25,252,-0.02,25.0,49,QAUR,0.2363588536294452,1.0
MG_L252_T-2_C25,252,-0.02,25.0,50,QAUR,0.16681045448717424,1.0
MG_L252_T-2_C25,252,-0.02,25.0,51,QAUR,0.13158152098377318,1.0
MG_L252_T-2_C25,252,-0.02,25.0,52,QAUR,-0.0019003117238898248,1.0
MG_L252_T-2_C50,252,-0.02,50.0,0,AUR,0.813666389235197,1.0
MG_L252_T-2_C50,252,-0.02,50.0,1,AUR,0.5483786209917452,1.0
MG_L252_T-2_C50,252,-0.02,50.0,2,AUR,0.4150548520659765,1.0
MG_L252_T-2_C50,252,-0.02,50.0,3,AUR,0.15912119053239238,1.0
MG_L252_T-2_C50,252,-0.02,50.0,4,AUR,0.34287802234180753,1.0
MG_L252_T-2_C50,252,-0.02,50.0,5,AUR,0.2708626235014957,1.0
MG_L252_T-2_C50,252,-0.02,50.0,6,AUR,0.028372958215094224,1.0
MG_L252_T-2_C50,252,-0.02,50.0,7,AUR,-0.24812097617917972,0.0
MG_L252_T-2_C50,252,-0.02,50.0,8,AUR,-0.3413341485856505,0.0
MG_L252_T-2_C50,252,-0.02,50.0,9,AUR,-0.4108976736630737,0.0
MG_L252_T-2_C50,252,-0.02,50.0,10,AUR,-0.3313456166358506,0.0
MG_L252_T-2_C50,252,-0.02,50.0,11,AUR,-0.37097879568122794,0.0
MG_L252_T-2_C50,252,-0.02,50.0,12,AUR,-0.43745641110958733,0.0
MG_L252_T-2_C50,252,-0.02,50.0,13,AUR,-0.2786750249430149,0.0
MG_L252_T-2_C50,252,-0.02,50.0,14,AUR,-0.1584034061870715,0.0
MG_L252_T-2_C50,252,-0.02,50.0,15,AUR,-0.02679227935531303,0.0
MG_L252_T-2_C50,252,-0.02,50.0,16,AUR,-0.014769974775293737,1.0
MG_L252_T-2_C50,252,-0.02,50.0,17,AUR,-0.04443090679348238,0.0
MG_L252_T-2_C50,252,-0.02,50.0,18,AUR,-0.020775074244086755,0.0
MG_L252_T-2_C50,252,-0.02,50.0,19,AUR,0.06360332036851113,1.0
MG_L252_T-2_C50,252,-0.02,50.0,20,AUR,0.22300557437997415,1.0
MG_L252_T-2_C50,252,-0.02,50.0,21,AUR,0.2693735432633473,1.0
MG_L252_T-2_C50,252,-0.02,50.0,22,AUR,0.17553900795785604,1.0
MG_L252_T-2_C50,252,-0.02,50.0,23,AUR,0.2375660981551062,1.0
MG_L252_T-2_C50,252,-0.02,50.0,24,AUR,0.26834262382497953,1.0
MG_L252_T-2_C50,252,-0.02,50.0,25,AUR,0.1764722037863895,1.0
MG_L252_T-2_C50,252,-0.02,50.0,26,AUR,0.14283440578374718,1.0
MG_L252_T-2_C50,252,-0.02,50.0,27,AUR,0.08446326093998469,1.0
MG_L252_T-2_C50,252,-0.02,50.0,28,AUR,-0.01880824339136311,1.0
MG_L252_T-2_C50,252,-0.02,50.0,29,AUR,-0.011461171856840036,1.0
MG_L252_T-2_C50,252,-0.02,50.0,30,AUR,0.028430616328460445,1.0
MG_L252_T-2_C50,252,-0.02,50.0,31,AUR,0.10933565971928116,1.0
MG_L252_T-2_C50,252,-0.02,50.0,32,AUR,0.07880600583961761,1.0
MG_L252_T-2_C50,252,-0.02,50.0,33,AUR,0.07561472597380425,1.0
MG_L252_T-2_C50,252,-0.02,50.0,34,AUR,0.05989946826830628,1.0
MG_L252_T-2_C50,252,-0.02,50.0,35,AUR,0.11248097047187744,1.0
MG_L252_T-2_C50,252,-0.02,50.0,36,AUR,0.04647488693062596,1.0
MG_L252_T-2_C50,252,-0.02,50.0,37,AUR,0.03145725989079695,1.0
MG_L252_T-2_C50,252,-0.02,50.0,38,AUR,0.02748668877420468,1.0
MG_L252_T-2_C50,252,-0.02,50.0,39,AUR,0.029542319588395927,1.0
MG_L252_T-2_C50,252,-0.02,50.0,40,AUR,0.1709381312724958,1.0
MG_L252_T-2_C50,252,-0.02,50.0,41,AUR,0.24594757509637621,1.0
MG_L252_T-2_C50,252,-0.02,50.0,42,AUR,0.254300590956299,1.0
MG_L252_T-2_C50,252,-0.02,50.0,43,AUR,0.23955797425632364,1.0
MG_L252_T-2_C50,252,-0.02,50.0,44,AUR,0.23241109479172994,1.0
MG_L252_T-2_C50,252,-0.02,50.0,45,AUR,0.18973583867346067,1.0
MG_L252_T-2_C50,252,-0.02,50.0,46,AUR,0.22577773936593348,1.0
MG_L252_T-2_C50,252,-0.02,50.0,47,AUR,0.17721543456610456,1.0
MG_L252_T-2_C50,252,-0.02,50.0,48,AUR,0.11427615220140663,1.0
MG_L252_T-2_C50,252,-0.02,50.0,49,AUR,0.2363588536294452,1.0
MG_L252_T-2_C50,252,-0.02,50.0,50,AUR,0.16681045448717424,1.0
MG_L252_T-2_C50,252,-0.02,50.0,51,AUR,0.13158152098377318,1.0
MG_L252_T-2_C50,252,-0.02,50.0,52,AUR,-0.0019003117238898248,1.0
MG_L252_T-2_C50,252,-0.02,50.0,0,QAUR,0.813666389235197,1.0
MG_L252_T-2_C50,252,-0.02,50.0,1,QAUR,0.5483786209917452,1.0
MG_L252_T-2_C50,252,-0.02,50.0,2,QAUR,0.4150548520659765,1.0
MG_L252_T-2_C50,252,-0.02,50.0,3,QAUR,0.15912119053239238,1.0
MG_L252_T-2_C50,252,-0.02,50.0,4,QAUR,0.34287802234180753,1.0
MG_L252_T-2_C50,252,-0.02,50.0,5,QAUR,0.2708626235014957,1.0
MG_L252_T-2_C50,252,-0.02,50.0,6,QAUR,0.028372958215094224,1.0
MG_L252_T-2_C50,252,-0.02,50.0,7,QAUR,-0.24812097617917972,0.0
MG_L252_T-2_C50,252,-0.02,50.0,8,QAUR,-0.3413341485856505,0.0
MG_L252_T-2_C50,252,-0.02,50.0,9,QAUR,-0.4108976736630737,0.0
MG_L252_T-2_C50,252,-0.02,50.0,10,QAUR,-0.3313456166358506,0.0
MG_L252_T-2_C50,252,-0.02,50.0,11,QAUR,-0.37097879568122794,0.0
MG_L252_T-2_C50,252,-0.02,50.0,12,QAUR,-0.43745641110958733,0.0
MG_L252_T-2_C50,252,-0.02,50.0,13,QAUR,-0.2786750249430149,0.0
MG_L252_T-2_C50,252,-0.02,50.0,14,QAUR,-0.1584034061870715,0.0
MG_L252_T-2_C50,252,-0.02,50.0,15,QAUR,-0.02679227935531303,0.0
MG_L252_T-2_C50,252,-0.02,50.0,16,QAUR,-0.014769974775293737,1.0
MG_L252_T-2_C50,252,-0.02,50.0,17,QAUR,-0.04443090679348238,0.0
MG_L252_T-2_C50,252,-0.02,50.0,18,QAUR,-0.020775074244086755,0.0
MG_L252_T-2_C50,252,-0.02,50.0,19,QAUR,0.06360332036851113,1.0
MG_L252_T-2_C50,252,-0.02,50.0,20,QAUR,0.22300557437997415,1.0
MG_L252_T-2_C50,252,-0.02,50.0,21,QAUR,0.2693735432633473,1.0
MG_L252_T-2_C50,252,-0.02,50.0,22,QAUR,0.17553900795785604,1.0
MG_L252_T-2_C50,252,-0.02,50.0,23,QAUR,0.2375660981551062,1.0
MG_L252_T-2_C50,252,-0.02,50.0,24,QAUR,0.26834262382497953,1.0
MG_L252_T-2_C50,252,-0.02,50.0,25,QAUR,0.1764722037863895,1.0
MG_L252_T-2_C50,252,-0.02,50.0,26,QAUR,0.14283440578374718,1.0
MG_L252_T-2_C50,252,-0.02,50.0,27,QAUR,0.08446326093998469,1.0
MG_L252_T-2_C50,252,-0.02,50.0,28,QAUR,-0.01880824339136311,1.0
MG_L252_T-2_C50,252,-0.02,50.0,29,QAUR,-0.011461171856840036,1.0
MG_L252_T-2_C50,252,-0.02,50.0,30,QAUR,0.028430616328460445,1.0
MG_L252_T-2_C50,252,-0.02,50.0,31,QAUR,0.10933565971928116,1.0
MG_L252_T-2_C50,252,-0.02,50.0,32,QAUR,0.07880600583961761,1.0
MG_L252_T-2_C50,252,-0.02,50.0,33,QAUR,0.07561472597380425,1.0
MG_L252_T-2_C50,252,-0.02,50.0,34,QAUR,0.05989946826830628,1.0
MG_L252_T-2_C50,252,-0.02,50.0,35,QAUR,0.11248097047187744,1.0
MG_L252_T-2_C50,252,-0.02,50.0,36,QAUR,0.04647488693062596,1.0
MG_L252_T-2_C50,252,-0.02,50.0,37,QAUR,0.03145725989079695,1.0
MG_L252_T-2_C50,252,-0.02,50.0,38,QAUR,0.02748668877420468,1.0
MG_L252_T-2_C50,252,-0.02,50.0,39,QAUR,0.029542319588395927,1.0
MG_L252_T-2_C50,252,-0.02,50.0,40,QAUR,0.1709381312724958,1.0
MG_L252_T-2_C50,252,-0.02,50.0,41,QAUR,0.24594757509637621,1.0
MG_L252_T-2_C50,252,-0.02,50.0,42,QAUR,0.254300590956299,1.0
MG_L252_T-2_C50,252,-0.02,50.0,43,QAUR,0.23955797425632364,1.0
MG_L252_T-2_C50,252,-0.02,50.0,44,QAUR,0.23241109479172994,1.0
MG_L252_T-2_C50,252,-0.02,50.0,45,QAUR,0.18973583867346067,1.0
MG_L252_T-2_C50,252,-0.02,50.0,46,QAUR,0.22577773936593348,1.0
MG_L252_T-2_C50,252,-0.02,50.0,47,QAUR,0.17721543456610456,1.0
MG_L252_T-2_C50,252,-0.02,50.0,48,QAUR,0.11427615220140663,1.0
MG_L252_T-2_C50,252,-0.02,50.0,49,QAUR,0.2363588536294452,1.0
MG_L252_T-2_C50,252,-0.02,50.0,50,QAUR,0.16681045448717424,1.0
MG_L252_T-2_C50,252,-0.02,50.0,51,QAUR,0.13158152098377318,1.0
MG_L252_T-2_C50,252,-0.02,50.0,52,QAUR,-0.0019003117238898248,1.0
MG_L252_T-2_C100,252,-0.02,100.0,0,AUR,0.813666389235197,1.0
MG_L252_T-2_C100,252,-0.02,100.0,1,AUR,0.5483786209917452,1.0
MG_L252_T-2_C100,252,-0.02,100.0,2,AUR,0.4150548520659765,1.0
MG_L252_T-2_C100,252,-0.02,100.0,3,AUR,0.15912119053239238,1.0
MG_L252_T-2_C100,252,-0.02,100.0,4,AUR,0.34287802234180753,1.0
MG_L252_T-2_C100,252,-0.02,100.0,5,AUR,0.2708626235014957,1.0
MG_L252_T-2_C100,252,-0.02,100.0,6,AUR,0.028372958215094224,1.0
MG_L252_T-2_C100,252,-0.02,100.0,7,AUR,-0.24812097617917972,0.0
MG_L252_T-2_C100,252,-0.02,100.0,8,AUR,-0.3413341485856505,0.0
MG_L252_T-2_C100,252,-0.02,100.0,9,AUR,-0.4108976736630737,0.0
MG_L252_T-2_C100,252,-0.02,100.0,10,AUR,-0.3313456166358506,0.0
MG_L252_T-2_C100,252,-0.02,100.0,11,AUR,-0.37097879568122794,0.0
MG_L252_T-2_C100,252,-0.02,100.0,12,AUR,-0.43745641110958733,0.0
MG_L252_T-2_C100,252,-0.02,100.0,13,AUR,-0.2786750249430149,0.0
MG_L252_T-2_C100,252,-0.02,100.0,14,AUR,-0.1584034061870715,0.0
MG_L252_T-2_C100,252,-0.02,100.0,15,AUR,-0.02679227935531303,0.0
MG_L252_T-2_C100,252,-0.02,100.0,16,AUR,-0.014769974775293737,1.0
MG_L252_T-2_C100,252,-0.02,100.0,17,AUR,-0.04443090679348238,0.0
MG_L252_T-2_C100,252,-0.02,100.0,18,AUR,-0.020775074244086755,0.0
MG_L252_T-2_C100,252,-0.02,100.0,19,AUR,0.06360332036851113,1.0
MG_L252_T-2_C100,252,-0.02,100.0,20,AUR,0.22300557437997415,1.0
MG_L252_T-2_C100,252,-0.02,100.0,21,AUR,0.2693735432633473,1.0
MG_L252_T-2_C100,252,-0.02,100.0,22,AUR,0.17553900795785604,1.0
MG_L252_T-2_C100,252,-0.02,100.0,23,AUR,0.2375660981551062,1.0
MG_L252_T-2_C100,252,-0.02,100.0,24,AUR,0.26834262382497953,1.0
MG_L252_T-2_C100,252,-0.02,100.0,25,AUR,0.1764722037863895,1.0
MG_L252_T-2_C100,252,-0.02,100.0,26,AUR,0.14283440578374718,1.0
MG_L252_T-2_C100,252,-0.02,100.0,27,AUR,0.08446326093998469,1.0
MG_L252_T-2_C100,252,-0.02,100.0,28,AUR,-0.01880824339136311,1.0
MG_L252_T-2_C100,252,-0.02,100.0,29,AUR,-0.011461171856840036,1.0
MG_L252_T-2_C100,252,-0.02,100.0,30,AUR,0.028430616328460445,1.0
MG_L252_T-2_C100,252,-0.02,100.0,31,AUR,0.10933565971928116,1.0
MG_L252_T-2_C100,252,-0.02,100.0,32,AUR,0.07880600583961761,1.0
MG_L252_T-2_C100,252,-0.02,100.0,33,AUR,0.07561472597380425,1.0
MG_L252_T-2_C100,252,-0.02,100.0,34,AUR,0.05989946826830628,1.0
MG_L252_T-2_C100,252,-0.02,100.0,35,AUR,0.11248097047187744,1.0
MG_L252_T-2_C100,252,-0.02,100.0,36,AUR,0.04647488693062596,1.0
MG_L252_T-2_C100,252,-0.02,100.0,37,AUR,0.03145725989079695,1.0
MG_L252_T-2_C100,252,-0.02,100.0,38,AUR,0.02748668877420468,1.0
MG_L252_T-2_C100,252,-0.02,100.0,39,AUR,0.029542319588395927,1.0
MG_L252_T-2_C100,252,-0.02,100.0,40,AUR,0.1709381312724958,1.0
MG_L252_T-2_C100,252,-0.02,100.0,41,AUR,0.24594757509637621,1.0
MG_L252_T-2_C100,252,-0.02,100.0,42,AUR,0.254300590956299,1.0
MG_L252_T-2_C100,252,-0.02,100.0,43,AUR,0.23955797425632364,1.0
MG_L252_T-2_C100,252,-0.02,100.0,44,AUR,0.23241109479172994,1.0
MG_L252_T-2_C100,252,-0.02,100.0,45,AUR,0.18973583867346067,1.0
MG_L252_T-2_C100,252,-0.02,100.0,46,AUR,0.22577773936593348,1.0
MG_L252_T-2_C100,252,-0.02,100.0,47,AUR,0.17721543456610456,1.0
MG_L252_T-2_C100,252,-0.02,100.0,48,AUR,0.11427615220140663,1.0
MG_L252_T-2_C100,252,-0.02,100.0,49,AUR,0.2363588536294452,1.0
MG_L252_T-2_C100,252,-0.02,100.0,50,AUR,0.16681045448717424,1.0
MG_L252_T-2_C100,252,-0.02,100.0,51,AUR,0.13158152098377318,1.0
MG_L252_T-2_C100,252,-0.02,100.0,52,AUR,-0.0019003117238898248,1.0
MG_L252_T-2_C100,252,-0.02,100.0,0,QAUR,0.813666389235197,1.0
MG_L252_T-2_C100,252,-0.02,100.0,1,QAUR,0.5483786209917452,1.0
MG_L252_T-2_C100,252,-0.02,100.0,2,QAUR,0.4150548520659765,1.0
MG_L252_T-2_C100,252,-0.02,100.0,3,QAUR,0.15912119053239238,1.0
MG_L252_T-2_C100,252,-0.02,100.0,4,QAUR,0.34287802234180753,1.0
MG_L252_T-2_C100,252,-0.02,100.0,5,QAUR,0.2708626235014957,1.0
MG_L252_T-2_C100,252,-0.02,100.0,6,QAUR,0.028372958215094224,1.0
MG_L252_T-2_C100,252,-0.02,100.0,7,QAUR,-0.24812097617917972,0.0
MG_L252_T-2_C100,252,-0.02,100.0,8,QAUR,-0.3413341485856505,0.0
MG_L252_T-2_C100,252,-0.02,100.0,9,QAUR,-0.4108976736630737,0.0
MG_L252_T-2_C100,252,-0.02,100.0,10,QAUR,-0.3313456166358506,0.0
MG_L252_T-2_C100,252,-0.02,100.0,11,QAUR,-0.37097879568122794,0.0
MG_L252_T-2_C100,252,-0.02,100.0,12,QAUR,-0.43745641110958733,0.0
MG_L252_T-2_C100,252,-0.02,100.0,13,QAUR,-0.2786750249430149,0.0
MG_L252_T-2_C100,252,-0.02,100.0,14,QAUR,-0.1584034061870715,0.0
MG_L252_T-2_C100,252,-0.02,100.0,15,QAUR,-0.02679227935531303,0.0
MG_L252_T-2_C100,252,-0.02,100.0,16,QAUR,-0.014769974775293737,1.0
MG_L252_T-2_C100,252,-0.02,100.0,17,QAUR,-0.04443090679348238,0.0
MG_L252_T-2_C100,252,-0.02,100.0,18,QAUR,-0.020775074244086755,0.0
MG_L252_T-2_C100,252,-0.02,100.0,19,QAUR,0.06360332036851113,1.0
MG_L252_T-2_C100,252,-0.02,100.0,20,QAUR,0.22300557437997415,1.0
MG_L252_T-2_C100,252,-0.02,100.0,21,QAUR,0.2693735432633473,1.0
MG_L252_T-2_C100,252,-0.02,100.0,22,QAUR,0.17553900795785604,1.0
MG_L252_T-2_C100,252,-0.02,100.0,23,QAUR,0.2375660981551062,1.0
MG_L252_T-2_C100,252,-0.02,100.0,24,QAUR,0.26834262382497953,1.0
MG_L252_T-2_C100,252,-0.02,100.0,25,QAUR,0.1764722037863895,1.0
MG_L252_T-2_C100,252,-0.02,100.0,26,QAUR,0.14283440578374718,1.0
MG_L252_T-2_C100,252,-0.02,100.0,27,QAUR,0.08446326093998469,1.0
MG_L252_T-2_C100,252,-0.02,100.0,28,QAUR,-0.01880824339136311,1.0
MG_L252_T-2_C100,252,-0.02,100.0,29,QAUR,-0.011461171856840036,1.0
MG_L252_T-2_C100,252,-0.02,100.0,30,QAUR,0.028430616328460445,1.0
MG_L252_T-2_C100,252,-0.02,100.0,31,QAUR,0.10933565971928116,1.0
MG_L252_T-2_C100,252,-0.02,100.0,32,QAUR,0.07880600583961761,1.0
MG_L252_T-2_C100,252,-0.02,100.0,33,QAUR,0.07561472597380425,1.0
MG_L252_T-2_C100,252,-0.02,100.0,34,QAUR,0.05989946826830628,1.0
MG_L252_T-2_C100,252,-0.02,100.0,35,QAUR,0.11248097047187744,1.0
MG_L252_T-2_C100,252,-0.02,100.0,36,QAUR,0.04647488693062596,1.0
MG_L252_T-2_C100,252,-0.02,100.0,37,QAUR,0.03145725989079695,1.0
MG_L252_T-2_C100,252,-0.02,100.0,38,QAUR,0.02748668877420468,1.0
MG_L252_T-2_C100,252,-0.02,100.0,39,QAUR,0.029542319588395927,1.0
MG_L252_T-2_C100,252,-0.02,100.0,40,QAUR,0.1709381312724958,1.0
MG_L252_T-2_C100,252,-0.02,100.0,41,QAUR,0.24594757509637621,1.0
MG_L252_T-2_C100,252,-0.02,100.0,42,QAUR,0.254300590956299,1.0
MG_L252_T-2_C100,252,-0.02,100.0,43,QAUR,0.23955797425632364,1.0
MG_L252_T-2_C100,252,-0.02,100.0,44,QAUR,0.23241109479172994,1.0
MG_L252_T-2_C100,252,-0.02,100.0,45,QAUR,0.18973583867346067,1.0
MG_L252_T-2_C100,252,-0.02,100.0,46,QAUR,0.22577773936593348,1.0
MG_L252_T-2_C100,252,-0.02,100.0,47,QAUR,0.17721543456610456,1.0
MG_L252_T-2_C100,252,-0.02,100.0,48,QAUR,0.11427615220140663,1.0
MG_L252_T-2_C100,252,-0.02,100.0,49,QAUR,0.2363588536294452,1.0
MG_L252_T-2_C100,252,-0.02,100.0,50,QAUR,0.16681045448717424,1.0
MG_L252_T-2_C100,252,-0.02,100.0,51,QAUR,0.13158152098377318,1.0
MG_L252_T-2_C100,252,-0.02,100.0,52,QAUR,-0.0019003117238898248,1.0
MG_L252_T0_C0,252,0.0,0.0,0,AUR,0.813666389235197,1.0
MG_L252_T0_C0,252,0.0,0.0,1,AUR,0.5483786209917452,1.0
MG_L252_T0_C0,252,0.0,0.0,2,AUR,0.4150548520659765,1.0
MG_L252_T0_C0,252,0.0,0.0,3,AUR,0.15912119053239238,1.0
MG_L252_T0_C0,252,0.0,0.0,4,AUR,0.34287802234180753,1.0
MG_L252_T0_C0,252,0.0,0.0,5,AUR,0.2708626235014957,1.0
MG_L252_T0_C0,252,0.0,0.0,6,AUR,0.028372958215094224,1.0
MG_L252_T0_C0,252,0.0,0.0,7,AUR,-0.24812097617917972,0.0
MG_L252_T0_C0,252,0.0,0.0,8,AUR,-0.3413341485856505,0.0
MG_L252_T0_C0,252,0.0,0.0,9,AUR,-0.4108976736630737,0.0
MG_L252_T0_C0,252,0.0,0.0,10,AUR,-0.3313456166358506,0.0
MG_L252_T0_C0,252,0.0,0.0,11,AUR,-0.37097879568122794,0.0
MG_L252_T0_C0,252,0.0,0.0,12,AUR,-0.43745641110958733,0.0
MG_L252_T0_C0,252,0.0,0.0,13,AUR,-0.2786750249430149,0.0
MG_L252_T0_C0,252,0.0,0.0,14,AUR,-0.1584034061870715,0.0
MG_L252_T0_C0,252,0.0,0.0,15,AUR,-0.02679227935531303,0.0
MG_L252_T0_C0,252,0.0,0.0,16,AUR,-0.014769974775293737,0.0
MG_L252_T0_C0,252,0.0,0.0,17,AUR,-0.04443090679348238,0.0
MG_L252_T0_C0,252,0.0,0.0,18,AUR,-0.020775074244086755,0.0
MG_L252_T0_C0,252,0.0,0.0,19,AUR,0.06360332036851113,1.0
MG_L252_T0_C0,252,0.0,0.0,20,AUR,0.22300557437997415,1.0
MG_L252_T0_C0,252,0.0,0.0,21,AUR,0.2693735432633473,1.0
MG_L252_T0_C0,252,0.0,0.0,22,AUR,0.17553900795785604,1.0
MG_L252_T0_C0,252,0.0,0.0,23,AUR,0.2375660981551062,1.0
MG_L252_T0_C0,252,0.0,0.0,24,AUR,0.26834262382497953,1.0
MG_L252_T0_C0,252,0.0,0.0,25,AUR,0.1764722037863895,1.0
MG_L252_T0_C0,252,0.0,0.0,26,AUR,0.14283440578374718,1.0
MG_L252_T0_C0,252,0.0,0.0,27,AUR,0.08446326093998469,1.0
MG_L252_T0_C0,252,0.0,0.0,28,AUR,-0.01880824339136311,0.0
MG_L252_T0_C0,252,0.0,0.0,29,AUR,-0.011461171856840036,0.0
MG_L252_T0_C0,252,0.0,0.0,30,AUR,0.028430616328460445,1.0
MG_L252_T0_C0,252,0.0,0.0,31,AUR,0.10933565971928116,1.0
MG_L252_T0_C0,252,0.0,0.0,32,AUR,0.07880600583961761,1.0
MG_L252_T0_C0,252,0.0,0.0,33,AUR,0.07561472597380425,1.0
MG_L252_T0_C0,252,0.0,0.0,34,AUR,0.05989946826830628,1.0
MG_L252_T0_C0,252,0.0,0.0,35,AUR,0.11248097047187744,1.0
MG_L252_T0_C0,252,0.0,0.0,36,AUR,0.04647488693062596,1.0
MG_L252_T0_C0,252,0.0,0.0,37,AUR,0.03145725989079695,1.0
MG_L252_T0_C0,252,0.0,0.0,38,AUR,0.02748668877420468,1.0
MG_L252_T0_C0,252,0.0,0.0,39,AUR,0.029542319588395927,1.0
MG_L252_T0_C0,252,0.0,0.0,40,AUR,0.1709381312724958,1.0
MG_L252_T0_C0,252,0.0,0.0,41,AUR,0.24594757509637621,1.0
MG_L252_T0_C0,252,0.0,0.0,42,AUR,0.254300590956299,1.0
MG_L252_T0_C0,252,0.0,0.0,43,AUR,0.23955797425632364,1.0
MG_L252_T0_C0,252,0.0,0.0,44,AUR,0.23241109479172994,1.0
MG_L252_T0_C0,252,0.0,0.0,45,AUR,0.18973583867346067,1.0
MG_L252_T0_C0,252,0.0,0.0,46,AUR,0.22577773936593348,1.0
MG_L252_T0_C0,252,0.0,0.0,47,AUR,0.17721543456610456,1.0
MG_L252_T0_C0,252,0.0,0.0,48,AUR,0.11427615220140663,1.0
MG_L252_T0_C0,252,0.0,0.0,49,AUR,0.2363588536294452,1.0
MG_L252_T0_C0,252,0.0,0.0,50,AUR,0.16681045448717424,1.0
MG_L252_T0_C0,252,0.0,0.0,51,AUR,0.13158152098377318,1.0
MG_L252_T0_C0,252,0.0,0.0,52,AUR,-0.0019003117238898248,0.0
MG_L252_T0_C0,252,0.0,0.0,0,QAUR,0.813666389235197,1.0
MG_L252_T0_C0,252,0.0,0.0,1,QAUR,0.5483786209917452,1.0
MG_L252_T0_C0,252,0.0,0.0,2,QAUR,0.4150548520659765,1.0
MG_L252_T0_C0,252,0.0,0.0,3,QAUR,0.15912119053239238,1.0
MG_L252_T0_C0,252,0.0,0.0,4,QAUR,0.34287802234180753,1.0
MG_L252_T0_C0,252,0.0,0.0,5,QAUR,0.2708626235014957,1.0
MG_L252_T0_C0,252,0.0,0.0,6,QAUR,0.028372958215094224,1.0
MG_L252_T0_C0,252,0.0,0.0,7,QAUR,-0.24812097617917972,0.0
MG_L252_T0_C0,252,0.0,0.0,8,QAUR,-0.3413341485856505,0.0
MG_L252_T0_C0,252,0.0,0.0,9,QAUR,-0.4108976736630737,0.0
MG_L252_T0_C0,252,0.0,0.0,10,QAUR,-0.3313456166358506,0.0
MG_L252_T0_C0,252,0.0,0.0,11,QAUR,-0.37097879568122794,0.0
MG_L252_T0_C0,252,0.0,0.0,12,QAUR,-0.43745641110958733,0.0
MG_L252_T0_C0,252,0.0,0.0,13,QAUR,-0.2786750249430149,0.0
MG_L252_T0_C0,252,0.0,0.0,14,QAUR,-0.1584034061870715,0.0
MG_L252_T0_C0,252,0.0,0.0,15,QAUR,-0.02679227935531303,0.0
MG_L252_T0_C0,252,0.0,0.0,16,QAUR,-0.014769974775293737,0.0
MG_L252_T0_C0,252,0.0,0.0,17,QAUR,-0.04443090679348238,0.0
MG_L252_T0_C0,252,0.0,0.0,18,QAUR,-0.020775074244086755,0.0
MG_L252_T0_C0,252,0.0,0.0,19,QAUR,0.06360332036851113,1.0
MG_L252_T0_C0,252,0.0,0.0,20,QAUR,0.22300557437997415,1.0
MG_L252_T0_C0,252,0.0,0.0,21,QAUR,0.2693735432633473,1.0
MG_L252_T0_C0,252,0.0,0.0,22,QAUR,0.17553900795785604,1.0
MG_L252_T0_C0,252,0.0,0.0,23,QAUR,0.2375660981551062,1.0
MG_L252_T0_C0,252,0.0,0.0,24,QAUR,0.26834262382497953,1.0
MG_L252_T0_C0,252,0.0,0.0,25,QAUR,0.1764722037863895,1.0
MG_L252_T0_C0,252,0.0,0.0,26,QAUR,0.14283440578374718,1.0
MG_L252_T0_C0,252,0.0,0.0,27,QAUR,0.08446326093998469,1.0
MG_L252_T0_C0,252,0.0,0.0,28,QAUR,-0.01880824339136311,0.0
MG_L252_T0_C0,252,0.0,0.0,29,QAUR,-0.011461171856840036,0.0
MG_L252_T0_C0,252,0.0,0.0,30,QAUR,0.028430616328460445,1.0
MG_L252_T0_C0,252,0.0,0.0,31,QAUR,0.10933565971928116,1.0
MG_L252_T0_C0,252,0.0,0.0,32,QAUR,0.07880600583961761,1.0
MG_L252_T0_C0,252,0.0,0.0,33,QAUR,0.07561472597380425,1.0
MG_L252_T0_C0,252,0.0,0.0,34,QAUR,0.05989946826830628,1.0
MG_L252_T0_C0,252,0.0,0.0,35,QAUR,0.11248097047187744,1.0
MG_L252_T0_C0,252,0.0,0.0,36,QAUR,0.04647488693062596,1.0
MG_L252_T0_C0,252,0.0,0.0,37,QAUR,0.03145725989079695,1.0
MG_L252_T0_C0,252,0.0,0.0,38,QAUR,0.02748668877420468,1.0
MG_L252_T0_C0,252,0.0,0.0,39,QAUR,0.029542319588395927,1.0
MG_L252_T0_C0,252,0.0,0.0,40,QAUR,0.1709381312724958,1.0
MG_L252_T0_C0,252,0.0,0.0,41,QAUR,0.24594757509637621,1.0
MG_L252_T0_C0,252,0.0,0.0,42,QAUR,0.254300590956299,1.0
MG_L252_T0_C0,252,0.0,0.0,43,QAUR,0.23955797425632364,1.0
MG_L252_T0_C0,252,0.0,0.0,44,QAUR,0.23241109479172994,1.0
MG_L252_T0_C0,252,0.0,0.0,45,QAUR,0.18973583867346067,1.0
MG_L252_T0_C0,252,0.0,0.0,46,QAUR,0.22577773936593348,1.0
MG_L252_T0_C0,252,0.0,0.0,47,QAUR,0.17721543456610456,1.0
MG_L252_T0_C0,252,0.0,0.0,48,QAUR,0.11427615220140663,1.0
MG_L252_T0_C0,252,0.0,0.0,49,QAUR,0.2363588536294452,1.0
MG_L252_T0_C0,252,0.0,0.0,50,QAUR,0.16681045448717424,1.0
MG_L252_T0_C0,252,0.0,0.0,51,QAUR,0.13158152098377318,1.0
MG_L252_T0_C0,252,0.0,0.0,52,QAUR,-0.0019003117238898248,0.0
MG_L252_T0_C25,252,0.0,25.0,0,AUR,0.813666389235197,1.0
MG_L252_T0_C25,252,0.0,25.0,1,AUR,0.5483786209917452,1.0
MG_L252_T0_C25,252,0.0,25.0,2,AUR,0.4150548520659765,1.0
MG_L252_T0_C25,252,0.0,25.0,3,AUR,0.15912119053239238,1.0
MG_L252_T0_C25,252,0.0,25.0,4,AUR,0.34287802234180753,1.0
MG_L252_T0_C25,252,0.0,25.0,5,AUR,0.2708626235014957,1.0
MG_L252_T0_C25,252,0.0,25.0,6,AUR,0.028372958215094224,1.0
MG_L252_T0_C25,252,0.0,25.0,7,AUR,-0.24812097617917972,0.0
MG_L252_T0_C25,252,0.0,25.0,8,AUR,-0.3413341485856505,0.0
MG_L252_T0_C25,252,0.0,25.0,9,AUR,-0.4108976736630737,0.0
MG_L252_T0_C25,252,0.0,25.0,10,AUR,-0.3313456166358506,0.0
MG_L252_T0_C25,252,0.0,25.0,11,AUR,-0.37097879568122794,0.0
MG_L252_T0_C25,252,0.0,25.0,12,AUR,-0.43745641110958733,0.0
MG_L252_T0_C25,252,0.0,25.0,13,AUR,-0.2786750249430149,0.0
MG_L252_T0_C25,252,0.0,25.0,14,AUR,-0.1584034061870715,0.0
MG_L252_T0_C25,252,0.0,25.0,15,AUR,-0.02679227935531303,0.0
MG_L252_T0_C25,252,0.0,25.0,16,AUR,-0.014769974775293737,0.0
MG_L252_T0_C25,252,0.0,25.0,17,AUR,-0.04443090679348238,0.0
MG_L252_T0_C25,252,0.0,25.0,18,AUR,-0.020775074244086755,0.0
MG_L252_T0_C25,252,0.0,25.0,19,AUR,0.06360332036851113,1.0
MG_L252_T0_C25,252,0.0,25.0,20,AUR,0.22300557437997415,1.0
MG_L252_T0_C25,252,0.0,25.0,21,AUR,0.2693735432633473,1.0
MG_L252_T0_C25,252,0.0,25.0,22,AUR,0.17553900795785604,1.0
MG_L252_T0_C25,252,0.0,25.0,23,AUR,0.2375660981551062,1.0
MG_L252_T0_C25,252,0.0,25.0,24,AUR,0.26834262382497953,1.0
MG_L252_T0_C25,252,0.0,25.0,25,AUR,0.1764722037863895,1.0
MG_L252_T0_C25,252,0.0,25.0,26,AUR,0.14283440578374718,1.0
MG_L252_T0_C25,252,0.0,25.0,27,AUR,0.08446326093998469,1.0
MG_L252_T0_C25,252,0.0,25.0,28,AUR,-0.01880824339136311,0.0
MG_L252_T0_C25,252,0.0,25.0,29,AUR,-0.011461171856840036,0.0
MG_L252_T0_C25,252,0.0,25.0,30,AUR,0.028430616328460445,1.0
MG_L252_T0_C25,252,0.0,25.0,31,AUR,0.10933565971928116,1.0
MG_L252_T0_C25,252,0.0,25.0,32,AUR,0.07880600583961761,1.0
MG_L252_T0_C25,252,0.0,25.0,33,AUR,0.07561472597380425,1.0
MG_L252_T0_C25,252,0.0,25.0,34,AUR,0.05989946826830628,1.0
MG_L252_T0_C25,252,0.0,25.0,35,AUR,0.11248097047187744,1.0
MG_L252_T0_C25,252,0.0,25.0,36,AUR,0.04647488693062596,1.0
MG_L252_T0_C25,252,0.0,25.0,37,AUR,0.03145725989079695,1.0
MG_L252_T0_C25,252,0.0,25.0,38,AUR,0.02748668877420468,1.0
MG_L252_T0_C25,252,0.0,25.0,39,AUR,0.029542319588395927,1.0
MG_L252_T0_C25,252,0.0,25.0,40,AUR,0.1709381312724958,1.0
MG_L252_T0_C25,252,0.0,25.0,41,AUR,0.24594757509637621,1.0
MG_L252_T0_C25,252,0.0,25.0,42,AUR,0.254300590956299,1.0
MG_L252_T0_C25,252,0.0,25.0,43,AUR,0.23955797425632364,1.0
MG_L252_T0_C25,252,0.0,25.0,44,AUR,0.23241109479172994,1.0
MG_L252_T0_C25,252,0.0,25.0,45,AUR,0.18973583867346067,1.0
MG_L252_T0_C25,252,0.0,25.0,46,AUR,0.22577773936593348,1.0
MG_L252_T0_C25,252,0.0,25.0,47,AUR,0.17721543456610456,1.0
MG_L252_T0_C25,252,0.0,25.0,48,AUR,0.11427615220140663,1.0
MG_L252_T0_C25,252,0.0,25.0,49,AUR,0.2363588536294452,1.0
MG_L252_T0_C25,252,0.0,25.0,50,AUR,0.16681045448717424,1.0
MG_L252_T0_C25,252,0.0,25.0,51,AUR,0.13158152098377318,1.0
MG_L252_T0_C25,252,0.0,25.0,52,AUR,-0.0019003117238898248,0.0
MG_L252_T0_C25,252,0.0,25.0,0,QAUR,0.813666389235197,1.0
MG_L252_T0_C25,252,0.0,25.0,1,QAUR,0.5483786209917452,1.0
MG_L252_T0_C25,252,0.0,25.0,2,QAUR,0.4150548520659765,1.0
MG_L252_T0_C25,252,0.0,25.0,3,QAUR,0.15912119053239238,1.0
MG_L252_T0_C25,252,0.0,25.0,4,QAUR,0.34287802234180753,1.0
MG_L252_T0_C25,252,0.0,25.0,5,QAUR,0.2708626235014957,1.0
MG_L252_T0_C25,252,0.0,25.0,6,QAUR,0.028372958215094224,1.0
MG_L252_T0_C25,252,0.0,25.0,7,QAUR,-0.24812097617917972,0.0
MG_L252_T0_C25,252,0.0,25.0,8,QAUR,-0.3413341485856505,0.0
MG_L252_T0_C25,252,0.0,25.0,9,QAUR,-0.4108976736630737,0.0
MG_L252_T0_C25,252,0.0,25.0,10,QAUR,-0.3313456166358506,0.0
MG_L252_T0_C25,252,0.0,25.0,11,QAUR,-0.37097879568122794,0.0
MG_L252_T0_C25,252,0.0,25.0,12,QAUR,-0.43745641110958733,0.0
MG_L252_T0_C25,252,0.0,25.0,13,QAUR,-0.2786750249430149,0.0
MG_L252_T0_C25,252,0.0,25.0,14,QAUR,-0.1584034061870715,0.0
MG_L252_T0_C25,252,0.0,25.0,15,QAUR,-0.02679227935531303,0.0
MG_L252_T0_C25,252,0.0,25.0,16,QAUR,-0.014769974775293737,0.0
MG_L252_T0_C25,252,0.0,25.0,17,QAUR,-0.04443090679348238,0.0
MG_L252_T0_C25,252,0.0,25.0,18,QAUR,-0.020775074244086755,0.0
MG_L252_T0_C25,252,0.0,25.0,19,QAUR,0.06360332036851113,1.0
MG_L252_T0_C25,252,0.0,25.0,20,QAUR,0.22300557437997415,1.0
MG_L252_T0_C25,252,0.0,25.0,21,QAUR,0.2693735432633473,1.0
MG_L252_T0_C25,252,0.0,25.0,22,QAUR,0.17553900795785604,1.0
MG_L252_T0_C25,252,0.0,25.0,23,QAUR,0.2375660981551062,1.0
MG_L252_T0_C25,252,0.0,25.0,24,QAUR,0.26834262382497953,1.0
MG_L252_T0_C25,252,0.0,25.0,25,QAUR,0.1764722037863895,1.0
MG_L252_T0_C25,252,0.0,25.0,26,QAUR,0.14283440578374718,1.0
MG_L252_T0_C25,252,0.0,25.0,27,QAUR,0.08446326093998469,1.0
MG_L252_T0_C25,252,0.0,25.0,28,QAUR,-0.01880824339136311,0.0
MG_L252_T0_C25,252,0.0,25.0,29,QAUR,-0.011461171856840036,0.0
MG_L252_T0_C25,252,0.0,25.0,30,QAUR,0.028430616328460445,1.0
MG_L252_T0_C25,252,0.0,25.0,31,QAUR,0.10933565971928116,1.0
MG_L252_T0_C25,252,0.0,25.0,32,QAUR,0.07880600583961761,1.0
MG_L252_T0_C25,252,0.0,25.0,33,QAUR,0.07561472597380425,1.0
MG_L252_T0_C25,252,0.0,25.0,34,QAUR,0.05989946826830628,1.0
MG_L252_T0_C25,252,0.0,25.0,35,QAUR,0.11248097047187744,1.0
MG_L252_T0_C25,252,0.0,25.0,36,QAUR,0.04647488693062596,1.0
MG_L252_T0_C25,252,0.0,25.0,37,QAUR,0.03145725989079695,1.0
MG_L252_T0_C25,252,0.0,25.0,38,QAUR,0.02748668877420468,1.0
MG_L252_T0_C25,252,0.0,25.0,39,QAUR,0.029542319588395927,1.0
MG_L252_T0_C25,252,0.0,25.0,40,QAUR,0.1709381312724958,1.0
MG_L252_T0_C25,252,0.0,25.0,41,QAUR,0.24594757509637621,1.0
MG_L252_T0_C25,252,0.0,25.0,42,QAUR,0.254300590956299,1.0
MG_L252_T0_C25,252,0.0,25.0,43,QAUR,0.23955797425632364,1.0
MG_L252_T0_C25,252,0.0,25.0,44,QAUR,0.23241109479172994,1.0
MG_L252_T0_C25,252,0.0,25.0,45,QAUR,0.18973583867346067,1.0
MG_L252_T0_C25,252,0.0,25.0,46,QAUR,0.22577773936593348,1.0
MG_L252_T0_C25,252,0.0,25.0,47,QAUR,0.17721543456610456,1.0
MG_L252_T0_C25,252,0.0,25.0,48,QAUR,0.11427615220140663,1.0
MG_L252_T0_C25,252,0.0,25.0,49,QAUR,0.2363588536294452,1.0
MG_L252_T0_C25,252,0.0,25.0,50,QAUR,0.16681045448717424,1.0
MG_L252_T0_C25,252,0.0,25.0,51,QAUR,0.13158152098377318,1.0
MG_L252_T0_C25,252,0.0,25.0,52,QAUR,-0.0019003117238898248,0.0
MG_L252_T0_C50,252,0.0,50.0,0,AUR,0.813666389235197,1.0
MG_L252_T0_C50,252,0.0,50.0,1,AUR,0.5483786209917452,1.0
MG_L252_T0_C50,252,0.0,50.0,2,AUR,0.4150548520659765,1.0
MG_L252_T0_C50,252,0.0,50.0,3,AUR,0.15912119053239238,1.0
MG_L252_T0_C50,252,0.0,50.0,4,AUR,0.34287802234180753,1.0
MG_L252_T0_C50,252,0.0,50.0,5,AUR,0.2708626235014957,1.0
MG_L252_T0_C50,252,0.0,50.0,6,AUR,0.028372958215094224,1.0
MG_L252_T0_C50,252,0.0,50.0,7,AUR,-0.24812097617917972,0.0
MG_L252_T0_C50,252,0.0,50.0,8,AUR,-0.3413341485856505,0.0
MG_L252_T0_C50,252,0.0,50.0,9,AUR,-0.4108976736630737,0.0
MG_L252_T0_C50,252,0.0,50.0,10,AUR,-0.3313456166358506,0.0
MG_L252_T0_C50,252,0.0,50.0,11,AUR,-0.37097879568122794,0.0
MG_L252_T0_C50,252,0.0,50.0,12,AUR,-0.43745641110958733,0.0
MG_L252_T0_C50,252,0.0,50.0,13,AUR,-0.2786750249430149,0.0
MG_L252_T0_C50,252,0.0,50.0,14,AUR,-0.1584034061870715,0.0
MG_L252_T0_C50,252,0.0,50.0,15,AUR,-0.02679227935531303,0.0
MG_L252_T0_C50,252,0.0,50.0,16,AUR,-0.014769974775293737,0.0
MG_L252_T0_C50,252,0.0,50.0,17,AUR,-0.04443090679348238,0.0
MG_L252_T0_C50,252,0.0,50.0,18,AUR,-0.020775074244086755,0.0
MG_L252_T0_C50,252,0.0,50.0,19,AUR,0.06360332036851113,1.0
MG_L252_T0_C50,252,0.0,50.0,20,AUR,0.22300557437997415,1.0
MG_L252_T0_C50,252,0.0,50.0,21,AUR,0.2693735432633473,1.0
MG_L252_T0_C50,252,0.0,50.0,22,AUR,0.17553900795785604,1.0
MG_L252_T0_C50,252,0.0,50.0,23,AUR,0.2375660981551062,1.0
MG_L252_T0_C50,252,0.0,50.0,24,AUR,0.26834262382497953,1.0
MG_L252_T0_C50,252,0.0,50.0,25,AUR,0.1764722037863895,1.0
MG_L252_T0_C50,252,0.0,50.0,26,AUR,0.14283440578374718,1.0
MG_L252_T0_C50,252,0.0,50.0,27,AUR,0.08446326093998469,1.0
MG_L252_T0_C50,252,0.0,50.0,28,AUR,-0.01880824339136311,0.0
MG_L252_T0_C50,252,0.0,50.0,29,AUR,-0.011461171856840036,0.0
MG_L252_T0_C50,252,0.0,50.0,30,AUR,0.028430616328460445,1.0
MG_L252_T0_C50,252,0.0,50.0,31,AUR,0.10933565971928116,1.0
MG_L252_T0_C50,252,0.0,50.0,32,AUR,0.07880600583961761,1.0
MG_L252_T0_C50,252,0.0,50.0,33,AUR,0.07561472597380425,1.0
MG_L252_T0_C50,252,0.0,50.0,34,AUR,0.05989946826830628,1.0
MG_L252_T0_C50,252,0.0,50.0,35,AUR,0.11248097047187744,1.0
MG_L252_T0_C50,252,0.0,50.0,36,AUR,0.04647488693062596,1.0
MG_L252_T0_C50,252,0.0,50.0,37,AUR,0.03145725989079695,1.0
MG_L252_T0_C50,252,0.0,50.0,38,AUR,0.02748668877420468,1.0
MG_L252_T0_C50,252,0.0,50.0,39,AUR,0.029542319588395927,1.0
MG_L252_T0_C50,252,0.0,50.0,40,AUR,0.1709381312724958,1.0
MG_L252_T0_C50,252,0.0,50.0,41,AUR,0.24594757509637621,1.0
MG_L252_T0_C50,252,0.0,50.0,42,AUR,0.254300590956299,1.0
MG_L252_T0_C50,252,0.0,50.0,43,AUR,0.23955797425632364,1.0
MG_L252_T0_C50,252,0.0,50.0,44,AUR,0.23241109479172994,1.0
MG_L252_T0_C50,252,0.0,50.0,45,AUR,0.18973583867346067,1.0
MG_L252_T0_C50,252,0.0,50.0,46,AUR,0.22577773936593348,1.0
MG_L252_T0_C50,252,0.0,50.0,47,AUR,0.17721543456610456,1.0
MG_L252_T0_C50,252,0.0,50.0,48,AUR,0.11427615220140663,1.0
MG_L252_T0_C50,252,0.0,50.0,49,AUR,0.2363588536294452,1.0
MG_L252_T0_C50,252,0.0,50.0,50,AUR,0.16681045448717424,1.0
MG_L252_T0_C50,252,0.0,50.0,51,AUR,0.13158152098377318,1.0
MG_L252_T0_C50,252,0.0,50.0,52,AUR,-0.0019003117238898248,0.0
MG_L252_T0_C50,252,0.0,50.0,0,QAUR,0.813666389235197,1.0
MG_L252_T0_C50,252,0.0,50.0,1,QAUR,0.5483786209917452,1.0
MG_L252_T0_C50,252,0.0,50.0,2,QAUR,0.4150548520659765,1.0
MG_L252_T0_C50,252,0.0,50.0,3,QAUR,0.15912119053239238,1.0
MG_L252_T0_C50,252,0.0,50.0,4,QAUR,0.34287802234180753,1.0
MG_L252_T0_C50,252,0.0,50.0,5,QAUR,0.2708626235014957,1.0
MG_L252_T0_C50,252,0.0,50.0,6,QAUR,0.028372958215094224,1.0
MG_L252_T0_C50,252,0.0,50.0,7,QAUR,-0.24812097617917972,0.0
MG_L252_T0_C50,252,0.0,50.0,8,QAUR,-0.3413341485856505,0.0
MG_L252_T0_C50,252,0.0,50.0,9,QAUR,-0.4108976736630737,0.0
MG_L252_T0_C50,252,0.0,50.0,10,QAUR,-0.3313456166358506,0.0
MG_L252_T0_C50,252,0.0,50.0,11,QAUR,-0.37097879568122794,0.0
MG_L252_T0_C50,252,0.0,50.0,12,QAUR,-0.43745641110958733,0.0
MG_L252_T0_C50,252,0.0,50.0,13,QAUR,-0.2786750249430149,0.0
MG_L252_T0_C50,252,0.0,50.0,14,QAUR,-0.1584034061870715,0.0
MG_L252_T0_C50,252,0.0,50.0,15,QAUR,-0.02679227935531303,0.0
MG_L252_T0_C50,252,0.0,50.0,16,QAUR,-0.014769974775293737,0.0
MG_L252_T0_C50,252,0.0,50.0,17,QAUR,-0.04443090679348238,0.0
MG_L252_T0_C50,252,0.0,50.0,18,QAUR,-0.020775074244086755,0.0
MG_L252_T0_C50,252,0.0,50.0,19,QAUR,0.06360332036851113,1.0
MG_L252_T0_C50,252,0.0,50.0,20,QAUR,0.22300557437997415,1.0
MG_L252_T0_C50,252,0.0,50.0,21,QAUR,0.2693735432633473,1.0
MG_L252_T0_C50,252,0.0,50.0,22,QAUR,0.17553900795785604,1.0
MG_L252_T0_C50,252,0.0,50.0,23,QAUR,0.2375660981551062,1.0
MG_L252_T0_C50,252,0.0,50.0,24,QAUR,0.26834262382497953,1.0
MG_L252_T0_C50,252,0.0,50.0,25,QAUR,0.1764722037863895,1.0
MG_L252_T0_C50,252,0.0,50.0,26,QAUR,0.14283440578374718,1.0
MG_L252_T0_C50,252,0.0,50.0,27,QAUR,0.08446326093998469,1.0
MG_L252_T0_C50,252,0.0,50.0,28,QAUR,-0.01880824339136311,0.0
MG_L252_T0_C50,252,0.0,50.0,29,QAUR,-0.011461171856840036,0.0
MG_L252_T0_C50,252,0.0,50.0,30,QAUR,0.028430616328460445,1.0
MG_L252_T0_C50,252,0.0,50.0,31,QAUR,0.10933565971928116,1.0
MG_L252_T0_C50,252,0.0,50.0,32,QAUR,0.07880600583961761,1.0
MG_L252_T0_C50,252,0.0,50.0,33,QAUR,0.07561472597380425,1.0
MG_L252_T0_C50,252,0.0,50.0,34,QAUR,0.05989946826830628,1.0
MG_L252_T0_C50,252,0.0,50.0,35,QAUR,0.11248097047187744,1.0
MG_L252_T0_C50,252,0.0,50.0,36,QAUR,0.04647488693062596,1.0
MG_L252_T0_C50,252,0.0,50.0,37,QAUR,0.03145725989079695,1.0
MG_L252_T0_C50,252,0.0,50.0,38,QAUR,0.02748668877420468,1.0
MG_L252_T0_C50,252,0.0,50.0,39,QAUR,0.029542319588395927,1.0
MG_L252_T0_C50,252,0.0,50.0,40,QAUR,0.1709381312724958,1.0
MG_L252_T0_C50,252,0.0,50.0,41,QAUR,0.24594757509637621,1.0
MG_L252_T0_C50,252,0.0,50.0,42,QAUR,0.254300590956299,1.0
MG_L252_T0_C50,252,0.0,50.0,43,QAUR,0.23955797425632364,1.0
MG_L252_T0_C50,252,0.0,50.0,44,QAUR,0.23241109479172994,1.0
MG_L252_T0_C50,252,0.0,50.0,45,QAUR,0.18973583867346067,1.0
MG_L252_T0_C50,252,0.0,50.0,46,QAUR,0.22577773936593348,1.0
MG_L252_T0_C50,252,0.0,50.0,47,QAUR,0.17721543456610456,1.0
MG_L252_T0_C50,252,0.0,50.0,48,QAUR,0.11427615220140663,1.0
MG_L252_T0_C50,252,0.0,50.0,49,QAUR,0.2363588536294452,1.0
MG_L252_T0_C50,252,0.0,50.0,50,QAUR,0.16681045448717424,1.0
MG_L252_T0_C50,252,0.0,50.0,51,QAUR,0.13158152098377318,1.0
MG_L252_T0_C50,252,0.0,50.0,52,QAUR,-0.0019003117238898248,0.0
MG_L252_T0_C100,252,0.0,100.0,0,AUR,0.813666389235197,1.0
MG_L252_T0_C100,252,0.0,100.0,1,AUR,0.5483786209917452,1.0
MG_L252_T0_C100,252,0.0,100.0,2,AUR,0.4150548520659765,1.0
MG_L252_T0_C100,252,0.0,100.0,3,AUR,0.15912119053239238,1.0
MG_L252_T0_C100,252,0.0,100.0,4,AUR,0.34287802234180753,1.0
MG_L252_T0_C100,252,0.0,100.0,5,AUR,0.2708626235014957,1.0
MG_L252_T0_C100,252,0.0,100.0,6,AUR,0.028372958215094224,1.0
MG_L252_T0_C100,252,0.0,100.0,7,AUR,-0.24812097617917972,0.0
MG_L252_T0_C100,252,0.0,100.0,8,AUR,-0.3413341485856505,0.0
MG_L252_T0_C100,252,0.0,100.0,9,AUR,-0.4108976736630737,0.0
MG_L252_T0_C100,252,0.0,100.0,10,AUR,-0.3313456166358506,0.0
MG_L252_T0_C100,252,0.0,100.0,11,AUR,-0.37097879568122794,0.0
MG_L252_T0_C100,252,0.0,100.0,12,AUR,-0.43745641110958733,0.0
MG_L252_T0_C100,252,0.0,100.0,13,AUR,-0.2786750249430149,0.0
MG_L252_T0_C100,252,0.0,100.0,14,AUR,-0.1584034061870715,0.0
MG_L252_T0_C100,252,0.0,100.0,15,AUR,-0.02679227935531303,0.0
MG_L252_T0_C100,252,0.0,100.0,16,AUR,-0.014769974775293737,0.0
MG_L252_T0_C100,252,0.0,100.0,17,AUR,-0.04443090679348238,0.0
MG_L252_T0_C100,252,0.0,100.0,18,AUR,-0.020775074244086755,0.0
MG_L252_T0_C100,252,0.0,100.0,19,AUR,0.06360332036851113,1.0
MG_L252_T0_C100,252,0.0,100.0,20,AUR,0.22300557437997415,1.0
MG_L252_T0_C100,252,0.0,100.0,21,AUR,0.2693735432633473,1.0
MG_L252_T0_C100,252,0.0,100.0,22,AUR,0.17553900795785604,1.0
MG_L252_T0_C100,252,0.0,100.0,23,AUR,0.2375660981551062,1.0
MG_L252_T0_C100,252,0.0,100.0,24,AUR,0.26834262382497953,1.0
MG_L252_T0_C100,252,0.0,100.0,25,AUR,0.1764722037863895,1.0
MG_L252_T0_C100,252,0.0,100.0,26,AUR,0.14283440578374718,1.0
MG_L252_T0_C100,252,0.0,100.0,27,AUR,0.08446326093998469,1.0
MG_L252_T0_C100,252,0.0,100.0,28,AUR,-0.01880824339136311,0.0
MG_L252_T0_C100,252,0.0,100.0,29,AUR,-0.011461171856840036,0.0
MG_L252_T0_C100,252,0.0,100.0,30,AUR,0.028430616328460445,1.0
MG_L252_T0_C100,252,0.0,100.0,31,AUR,0.10933565971928116,1.0
MG_L252_T0_C100,252,0.0,100.0,32,AUR,0.07880600583961761,1.0
MG_L252_T0_C100,252,0.0,100.0,33,AUR,0.07561472597380425,1.0
MG_L252_T0_C100,252,0.0,100.0,34,AUR,0.05989946826830628,1.0
MG_L252_T0_C100,252,0.0,100.0,35,AUR,0.11248097047187744,1.0
MG_L252_T0_C100,252,0.0,100.0,36,AUR,0.04647488693062596,1.0
MG_L252_T0_C100,252,0.0,100.0,37,AUR,0.03145725989079695,1.0
MG_L252_T0_C100,252,0.0,100.0,38,AUR,0.02748668877420468,1.0
MG_L252_T0_C100,252,0.0,100.0,39,AUR,0.029542319588395927,1.0
MG_L252_T0_C100,252,0.0,100.0,40,AUR,0.1709381312724958,1.0
MG_L252_T0_C100,252,0.0,100.0,41,AUR,0.24594757509637621,1.0
MG_L252_T0_C100,252,0.0,100.0,42,AUR,0.254300590956299,1.0
MG_L252_T0_C100,252,0.0,100.0,43,AUR,0.23955797425632364,1.0
MG_L252_T0_C100,252,0.0,100.0,44,AUR,0.23241109479172994,1.0
MG_L252_T0_C100,252,0.0,100.0,45,AUR,0.18973583867346067,1.0
MG_L252_T0_C100,252,0.0,100.0,46,AUR,0.22577773936593348,1.0
MG_L252_T0_C100,252,0.0,100.0,47,AUR,0.17721543456610456,1.0
MG_L252_T0_C100,252,0.0,100.0,48,AUR,0.11427615220140663,1.0
MG_L252_T0_C100,252,0.0,100.0,49,AUR,0.2363588536294452,1.0
MG_L252_T0_C100,252,0.0,100.0,50,AUR,0.16681045448717424,1.0
MG_L252_T0_C100,252,0.0,100.0,51,AUR,0.13158152098377318,1.0
MG_L252_T0_C100,252,0.0,100.0,52,AUR,-0.0019003117238898248,0.0
MG_L252_T0_C100,252,0.0,100.0,0,QAUR,0.813666389235197,1.0
MG_L252_T0_C100,252,0.0,100.0,1,QAUR,0.5483786209917452,1.0
MG_L252_T0_C100,252,0.0,100.0,2,QAUR,0.4150548520659765,1.0
MG_L252_T0_C100,252,0.0,100.0,3,QAUR,0.15912119053239238,1.0
MG_L252_T0_C100,252,0.0,100.0,4,QAUR,0.34287802234180753,1.0
MG_L252_T0_C100,252,0.0,100.0,5,QAUR,0.2708626235014957,1.0
MG_L252_T0_C100,252,0.0,100.0,6,QAUR,0.028372958215094224,1.0
MG_L252_T0_C100,252,0.0,100.0,7,QAUR,-0.24812097617917972,0.0
MG_L252_T0_C100,252,0.0,100.0,8,QAUR,-0.3413341485856505,0.0
MG_L252_T0_C100,252,0.0,100.0,9,QAUR,-0.4108976736630737,0.0
MG_L252_T0_C100,252,0.0,100.0,10,QAUR,-0.3313456166358506,0.0
MG_L252_T0_C100,252,0.0,100.0,11,QAUR,-0.37097879568122794,0.0
MG_L252_T0_C100,252,0.0,100.0,12,QAUR,-0.43745641110958733,0.0
MG_L252_T0_C100,252,0.0,100.0,13,QAUR,-0.2786750249430149,0.0
MG_L252_T0_C100,252,0.0,100.0,14,QAUR,-0.1584034061870715,0.0
MG_L252_T0_C100,252,0.0,100.0,15,QAUR,-0.02679227935531303,0.0
MG_L252_T0_C100,252,0.0,100.0,16,QAUR,-0.014769974775293737,0.0
MG_L252_T0_C100,252,0.0,100.0,17,QAUR,-0.04443090679348238,0.0
MG_L252_T0_C100,252,0.0,100.0,18,QAUR,-0.020775074244086755,0.0
MG_L252_T0_C100,252,0.0,100.0,19,QAUR,0.06360332036851113,1.0
MG_L252_T0_C100,252,0.0,100.0,20,QAUR,0.22300557437997415,1.0
MG_L252_T0_C100,252,0.0,100.0,21,QAUR,0.2693735432633473,1.0
MG_L252_T0_C100,252,0.0,100.0,22,QAUR,0.17553900795785604,1.0
MG_L252_T0_C100,252,0.0,100.0,23,QAUR,0.2375660981551062,1.0
MG_L252_T0_C100,252,0.0,100.0,24,QAUR,0.26834262382497953,1.0
MG_L252_T0_C100,252,0.0,100.0,25,QAUR,0.1764722037863895,1.0
MG_L252_T0_C100,252,0.0,100.0,26,QAUR,0.14283440578374718,1.0
MG_L252_T0_C100,252,0.0,100.0,27,QAUR,0.08446326093998469,1.0
MG_L252_T0_C100,252,0.0,100.0,28,QAUR,-0.01880824339136311,0.0
MG_L252_T0_C100,252,0.0,100.0,29,QAUR,-0.011461171856840036,0.0
MG_L252_T0_C100,252,0.0,100.0,30,QAUR,0.028430616328460445,1.0
MG_L252_T0_C100,252,0.0,100.0,31,QAUR,0.10933565971928116,1.0
MG_L252_T0_C100,252,0.0,100.0,32,QAUR,0.07880600583961761,1.0
MG_L252_T0_C100,252,0.0,100.0,33,QAUR,0.07561472597380425,1.0
MG_L252_T0_C100,252,0.0,100.0,34,QAUR,0.05989946826830628,1.0
MG_L252_T0_C100,252,0.0,100.0,35,QAUR,0.11248097047187744,1.0
MG_L252_T0_C100,252,0.0,100.0,36,QAUR,0.04647488693062596,1.0
MG_L252_T0_C100,252,0.0,100.0,37,QAUR,0.03145725989079695,1.0
MG_L252_T0_C100,252,0.0,100.0,38,QAUR,0.02748668877420468,1.0
MG_L252_T0_C100,252,0.0,100.0,39,QAUR,0.029542319588395927,1.0
MG_L252_T0_C100,252,0.0,100.0,40,QAUR,0.1709381312724958,1.0
MG_L252_T0_C100,252,0.0,100.0,41,QAUR,0.24594757509637621,1.0
MG_L252_T0_C100,252,0.0,100.0,42,QAUR,0.254300590956299,1.0
MG_L252_T0_C100,252,0.0,100.0,43,QAUR,0.23955797425632364,1.0
MG_L252_T0_C100,252,0.0,100.0,44,QAUR,0.23241109479172994,1.0
MG_L252_T0_C100,252,0.0,100.0,45,QAUR,0.18973583867346067,1.0
MG_L252_T0_C100,252,0.0,100.0,46,QAUR,0.22577773936593348,1.0
MG_L252_T0_C100,252,0.0,100.0,47,QAUR,0.17721543456610456,1.0
MG_L252_T0_C100,252,0.0,100.0,48,QAUR,0.11427615220140663,1.0
MG_L252_T0_C100,252,0.0,100.0,49,QAUR,0.2363588536294452,1.0
MG_L252_T0_C100,252,0.0,100.0,50,QAUR,0.16681045448717424,1.0
MG_L252_T0_C100,252,0.0,100.0,51,QAUR,0.13158152098377318,1.0
MG_L252_T0_C100,252,0.0,100.0,52,QAUR,-0.0019003117238898248,0.0
MG_L252_T2_C0,252,0.02,0.0,0,AUR,0.813666389235197,1.0
MG_L252_T2_C0,252,0.02,0.0,1,AUR,0.5483786209917452,1.0
MG_L252_T2_C0,252,0.02,0.0,2,AUR,0.4150548520659765,1.0
MG_L252_T2_C0,252,0.02,0.0,3,AUR,0.15912119053239238,1.0
MG_L252_T2_C0,252,0.02,0.0,4,AUR,0.34287802234180753,1.0
MG_L252_T2_C0,252,0.02,0.0,5,AUR,0.2708626235014957,1.0
MG_L252_T2_C0,252,0.02,0.0,6,AUR,0.028372958215094224,1.0
MG_L252_T2_C0,252,0.02,0.0,7,AUR,-0.24812097617917972,0.0
MG_L252_T2_C0,252,0.02,0.0,8,AUR,-0.3413341485856505,0.0
MG_L252_T2_C0,252,0.02,0.0,9,AUR,-0.4108976736630737,0.0
MG_L252_T2_C0,252,0.02,0.0,10,AUR,-0.3313456166358506,0.0
MG_L252_T2_C0,252,0.02,0.0,11,AUR,-0.37097879568122794,0.0
MG_L252_T2_C0,252,0.02,0.0,12,AUR,-0.43745641110958733,0.0
MG_L252_T2_C0,252,0.02,0.0,13,AUR,-0.2786750249430149,0.0
MG_L252_T2_C0,252,0.02,0.0,14,AUR,-0.1584034061870715,0.0
MG_L252_T2_C0,252,0.02,0.0,15,AUR,-0.02679227935531303,0.0
MG_L252_T2_C0,252,0.02,0.0,16,AUR,-0.014769974775293737,0.0
MG_L252_T2_C0,252,0.02,0.0,17,AUR,-0.04443090679348238,0.0
MG_L252_T2_C0,252,0.02,0.0,18,AUR,-0.020775074244086755,0.0
MG_L252_T2_C0,252,0.02,0.0,19,AUR,0.06360332036851113,1.0
MG_L252_T2_C0,252,0.02,0.0,20,AUR,0.22300557437997415,1.0
MG_L252_T2_C0,252,0.02,0.0,21,AUR,0.2693735432633473,1.0
MG_L252_T2_C0,252,0.02,0.0,22,AUR,0.17553900795785604,1.0
MG_L252_T2_C0,252,0.02,0.0,23,AUR,0.2375660981551062,1.0
MG_L252_T2_C0,252,0.02,0.0,24,AUR,0.26834262382497953,1.0
MG_L252_T2_C0,252,0.02,0.0,25,AUR,0.1764722037863895,1.0
MG_L252_T2_C0,252,0.02,0.0,26,AUR,0.14283440578374718,1.0
MG_L252_T2_C0,252,0.02,0.0,27,AUR,0.08446326093998469,1.0
MG_L252_T2_C0,252,0.02,0.0,28,AUR,-0.01880824339136311,0.0
MG_L252_T2_C0,252,0.02,0.0,29,AUR,-0.011461171856840036,0.0
MG_L252_T2_C0,252,0.02,0.0,30,AUR,0.028430616328460445,1.0
MG_L252_T2_C0,252,0.02,0.0,31,AUR,0.10933565971928116,1.0
MG_L252_T2_C0,252,0.02,0.0,32,AUR,0.07880600583961761,1.0
MG_L252_T2_C0,252,0.02,0.0,33,AUR,0.07561472597380425,1.0
MG_L252_T2_C0,252,0.02,0.0,34,AUR,0.05989946826830628,1.0
MG_L252_T2_C0,252,0.02,0.0,35,AUR,0.11248097047187744,1.0
MG_L252_T2_C0,252,0.02,0.0,36,AUR,0.04647488693062596,1.0
MG_L252_T2_C0,252,0.02,0.0,37,AUR,0.03145725989079695,1.0
MG_L252_T2_C0,252,0.02,0.0,38,AUR,0.02748668877420468,1.0
MG_L252_T2_C0,252,0.02,0.0,39,AUR,0.029542319588395927,1.0
MG_L252_T2_C0,252,0.02,0.0,40,AUR,0.1709381312724958,1.0
MG_L252_T2_C0,252,0.02,0.0,41,AUR,0.24594757509637621,1.0
MG_L252_T2_C0,252,0.02,0.0,42,AUR,0.254300590956299,1.0
MG_L252_T2_C0,252,0.02,0.0,43,AUR,0.23955797425632364,1.0
MG_L252_T2_C0,252,0.02,0.0,44,AUR,0.23241109479172994,1.0
MG_L252_T2_C0,252,0.02,0.0,45,AUR,0.18973583867346067,1.0
MG_L252_T2_C0,252,0.02,0.0,46,AUR,0.22577773936593348,1.0
MG_L252_T2_C0,252,0.02,0.0,47,AUR,0.17721543456610456,1.0
MG_L252_T2_C0,252,0.02,0.0,48,AUR,0.11427615220140663,1.0
MG_L252_T2_C0,252,0.02,0.0,49,AUR,0.2363588536294452,1.0
MG_L252_T2_C0,252,0.02,0.0,50,AUR,0.16681045448717424,1.0
MG_L252_T2_C0,252,0.02,0.0,51,AUR,0.13158152098377318,1.0
MG_L252_T2_C0,252,0.02,0.0,52,AUR,-0.0019003117238898248,0.0
MG_L252_T2_C0,252,0.02,0.0,0,QAUR,0.813666389235197,1.0
MG_L252_T2_C0,252,0.02,0.0,1,QAUR,0.5483786209917452,1.0
MG_L252_T2_C0,252,0.02,0.0,2,QAUR,0.4150548520659765,1.0
MG_L252_T2_C0,252,0.02,0.0,3,QAUR,0.15912119053239238,1.0
MG_L252_T2_C0,252,0.02,0.0,4,QAUR,0.34287802234180753,1.0
MG_L252_T2_C0,252,0.02,0.0,5,QAUR,0.2708626235014957,1.0
MG_L252_T2_C0,252,0.02,0.0,6,QAUR,0.028372958215094224,1.0
MG_L252_T2_C0,252,0.02,0.0,7,QAUR,-0.24812097617917972,0.0
MG_L252_T2_C0,252,0.02,0.0,8,QAUR,-0.3413341485856505,0.0
MG_L252_T2_C0,252,0.02,0.0,9,QAUR,-0.4108976736630737,0.0
MG_L252_T2_C0,252,0.02,0.0,10,QAUR,-0.3313456166358506,0.0
MG_L252_T2_C0,252,0.02,0.0,11,QAUR,-0.37097879568122794,0.0
MG_L252_T2_C0,252,0.02,0.0,12,QAUR,-0.43745641110958733,0.0
MG_L252_T2_C0,252,0.02,0.0,13,QAUR,-0.2786750249430149,0.0
MG_L252_T2_C0,252,0.02,0.0,14,QAUR,-0.1584034061870715,0.0
MG_L252_T2_C0,252,0.02,0.0,15,QAUR,-0.02679227935531303,0.0
MG_L252_T2_C0,252,0.02,0.0,16,QAUR,-0.014769974775293737,0.0
MG_L252_T2_C0,252,0.02,0.0,17,QAUR,-0.04443090679348238,0.0
MG_L252_T2_C0,252,0.02,0.0,18,QAUR,-0.020775074244086755,0.0
MG_L252_T2_C0,252,0.02,0.0,19,QAUR,0.06360332036851113,1.0
MG_L252_T2_C0,252,0.02,0.0,20,QAUR,0.22300557437997415,1.0
MG_L252_T2_C0,252,0.02,0.0,21,QAUR,0.2693735432633473,1.0
MG_L252_T2_C0,252,0.02,0.0,22,QAUR,0.17553900795785604,1.0
MG_L252_T2_C0,252,0.02,0.0,23,QAUR,0.2375660981551062,1.0
MG_L252_T2_C0,252,0.02,0.0,24,QAUR,0.26834262382497953,1.0
MG_L252_T2_C0,252,0.02,0.0,25,QAUR,0.1764722037863895,1.0
MG_L252_T2_C0,252,0.02,0.0,26,QAUR,0.14283440578374718,1.0
MG_L252_T2_C0,252,0.02,0.0,27,QAUR,0.08446326093998469,1.0
MG_L252_T2_C0,252,0.02,0.0,28,QAUR,-0.01880824339136311,0.0
MG_L252_T2_C0,252,0.02,0.0,29,QAUR,-0.011461171856840036,0.0
MG_L252_T2_C0,252,0.02,0.0,30,QAUR,0.028430616328460445,1.0
MG_L252_T2_C0,252,0.02,0.0,31,QAUR,0.10933565971928116,1.0
MG_L252_T2_C0,252,0.02,0.0,32,QAUR,0.07880600583961761,1.0
MG_L252_T2_C0,252,0.02,0.0,33,QAUR,0.07561472597380425,1.0
MG_L252_T2_C0,252,0.02,0.0,34,QAUR,0.05989946826830628,1.0
MG_L252_T2_C0,252,0.02,0.0,35,QAUR,0.11248097047187744,1.0
MG_L252_T2_C0,252,0.02,0.0,36,QAUR,0.04647488693062596,1.0
MG_L252_T2_C0,252,0.02,0.0,37,QAUR,0.03145725989079695,1.0
MG_L252_T2_C0,252,0.02,0.0,38,QAUR,0.02748668877420468,1.0
MG_L252_T2_C0,252,0.02,0.0,39,QAUR,0.029542319588395927,1.0
MG_L252_T2_C0,252,0.02,0.0,40,QAUR,0.1709381312724958,1.0
MG_L252_T2_C0,252,0.02,0.0,41,QAUR,0.24594757509637621,1.0
MG_L252_T2_C0,252,0.02,0.0,42,QAUR,0.254300590956299,1.0
MG_L252_T2_C0,252,0.02,0.0,43,QAUR,0.23955797425632364,1.0
MG_L252_T2_C0,252,0.02,0.0,44,QAUR,0.23241109479172994,1.0
MG_L252_T2_C0,252,0.02,0.0,45,QAUR,0.18973583867346067,1.0
MG_L252_T2_C0,252,0.02,0.0,46,QAUR,0.22577773936593348,1.0
MG_L252_T2_C0,252,0.02,0.0,47,QAUR,0.17721543456610456,1.0
MG_L252_T2_C0,252,0.02,0.0,48,QAUR,0.11427615220140663,1.0
MG_L252_T2_C0,252,0.02,0.0,49,QAUR,0.2363588536294452,1.0
MG_L252_T2_C0,252,0.02,0.0,50,QAUR,0.16681045448717424,1.0
MG_L252_T2_C0,252,0.02,0.0,51,QAUR,0.13158152098377318,1.0
MG_L252_T2_C0,252,0.02,0.0,52,QAUR,-0.0019003117238898248,0.0
MG_L252_T2_C25,252,0.02,25.0,0,AUR,0.813666389235197,1.0
MG_L252_T2_C25,252,0.02,25.0,1,AUR,0.5483786209917452,1.0
MG_L252_T2_C25,252,0.02,25.0,2,AUR,0.4150548520659765,1.0
MG_L252_T2_C25,252,0.02,25.0,3,AUR,0.15912119053239238,1.0
MG_L252_T2_C25,252,0.02,25.0,4,AUR,0.34287802234180753,1.0
MG_L252_T2_C25,252,0.02,25.0,5,AUR,0.2708626235014957,1.0
MG_L252_T2_C25,252,0.02,25.0,6,AUR,0.028372958215094224,1.0
MG_L252_T2_C25,252,0.02,25.0,7,AUR,-0.24812097617917972,0.0
MG_L252_T2_C25,252,0.02,25.0,8,AUR,-0.3413341485856505,0.0
MG_L252_T2_C25,252,0.02,25.0,9,AUR,-0.4108976736630737,0.0
MG_L252_T2_C25,252,0.02,25.0,10,AUR,-0.3313456166358506,0.0
MG_L252_T2_C25,252,0.02,25.0,11,AUR,-0.37097879568122794,0.0
MG_L252_T2_C25,252,0.02,25.0,12,AUR,-0.43745641110958733,0.0
MG_L252_T2_C25,252,0.02,25.0,13,AUR,-0.2786750249430149,0.0
MG_L252_T2_C25,252,0.02,25.0,14,AUR,-0.1584034061870715,0.0
MG_L252_T2_C25,252,0.02,25.0,15,AUR,-0.02679227935531303,0.0
MG_L252_T2_C25,252,0.02,25.0,16,AUR,-0.014769974775293737,0.0
MG_L252_T2_C25,252,0.02,25.0,17,AUR,-0.04443090679348238,0.0
MG_L252_T2_C25,252,0.02,25.0,18,AUR,-0.020775074244086755,0.0
MG_L252_T2_C25,252,0.02,25.0,19,AUR,0.06360332036851113,1.0
MG_L252_T2_C25,252,0.02,25.0,20,AUR,0.22300557437997415,1.0
MG_L252_T2_C25,252,0.02,25.0,21,AUR,0.2693735432633473,1.0
MG_L252_T2_C25,252,0.02,25.0,22,AUR,0.17553900795785604,1.0
MG_L252_T2_C25,252,0.02,25.0,23,AUR,0.2375660981551062,1.0
MG_L252_T2_C25,252,0.02,25.0,24,AUR,0.26834262382497953,1.0
MG_L252_T2_C25,252,0.02,25.0,25,AUR,0.1764722037863895,1.0
MG_L252_T2_C25,252,0.02,25.0,26,AUR,0.14283440578374718,1.0
MG_L252_T2_C25,252,0.02,25.0,27,AUR,0.08446326093998469,1.0
MG_L252_T2_C25,252,0.02,25.0,28,AUR,-0.01880824339136311,0.0
MG_L252_T2_C25,252,0.02,25.0,29,AUR,-0.011461171856840036,0.0
MG_L252_T2_C25,252,0.02,25.0,30,AUR,0.028430616328460445,1.0
MG_L252_T2_C25,252,0.02,25.0,31,AUR,0.10933565971928116,1.0
MG_L252_T2_C25,252,0.02,25.0,32,AUR,0.07880600583961761,1.0
MG_L252_T2_C25,252,0.02,25.0,33,AUR,0.07561472597380425,1.0
MG_L252_T2_C25,252,0.02,25.0,34,AUR,0.05989946826830628,1.0
MG_L252_T2_C25,252,0.02,25.0,35,AUR,0.11248097047187744,1.0
MG_L252_T2_C25,252,0.02,25.0,36,AUR,0.04647488693062596,1.0
MG_L252_T2_C25,252,0.02,25.0,37,AUR,0.03145725989079695,1.0
MG_L252_T2_C25,252,0.02,25.0,38,AUR,0.02748668877420468,1.0
MG_L252_T2_C25,252,0.02,25.0,39,AUR,0.029542319588395927,1.0
MG_L252_T2_C25,252,0.02,25.0,40,AUR,0.1709381312724958,1.0
MG_L252_T2_C25,252,0.02,25.0,41,AUR,0.24594757509637621,1.0
MG_L252_T2_C25,252,0.02,25.0,42,AUR,0.254300590956299,1.0
MG_L252_T2_C25,252,0.02,25.0,43,AUR,0.23955797425632364,1.0
MG_L252_T2_C25,252,0.02,25.0,44,AUR,0.23241109479172994,1.0
MG_L252_T2_C25,252,0.02,25.0,45,AUR,0.18973583867346067,1.0
MG_L252_T2_C25,252,0.02,25.0,46,AUR,0.22577773936593348,1.0
MG_L252_T2_C25,252,0.02,25.0,47,AUR,0.17721543456610456,1.0
MG_L252_T2_C25,252,0.02,25.0,48,AUR,0.11427615220140663,1.0
MG_L252_T2_C25,252,0.02,25.0,49,AUR,0.2363588536294452,1.0
MG_L252_T2_C25,252,0.02,25.0,50,AUR,0.16681045448717424,1.0
MG_L252_T2_C25,252,0.02,25.0,51,AUR,0.13158152098377318,1.0
MG_L252_T2_C25,252,0.02,25.0,52,AUR,-0.0019003117238898248,0.0
MG_L252_T2_C25,252,0.02,25.0,0,QAUR,0.813666389235197,1.0
MG_L252_T2_C25,252,0.02,25.0,1,QAUR,0.5483786209917452,1.0
MG_L252_T2_C25,252,0.02,25.0,2,QAUR,0.4150548520659765,1.0
MG_L252_T2_C25,252,0.02,25.0,3,QAUR,0.15912119053239238,1.0
MG_L252_T2_C25,252,0.02,25.0,4,QAUR,0.34287802234180753,1.0
MG_L252_T2_C25,252,0.02,25.0,5,QAUR,0.2708626235014957,1.0
MG_L252_T2_C25,252,0.02,25.0,6,QAUR,0.028372958215094224,1.0
MG_L252_T2_C25,252,0.02,25.0,7,QAUR,-0.24812097617917972,0.0
MG_L252_T2_C25,252,0.02,25.0,8,QAUR,-0.3413341485856505,0.0
MG_L252_T2_C25,252,0.02,25.0,9,QAUR,-0.4108976736630737,0.0
MG_L252_T2_C25,252,0.02,25.0,10,QAUR,-0.3313456166358506,0.0
MG_L252_T2_C25,252,0.02,25.0,11,QAUR,-0.37097879568122794,0.0
MG_L252_T2_C25,252,0.02,25.0,12,QAUR,-0.43745641110958733,0.0
MG_L252_T2_C25,252,0.02,25.0,13,QAUR,-0.2786750249430149,0.0
MG_L252_T2_C25,252,0.02,25.0,14,QAUR,-0.1584034061870715,0.0
MG_L252_T2_C25,252,0.02,25.0,15,QAUR,-0.02679227935531303,0.0
MG_L252_T2_C25,252,0.02,25.0,16,QAUR,-0.014769974775293737,0.0
MG_L252_T2_C25,252,0.02,25.0,17,QAUR,-0.04443090679348238,0.0
MG_L252_T2_C25,252,0.02,25.0,18,QAUR,-0.020775074244086755,0.0
MG_L252_T2_C25,252,0.02,25.0,19,QAUR,0.06360332036851113,1.0
MG_L252_T2_C25,252,0.02,25.0,20,QAUR,0.22300557437997415,1.0
MG_L252_T2_C25,252,0.02,25.0,21,QAUR,0.2693735432633473,1.0
MG_L252_T2_C25,252,0.02,25.0,22,QAUR,0.17553900795785604,1.0
MG_L252_T2_C25,252,0.02,25.0,23,QAUR,0.2375660981551062,1.0
MG_L252_T2_C25,252,0.02,25.0,24,QAUR,0.26834262382497953,1.0
MG_L252_T2_C25,252,0.02,25.0,25,QAUR,0.1764722037863895,1.0
MG_L252_T2_C25,252,0.02,25.0,26,QAUR,0.14283440578374718,1.0
MG_L252_T2_C25,252,0.02,25.0,27,QAUR,0.08446326093998469,1.0
MG_L252_T2_C25,252,0.02,25.0,28,QAUR,-0.01880824339136311,0.0
MG_L252_T2_C25,252,0.02,25.0,29,QAUR,-0.011461171856840036,0.0
MG_L252_T2_C25,252,0.02,25.0,30,QAUR,0.028430616328460445,1.0
MG_L252_T2_C25,252,0.02,25.0,31,QAUR,0.10933565971928116,1.0
MG_L252_T2_C25,252,0.02,25.0,32,QAUR,0.07880600583961761,1.0
MG_L252_T2_C25,252,0.02,25.0,33,QAUR,0.07561472597380425,1.0
MG_L252_T2_C25,252,0.02,25.0,34,QAUR,0.05989946826830628,1.0
MG_L252_T2_C25,252,0.02,25.0,35,QAUR,0.11248097047187744,1.0
MG_L252_T2_C25,252,0.02,25.0,36,QAUR,0.04647488693062596,1.0
MG_L252_T2_C25,252,0.02,25.0,37,QAUR,0.03145725989079695,1.0
MG_L252_T2_C25,252,0.02,25.0,38,QAUR,0.02748668877420468,1.0
MG_L252_T2_C25,252,0.02,25.0,39,QAUR,0.029542319588395927,1.0
MG_L252_T2_C25,252,0.02,25.0,40,QAUR,0.1709381312724958,1.0
MG_L252_T2_C25,252,0.02,25.0,41,QAUR,0.24594757509637621,1.0
MG_L252_T2_C25,252,0.02,25.0,42,QAUR,0.254300590956299,1.0
MG_L252_T2_C25,252,0.02,25.0,43,QAUR,0.23955797425632364,1.0
MG_L252_T2_C25,252,0.02,25.0,44,QAUR,0.23241109479172994,1.0
MG_L252_T2_C25,252,0.02,25.0,45,QAUR,0.18973583867346067,1.0
MG_L252_T2_C25,252,0.02,25.0,46,QAUR,0.22577773936593348,1.0
MG_L252_T2_C25,252,0.02,25.0,47,QAUR,0.17721543456610456,1.0
MG_L252_T2_C25,252,0.02,25.0,48,QAUR,0.11427615220140663,1.0
MG_L252_T2_C25,252,0.02,25.0,49,QAUR,0.2363588536294452,1.0
MG_L252_T2_C25,252,0.02,25.0,50,QAUR,0.16681045448717424,1.0
MG_L252_T2_C25,252,0.02,25.0,51,QAUR,0.13158152098377318,1.0
MG_L252_T2_C25,252,0.02,25.0,52,QAUR,-0.0019003117238898248,0.0
MG_L252_T2_C50,252,0.02,50.0,0,AUR,0.813666389235197,1.0
MG_L252_T2_C50,252,0.02,50.0,1,AUR,0.5483786209917452,1.0
MG_L252_T2_C50,252,0.02,50.0,2,AUR,0.4150548520659765,1.0
MG_L252_T2_C50,252,0.02,50.0,3,AUR,0.15912119053239238,1.0
MG_L252_T2_C50,252,0.02,50.0,4,AUR,0.34287802234180753,1.0
MG_L252_T2_C50,252,0.02,50.0,5,AUR,0.2708626235014957,1.0
MG_L252_T2_C50,252,0.02,50.0,6,AUR,0.028372958215094224,1.0
MG_L252_T2_C50,252,0.02,50.0,7,AUR,-0.24812097617917972,0.0
MG_L252_T2_C50,252,0.02,50.0,8,AUR,-0.3413341485856505,0.0
MG_L252_T2_C50,252,0.02,50.0,9,AUR,-0.4108976736630737,0.0
MG_L252_T2_C50,252,0.02,50.0,10,AUR,-0.3313456166358506,0.0
MG_L252_T2_C50,252,0.02,50.0,11,AUR,-0.37097879568122794,0.0
MG_L252_T2_C50,252,0.02,50.0,12,AUR,-0.43745641110958733,0.0
MG_L252_T2_C50,252,0.02,50.0,13,AUR,-0.2786750249430149,0.0
MG_L252_T2_C50,252,0.02,50.0,14,AUR,-0.1584034061870715,0.0
MG_L252_T2_C50,252,0.02,50.0,15,AUR,-0.02679227935531303,0.0
MG_L252_T2_C50,252,0.02,50.0,16,AUR,-0.014769974775293737,0.0
MG_L252_T2_C50,252,0.02,50.0,17,AUR,-0.04443090679348238,0.0
MG_L252_T2_C50,252,0.02,50.0,18,AUR,-0.020775074244086755,0.0
MG_L252_T2_C50,252,0.02,50.0,19,AUR,0.06360332036851113,1.0
MG_L252_T2_C50,252,0.02,50.0,20,AUR,0.22300557437997415,1.0
MG_L252_T2_C50,252,0.02,50.0,21,AUR,0.2693735432633473,1.0
MG_L252_T2_C50,252,0.02,50.0,22,AUR,0.17553900795785604,1.0
MG_L252_T2_C50,252,0.02,50.0,23,AUR,0.2375660981551062,1.0
MG_L252_T2_C50,252,0.02,50.0,24,AUR,0.26834262382497953,1.0
MG_L252_T2_C50,252,0.02,50.0,25,AUR,0.1764722037863895,1.0
MG_L252_T2_C50,252,0.02,50.0,26,AUR,0.14283440578374718,1.0
MG_L252_T2_C50,252,0.02,50.0,27,AUR,0.08446326093998469,1.0
MG_L252_T2_C50,252,0.02,50.0,28,AUR,-0.01880824339136311,0.0
MG_L252_T2_C50,252,0.02,50.0,29,AUR,-0.011461171856840036,0.0
MG_L252_T2_C50,252,0.02,50.0,30,AUR,0.028430616328460445,1.0
MG_L252_T2_C50,252,0.02,50.0,31,AUR,0.10933565971928116,1.0
MG_L252_T2_C50,252,0.02,50.0,32,AUR,0.07880600583961761,1.0
MG_L252_T2_C50,252,0.02,50.0,33,AUR,0.07561472597380425,1.0
MG_L252_T2_C50,252,0.02,50.0,34,AUR,0.05989946826830628,1.0
MG_L252_T2_C50,252,0.02,50.0,35,AUR,0.11248097047187744,1.0
MG_L252_T2_C50,252,0.02,50.0,36,AUR,0.04647488693062596,1.0
MG_L252_T2_C50,252,0.02,50.0,37,AUR,0.03145725989079695,1.0
MG_L252_T2_C50,252,0.02,50.0,38,AUR,0.02748668877420468,1.0
MG_L252_T2_C50,252,0.02,50.0,39,AUR,0.029542319588395927,1.0
MG_L252_T2_C50,252,0.02,50.0,40,AUR,0.1709381312724958,1.0
MG_L252_T2_C50,252,0.02,50.0,41,AUR,0.24594757509637621,1.0
MG_L252_T2_C50,252,0.02,50.0,42,AUR,0.254300590956299,1.0
MG_L252_T2_C50,252,0.02,50.0,43,AUR,0.23955797425632364,1.0
MG_L252_T2_C50,252,0.02,50.0,44,AUR,0.23241109479172994,1.0
MG_L252_T2_C50,252,0.02,50.0,45,AUR,0.18973583867346067,1.0
MG_L252_T2_C50,252,0.02,50.0,46,AUR,0.22577773936593348,1.0
MG_L252_T2_C50,252,0.02,50.0,47,AUR,0.17721543456610456,1.0
MG_L252_T2_C50,252,0.02,50.0,48,AUR,0.11427615220140663,1.0
MG_L252_T2_C50,252,0.02,50.0,49,AUR,0.2363588536294452,1.0
MG_L252_T2_C50,252,0.02,50.0,50,AUR,0.16681045448717424,1.0
MG_L252_T2_C50,252,0.02,50.0,51,AUR,0.13158152098377318,1.0
MG_L252_T2_C50,252,0.02,50.0,52,AUR,-0.0019003117238898248,0.0
MG_L252_T2_C50,252,0.02,50.0,0,QAUR,0.813666389235197,1.0
MG_L252_T2_C50,252,0.02,50.0,1,QAUR,0.5483786209917452,1.0
MG_L252_T2_C50,252,0.02,50.0,2,QAUR,0.4150548520659765,1.0
MG_L252_T2_C50,252,0.02,50.0,3,QAUR,0.15912119053239238,1.0
MG_L252_T2_C50,252,0.02,50.0,4,QAUR,0.34287802234180753,1.0
MG_L252_T2_C50,252,0.02,50.0,5,QAUR,0.2708626235014957,1.0
MG_L252_T2_C50,252,0.02,50.0,6,QAUR,0.028372958215094224,1.0
MG_L252_T2_C50,252,0.02,50.0,7,QAUR,-0.24812097617917972,0.0
MG_L252_T2_C50,252,0.02,50.0,8,QAUR,-0.3413341485856505,0.0
MG_L252_T2_C50,252,0.02,50.0,9,QAUR,-0.4108976736630737,0.0
MG_L252_T2_C50,252,0.02,50.0,10,QAUR,-0.3313456166358506,0.0
MG_L252_T2_C50,252,0.02,50.0,11,QAUR,-0.37097879568122794,0.0
MG_L252_T2_C50,252,0.02,50.0,12,QAUR,-0.43745641110958733,0.0
MG_L252_T2_C50,252,0.02,50.0,13,QAUR,-0.2786750249430149,0.0
MG_L252_T2_C50,252,0.02,50.0,14,QAUR,-0.1584034061870715,0.0
MG_L252_T2_C50,252,0.02,50.0,15,QAUR,-0.02679227935531303,0.0
MG_L252_T2_C50,252,0.02,50.0,16,QAUR,-0.014769974775293737,0.0
MG_L252_T2_C50,252,0.02,50.0,17,QAUR,-0.04443090679348238,0.0
MG_L252_T2_C50,252,0.02,50.0,18,QAUR,-0.020775074244086755,0.0
MG_L252_T2_C50,252,0.02,50.0,19,QAUR,0.06360332036851113,1.0
MG_L252_T2_C50,252,0.02,50.0,20,QAUR,0.22300557437997415,1.0
MG_L252_T2_C50,252,0.02,50.0,21,QAUR,0.2693735432633473,1.0
MG_L252_T2_C50,252,0.02,50.0,22,QAUR,0.17553900795785604,1.0
MG_L252_T2_C50,252,0.02,50.0,23,QAUR,0.2375660981551062,1.0
MG_L252_T2_C50,252,0.02,50.0,24,QAUR,0.26834262382497953,1.0
MG_L252_T2_C50,252,0.02,50.0,25,QAUR,0.1764722037863895,1.0
MG_L252_T2_C50,252,0.02,50.0,26,QAUR,0.14283440578374718,1.0
MG_L252_T2_C50,252,0.02,50.0,27,QAUR,0.08446326093998469,1.0
MG_L252_T2_C50,252,0.02,50.0,28,QAUR,-0.01880824339136311,0.0
MG_L252_T2_C50,252,0.02,50.0,29,QAUR,-0.011461171856840036,0.0
MG_L252_T2_C50,252,0.02,50.0,30,QAUR,0.028430616328460445,1.0
MG_L252_T2_C50,252,0.02,50.0,31,QAUR,0.10933565971928116,1.0
MG_L252_T2_C50,252,0.02,50.0,32,QAUR,0.07880600583961761,1.0
MG_L252_T2_C50,252,0.02,50.0,33,QAUR,0.07561472597380425,1.0
MG_L252_T2_C50,252,0.02,50.0,34,QAUR,0.05989946826830628,1.0
MG_L252_T2_C50,252,0.02,50.0,35,QAUR,0.11248097047187744,1.0
MG_L252_T2_C50,252,0.02,50.0,36,QAUR,0.04647488693062596,1.0
MG_L252_T2_C50,252,0.02,50.0,37,QAUR,0.03145725989079695,1.0
MG_L252_T2_C50,252,0.02,50.0,38,QAUR,0.02748668877420468,1.0
MG_L252_T2_C50,252,0.02,50.0,39,QAUR,0.029542319588395927,1.0
MG_L252_T2_C50,252,0.02,50.0,40,QAUR,0.1709381312724958,1.0
MG_L252_T2_C50,252,0.02,50.0,41,QAUR,0.24594757509637621,1.0
MG_L252_T2_C50,252,0.02,50.0,42,QAUR,0.254300590956299,1.0
MG_L252_T2_C50,252,0.02,50.0,43,QAUR,0.23955797425632364,1.0
MG_L252_T2_C50,252,0.02,50.0,44,QAUR,0.23241109479172994,1.0
MG_L252_T2_C50,252,0.02,50.0,45,QAUR,0.18973583867346067,1.0
MG_L252_T2_C50,252,0.02,50.0,46,QAUR,0.22577773936593348,1.0
MG_L252_T2_C50,252,0.02,50.0,47,QAUR,0.17721543456610456,1.0
MG_L252_T2_C50,252,0.02,50.0,48,QAUR,0.11427615220140663,1.0
MG_L252_T2_C50,252,0.02,50.0,49,QAUR,0.2363588536294452,1.0
MG_L252_T2_C50,252,0.02,50.0,50,QAUR,0.16681045448717424,1.0
MG_L252_T2_C50,252,0.02,50.0,51,QAUR,0.13158152098377318,1.0
MG_L252_T2_C50,252,0.02,50.0,52,QAUR,-0.0019003117238898248,0.0
MG_L252_T2_C100,252,0.02,100.0,0,AUR,0.813666389235197,1.0
MG_L252_T2_C100,252,0.02,100.0,1,AUR,0.5483786209917452,1.0
MG_L252_T2_C100,252,0.02,100.0,2,AUR,0.4150548520659765,1.0
MG_L252_T2_C100,252,0.02,100.0,3,AUR,0.15912119053239238,1.0
MG_L252_T2_C100,252,0.02,100.0,4,AUR,0.34287802234180753,1.0
MG_L252_T2_C100,252,0.02,100.0,5,AUR,0.2708626235014957,1.0
MG_L252_T2_C100,252,0.02,100.0,6,AUR,0.028372958215094224,1.0
MG_L252_T2_C100,252,0.02,100.0,7,AUR,-0.24812097617917972,0.0
MG_L252_T2_C100,252,0.02,100.0,8,AUR,-0.3413341485856505,0.0
MG_L252_T2_C100,252,0.02,100.0,9,AUR,-0.4108976736630737,0.0
MG_L252_T2_C100,252,0.02,100.0,10,AUR,-0.3313456166358506,0.0
MG_L252_T2_C100,252,0.02,100.0,11,AUR,-0.37097879568122794,0.0
MG_L252_T2_C100,252,0.02,100.0,12,AUR,-0.43745641110958733,0.0
MG_L252_T2_C100,252,0.02,100.0,13,AUR,-0.2786750249430149,0.0
MG_L252_T2_C100,252,0.02,100.0,14,AUR,-0.1584034061870715,0.0
MG_L252_T2_C100,252,0.02,100.0,15,AUR,-0.02679227935531303,0.0
MG_L252_T2_C100,252,0.02,100.0,16,AUR,-0.014769974775293737,0.0
MG_L252_T2_C100,252,0.02,100.0,17,AUR,-0.04443090679348238,0.0
MG_L252_T2_C100,252,0.02,100.0,18,AUR,-0.020775074244086755,0.0
MG_L252_T2_C100,252,0.02,100.0,19,AUR,0.06360332036851113,1.0
MG_L252_T2_C100,252,0.02,100.0,20,AUR,0.22300557437997415,1.0
MG_L252_T2_C100,252,0.02,100.0,21,AUR,0.2693735432633473,1.0
MG_L252_T2_C100,252,0.02,100.0,22,AUR,0.17553900795785604,1.0
MG_L252_T2_C100,252,0.02,100.0,23,AUR,0.2375660981551062,1.0
MG_L252_T2_C100,252,0.02,100.0,24,AUR,0.26834262382497953,1.0
MG_L252_T2_C100,252,0.02,100.0,25,AUR,0.1764722037863895,1.0
MG_L252_T2_C100,252,0.02,100.0,26,AUR,0.14283440578374718,1.0
MG_L252_T2_C100,252,0.02,100.0,27,AUR,0.08446326093998469,1.0
MG_L252_T2_C100,252,0.02,100.0,28,AUR,-0.01880824339136311,0.0
MG_L252_T2_C100,252,0.02,100.0,29,AUR,-0.011461171856840036,0.0
MG_L252_T2_C100,252,0.02,100.0,30,AUR,0.028430616328460445,1.0
MG_L252_T2_C100,252,0.02,100.0,31,AUR,0.10933565971928116,1.0
MG_L252_T2_C100,252,0.02,100.0,32,AUR,0.07880600583961761,1.0
MG_L252_T2_C100,252,0.02,100.0,33,AUR,0.07561472597380425,1.0
MG_L252_T2_C100,252,0.02,100.0,34,AUR,0.05989946826830628,1.0
MG_L252_T2_C100,252,0.02,100.0,35,AUR,0.11248097047187744,1.0
MG_L252_T2_C100,252,0.02,100.0,36,AUR,0.04647488693062596,1.0
MG_L252_T2_C100,252,0.02,100.0,37,AUR,0.03145725989079695,1.0
MG_L252_T2_C100,252,0.02,100.0,38,AUR,0.02748668877420468,1.0
MG_L252_T2_C100,252,0.02,100.0,39,AUR,0.029542319588395927,1.0
MG_L252_T2_C100,252,0.02,100.0,40,AUR,0.1709381312724958,1.0
MG_L252_T2_C100,252,0.02,100.0,41,AUR,0.24594757509637621,1.0
MG_L252_T2_C100,252,0.02,100.0,42,AUR,0.254300590956299,1.0
MG_L252_T2_C100,252,0.02,100.0,43,AUR,0.23955797425632364,1.0
MG_L252_T2_C100,252,0.02,100.0,44,AUR,0.23241109479172994,1.0
MG_L252_T2_C100,252,0.02,100.0,45,AUR,0.18973583867346067,1.0
MG_L252_T2_C100,252,0.02,100.0,46,AUR,0.22577773936593348,1.0
MG_L252_T2_C100,252,0.02,100.0,47,AUR,0.17721543456610456,1.0
MG_L252_T2_C100,252,0.02,100.0,48,AUR,0.11427615220140663,1.0
MG_L252_T2_C100,252,0.02,100.0,49,AUR,0.2363588536294452,1.0
MG_L252_T2_C100,252,0.02,100.0,50,AUR,0.16681045448717424,1.0
MG_L252_T2_C100,252,0.02,100.0,51,AUR,0.13158152098377318,1.0
MG_L252_T2_C100,252,0.02,100.0,52,AUR,-0.0019003117238898248,0.0
MG_L252_T2_C100,252,0.02,100.0,0,QAUR,0.813666389235197,1.0
MG_L252_T2_C100,252,0.02,100.0,1,QAUR,0.5483786209917452,1.0
MG_L252_T2_C100,252,0.02,100.0,2,QAUR,0.4150548520659765,1.0
MG_L252_T2_C100,252,0.02,100.0,3,QAUR,0.15912119053239238,1.0
MG_L252_T2_C100,252,0.02,100.0,4,QAUR,0.34287802234180753,1.0
MG_L252_T2_C100,252,0.02,100.0,5,QAUR,0.2708626235014957,1.0
MG_L252_T2_C100,252,0.02,100.0,6,QAUR,0.028372958215094224,1.0
MG_L252_T2_C100,252,0.02,100.0,7,QAUR,-0.24812097617917972,0.0
MG_L252_T2_C100,252,0.02,100.0,8,QAUR,-0.3413341485856505,0.0
MG_L252_T2_C100,252,0.02,100.0,9,QAUR,-0.4108976736630737,0.0
MG_L252_T2_C100,252,0.02,100.0,10,QAUR,-0.3313456166358506,0.0
MG_L252_T2_C100,252,0.02,100.0,11,QAUR,-0.37097879568122794,0.0
MG_L252_T2_C100,252,0.02,100.0,12,QAUR,-0.43745641110958733,0.0
MG_L252_T2_C100,252,0.02,100.0,13,QAUR,-0.2786750249430149,0.0
MG_L252_T2_C100,252,0.02,100.0,14,QAUR,-0.1584034061870715,0.0
MG_L252_T2_C100,252,0.02,100.0,15,QAUR,-0.02679227935531303,0.0
MG_L252_T2_C100,252,0.02,100.0,16,QAUR,-0.014769974775293737,0.0
MG_L252_T2_C100,252,0.02,100.0,17,QAUR,-0.04443090679348238,0.0
MG_L252_T2_C100,252,0.02,100.0,18,QAUR,-0.020775074244086755,0.0
MG_L252_T2_C100,252,0.02,100.0,19,QAUR,0.06360332036851113,1.0
MG_L252_T2_C100,252,0.02,100.0,20,QAUR,0.22300557437997415,1.0
MG_L252_T2_C100,252,0.02,100.0,21,QAUR,0.2693735432633473,1.0
MG_L252_T2_C100,252,0.02,100.0,22,QAUR,0.17553900795785604,1.0
MG_L252_T2_C100,252,0.02,100.0,23,QAUR,0.2375660981551062,1.0
MG_L252_T2_C100,252,0.02,100.0,24,QAUR,0.26834262382497953,1.0
MG_L252_T2_C100,252,0.02,100.0,25,QAUR,0.1764722037863895,1.0
MG_L252_T2_C100,252,0.02,100.0,26,QAUR,0.14283440578374718,1.0
MG_L252_T2_C100,252,0.02,100.0,27,QAUR,0.08446326093998469,1.0
MG_L252_T2_C100,252,0.02,100.0,28,QAUR,-0.01880824339136311,0.0
MG_L252_T2_C100,252,0.02,100.0,29,QAUR,-0.011461171856840036,0.0
MG_L252_T2_C100,252,0.02,100.0,30,QAUR,0.028430616328460445,1.0
MG_L252_T2_C100,252,0.02,100.0,31,QAUR,0.10933565971928116,1.0
MG_L252_T2_C100,252,0.02,100.0,32,QAUR,0.07880600583961761,1.0
MG_L252_T2_C100,252,0.02,100.0,33,QAUR,0.07561472597380425,1.0
MG_L252_T2_C100,252,0.02,100.0,34,QAUR,0.05989946826830628,1.0
MG_L252_T2_C100,252,0.02,100.0,35,QAUR,0.11248097047187744,1.0
MG_L252_T2_C100,252,0.02,100.0,36,QAUR,0.04647488693062596,1.0
MG_L252_T2_C100,252,0.02,100.0,37,QAUR,0.03145725989079695,1.0
MG_L252_T2_C100,252,0.02,100.0,38,QAUR,0.02748668877420468,1.0
MG_L252_T2_C100,252,0.02,100.0,39,QAUR,0.029542319588395927,1.0
MG_L252_T2_C100,252,0.02,100.0,40,QAUR,0.1709381312724958,1.0
MG_L252_T2_C100,252,0.02,100.0,41,QAUR,0.24594757509637621,1.0
MG_L252_T2_C100,252,0.02,100.0,42,QAUR,0.254300590956299,1.0
MG_L252_T2_C100,252,0.02,100.0,43,QAUR,0.23955797425632364,1.0
MG_L252_T2_C100,252,0.02,100.0,44,QAUR,0.23241109479172994,1.0
MG_L252_T2_C100,252,0.02,100.0,45,QAUR,0.18973583867346067,1.0
MG_L252_T2_C100,252,0.02,100.0,46,QAUR,0.22577773936593348,1.0
MG_L252_T2_C100,252,0.02,100.0,47,QAUR,0.17721543456610456,1.0
MG_L252_T2_C100,252,0.02,100.0,48,QAUR,0.11427615220140663,1.0
MG_L252_T2_C100,252,0.02,100.0,49,QAUR,0.2363588536294452,1.0
MG_L252_T2_C100,252,0.02,100.0,50,QAUR,0.16681045448717424,1.0
MG_L252_T2_C100,252,0.02,100.0,51,QAUR,0.13158152098377318,1.0
MG_L252_T2_C100,252,0.02,100.0,52,QAUR,-0.0019003117238898248,0.0
