policy_id,lookback,threshold,switching_cost_bps,sample,method,mean_exposure,observations,cumulative_return,annualized_return,annualized_volatility,sharpe_zero_rf,sortino_zero_rf,maximum_drawdown
MG_L5_T-2_C0,5,-0.02,0.0,bridge,AUR,1.0,22,0.0016570682302721185,0.019146237094389118,0.13637363349341663,0.14039544598123063,0.39307262830926787,-0.05739971099287133
MG_L5_T-2_C0,5,-0.02,0.0,bridge,QAUR,1.0,22,-0.004261013285338566,-0.04773531502797379,0.17620952118709393,-0.27090088382505667,-0.4735245860962242,-0.050549381198343624
MG_L5_T-2_C0,5,-0.02,0.0,development,AUR,0.8620689655172413,604,-0.13360218320812167,-0.058078905314040474,0.15658097723879738,-0.37091929261283074,-0.40391640721231625,-0.47167857212506603
MG_L5_T-2_C0,5,-0.02,0.0,development,QAUR,0.8620689655172413,604,-0.13360218320812167,-0.058078905314040474,0.15658097723879738,-0.37091929261283074,-0.40391640721231625,-0.47167857212506603
MG_L5_T-2_C0,5,-0.02,0.0,historical_holdout,AUR,1.0,312,0.18527413790450242,0.1471570638480173,0.13814042888808578,1.0652715141577875,1.3671019587374638,-0.13096078514839304
MG_L5_T-2_C0,5,-0.02,0.0,historical_holdout,QAUR,1.0,312,0.24855810479343488,0.1963785346582212,0.1415559870500527,1.38728526253562,1.8176326669913965,-0.13096078514839304
MG_L5_T-2_C0,5,-0.02,0.0,observed_2026,AUR,1.0,160,0.18052929449148492,0.29873609351657837,0.1597043386682117,1.8705571558528997,2.8770990645859573,-0.10778780420055822
MG_L5_T-2_C0,5,-0.02,0.0,observed_2026,QAUR,1.0,160,0.18046016932089115,0.29861632198451704,0.15971129254617944,1.869725785972048,2.8757220984192573,-0.10778780420055745
MG_L5_T-2_C25,5,-0.02,25.0,bridge,AUR,1.0,22,0.0016570682302721185,0.019146237094389118,0.13637363349341663,0.14039544598123063,0.39307262830926787,-0.05739971099287133
MG_L5_T-2_C25,5,-0.02,25.0,bridge,QAUR,1.0,22,-0.004261013285338566,-0.04773531502797379,0.17620952118709393,-0.27090088382505667,-0.4735245860962242,-0.050549381198343624
MG_L5_T-2_C25,5,-0.02,25.0,development,AUR,0.8620689655172413,604,-0.14865852707057958,-0.06494317326396093,0.156652672443735,-0.4145679243824365,-0.45395812862818424,-0.4743212931298276
MG_L5_T-2_C25,5,-0.02,25.0,development,QAUR,0.8620689655172413,604,-0.14865852707057958,-0.06494317326396093,0.156652672443735,-0.4145679243824365,-0.45395812862818424,-0.4743212931298276
MG_L5_T-2_C25,5,-0.02,25.0,historical_holdout,AUR,1.0,312,0.18527413790450242,0.1471570638480173,0.13814042888808578,1.0652715141577875,1.3671019587374638,-0.13096078514839304
MG_L5_T-2_C25,5,-0.02,25.0,historical_holdout,QAUR,1.0,312,0.24855810479343488,0.1963785346582212,0.1415559870500527,1.38728526253562,1.8176326669913965,-0.13096078514839304
MG_L5_T-2_C25,5,-0.02,25.0,observed_2026,AUR,1.0,160,0.18052929449148492,0.29873609351657837,0.1597043386682117,1.8705571558528997,2.8770990645859573,-0.10778780420055822
MG_L5_T-2_C25,5,-0.02,25.0,observed_2026,QAUR,1.0,160,0.18046016932089115,0.29861632198451704,0.15971129254617944,1.869725785972048,2.8757220984192573,-0.10778780420055745
MG_L5_T-2_C50,5,-0.02,50.0,bridge,AUR,1.0,22,0.0016570682302721185,0.019146237094389118,0.13637363349341663,0.14039544598123063,0.39307262830926787,-0.05739971099287133
MG_L5_T-2_C50,5,-0.02,50.0,bridge,QAUR,1.0,22,-0.004261013285338566,-0.04773531502797379,0.17620952118709393,-0.27090088382505667,-0.4735245860962242,-0.050549381198343624
MG_L5_T-2_C50,5,-0.02,50.0,development,AUR,0.8620689655172413,604,-0.16349004072337847,-0.07177446396908849,0.15683960120777138,-0.4576297275456989,-0.5023248077558392,-0.4769573879820318
MG_L5_T-2_C50,5,-0.02,50.0,development,QAUR,0.8620689655172413,604,-0.16349004072337847,-0.07177446396908849,0.15683960120777138,-0.4576297275456989,-0.5023248077558392,-0.4769573879820318
MG_L5_T-2_C50,5,-0.02,50.0,historical_holdout,AUR,1.0,312,0.18527413790450242,0.1471570638480173,0.13814042888808578,1.0652715141577875,1.3671019587374638,-0.13096078514839304
MG_L5_T-2_C50,5,-0.02,50.0,historical_holdout,QAUR,1.0,312,0.24855810479343488,0.1963785346582212,0.1415559870500527,1.38728526253562,1.8176326669913965,-0.13096078514839304
MG_L5_T-2_C50,5,-0.02,50.0,observed_2026,AUR,1.0,160,0.18052929449148492,0.29873609351657837,0.1597043386682117,1.8705571558528997,2.8770990645859573,-0.10778780420055822
MG_L5_T-2_C50,5,-0.02,50.0,observed_2026,QAUR,1.0,160,0.18046016932089115,0.29861632198451704,0.15971129254617944,1.869725785972048,2.8757220984192573,-0.10778780420055745
MG_L5_T-2_C100,5,-0.02,100.0,bridge,AUR,1.0,22,0.0016570682302721185,0.019146237094389118,0.13637363349341663,0.14039544598123063,0.39307262830926787,-0.05739971099287133
MG_L5_T-2_C100,5,-0.02,100.0,bridge,QAUR,1.0,22,-0.004261013285338566,-0.04773531502797379,0.17620952118709393,-0.27090088382505667,-0.4735245860962242,-0.050549381198343624
MG_L5_T-2_C100,5,-0.02,100.0,development,AUR,0.8620689655172413,604,-0.19248976825764685,-0.08533841816557586,0.1575572660055188,-0.5416342916396295,-0.5960931426102428,-0.4822096992287713
MG_L5_T-2_C100,5,-0.02,100.0,development,QAUR,0.8620689655172413,604,-0.19248976825764685,-0.08533841816557586,0.1575572660055188,-0.5416342916396295,-0.5960931426102428,-0.4822096992287713
MG_L5_T-2_C100,5,-0.02,100.0,historical_holdout,AUR,1.0,312,0.18527413790450242,0.1471570638480173,0.13814042888808578,1.0652715141577875,1.3671019587374638,-0.13096078514839304
MG_L5_T-2_C100,5,-0.02,100.0,historical_holdout,QAUR,1.0,312,0.24855810479343488,0.1963785346582212,0.1415559870500527,1.38728526253562,1.8176326669913965,-0.13096078514839304
MG_L5_T-2_C100,5,-0.02,100.0,observed_2026,AUR,1.0,160,0.18052929449148492,0.29873609351657837,0.1597043386682117,1.8705571558528997,2.8770990645859573,-0.10778780420055822
MG_L5_T-2_C100,5,-0.02,100.0,observed_2026,QAUR,1.0,160,0.18046016932089115,0.29861632198451704,0.15971129254617944,1.869725785972048,2.8757220984192573,-0.10778780420055745
MG_L5_T0_C0,5,0.0,0.0,bridge,AUR,1.0,22,0.0016570682302721185,0.019146237094389118,0.13637363349341663,0.14039544598123063,0.39307262830926787,-0.05739971099287133
MG_L5_T0_C0,5,0.0,0.0,bridge,QAUR,1.0,22,-0.004261013285338566,-0.04773531502797379,0.17620952118709393,-0.27090088382505667,-0.4735245860962242,-0.050549381198343624
MG_L5_T0_C0,5,0.0,0.0,development,AUR,0.6206896551724138,604,-0.07834342764574587,-0.0334650078873685,0.13906528436312565,-0.2406424294936547,-0.22452923726311533,-0.3730690289787324
MG_L5_T0_C0,5,0.0,0.0,development,QAUR,0.6206896551724138,604,-0.07834342764574587,-0.0334650078873685,0.13906528436312565,-0.2406424294936547,-0.22452923726311533,-0.3730690289787324
MG_L5_T0_C0,5,0.0,0.0,historical_holdout,AUR,0.8,312,0.22844869020195646,0.18079084961721037,0.0930499070978711,1.9429449771191303,3.0353091305136006,-0.06891709630324339
MG_L5_T0_C0,5,0.0,0.0,historical_holdout,QAUR,0.8,312,0.2979684373688416,0.23447576412259852,0.10287851141291277,2.2791519910460947,3.548926400964236,-0.06267966631562538
MG_L5_T0_C0,5,0.0,0.0,observed_2026,AUR,0.75,160,0.09253797380518725,0.14957563872976443,0.14828435581316038,1.0087081533957032,1.3527282457838539,-0.10598775089337864
MG_L5_T0_C0,5,0.0,0.0,observed_2026,QAUR,0.75,160,0.0924740009125431,0.14946962301482491,0.14829154104564266,1.0079443639257863,1.3516636427960145,-0.10598775089337864
MG_L5_T0_C25,5,0.0,25.0,bridge,AUR,1.0,22,0.0016570682302721185,0.019146237094389118,0.13637363349341663,0.14039544598123063,0.39307262830926787,-0.05739971099287133
MG_L5_T0_C25,5,0.0,25.0,bridge,QAUR,1.0,22,-0.004261013285338566,-0.04773531502797379,0.17620952118709393,-0.27090088382505667,-0.4735245860962242,-0.050549381198343624
MG_L5_T0_C25,5,0.0,25.0,development,AUR,0.6206896551724138,604,-0.10565882557372486,-0.045521288431309426,0.1393086083810829,-0.3267657968902006,-0.31001675729139905,-0.377780557928759
MG_L5_T0_C25,5,0.0,25.0,development,QAUR,0.6206896551724138,604,-0.10565882557372486,-0.045521288431309426,0.1393086083810829,-0.3267657968902006,-0.31001675729139905,-0.377780557928759
MG_L5_T0_C25,5,0.0,25.0,historical_holdout,AUR,0.8,312,0.2131967405575046,0.16893567390463549,0.09305524340758065,1.8154342272224213,2.8422556516432826,-0.07358473365463125
MG_L5_T0_C25,5,0.0,25.0,historical_holdout,QAUR,0.8,312,0.28184781066191156,0.22207731932237085,0.1029344926188121,2.15746261211749,3.366309219046215,-0.06738260805028184
MG_L5_T0_C25,5,0.0,25.0,observed_2026,AUR,0.75,160,0.08161471080351301,0.1315254383467468,0.14885078882599873,0.8836059209635453,1.1885015806663684,-0.11049221815333665
MG_L5_T0_C25,5,0.0,25.0,observed_2026,QAUR,0.75,160,0.08155137751584918,0.1314210872503241,0.14885790818059474,0.8828626497349656,1.1874662422337434,-0.11049221815333765
MG_L5_T0_C50,5,0.0,50.0,bridge,AUR,1.0,22,0.0016570682302721185,0.019146237094389118,0.13637363349341663,0.14039544598123063,0.39307262830926787,-0.05739971099287133
MG_L5_T0_C50,5,0.0,50.0,bridge,QAUR,1.0,22,-0.004261013285338566,-0.04773531502797379,0.17620952118709393,-0.27090088382505667,-0.4735245860962242,-0.050549381198343624
MG_L5_T0_C50,5,0.0,50.0,development,AUR,0.6206896551724138,604,-0.13223029075179282,-0.05745691935431918,0.13977147263239487,-0.4110775845185048,-0.39293283637727405,-0.38246842228783373
MG_L5_T0_C50,5,0.0,50.0,development,QAUR,0.6206896551724138,604,-0.13223029075179282,-0.05745691935431918,0.13977147263239487,-0.4110775845185048,-0.39293283637727405,-0.38246842228783373
MG_L5_T0_C50,5,0.0,50.0,historical_holdout,AUR,0.8,312,0.1980966556398387,0.15717027260922412,0.09332793225638662,1.6840646611290226,2.6168141924594415,-0.0782406420331273
MG_L5_T0_C50,5,0.0,50.0,historical_holdout,QAUR,0.8,312,0.2658877532618009,0.2097727951116839,0.10323208285089817,2.032050398660137,3.1504877117715924,-0.07207372201100104
MG_L5_T0_C50,5,0.0,50.0,observed_2026,AUR,0.75,160,0.07077355993802814,0.1137142619580509,0.1496734065900271,0.7597492737606188,1.0237212427027558,-0.11498530979105515
MG_L5_T0_C50,5,0.0,50.0,observed_2026,QAUR,0.75,160,0.0707108614473233,0.11361155343697549,0.14968044849296994,0.7590273451265848,1.0227194780699758,-0.1149853097910547
MG_L5_T0_C100,5,0.0,100.0,bridge,AUR,1.0,22,0.0016570682302721185,0.019146237094389118,0.13637363349341663,0.14039544598123063,0.39307262830926787,-0.05739971099287133
MG_L5_T0_C100,5,0.0,100.0,bridge,QAUR,1.0,22,-0.004261013285338566,-0.04773531502797379,0.17620952118709393,-0.27090088382505667,-0.4735245860962242,-0.050549381198343624
MG_L5_T0_C100,5,0.0,100.0,development,AUR,0.6206896551724138,604,-0.18321486880835758,-0.08096986092673086,0.1413461720860155,-0.5728479217495687,-0.5509136541394516,-0.3917733955501814
MG_L5_T0_C100,5,0.0,100.0,development,QAUR,0.6206896551724138,604,-0.18321486880835758,-0.08096986092673086,0.1413461720860155,-0.5728479217495687,-0.5509136541394516,-0.3917733955501814
MG_L5_T0_C100,5,0.0,100.0,historical_holdout,AUR,0.8,312,0.1683475380388213,0.1339069655998033,0.09466386144210893,1.4145521169310555,2.103089997799068,-0.08751727187143832
MG_L5_T0_C100,5,0.0,100.0,historical_holdout,QAUR,0.8,312,0.2344445424586168,0.18544359572619595,0.10454216252058521,1.7738641640369797,2.648995648688151,-0.08142046661062785
MG_L5_T0_C100,5,0.0,100.0,observed_2026,AUR,0.75,160,0.04933594554926901,0.07879870489823793,0.1520692727192998,0.5181763777070871,0.6923953479883186,-0.12393736619976448
MG_L5_T0_C100,5,0.0,100.0,observed_2026,QAUR,0.75,160,0.04927450232495656,0.07869921634600541,0.15207612823910038,0.517498816265701,0.6914755975197183,-0.12393736619976514
MG_L5_T2_C0,5,0.02,0.0,bridge,AUR,0.0,22,0.0,0.0,0.0,,,0.0
MG_L5_T2_C0,5,0.02,0.0,bridge,QAUR,0.0,22,0.0,0.0,0.0,,,0.0
MG_L5_T2_C0,5,0.02,0.0,development,AUR,0.3103448275862069,604,0.0025347383467302365,0.0010567597847559451,0.11048570109230381,0.009564674652995044,0.006635734650082573,-0.19671381073865324
MG_L5_T2_C0,5,0.02,0.0,development,QAUR,0.3103448275862069,604,0.0025347383467302365,0.0010567597847559451,0.11048570109230381,0.009564674652995044,0.006635734650082573,-0.19671381073865324
MG_L5_T2_C0,5,0.02,0.0,historical_holdout,AUR,0.13333333333333333,312,0.028507918829987267,0.022963214283323152,0.05088123393405274,0.45131009033872516,0.35715059678920347,-0.044996244595239654
MG_L5_T2_C0,5,0.02,0.0,historical_holdout,QAUR,0.13333333333333333,312,0.03282188560512611,0.026427392462622823,0.054683902548058,0.4832755387089933,0.3684918495241164,-0.04801484637837006
MG_L5_T2_C0,5,0.02,0.0,observed_2026,AUR,0.0,160,0.0,0.0,0.0,,,0.0
MG_L5_T2_C0,5,0.02,0.0,observed_2026,QAUR,0.0,160,0.0,0.0,0.0,,,0.0
MG_L5_T2_C25,5,0.02,25.0,bridge,AUR,0.0,22,0.0,0.0,0.0,,,0.0
MG_L5_T2_C25,5,0.02,25.0,bridge,QAUR,0.0,22,0.0,0.0,0.0,,,0.0
MG_L5_T2_C25,5,0.02,25.0,development,AUR,0.3103448275862069,604,-0.036775666513628624,-0.015511180224414223,0.11048255311587377,-0.14039483870495048,-0.10119096449942155,-0.19874271356496553
MG_L5_T2_C25,5,0.02,25.0,development,QAUR,0.3103448275862069,604,-0.036775666513628624,-0.015511180224414223,0.11048255311587377,-0.14039483870495048,-0.10119096449942155,-0.19874271356496553
MG_L5_T2_C25,5,0.02,25.0,historical_holdout,AUR,0.13333333333333333,312,0.01837283333663331,0.014813569773923785,0.04928852897956065,0.30054801960242694,0.23504571080501538,-0.04499624459524021
MG_L5_T2_C25,5,0.02,25.0,historical_holdout,QAUR,0.13333333333333333,312,0.0226461544245391,0.018251649624259736,0.05317809203831493,0.34321745900754363,0.26024285871924646,-0.04801484637837017
MG_L5_T2_C25,5,0.02,25.0,observed_2026,AUR,0.0,160,0.0,0.0,0.0,,,0.0
MG_L5_T2_C25,5,0.02,25.0,observed_2026,QAUR,0.0,160,0.0,0.0,0.0,,,0.0
MG_L5_T2_C50,5,0.02,50.0,bridge,AUR,0.0,22,0.0,0.0,0.0,,,0.0
MG_L5_T2_C50,5,0.02,50.0,bridge,QAUR,0.0,22,0.0,0.0,0.0,,,0.0
MG_L5_T2_C50,5,0.02,50.0,development,AUR,0.3103448275862069,604,-0.07463744810665018,-0.0318454107463495,0.11084704296737281,-0.28729147746163164,-0.21022653143099557,-0.2007716163912775
MG_L5_T2_C50,5,0.02,50.0,development,QAUR,0.3103448275862069,604,-0.07463744810665018,-0.0318454107463495,0.11084704296737281,-0.28729147746163164,-0.21022653143099557,-0.2007716163912775
MG_L5_T2_C50,5,0.02,50.0,historical_holdout,AUR,0.13333333333333333,312,0.008312834363168431,0.00670886327686393,0.04806051668952915,0.1395919923250758,0.10908231913247492,-0.04686013786001486
MG_L5_T2_C50,5,0.02,50.0,historical_holdout,QAUR,0.13333333333333333,312,0.012545796899698036,0.010120980303112592,0.0520142749729708,0.19458082052228848,0.14722881945135632,-0.048200560634759415
MG_L5_T2_C50,5,0.02,50.0,observed_2026,AUR,0.0,160,0.0,0.0,0.0,,,0.0
MG_L5_T2_C50,5,0.02,50.0,observed_2026,QAUR,0.0,160,0.0,0.0,0.0,,,0.0
MG_L5_T2_C100,5,0.02,100.0,bridge,AUR,0.0,22,0.0,0.0,0.0,,,0.0
MG_L5_T2_C100,5,0.02,100.0,bridge,QAUR,0.0,22,0.0,0.0,0.0,,,0.0
MG_L5_T2_C100,5,0.02,100.0,development,AUR,0.3103448275862069,604,-0.14621332731857006,-0.06382360884818583,0.1126610655959828,-0.5665098986109858,-0.4209367056693219,-0.20482942204390164
MG_L5_T2_C100,5,0.02,100.0,development,QAUR,0.3103448275862069,604,-0.14621332731857006,-0.06382360884818583,0.1126610655959828,-0.5665098986109858,-0.4209367056693219,-0.20482942204390164
MG_L5_T2_C100,5,0.02,100.0,historical_holdout,AUR,0.13333333333333333,312,-0.01158339013679488,-0.009366283779239426,0.04680498664662293,-0.20011294629682844,-0.1452717432633228,-0.05164978540845755
MG_L5_T2_C100,5,0.02,100.0,historical_holdout,QAUR,0.13333333333333333,312,-0.007430288698199172,-0.006005687435096108,0.050799809219675834,-0.1182226375915203,-0.08439427434701033,-0.05298347239036372
MG_L5_T2_C100,5,0.02,100.0,observed_2026,AUR,0.0,160,0.0,0.0,0.0,,,0.0
MG_L5_T2_C100,5,0.02,100.0,observed_2026,QAUR,0.0,160,0.0,0.0,0.0,,,0.0
MG_L10_T-2_C0,10,-0.02,0.0,bridge,AUR,1.0,22,0.0016570682302721185,0.019146237094389118,0.13637363349341663,0.14039544598123063,0.39307262830926787,-0.05739971099287133
MG_L10_T-2_C0,10,-0.02,0.0,bridge,QAUR,1.0,22,-0.004261013285338566,-0.04773531502797379,0.17620952118709393,-0.27090088382505667,-0.4735245860962242,-0.050549381198343624
MG_L10_T-2_C0,10,-0.02,0.0,development,AUR,0.7241379310344828,604,0.14253275403083898,0.057167680959264056,0.10862237815635263,0.52629745297029,0.5812709018444885,-0.26185830986353653
MG_L10_T-2_C0,10,-0.02,0.0,development,QAUR,0.7241379310344828,604,0.14253275403083898,0.057167680959264056,0.10862237815635263,0.52629745297029,0.5812709018444885,-0.26185830986353653
MG_L10_T-2_C0,10,-0.02,0.0,historical_holdout,AUR,1.0,312,0.18527413790450242,0.1471570638480173,0.13814042888808578,1.0652715141577875,1.3671019587374638,-0.13096078514839304
MG_L10_T-2_C0,10,-0.02,0.0,historical_holdout,QAUR,1.0,312,0.24855810479343488,0.1963785346582212,0.1415559870500527,1.38728526253562,1.8176326669913965,-0.13096078514839304
MG_L10_T-2_C0,10,-0.02,0.0,observed_2026,AUR,1.0,160,0.18052929449148492,0.29873609351657837,0.1597043386682117,1.8705571558528997,2.8770990645859573,-0.10778780420055822
MG_L10_T-2_C0,10,-0.02,0.0,observed_2026,QAUR,1.0,160,0.18046016932089115,0.29861632198451704,0.15971129254617944,1.869725785972048,2.8757220984192573,-0.10778780420055745
MG_L10_T-2_C25,10,-0.02,25.0,bridge,AUR,1.0,22,0.0016570682302721185,0.019146237094389118,0.13637363349341663,0.14039544598123063,0.39307262830926787,-0.05739971099287133
MG_L10_T-2_C25,10,-0.02,25.0,bridge,QAUR,1.0,22,-0.004261013285338566,-0.04773531502797379,0.17620952118709393,-0.27090088382505667,-0.4735245860962242,-0.050549381198343624
MG_L10_T-2_C25,10,-0.02,25.0,development,AUR,0.7241379310344828,604,0.108797604592064,0.04403053920398414,0.10853446083821998,0.40568257182035,0.4538839630695834,-0.2691911342612432
MG_L10_T-2_C25,10,-0.02,25.0,development,QAUR,0.7241379310344828,604,0.108797604592064,0.04403053920398414,0.10853446083821998,0.40568257182035,0.4538839630695834,-0.2691911342612432
MG_L10_T-2_C25,10,-0.02,25.0,historical_holdout,AUR,1.0,312,0.182308088438091,0.14483789161914573,0.13818139897201845,1.0481721324045592,1.3470003912943556,-0.13096078514839338
MG_L10_T-2_C25,10,-0.02,25.0,historical_holdout,QAUR,1.0,312,0.24543369248907831,0.19395985289245754,0.14159838192979518,1.3697886250467417,1.797214187996585,-0.13096078514839338
MG_L10_T-2_C25,10,-0.02,25.0,observed_2026,AUR,1.0,160,0.18052929449148492,0.29873609351657837,0.1597043386682117,1.8705571558528997,2.8770990645859573,-0.10778780420055822
MG_L10_T-2_C25,10,-0.02,25.0,observed_2026,QAUR,1.0,160,0.18046016932089115,0.29861632198451704,0.15971129254617944,1.869725785972048,2.8757220984192573,-0.10778780420055745
MG_L10_T-2_C50,10,-0.02,50.0,bridge,AUR,1.0,22,0.0016570682302721185,0.019146237094389118,0.13637363349341663,0.14039544598123063,0.39307262830926787,-0.05739971099287133
MG_L10_T-2_C50,10,-0.02,50.0,bridge,QAUR,1.0,22,-0.004261013285338566,-0.04773531502797379,0.17620952118709393,-0.27090088382505667,-0.4735245860962242,-0.050549381198343624
MG_L10_T-2_C50,10,-0.02,50.0,development,AUR,0.7241379310344828,604,0.07597778990335069,0.03102436678235776,0.10872938186719361,0.2853356309911902,0.32129749439784916,-0.27646918922783714
MG_L10_T-2_C50,10,-0.02,50.0,development,QAUR,0.7241379310344828,604,0.07597778990335069,0.03102436678235776,0.10872938186719361,0.2853356309911902,0.32129749439784916,-0.27646918922783714
MG_L10_T-2_C50,10,-0.02,50.0,historical_holdout,AUR,1.0,312,0.179342038971682,0.14251760025482874,0.13825887350976848,1.030802556370889,1.3256327396319978,-0.13096078514839316
MG_L10_T-2_C50,10,-0.02,50.0,historical_holdout,QAUR,1.0,312,0.24230928018472286,0.19154000397211002,0.1416763996380617,1.3519542031095795,1.7751064492258435,-0.13096078514839316
MG_L10_T-2_C50,10,-0.02,50.0,observed_2026,AUR,1.0,160,0.18052929449148492,0.29873609351657837,0.1597043386682117,1.8705571558528997,2.8770990645859573,-0.10778780420055822
MG_L10_T-2_C50,10,-0.02,50.0,observed_2026,QAUR,1.0,160,0.18046016932089115,0.29861632198451704,0.15971129254617944,1.869725785972048,2.8757220984192573,-0.10778780420055745
MG_L10_T-2_C100,10,-0.02,100.0,bridge,AUR,1.0,22,0.0016570682302721185,0.019146237094389118,0.13637363349341663,0.14039544598123063,0.39307262830926787,-0.05739971099287133
MG_L10_T-2_C100,10,-0.02,100.0,bridge,QAUR,1.0,22,-0.004261013285338566,-0.04773531502797379,0.17620952118709393,-0.27090088382505667,-0.4735245860962242,-0.050549381198343624
MG_L10_T-2_C100,10,-0.02,100.0,development,AUR,0.7241379310344828,604,0.012994134192749973,0.005401005890531163,0.1099595401991671,0.04911811999894188,0.055476876493742056,-0.2908620837638224
MG_L10_T-2_C100,10,-0.02,100.0,development,QAUR,0.7241379310344828,604,0.012994134192749973,0.005401005890531163,0.1099595401991671,0.04911811999894188,0.055476876493742056,-0.2908620837638224
MG_L10_T-2_C100,10,-0.02,100.0,historical_holdout,AUR,1.0,312,0.17340994003886312,0.13787364667439994,0.13852306208852244,0.9953118606798664,1.2793382787560479,-0.13096078514839304
MG_L10_T-2_C100,10,-0.02,100.0,historical_holdout,QAUR,1.0,312,0.23606045557600996,0.1866967906452981,0.14193904175552777,1.315330780990194,1.726073113754419,-0.13096078514839304
MG_L10_T-2_C100,10,-0.02,100.0,observed_2026,AUR,1.0,160,0.18052929449148492,0.29873609351657837,0.1597043386682117,1.8705571558528997,2.8770990645859573,-0.10778780420055822
MG_L10_T-2_C100,10,-0.02,100.0,observed_2026,QAUR,1.0,160,0.18046016932089115,0.29861632198451704,0.15971129254617944,1.869725785972048,2.8757220984192573,-0.10778780420055745
MG_L10_T0_C0,10,0.0,0.0,bridge,AUR,1.0,22,0.0016570682302721185,0.019146237094389118,0.13637363349341663,0.14039544598123063,0.39307262830926787,-0.05739971099287133
MG_L10_T0_C0,10,0.0,0.0,bridge,QAUR,1.0,22,-0.004261013285338566,-0.04773531502797379,0.17620952118709393,-0.27090088382505667,-0.4735245860962242,-0.050549381198343624
MG_L10_T0_C0,10,0.0,0.0,development,AUR,0.5172413793103449,604,0.08871151673751232,0.03609770506171972,0.09970658922419601,0.36203931297410996,0.3388403835087485,-0.23892807330563237
MG_L10_T0_C0,10,0.0,0.0,development,QAUR,0.5172413793103449,604,0.08871151673751232,0.03609770506171972,0.09970658922419601,0.36203931297410996,0.3388403835087485,-0.23892807330563237
MG_L10_T0_C0,10,0.0,0.0,historical_holdout,AUR,0.7333333333333333,312,0.3034035879150505,0.23864927310882855,0.09186319590145973,2.597876883848283,3.9141354973063955,-0.04499624459523954
MG_L10_T0_C0,10,0.0,0.0,historical_holdout,QAUR,0.7333333333333333,312,0.36607690123598724,0.2865368641687569,0.10283408805690789,2.7863996227611683,4.152751815875033,-0.049575744522266096
MG_L10_T0_C0,10,0.0,0.0,observed_2026,AUR,0.5,160,0.13173422922749056,0.21519930028982337,0.1085328117269958,1.9828040651074,1.985251015887413,-0.03739451144014039
MG_L10_T0_C0,10,0.0,0.0,observed_2026,QAUR,0.5,160,0.13166796122209035,0.215087232655234,0.10854279787068212,1.9815891692002348,1.9838619825678714,-0.0373945114401405
MG_L10_T0_C25,10,0.0,25.0,bridge,AUR,1.0,22,-0.0008402112485044189,-0.009582079885219863,0.13605541196478052,-0.07042777458716815,-0.19672029060250767,-0.057399710992871555
MG_L10_T0_C25,10,0.0,25.0,bridge,QAUR,1.0,22,-0.006760827613896403,-0.07476283511752091,0.17710019007632893,-0.4221499428391277,-0.7393922324903532,-0.050549381198343735
MG_L10_T0_C25,10,0.0,25.0,development,AUR,0.5172413793103449,604,0.04086490601507098,0.016850840764625064,0.09948013281632198,0.1693890054985964,0.1620577301596601,-0.24648869055168154
MG_L10_T0_C25,10,0.0,25.0,development,QAUR,0.5172413793103449,604,0.04086490601507098,0.016850840764625064,0.09948013281632198,0.1693890054985964,0.1620577301596601,-0.24648869055168154
MG_L10_T0_C25,10,0.0,25.0,historical_holdout,AUR,0.7333333333333333,312,0.28404194697683893,0.22376659424142242,0.09166888028621654,2.441031171568355,3.7237439618602144,-0.044996244595239654
MG_L10_T0_C25,10,0.0,25.0,historical_holdout,QAUR,0.7333333333333333,312,0.345784268393057,0.2710788039928942,0.10267887346635751,2.640064064217772,3.9839547530420254,-0.049575744522266096
MG_L10_T0_C25,10,0.0,25.0,observed_2026,AUR,0.5,160,0.12327520858030594,0.2009245520994487,0.1086531434321274,1.849229076607072,1.8923963495531153,-0.03739451144014039
MG_L10_T0_C25,10,0.0,25.0,observed_2026,QAUR,0.5,160,0.12320943588768452,0.2008138009051037,0.10866307892366314,1.8480407779184806,1.891004094879973,-0.0373945114401405
MG_L10_T0_C50,10,0.0,50.0,bridge,AUR,1.0,22,-0.003337490727280845,-0.03756945526614541,0.1362628495071103,-0.2757131191813585,-0.7823186546856592,-0.057399710992871444
MG_L10_T0_C50,10,0.0,50.0,bridge,QAUR,1.0,22,-0.009260641942453796,-0.10108847622691208,0.17838817536860616,-0.5666770009729145,-0.9878886948458407,-0.0505493811983434
MG_L10_T0_C50,10,0.0,50.0,development,AUR,0.5172413793103449,604,-0.00499089164250166,-0.002085328816431198,0.09971167109338179,-0.0209135880841697,-0.020226015072544207,-0.2539928369642611
MG_L10_T0_C50,10,0.0,50.0,development,QAUR,0.5172413793103449,604,-0.00499089164250166,-0.002085328816431198,0.09971167109338179,-0.0209135880841697,-0.020226015072544207,-0.2539928369642611
MG_L10_T0_C50,10,0.0,50.0,historical_holdout,AUR,0.7333333333333333,312,0.2649205754513162,0.20902618683448115,0.09179936536920419,2.2769894540534907,3.4848860292737287,-0.046860137860015194
MG_L10_T0_C50,10,0.0,50.0,historical_holdout,QAUR,0.7333333333333333,312,0.325743458161168,0.25576851565413006,0.10281369297766638,2.487689219661521,3.7740450529536655,-0.049575744522266096
MG_L10_T0_C50,10,0.0,50.0,observed_2026,AUR,0.5,160,0.11485844393195044,0.18678232835585318,0.10904109092204226,1.7129535918655765,1.7910898349596653,-0.03739451144014039
MG_L10_T0_C50,10,0.0,50.0,observed_2026,QAUR,0.5,160,0.11479316407783369,0.18667288138013527,0.10905095161536386,1.7117950702397675,1.7897097261653443,-0.0373945114401405
MG_L10_T0_C100,10,0.0,100.0,bridge,AUR,1.0,22,-0.008332049684833698,-0.09139031736968428,0.13823924071017368,-0.6611025704437223,-1.9014856876257598,-0.05739971099287122
MG_L10_T0_C100,10,0.0,100.0,bridge,QAUR,1.0,22,-0.014260270599569247,-0.15169987200300972,0.1821197796463183,-0.8329675793459398,-1.413332577679049,-0.050549381198343735
MG_L10_T0_C100,10,0.0,100.0,development,AUR,0.5172413793103449,604,-0.09103977803475205,-0.03904255815008073,0.10153000205038737,-0.38454207979533644,-0.37333896686944834,-0.26883284413576525
MG_L10_T0_C100,10,0.0,100.0,development,QAUR,0.5172413793103449,604,-0.09103977803475205,-0.03904255815008073,0.10153000205038737,-0.38454207979533644,-0.37333896686944834,-0.26883284413576525
MG_L10_T0_C100,10,0.0,100.0,historical_holdout,AUR,0.7333333333333333,312,0.22738909360247161,0.17996815531383392,0.09302586883975979,1.9346033265632292,2.883336823060718,-0.05164978540845755
MG_L10_T0_C100,10,0.0,100.0,historical_holdout,QAUR,0.7333333333333333,312,0.2864072994316411,0.2255870675532814,0.10394649263520475,2.1702229852523107,3.2417513662398925,-0.052983472390363606
MG_L10_T0_C100,10,0.0,100.0,observed_2026,AUR,0.5,160,0.0981512594048164,0.15889184892710828,0.11060662773747983,1.4365490764643092,1.523162412926044,-0.03739451144014039
MG_L10_T0_C100,10,0.0,100.0,observed_2026,QAUR,0.5,160,0.0980869578296677,0.158784974056275,0.11061627108488108,1.4354576636779939,1.5218826648338069,-0.0373945114401405
MG_L10_T2_C0,10,0.02,0.0,bridge,AUR,0.0,22,0.0,0.0,0.0,,,0.0
MG_L10_T2_C0,10,0.02,0.0,bridge,QAUR,0.0,22,0.0,0.0,0.0,,,0.0
MG_L10_T2_C0,10,0.02,0.0,development,AUR,0.3103448275862069,604,-0.03096598487376845,-0.01303810258887117,0.08525743107481715,-0.15292628952694648,-0.1058474865502711,-0.22097012203201116
MG_L10_T2_C0,10,0.02,0.0,development,QAUR,0.3103448275862069,604,-0.03096598487376845,-0.01303810258887117,0.08525743107481715,-0.15292628952694648,-0.1058474865502711,-0.22097012203201116
MG_L10_T2_C0,10,0.02,0.0,historical_holdout,AUR,0.26666666666666666,312,0.1000256507236783,0.08004222036285014,0.05545008403879195,1.4435004337748873,1.2266313526283872,-0.04378798033135589
MG_L10_T2_C0,10,0.02,0.0,historical_holdout,QAUR,0.26666666666666666,312,0.1402852176789091,0.11185809098498045,0.0615980150523351,1.8159366156513848,1.5469830910404285,-0.04957574452226621
MG_L10_T2_C0,10,0.02,0.0,observed_2026,AUR,0.125,160,0.016082460375342,0.025446727702516325,0.0639727422748711,0.39777453330325596,0.12721866299228943,-0.03562623908145812
MG_L10_T2_C0,10,0.02,0.0,observed_2026,QAUR,0.125,160,0.016082460375342,0.025446727702516325,0.0639727422748711,0.39777453330325596,0.12721866299228943,-0.03562623908145812
MG_L10_T2_C25,10,0.02,25.0,bridge,AUR,0.0,22,0.0,0.0,0.0,,,0.0
MG_L10_T2_C25,10,0.02,25.0,bridge,QAUR,0.0,22,0.0,0.0,0.0,,,0.0
MG_L10_T2_C25,10,0.02,25.0,development,AUR,0.3103448275862069,604,-0.0735249417222017,-0.03135995814836767,0.08480043021802558,-0.36980895106003425,-0.26514760818032185,-0.23255220364191498
MG_L10_T2_C25,10,0.02,25.0,development,QAUR,0.3103448275862069,604,-0.0735249417222017,-0.03135995814836767,0.08480043021802558,-0.36980895106003425,-0.26514760818032185,-0.23255220364191498
MG_L10_T2_C25,10,0.02,25.0,historical_holdout,AUR,0.26666666666666666,312,0.07825097224758548,0.06274134795343711,0.05542570549471694,1.1319900647799148,1.0063458612471743,-0.043787980331356
MG_L10_T2_C25,10,0.02,25.0,historical_holdout,QAUR,0.26666666666666666,312,0.11772670262206741,0.09405791810600328,0.06145218422365892,1.5305870620265316,1.3654345868048405,-0.049575744522266096
MG_L10_T2_C25,10,0.02,25.0,observed_2026,AUR,0.125,160,0.011017601345306494,0.017407602456902316,0.06391321496326922,0.2723631171879935,0.09135483383202368,-0.03562623908145801
MG_L10_T2_C25,10,0.02,25.0,observed_2026,QAUR,0.125,160,0.011017601345306494,0.017407602456902316,0.06391321496326922,0.2723631171879935,0.09135483383202368,-0.03562623908145801
MG_L10_T2_C50,10,0.02,50.0,bridge,AUR,0.0,22,0.0,0.0,0.0,,,0.0
MG_L10_T2_C50,10,0.02,50.0,bridge,QAUR,0.0,22,0.0,0.0,0.0,,,0.0
MG_L10_T2_C50,10,0.02,50.0,development,AUR,0.3103448275862069,604,-0.11431426509233322,-0.049386248811214006,0.08488005662992004,-0.5818357193909489,-0.4249109897300319,-0.24399043388005492
MG_L10_T2_C50,10,0.02,50.0,development,QAUR,0.3103448275862069,604,-0.11431426509233322,-0.049386248811214006,0.08488005662992004,-0.5818357193909489,-0.4249109897300319,-0.24399043388005492
MG_L10_T2_C50,10,0.02,50.0,historical_holdout,AUR,0.26666666666666666,312,0.056854375066456075,0.04567530474066972,0.05610933178243776,0.8140411459144503,0.7306967910540492,-0.043787980331356
MG_L10_T2_C50,10,0.02,50.0,historical_holdout,QAUR,0.26666666666666666,312,0.0955596511427681,0.0764992108014364,0.0619465713912877,1.2349224353068136,1.1288872061018598,-0.04957574452226632
MG_L10_T2_C50,10,0.02,50.0,observed_2026,AUR,0.125,160,0.005965397216920687,0.00941160079709702,0.06415928380371473,0.14669117607188908,0.051933101454093945,-0.03606048417258079
MG_L10_T2_C50,10,0.02,50.0,observed_2026,QAUR,0.125,160,0.005965397216920687,0.00941160079709702,0.06415928380371473,0.14669117607188908,0.051933101454093945,-0.03606048417258079
MG_L10_T2_C100,10,0.02,100.0,bridge,AUR,0.0,22,0.0,0.0,0.0,,,0.0
MG_L10_T2_C100,10,0.02,100.0,bridge,QAUR,0.0,22,0.0,0.0,0.0,,,0.0
MG_L10_T2_C100,10,0.02,100.0,development,AUR,0.3103448275862069,604,-0.19085915009845078,-0.08456827239555509,0.0866333020271327,-0.9761635585478335,-0.7296129854430831,-0.26644106103439535
MG_L10_T2_C100,10,0.02,100.0,development,QAUR,0.3103448275862069,604,-0.19085915009845078,-0.08456827239555509,0.0866333020271327,-0.9761635585478335,-0.7296129854430831,-0.26644106103439535
MG_L10_T2_C100,10,0.02,100.0,historical_holdout,AUR,0.26666666666666666,312,0.015172931165950754,0.01223728737300922,0.05947778998467064,0.20574549552300392,0.17237434010203997,-0.05423048918953366
MG_L10_T2_C100,10,0.02,100.0,historical_holdout,QAUR,0.26666666666666666,312,0.05237666286796028,0.04209548619550718,0.06477843044648753,0.6498380078887774,0.5728068145543759,-0.049575744522266096
MG_L10_T2_C100,10,0.02,100.0,observed_2026,AUR,0.125,160,-0.00410104633490227,-0.006451527882706087,0.06555017220577229,-0.09842121943560617,-0.03695326102940767,-0.0408867205436142
MG_L10_T2_C100,10,0.02,100.0,observed_2026,QAUR,0.125,160,-0.00410104633490227,-0.006451527882706087,0.06555017220577229,-0.09842121943560617,-0.03695326102940767,-0.0408867205436142
MG_L15_T-2_C0,15,-0.02,0.0,bridge,AUR,1.0,22,0.0016570682302721185,0.019146237094389118,0.13637363349341663,0.14039544598123063,0.39307262830926787,-0.05739971099287133
MG_L15_T-2_C0,15,-0.02,0.0,bridge,QAUR,1.0,22,-0.004261013285338566,-0.04773531502797379,0.17620952118709393,-0.27090088382505667,-0.4735245860962242,-0.050549381198343624
MG_L15_T-2_C0,15,-0.02,0.0,development,AUR,0.6896551724137931,604,0.16949150366507681,0.0675043143150642,0.10657551484814182,0.6333942126505352,0.6819162583186541,-0.24444141135557018
MG_L15_T-2_C0,15,-0.02,0.0,development,QAUR,0.6896551724137931,604,0.16949150366507681,0.0675043143150642,0.10657551484814182,0.6333942126505352,0.6819162583186541,-0.24444141135557018
MG_L15_T-2_C0,15,-0.02,0.0,historical_holdout,AUR,1.0,312,0.18527413790450242,0.1471570638480173,0.13814042888808578,1.0652715141577875,1.3671019587374638,-0.13096078514839304
MG_L15_T-2_C0,15,-0.02,0.0,historical_holdout,QAUR,1.0,312,0.24855810479343488,0.1963785346582212,0.1415559870500527,1.38728526253562,1.8176326669913965,-0.13096078514839304
MG_L15_T-2_C0,15,-0.02,0.0,observed_2026,AUR,0.875,160,0.15677464053046264,0.2578150757961668,0.14775705988791377,1.744857917393195,2.6716322329759814,-0.10778780420055822
MG_L15_T-2_C0,15,-0.02,0.0,observed_2026,QAUR,0.875,160,0.15670690629909867,0.25769907806619696,0.14776449249375742,1.7439851328091147,2.6701483835717004,-0.10778780420055745
MG_L15_T-2_C25,15,-0.02,25.0,bridge,AUR,1.0,22,0.0016570682302721185,0.019146237094389118,0.13637363349341663,0.14039544598123063,0.39307262830926787,-0.05739971099287133
MG_L15_T-2_C25,15,-0.02,25.0,bridge,QAUR,1.0,22,-0.004261013285338566,-0.04773531502797379,0.17620952118709393,-0.27090088382505667,-0.4735245860962242,-0.050549381198343624
MG_L15_T-2_C25,15,-0.02,25.0,development,AUR,0.6896551724137931,604,0.12930525073913124,0.0520439263030279,0.1064754588466562,0.488787997410563,0.5345063945518346,-0.25567453794317796
MG_L15_T-2_C25,15,-0.02,25.0,development,QAUR,0.6896551724137931,604,0.12930525073913124,0.0520439263030279,0.1064754588466562,0.488787997410563,0.5345063945518346,-0.25567453794317796
MG_L15_T-2_C25,15,-0.02,25.0,historical_holdout,AUR,1.0,312,0.182308088438091,0.14483789161914573,0.13818139897201845,1.0481721324045592,1.3470003912943556,-0.13096078514839338
MG_L15_T-2_C25,15,-0.02,25.0,historical_holdout,QAUR,1.0,312,0.24543369248907831,0.19395985289245754,0.14159838192979518,1.3697886250467417,1.797214187996585,-0.13096078514839338
MG_L15_T-2_C25,15,-0.02,25.0,observed_2026,AUR,0.875,160,0.1538827039291366,0.25286598991200737,0.1478159285960988,1.710681604571546,2.6309435307622966,-0.10778780420055822
MG_L15_T-2_C25,15,-0.02,25.0,observed_2026,QAUR,0.875,160,0.1538151390333511,0.2527504485947003,0.14782334854040252,1.7098141199637316,2.6294617228329646,-0.10778780420055745
MG_L15_T-2_C50,15,-0.02,50.0,bridge,AUR,1.0,22,0.0016570682302721185,0.019146237094389118,0.13637363349341663,0.14039544598123063,0.39307262830926787,-0.05739971099287133
MG_L15_T-2_C50,15,-0.02,50.0,bridge,QAUR,1.0,22,-0.004261013285338566,-0.04773531502797379,0.17620952118709393,-0.27090088382505667,-0.4735245860962242,-0.050549381198343624
MG_L15_T-2_C50,15,-0.02,50.0,development,AUR,0.6896551724137931,604,0.09040441219002049,0.03676957463473007,0.10671056868873072,0.34457294236698377,0.37992730630411586,-0.2667681472381922
MG_L15_T-2_C50,15,-0.02,50.0,development,QAUR,0.6896551724137931,604,0.09040441219002049,0.03676957463473007,0.10671056868873072,0.34457294236698377,0.37992730630411586,-0.2667681472381922
MG_L15_T-2_C50,15,-0.02,50.0,historical_holdout,AUR,1.0,312,0.179342038971682,0.14251760025482874,0.13825887350976848,1.030802556370889,1.3256327396319978,-0.13096078514839316
MG_L15_T-2_C50,15,-0.02,50.0,historical_holdout,QAUR,1.0,312,0.24230928018472286,0.19154000397211002,0.1416763996380617,1.3519542031095795,1.7751064492258435,-0.13096078514839316
MG_L15_T-2_C50,15,-0.02,50.0,observed_2026,AUR,0.875,160,0.15099076732781036,0.2479240310378652,0.14794132704127477,1.6758267348020734,2.5877339185880923,-0.10778780420055822
MG_L15_T-2_C50,15,-0.02,50.0,observed_2026,QAUR,0.875,160,0.15092337176760307,0.24780894547595644,0.14794873100319905,1.6749649949386733,2.5862583543140842,-0.10778780420055745
MG_L15_T-2_C100,15,-0.02,100.0,bridge,AUR,1.0,22,0.0016570682302721185,0.019146237094389118,0.13637363349341663,0.14039544598123063,0.39307262830926787,-0.05739971099287133
MG_L15_T-2_C100,15,-0.02,100.0,bridge,QAUR,1.0,22,-0.004261013285338566,-0.04773531502797379,0.17620952118709393,-0.27090088382505667,-0.4735245860962242,-0.050549381198343624
MG_L15_T-2_C100,15,-0.02,100.0,development,AUR,0.6896551724137931,604,0.016307825504670692,0.0067718705666510726,0.10817442961174131,0.0626013984169513,0.06941109871268775,-0.28854236238275244
MG_L15_T-2_C100,15,-0.02,100.0,development,QAUR,0.6896551724137931,604,0.016307825504670692,0.0067718705666510726,0.10817442961174131,0.0626013984169513,0.06941109871268775,-0.28854236238275244
MG_L15_T-2_C100,15,-0.02,100.0,historical_holdout,AUR,1.0,312,0.17340994003886312,0.13787364667439994,0.13852306208852244,0.9953118606798664,1.2793382787560479,-0.13096078514839304
MG_L15_T-2_C100,15,-0.02,100.0,historical_holdout,QAUR,1.0,312,0.23606045557600996,0.1866967906452981,0.14193904175552777,1.315330780990194,1.726073113754419,-0.13096078514839304
MG_L15_T-2_C100,15,-0.02,100.0,observed_2026,AUR,0.875,160,0.14520689412515808,0.23806152476699904,0.14839094900547778,1.6042860185374994,2.4809640172290357,-0.10778780420055822
MG_L15_T-2_C100,15,-0.02,100.0,observed_2026,QAUR,0.875,160,0.14513983723610768,0.2379473487412862,0.14839831120661787,1.6034370391856243,2.4795166387219814,-0.10778780420055745
MG_L15_T0_C0,15,0.0,0.0,bridge,AUR,1.0,22,0.0016570682302721185,0.019146237094389118,0.13637363349341663,0.14039544598123063,0.39307262830926787,-0.05739971099287133
MG_L15_T0_C0,15,0.0,0.0,bridge,QAUR,1.0,22,-0.004261013285338566,-0.04773531502797379,0.17620952118709393,-0.27090088382505667,-0.4735245860962242,-0.050549381198343624
MG_L15_T0_C0,15,0.0,0.0,development,AUR,0.41379310344827586,604,0.027839587542853206,0.011522326998823607,0.08733242978075721,0.13193640698821402,0.10800892899735483,-0.1916491372514979
MG_L15_T0_C0,15,0.0,0.0,development,QAUR,0.41379310344827586,604,0.027839587542853206,0.011522326998823607,0.08733242978075721,0.13193640698821402,0.10800892899735483,-0.1916491372514979
MG_L15_T0_C0,15,0.0,0.0,historical_holdout,AUR,0.8,312,0.2760627463805898,0.21762070436802472,0.10046470629357007,2.1661408508188993,3.064001428287695,-0.08963343757604791
MG_L15_T0_C0,15,0.0,0.0,historical_holdout,QAUR,0.8,312,0.33337130704450924,0.26160106389743065,0.10609620856788311,2.4656966297721326,3.645901433002158,-0.06571051517943871
MG_L15_T0_C0,15,0.0,0.0,observed_2026,AUR,0.5,160,0.0688411372421498,0.11055028450583615,0.10508258604087121,1.0520323934818117,0.9614130530676094,-0.07321775939687825
MG_L15_T0_C0,15,0.0,0.0,observed_2026,QAUR,0.5,160,0.0688411372421498,0.11055028450583615,0.10508258604087121,1.0520323934818117,0.9614130530676094,-0.07321775939687825
MG_L15_T0_C25,15,0.0,25.0,bridge,AUR,1.0,22,-0.0008402112485044189,-0.009582079885219863,0.13605541196478052,-0.07042777458716815,-0.19672029060250767,-0.057399710992871555
MG_L15_T0_C25,15,0.0,25.0,bridge,QAUR,1.0,22,-0.006760827613896403,-0.07476283511752091,0.17710019007632893,-0.4221499428391277,-0.7393922324903532,-0.050549381198343735
MG_L15_T0_C25,15,0.0,25.0,development,AUR,0.41379310344827586,604,-0.01731962302710932,-0.007262873254207158,0.08699267467409297,-0.08348833141889926,-0.07025007515717833,-0.199664153213699
MG_L15_T0_C25,15,0.0,25.0,development,QAUR,0.41379310344827586,604,-0.01731962302710932,-0.007262873254207158,0.08699267467409297,-0.08348833141889926,-0.07025007515717833,-0.199664153213699
MG_L15_T0_C25,15,0.0,25.0,historical_holdout,AUR,0.8,312,0.2570857654642398,0.20297408705773523,0.10041705246860853,2.021310943389691,2.896385908789837,-0.0896334375760478
MG_L15_T0_C25,15,0.0,25.0,historical_holdout,QAUR,0.8,312,0.31354206124921946,0.24642541197653878,0.10606749449012493,2.323288705565506,3.4808814898303817,-0.06571051517943849
MG_L15_T0_C25,15,0.0,25.0,observed_2026,AUR,0.5,160,0.05034538268642175,0.08043365981616835,0.104498933850519,0.7697079467932664,0.726133499769343,-0.07784495961642024
MG_L15_T0_C25,15,0.0,25.0,observed_2026,QAUR,0.5,160,0.05034538268642175,0.08043365981616835,0.104498933850519,0.7697079467932664,0.726133499769343,-0.07784495961642024
MG_L15_T0_C50,15,0.0,50.0,bridge,AUR,1.0,22,-0.003337490727280845,-0.03756945526614541,0.1362628495071103,-0.2757131191813585,-0.7823186546856592,-0.057399710992871444
MG_L15_T0_C50,15,0.0,50.0,bridge,QAUR,1.0,22,-0.009260641942453796,-0.10108847622691208,0.17838817536860616,-0.5666770009729145,-0.9878886948458407,-0.0505493811983434
MG_L15_T0_C50,15,0.0,50.0,development,AUR,0.41379310344827586,604,-0.06060034733793129,-0.025744914428602494,0.08717640299499309,-0.29531976021172995,-0.2515668922299284,-0.20761941834587017
MG_L15_T0_C50,15,0.0,50.0,development,QAUR,0.41379310344827586,604,-0.06060034733793129,-0.025744914428602494,0.08717640299499309,-0.29531976021172995,-0.2515668922299284,-0.20761941834587017
MG_L15_T0_C50,15,0.0,50.0,historical_holdout,AUR,0.8,312,0.23834454778887149,0.18846764367642677,0.10066585647514494,1.8722102038933197,2.690386851511813,-0.08963343757604836
MG_L15_T0_C50,15,0.0,50.0,historical_holdout,QAUR,0.8,312,0.29395916692972857,0.23139499705539568,0.10631944469337125,2.1764127692986586,3.2724460653388623,-0.06571051517943838
MG_L15_T0_C50,15,0.0,50.0,observed_2026,AUR,0.5,160,0.03212464306795049,0.05106150931465092,0.10454815393422821,0.4884018262701605,0.47601851783160115,-0.08246057966243903
MG_L15_T0_C50,15,0.0,50.0,observed_2026,QAUR,0.5,160,0.03212464306795049,0.05106150931465092,0.10454815393422821,0.4884018262701605,0.47601851783160115,-0.08246057966243903
MG_L15_T0_C100,15,0.0,100.0,bridge,AUR,1.0,22,-0.008332049684833698,-0.09139031736968428,0.13823924071017368,-0.6611025704437223,-1.9014856876257598,-0.05739971099287122
MG_L15_T0_C100,15,0.0,100.0,bridge,QAUR,1.0,22,-0.014260270599569247,-0.15169987200300972,0.1821197796463183,-0.8329675793459398,-1.413332577679049,-0.050549381198343735
MG_L15_T0_C100,15,0.0,100.0,development,AUR,0.41379310344827586,604,-0.14181851309593052,-0.06181607762519192,0.08909213059235208,-0.6938444194138331,-0.5953162655956583,-0.22335188614879176
MG_L15_T0_C100,15,0.0,100.0,development,QAUR,0.41379310344827586,604,-0.14181851309593052,-0.06181607762519192,0.08909213059235208,-0.6938444194138331,-0.5953162655956583,-0.22335188614879176
MG_L15_T0_C100,15,0.0,100.0,historical_holdout,AUR,0.8,312,0.2015600235465953,0.15987130252942938,0.10204158063917144,1.5667270295895281,2.1994094128536483,-0.08963343757604769
MG_L15_T0_C100,15,0.0,100.0,historical_holdout,QAUR,0.8,312,0.2555226329057927,0.20176575842204736,0.10765526107710094,1.8741839126426532,2.755160358719843,-0.06571051517943871
MG_L15_T0_C100,15,0.0,100.0,observed_2026,AUR,0.5,160,-0.003505421833904898,-0.0055154724698227575,0.10653042385290977,-0.05177368370784069,-0.05208480408802942,-0.09165707923390387
MG_L15_T0_C100,15,0.0,100.0,observed_2026,QAUR,0.5,160,-0.003505421833904898,-0.0055154724698227575,0.10653042385290977,-0.05177368370784069,-0.05208480408802942,-0.09165707923390387
MG_L15_T2_C0,15,0.02,0.0,bridge,AUR,1.0,22,0.0016570682302721185,0.019146237094389118,0.13637363349341663,0.14039544598123063,0.39307262830926787,-0.05739971099287133
MG_L15_T2_C0,15,0.02,0.0,bridge,QAUR,1.0,22,-0.004261013285338566,-0.04773531502797379,0.17620952118709393,-0.27090088382505667,-0.4735245860962242,-0.050549381198343624
MG_L15_T2_C0,15,0.02,0.0,development,AUR,0.3103448275862069,604,-0.09848172073334638,-0.042332957073923705,0.07937948241578342,-0.5332984769563883,-0.36772804932019687,-0.1916491372514979
MG_L15_T2_C0,15,0.02,0.0,development,QAUR,0.3103448275862069,604,-0.09848172073334638,-0.042332957073923705,0.07937948241578342,-0.5332984769563883,-0.36772804932019687,-0.1916491372514979
MG_L15_T2_C0,15,0.02,0.0,historical_holdout,AUR,0.3333333333333333,312,0.13274054682756264,0.1059124449596438,0.06437952951248765,1.6451261101418897,1.6881550439440716,-0.04378798033135589
MG_L15_T2_C0,15,0.02,0.0,historical_holdout,QAUR,0.3333333333333333,312,0.17419743818087463,0.13849040034403415,0.06970409096563421,1.9868331747172951,2.0342468508300326,-0.049575744522266096
MG_L15_T2_C0,15,0.02,0.0,observed_2026,AUR,0.25,160,0.05126810414252225,0.08192895458349558,0.07466081157161149,1.097348834802215,0.5547910480356135,-0.03562623908145812
MG_L15_T2_C0,15,0.02,0.0,observed_2026,QAUR,0.25,160,0.05126810414252225,0.08192895458349558,0.07466081157161149,1.097348834802215,0.5547910480356135,-0.03562623908145812
MG_L15_T2_C25,15,0.02,25.0,bridge,AUR,1.0,22,-0.0008402112485044189,-0.009582079885219863,0.13605541196478052,-0.07042777458716815,-0.19672029060250767,-0.057399710992871555
MG_L15_T2_C25,15,0.02,25.0,bridge,QAUR,1.0,22,-0.006760827613896403,-0.07476283511752091,0.17710019007632893,-0.4221499428391277,-0.7393922324903532,-0.050549381198343735
MG_L15_T2_C25,15,0.02,25.0,development,AUR,0.3103448275862069,604,-0.13376386468324275,-0.058152245947454384,0.0789186046615283,-0.7368635849158999,-0.5217870118083183,-0.199664153213699
MG_L15_T2_C25,15,0.02,25.0,development,QAUR,0.3103448275862069,604,-0.13376386468324275,-0.058152245947454384,0.0789186046615283,-0.7368635849158999,-0.5217870118083183,-0.199664153213699
MG_L15_T2_C25,15,0.02,25.0,historical_holdout,AUR,0.3333333333333333,312,0.11036008240938155,0.08823025050464084,0.06389885963315026,1.3807797355254778,1.4648434623005424,-0.04378798033135589
MG_L15_T2_C25,15,0.02,25.0,historical_holdout,QAUR,0.3333333333333333,312,0.15100051996980768,0.12028940202237748,0.06926011546222176,1.7367773821859982,1.8404058647861452,-0.049575744522266096
MG_L15_T2_C25,15,0.02,25.0,observed_2026,AUR,0.25,160,0.038209437520739575,0.06083742208975762,0.07472738613530135,0.8141248508225007,0.4422762257410623,-0.03562623908145812
MG_L15_T2_C25,15,0.02,25.0,observed_2026,QAUR,0.25,160,0.038209437520739575,0.06083742208975762,0.07472738613530135,0.8141248508225007,0.4422762257410623,-0.03562623908145812
MG_L15_T2_C50,15,0.02,50.0,bridge,AUR,1.0,22,-0.003337490727280845,-0.03756945526614541,0.1362628495071103,-0.2757131191813585,-0.7823186546856592,-0.057399710992871444
MG_L15_T2_C50,15,0.02,50.0,bridge,QAUR,1.0,22,-0.009260641942453796,-0.10108847622691208,0.17838817536860616,-0.5666770009729145,-0.9878886948458407,-0.0505493811983434
MG_L15_T2_C50,15,0.02,50.0,development,AUR,0.3103448275862069,604,-0.16774831417473257,-0.0737488178766319,0.07897188163715162,-0.9338617283488586,-0.6697513369769595,-0.20761941834587017
MG_L15_T2_C50,15,0.02,50.0,development,QAUR,0.3103448275862069,604,-0.16774831417473257,-0.0737488178766319,0.07897188163715162,-0.9338617283488586,-0.6697513369769595,-0.20761941834587017
MG_L15_T2_C50,15,0.02,50.0,historical_holdout,AUR,0.3333333333333333,312,0.08836749008203837,0.07078761047157278,0.0640340220382211,1.1054687526783895,1.18577328803601,-0.043787980331356
MG_L15_T2_C50,15,0.02,50.0,historical_holdout,QAUR,0.3333333333333333,312,0.12820557761742069,0.10233495843401674,0.0693845671899865,1.474895103889696,1.5894262767083476,-0.04957574452226632
MG_L15_T2_C50,15,0.02,50.0,observed_2026,AUR,0.25,160,0.025280864378541157,0.04010573661366412,0.0754326771207468,0.5316759015388776,0.30772291078174946,-0.03606048417258079
MG_L15_T2_C50,15,0.02,50.0,observed_2026,QAUR,0.25,160,0.025280864378541157,0.04010573661366412,0.0754326771207468,0.5316759015388776,0.30772291078174946,-0.03606048417258079
MG_L15_T2_C100,15,0.02,100.0,bridge,AUR,1.0,22,-0.008332049684833698,-0.09139031736968428,0.13823924071017368,-0.6611025704437223,-1.9014856876257598,-0.05739971099287122
MG_L15_T2_C100,15,0.02,100.0,bridge,QAUR,1.0,22,-0.014260270599569247,-0.15169987200300972,0.1821197796463183,-0.8329675793459398,-1.413332577679049,-0.050549381198343735
MG_L15_T2_C100,15,0.02,100.0,development,AUR,0.3103448275862069,604,-0.2320013295179142,-0.10428414526399266,0.08060698436169134,-1.2937358479515821,-0.9409544251452217,-0.24828753175894602
MG_L15_T2_C100,15,0.02,100.0,development,QAUR,0.3103448275862069,604,-0.2320013295179142,-0.10428414526399266,0.08060698436169134,-1.2937358479515821,-0.9409544251452217,-0.24828753175894602
MG_L15_T2_C100,15,0.02,100.0,historical_holdout,AUR,0.3333333333333333,312,0.04552288906019797,0.036610385509908694,0.06611953744363176,0.5536999641160494,0.5485738833932032,-0.046398991977287696
MG_L15_T2_C100,15,0.02,100.0,historical_holdout,QAUR,0.3333333333333333,312,0.08379775307940296,0.06715481856136285,0.0713132605211991,0.941687675904258,0.9547013172761685,-0.049575744522265985
MG_L15_T2_C100,15,0.02,100.0,observed_2026,AUR,0.25,160,-0.0001898943709230938,-0.00029906730540374404,0.07867518738647301,-0.0038012913008347543,-0.002342435174714853,-0.040886720543614086
MG_L15_T2_C100,15,0.02,100.0,observed_2026,QAUR,0.25,160,-0.0001898943709230938,-0.00029906730540374404,0.07867518738647301,-0.0038012913008347543,-0.002342435174714853,-0.040886720543614086
MG_L20_T-2_C0,20,-0.02,0.0,bridge,AUR,1.0,22,0.0016570682302721185,0.019146237094389118,0.13637363349341663,0.14039544598123063,0.39307262830926787,-0.05739971099287133
MG_L20_T-2_C0,20,-0.02,0.0,bridge,QAUR,1.0,22,-0.004261013285338566,-0.04773531502797379,0.17620952118709393,-0.27090088382505667,-0.4735245860962242,-0.050549381198343624
MG_L20_T-2_C0,20,-0.02,0.0,development,AUR,0.6206896551724138,604,0.2784270107736744,0.10791688036442704,0.09444617115661924,1.142628431018865,1.1418361149107963,-0.15534388497043927
MG_L20_T-2_C0,20,-0.02,0.0,development,QAUR,0.6206896551724138,604,0.2784270107736744,0.10791688036442704,0.09444617115661924,1.142628431018865,1.1418361149107963,-0.15534388497043927
MG_L20_T-2_C0,20,-0.02,0.0,historical_holdout,AUR,0.9333333333333333,312,0.1596244284353805,0.12706414349929318,0.13525306778469334,0.9394547981829444,1.1466188173589134,-0.13096078514839304
MG_L20_T-2_C0,20,-0.02,0.0,historical_holdout,QAUR,0.9333333333333333,312,0.22153891014544813,0.17542348032313848,0.1387617664297574,1.2642061630999746,1.5765015609267925,-0.13096078514839304
MG_L20_T-2_C0,20,-0.02,0.0,observed_2026,AUR,0.75,160,0.06066657208319315,0.0972023748206956,0.12821598807348167,0.7581143060332546,0.992104415998783,-0.10778780420055789
MG_L20_T-2_C0,20,-0.02,0.0,observed_2026,QAUR,0.75,160,0.0606044654009783,0.09710118905241694,0.12822415758425765,0.7572768726408716,0.9909575996153164,-0.10778780420055756
MG_L20_T-2_C25,20,-0.02,25.0,bridge,AUR,1.0,22,0.0016570682302721185,0.019146237094389118,0.13637363349341663,0.14039544598123063,0.39307262830926787,-0.05739971099287133
MG_L20_T-2_C25,20,-0.02,25.0,bridge,QAUR,1.0,22,-0.004261013285338566,-0.04773531502797379,0.17620952118709393,-0.27090088382505667,-0.4735245860962242,-0.050549381198343624
MG_L20_T-2_C25,20,-0.02,25.0,development,AUR,0.6206896551724138,604,0.24688425775058076,0.09642882179360979,0.09441259994427043,1.021355431907706,1.036212321132146,-0.16374728273794914
MG_L20_T-2_C25,20,-0.02,25.0,development,QAUR,0.6206896551724138,604,0.24688425775058076,0.09642882179360979,0.09441259994427043,1.021355431907706,1.036212321132146,-0.16374728273794914
MG_L20_T-2_C25,20,-0.02,25.0,historical_holdout,AUR,0.9333333333333333,312,0.15093941358373164,0.1202413635187225,0.13538111265320163,0.888169414198406,1.090235278376591,-0.13096078514839338
MG_L20_T-2_C25,20,-0.02,25.0,historical_holdout,QAUR,0.9333333333333333,312,0.21240160031249622,0.16831683667176978,0.1388392122746491,1.212314834650665,1.522664936800178,-0.13096078514839338
MG_L20_T-2_C25,20,-0.02,25.0,observed_2026,AUR,0.75,160,0.052738738673794305,0.08431371728879067,0.12828114131093157,0.6572573055335439,0.8685290458047359,-0.10778780420055722
MG_L20_T-2_C25,20,-0.02,25.0,observed_2026,QAUR,0.75,160,0.05267709620101435,0.08421372013324557,0.12828927313625285,0.6564361779788421,0.8673973017998564,-0.10778780420055734
MG_L20_T-2_C50,20,-0.02,50.0,bridge,AUR,1.0,22,0.0016570682302721185,0.019146237094389118,0.13637363349341663,0.14039544598123063,0.39307262830926787,-0.05739971099287133
MG_L20_T-2_C50,20,-0.02,50.0,bridge,QAUR,1.0,22,-0.004261013285338566,-0.04773531502797379,0.17620952118709393,-0.27090088382505667,-0.4735245860962242,-0.050549381198343624
MG_L20_T-2_C50,20,-0.02,50.0,development,AUR,0.6206896551724138,604,0.2160436720611798,0.08503155816390429,0.0946507936332543,0.8983713173433929,0.9186448539096528,-0.17208782065413353
MG_L20_T-2_C50,20,-0.02,50.0,development,QAUR,0.6206896551724138,604,0.2160436720611798,0.08503155816390429,0.0946507936332543,0.8983713173433929,0.9186448539096528,-0.17208782065413353
MG_L20_T-2_C50,20,-0.02,50.0,historical_holdout,AUR,0.9333333333333333,312,0.14229787165038088,0.11344290121744116,0.13562003045900786,0.8364760045657865,1.0290001526667638,-0.13096078514839316
MG_L20_T-2_C50,20,-0.02,50.0,historical_holdout,QAUR,0.9333333333333333,312,0.20330997015955554,0.16123549074002064,0.1390248883754953,1.1597599007203392,1.4612363580324885,-0.13096078514839316
MG_L20_T-2_C50,20,-0.02,50.0,observed_2026,AUR,0.75,160,0.04485050778261068,0.07154471596282064,0.12857325697781358,0.5564509886777333,0.7450922308575945,-0.10778780420055711
MG_L20_T-2_C50,20,-0.02,50.0,observed_2026,QAUR,0.75,160,0.04478932720036477,0.07144589638512211,0.12858133686867365,0.5556474845030835,0.7439756877482455,-0.10778780420055745
MG_L20_T-2_C100,20,-0.02,100.0,bridge,AUR,1.0,22,0.0016570682302721185,0.019146237094389118,0.13637363349341663,0.14039544598123063,0.39307262830926787,-0.05739971099287133
MG_L20_T-2_C100,20,-0.02,100.0,bridge,QAUR,1.0,22,-0.004261013285338566,-0.04773531502797379,0.17620952118709393,-0.27090088382505667,-0.4735245860962242,-0.050549381198343624
MG_L20_T-2_C100,20,-0.02,100.0,development,AUR,0.6206896551724138,604,0.15641353074759845,0.06250744675616327,0.09593206932496967,0.651580302562008,0.6705998300611824,-0.1885815731742827
MG_L20_T-2_C100,20,-0.02,100.0,development,QAUR,0.6206896551724138,604,0.15641353074759845,0.06250744675616327,0.09593206932496967,0.651580302562008,0.6705998300611824,-0.1885815731742827
MG_L20_T-2_C100,20,-0.02,100.0,historical_holdout,AUR,0.9333333333333333,312,0.12514477023775195,0.09991882628594384,0.1364278846129883,0.7323929896691465,0.8996777132454682,-0.13096078514839304
MG_L20_T-2_C100,20,-0.02,100.0,historical_holdout,QAUR,0.9333333333333333,312,0.1852632910203369,0.1471485846377203,0.13971895388483468,1.0531755395120521,1.3274227670968364,-0.13096078514839304
MG_L20_T-2_C100,20,-0.02,100.0,observed_2026,AUR,0.75,160,0.029192456904665542,0.04636242672285218,0.12983105762487407,0.3570981209812597,0.48371771644717987,-0.10778780420055722
MG_L20_T-2_C100,20,-0.02,100.0,observed_2026,QAUR,0.75,160,0.029132193170007037,0.04626592949637942,0.1298389929703898,0.3563330894512599,0.4826573738120728,-0.10778780420055811
MG_L20_T0_C0,20,0.0,0.0,bridge,AUR,1.0,22,0.0016570682302721185,0.019146237094389118,0.13637363349341663,0.14039544598123063,0.39307262830926787,-0.05739971099287133
MG_L20_T0_C0,20,0.0,0.0,bridge,QAUR,1.0,22,-0.004261013285338566,-0.04773531502797379,0.17620952118709393,-0.27090088382505667,-0.4735245860962242,-0.050549381198343624
MG_L20_T0_C0,20,0.0,0.0,development,AUR,0.5172413793103449,604,0.1814361655415897,0.07203978667411759,0.0876570613796605,0.8218366614196507,0.7186736852267455,-0.15534388497043927
MG_L20_T0_C0,20,0.0,0.0,development,QAUR,0.5172413793103449,604,0.1814361655415897,0.07203978667411759,0.0876570613796605,0.8218366614196507,0.7186736852267455,-0.15534388497043927
MG_L20_T0_C0,20,0.0,0.0,historical_holdout,AUR,0.7333333333333333,312,0.24844834253735915,0.19629358483152726,0.09649719931923917,2.034189450225745,2.6860584304282025,-0.08963343757604758
MG_L20_T0_C0,20,0.0,0.0,historical_holdout,QAUR,0.7333333333333333,312,0.3045167277143481,0.23950361056028746,0.10237260255148421,2.3395283952055306,3.2421147076007095,-0.06571051517943827
MG_L20_T0_C0,20,0.0,0.0,observed_2026,AUR,0.5,160,0.0688411372421498,0.11055028450583615,0.10508258604087121,1.0520323934818117,0.9614130530676094,-0.07321775939687825
MG_L20_T0_C0,20,0.0,0.0,observed_2026,QAUR,0.5,160,0.0688411372421498,0.11055028450583615,0.10508258604087121,1.0520323934818117,0.9614130530676094,-0.07321775939687825
MG_L20_T0_C25,20,0.0,25.0,bridge,AUR,1.0,22,-0.0008402112485044189,-0.009582079885219863,0.13605541196478052,-0.07042777458716815,-0.19672029060250767,-0.057399710992871555
MG_L20_T0_C25,20,0.0,25.0,bridge,QAUR,1.0,22,-0.006760827613896403,-0.07476283511752091,0.17710019007632893,-0.4221499428391277,-0.7393922324903532,-0.050549381198343735
MG_L20_T0_C25,20,0.0,25.0,development,AUR,0.5172413793103449,604,0.14088419549059594,0.05653099409077256,0.08734521702562031,0.6472133909082938,0.5781729400676098,-0.16374728273794914
MG_L20_T0_C25,20,0.0,25.0,development,QAUR,0.5172413793103449,604,0.14088419549059594,0.05653099409077256,0.08734521702562031,0.6472133909082938,0.5781729400676098,-0.16374728273794914
MG_L20_T0_C25,20,0.0,25.0,historical_holdout,AUR,0.7333333333333333,312,0.22981990037909772,0.18185528508764714,0.09686766407485889,1.8773580102758565,2.527766498873296,-0.0896334375760478
MG_L20_T0_C25,20,0.0,25.0,historical_holdout,QAUR,0.7333333333333333,312,0.2850637717173996,0.22455311197795091,0.10266479894586815,2.187245426705122,3.0904915781493765,-0.06571051517943827
MG_L20_T0_C25,20,0.0,25.0,observed_2026,AUR,0.5,160,0.05034538268642175,0.08043365981616835,0.104498933850519,0.7697079467932664,0.726133499769343,-0.07784495961642024
MG_L20_T0_C25,20,0.0,25.0,observed_2026,QAUR,0.5,160,0.05034538268642175,0.08043365981616835,0.104498933850519,0.7697079467932664,0.726133499769343,-0.07784495961642024
MG_L20_T0_C50,20,0.0,50.0,bridge,AUR,1.0,22,-0.003337490727280845,-0.03756945526614541,0.1362628495071103,-0.2757131191813585,-0.7823186546856592,-0.057399710992871444
MG_L20_T0_C50,20,0.0,50.0,bridge,QAUR,1.0,22,-0.009260641942453796,-0.10108847622691208,0.17838817536860616,-0.5666770009729145,-0.9878886948458407,-0.0505493811983434
MG_L20_T0_C50,20,0.0,50.0,development,AUR,0.5172413793103449,604,0.10162790303008307,0.041208611226224656,0.08744170987918018,0.4712695038004558,0.42535553569947104,-0.17208782065413353
MG_L20_T0_C50,20,0.0,50.0,development,QAUR,0.5172413793103449,604,0.10162790303008307,0.041208611226224656,0.08744170987918018,0.4712695038004558,0.42535553569947104,-0.17208782065413353
MG_L20_T0_C50,20,0.0,50.0,historical_holdout,AUR,0.7333333333333333,312,0.21142366992301143,0.1675556315250828,0.09754272001407212,1.7177666513801355,2.3263240381546,-0.08963343757604769
MG_L20_T0_C50,20,0.0,50.0,historical_holdout,QAUR,0.7333333333333333,312,0.2658531542466136,0.20974608846006437,0.1032452185313592,2.031533192952244,2.897573769091336,-0.06571051517943871
MG_L20_T0_C50,20,0.0,50.0,observed_2026,AUR,0.5,160,0.03212464306795049,0.05106150931465092,0.10454815393422821,0.4884018262701605,0.47601851783160115,-0.08246057966243903
MG_L20_T0_C50,20,0.0,50.0,observed_2026,QAUR,0.5,160,0.03212464306795049,0.05106150931465092,0.10454815393422821,0.4884018262701605,0.47601851783160115,-0.08246057966243903
MG_L20_T0_C100,20,0.0,100.0,bridge,AUR,1.0,22,-0.008332049684833698,-0.09139031736968428,0.13823924071017368,-0.6611025704437223,-1.9014856876257598,-0.05739971099287122
MG_L20_T0_C100,20,0.0,100.0,bridge,QAUR,1.0,22,-0.014260270599569247,-0.15169987200300972,0.1821197796463183,-0.8329675793459398,-1.413332577679049,-0.050549381198343735
MG_L20_T0_C100,20,0.0,100.0,development,AUR,0.5172413793103449,604,0.026850159343944524,0.011115958641525037,0.08884875626985052,0.1251110213379213,0.11372948744256911,-0.1885815731742827
MG_L20_T0_C100,20,0.0,100.0,development,QAUR,0.5172413793103449,604,0.026850159343944524,0.011115958641525037,0.08884875626985052,0.1251110213379213,0.11372948744256911,-0.1885815731742827
MG_L20_T0_C100,20,0.0,100.0,historical_holdout,AUR,0.7333333333333333,312,0.17531857559906272,0.1393683167804387,0.09977909124298148,1.3967687522935017,1.8447345073017019,-0.08963343757604791
MG_L20_T0_C100,20,0.0,100.0,historical_holdout,QAUR,0.7333333333333333,312,0.22814926819387327,0.18055838556604176,0.1052492879608074,1.7155307087044414,2.4006509578217634,-0.06571051517943838
MG_L20_T0_C100,20,0.0,100.0,observed_2026,AUR,0.5,160,-0.003505421833904898,-0.0055154724698227575,0.10653042385290977,-0.05177368370784069,-0.05208480408802942,-0.09165707923390387
MG_L20_T0_C100,20,0.0,100.0,observed_2026,QAUR,0.5,160,-0.003505421833904898,-0.0055154724698227575,0.10653042385290977,-0.05177368370784069,-0.05208480408802942,-0.09165707923390387
MG_L20_T2_C0,20,0.02,0.0,bridge,AUR,0.0,22,0.0,0.0,0.0,,,0.0
MG_L20_T2_C0,20,0.02,0.0,bridge,QAUR,0.0,22,0.0,0.0,0.0,,,0.0
MG_L20_T2_C0,20,0.02,0.0,development,AUR,0.3793103448275862,604,0.1805716843614884,0.07171243662350357,0.08366429587547232,0.8571450446465462,0.638856005627676,-0.15534388497043927
MG_L20_T2_C0,20,0.02,0.0,development,QAUR,0.3793103448275862,604,0.1805716843614884,0.07171243662350357,0.08366429587547232,0.8571450446465462,0.638856005627676,-0.15534388497043927
MG_L20_T2_C0,20,0.02,0.0,historical_holdout,AUR,0.3333333333333333,312,0.08522278347677692,0.0682879867572479,0.06917945815544081,0.9871136400607555,0.9786540302605857,-0.044996244595239654
MG_L20_T2_C0,20,0.02,0.0,historical_holdout,QAUR,0.3333333333333333,312,0.12965902725613176,0.10348183716735293,0.07685759130992381,1.346410099557614,1.3401427013076161,-0.04957574452226621
MG_L20_T2_C0,20,0.02,0.0,observed_2026,AUR,0.0,160,0.0,0.0,0.0,,,0.0
MG_L20_T2_C0,20,0.02,0.0,observed_2026,QAUR,0.0,160,0.0,0.0,0.0,,,0.0
MG_L20_T2_C25,20,0.02,25.0,bridge,AUR,0.0,22,0.0,0.0,0.0,,,0.0
MG_L20_T2_C25,20,0.02,25.0,bridge,QAUR,0.0,22,0.0,0.0,0.0,,,0.0
MG_L20_T2_C25,20,0.02,25.0,development,AUR,0.3793103448275862,604,0.1343328145986944,0.05399548353917982,0.08347653568552467,0.6468342642127992,0.4978290667618016,-0.16374728273794914
MG_L20_T2_C25,20,0.02,25.0,development,QAUR,0.3793103448275862,604,0.1343328145986944,0.05399548353917982,0.08347653568552467,0.6468342642127992,0.4978290667618016,-0.16374728273794914
MG_L20_T2_C25,20,0.02,25.0,historical_holdout,AUR,0.3333333333333333,312,0.06372636296949263,0.05116362087768045,0.06931298466057034,0.7381534805957589,0.7631088167774318,-0.044996244595239654
MG_L20_T2_C25,20,0.02,25.0,historical_holdout,QAUR,0.3333333333333333,312,0.10729536755385127,0.08580359378193081,0.07688173122340343,1.1160465876165324,1.1540495473969736,-0.04957574452226621
MG_L20_T2_C25,20,0.02,25.0,observed_2026,AUR,0.0,160,0.0,0.0,0.0,,,0.0
MG_L20_T2_C25,20,0.02,25.0,observed_2026,QAUR,0.0,160,0.0,0.0,0.0,,,0.0
MG_L20_T2_C50,20,0.02,50.0,bridge,AUR,0.0,22,0.0,0.0,0.0,,,0.0
MG_L20_T2_C50,20,0.02,50.0,bridge,QAUR,0.0,22,0.0,0.0,0.0,,,0.0
MG_L20_T2_C50,20,0.02,50.0,development,AUR,0.3793103448275862,604,0.08979594728281914,0.036528159544474414,0.08377539979158284,0.43602489078356516,0.34061404031774517,-0.17208782065413353
MG_L20_T2_C50,20,0.02,50.0,development,QAUR,0.3793103448275862,604,0.08979594728281914,0.036528159544474414,0.08377539979158284,0.43602489078356516,0.34061404031774517,-0.17208782065413353
MG_L20_T2_C50,20,0.02,50.0,historical_holdout,AUR,0.3333333333333333,312,0.0426034493854639,0.03427184885310486,0.07001238124959835,0.48951125845760984,0.515306403605482,-0.04686013786001575
MG_L20_T2_C50,20,0.02,50.0,historical_holdout,QAUR,0.3333333333333333,312,0.08532005750411065,0.06836532753630675,0.07741746006979688,0.8830737597781038,0.937587795244374,-0.049575744522266096
MG_L20_T2_C50,20,0.02,50.0,observed_2026,AUR,0.0,160,0.0,0.0,0.0,,,0.0
MG_L20_T2_C50,20,0.02,50.0,observed_2026,QAUR,0.0,160,0.0,0.0,0.0,,,0.0
MG_L20_T2_C100,20,0.02,100.0,bridge,AUR,0.0,22,0.0,0.0,0.0,,,0.0
MG_L20_T2_C100,20,0.02,100.0,bridge,QAUR,0.0,22,0.0,0.0,0.0,,,0.0
MG_L20_T2_C100,20,0.02,100.0,development,AUR,0.3793103448275862,604,0.00559563342035263,0.0023308066153131524,0.08580438679927471,0.027164189411034333,0.021485925017869088,-0.1885815731742827
MG_L20_T2_C100,20,0.02,100.0,development,QAUR,0.3793103448275862,604,0.00559563342035263,0.0023308066153131524,0.08580438679927471,0.027164189411034333,0.021485925017869088,-0.1885815731742827
MG_L20_T2_C100,20,0.02,100.0,historical_holdout,AUR,0.3333333333333333,312,0.0014559064116548281,0.0011757598857555784,0.07303064234295184,0.01609954189139144,0.016024544490625875,-0.059478920525827705
MG_L20_T2_C100,20,0.02,100.0,historical_holdout,QAUR,0.3333333333333333,312,0.04251137956329143,0.034198078394128695,0.07997275786528954,0.4276215964908175,0.4415481423075302,-0.05298347239036372
MG_L20_T2_C100,20,0.02,100.0,observed_2026,AUR,0.0,160,0.0,0.0,0.0,,,0.0
MG_L20_T2_C100,20,0.02,100.0,observed_2026,QAUR,0.0,160,0.0,0.0,0.0,,,0.0
MG_L30_T-2_C0,30,-0.02,0.0,bridge,AUR,1.0,22,0.0016570682302721185,0.019146237094389118,0.13637363349341663,0.14039544598123063,0.39307262830926787,-0.05739971099287133
MG_L30_T-2_C0,30,-0.02,0.0,bridge,QAUR,1.0,22,-0.004261013285338566,-0.04773531502797379,0.17620952118709393,-0.27090088382505667,-0.4735245860962242,-0.050549381198343624
MG_L30_T-2_C0,30,-0.02,0.0,development,AUR,0.6551724137931034,604,0.3246429152993766,0.12445451403468089,0.09693934591216846,1.283839011534516,1.3186501465261544,-0.1522509558934403
MG_L30_T-2_C0,30,-0.02,0.0,development,QAUR,0.6551724137931034,604,0.3246429152993766,0.12445451403468089,0.09693934591216846,1.283839011534516,1.3186501465261544,-0.1522509558934403
MG_L30_T-2_C0,30,-0.02,0.0,historical_holdout,AUR,0.8,312,0.15582545950116744,0.12408096027786364,0.1318316586262379,0.9412076095443156,1.0525730920114984,-0.13096078514839327
MG_L30_T-2_C0,30,-0.02,0.0,historical_holdout,QAUR,0.8,312,0.2077341087040412,0.16468267195690411,0.13625259084142827,1.2086571781123998,1.3917190860973756,-0.13096078514839327
MG_L30_T-2_C0,30,-0.02,0.0,observed_2026,AUR,0.75,160,0.06066657208319315,0.0972023748206956,0.12821598807348167,0.7581143060332546,0.992104415998783,-0.10778780420055789
MG_L30_T-2_C0,30,-0.02,0.0,observed_2026,QAUR,0.75,160,0.0606044654009783,0.09710118905241694,0.12822415758425765,0.7572768726408716,0.9909575996153164,-0.10778780420055756
MG_L30_T-2_C25,30,-0.02,25.0,bridge,AUR,1.0,22,-0.0008402112485044189,-0.009582079885219863,0.13605541196478052,-0.07042777458716815,-0.19672029060250767,-0.057399710992871555
MG_L30_T-2_C25,30,-0.02,25.0,bridge,QAUR,1.0,22,-0.006760827613896403,-0.07476283511752091,0.17710019007632893,-0.4221499428391277,-0.7393922324903532,-0.050549381198343735
MG_L30_T-2_C25,30,-0.02,25.0,development,AUR,0.6551724137931034,604,0.2919800739895875,0.11280223518393195,0.09684523473278135,1.1647680497154012,1.2109392390431652,-0.15767689819290243
MG_L30_T-2_C25,30,-0.02,25.0,development,QAUR,0.6551724137931034,604,0.2919800739895875,0.11280223518393195,0.09684523473278135,1.1647680497154012,1.2109392390431652,-0.15767689819290243
MG_L30_T-2_C25,30,-0.02,25.0,historical_holdout,AUR,0.8,312,0.1443004895215454,0.11501927590377314,0.13199145653910055,0.8714145515145547,0.9845646337478852,-0.13096078514839293
MG_L30_T-2_C25,30,-0.02,25.0,historical_holdout,QAUR,0.8,312,0.1957028037921107,0.15530246507473722,0.13635997573960013,1.1389153175805093,1.3270107975106833,-0.13096078514839293
MG_L30_T-2_C25,30,-0.02,25.0,observed_2026,AUR,0.75,160,0.052738738673794305,0.08431371728879067,0.12828114131093157,0.6572573055335439,0.8685290458047359,-0.10778780420055722
MG_L30_T-2_C25,30,-0.02,25.0,observed_2026,QAUR,0.75,160,0.05267709620101435,0.08421372013324557,0.12828927313625285,0.6564361779788421,0.8673973017998564,-0.10778780420055734
MG_L30_T-2_C50,30,-0.02,50.0,bridge,AUR,1.0,22,-0.003337490727280845,-0.03756945526614541,0.1362628495071103,-0.2757131191813585,-0.7823186546856592,-0.057399710992871444
MG_L30_T-2_C50,30,-0.02,50.0,bridge,QAUR,1.0,22,-0.009260641942453796,-0.10108847622691208,0.17838817536860616,-0.5666770009729145,-0.9878886948458407,-0.0505493811983434
MG_L30_T-2_C50,30,-0.02,50.0,development,AUR,0.6551724137931034,604,0.260043883365207,0.10124199162417469,0.09701616422067297,1.043557972400245,1.091512525963973,-0.16516749331579017
MG_L30_T-2_C50,30,-0.02,50.0,development,QAUR,0.6551724137931034,604,0.260043883365207,0.10124199162417469,0.09701616422067297,1.043557972400245,1.091512525963973,-0.16516749331579017
MG_L30_T-2_C50,30,-0.02,50.0,historical_holdout,AUR,0.8,312,0.13286192348620007,0.10600815708248512,0.132302297922825,0.8012571115304599,0.9085854611958216,-0.13096078514839316
MG_L30_T-2_C50,30,-0.02,50.0,historical_holdout,QAUR,0.8,312,0.18376161435084715,0.1459745520543243,0.13661373470330618,1.0685203238996992,1.2509039135319273,-0.13096078514839316
MG_L30_T-2_C50,30,-0.02,50.0,observed_2026,AUR,0.75,160,0.04485050778261068,0.07154471596282064,0.12857325697781358,0.5564509886777333,0.7450922308575945,-0.10778780420055711
MG_L30_T-2_C50,30,-0.02,50.0,observed_2026,QAUR,0.75,160,0.04478932720036477,0.07144589638512211,0.12858133686867365,0.5556474845030835,0.7439756877482455,-0.10778780420055745
MG_L30_T-2_C100,30,-0.02,100.0,bridge,AUR,1.0,22,-0.008332049684833698,-0.09139031736968428,0.13823924071017368,-0.6611025704437223,-1.9014856876257598,-0.05739971099287122
MG_L30_T-2_C100,30,-0.02,100.0,bridge,QAUR,1.0,22,-0.014260270599569247,-0.15169987200300972,0.1821197796463183,-0.8329675793459398,-1.413332577679049,-0.050549381198343735
MG_L30_T-2_C100,30,-0.02,100.0,development,AUR,0.6551724137931034,604,0.19829408356013256,0.07839561575883502,0.0981454591645102,0.7987696672489887,0.842357159806105,-0.18177320417478782
MG_L30_T-2_C100,30,-0.02,100.0,development,QAUR,0.6551724137931034,604,0.19829408356013256,0.07839561575883502,0.0981454591645102,0.7987696672489887,0.842357159806105,-0.18177320417478782
MG_L30_T-2_C100,30,-0.02,100.0,historical_holdout,AUR,0.8,312,0.11024227259150243,0.08813699192086633,0.13337237370568275,0.6608339453818312,0.7489046386140528,-0.13096078514839316
MG_L30_T-2_C100,30,-0.02,100.0,historical_holdout,QAUR,0.8,312,0.16014777857667584,0.12747496269403125,0.13755666730799465,0.9267087171326266,1.086418147802226,-0.13096078514839316
MG_L30_T-2_C100,30,-0.02,100.0,observed_2026,AUR,0.75,160,0.029192456904665542,0.04636242672285218,0.12983105762487407,0.3570981209812597,0.48371771644717987,-0.10778780420055722
MG_L30_T-2_C100,30,-0.02,100.0,observed_2026,QAUR,0.75,160,0.029132193170007037,0.04626592949637942,0.1298389929703898,0.3563330894512599,0.4826573738120728,-0.10778780420055811
MG_L30_T0_C0,30,0.0,0.0,bridge,AUR,1.0,22,0.0016570682302721185,0.019146237094389118,0.13637363349341663,0.14039544598123063,0.39307262830926787,-0.05739971099287133
MG_L30_T0_C0,30,0.0,0.0,bridge,QAUR,1.0,22,-0.004261013285338566,-0.04773531502797379,0.17620952118709393,-0.27090088382505667,-0.4735245860962242,-0.050549381198343624
MG_L30_T0_C0,30,0.0,0.0,development,AUR,0.5862068965517241,604,0.27385420022431806,0.1062617533496315,0.09438750815294507,1.1258031431176831,1.0893751727670542,-0.1522509558934403
MG_L30_T0_C0,30,0.0,0.0,development,QAUR,0.5862068965517241,604,0.27385420022431806,0.1062617533496315,0.09438750815294507,1.1258031431176831,1.0893751727670542,-0.1522509558934403
MG_L30_T0_C0,30,0.0,0.0,historical_holdout,AUR,0.8,312,0.15582545950116744,0.12408096027786364,0.1318316586262379,0.9412076095443156,1.0525730920114984,-0.13096078514839327
MG_L30_T0_C0,30,0.0,0.0,historical_holdout,QAUR,0.8,312,0.2077341087040412,0.16468267195690411,0.13625259084142827,1.2086571781123998,1.3917190860973756,-0.13096078514839327
MG_L30_T0_C0,30,0.0,0.0,observed_2026,AUR,0.625,160,0.10176362398554573,0.1649016931914835,0.1229078990453912,1.3416687981183661,1.5878112934957076,-0.07321775939687791
MG_L30_T0_C0,30,0.0,0.0,observed_2026,QAUR,0.625,160,0.10169911089059913,0.16479426408314324,0.12291659688332901,1.3406998587795593,1.5865811876754305,-0.0732177593968778
MG_L30_T0_C25,30,0.0,25.0,bridge,AUR,1.0,22,-0.0008402112485044189,-0.009582079885219863,0.13605541196478052,-0.07042777458716815,-0.19672029060250767,-0.057399710992871555
MG_L30_T0_C25,30,0.0,25.0,bridge,QAUR,1.0,22,-0.006760827613896403,-0.07476283511752091,0.17710019007632893,-0.4221499428391277,-0.7393922324903532,-0.050549381198343735
MG_L30_T0_C25,30,0.0,25.0,development,AUR,0.5862068965517241,604,0.23625290605827032,0.09251871227757857,0.09427059854679225,0.9814164087613796,0.9657108623082789,-0.15767689819290243
MG_L30_T0_C25,30,0.0,25.0,development,QAUR,0.5862068965517241,604,0.23625290605827032,0.09251871227757857,0.09427059854679225,0.9814164087613796,0.9657108623082789,-0.15767689819290243
MG_L30_T0_C25,30,0.0,25.0,historical_holdout,AUR,0.8,312,0.1443004895215454,0.11501927590377314,0.13199145653910055,0.8714145515145547,0.9845646337478852,-0.13096078514839293
MG_L30_T0_C25,30,0.0,25.0,historical_holdout,QAUR,0.8,312,0.1957028037921107,0.15530246507473722,0.13635997573960013,1.1389153175805093,1.3270107975106833,-0.13096078514839293
MG_L30_T0_C25,30,0.0,25.0,observed_2026,AUR,0.625,160,0.08806889061322698,0.14217807583933983,0.12310319179318253,1.1549503613050403,1.4008467072596442,-0.0778449596164208
MG_L30_T0_C25,30,0.0,25.0,observed_2026,QAUR,0.625,160,0.0880051794050154,0.1420727423395527,0.12311181758897778,1.1540138479140811,1.3996270194316665,-0.07784495961642057
MG_L30_T0_C50,30,0.0,50.0,bridge,AUR,1.0,22,-0.003337490727280845,-0.03756945526614541,0.1362628495071103,-0.2757131191813585,-0.7823186546856592,-0.057399710992871444
MG_L30_T0_C50,30,0.0,50.0,bridge,QAUR,1.0,22,-0.009260641942453796,-0.10108847622691208,0.17838817536860616,-0.5666770009729145,-0.9878886948458407,-0.0505493811983434
MG_L30_T0_C50,30,0.0,50.0,development,AUR,0.5862068965517241,604,0.1996715396026969,0.07891263968670037,0.09447926197899799,0.8352376810928311,0.8302098696359238,-0.16516749331579017
MG_L30_T0_C50,30,0.0,50.0,development,QAUR,0.5862068965517241,604,0.1996715396026969,0.07891263968670037,0.09447926197899799,0.8352376810928311,0.8302098696359238,-0.16516749331579017
MG_L30_T0_C50,30,0.0,50.0,historical_holdout,AUR,0.8,312,0.13286192348620007,0.10600815708248512,0.132302297922825,0.8012571115304599,0.9085854611958216,-0.13096078514839316
MG_L30_T0_C50,30,0.0,50.0,historical_holdout,QAUR,0.8,312,0.18376161435084715,0.1459745520543243,0.13661373470330618,1.0685203238996992,1.2509039135319273,-0.13096078514839316
MG_L30_T0_C50,30,0.0,50.0,observed_2026,AUR,0.625,160,0.07451067555880386,0.11984240050232198,0.12368670541530222,0.9689190127583055,1.20641121497039,-0.08246057966243903
MG_L30_T0_C50,30,0.0,50.0,observed_2026,QAUR,0.625,160,0.07444775824357963,0.11973912683444943,0.1236952325502092,0.9680173145383437,1.2052157147676663,-0.08246057966243914
MG_L30_T0_C100,30,0.0,100.0,bridge,AUR,1.0,22,-0.008332049684833698,-0.09139031736968428,0.13823924071017368,-0.6611025704437223,-1.9014856876257598,-0.05739971099287122
MG_L30_T0_C100,30,0.0,100.0,bridge,QAUR,1.0,22,-0.014260270599569247,-0.15169987200300972,0.1821197796463183,-0.8329675793459398,-1.413332577679049,-0.050549381198343735
MG_L30_T0_C100,30,0.0,100.0,development,AUR,0.5862068965517241,604,0.12946830164945689,0.05210729737966924,0.09586148730110486,0.5435686306013392,0.546934978238751,-0.18177320417478782
MG_L30_T0_C100,30,0.0,100.0,development,QAUR,0.5862068965517241,604,0.12946830164945689,0.05210729737966924,0.09586148730110486,0.5435686306013392,0.546934978238751,-0.18177320417478782
MG_L30_T0_C100,30,0.0,100.0,historical_holdout,AUR,0.8,312,0.11024227259150243,0.08813699192086633,0.13337237370568275,0.6608339453818312,0.7489046386140528,-0.13096078514839316
MG_L30_T0_C100,30,0.0,100.0,historical_holdout,QAUR,0.8,312,0.16014777857667584,0.12747496269403125,0.13755666730799465,0.9267087171326266,1.086418147802226,-0.13096078514839316
MG_L30_T0_C100,30,0.0,100.0,observed_2026,AUR,0.625,160,0.047799712598147304,0.07631224975349071,0.1259932334883666,0.6056853026201354,0.7702868066284936,-0.09165707923390398
MG_L30_T0_C100,30,0.0,100.0,observed_2026,QAUR,0.625,160,0.047738359327016866,0.07621299050615438,0.12600149071159633,0.6048578479170346,0.7691970252505168,-0.09165707923390409
MG_L30_T2_C0,30,0.02,0.0,bridge,AUR,1.0,22,0.0016570682302721185,0.019146237094389118,0.13637363349341663,0.14039544598123063,0.39307262830926787,-0.05739971099287133
MG_L30_T2_C0,30,0.02,0.0,bridge,QAUR,1.0,22,-0.004261013285338566,-0.04773531502797379,0.17620952118709393,-0.27090088382505667,-0.4735245860962242,-0.050549381198343624
MG_L30_T2_C0,30,0.02,0.0,development,AUR,0.5517241379310345,604,0.13229096897724335,0.05320350628217052,0.09074633321690649,0.5862882212000875,0.5397485622608428,-0.1522509558934403
MG_L30_T2_C0,30,0.02,0.0,development,QAUR,0.5517241379310345,604,0.13229096897724335,0.05320350628217052,0.09074633321690649,0.5862882212000875,0.5397485622608428,-0.1522509558934403
MG_L30_T2_C0,30,0.02,0.0,historical_holdout,AUR,0.4,312,0.18132286527643204,0.14406729215520175,0.0800737562698816,1.7991823896662913,2.0342910785359094,-0.044996244595239876
MG_L30_T2_C0,30,0.02,0.0,historical_holdout,QAUR,0.4,312,0.238126006494638,0.18829823615298102,0.09258953022267802,2.0336882118326267,2.33898240947819,-0.049575744522266096
MG_L30_T2_C0,30,0.02,0.0,observed_2026,AUR,0.25,160,0.06116923081187675,0.09802144442155147,0.07924628745839273,1.2369215967753242,0.6362335119787929,-0.0373945114401405
MG_L30_T2_C0,30,0.02,0.0,observed_2026,QAUR,0.25,160,0.06116923081187675,0.09802144442155147,0.07924628745839273,1.2369215967753242,0.6362335119787929,-0.0373945114401405
MG_L30_T2_C25,30,0.02,25.0,bridge,AUR,1.0,22,-0.0008402112485044189,-0.009582079885219863,0.13605541196478052,-0.07042777458716815,-0.19672029060250767,-0.057399710992871555
MG_L30_T2_C25,30,0.02,25.0,bridge,QAUR,1.0,22,-0.006760827613896403,-0.07476283511752091,0.17710019007632893,-0.4221499428391277,-0.7393922324903532,-0.050549381198343735
MG_L30_T2_C25,30,0.02,25.0,development,AUR,0.5517241379310345,604,0.09886097224744628,0.040116711198550536,0.09062829449470262,0.44265106633884,0.414850221732174,-0.15767689819290243
MG_L30_T2_C25,30,0.02,25.0,development,QAUR,0.5517241379310345,604,0.09886097224744628,0.040116711198550536,0.09062829449470262,0.44265106633884,0.414850221732174,-0.15767689819290243
MG_L30_T2_C25,30,0.02,25.0,historical_holdout,AUR,0.4,312,0.16369485650491544,0.13025840824884005,0.08050221389180341,1.6180723728158577,1.891903961518139,-0.044996244595239765
MG_L30_T2_C25,30,0.02,25.0,historical_holdout,QAUR,0.4,312,0.2196618486835924,0.17396441176208,0.09289876891951156,1.872623435008106,2.2139159310486622,-0.049575744522266096
MG_L30_T2_C25,30,0.02,25.0,observed_2026,AUR,0.25,160,0.05329145168720806,0.08521048536624165,0.0782971798368889,1.088295715679093,0.5816711277303223,-0.0373945114401405
MG_L30_T2_C25,30,0.02,25.0,observed_2026,QAUR,0.25,160,0.05329145168720806,0.08521048536624165,0.0782971798368889,1.088295715679093,0.5816711277303223,-0.0373945114401405
MG_L30_T2_C50,30,0.02,50.0,bridge,AUR,1.0,22,-0.003337490727280845,-0.03756945526614541,0.1362628495071103,-0.2757131191813585,-0.7823186546856592,-0.057399710992871444
MG_L30_T2_C50,30,0.02,50.0,bridge,QAUR,1.0,22,-0.009260641942453796,-0.10108847622691208,0.17838817536860616,-0.5666770009729145,-0.9878886948458407,-0.0505493811983434
MG_L30_T2_C50,30,0.02,50.0,development,AUR,0.5517241379310345,604,0.06633795688802224,0.027160373098132018,0.09084888371576584,0.29896210043820964,0.28289213773723554,-0.16516749331579017
MG_L30_T2_C50,30,0.02,50.0,development,QAUR,0.5517241379310345,604,0.06633795688802224,0.027160373098132018,0.09084888371576584,0.29896210043820964,0.28289213773723554,-0.16516749331579017
MG_L30_T2_C50,30,0.02,50.0,historical_holdout,AUR,0.4,312,0.14628660314554964,0.11658213524657968,0.08129581451314791,1.4340484309647323,1.701414468027321,-0.04686013786001553
MG_L30_T2_C50,30,0.02,50.0,historical_holdout,QAUR,0.4,312,0.20142772651364327,0.15976815353900498,0.0935261698361834,1.7082721747169622,2.0711317584259015,-0.049575744522265985
MG_L30_T2_C50,30,0.02,50.0,observed_2026,AUR,0.25,160,0.045452755062572736,0.07251765023729062,0.07771256166382451,0.9331522302789802,0.5052702997620935,-0.0373945114401405
MG_L30_T2_C50,30,0.02,50.0,observed_2026,QAUR,0.25,160,0.045452755062572736,0.07251765023729062,0.07771256166382451,0.9331522302789802,0.5052702997620935,-0.0373945114401405
MG_L30_T2_C100,30,0.02,100.0,bridge,AUR,1.0,22,-0.008332049684833698,-0.09139031736968428,0.13823924071017368,-0.6611025704437223,-1.9014856876257598,-0.05739971099287122
MG_L30_T2_C100,30,0.02,100.0,bridge,QAUR,1.0,22,-0.014260270599569247,-0.15169987200300972,0.1821197796463183,-0.8329675793459398,-1.413332577679049,-0.050549381198343735
MG_L30_T2_C100,30,0.02,100.0,development,AUR,0.5517241379310345,604,0.0039236684414380996,0.0016351594482832965,0.09229250731883686,0.017717141897926975,0.01696631485209031,-0.18177320417478782
MG_L30_T2_C100,30,0.02,100.0,development,QAUR,0.5517241379310345,604,0.0039236684414380996,0.0016351594482832965,0.09229250731883686,0.017717141897926975,0.01696631485209031,-0.18177320417478782
MG_L30_T2_C100,30,0.02,100.0,historical_holdout,AUR,0.4,312,0.11212059074528868,0.08962364731705041,0.083932261626795,1.0678092735730413,1.2132870285198631,-0.059478920525827705
MG_L30_T2_C100,30,0.02,100.0,historical_holdout,QAUR,0.4,312,0.16564041255156647,0.13178442235950838,0.09570726122840373,1.3769532287106945,1.6514416194426131,-0.052983472390363384
MG_L30_T2_C100,30,0.02,100.0,observed_2026,AUR,0.25,160,0.02989222058740304,0.04748316028212929,0.07766459107377076,0.611387501377903,0.3347361351433632,-0.03739451144014061
MG_L30_T2_C100,30,0.02,100.0,observed_2026,QAUR,0.25,160,0.02989222058740304,0.04748316028212929,0.07766459107377076,0.611387501377903,0.3347361351433632,-0.03739451144014061
MG_L40_T-2_C0,40,-0.02,0.0,bridge,AUR,1.0,22,0.0016570682302721185,0.019146237094389118,0.13637363349341663,0.14039544598123063,0.39307262830926787,-0.05739971099287133
MG_L40_T-2_C0,40,-0.02,0.0,bridge,QAUR,1.0,22,-0.004261013285338566,-0.04773531502797379,0.17620952118709393,-0.27090088382505667,-0.4735245860962242,-0.050549381198343624
MG_L40_T-2_C0,40,-0.02,0.0,development,AUR,0.5862068965517241,604,0.2694607782632086,0.10466829128785138,0.09287371284156919,1.126995875209622,1.0813264883077045,-0.16126787050494318
MG_L40_T-2_C0,40,-0.02,0.0,development,QAUR,0.5862068965517241,604,0.2694607782632086,0.10466829128785138,0.09287371284156919,1.126995875209622,1.0813264883077045,-0.16126787050494318
MG_L40_T-2_C0,40,-0.02,0.0,historical_holdout,AUR,0.8,312,0.15582545950116744,0.12408096027786364,0.1318316586262379,0.9412076095443156,1.0525730920114984,-0.13096078514839327
MG_L40_T-2_C0,40,-0.02,0.0,historical_holdout,QAUR,0.8,312,0.2077341087040412,0.16468267195690411,0.13625259084142827,1.2086571781123998,1.3917190860973756,-0.13096078514839327
MG_L40_T-2_C0,40,-0.02,0.0,observed_2026,AUR,0.625,160,0.025166364273202513,0.03992279726023784,0.12233574795687711,0.32633795049269226,0.3938076788870266,-0.1017176813447026
MG_L40_T-2_C0,40,-0.02,0.0,observed_2026,QAUR,0.625,160,0.025106336283936548,0.03982689390675742,0.12234414827581616,0.3255316618574231,0.39281579755401824,-0.1017176813447026
MG_L40_T-2_C25,40,-0.02,25.0,bridge,AUR,1.0,22,-0.0008402112485044189,-0.009582079885219863,0.13605541196478052,-0.07042777458716815,-0.19672029060250767,-0.057399710992871555
MG_L40_T-2_C25,40,-0.02,25.0,bridge,QAUR,1.0,22,-0.006760827613896403,-0.07476283511752091,0.17710019007632893,-0.4221499428391277,-0.7393922324903532,-0.050549381198343735
MG_L40_T-2_C25,40,-0.02,25.0,development,AUR,0.5862068965517241,604,0.23810774461978768,0.09320231142844704,0.09295224486580524,1.0026902692130009,0.978157270441312,-0.16963346095223775
MG_L40_T-2_C25,40,-0.02,25.0,development,QAUR,0.5862068965517241,604,0.23810774461978768,0.09320231142844704,0.09295224486580524,1.0026902692130009,0.978157270441312,-0.16963346095223775
MG_L40_T-2_C25,40,-0.02,25.0,historical_holdout,AUR,0.8,312,0.1443004895215454,0.11501927590377314,0.13199145653910055,0.8714145515145547,0.9845646337478852,-0.13096078514839293
MG_L40_T-2_C25,40,-0.02,25.0,historical_holdout,QAUR,0.8,312,0.1957028037921107,0.15530246507473722,0.13635997573960013,1.1389153175805093,1.3270107975106833,-0.13096078514839293
MG_L40_T-2_C25,40,-0.02,25.0,observed_2026,AUR,0.625,160,0.01745107628073561,0.027623005871118433,0.12304162257803718,0.22450131339579,0.2711717511850107,-0.10624366328580681
MG_L40_T-2_C25,40,-0.02,25.0,observed_2026,QAUR,0.625,160,0.017391500055436993,0.02752823682418737,0.12304993974424382,0.22371597159173026,0.2702103865256293,-0.10624366328580748
MG_L40_T-2_C50,40,-0.02,50.0,bridge,AUR,1.0,22,-0.003337490727280845,-0.03756945526614541,0.1362628495071103,-0.2757131191813585,-0.7823186546856592,-0.057399710992871444
MG_L40_T-2_C50,40,-0.02,50.0,bridge,QAUR,1.0,22,-0.009260641942453796,-0.10108847622691208,0.17838817536860616,-0.5666770009729145,-0.9878886948458407,-0.0505493811983434
MG_L40_T-2_C50,40,-0.02,50.0,development,AUR,0.5862068965517241,604,0.2074533584703797,0.08182704394433893,0.09330641478099767,0.8769712579397426,0.8609513973916479,-0.1779363155804473
MG_L40_T-2_C50,40,-0.02,50.0,development,QAUR,0.5862068965517241,604,0.2074533584703797,0.08182704394433893,0.09330641478099767,0.8769712579397426,0.8609513973916479,-0.1779363155804473
MG_L40_T-2_C50,40,-0.02,50.0,historical_holdout,AUR,0.8,312,0.13286192348620007,0.10600815708248512,0.132302297922825,0.8012571115304599,0.9085854611958216,-0.13096078514839316
MG_L40_T-2_C50,40,-0.02,50.0,historical_holdout,QAUR,0.8,312,0.18376161435084715,0.1459745520543243,0.13661373470330618,1.0685203238996992,1.2509039135319273,-0.13096078514839316
MG_L40_T-2_C50,40,-0.02,50.0,observed_2026,AUR,0.625,160,0.009774593950519606,0.015438188694959498,0.12397889385123353,0.1245227168544051,0.15014467939487197,-0.11075821527130025
MG_L40_T-2_C50,40,-0.02,50.0,observed_2026,QAUR,0.625,160,0.009715467216947493,0.015344543351472728,0.12398711344434499,0.12375917887918689,0.14921774128190823,-0.1107582152713007
MG_L40_T-2_C100,40,-0.02,100.0,bridge,AUR,1.0,22,-0.008332049684833698,-0.09139031736968428,0.13823924071017368,-0.6611025704437223,-1.9014856876257598,-0.05739971099287122
MG_L40_T-2_C100,40,-0.02,100.0,bridge,QAUR,1.0,22,-0.014260270599569247,-0.15169987200300972,0.1821197796463183,-0.8329675793459398,-1.413332577679049,-0.050549381198343735
MG_L40_T-2_C100,40,-0.02,100.0,development,AUR,0.5862068965517241,604,0.14818527928880232,0.05934667692427298,0.09482691201286332,0.6258421334675811,0.6152145845782321,-0.19435507432823962
MG_L40_T-2_C100,40,-0.02,100.0,development,QAUR,0.5862068965517241,604,0.14818527928880232,0.05934667692427298,0.09482691201286332,0.6258421334675811,0.6152145845782321,-0.19435507432823962
MG_L40_T-2_C100,40,-0.02,100.0,historical_holdout,AUR,0.8,312,0.11024227259150243,0.08813699192086633,0.13337237370568275,0.6608339453818312,0.7489046386140528,-0.13096078514839316
MG_L40_T-2_C100,40,-0.02,100.0,historical_holdout,QAUR,0.8,312,0.16014777857667584,0.12747496269403125,0.13755666730799465,0.9267087171326266,1.086418147802226,-0.13096078514839316
MG_L40_T-2_C100,40,-0.02,100.0,observed_2026,AUR,0.625,160,-0.0054623450568984655,-0.008589672325982178,0.1265257891296043,-0.0678887077889197,-0.08007161077224714,-0.11975302937545229
MG_L40_T-2_C100,40,-0.02,100.0,observed_2026,QAUR,0.625,160,-0.005520579600829634,-0.008681101781468747,0.1265337752739309,-0.06860699258103359,-0.08091646622747013,-0.11975302937545351
MG_L40_T0_C0,40,0.0,0.0,bridge,AUR,0.0,22,0.0,0.0,0.0,,,0.0
MG_L40_T0_C0,40,0.0,0.0,bridge,QAUR,0.0,22,0.0,0.0,0.0,,,0.0
MG_L40_T0_C0,40,0.0,0.0,development,AUR,0.5172413793103449,604,0.22078782571010347,0.08679565561524227,0.09019369331459191,0.9623251075050511,0.8633723036573777,-0.16126787050494318
MG_L40_T0_C0,40,0.0,0.0,development,QAUR,0.5172413793103449,604,0.22078782571010347,0.08679565561524227,0.09019369331459191,0.9623251075050511,0.8633723036573777,-0.16126787050494318
MG_L40_T0_C0,40,0.0,0.0,historical_holdout,AUR,0.7333333333333333,312,0.12592766788419807,0.10053694816215586,0.12980869070364573,0.7745009029609775,0.8207238924396,-0.13096078514839327
MG_L40_T0_C0,40,0.0,0.0,historical_holdout,QAUR,0.7333333333333333,312,0.15421203633116898,0.12281343131498268,0.13257949658289986,0.9263380423095013,1.0057134462867205,-0.13096078514839327
MG_L40_T0_C0,40,0.0,0.0,observed_2026,AUR,0.5,160,0.053053340882402544,0.08482412118732463,0.1080552156045091,0.7850071901923534,0.8093904008900198,-0.045339515245305995
MG_L40_T0_C0,40,0.0,0.0,observed_2026,QAUR,0.5,160,0.052991679988281915,0.08472407696150963,0.10806486299951887,0.7840113299536302,0.808302765256441,-0.04533951524530622
MG_L40_T0_C25,40,0.0,25.0,bridge,AUR,0.0,22,0.0,0.0,0.0,,,0.0
MG_L40_T0_C25,40,0.0,25.0,bridge,QAUR,0.0,22,0.0,0.0,0.0,,,0.0
MG_L40_T0_C25,40,0.0,25.0,development,AUR,0.5172413793103449,604,0.18470425985207584,0.07327604472619509,0.09025173698499103,0.8119073069849169,0.7451038733698269,-0.16963346095223775
MG_L40_T0_C25,40,0.0,25.0,development,QAUR,0.5172413793103449,604,0.18470425985207584,0.07327604472619509,0.09025173698499103,0.8119073069849169,0.7451038733698269,-0.16963346095223775
MG_L40_T0_C25,40,0.0,25.0,historical_holdout,AUR,0.7333333333333333,312,0.11473023593845233,0.09168833392170961,0.1298004564355388,0.7063791333217972,0.7552840404369465,-0.13096078514839293
MG_L40_T0_C25,40,0.0,25.0,historical_holdout,QAUR,0.7333333333333333,312,0.1427357410310024,0.11378761853507013,0.13256320886527279,0.8583649981701579,0.9402411246189427,-0.13096078514839293
MG_L40_T0_C25,40,0.0,25.0,observed_2026,AUR,0.5,160,0.04248634213346292,0.0677285091599229,0.10932621849969079,0.6195083859057511,0.639132804703147,-0.05014955772766738
MG_L40_T0_C25,40,0.0,25.0,observed_2026,QAUR,0.5,160,0.04242514529237029,0.06762979198953056,0.10933779993082492,0.6185399014093764,0.6380461055782642,-0.050149557727667604
MG_L40_T0_C50,40,0.0,50.0,bridge,AUR,0.0,22,0.0,0.0,0.0,,,0.0
MG_L40_T0_C50,40,0.0,50.0,bridge,QAUR,0.0,22,0.0,0.0,0.0,,,0.0
MG_L40_T0_C50,40,0.0,50.0,development,AUR,0.5172413793103449,604,0.1496007787331659,0.05989135952307545,0.09064927403221061,0.6606932064540761,0.6128288902250796,-0.1779363155804473
MG_L40_T0_C50,40,0.0,50.0,development,QAUR,0.5172413793103449,604,0.1496007787331659,0.05989135952307545,0.09064927403221061,0.6606932064540761,0.6128288902250796,-0.1779363155804473
MG_L40_T0_C50,40,0.0,50.0,historical_holdout,AUR,0.7333333333333333,312,0.10361653144046712,0.08288896613782315,0.1299462036872643,0.6378713943603024,0.6839646157352469,-0.13096078514839316
MG_L40_T0_C50,40,0.0,50.0,historical_holdout,QAUR,0.7333333333333333,312,0.13134524007670834,0.10481202767888376,0.1326977046836871,0.7898556190457496,0.867596577019488,-0.13096078514839316
MG_L40_T0_C50,40,0.0,50.0,observed_2026,AUR,0.5,160,0.03199906899985083,0.050860108457234654,0.11093141410119457,0.45848246747164617,0.4682225246603925,-0.0549474528853644
MG_L40_T0_C50,40,0.0,50.0,observed_2026,QAUR,0.5,160,0.03193833387773504,0.05076270402494343,0.11094484450962472,0.4575490122980852,0.4671827789016015,-0.05494745288536462
MG_L40_T0_C100,40,0.0,100.0,bridge,AUR,0.0,22,0.0,0.0,0.0,,,0.0
MG_L40_T0_C100,40,0.0,100.0,bridge,QAUR,0.0,22,0.0,0.0,0.0,,,0.0
MG_L40_T0_C100,40,0.0,100.0,development,AUR,0.5172413793103449,604,0.0822375702000624,0.03352271926908412,0.09244157076833374,0.3626368417418484,0.33831632343099666,-0.19435507432823962
MG_L40_T0_C100,40,0.0,100.0,development,QAUR,0.5172413793103449,604,0.0822375702000624,0.03352271926908412,0.09244157076833374,0.3626368417418484,0.33831632343099666,-0.19435507432823962
MG_L40_T0_C100,40,0.0,100.0,historical_holdout,AUR,0.7333333333333333,312,0.081638632169448,0.06543736365460329,0.1306970379770809,0.5006797756662122,0.5389711610302725,-0.13096078514839316
MG_L40_T0_C100,40,0.0,100.0,historical_holdout,QAUR,0.7333333333333333,312,0.1088199076643126,0.08701089357642111,0.13341671167877076,0.652173872984656,0.7185083043263885,-0.13096078514839316
MG_L40_T0_C100,40,0.0,100.0,observed_2026,AUR,0.5,160,0.011262092545934577,0.0177951368447955,0.11508555188822817,0.15462529008053288,0.1511952118109601,-0.06606353024459488
MG_L40_T0_C100,40,0.0,100.0,observed_2026,QAUR,0.5,160,0.011202273883150982,0.017700315411405265,0.11510238501090417,0.1537788761694941,0.15033122086529146,-0.06606353024459533
MG_L40_T2_C0,40,0.02,0.0,bridge,AUR,0.0,22,0.0,0.0,0.0,,,0.0
MG_L40_T2_C0,40,0.02,0.0,bridge,QAUR,0.0,22,0.0,0.0,0.0,,,0.0
MG_L40_T2_C0,40,0.02,0.0,development,AUR,0.4482758620689655,604,0.12776241984857117,0.05144402827679895,0.08695434575806217,0.5916211297815348,0.49754507324344743,-0.16126787050494318
MG_L40_T2_C0,40,0.02,0.0,development,QAUR,0.4482758620689655,604,0.12776241984857117,0.05144402827679895,0.08695434575806217,0.5916211297815348,0.49754507324344743,-0.16126787050494318
MG_L40_T2_C0,40,0.02,0.0,historical_holdout,AUR,0.5333333333333333,312,0.09748590802930202,0.07802770734301556,0.12713731570688624,0.613727817904443,0.5620325844213426,-0.13096078514839316
MG_L40_T2_C0,40,0.02,0.0,historical_holdout,QAUR,0.5333333333333333,312,0.12505579255518096,0.09984857042354256,0.1299782182737962,0.7681946386833354,0.722249823245057,-0.13096078514839316
MG_L40_T2_C0,40,0.02,0.0,observed_2026,AUR,0.125,160,0.016082460375342,0.025446727702516325,0.0639727422748711,0.39777453330325596,0.12721866299228943,-0.03562623908145812
MG_L40_T2_C0,40,0.02,0.0,observed_2026,QAUR,0.125,160,0.016082460375342,0.025446727702516325,0.0639727422748711,0.39777453330325596,0.12721866299228943,-0.03562623908145812
MG_L40_T2_C25,40,0.02,25.0,bridge,AUR,0.0,22,0.0,0.0,0.0,,,0.0
MG_L40_T2_C25,40,0.02,25.0,bridge,QAUR,0.0,22,0.0,0.0,0.0,,,0.0
MG_L40_T2_C25,40,0.02,25.0,development,AUR,0.4482758620689655,604,0.08903064634223745,0.0362244064870163,0.08672443404788704,0.41769550743927714,0.35970140580934595,-0.16963346095223775
MG_L40_T2_C25,40,0.02,25.0,development,QAUR,0.4482758620689655,604,0.08903064634223745,0.0362244064870163,0.08672443404788704,0.41769550743927714,0.35970140580934595,-0.16963346095223775
MG_L40_T2_C25,40,0.02,25.0,historical_holdout,AUR,0.5333333333333333,312,0.08657070503516517,0.0693595755496419,0.1271272493638935,0.5455917271607491,0.5054400067190304,-0.13096078514839327
MG_L40_T2_C25,40,0.02,25.0,historical_holdout,QAUR,0.5333333333333333,312,0.1138687547625592,0.09100685424611688,0.1299599816601673,0.7002682909273635,0.6659531898379202,-0.13096078514839327
MG_L40_T2_C25,40,0.02,25.0,observed_2026,AUR,0.125,160,0.011017601345306494,0.017407602456902316,0.06391321496326922,0.2723631171879935,0.09135483383202368,-0.03562623908145801
MG_L40_T2_C25,40,0.02,25.0,observed_2026,QAUR,0.125,160,0.011017601345306494,0.017407602456902316,0.06391321496326922,0.2723631171879935,0.09135483383202368,-0.03562623908145801
MG_L40_T2_C50,40,0.02,50.0,bridge,AUR,0.0,22,0.0,0.0,0.0,,,0.0
MG_L40_T2_C50,40,0.02,50.0,bridge,QAUR,0.0,22,0.0,0.0,0.0,,,0.0
MG_L40_T2_C50,40,0.02,50.0,development,AUR,0.4482758620689655,604,0.051537101657975315,0.021187824383511966,0.08690590220144347,0.2438019035162844,0.21204841470314292,-0.1779363155804473
MG_L40_T2_C50,40,0.02,50.0,development,QAUR,0.4482758620689655,604,0.051537101657975315,0.021187824383511966,0.08690590220144347,0.2438019035162844,0.21204841470314292,-0.1779363155804473
MG_L40_T2_C50,40,0.02,50.0,historical_holdout,AUR,0.5333333333333333,312,0.07573712384234277,0.060739688518952395,0.12727440068483917,0.47723413500376954,0.444104388704949,-0.13096078514839316
MG_L40_T2_C50,40,0.02,50.0,historical_holdout,QAUR,0.5333333333333333,312,0.10276535369069184,0.08221433845779491,0.130095547555517,0.6319535141870305,0.60367739817672,-0.13096078514839316
MG_L40_T2_C50,40,0.02,50.0,observed_2026,AUR,0.125,160,0.005965397216920687,0.00941160079709702,0.06415928380371473,0.14669117607188908,0.051933101454093945,-0.03606048417258079
MG_L40_T2_C50,40,0.02,50.0,observed_2026,QAUR,0.125,160,0.005965397216920687,0.00941160079709702,0.06415928380371473,0.14669117607188908,0.051933101454093945,-0.03606048417258079
MG_L40_T2_C100,40,0.02,100.0,bridge,AUR,0.0,22,0.0,0.0,0.0,,,0.0
MG_L40_T2_C100,40,0.02,100.0,bridge,QAUR,0.0,22,0.0,0.0,0.0,,,0.0
MG_L40_T2_C100,40,0.02,100.0,development,AUR,0.4482758620689655,604,-0.019880827635737952,-0.008343212162179925,0.08848711813540165,-0.09428730800581919,-0.08235208905704368,-0.19435507432823962
MG_L40_T2_C100,40,0.02,100.0,development,QAUR,0.4482758620689655,604,-0.019880827635737952,-0.008343212162179925,0.08848711813540165,-0.09428730800581919,-0.08235208905704368,-0.19435507432823962
MG_L40_T2_C100,40,0.02,100.0,historical_holdout,AUR,0.5333333333333333,312,0.054313196213071846,0.0436440547584922,0.12803760895506772,0.3408690236773183,0.3195449046676832,-0.13096078514839316
MG_L40_T2_C100,40,0.02,100.0,historical_holdout,QAUR,0.5333333333333333,312,0.08080779116541992,0.0647763024260899,0.13082563194810984,0.49513464190092743,0.47590085473419663,-0.13096078514839316
MG_L40_T2_C100,40,0.02,100.0,observed_2026,AUR,0.125,160,-0.00410104633490227,-0.006451527882706087,0.06555017220577229,-0.09842121943560617,-0.03695326102940767,-0.0408867205436142
MG_L40_T2_C100,40,0.02,100.0,observed_2026,QAUR,0.125,160,-0.00410104633490227,-0.006451527882706087,0.06555017220577229,-0.09842121943560617,-0.03695326102940767,-0.0408867205436142
MG_L60_T-2_C0,60,-0.02,0.0,bridge,AUR,1.0,22,0.0016570682302721185,0.019146237094389118,0.13637363349341663,0.14039544598123063,0.39307262830926787,-0.05739971099287133
MG_L60_T-2_C0,60,-0.02,0.0,bridge,QAUR,1.0,22,-0.004261013285338566,-0.04773531502797379,0.17620952118709393,-0.27090088382505667,-0.4735245860962242,-0.050549381198343624
MG_L60_T-2_C0,60,-0.02,0.0,development,AUR,0.7241379310344828,604,0.13189816174718771,0.053051051435547114,0.13485288222102132,0.3933994628946636,0.39305045630984803,-0.30203319479990975
MG_L60_T-2_C0,60,-0.02,0.0,development,QAUR,0.7241379310344828,604,0.13189816174718771,0.053051051435547114,0.13485288222102132,0.3933994628946636,0.39305045630984803,-0.30203319479990975
MG_L60_T-2_C0,60,-0.02,0.0,historical_holdout,AUR,0.7333333333333333,312,0.0939349014272417,0.07520956019931258,0.1304536683471105,0.5765231530262171,0.6154045298590658,-0.13096078514839304
MG_L60_T-2_C0,60,-0.02,0.0,historical_holdout,QAUR,0.7333333333333333,312,0.1305179451938947,0.10415945322515419,0.1323984344982011,0.7867121210301727,0.8533612727791674,-0.13096078514839304
MG_L60_T-2_C0,60,-0.02,0.0,observed_2026,AUR,0.625,160,0.16137847765991897,0.2657084903143401,0.1380078001326999,1.9253150188529269,2.5224636483232246,-0.07134796043527825
MG_L60_T-2_C0,60,-0.02,0.0,observed_2026,QAUR,0.625,160,0.16131047385368746,0.265591764640982,0.13801577062934073,1.9243580891510084,2.5210695599752175,-0.07134796043527847
MG_L60_T-2_C25,60,-0.02,25.0,bridge,AUR,1.0,22,0.0016570682302721185,0.019146237094389118,0.13637363349341663,0.14039544598123063,0.39307262830926787,-0.05739971099287133
MG_L60_T-2_C25,60,-0.02,25.0,bridge,QAUR,1.0,22,-0.004261013285338566,-0.04773531502797379,0.17620952118709393,-0.27090088382505667,-0.4735245860962242,-0.050549381198343624
MG_L60_T-2_C25,60,-0.02,25.0,development,AUR,0.7241379310344828,604,0.11225302799285086,0.04538676465318958,0.1348900325694423,0.33647233816052474,0.33929367223783363,-0.30203319479990964
MG_L60_T-2_C25,60,-0.02,25.0,development,QAUR,0.7241379310344828,604,0.11225302799285086,0.04538676465318958,0.1348900325694423,0.33647233816052474,0.33929367223783363,-0.30203319479990964
MG_L60_T-2_C25,60,-0.02,25.0,historical_holdout,AUR,0.7333333333333333,312,0.08304059533835373,0.06655261866326634,0.13052513180567407,0.509883558381308,0.5482570243017127,-0.13096078514839316
MG_L60_T-2_C25,60,-0.02,25.0,historical_holdout,QAUR,0.7333333333333333,312,0.11926169186134783,0.09527130318037735,0.13246217584180872,0.7192340196355668,0.7859075920832175,-0.13096078514839316
MG_L60_T-2_C25,60,-0.02,25.0,observed_2026,AUR,0.625,160,0.15269104501772923,0.25082872974262793,0.1381857091781103,1.8151568004715293,2.4194816907329817,-0.07598449611010538
MG_L60_T-2_C25,60,-0.02,25.0,observed_2026,QAUR,0.625,160,0.15262354989880156,0.25071337630473023,0.13819363828071235,1.8142179294495224,2.418081800794487,-0.07598449611010516
MG_L60_T-2_C50,60,-0.02,50.0,bridge,AUR,1.0,22,0.0016570682302721185,0.019146237094389118,0.13637363349341663,0.14039544598123063,0.39307262830926787,-0.05739971099287133
MG_L60_T-2_C50,60,-0.02,50.0,bridge,QAUR,1.0,22,-0.004261013285338566,-0.04773531502797379,0.17620952118709393,-0.27090088382505667,-0.4735245860962242,-0.050549381198343624
MG_L60_T-2_C50,60,-0.02,50.0,development,AUR,0.7241379310344828,604,0.09290087201375274,0.0377592513389593,0.13506104287467588,0.2795717442667489,0.28291559231514546,-0.3020331947999101
MG_L60_T-2_C50,60,-0.02,50.0,development,QAUR,0.7241379310344828,604,0.09290087201375274,0.0377592513389593,0.13506104287467588,0.2795717442667489,0.28291559231514546,-0.3020331947999101
MG_L60_T-2_C50,60,-0.02,50.0,historical_holdout,AUR,0.7333333333333333,312,0.07222786266775749,0.05794392339987087,0.13074959095055563,0.4431671485823844,0.4772373920945314,-0.13096078514839316
MG_L60_T-2_C50,60,-0.02,50.0,historical_holdout,QAUR,0.7333333333333333,312,0.10808970416849761,0.0864326773930224,0.1326766959684194,0.6514533450063882,0.7127838820207866,-0.13096078514839316
MG_L60_T-2_C50,60,-0.02,50.0,observed_2026,AUR,0.625,160,0.14404704369246213,0.23608721939318134,0.13857397706683242,1.703690868880234,2.3079297894429915,-0.08060942824821105
MG_L60_T-2_C50,60,-0.02,50.0,observed_2026,QAUR,0.625,160,0.14398005471774367,0.23597322544108557,0.1385818529086029,1.7027714703505512,2.3065451998766124,-0.08060942824821105
MG_L60_T-2_C100,60,-0.02,100.0,bridge,AUR,1.0,22,0.0016570682302721185,0.019146237094389118,0.13637363349341663,0.14039544598123063,0.39307262830926787,-0.05739971099287133
MG_L60_T-2_C100,60,-0.02,100.0,bridge,QAUR,1.0,22,-0.004261013285338566,-0.04773531502797379,0.17620952118709393,-0.27090088382505667,-0.4735245860962242,-0.050549381198343624
MG_L60_T-2_C100,60,-0.02,100.0,development,AUR,0.7241379310344828,604,0.05506092912178184,0.022614205974357926,0.13580222476689588,0.16652308909647942,0.16916701204703777,-0.30203319479990987
MG_L60_T-2_C100,60,-0.02,100.0,development,QAUR,0.7241379310344828,604,0.05506092912178184,0.022614205974357926,0.13580222476689588,0.16652308909647942,0.16916701204703777,-0.30203319479990987
MG_L60_T-2_C100,60,-0.02,100.0,historical_holdout,AUR,0.7333333333333333,312,0.05084548574560688,0.040870676900570224,0.13165383281534446,0.3104404636505705,0.3347031874591276,-0.13096078514839327
MG_L60_T-2_C100,60,-0.02,100.0,historical_holdout,QAUR,0.7333333333333333,312,0.08599684037084598,0.06890338817641117,0.13355465570818442,0.5159190281390443,0.5645397619608483,-0.13096078514839327
MG_L60_T-2_C100,60,-0.02,100.0,observed_2026,AUR,0.625,160,0.1268888996488713,0.20701518533957564,0.13997363910628863,1.4789583714572083,2.0227679424601854,-0.08982448191425807
MG_L60_T-2_C100,60,-0.02,100.0,observed_2026,QAUR,0.625,160,0.1268229153587801,0.20690387245723407,0.1399813747276376,1.4780814437621281,2.0214632404514674,-0.08982448191425818
MG_L60_T0_C0,60,0.0,0.0,bridge,AUR,1.0,22,0.0016570682302721185,0.019146237094389118,0.13637363349341663,0.14039544598123063,0.39307262830926787,-0.05739971099287133
MG_L60_T0_C0,60,0.0,0.0,bridge,QAUR,1.0,22,-0.004261013285338566,-0.04773531502797379,0.17620952118709393,-0.27090088382505667,-0.4735245860962242,-0.050549381198343624
MG_L60_T0_C0,60,0.0,0.0,development,AUR,0.6551724137931034,604,0.1512210359507975,0.06051435315211484,0.1310747472037656,0.46167819845603597,0.4382621495115103,-0.30203319479990975
MG_L60_T0_C0,60,0.0,0.0,development,QAUR,0.6551724137931034,604,0.1512210359507975,0.06051435315211484,0.1310747472037656,0.46167819845603597,0.4382621495115103,-0.30203319479990975
MG_L60_T0_C0,60,0.0,0.0,historical_holdout,AUR,0.6666666666666666,312,0.004943791036725376,0.003991167550700503,0.12393860316788467,0.03220277983360963,0.03177283439261838,-0.13096078514839304
MG_L60_T0_C0,60,0.0,0.0,historical_holdout,QAUR,0.6666666666666666,312,0.03147805277028248,0.025348574037379557,0.12174637045046607,0.20820804713593427,0.2048259385020532,-0.13096078514839304
MG_L60_T0_C0,60,0.0,0.0,observed_2026,AUR,0.375,160,0.03306732906656085,0.0525738777681668,0.09784244017847753,0.5373320378382337,0.4250271697873341,-0.06728330569535335
MG_L60_T0_C0,60,0.0,0.0,observed_2026,QAUR,0.375,160,0.03306732906656085,0.0525738777681668,0.09784244017847753,0.5373320378382337,0.4250271697873341,-0.06728330569535335
MG_L60_T0_C25,60,0.0,25.0,bridge,AUR,1.0,22,0.0016570682302721185,0.019146237094389118,0.13637363349341663,0.14039544598123063,0.39307262830926787,-0.05739971099287133
MG_L60_T0_C25,60,0.0,25.0,bridge,QAUR,1.0,22,-0.004261013285338566,-0.04773531502797379,0.17620952118709393,-0.27090088382505667,-0.4735245860962242,-0.050549381198343624
MG_L60_T0_C25,60,0.0,25.0,development,AUR,0.6551724137931034,604,0.1283990923089089,0.051691643179701874,0.1311632483520793,0.39410157821760305,0.3786744562427093,-0.30203319479990964
MG_L60_T0_C25,60,0.0,25.0,development,QAUR,0.6551724137931034,604,0.1283990923089089,0.051691643179701874,0.1311632483520793,0.39410157821760305,0.3786744562427093,-0.30203319479990964
MG_L60_T0_C25,60,0.0,25.0,historical_holdout,AUR,0.6666666666666666,312,-0.0025573788669852604,-0.002066083684397868,0.12388612233626958,-0.016677281082297546,-0.016502719641920773,-0.13096078514839316
MG_L60_T0_C25,60,0.0,25.0,historical_holdout,QAUR,0.6666666666666666,312,0.023781175154775402,0.019164360327158292,0.12168137199821487,0.1574962544590592,0.15537167192471993,-0.13096078514839316
MG_L60_T0_C25,60,0.0,25.0,observed_2026,AUR,0.375,160,0.020278603654201532,0.03212447600425761,0.0971543926742557,0.33065387081329634,0.26842112540830093,-0.07157112205442873
MG_L60_T0_C25,60,0.0,25.0,observed_2026,QAUR,0.375,160,0.020278603654201532,0.03212447600425761,0.0971543926742557,0.33065387081329634,0.26842112540830093,-0.07157112205442873
MG_L60_T0_C50,60,0.0,50.0,bridge,AUR,1.0,22,0.0016570682302721185,0.019146237094389118,0.13637363349341663,0.14039544598123063,0.39307262830926787,-0.05739971099287133
MG_L60_T0_C50,60,0.0,50.0,bridge,QAUR,1.0,22,-0.004261013285338566,-0.04773531502797379,0.17620952118709393,-0.27090088382505667,-0.4735245860962242,-0.050549381198343624
MG_L60_T0_C50,60,0.0,50.0,development,AUR,0.6551724137931034,604,0.10597400444214577,0.04292046937448535,0.1314086892218762,0.32661819875561304,0.3149916267240091,-0.3020331947999101
MG_L60_T0_C50,60,0.0,50.0,development,QAUR,0.6551724137931034,604,0.10597400444214577,0.04292046937448535,0.1314086892218762,0.32661819875561304,0.3149916267240091,-0.3020331947999101
MG_L60_T0_C50,60,0.0,50.0,historical_holdout,AUR,0.6666666666666666,312,-0.010021129751526692,-0.008101819775165109,0.12395506823144921,-0.0653609399821988,-0.06464759338741657,-0.13096078514839338
MG_L60_T0_C50,60,0.0,50.0,historical_holdout,QAUR,0.6666666666666666,312,0.016122680940595657,0.013002105887907067,0.12173999977537826,0.10680224997451268,0.10526877743256072,-0.13096078514839338
MG_L60_T0_C50,60,0.0,50.0,observed_2026,AUR,0.375,160,0.007616843395111372,0.012022770584013465,0.09695756812458554,0.1240003314497824,0.10344501280859959,-0.07621814424992135
MG_L60_T0_C50,60,0.0,50.0,observed_2026,QAUR,0.375,160,0.007616843395111372,0.012022770584013465,0.09695756812458554,0.1240003314497824,0.10344501280859959,-0.07621814424992135
MG_L60_T0_C100,60,0.0,100.0,bridge,AUR,1.0,22,0.0016570682302721185,0.019146237094389118,0.13637363349341663,0.14039544598123063,0.39307262830926787,-0.05739971099287133
MG_L60_T0_C100,60,0.0,100.0,bridge,QAUR,1.0,22,-0.004261013285338566,-0.04773531502797379,0.17620952118709393,-0.27090088382505667,-0.4735245860962242,-0.050549381198343624
MG_L60_T0_C100,60,0.0,100.0,development,AUR,0.6551724137931034,604,0.06229075048816579,0.02553203962841888,0.1323663398886183,0.19288921677447007,0.18666124473779358,-0.30203319479990987
MG_L60_T0_C100,60,0.0,100.0,development,QAUR,0.6551724137931034,604,0.06229075048816579,0.02553203962841888,0.1323663398886183,0.19288921677447007,0.18666124473779358,-0.30203319479990987
MG_L60_T0_C100,60,0.0,100.0,historical_holdout,AUR,0.6666666666666666,312,-0.024836748707845024,-0.02010883765866467,0.12445607758185756,-0.16157377003496382,-0.15919248859223825,-0.13096078514839316
MG_L60_T0_C100,60,0.0,100.0,historical_holdout,QAUR,0.6666666666666666,312,0.000920458946839231,0.0007433818356399335,0.12222704731153972,0.006081974914645175,0.0059660483378352145,-0.13096078514839316
MG_L60_T0_C100,60,0.0,100.0,observed_2026,AUR,0.375,160,-0.017329567765174803,-0.027157747406792776,0.09804203829384102,-0.2770010485236803,-0.23748155172666074,-0.08547721176487033
MG_L60_T0_C100,60,0.0,100.0,observed_2026,QAUR,0.375,160,-0.017329567765174803,-0.027157747406792776,0.09804203829384102,-0.2770010485236803,-0.23748155172666074,-0.08547721176487033
MG_L60_T2_C0,60,0.02,0.0,bridge,AUR,0.0,22,0.0,0.0,0.0,,,0.0
MG_L60_T2_C0,60,0.02,0.0,bridge,QAUR,0.0,22,0.0,0.0,0.0,,,0.0
MG_L60_T2_C0,60,0.02,0.0,development,AUR,0.41379310344827586,604,-0.018489989137966956,-0.007756340246701132,0.08212884900718675,-0.0944411171039595,-0.07207645367089695,-0.1707583649925858
MG_L60_T2_C0,60,0.02,0.0,development,QAUR,0.41379310344827586,604,-0.018489989137966956,-0.007756340246701132,0.08212884900718675,-0.0944411171039595,-0.07207645367089695,-0.1707583649925858
MG_L60_T2_C0,60,0.02,0.0,historical_holdout,AUR,0.5333333333333333,312,0.009120092787818557,0.00735979240616591,0.12133333752862879,0.060657627623812424,0.05303023396494224,-0.13096078514839327
MG_L60_T2_C0,60,0.02,0.0,historical_holdout,QAUR,0.5333333333333333,312,0.027425166815675306,0.02209331033559514,0.11999411644457884,0.18411994679588545,0.16163777759846204,-0.13096078514839327
MG_L60_T2_C0,60,0.02,0.0,observed_2026,AUR,0.25,160,0.06116923081187675,0.09802144442155147,0.07924628745839273,1.2369215967753242,0.6362335119787929,-0.0373945114401405
MG_L60_T2_C0,60,0.02,0.0,observed_2026,QAUR,0.25,160,0.06116923081187675,0.09802144442155147,0.07924628745839273,1.2369215967753242,0.6362335119787929,-0.0373945114401405
MG_L60_T2_C25,60,0.02,25.0,bridge,AUR,0.0,22,0.0,0.0,0.0,,,0.0
MG_L60_T2_C25,60,0.02,25.0,bridge,QAUR,0.0,22,0.0,0.0,0.0,,,0.0
MG_L60_T2_C25,60,0.02,25.0,development,AUR,0.41379310344827586,604,-0.04753402149755681,-0.020113876592691482,0.08231130682190879,-0.24436347045504292,-0.1910482661895503,-0.1749209313584359
MG_L60_T2_C25,60,0.02,25.0,development,QAUR,0.41379310344827586,604,-0.04753402149755681,-0.020113876592691482,0.08231130682190879,-0.24436347045504292,-0.1910482661895503,-0.1749209313584359
MG_L60_T2_C25,60,0.02,25.0,historical_holdout,AUR,0.5333333333333333,312,-0.005908797002681321,-0.004775207782206636,0.12136682844980151,-0.03934524649939014,-0.03497811819979476,-0.13096078514839304
MG_L60_T2_C25,60,0.02,25.0,historical_holdout,QAUR,0.5333333333333333,312,0.01212598275806509,0.009782698183361749,0.12001784214589441,0.08151036552940055,0.07276735607354456,-0.13096078514839304
MG_L60_T2_C25,60,0.02,25.0,observed_2026,AUR,0.25,160,0.05593127988692692,0.08949729651581118,0.07821644716371322,1.1442260516958314,0.5958472708174616,-0.03739451144014028
MG_L60_T2_C25,60,0.02,25.0,observed_2026,QAUR,0.25,160,0.05593127988692692,0.08949729651581118,0.07821644716371322,1.1442260516958314,0.5958472708174616,-0.03739451144014028
MG_L60_T2_C50,60,0.02,50.0,bridge,AUR,0.0,22,0.0,0.0,0.0,,,0.0
MG_L60_T2_C50,60,0.02,50.0,bridge,QAUR,0.0,22,0.0,0.0,0.0,,,0.0
MG_L60_T2_C50,60,0.02,50.0,development,AUR,0.41379310344827586,604,-0.07578827609524708,-0.03234794337375624,0.08286492479265886,-0.3903695496580237,-0.3078697956327485,-0.18031034396017354
MG_L60_T2_C50,60,0.02,50.0,development,QAUR,0.41379310344827586,604,-0.07578827609524708,-0.03234794337375624,0.08286492479265886,-0.3903695496580237,-0.3078697956327485,-0.18031034396017354
MG_L60_T2_C50,60,0.02,50.0,historical_holdout,AUR,0.5333333333333333,312,-0.020750701530145577,-0.01679390189030705,0.12164554376405312,-0.13805603864027227,-0.12334635220582324,-0.13096078514839304
MG_L60_T2_C50,60,0.02,50.0,historical_holdout,QAUR,0.5333333333333333,312,-0.0029828822478951134,-0.0024099428777012433,0.12028956689156263,-0.02003451288401207,-0.01796119149200201,-0.13096078514839304
MG_L60_T2_C50,60,0.02,50.0,observed_2026,AUR,0.25,160,0.05070628649504849,0.08101842417762706,0.07742595492714464,1.0463987722703945,0.5455062470259182,-0.037394511440140055
MG_L60_T2_C50,60,0.02,50.0,observed_2026,QAUR,0.25,160,0.05070628649504849,0.08101842417762706,0.07742595492714464,1.0463987722703945,0.5455062470259182,-0.037394511440140055
MG_L60_T2_C100,60,0.02,100.0,bridge,AUR,0.0,22,0.0,0.0,0.0,,,0.0
MG_L60_T2_C100,60,0.02,100.0,bridge,QAUR,0.0,22,0.0,0.0,0.0,,,0.0
MG_L60_T2_C100,60,0.02,100.0,development,AUR,0.41379310344827586,604,-0.13000530275788025,-0.056449375779177746,0.08505179737813087,-0.6637058536013068,-0.5257214272854842,-0.19672362214126216
MG_L60_T2_C100,60,0.02,100.0,development,QAUR,0.41379310344827586,604,-0.13000530275788025,-0.056449375779177746,0.08505179737813087,-0.6637058536013068,-0.5257214272854842,-0.19672362214126216
MG_L60_T2_C100,60,0.02,100.0,historical_holdout,AUR,0.5333333333333333,312,-0.049881003879848396,-0.04048567582843621,0.12293050845788053,-0.32933790265992224,-0.29445480199335283,-0.13096078514839327
MG_L60_T2_C100,60,0.02,100.0,historical_holdout,QAUR,0.5333333333333333,312,-0.032637235832248646,-0.02644466246910504,0.12156884426056355,-0.21752828720181872,-0.19483430266267512,-0.13096078514839327
MG_L60_T2_C100,60,0.02,100.0,observed_2026,AUR,0.25,160,0.040295172310508276,0.06419599049686475,0.0765904194451533,0.838172593412101,0.43498867510352934,-0.03739451144014039
MG_L60_T2_C100,60,0.02,100.0,observed_2026,QAUR,0.25,160,0.040295172310508276,0.06419599049686475,0.0765904194451533,0.838172593412101,0.43498867510352934,-0.03739451144014039
MG_L90_T-2_C0,90,-0.02,0.0,bridge,AUR,1.0,22,0.0016570682302721185,0.019146237094389118,0.13637363349341663,0.14039544598123063,0.39307262830926787,-0.05739971099287133
MG_L90_T-2_C0,90,-0.02,0.0,bridge,QAUR,1.0,22,-0.004261013285338566,-0.04773531502797379,0.17620952118709393,-0.27090088382505667,-0.4735245860962242,-0.050549381198343624
MG_L90_T-2_C0,90,-0.02,0.0,development,AUR,0.5517241379310345,604,0.12559520056602125,0.050600541328618354,0.08878750734378224,0.5699060919988975,0.5130332687659094,-0.16337070388567632
MG_L90_T-2_C0,90,-0.02,0.0,development,QAUR,0.5517241379310345,604,0.12559520056602125,0.050600541328618354,0.08878750734378224,0.5699060919988975,0.5130332687659094,-0.16337070388567632
MG_L90_T-2_C0,90,-0.02,0.0,historical_holdout,AUR,0.8666666666666667,312,0.18372654610351336,0.1459471317692651,0.13636986328037964,1.0702300952608157,1.2769239672357962,-0.13096078514839304
MG_L90_T-2_C0,90,-0.02,0.0,historical_holdout,QAUR,0.8666666666666667,312,0.24692788421893508,0.19511668759906065,0.1398302483672137,1.3953825433153566,1.6997730226151937,-0.13096078514839304
MG_L90_T-2_C0,90,-0.02,0.0,observed_2026,AUR,0.875,160,0.2126425143251256,0.3548123428154908,0.14880018257935893,2.3844886253836437,3.341235396840533,-0.05179061230882831
MG_L90_T-2_C0,90,-0.02,0.0,observed_2026,QAUR,0.875,160,0.21257150878459208,0.3546873998415001,0.14880774549589987,2.3835278107299387,3.3397365079889814,-0.051790612308827755
MG_L90_T-2_C25,90,-0.02,25.0,bridge,AUR,1.0,22,0.0016570682302721185,0.019146237094389118,0.13637363349341663,0.14039544598123063,0.39307262830926787,-0.05739971099287133
MG_L90_T-2_C25,90,-0.02,25.0,bridge,QAUR,1.0,22,-0.004261013285338566,-0.04773531502797379,0.17620952118709393,-0.27090088382505667,-0.4735245860962242,-0.050549381198343624
MG_L90_T-2_C25,90,-0.02,25.0,development,AUR,0.5517241379310345,604,0.10330060517668338,0.0418679262922137,0.08883141928774063,0.4713188940119948,0.429500723478091,-0.17171059584351056
MG_L90_T-2_C25,90,-0.02,25.0,development,QAUR,0.5517241379310345,604,0.10330060517668338,0.0418679262922137,0.08883141928774063,0.4713188940119948,0.429500723478091,-0.17171059584351056
MG_L90_T-2_C25,90,-0.02,25.0,historical_holdout,AUR,0.8666666666666667,312,0.1748802081523364,0.13902506850944363,0.13640289461273553,1.01922374084621,1.2218698237700507,-0.13096078514839327
MG_L90_T-2_C25,90,-0.02,25.0,historical_holdout,QAUR,0.8666666666666667,312,0.23760922400906148,0.18789761694118812,0.13986979125917456,1.3433752581572058,1.6443993731573832,-0.13096078514839327
MG_L90_T-2_C25,90,-0.02,25.0,observed_2026,AUR,0.875,160,0.2066224335303939,0.3442342226789512,0.14861555303276902,2.3162732005784696,3.258731855106222,-0.05270421765777589
MG_L90_T-2_C25,90,-0.02,25.0,observed_2026,QAUR,0.875,160,0.20655178049200829,0.34411025523621874,0.14862310604567547,2.315321381659628,3.2572411342584147,-0.05270421765777533
MG_L90_T-2_C50,90,-0.02,50.0,bridge,AUR,1.0,22,0.0016570682302721185,0.019146237094389118,0.13637363349341663,0.14039544598123063,0.39307262830926787,-0.05739971099287133
MG_L90_T-2_C50,90,-0.02,50.0,bridge,QAUR,1.0,22,-0.004261013285338566,-0.04773531502797379,0.17620952118709393,-0.27090088382505667,-0.4735245860962242,-0.050549381198343624
MG_L90_T-2_C50,90,-0.02,50.0,development,AUR,0.5517241379310345,604,0.08139335905931899,0.0331862767715454,0.0891070040234258,0.3724317424343083,0.3418373795404329,-0.17998798027473428
MG_L90_T-2_C50,90,-0.02,50.0,development,QAUR,0.5517241379310345,604,0.08139335905931899,0.0331862767715454,0.0891070040234258,0.3724317424343083,0.3418373795404329,-0.17998798027473428
MG_L90_T-2_C50,90,-0.02,50.0,historical_holdout,AUR,0.8666666666666667,312,0.16607805444716472,0.1321276231479751,0.1365461584475812,0.9676407205457755,1.1649831272180535,-0.1309607851483927
MG_L90_T-2_C50,90,-0.02,50.0,historical_holdout,QAUR,0.8666666666666667,312,0.22833710712337507,0.18070422047047296,0.14001682875914878,1.2905892961003493,1.58662524861911,-0.1309607851483927
MG_L90_T-2_C50,90,-0.02,50.0,observed_2026,AUR,0.875,160,0.20061733255776248,0.33371261411956277,0.148562438823922,2.2462785126668727,3.167528687065395,-0.057418705525591585
MG_L90_T-2_C50,90,-0.02,50.0,observed_2026,QAUR,0.875,160,0.20054703114438932,0.3335896169964976,0.1485699752313578,2.2453366938846253,3.166054136146507,-0.05741870552559114
MG_L90_T-2_C100,90,-0.02,100.0,bridge,AUR,1.0,22,0.0016570682302721185,0.019146237094389118,0.13637363349341663,0.14039544598123063,0.39307262830926787,-0.05739971099287133
MG_L90_T-2_C100,90,-0.02,100.0,bridge,QAUR,1.0,22,-0.004261013285338566,-0.04773531502797379,0.17620952118709393,-0.27090088382505667,-0.4735245860962242,-0.050549381198343624
MG_L90_T-2_C100,90,-0.02,100.0,development,AUR,0.5517241379310345,604,0.038717855492415465,0.01597519188042451,0.09034292974968468,0.1768283575116211,0.16263014673262013,-0.19635647821689506
MG_L90_T-2_C100,90,-0.02,100.0,development,QAUR,0.5517241379310345,604,0.038717855492415465,0.01597519188042451,0.09034292974968468,0.1768283575116211,0.16263014673262013,-0.19635647821689506
MG_L90_T-2_C100,90,-0.02,100.0,historical_holdout,AUR,0.8666666666666667,312,0.14860585730149856,0.11840648170565582,0.1371617362248515,0.8632617591800538,1.0420066510365045,-0.13096078514839316
MG_L90_T-2_C100,90,-0.02,100.0,historical_holdout,QAUR,0.8666666666666667,312,0.20993203722677056,0.16639434119593388,0.14063179240428605,1.1831914985310439,1.458367329670771,-0.13096078514839316
MG_L90_T-2_C100,90,-0.02,100.0,observed_2026,AUR,0.875,160,0.18865207007879836,0.31283828426264715,0.14885097096403122,2.101687897879029,2.964497511238361,-0.06681240016110168
MG_L90_T-2_C100,90,-0.02,100.0,observed_2026,QAUR,0.875,160,0.18858246928404876,0.31271721220386484,0.14885845422710225,2.100768907130901,2.963069067131068,-0.06681240016110157
MG_L90_T0_C0,90,0.0,0.0,bridge,AUR,1.0,22,0.0016570682302721185,0.019146237094389118,0.13637363349341663,0.14039544598123063,0.39307262830926787,-0.05739971099287133
MG_L90_T0_C0,90,0.0,0.0,bridge,QAUR,1.0,22,-0.004261013285338566,-0.04773531502797379,0.17620952118709393,-0.27090088382505667,-0.4735245860962242,-0.050549381198343624
MG_L90_T0_C0,90,0.0,0.0,development,AUR,0.4482758620689655,604,0.04824957875327329,0.01985458070304702,0.0797924521526213,0.24882780472858004,0.19761240821265202,-0.1522509558934403
MG_L90_T0_C0,90,0.0,0.0,development,QAUR,0.4482758620689655,604,0.04824957875327329,0.01985458070304702,0.0797924521526213,0.24882780472858004,0.19761240821265202,-0.1522509558934403
MG_L90_T0_C0,90,0.0,0.0,historical_holdout,AUR,0.6666666666666666,312,0.03837950936214707,0.03088614742661866,0.12636647692338,0.24441725510275888,0.24683059242035438,-0.13096078514839316
MG_L90_T0_C0,90,0.0,0.0,historical_holdout,QAUR,0.6666666666666666,312,0.08637133470635883,0.06920109356346438,0.1260870853099193,0.5488356987027625,0.5566645384297573,-0.13096078514839316
MG_L90_T0_C0,90,0.0,0.0,observed_2026,AUR,0.25,160,0.04737987227905749,0.07563308572728378,0.09049642316141751,0.835757735887283,0.5762089530351784,-0.061739696923929444
MG_L90_T0_C0,90,0.0,0.0,observed_2026,QAUR,0.25,160,0.047318543591420514,0.0755338891135473,0.09050790099591141,0.8345557490827178,0.5753477753126646,-0.06173969692392922
MG_L90_T0_C25,90,0.0,25.0,bridge,AUR,1.0,22,0.0016570682302721185,0.019146237094389118,0.13637363349341663,0.14039544598123063,0.39307262830926787,-0.05739971099287133
MG_L90_T0_C25,90,0.0,25.0,bridge,QAUR,1.0,22,-0.004261013285338566,-0.04773531502797379,0.17620952118709393,-0.27090088382505667,-0.4735245860962242,-0.050549381198343624
MG_L90_T0_C25,90,0.0,25.0,development,AUR,0.4482758620689655,604,0.032718655908931416,0.013522884345423813,0.0794065501048711,0.17029935600481738,0.1359099854034633,-0.1522509558934404
MG_L90_T0_C25,90,0.0,25.0,development,QAUR,0.4482758620689655,604,0.032718655908931416,0.013522884345423813,0.0794065501048711,0.17029935600481738,0.1359099854034633,-0.1522509558934404
MG_L90_T0_C25,90,0.0,25.0,historical_holdout,AUR,0.6666666666666666,312,0.02036617612412317,0.016417648628205717,0.12637599216526596,0.12991113538982807,0.13332178341829481,-0.13096078514839327
MG_L90_T0_C25,90,0.0,25.0,historical_holdout,QAUR,0.6666666666666666,312,0.06753796295687287,0.054204815519873106,0.12603744771835812,0.43006913025562515,0.4442260935485917,-0.13096078514839327
MG_L90_T0_C25,90,0.0,25.0,observed_2026,AUR,0.25,160,0.03955360774883965,0.06300143718265239,0.09053805267571875,0.6958558895485129,0.49819571225958015,-0.06641663639870699
MG_L90_T0_C25,90,0.0,25.0,observed_2026,QAUR,0.25,160,0.03949273732333447,0.06290340547986784,0.0905494777193449,0.6946854588696232,0.49732215024098647,-0.06641663639870687
MG_L90_T0_C50,90,0.0,50.0,bridge,AUR,1.0,22,0.0016570682302721185,0.019146237094389118,0.13637363349341663,0.14039544598123063,0.39307262830926787,-0.05739971099287133
MG_L90_T0_C50,90,0.0,50.0,bridge,QAUR,1.0,22,-0.004261013285338566,-0.04773531502797379,0.17620952118709393,-0.27090088382505667,-0.4735245860962242,-0.050549381198343624
MG_L90_T0_C50,90,0.0,50.0,development,AUR,0.4482758620689655,604,0.017379961224640805,0.0072148522034678475,0.07921487805360093,0.09107950906123849,0.07284204812227534,-0.1522509558934405
MG_L90_T0_C50,90,0.0,50.0,development,QAUR,0.4482758620689655,604,0.017379961224640805,0.0072148522034678475,0.07921487805360093,0.09107950906123849,0.07284204812227534,-0.1522509558934405
MG_L90_T0_C50,90,0.0,50.0,historical_holdout,AUR,0.6666666666666666,312,0.0026213543445092746,0.002116714635690853,0.12665940908864481,0.016711862552662257,0.017252477022874527,-0.13096078514839338
MG_L90_T0_C50,90,0.0,50.0,historical_holdout,QAUR,0.6666666666666666,312,0.048985139630643104,0.03938209894698308,0.12626255573987857,0.3119063978723559,0.3242299681016263,-0.13096078514839338
MG_L90_T0_C50,90,0.0,50.0,observed_2026,AUR,0.25,160,0.03176642702864263,0.05048702492567325,0.09090101723899355,0.5554066000486514,0.4092479918752377,-0.07108189021575484
MG_L90_T0_C50,90,0.0,50.0,observed_2026,QAUR,0.25,160,0.031706012576739884,0.05039014732212066,0.09091234934418024,0.554271753899476,0.4083816002538902,-0.07108189021575473
MG_L90_T0_C100,90,0.0,100.0,bridge,AUR,1.0,22,0.0016570682302721185,0.019146237094389118,0.13637363349341663,0.14039544598123063,0.39307262830926787,-0.05739971099287133
MG_L90_T0_C100,90,0.0,100.0,bridge,QAUR,1.0,22,-0.004261013285338566,-0.04773531502797379,0.17620952118709393,-0.27090088382505667,-0.4735245860962242,-0.050549381198343624
MG_L90_T0_C100,90,0.0,100.0,development,AUR,0.4482758620689655,604,-0.012728361764218654,-0.005330338202713891,0.07941842415590364,-0.06711714894078084,-0.05361614647610547,-0.15451865816160826
MG_L90_T0_C100,90,0.0,100.0,development,QAUR,0.4482758620689655,604,-0.012728361764218654,-0.005330338202713891,0.07941842415590364,-0.06711714894078084,-0.05361614647610547,-0.15451865816160826
MG_L90_T0_C100,90,0.0,100.0,historical_holdout,AUR,0.6666666666666666,312,-0.03207609634508268,-0.025988558517393234,0.1280389150537702,-0.20297390450769817,-0.20970240142155305,-0.13096078514839327
MG_L90_T0_C100,90,0.0,100.0,historical_holdout,QAUR,0.6666666666666666,312,0.012707207937579179,0.01025103655583326,0.12752941354364244,0.08038174308960656,0.08367050519276206,-0.13096078514839327
MG_L90_T0_C100,90,0.0,100.0,observed_2026,AUR,0.25,160,0.016308925677358976,0.02580672082589741,0.09257248817572128,0.27877311428543483,0.21098697041545939,-0.08037734087666126
MG_L90_T0_C100,90,0.0,100.0,observed_2026,QAUR,0.25,160,0.01624941632999044,0.025712119279695855,0.09258352275517301,0.2777180918864876,0.21017773556002306,-0.08037734087666148
MG_L90_T2_C0,90,0.02,0.0,bridge,AUR,1.0,22,0.0016570682302721185,0.019146237094389118,0.13637363349341663,0.14039544598123063,0.39307262830926787,-0.05739971099287133
MG_L90_T2_C0,90,0.02,0.0,bridge,QAUR,1.0,22,-0.004261013285338566,-0.04773531502797379,0.17620952118709393,-0.27090088382505667,-0.4735245860962242,-0.050549381198343624
MG_L90_T2_C0,90,0.02,0.0,development,AUR,0.41379310344827586,604,0.015991810636136528,0.006641248582492487,0.07658600585781412,0.08671621542481675,0.06397397734199502,-0.1522509558934403
MG_L90_T2_C0,90,0.02,0.0,development,QAUR,0.41379310344827586,604,0.015991810636136528,0.006641248582492487,0.07658600585781412,0.08671621542481675,0.06397397734199502,-0.1522509558934403
MG_L90_T2_C0,90,0.02,0.0,historical_holdout,AUR,0.6666666666666666,312,0.03837950936214707,0.03088614742661866,0.12636647692338,0.24441725510275888,0.24683059242035438,-0.13096078514839316
MG_L90_T2_C0,90,0.02,0.0,historical_holdout,QAUR,0.6666666666666666,312,0.08637133470635883,0.06920109356346438,0.1260870853099193,0.5488356987027625,0.5566645384297573,-0.13096078514839316
MG_L90_T2_C0,90,0.02,0.0,observed_2026,AUR,0.25,160,0.04737987227905749,0.07563308572728378,0.09049642316141751,0.835757735887283,0.5762089530351784,-0.061739696923929444
MG_L90_T2_C0,90,0.02,0.0,observed_2026,QAUR,0.25,160,0.047318543591420514,0.0755338891135473,0.09050790099591141,0.8345557490827178,0.5753477753126646,-0.06173969692392922
MG_L90_T2_C25,90,0.02,25.0,bridge,AUR,1.0,22,0.0016570682302721185,0.019146237094389118,0.13637363349341663,0.14039544598123063,0.39307262830926787,-0.05739971099287133
MG_L90_T2_C25,90,0.02,25.0,bridge,QAUR,1.0,22,-0.004261013285338566,-0.04773531502797379,0.17620952118709393,-0.27090088382505667,-0.4735245860962242,-0.050549381198343624
MG_L90_T2_C25,90,0.02,25.0,development,AUR,0.41379310344827586,604,-0.004044873853685016,-0.0016895896983917247,0.07613255231578699,-0.02219273683855425,-0.016507267916926544,-0.1522509558934404
MG_L90_T2_C25,90,0.02,25.0,development,QAUR,0.41379310344827586,604,-0.004044873853685016,-0.0016895896983917247,0.07613255231578699,-0.02219273683855425,-0.016507267916926544,-0.1522509558934404
MG_L90_T2_C25,90,0.02,25.0,historical_holdout,AUR,0.6666666666666666,312,0.02036617612412317,0.016417648628205717,0.12637599216526596,0.12991113538982807,0.13332178341829481,-0.13096078514839327
MG_L90_T2_C25,90,0.02,25.0,historical_holdout,QAUR,0.6666666666666666,312,0.06753796295687287,0.054204815519873106,0.12603744771835812,0.43006913025562515,0.4442260935485917,-0.13096078514839327
MG_L90_T2_C25,90,0.02,25.0,observed_2026,AUR,0.25,160,0.03955360774883965,0.06300143718265239,0.09053805267571875,0.6958558895485129,0.49819571225958015,-0.06641663639870699
MG_L90_T2_C25,90,0.02,25.0,observed_2026,QAUR,0.25,160,0.03949273732333447,0.06290340547986784,0.0905494777193449,0.6946854588696232,0.49732215024098647,-0.06641663639870687
MG_L90_T2_C50,90,0.02,50.0,bridge,AUR,1.0,22,0.0016570682302721185,0.019146237094389118,0.13637363349341663,0.14039544598123063,0.39307262830926787,-0.05739971099287133
MG_L90_T2_C50,90,0.02,50.0,bridge,QAUR,1.0,22,-0.004261013285338566,-0.04773531502797379,0.17620952118709393,-0.27090088382505667,-0.4735245860962242,-0.050549381198343624
MG_L90_T2_C50,90,0.02,50.0,development,AUR,0.41379310344827586,604,-0.023734949552135842,-0.009972020313105512,0.07594835266141849,-0.13130002118098955,-0.09797247188590924,-0.1522509558934405
MG_L90_T2_C50,90,0.02,50.0,development,QAUR,0.41379310344827586,604,-0.023734949552135842,-0.009972020313105512,0.07594835266141849,-0.13130002118098955,-0.09797247188590924,-0.1522509558934405
MG_L90_T2_C50,90,0.02,50.0,historical_holdout,AUR,0.6666666666666666,312,0.0026213543445092746,0.002116714635690853,0.12665940908864481,0.016711862552662257,0.017252477022874527,-0.13096078514839338
MG_L90_T2_C50,90,0.02,50.0,historical_holdout,QAUR,0.6666666666666666,312,0.048985139630643104,0.03938209894698308,0.12626255573987857,0.3119063978723559,0.3242299681016263,-0.13096078514839338
MG_L90_T2_C50,90,0.02,50.0,observed_2026,AUR,0.25,160,0.03176642702864263,0.05048702492567325,0.09090101723899355,0.5554066000486514,0.4092479918752377,-0.07108189021575484
MG_L90_T2_C50,90,0.02,50.0,observed_2026,QAUR,0.25,160,0.031706012576739884,0.05039014732212066,0.09091234934418024,0.554271753899476,0.4083816002538902,-0.07108189021575473
MG_L90_T2_C100,90,0.02,100.0,bridge,AUR,1.0,22,0.0016570682302721185,0.019146237094389118,0.13637363349341663,0.14039544598123063,0.39307262830926787,-0.05739971099287133
MG_L90_T2_C100,90,0.02,100.0,bridge,QAUR,1.0,22,-0.004261013285338566,-0.04773531502797379,0.17620952118709393,-0.27090088382505667,-0.4735245860962242,-0.050549381198343624
MG_L90_T2_C100,90,0.02,100.0,development,AUR,0.41379310344827586,604,-0.06209581875491388,-0.02639230383305391,0.07639265890601168,-0.3454821996119444,-0.25887849774010363,-0.15451865816160826
MG_L90_T2_C100,90,0.02,100.0,development,QAUR,0.41379310344827586,604,-0.06209581875491388,-0.02639230383305391,0.07639265890601168,-0.3454821996119444,-0.25887849774010363,-0.15451865816160826
MG_L90_T2_C100,90,0.02,100.0,historical_holdout,AUR,0.6666666666666666,312,-0.03207609634508268,-0.025988558517393234,0.1280389150537702,-0.20297390450769817,-0.20970240142155305,-0.13096078514839327
MG_L90_T2_C100,90,0.02,100.0,historical_holdout,QAUR,0.6666666666666666,312,0.012707207937579179,0.01025103655583326,0.12752941354364244,0.08038174308960656,0.08367050519276206,-0.13096078514839327
MG_L90_T2_C100,90,0.02,100.0,observed_2026,AUR,0.25,160,0.016308925677358976,0.02580672082589741,0.09257248817572128,0.27877311428543483,0.21098697041545939,-0.08037734087666126
MG_L90_T2_C100,90,0.02,100.0,observed_2026,QAUR,0.25,160,0.01624941632999044,0.025712119279695855,0.09258352275517301,0.2777180918864876,0.21017773556002306,-0.08037734087666148
MG_L120_T-2_C0,120,-0.02,0.0,bridge,AUR,1.0,22,0.0016570682302721185,0.019146237094389118,0.13637363349341663,0.14039544598123063,0.39307262830926787,-0.05739971099287133
MG_L120_T-2_C0,120,-0.02,0.0,bridge,QAUR,1.0,22,-0.004261013285338566,-0.04773531502797379,0.17620952118709393,-0.27090088382505667,-0.4735245860962242,-0.050549381198343624
MG_L120_T-2_C0,120,-0.02,0.0,development,AUR,0.5172413793103449,604,0.05472601160423318,0.02247875693687762,0.11827484474711678,0.19005526479395857,0.14874973556242058,-0.30203319479990975
MG_L120_T-2_C0,120,-0.02,0.0,development,QAUR,0.5172413793103449,604,0.05472601160423318,0.02247875693687762,0.11827484474711678,0.19005526479395857,0.14874973556242058,-0.30203319479990975
MG_L120_T-2_C0,120,-0.02,0.0,historical_holdout,AUR,0.8666666666666667,312,0.15165041805143065,0.12080028606220883,0.13695151663188204,0.8820660700451619,1.075149550475939,-0.13096078514839338
MG_L120_T-2_C0,120,-0.02,0.0,historical_holdout,QAUR,0.8666666666666667,312,0.21313915267652184,0.16889085735627996,0.1404242249662634,1.202718814341725,1.4971068022057017,-0.13096078514839338
MG_L120_T-2_C0,120,-0.02,0.0,observed_2026,AUR,0.75,160,0.06066657208319315,0.0972023748206956,0.12821598807348167,0.7581143060332546,0.992104415998783,-0.10778780420055789
MG_L120_T-2_C0,120,-0.02,0.0,observed_2026,QAUR,0.75,160,0.0606044654009783,0.09710118905241694,0.12822415758425765,0.7572768726408716,0.9909575996153164,-0.10778780420055756
MG_L120_T-2_C25,120,-0.02,25.0,bridge,AUR,1.0,22,0.0016570682302721185,0.019146237094389118,0.13637363349341663,0.14039544598123063,0.39307262830926787,-0.05739971099287133
MG_L120_T-2_C25,120,-0.02,25.0,bridge,QAUR,1.0,22,-0.004261013285338566,-0.04773531502797379,0.17620952118709393,-0.27090088382505667,-0.4735245860962242,-0.050549381198343624
MG_L120_T-2_C25,120,-0.02,25.0,development,AUR,0.5172413793103449,604,0.03643386040177443,0.0150425331222388,0.11826347170826812,0.12719509164542084,0.10092874290273819,-0.30203319479990964
MG_L120_T-2_C25,120,-0.02,25.0,development,QAUR,0.5172413793103449,604,0.03643386040177443,0.0150425331222388,0.11826347170826812,0.12719509164542084,0.10092874290273819,-0.30203319479990964
MG_L120_T-2_C25,120,-0.02,25.0,historical_holdout,AUR,0.8666666666666667,312,0.14587889361186934,0.1162613538848638,0.13710734063385133,0.8479586384462283,1.036866307001374,-0.13096078514839327
MG_L120_T-2_C25,120,-0.02,25.0,historical_holdout,QAUR,0.8666666666666667,312,0.20705947592868745,0.16415717162275922,0.1405810607413859,1.1677047445583308,1.4581789282891697,-0.13096078514839327
MG_L120_T-2_C25,120,-0.02,25.0,observed_2026,AUR,0.75,160,0.052738738673794305,0.08431371728879067,0.12828114131093157,0.6572573055335439,0.8685290458047359,-0.10778780420055722
MG_L120_T-2_C25,120,-0.02,25.0,observed_2026,QAUR,0.75,160,0.05267709620101435,0.08421372013324557,0.12828927313625285,0.6564361779788421,0.8673973017998564,-0.10778780420055734
MG_L120_T-2_C50,120,-0.02,50.0,bridge,AUR,1.0,22,0.0016570682302721185,0.019146237094389118,0.13637363349341663,0.14039544598123063,0.39307262830926787,-0.05739971099287133
MG_L120_T-2_C50,120,-0.02,50.0,bridge,QAUR,1.0,22,-0.004261013285338566,-0.04773531502797379,0.17620952118709393,-0.27090088382505667,-0.4735245860962242,-0.050549381198343624
MG_L120_T-2_C50,120,-0.02,50.0,development,AUR,0.5172413793103449,604,0.01841430648876763,0.007641961932865593,0.11840482234086311,0.06454096870198375,0.0514505476880377,-0.3020331947999101
MG_L120_T-2_C50,120,-0.02,50.0,development,QAUR,0.5172413793103449,604,0.01841430648876763,0.007641961932865593,0.11840482234086311,0.06454096870198375,0.0514505476880377,-0.3020331947999101
MG_L120_T-2_C50,120,-0.02,50.0,historical_holdout,AUR,0.8666666666666667,312,0.14012186740987587,0.11172944161913367,0.13733628502423945,0.8135464098174329,0.9951254655900389,-0.13096078514839316
MG_L120_T-2_C50,120,-0.02,50.0,historical_holdout,QAUR,0.8666666666666667,312,0.20099507150599916,0.15943080700666545,0.14080921028692917,1.1322470077191027,1.4143621286727377,-0.13096078514839316
MG_L120_T-2_C50,120,-0.02,50.0,observed_2026,AUR,0.75,160,0.04485050778261068,0.07154471596282064,0.12857325697781358,0.5564509886777333,0.7450922308575945,-0.10778780420055711
MG_L120_T-2_C50,120,-0.02,50.0,observed_2026,QAUR,0.75,160,0.04478932720036477,0.07144589638512211,0.12858133686867365,0.5556474845030835,0.7439756877482455,-0.10778780420055745
MG_L120_T-2_C100,120,-0.02,100.0,bridge,AUR,1.0,22,0.0016570682302721185,0.019146237094389118,0.13637363349341663,0.14039544598123063,0.39307262830926787,-0.05739971099287133
MG_L120_T-2_C100,120,-0.02,100.0,bridge,QAUR,1.0,22,-0.004261013285338566,-0.04773531502797379,0.17620952118709393,-0.27090088382505667,-0.4735245860962242,-0.050549381198343624
MG_L120_T-2_C100,120,-0.02,100.0,development,AUR,0.5172413793103449,604,-0.016820550530390777,-0.00705255112894887,0.11914293305669964,-0.05919403650733182,-0.047518201176887695,-0.30203319479990987
MG_L120_T-2_C100,120,-0.02,100.0,development,QAUR,0.5172413793103449,604,-0.016820550530390777,-0.00705255112894887,0.11914293305669964,-0.05919403650733182,-0.047518201176887695,-0.30203319479990987
MG_L120_T-2_C100,120,-0.02,100.0,historical_holdout,AUR,0.8666666666666667,312,0.12865130971858751,0.10268670405665103,0.13801196318934575,0.7440420502950881,0.9071341753434766,-0.13120561416842846
MG_L120_T-2_C100,120,-0.02,100.0,historical_holdout,QAUR,0.8666666666666667,312,0.18891207963605172,0.15000006952943412,0.14147796283702008,1.0602362835986785,1.319892411081906,-0.13120561416842846
MG_L120_T-2_C100,120,-0.02,100.0,observed_2026,AUR,0.75,160,0.029192456904665542,0.04636242672285218,0.12983105762487407,0.3570981209812597,0.48371771644717987,-0.10778780420055722
MG_L120_T-2_C100,120,-0.02,100.0,observed_2026,QAUR,0.75,160,0.029132193170007037,0.04626592949637942,0.1298389929703898,0.3563330894512599,0.4826573738120728,-0.10778780420055811
MG_L120_T0_C0,120,0.0,0.0,bridge,AUR,1.0,22,0.0016570682302721185,0.019146237094389118,0.13637363349341663,0.14039544598123063,0.39307262830926787,-0.05739971099287133
MG_L120_T0_C0,120,0.0,0.0,bridge,QAUR,1.0,22,-0.004261013285338566,-0.04773531502797379,0.17620952118709393,-0.27090088382505667,-0.4735245860962242,-0.050549381198343624
MG_L120_T0_C0,120,0.0,0.0,development,AUR,0.5172413793103449,604,0.05472601160423318,0.02247875693687762,0.11827484474711678,0.19005526479395857,0.14874973556242058,-0.30203319479990975
MG_L120_T0_C0,120,0.0,0.0,development,QAUR,0.5172413793103449,604,0.05472601160423318,0.02247875693687762,0.11827484474711678,0.19005526479395857,0.14874973556242058,-0.30203319479990975
MG_L120_T0_C0,120,0.0,0.0,historical_holdout,AUR,0.6666666666666666,312,0.11425078666968513,0.09130907530294796,0.1334133191607521,0.6844074930249506,0.7431369089256202,-0.13096078514839327
MG_L120_T0_C0,120,0.0,0.0,historical_holdout,QAUR,0.6666666666666666,312,0.17374268616750066,0.13813425686505498,0.1370092991279893,1.0082108130194491,1.1186799248729196,-0.13096078514839327
MG_L120_T0_C0,120,0.0,0.0,observed_2026,AUR,0.375,160,0.09385540719169527,0.15175967951453906,0.10173216240154513,1.4917571388636295,1.2847167737482779,-0.03739451144014039
MG_L120_T0_C0,120,0.0,0.0,observed_2026,QAUR,0.375,160,0.09379135715754505,0.15165346238384436,0.10174262142168139,1.4905598092986323,1.2835857312568768,-0.0373945114401405
MG_L120_T0_C25,120,0.0,25.0,bridge,AUR,1.0,22,0.0016570682302721185,0.019146237094389118,0.13637363349341663,0.14039544598123063,0.39307262830926787,-0.05739971099287133
MG_L120_T0_C25,120,0.0,25.0,bridge,QAUR,1.0,22,-0.004261013285338566,-0.04773531502797379,0.17620952118709393,-0.27090088382505667,-0.4735245860962242,-0.050549381198343624
MG_L120_T0_C25,120,0.0,25.0,development,AUR,0.5172413793103449,604,0.03643386040177443,0.0150425331222388,0.11826347170826812,0.12719509164542084,0.10092874290273819,-0.30203319479990964
MG_L120_T0_C25,120,0.0,25.0,development,QAUR,0.5172413793103449,604,0.03643386040177443,0.0150425331222388,0.11826347170826812,0.12719509164542084,0.10092874290273819,-0.30203319479990964
MG_L120_T0_C25,120,0.0,25.0,historical_holdout,AUR,0.6666666666666666,312,0.10866669140408991,0.08688957439906964,0.1335700026219155,0.6505171273000575,0.7092078624624448,-0.13096078514839293
MG_L120_T0_C25,120,0.0,25.0,historical_holdout,QAUR,0.6666666666666666,312,0.16786044578206227,0.13352512688457385,0.13716685697483874,0.9734503642455486,1.0845357224208814,-0.13096078514839293
MG_L120_T0_C25,120,0.0,25.0,observed_2026,AUR,0.375,160,0.0911207686737161,0.1472278865017853,0.1018031546818309,1.4462016129256698,1.2633909428037982,-0.03739451144014039
MG_L120_T0_C25,120,0.0,25.0,observed_2026,QAUR,0.375,160,0.0910568787646513,0.1471220873003336,0.10181359232335925,1.4450142062866704,1.2622482738199194,-0.0373945114401405
MG_L120_T0_C50,120,0.0,50.0,bridge,AUR,1.0,22,0.0016570682302721185,0.019146237094389118,0.13637363349341663,0.14039544598123063,0.39307262830926787,-0.05739971099287133
MG_L120_T0_C50,120,0.0,50.0,bridge,QAUR,1.0,22,-0.004261013285338566,-0.04773531502797379,0.17620952118709393,-0.27090088382505667,-0.4735245860962242,-0.050549381198343624
MG_L120_T0_C50,120,0.0,50.0,development,AUR,0.5172413793103449,604,0.01841430648876763,0.007641961932865593,0.11840482234086311,0.06454096870198375,0.0514505476880377,-0.3020331947999101
MG_L120_T0_C50,120,0.0,50.0,development,QAUR,0.5172413793103449,604,0.01841430648876763,0.007641961932865593,0.11840482234086311,0.06454096870198375,0.0514505476880377,-0.3020331947999101
MG_L120_T0_C50,120,0.0,50.0,historical_holdout,AUR,0.6666666666666666,312,0.10309662354851157,0.08247690869441837,0.13380173710384433,0.6164113447227337,0.6726346024052676,-0.13096078514839327
MG_L120_T0_C50,120,0.0,50.0,historical_holdout,QAUR,0.6666666666666666,312,0.16199298175586985,0.12892312538361272,0.1373974986592799,0.9383222157727774,1.046357939033374,-0.13096078514839327
MG_L120_T0_C50,120,0.0,50.0,observed_2026,AUR,0.375,160,0.08838613015573671,0.14270261956979757,0.10197067833181861,1.3994475853679704,1.2320995471177119,-0.03739451144014039
MG_L120_T0_C50,120,0.0,50.0,observed_2026,QAUR,0.375,160,0.08832240037175731,0.14259723769574295,0.10198108476486618,1.3982714345951883,1.2309634602899473,-0.0373945114401405
MG_L120_T0_C100,120,0.0,100.0,bridge,AUR,1.0,22,0.0016570682302721185,0.019146237094389118,0.13637363349341663,0.14039544598123063,0.39307262830926787,-0.05739971099287133
MG_L120_T0_C100,120,0.0,100.0,bridge,QAUR,1.0,22,-0.004261013285338566,-0.04773531502797379,0.17620952118709393,-0.27090088382505667,-0.4735245860962242,-0.050549381198343624
MG_L120_T0_C100,120,0.0,100.0,development,AUR,0.5172413793103449,604,-0.016820550530390777,-0.00705255112894887,0.11914293305669964,-0.05919403650733182,-0.047518201176887695,-0.30203319479990987
MG_L120_T0_C100,120,0.0,100.0,development,QAUR,0.5172413793103449,604,-0.016820550530390777,-0.00705255112894887,0.11914293305669964,-0.05919403650733182,-0.047518201176887695,-0.30203319479990987
MG_L120_T0_C100,120,0.0,100.0,historical_holdout,AUR,0.6666666666666666,312,0.09199857006741818,0.07367210940034252,0.13448868166933434,0.5477941227907879,0.5962910921371763,-0.13096078514839293
MG_L120_T0_C100,120,0.0,100.0,historical_holdout,QAUR,0.6666666666666666,312,0.15030238278123131,0.11974053547559027,0.13807645255706172,0.8672046048264898,0.9645589303477466,-0.13096078514839293
MG_L120_T0_C100,120,0.0,100.0,observed_2026,AUR,0.375,160,0.08291685311977837,0.13367169182825123,0.10259315577565636,1.3029299159152026,1.1521284683328092,-0.03739451144014039
MG_L120_T0_C100,120,0.0,100.0,observed_2026,QAUR,0.375,160,0.08285344358596958,0.13356714280088222,0.10260347112004574,1.301779962635076,1.1510269535675934,-0.0373945114401405
MG_L120_T2_C0,120,0.02,0.0,bridge,AUR,1.0,22,0.0016570682302721185,0.019146237094389118,0.13637363349341663,0.14039544598123063,0.39307262830926787,-0.05739971099287133
MG_L120_T2_C0,120,0.02,0.0,bridge,QAUR,1.0,22,-0.004261013285338566,-0.04773531502797379,0.17620952118709393,-0.27090088382505667,-0.4735245860962242,-0.050549381198343624
MG_L120_T2_C0,120,0.02,0.0,development,AUR,0.3793103448275862,604,-0.14610873088170695,-0.0637757598000055,0.11202197346763139,-0.5693147319747355,-0.38946796682365353,-0.30203319479990975
MG_L120_T2_C0,120,0.02,0.0,development,QAUR,0.3793103448275862,604,-0.14610873088170695,-0.0637757598000055,0.11202197346763139,-0.5693147319747355,-0.38946796682365353,-0.30203319479990975
MG_L120_T2_C0,120,0.02,0.0,historical_holdout,AUR,0.6,312,0.09013804511915735,0.0721943550811619,0.13039344779053866,0.5536655123740069,0.5630297887322683,-0.13096078514839327
MG_L120_T2_C0,120,0.02,0.0,historical_holdout,QAUR,0.6,312,0.1483425209829905,0.11819937463311936,0.13409325727255406,0.8814714254637781,0.9166109207251385,-0.13096078514839327
MG_L120_T2_C0,120,0.02,0.0,observed_2026,AUR,0.375,160,0.09385540719169527,0.15175967951453906,0.10173216240154513,1.4917571388636295,1.2847167737482779,-0.03739451144014039
MG_L120_T2_C0,120,0.02,0.0,observed_2026,QAUR,0.375,160,0.09379135715754505,0.15165346238384436,0.10174262142168139,1.4905598092986323,1.2835857312568768,-0.0373945114401405
MG_L120_T2_C25,120,0.02,25.0,bridge,AUR,1.0,22,0.0016570682302721185,0.019146237094389118,0.13637363349341663,0.14039544598123063,0.39307262830926787,-0.05739971099287133
MG_L120_T2_C25,120,0.02,25.0,bridge,QAUR,1.0,22,-0.004261013285338566,-0.04773531502797379,0.17620952118709393,-0.27090088382505667,-0.4735245860962242,-0.050549381198343624
MG_L120_T2_C25,120,0.02,25.0,development,AUR,0.3793103448275862,604,-0.15882355650915136,-0.06961755736235997,0.11201640328006421,-0.6214943108671473,-0.430448931989003,-0.30203319479990964
MG_L120_T2_C25,120,0.02,25.0,development,QAUR,0.3793103448275862,604,-0.15882355650915136,-0.06961755736235997,0.11201640328006421,-0.6214943108671473,-0.430448931989003,-0.30203319479990964
MG_L120_T2_C25,120,0.02,25.0,historical_holdout,AUR,0.6,312,0.08195674181026136,0.06569044272503533,0.13061173834030074,0.5029444026989593,0.5146254371658546,-0.13096078514839316
MG_L120_T2_C25,120,0.02,25.0,historical_holdout,QAUR,0.6,312,0.13973513267318727,0.11142484777124717,0.13425655416338206,0.8299397259641411,0.8696419334040102,-0.13096078514839316
MG_L120_T2_C25,120,0.02,25.0,observed_2026,AUR,0.375,160,0.0911207686737161,0.1472278865017853,0.1018031546818309,1.4462016129256698,1.2633909428037982,-0.03739451144014039
MG_L120_T2_C25,120,0.02,25.0,observed_2026,QAUR,0.375,160,0.0910568787646513,0.1471220873003336,0.10181359232335925,1.4450142062866704,1.2622482738199194,-0.0373945114401405
MG_L120_T2_C50,120,0.02,50.0,bridge,AUR,1.0,22,0.0016570682302721185,0.019146237094389118,0.13637363349341663,0.14039544598123063,0.39307262830926787,-0.05739971099287133
MG_L120_T2_C50,120,0.02,50.0,bridge,QAUR,1.0,22,-0.004261013285338566,-0.04773531502797379,0.17620952118709393,-0.27090088382505667,-0.4735245860962242,-0.050549381198343624
MG_L120_T2_C50,120,0.02,50.0,development,AUR,0.3793103448275862,604,-0.171380214835944,-0.07543741028486683,0.11214926925522815,-0.6726518218606236,-0.46773892055824884,-0.3020331947999101
MG_L120_T2_C50,120,0.02,50.0,development,QAUR,0.3793103448275862,604,-0.171380214835944,-0.07543741028486683,0.11214926925522815,-0.6726518218606236,-0.46773892055824884,-0.3020331947999101
MG_L120_T2_C50,120,0.02,50.0,historical_holdout,AUR,0.6,312,0.0738164739363305,0.0592097590051337,0.1309446250835893,0.45217403133070017,0.46362634589903956,-0.13096078514839316
MG_L120_T2_C50,120,0.02,50.0,historical_holdout,QAUR,0.6,312,0.13117086293989422,0.10467448573255944,0.13453154539409046,0.7780664782072552,0.817848763219333,-0.13096078514839316
MG_L120_T2_C50,120,0.02,50.0,observed_2026,AUR,0.375,160,0.08838613015573671,0.14270261956979757,0.10197067833181861,1.3994475853679704,1.2320995471177119,-0.03739451144014039
MG_L120_T2_C50,120,0.02,50.0,observed_2026,QAUR,0.375,160,0.08832240037175731,0.14259723769574295,0.10198108476486618,1.3982714345951883,1.2309634602899473,-0.0373945114401405
MG_L120_T2_C100,120,0.02,100.0,bridge,AUR,1.0,22,0.0016570682302721185,0.019146237094389118,0.13637363349341663,0.14039544598123063,0.39307262830926787,-0.05739971099287133
MG_L120_T2_C100,120,0.02,100.0,bridge,QAUR,1.0,22,-0.004261013285338566,-0.04773531502797379,0.17620952118709393,-0.27090088382505667,-0.4735245860962242,-0.050549381198343624
MG_L120_T2_C100,120,0.02,100.0,development,AUR,0.3793103448275862,604,-0.1960253295822595,-0.08701139291793725,0.11282784388271482,-0.7711872346721974,-0.540082403634474,-0.30203319479990987
MG_L120_T2_C100,120,0.02,100.0,development,QAUR,0.3793103448275862,604,-0.1960253295822595,-0.08701139291793725,0.11282784388271482,-0.7711872346721974,-0.540082403634474,-0.30203319479990987
MG_L120_T2_C100,120,0.02,100.0,historical_holdout,AUR,0.6,312,0.05765863181175557,0.0463179785341965,0.1319504193687951,0.3510256258052502,0.35909571295513787,-0.13096078514839316
MG_L120_T2_C100,120,0.02,100.0,historical_holdout,QAUR,0.6,312,0.11417124611650942,0.09124615332701858,0.13541361263928509,0.6738329444771566,0.7080479905890518,-0.13096078514839316
MG_L120_T2_C100,120,0.02,100.0,observed_2026,AUR,0.375,160,0.08291685311977837,0.13367169182825123,0.10259315577565636,1.3029299159152026,1.1521284683328092,-0.03739451144014039
MG_L120_T2_C100,120,0.02,100.0,observed_2026,QAUR,0.375,160,0.08285344358596958,0.13356714280088222,0.10260347112004574,1.301779962635076,1.1510269535675934,-0.0373945114401405
MG_L160_T-2_C0,160,-0.02,0.0,bridge,AUR,1.0,22,0.0016570682302721185,0.019146237094389118,0.13637363349341663,0.14039544598123063,0.39307262830926787,-0.05739971099287133
MG_L160_T-2_C0,160,-0.02,0.0,bridge,QAUR,1.0,22,-0.004261013285338566,-0.04773531502797379,0.17620952118709393,-0.27090088382505667,-0.4735245860962242,-0.050549381198343624
MG_L160_T-2_C0,160,-0.02,0.0,development,AUR,0.5862068965517241,604,0.0002384078125814426,9.946125104942638e-05,0.12310925081180994,0.0008079104567167507,0.0006692904395726709,-0.30203319479990975
MG_L160_T-2_C0,160,-0.02,0.0,development,QAUR,0.5862068965517241,604,0.0002384078125814426,9.946125104942638e-05,0.12310925081180994,0.0008079104567167507,0.0006692904395726709,-0.30203319479990975
MG_L160_T-2_C0,160,-0.02,0.0,historical_holdout,AUR,0.8666666666666667,312,0.16065883187577756,0.12787609472678207,0.13614836480666395,0.939240768028108,1.1314449426670004,-0.13096078514839293
MG_L160_T-2_C0,160,-0.02,0.0,historical_holdout,QAUR,0.8666666666666667,312,0.2226285422886214,0.17627027022695319,0.13963355011252107,1.2623776311990142,1.5530415955374235,-0.13096078514839293
MG_L160_T-2_C0,160,-0.02,0.0,observed_2026,AUR,0.75,160,0.20159553777796946,0.3354244806079436,0.14294487607017653,2.3465302837666755,3.3119268993061595,-0.07321775939687791
MG_L160_T-2_C0,160,-0.02,0.0,observed_2026,QAUR,0.75,160,0.20152517908638745,0.33530132561379555,0.14295270980652544,2.345540186454653,3.3103364438279423,-0.07321775939687825
MG_L160_T-2_C25,160,-0.02,25.0,bridge,AUR,1.0,22,0.0016570682302721185,0.019146237094389118,0.13637363349341663,0.14039544598123063,0.39307262830926787,-0.05739971099287133
MG_L160_T-2_C25,160,-0.02,25.0,bridge,QAUR,1.0,22,-0.004261013285338566,-0.04773531502797379,0.17620952118709393,-0.27090088382505667,-0.4735245860962242,-0.050549381198343624
MG_L160_T-2_C25,160,-0.02,25.0,development,AUR,0.5862068965517241,604,-0.01216704381396927,-0.005094430126540872,0.12304163790534478,-0.041404115007474034,-0.034491599038586104,-0.30203319479990964
MG_L160_T-2_C25,160,-0.02,25.0,development,QAUR,0.5862068965517241,604,-0.01216704381396927,-0.005094430126540872,0.12304163790534478,-0.041404115007474034,-0.034491599038586104,-0.30203319479990964
MG_L160_T-2_C25,160,-0.02,25.0,historical_holdout,AUR,0.8666666666666667,312,0.14910008456200252,0.1187951537694345,0.13622935028965263,0.8720231985020165,1.0583671268648425,-0.13096078514839304
MG_L160_T-2_C25,160,-0.02,25.0,historical_holdout,QAUR,0.8666666666666667,312,0.21045265218999076,0.1667996901483828,0.13972229752478585,1.193794355684665,1.4798906512514434,-0.13096078514839304
MG_L160_T-2_C25,160,-0.02,25.0,observed_2026,AUR,0.75,160,0.19260727038848247,0.3197251338111815,0.14313456476638994,2.233738121417459,3.2026009380032736,-0.07784495961642068
MG_L160_T-2_C25,160,-0.02,25.0,observed_2026,QAUR,0.75,160,0.19253743799939893,0.31960342663605457,0.14314235806508843,2.2327662542119593,3.201008170482615,-0.07784495961642057
MG_L160_T-2_C50,160,-0.02,50.0,bridge,AUR,1.0,22,0.0016570682302721185,0.019146237094389118,0.13637363349341663,0.14039544598123063,0.39307262830926787,-0.05739971099287133
MG_L160_T-2_C50,160,-0.02,50.0,bridge,QAUR,1.0,22,-0.004261013285338566,-0.04773531502797379,0.17620952118709393,-0.27090088382505667,-0.4735245860962242,-0.050549381198343624
MG_L160_T-2_C50,160,-0.02,50.0,development,AUR,0.5862068965517241,604,-0.02444910256741062,-0.010274243096835667,0.12307926252694447,-0.08347663843522327,-0.06966145018352661,-0.3020331947999101
MG_L160_T-2_C50,160,-0.02,50.0,development,QAUR,0.5862068965517241,604,-0.02444910256741062,-0.010274243096835667,0.12307926252694447,-0.08347663843522327,-0.06966145018352661,-0.3020331947999101
MG_L160_T-2_C50,160,-0.02,50.0,historical_holdout,AUR,0.8666666666666667,312,0.13762788605768783,0.109764822361063,0.13645691471791246,0.804391793468084,0.9808700846018112,-0.13096078514839338
MG_L160_T-2_C50,160,-0.02,50.0,historical_holdout,QAUR,0.8666666666666667,312,0.19836793190099078,0.15738189114047207,0.13995394809494285,1.1245262694104659,1.4006598189447819,-0.13096078514839338
MG_L160_T-2_C50,160,-0.02,50.0,observed_2026,AUR,0.75,160,0.18366393828720673,0.3041716521426694,0.14352731183465162,2.1192597301138445,3.0811592562382852,-0.0824605796624387
MG_L160_T-2_C50,160,-0.02,50.0,observed_2026,QAUR,0.75,160,0.18359462956946215,0.3040513793346442,0.14353505383463303,2.118307488043599,3.0795849388279244,-0.08246057966243914
MG_L160_T-2_C100,160,-0.02,100.0,bridge,AUR,1.0,22,0.0016570682302721185,0.019146237094389118,0.13637363349341663,0.14039544598123063,0.39307262830926787,-0.05739971099287133
MG_L160_T-2_C100,160,-0.02,100.0,bridge,QAUR,1.0,22,-0.004261013285338566,-0.04773531502797379,0.17620952118709393,-0.27090088382505667,-0.4735245860962242,-0.050549381198343624
MG_L160_T-2_C100,160,-0.02,100.0,development,AUR,0.5862068965517241,604,-0.04864672806293391,-0.020591645952295456,0.12346957043723229,-0.16677506756827623,-0.1401601597150117,-0.30203319479990987
MG_L160_T-2_C100,160,-0.02,100.0,development,QAUR,0.5862068965517241,604,-0.04864672806293391,-0.020591645952295456,0.12346957043723229,-0.16677506756827623,-0.1401601597150117,-0.30203319479990987
MG_L160_T-2_C100,160,-0.02,100.0,historical_holdout,AUR,0.8666666666666667,312,0.11494140409382059,0.09185536425632734,0.1373483968666841,0.6687763843759011,0.8167707725730212,-0.14175899671848147
MG_L160_T-2_C100,160,-0.02,100.0,historical_holdout,QAUR,0.8666666666666667,312,0.17447017692650646,0.1387039856303125,0.140842703291336,0.9848148493955025,1.2284868383950918,-0.14175899671848147
MG_L160_T-2_C100,160,-0.02,100.0,observed_2026,AUR,0.75,160,0.16591162953005334,0.27349831284428716,0.1449145237446245,1.8873078127507728,2.7627552662319013,-0.09165707923390454
MG_L160_T-2_C100,160,-0.02,100.0,observed_2026,QAUR,0.75,160,0.1658433602878886,0.27338086878096424,0.14492213226239847,1.8863983334579717,2.7612722381548798,-0.09165707923390409
MG_L160_T0_C0,160,0.0,0.0,bridge,AUR,1.0,22,0.0016570682302721185,0.019146237094389118,0.13637363349341663,0.14039544598123063,0.39307262830926787,-0.05739971099287133
MG_L160_T0_C0,160,0.0,0.0,bridge,QAUR,1.0,22,-0.004261013285338566,-0.04773531502797379,0.17620952118709393,-0.27090088382505667,-0.4735245860962242,-0.050549381198343624
MG_L160_T0_C0,160,0.0,0.0,development,AUR,0.5517241379310345,604,0.034614834136087236,0.014298885020691987,0.12225806191021617,0.1169565818178338,0.09371178748003575,-0.30203319479990975
MG_L160_T0_C0,160,0.0,0.0,development,QAUR,0.5517241379310345,604,0.034614834136087236,0.014298885020691987,0.12225806191021617,0.1169565818178338,0.09371178748003575,-0.30203319479990975
MG_L160_T0_C0,160,0.0,0.0,historical_holdout,AUR,0.8,312,0.1328188391402032,0.10597418294891803,0.13542764236043667,0.7825151579237485,0.9139836159995337,-0.13096078514839327
MG_L160_T0_C0,160,0.0,0.0,historical_holdout,QAUR,0.8,312,0.1933021211209036,0.15342860543249248,0.13895492054137246,1.1041610101659598,1.317403748905066,-0.13096078514839327
MG_L160_T0_C0,160,0.0,0.0,observed_2026,AUR,0.625,160,0.16137847765991897,0.2657084903143401,0.1380078001326999,1.9253150188529269,2.5224636483232246,-0.07134796043527825
MG_L160_T0_C0,160,0.0,0.0,observed_2026,QAUR,0.625,160,0.16131047385368746,0.265591764640982,0.13801577062934073,1.9243580891510084,2.5210695599752175,-0.07134796043527847
MG_L160_T0_C25,160,0.0,25.0,bridge,AUR,1.0,22,0.0016570682302721185,0.019146237094389118,0.13637363349341663,0.14039544598123063,0.39307262830926787,-0.05739971099287133
MG_L160_T0_C25,160,0.0,25.0,bridge,QAUR,1.0,22,-0.004261013285338566,-0.04773531502797379,0.17620952118709393,-0.27090088382505667,-0.4735245860962242,-0.050549381198343624
MG_L160_T0_C25,160,0.0,25.0,development,AUR,0.5517241379310345,604,0.021783029061678727,0.00903125071298172,0.12219235211274651,0.07391011431426259,0.059575480446860146,-0.30203319479990964
MG_L160_T0_C25,160,0.0,25.0,development,QAUR,0.5517241379310345,604,0.021783029061678727,0.00903125071298172,0.12219235211274651,0.07391011431426259,0.059575480446860146,-0.30203319479990964
MG_L160_T0_C25,160,0.0,25.0,historical_holdout,AUR,0.8,312,0.12152178189029894,0.09705728688451876,0.13558735652017628,0.7158284472496225,0.8441828120629838,-0.1366936632208784
MG_L160_T0_C25,160,0.0,25.0,historical_holdout,QAUR,0.8,312,0.18140189320011135,0.14412910897867515,0.1391204095136605,1.036002621632039,1.248211220728708,-0.1366936632208784
MG_L160_T0_C25,160,0.0,25.0,observed_2026,AUR,0.625,160,0.15269104501772923,0.25082872974262793,0.1381857091781103,1.8151568004715293,2.4194816907329817,-0.07598449611010538
MG_L160_T0_C25,160,0.0,25.0,observed_2026,QAUR,0.625,160,0.15262354989880156,0.25071337630473023,0.13819363828071235,1.8142179294495224,2.418081800794487,-0.07598449611010516
MG_L160_T0_C50,160,0.0,50.0,bridge,AUR,1.0,22,0.0016570682302721185,0.019146237094389118,0.13637363349341663,0.14039544598123063,0.39307262830926787,-0.05739971099287133
MG_L160_T0_C50,160,0.0,50.0,bridge,QAUR,1.0,22,-0.004261013285338566,-0.04773531502797379,0.17620952118709393,-0.27090088382505667,-0.4735245860962242,-0.050549381198343624
MG_L160_T0_C50,160,0.0,50.0,development,AUR,0.5517241379310345,604,0.0090788576553531,0.00377789469795764,0.12223261148486642,0.030907420303503703,0.024958862444322133,-0.3020331947999101
MG_L160_T0_C50,160,0.0,50.0,development,QAUR,0.5517241379310345,604,0.0090788576553531,0.00377789469795764,0.12223261148486642,0.030907420303503703,0.024958862444322133,-0.3020331947999101
MG_L160_T0_C50,160,0.0,50.0,historical_holdout,AUR,0.8,312,0.11030943109799507,0.08819015501702943,0.13589411773189733,0.6489622692206438,0.768147738270299,-0.14532451965673954
MG_L160_T0_C50,160,0.0,50.0,historical_holdout,QAUR,0.8,312,0.1695908943705342,0.1348815119716329,0.139429199943973,0.9673835324726278,1.1699090916697696,-0.14532451965673954
MG_L160_T0_C50,160,0.0,50.0,observed_2026,AUR,0.625,160,0.14404704369246213,0.23608721939318134,0.13857397706683242,1.703690868880234,2.3079297894429915,-0.08060942824821105
MG_L160_T0_C50,160,0.0,50.0,observed_2026,QAUR,0.625,160,0.14398005471774367,0.23597322544108557,0.1385818529086029,1.7027714703505512,2.3065451998766124,-0.08060942824821105
MG_L160_T0_C100,160,0.0,100.0,bridge,AUR,1.0,22,0.0016570682302721185,0.019146237094389118,0.13637363349341663,0.14039544598123063,0.39307262830926787,-0.05739971099287133
MG_L160_T0_C100,160,0.0,100.0,bridge,QAUR,1.0,22,-0.004261013285338566,-0.04773531502797379,0.17620952118709393,-0.27090088382505667,-0.4735245860962242,-0.050549381198343624
MG_L160_T0_C100,160,0.0,100.0,development,AUR,0.5517241379310345,604,-0.015950397463221133,-0.006685994763107828,0.1226303455504595,-0.05452153570224344,-0.044363184808089456,-0.30203319479990987
MG_L160_T0_C100,160,0.0,100.0,development,QAUR,0.5517241379310345,604,-0.015950397463221133,-0.006685994763107828,0.1226303455504595,-0.05452153570224344,-0.044363184808089456,-0.30203319479990987
MG_L160_T0_C100,160,0.0,100.0,historical_holdout,AUR,0.8,312,0.08813715200510641,0.07060456950580196,0.13694435499745342,0.5155712296948268,0.6099026038546737,-0.162391926951731
MG_L160_T0_C100,160,0.0,100.0,historical_holdout,QAUR,0.8,312,0.14623479650433802,0.11654137557003463,0.14047246656938503,0.8296385648818243,1.0026295699238814,-0.162391926951731
MG_L160_T0_C100,160,0.0,100.0,observed_2026,AUR,0.625,160,0.1268888996488713,0.20701518533957564,0.13997363910628863,1.4789583714572083,2.0227679424601854,-0.08982448191425807
MG_L160_T0_C100,160,0.0,100.0,observed_2026,QAUR,0.625,160,0.1268229153587801,0.20690387245723407,0.1399813747276376,1.4780814437621281,2.0214632404514674,-0.08982448191425818
MG_L160_T2_C0,160,0.02,0.0,bridge,AUR,1.0,22,0.0016570682302721185,0.019146237094389118,0.13637363349341663,0.14039544598123063,0.39307262830926787,-0.05739971099287133
MG_L160_T2_C0,160,0.02,0.0,bridge,QAUR,1.0,22,-0.004261013285338566,-0.04773531502797379,0.17620952118709393,-0.27090088382505667,-0.4735245860962242,-0.050549381198343624
MG_L160_T2_C0,160,0.02,0.0,development,AUR,0.5517241379310345,604,0.034614834136087236,0.014298885020691987,0.12225806191021617,0.1169565818178338,0.09371178748003575,-0.30203319479990975
MG_L160_T2_C0,160,0.02,0.0,development,QAUR,0.5517241379310345,604,0.034614834136087236,0.014298885020691987,0.12225806191021617,0.1169565818178338,0.09371178748003575,-0.30203319479990975
MG_L160_T2_C0,160,0.02,0.0,historical_holdout,AUR,0.6666666666666666,312,0.07371423536062349,0.05912830421584858,0.13064984733042675,0.45257078690882113,0.48043633159533305,-0.13096078514839316
MG_L160_T2_C0,160,0.02,0.0,historical_holdout,QAUR,0.6666666666666666,312,0.1310418138049403,0.10457269413692227,0.13435800025854858,0.7783138624844842,0.8451664833839345,-0.13096078514839316
MG_L160_T2_C0,160,0.02,0.0,observed_2026,AUR,0.375,160,0.09385540719169527,0.15175967951453906,0.10173216240154513,1.4917571388636295,1.2847167737482779,-0.03739451144014039
MG_L160_T2_C0,160,0.02,0.0,observed_2026,QAUR,0.375,160,0.09379135715754505,0.15165346238384436,0.10174262142168139,1.4905598092986323,1.2835857312568768,-0.0373945114401405
MG_L160_T2_C25,160,0.02,25.0,bridge,AUR,1.0,22,0.0016570682302721185,0.019146237094389118,0.13637363349341663,0.14039544598123063,0.39307262830926787,-0.05739971099287133
MG_L160_T2_C25,160,0.02,25.0,bridge,QAUR,1.0,22,-0.004261013285338566,-0.04773531502797379,0.17620952118709393,-0.27090088382505667,-0.4735245860962242,-0.050549381198343624
MG_L160_T2_C25,160,0.02,25.0,development,AUR,0.5517241379310345,604,0.021783029061678727,0.00903125071298172,0.12219235211274651,0.07391011431426259,0.059575480446860146,-0.30203319479990964
MG_L160_T2_C25,160,0.02,25.0,development,QAUR,0.5517241379310345,604,0.021783029061678727,0.00903125071298172,0.12219235211274651,0.07391011431426259,0.059575480446860146,-0.30203319479990964
MG_L160_T2_C25,160,0.02,25.0,historical_holdout,AUR,0.6666666666666666,312,0.05240714557418391,0.04211986624392683,0.13094900817478097,0.3216508993157731,0.3489583387726809,-0.13251314312244067
MG_L160_T2_C25,160,0.02,25.0,historical_holdout,QAUR,0.6666666666666666,312,0.10860753608349838,0.08684273337186421,0.1346127591536913,0.6451300301534815,0.7172275524150333,-0.13251314312244067
MG_L160_T2_C25,160,0.02,25.0,observed_2026,AUR,0.375,160,0.0911207686737161,0.1472278865017853,0.1018031546818309,1.4462016129256698,1.2633909428037982,-0.03739451144014039
MG_L160_T2_C25,160,0.02,25.0,observed_2026,QAUR,0.375,160,0.0910568787646513,0.1471220873003336,0.10181359232335925,1.4450142062866704,1.2622482738199194,-0.0373945114401405
MG_L160_T2_C50,160,0.02,50.0,bridge,AUR,1.0,22,0.0016570682302721185,0.019146237094389118,0.13637363349341663,0.14039544598123063,0.39307262830926787,-0.05739971099287133
MG_L160_T2_C50,160,0.02,50.0,bridge,QAUR,1.0,22,-0.004261013285338566,-0.04773531502797379,0.17620952118709393,-0.27090088382505667,-0.4735245860962242,-0.050549381198343624
MG_L160_T2_C50,160,0.02,50.0,development,AUR,0.5517241379310345,604,0.0090788576553531,0.00377789469795764,0.12223261148486642,0.030907420303503703,0.024958862444322133,-0.3020331947999101
MG_L160_T2_C50,160,0.02,50.0,development,QAUR,0.5517241379310345,604,0.0090788576553531,0.00377789469795764,0.12223261148486642,0.030907420303503703,0.024958862444322133,-0.3020331947999101
MG_L160_T2_C50,160,0.02,50.0,historical_holdout,AUR,0.6666666666666666,312,0.031470948400279974,0.025342869987083905,0.13154791579595804,0.19265124676238005,0.210813541000753,-0.14118579407232257
MG_L160_T2_C50,160,0.02,50.0,historical_holdout,QAUR,0.6666666666666666,312,0.08656358988636348,0.06935391972444882,0.13515942029422084,0.5131267918542135,0.5759995562984327,-0.14118579407232257
MG_L160_T2_C50,160,0.02,50.0,observed_2026,AUR,0.375,160,0.08838613015573671,0.14270261956979757,0.10197067833181861,1.3994475853679704,1.2320995471177119,-0.03739451144014039
MG_L160_T2_C50,160,0.02,50.0,observed_2026,QAUR,0.375,160,0.08832240037175731,0.14259723769574295,0.10198108476486618,1.3982714345951883,1.2309634602899473,-0.0373945114401405
MG_L160_T2_C100,160,0.02,100.0,bridge,AUR,1.0,22,0.0016570682302721185,0.019146237094389118,0.13637363349341663,0.14039544598123063,0.39307262830926787,-0.05739971099287133
MG_L160_T2_C100,160,0.02,100.0,bridge,QAUR,1.0,22,-0.004261013285338566,-0.04773531502797379,0.17620952118709393,-0.27090088382505667,-0.4735245860962242,-0.050549381198343624
MG_L160_T2_C100,160,0.02,100.0,development,AUR,0.5517241379310345,604,-0.015950397463221133,-0.006685994763107828,0.1226303455504595,-0.05452153570224344,-0.044363184808089456,-0.30203319479990987
MG_L160_T2_C100,160,0.02,100.0,development,QAUR,0.5517241379310345,604,-0.015950397463221133,-0.006685994763107828,0.1226303455504595,-0.05452153570224344,-0.044363184808089456,-0.30203319479990987
MG_L160_T2_C100,160,0.02,100.0,historical_holdout,AUR,0.6666666666666666,312,-0.00931088936989144,-0.007527091552306353,0.13362683408763165,-0.0563291916904215,-0.06174727761833488,-0.15922547348509952
MG_L160_T2_C100,160,0.02,100.0,historical_holdout,QAUR,0.6666666666666666,312,0.043623422251102495,0.03508901294237532,0.13711262031735025,0.2559138091093366,0.2882323252202848,-0.15922547348509952
MG_L160_T2_C100,160,0.02,100.0,observed_2026,AUR,0.375,160,0.08291685311977837,0.13367169182825123,0.10259315577565636,1.3029299159152026,1.1521284683328092,-0.03739451144014039
MG_L160_T2_C100,160,0.02,100.0,observed_2026,QAUR,0.375,160,0.08285344358596958,0.13356714280088222,0.10260347112004574,1.301779962635076,1.1510269535675934,-0.0373945114401405
MG_L200_T-2_C0,200,-0.02,0.0,bridge,AUR,1.0,22,0.0016570682302721185,0.019146237094389118,0.13637363349341663,0.14039544598123063,0.39307262830926787,-0.05739971099287133
MG_L200_T-2_C0,200,-0.02,0.0,bridge,QAUR,1.0,22,-0.004261013285338566,-0.04773531502797379,0.17620952118709393,-0.27090088382505667,-0.4735245860962242,-0.050549381198343624
MG_L200_T-2_C0,200,-0.02,0.0,development,AUR,0.6206896551724138,604,-0.019145486912339638,-0.008032870696284666,0.1272596729841991,-0.06312188698836314,-0.05582195788250396,-0.30203319479990975
MG_L200_T-2_C0,200,-0.02,0.0,development,QAUR,0.6206896551724138,604,-0.019145486912339638,-0.008032870696284666,0.1272596729841991,-0.06312188698836314,-0.05582195788250396,-0.30203319479990975
MG_L200_T-2_C0,200,-0.02,0.0,historical_holdout,AUR,0.9333333333333333,312,0.1596244284353805,0.12706414349929318,0.13525306778469334,0.9394547981829444,1.1466188173589134,-0.13096078514839304
MG_L200_T-2_C0,200,-0.02,0.0,historical_holdout,QAUR,0.9333333333333333,312,0.22153891014544813,0.17542348032313848,0.1387617664297574,1.2642061630999746,1.5765015609267925,-0.13096078514839304
MG_L200_T-2_C0,200,-0.02,0.0,observed_2026,AUR,0.875,160,0.15677464053046264,0.2578150757961668,0.14775705988791377,1.744857917393195,2.6716322329759814,-0.10778780420055822
MG_L200_T-2_C0,200,-0.02,0.0,observed_2026,QAUR,0.875,160,0.15670690629909867,0.25769907806619696,0.14776449249375742,1.7439851328091147,2.6701483835717004,-0.10778780420055745
MG_L200_T-2_C25,200,-0.02,25.0,bridge,AUR,1.0,22,0.0016570682302721185,0.019146237094389118,0.13637363349341663,0.14039544598123063,0.39307262830926787,-0.05739971099287133
MG_L200_T-2_C25,200,-0.02,25.0,bridge,QAUR,1.0,22,-0.004261013285338566,-0.04773531502797379,0.17620952118709393,-0.27090088382505667,-0.4735245860962242,-0.050549381198343624
MG_L200_T-2_C25,200,-0.02,25.0,development,AUR,0.6206896551724138,604,-0.02648265911056591,-0.01113553189649874,0.1272862434253241,-0.08748417422682209,-0.07752446555053923,-0.30203319479990964
MG_L200_T-2_C25,200,-0.02,25.0,development,QAUR,0.6206896551724138,604,-0.02648265911056591,-0.01113553189649874,0.1272862434253241,-0.08748417422682209,-0.07752446555053923,-0.30203319479990964
MG_L200_T-2_C25,200,-0.02,25.0,historical_holdout,AUR,0.9333333333333333,312,0.15382676863688038,0.12251070896834793,0.13534060812885493,0.905202885239795,1.1095906931099684,-0.13096078514839304
MG_L200_T-2_C25,200,-0.02,25.0,historical_holdout,QAUR,0.9333333333333333,312,0.21544314519817398,0.1706835717195596,0.13879725517305044,1.2297330484436004,1.542373341305333,-0.13096078514839304
MG_L200_T-2_C25,200,-0.02,25.0,observed_2026,AUR,0.875,160,0.1538827039291366,0.25286598991200737,0.1478159285960988,1.710681604571546,2.6309435307622966,-0.10778780420055822
MG_L200_T-2_C25,200,-0.02,25.0,observed_2026,QAUR,0.875,160,0.1538151390333511,0.2527504485947003,0.14782334854040252,1.7098141199637316,2.6294617228329646,-0.10778780420055745
MG_L200_T-2_C50,200,-0.02,50.0,bridge,AUR,1.0,22,0.0016570682302721185,0.019146237094389118,0.13637363349341663,0.14039544598123063,0.39307262830926787,-0.05739971099287133
MG_L200_T-2_C50,200,-0.02,50.0,bridge,QAUR,1.0,22,-0.004261013285338566,-0.04773531502797379,0.17620952118709393,-0.27090088382505667,-0.4735245860962242,-0.050549381198343624
MG_L200_T-2_C50,200,-0.02,50.0,development,AUR,0.6206896551724138,604,-0.033783150707695,-0.01423623741446256,0.12737403567888964,-0.11176718503567055,-0.09907307397656816,-0.3020331947999101
MG_L200_T-2_C50,200,-0.02,50.0,development,QAUR,0.6206896551724138,604,-0.033783150707695,-0.01423623741446256,0.12737403567888964,-0.11176718503567055,-0.09907307397656816,-0.3020331947999101
MG_L200_T-2_C50,200,-0.02,50.0,historical_holdout,AUR,0.9333333333333333,312,0.14804363815531185,0.11796430010192283,0.1355023817239521,0.8705699383368909,1.0686189884471753,-0.13096078514839304
MG_L200_T-2_C50,200,-0.02,50.0,historical_holdout,QAUR,0.9333333333333333,312,0.20936262795852678,0.1659509627653144,0.13890520380855834,1.1947065928072143,1.502001234463308,-0.13096078514839304
MG_L200_T-2_C50,200,-0.02,50.0,observed_2026,AUR,0.875,160,0.15099076732781036,0.2479240310378652,0.14794132704127477,1.6758267348020734,2.5877339185880923,-0.10778780420055822
MG_L200_T-2_C50,200,-0.02,50.0,observed_2026,QAUR,0.875,160,0.15092337176760307,0.24780894547595644,0.14794873100319905,1.6749649949386733,2.5862583543140842,-0.10778780420055745
MG_L200_T-2_C100,200,-0.02,100.0,bridge,AUR,1.0,22,0.0016570682302721185,0.019146237094389118,0.13637363349341663,0.14039544598123063,0.39307262830926787,-0.05739971099287133
MG_L200_T-2_C100,200,-0.02,100.0,bridge,QAUR,1.0,22,-0.004261013285338566,-0.04773531502797379,0.17620952118709393,-0.27090088382505667,-0.4735245860962242,-0.050549381198343624
MG_L200_T-2_C100,200,-0.02,100.0,development,AUR,0.6206896551724138,604,-0.04827445976315958,-0.020431766690629294,0.12773269265247367,-0.15995722212024951,-0.1419658230669513,-0.30203319479990987
MG_L200_T-2_C100,200,-0.02,100.0,development,QAUR,0.6206896551724138,604,-0.04827445976315958,-0.020431766690629294,0.12773269265247367,-0.15995722212024951,-0.1419658230669513,-0.30203319479990987
MG_L200_T-2_C100,200,-0.02,100.0,historical_holdout,AUR,0.9333333333333333,312,0.13652096514295886,0.10889258655481959,0.13604744791133758,0.8004015380412364,0.9814329979461703,-0.13096078514839304
MG_L200_T-2_C100,200,-0.02,100.0,historical_holdout,QAUR,0.9333333333333333,312,0.19724733660211968,0.15650767200426619,0.13933769407493224,1.123225650053462,1.4132369723563802,-0.13096078514839304
MG_L200_T-2_C100,200,-0.02,100.0,observed_2026,AUR,0.875,160,0.14520689412515808,0.23806152476699904,0.14839094900547778,1.6042860185374994,2.4809640172290357,-0.10778780420055822
MG_L200_T-2_C100,200,-0.02,100.0,observed_2026,QAUR,0.875,160,0.14513983723610768,0.2379473487412862,0.14839831120661787,1.6034370391856243,2.4795166387219814,-0.10778780420055745
MG_L200_T0_C0,200,0.0,0.0,bridge,AUR,1.0,22,0.0016570682302721185,0.019146237094389118,0.13637363349341663,0.14039544598123063,0.39307262830926787,-0.05739971099287133
MG_L200_T0_C0,200,0.0,0.0,bridge,QAUR,1.0,22,-0.004261013285338566,-0.04773531502797379,0.17620952118709393,-0.27090088382505667,-0.4735245860962242,-0.050549381198343624
MG_L200_T0_C0,200,0.0,0.0,development,AUR,0.5862068965517241,604,-0.05100899805000725,-0.02160702839776185,0.12643395699491178,-0.170895769707116,-0.1477421394898617,-0.30203319479990975
MG_L200_T0_C0,200,0.0,0.0,development,QAUR,0.5862068965517241,604,-0.05100899805000725,-0.02160702839776185,0.12643395699491178,-0.170895769707116,-0.1477421394898617,-0.30203319479990975
MG_L200_T0_C0,200,0.0,0.0,historical_holdout,AUR,0.9333333333333333,312,0.1596244284353805,0.12706414349929318,0.13525306778469334,0.9394547981829444,1.1466188173589134,-0.13096078514839304
MG_L200_T0_C0,200,0.0,0.0,historical_holdout,QAUR,0.9333333333333333,312,0.22153891014544813,0.17542348032313848,0.1387617664297574,1.2642061630999746,1.5765015609267925,-0.13096078514839304
MG_L200_T0_C0,200,0.0,0.0,observed_2026,AUR,0.75,160,0.1882416769713815,0.3121244555957945,0.13593809522700626,2.2960778954168104,3.2033845588116083,-0.05179061230882831
MG_L200_T0_C0,200,0.0,0.0,observed_2026,QAUR,0.75,160,0.1881721002069503,0.3120034493674422,0.13594628290529048,2.2950495055815923,3.201693397790762,-0.051790612308827755
MG_L200_T0_C25,200,0.0,25.0,bridge,AUR,1.0,22,0.0016570682302721185,0.019146237094389118,0.13637363349341663,0.14039544598123063,0.39307262830926787,-0.05739971099287133
MG_L200_T0_C25,200,0.0,25.0,bridge,QAUR,1.0,22,-0.004261013285338566,-0.04773531502797379,0.17620952118709393,-0.27090088382505667,-0.4735245860962242,-0.050549381198343624
MG_L200_T0_C25,200,0.0,25.0,development,AUR,0.5862068965517241,604,-0.06279751986806204,-0.026696277526181644,0.12642971915543755,-0.2111550805025535,-0.18332486739532874,-0.30203319479990964
MG_L200_T0_C25,200,0.0,25.0,development,QAUR,0.5862068965517241,604,-0.06279751986806204,-0.026696277526181644,0.12642971915543755,-0.2111550805025535,-0.18332486739532874,-0.30203319479990964
MG_L200_T0_C25,200,0.0,25.0,historical_holdout,AUR,0.9333333333333333,312,0.15382676863688038,0.12251070896834793,0.13534060812885493,0.905202885239795,1.1095906931099684,-0.13096078514839304
MG_L200_T0_C25,200,0.0,25.0,historical_holdout,QAUR,0.9333333333333333,312,0.21544314519817398,0.1706835717195596,0.13879725517305044,1.2297330484436004,1.542373341305333,-0.13096078514839304
MG_L200_T0_C25,200,0.0,25.0,observed_2026,AUR,0.75,160,0.18527107277895305,0.30696168028294557,0.13600677863939975,2.2569586851020524,3.1691264197359255,-0.05179061230882831
MG_L200_T0_C25,200,0.0,25.0,observed_2026,QAUR,0.75,160,0.18520166995643295,0.3068411501740389,0.13601495163929048,2.2559369133753533,3.167434053996538,-0.051790612308827755
MG_L200_T0_C50,200,0.0,50.0,bridge,AUR,1.0,22,0.0016570682302721185,0.019146237094389118,0.13637363349341663,0.14039544598123063,0.39307262830926787,-0.05739971099287133
MG_L200_T0_C50,200,0.0,50.0,bridge,QAUR,1.0,22,-0.004261013285338566,-0.04773531502797379,0.17620952118709393,-0.27090088382505667,-0.4735245860962242,-0.050549381198343624
MG_L200_T0_C50,200,0.0,50.0,development,AUR,0.5862068965517241,604,-0.07446859937247907,-0.03177171013167446,0.12652788417110322,-0.25110441338535056,-0.2182318206124906,-0.3020331947999101
MG_L200_T0_C50,200,0.0,50.0,development,QAUR,0.5862068965517241,604,-0.07446859937247907,-0.03177171013167446,0.12652788417110322,-0.25110441338535056,-0.2182318206124906,-0.3020331947999101
MG_L200_T0_C50,200,0.0,50.0,historical_holdout,AUR,0.9333333333333333,312,0.14804363815531185,0.11796430010192283,0.1355023817239521,0.8705699383368909,1.0686189884471753,-0.13096078514839304
MG_L200_T0_C50,200,0.0,50.0,historical_holdout,QAUR,0.9333333333333333,312,0.20936262795852678,0.1659509627653144,0.13890520380855834,1.1947065928072143,1.502001234463308,-0.13096078514839304
MG_L200_T0_C50,200,0.0,50.0,observed_2026,AUR,0.75,160,0.1823004685865246,0.30180633970698234,0.13614774855937478,2.216756008824949,3.126240905501949,-0.05179061230882831
MG_L200_T0_C50,200,0.0,50.0,observed_2026,QAUR,0.75,160,0.1822312397059156,0.301686285031878,0.13615590256434637,2.215741509181382,3.1245568999236597,-0.051790612308827755
MG_L200_T0_C100,200,0.0,100.0,bridge,AUR,1.0,22,0.0016570682302721185,0.019146237094389118,0.13637363349341663,0.14039544598123063,0.39307262830926787,-0.05739971099287133
MG_L200_T0_C100,200,0.0,100.0,bridge,QAUR,1.0,22,-0.004261013285338566,-0.04773531502797379,0.17620952118709393,-0.27090088382505667,-0.4735245860962242,-0.050549381198343624
MG_L200_T0_C100,200,0.0,100.0,development,AUR,0.5862068965517241,604,-0.09746194581389644,-0.04188113770351998,0.1270302255185268,-0.329694271836208,-0.2879838042346437,-0.30203319479990987
MG_L200_T0_C100,200,0.0,100.0,development,QAUR,0.5862068965517241,604,-0.09746194581389644,-0.04188113770351998,0.1270302255185268,-0.329694271836208,-0.2879838042346437,-0.30203319479990987
MG_L200_T0_C100,200,0.0,100.0,historical_holdout,AUR,0.9333333333333333,312,0.13652096514295886,0.10889258655481959,0.13604744791133758,0.8004015380412364,0.9814329979461703,-0.13096078514839304
MG_L200_T0_C100,200,0.0,100.0,historical_holdout,QAUR,0.9333333333333333,312,0.19724733660211968,0.15650767200426619,0.13933769407493224,1.123225650053462,1.4132369723563802,-0.13096078514839304
MG_L200_T0_C100,200,0.0,100.0,observed_2026,AUR,0.75,160,0.1763592602016677,0.2915179945277202,0.13664553831584428,2.133388313447174,3.0108959503738557,-0.05336850199389698
MG_L200_T0_C100,200,0.0,100.0,observed_2026,QAUR,0.75,160,0.1762903792048809,0.2913988886603611,0.13665364162896745,2.132390217975656,3.009252569711231,-0.05336850199389642
MG_L200_T2_C0,200,0.02,0.0,bridge,AUR,1.0,22,0.0016570682302721185,0.019146237094389118,0.13637363349341663,0.14039544598123063,0.39307262830926787,-0.05739971099287133
MG_L200_T2_C0,200,0.02,0.0,bridge,QAUR,1.0,22,-0.004261013285338566,-0.04773531502797379,0.17620952118709393,-0.27090088382505667,-0.4735245860962242,-0.050549381198343624
MG_L200_T2_C0,200,0.02,0.0,development,AUR,0.4827586206896552,604,-0.10451703206235563,-0.045013067311902355,0.12312745422395074,-0.3655810769061318,-0.28723551521363955,-0.30203319479990975
MG_L200_T2_C0,200,0.02,0.0,development,QAUR,0.4827586206896552,604,-0.10451703206235563,-0.045013067311902355,0.12312745422395074,-0.3655810769061318,-0.28723551521363955,-0.30203319479990975
MG_L200_T2_C0,200,0.02,0.0,historical_holdout,AUR,0.7333333333333333,312,0.2123604742842904,0.1682848272177313,0.09774476687678434,1.7216760814404393,2.31258358264584,-0.08963343757604803
MG_L200_T2_C0,200,0.02,0.0,historical_holdout,QAUR,0.7333333333333333,312,0.27709063050595617,0.21841283438704506,0.10249286256400453,2.1310053102541757,2.9966983988278657,-0.06740945704014445
MG_L200_T2_C0,200,0.02,0.0,observed_2026,AUR,0.625,160,0.2342818098051338,0.3930848447637385,0.13061786358396868,3.009426383023337,3.776855327871739,-0.03739451144014039
MG_L200_T2_C0,200,0.02,0.0,observed_2026,QAUR,0.625,160,0.23420953718889104,0.3929563722380398,0.13062654990526354,3.008242754042192,3.7750296148380555,-0.0373945114401405
MG_L200_T2_C25,200,0.02,25.0,bridge,AUR,1.0,22,0.0016570682302721185,0.019146237094389118,0.13637363349341663,0.14039544598123063,0.39307262830926787,-0.05739971099287133
MG_L200_T2_C25,200,0.02,25.0,bridge,QAUR,1.0,22,-0.004261013285338566,-0.04773531502797379,0.17620952118709393,-0.27090088382505667,-0.4735245860962242,-0.050549381198343624
MG_L200_T2_C25,200,0.02,25.0,development,AUR,0.4827586206896552,604,-0.11343755301014613,-0.04899376674567102,0.12316021415810292,-0.3978051441415721,-0.3142351154292312,-0.30203319479990964
MG_L200_T2_C25,200,0.02,25.0,development,QAUR,0.4827586206896552,604,-0.11343755301014613,-0.04899376674567102,0.12316021415810292,-0.3978051441415721,-0.3142351154292312,-0.30203319479990964
MG_L200_T2_C25,200,0.02,25.0,historical_holdout,AUR,0.7333333333333333,312,0.19129728536282742,0.1518631696690267,0.09805030329774633,1.5488291679003632,2.1181493840422987,-0.08963343757604814
MG_L200_T2_C25,200,0.02,25.0,historical_holdout,QAUR,0.7333333333333333,312,0.2549146533478659,0.20129570152579368,0.10273358065211187,1.9593953627241327,2.806223844277201,-0.06740945704014323
MG_L200_T2_C25,200,0.02,25.0,observed_2026,AUR,0.625,160,0.23119610528062107,0.3876035171239878,0.13069646973003138,2.965677021916717,3.7543952051978606,-0.03739451144014039
MG_L200_T2_C25,200,0.02,25.0,observed_2026,QAUR,0.625,160,0.23112401334591892,0.387475550095143,0.13070513985516505,2.96450124703976,3.7525607969989943,-0.0373945114401405
MG_L200_T2_C50,200,0.02,50.0,bridge,AUR,1.0,22,0.0016570682302721185,0.019146237094389118,0.13637363349341663,0.14039544598123063,0.39307262830926787,-0.05739971099287133
MG_L200_T2_C50,200,0.02,50.0,bridge,QAUR,1.0,22,-0.004261013285338566,-0.04773531502797379,0.17620952118709393,-0.27090088382505667,-0.4735245860962242,-0.050549381198343624
MG_L200_T2_C50,200,0.02,50.0,development,AUR,0.4827586206896552,604,-0.12229126060073015,-0.05296779955880626,0.12327718304987974,-0.42966425942240033,-0.3399466245444576,-0.3020331947999101
MG_L200_T2_C50,200,0.02,50.0,development,QAUR,0.4827586206896552,604,-0.12229126060073015,-0.05296779955880626,0.12327718304987974,-0.42966425942240033,-0.3399466245444576,-0.3020331947999101
MG_L200_T2_C50,200,0.02,50.0,historical_holdout,AUR,0.7333333333333333,312,0.17054854557995514,0.1356319860024131,0.09870660621743749,1.3740922841945749,1.8922957415959616,-0.08963343757604791
MG_L200_T2_C50,200,0.02,50.0,historical_holdout,QAUR,0.7333333333333333,312,0.23306956128447864,0.1843770031886398,0.10330972809878608,1.7847012723945626,2.5814876346001734,-0.06740945704014356
MG_L200_T2_C50,200,0.02,50.0,observed_2026,AUR,0.625,160,0.2281104007561081,0.3821300829574785,0.13085027937511545,2.9203612310372367,3.7160155645337793,-0.03739451144014039
MG_L200_T2_C50,200,0.02,50.0,observed_2026,QAUR,0.625,160,0.22803848950294658,0.38200262069753865,0.1308589283502054,2.9191941697338457,3.714190392959158,-0.0373945114401405
MG_L200_T2_C100,200,0.02,100.0,bridge,AUR,1.0,22,0.0016570682302721185,0.019146237094389118,0.13637363349341663,0.14039544598123063,0.39307262830926787,-0.05739971099287133
MG_L200_T2_C100,200,0.02,100.0,bridge,QAUR,1.0,22,-0.004261013285338566,-0.04773531502797379,0.17620952118709393,-0.27090088382505667,-0.4735245860962242,-0.050549381198343624
MG_L200_T2_C100,200,0.02,100.0,development,AUR,0.4827586206896552,604,-0.1397995726573108,-0.06089584314170904,0.12376262078485732,-0.49203744034773866,-0.39052233239503625,-0.30203319479990987
MG_L200_T2_C100,200,0.02,100.0,development,QAUR,0.4827586206896552,604,-0.1397995726573108,-0.06089584314170904,0.12376262078485732,-0.49203744034773866,-0.39052233239503625,-0.30203319479990987
MG_L200_T2_C100,200,0.02,100.0,historical_holdout,AUR,0.7333333333333333,312,0.1299787656942104,0.10373409623697105,0.10104052259829208,1.0266583502283322,1.3870029503694048,-0.0896334375760478
MG_L200_T2_C100,200,0.02,100.0,historical_holdout,QAUR,0.7333333333333333,312,0.1903555756001154,0.15112767965795104,0.10544311926309206,1.4332626037064689,2.0417535530902606,-0.0674094570401429
MG_L200_T2_C100,200,0.02,100.0,observed_2026,AUR,0.625,160,0.22193899170708242,0.3712069287659654,0.13138232353650653,2.8253947622019338,3.599107464046033,-0.03739451144014039
MG_L200_T2_C100,200,0.02,100.0,observed_2026,QAUR,0.625,160,0.22186744181700213,0.37108047385687937,0.1313909156592497,2.8242475668503793,3.5973325524440227,-0.0373945114401405
MG_L252_T-2_C0,252,-0.02,0.0,bridge,AUR,1.0,22,0.0016570682302721185,0.019146237094389118,0.13637363349341663,0.14039544598123063,0.39307262830926787,-0.05739971099287133
MG_L252_T-2_C0,252,-0.02,0.0,bridge,QAUR,1.0,22,-0.004261013285338566,-0.04773531502797379,0.17620952118709393,-0.27090088382505667,-0.4735245860962242,-0.050549381198343624
MG_L252_T-2_C0,252,-0.02,0.0,development,AUR,0.6206896551724138,604,-0.03255147232571254,-0.013712157007025993,0.13194479601204995,-0.10392343935848536,-0.09425304501519835,-0.30203319479990975
MG_L252_T-2_C0,252,-0.02,0.0,development,QAUR,0.6206896551724138,604,-0.03255147232571254,-0.013712157007025993,0.13194479601204995,-0.10392343935848536,-0.09425304501519835,-0.30203319479990975
MG_L252_T-2_C0,252,-0.02,0.0,historical_holdout,AUR,1.0,312,0.18527413790450242,0.1471570638480173,0.13814042888808578,1.0652715141577875,1.3671019587374638,-0.13096078514839304
MG_L252_T-2_C0,252,-0.02,0.0,historical_holdout,QAUR,1.0,312,0.24855810479343488,0.1963785346582212,0.1415559870500527,1.38728526253562,1.8176326669913965,-0.13096078514839304
MG_L252_T-2_C0,252,-0.02,0.0,observed_2026,AUR,1.0,160,0.18052929449148492,0.29873609351657837,0.1597043386682117,1.8705571558528997,2.8770990645859573,-0.10778780420055822
MG_L252_T-2_C0,252,-0.02,0.0,observed_2026,QAUR,1.0,160,0.18046016932089115,0.29861632198451704,0.15971129254617944,1.869725785972048,2.8757220984192573,-0.10778780420055745
MG_L252_T-2_C25,252,-0.02,25.0,bridge,AUR,1.0,22,0.0016570682302721185,0.019146237094389118,0.13637363349341663,0.14039544598123063,0.39307262830926787,-0.05739971099287133
MG_L252_T-2_C25,252,-0.02,25.0,bridge,QAUR,1.0,22,-0.004261013285338566,-0.04773531502797379,0.17620952118709393,-0.27090088382505667,-0.4735245860962242,-0.050549381198343624
MG_L252_T-2_C25,252,-0.02,25.0,development,AUR,0.6206896551724138,604,-0.044569347864974906,-0.018842502976412767,0.13194234814908826,-0.14280860724959724,-0.13002558682630166,-0.30203319479990964
MG_L252_T-2_C25,252,-0.02,25.0,development,QAUR,0.6206896551724138,604,-0.044569347864974906,-0.018842502976412767,0.13194234814908826,-0.14280860724959724,-0.13002558682630166,-0.30203319479990964
MG_L252_T-2_C25,252,-0.02,25.0,historical_holdout,AUR,1.0,312,0.18527413790450242,0.1471570638480173,0.13814042888808578,1.0652715141577875,1.3671019587374638,-0.13096078514839304
MG_L252_T-2_C25,252,-0.02,25.0,historical_holdout,QAUR,1.0,312,0.24855810479343488,0.1963785346582212,0.1415559870500527,1.38728526253562,1.8176326669913965,-0.13096078514839304
MG_L252_T-2_C25,252,-0.02,25.0,observed_2026,AUR,1.0,160,0.18052929449148492,0.29873609351657837,0.1597043386682117,1.8705571558528997,2.8770990645859573,-0.10778780420055822
MG_L252_T-2_C25,252,-0.02,25.0,observed_2026,QAUR,1.0,160,0.18046016932089115,0.29861632198451704,0.15971129254617944,1.869725785972048,2.8757220984192573,-0.10778780420055745
MG_L252_T-2_C50,252,-0.02,50.0,bridge,AUR,1.0,22,0.0016570682302721185,0.019146237094389118,0.13637363349341663,0.14039544598123063,0.39307262830926787,-0.05739971099287133
MG_L252_T-2_C50,252,-0.02,50.0,bridge,QAUR,1.0,22,-0.004261013285338566,-0.04773531502797379,0.17620952118709393,-0.27090088382505667,-0.4735245860962242,-0.050549381198343624
MG_L252_T-2_C50,252,-0.02,50.0,development,AUR,0.6206896551724138,604,-0.05646749545653096,-0.02395892076744377,0.13203802656163355,-0.18145470203812894,-0.16539460928716213,-0.3020331947999101
MG_L252_T-2_C50,252,-0.02,50.0,development,QAUR,0.6206896551724138,604,-0.05646749545653096,-0.02395892076744377,0.13203802656163355,-0.18145470203812894,-0.16539460928716213,-0.3020331947999101
MG_L252_T-2_C50,252,-0.02,50.0,historical_holdout,AUR,1.0,312,0.18527413790450242,0.1471570638480173,0.13814042888808578,1.0652715141577875,1.3671019587374638,-0.13096078514839304
MG_L252_T-2_C50,252,-0.02,50.0,historical_holdout,QAUR,1.0,312,0.24855810479343488,0.1963785346582212,0.1415559870500527,1.38728526253562,1.8176326669913965,-0.13096078514839304
MG_L252_T-2_C50,252,-0.02,50.0,observed_2026,AUR,1.0,160,0.18052929449148492,0.29873609351657837,0.1597043386682117,1.8705571558528997,2.8770990645859573,-0.10778780420055822
MG_L252_T-2_C50,252,-0.02,50.0,observed_2026,QAUR,1.0,160,0.18046016932089115,0.29861632198451704,0.15971129254617944,1.869725785972048,2.8757220984192573,-0.10778780420055745
MG_L252_T-2_C100,252,-0.02,100.0,bridge,AUR,1.0,22,0.0016570682302721185,0.019146237094389118,0.13637363349341663,0.14039544598123063,0.39307262830926787,-0.05739971099287133
MG_L252_T-2_C100,252,-0.02,100.0,bridge,QAUR,1.0,22,-0.004261013285338566,-0.04773531502797379,0.17620952118709393,-0.27090088382505667,-0.4735245860962242,-0.050549381198343624
MG_L252_T-2_C100,252,-0.02,100.0,development,AUR,0.6206896551724138,604,-0.07990818958735035,-0.034149983840557896,0.13252269410544962,-0.25769159064472696,-0.23600655796268066,-0.30203319479990987
MG_L252_T-2_C100,252,-0.02,100.0,development,QAUR,0.6206896551724138,604,-0.07990818958735035,-0.034149983840557896,0.13252269410544962,-0.25769159064472696,-0.23600655796268066,-0.30203319479990987
MG_L252_T-2_C100,252,-0.02,100.0,historical_holdout,AUR,1.0,312,0.18527413790450242,0.1471570638480173,0.13814042888808578,1.0652715141577875,1.3671019587374638,-0.13096078514839304
MG_L252_T-2_C100,252,-0.02,100.0,historical_holdout,QAUR,1.0,312,0.24855810479343488,0.1963785346582212,0.1415559870500527,1.38728526253562,1.8176326669913965,-0.13096078514839304
MG_L252_T-2_C100,252,-0.02,100.0,observed_2026,AUR,1.0,160,0.18052929449148492,0.29873609351657837,0.1597043386682117,1.8705571558528997,2.8770990645859573,-0.10778780420055822
MG_L252_T-2_C100,252,-0.02,100.0,observed_2026,QAUR,1.0,160,0.18046016932089115,0.29861632198451704,0.15971129254617944,1.869725785972048,2.8757220984192573,-0.10778780420055745
MG_L252_T0_C0,252,0.0,0.0,bridge,AUR,1.0,22,0.0016570682302721185,0.019146237094389118,0.13637363349341663,0.14039544598123063,0.39307262830926787,-0.05739971099287133
MG_L252_T0_C0,252,0.0,0.0,bridge,QAUR,1.0,22,-0.004261013285338566,-0.04773531502797379,0.17620952118709393,-0.27090088382505667,-0.4735245860962242,-0.050549381198343624
MG_L252_T0_C0,252,0.0,0.0,development,AUR,0.5517241379310345,604,-0.02656953892190661,-0.011172352156055165,0.12990001142384178,-0.0860073223519717,-0.07368493396510896,-0.30203319479990975
MG_L252_T0_C0,252,0.0,0.0,development,QAUR,0.5517241379310345,604,-0.02656953892190661,-0.011172352156055165,0.12990001142384178,-0.0860073223519717,-0.07368493396510896,-0.30203319479990975
MG_L252_T0_C0,252,0.0,0.0,historical_holdout,AUR,0.9333333333333333,312,0.1482818741717007,0.11815167622092315,0.13644611615171673,0.8659218712355896,1.0784196002363806,-0.13096078514839327
MG_L252_T0_C0,252,0.0,0.0,historical_holdout,QAUR,0.9333333333333333,312,0.20959075604160993,0.16612860268282725,0.1399343127566374,1.1871898993904724,1.5104072140262215,-0.13096078514839327
MG_L252_T0_C0,252,0.0,0.0,observed_2026,AUR,0.875,160,0.15677464053046264,0.2578150757961668,0.14775705988791377,1.744857917393195,2.6716322329759814,-0.10778780420055822
MG_L252_T0_C0,252,0.0,0.0,observed_2026,QAUR,0.875,160,0.15670690629909867,0.25769907806619696,0.14776449249375742,1.7439851328091147,2.6701483835717004,-0.10778780420055745
MG_L252_T0_C25,252,0.0,25.0,bridge,AUR,1.0,22,0.0016570682302721185,0.019146237094389118,0.13637363349341663,0.14039544598123063,0.39307262830926787,-0.05739971099287133
MG_L252_T0_C25,252,0.0,25.0,bridge,QAUR,1.0,22,-0.004261013285338566,-0.04773531502797379,0.17620952118709393,-0.27090088382505667,-0.4735245860962242,-0.050549381198343624
MG_L252_T0_C25,252,0.0,25.0,development,AUR,0.5517241379310345,604,-0.03623243016597277,-0.015279566435949188,0.12982225424454377,-0.11769604930112638,-0.10125724745472534,-0.30203319479990964
MG_L252_T0_C25,252,0.0,25.0,development,QAUR,0.5517241379310345,604,-0.03623243016597277,-0.015279566435949188,0.12982225424454377,-0.11769604930112638,-0.10125724745472534,-0.30203319479990964
MG_L252_T0_C25,252,0.0,25.0,historical_holdout,AUR,0.9333333333333333,312,0.14540790899548428,0.11589076106168616,0.13648857824096464,0.8490876127164727,1.058901446196737,-0.13096078514839293
MG_L252_T0_C25,252,0.0,25.0,historical_holdout,QAUR,0.9333333333333333,312,0.20656334457711734,0.16377067764323372,0.13997815769242766,1.169973089680785,1.4905808168225247,-0.13096078514839293
MG_L252_T0_C25,252,0.0,25.0,observed_2026,AUR,0.875,160,0.1538827039291366,0.25286598991200737,0.1478159285960988,1.710681604571546,2.6309435307622966,-0.10778780420055822
MG_L252_T0_C25,252,0.0,25.0,observed_2026,QAUR,0.875,160,0.1538151390333511,0.2527504485947003,0.14782334854040252,1.7098141199637316,2.6294617228329646,-0.10778780420055745
MG_L252_T0_C50,252,0.0,50.0,bridge,AUR,1.0,22,0.0016570682302721185,0.019146237094389118,0.13637363349341663,0.14039544598123063,0.39307262830926787,-0.05739971099287133
MG_L252_T0_C50,252,0.0,50.0,bridge,QAUR,1.0,22,-0.004261013285338566,-0.04773531502797379,0.17620952118709393,-0.27090088382505667,-0.4735245860962242,-0.050549381198343624
MG_L252_T0_C50,252,0.0,50.0,development,AUR,0.5517241379310345,604,-0.04582320257477468,-0.01937992632914254,0.12982441822631363,-0.14927797554508504,-0.12859617856953998,-0.3020331947999101
MG_L252_T0_C50,252,0.0,50.0,development,QAUR,0.5517241379310345,604,-0.04582320257477468,-0.01937992632914254,0.12982441822631363,-0.14927797554508504,-0.12859617856953998,-0.3020331947999101
MG_L252_T0_C50,252,0.0,50.0,historical_holdout,AUR,0.9333333333333333,312,0.1425339438192681,0.11362875469448186,0.13656799596332303,0.832030622496637,1.0383700564166554,-0.13096078514839316
MG_L252_T0_C50,252,0.0,50.0,historical_holdout,QAUR,0.9333333333333333,312,0.20353593311262475,0.161411614574829,0.1400580362889115,1.1524623566895467,1.4693311470249188,-0.13096078514839316
MG_L252_T0_C50,252,0.0,50.0,observed_2026,AUR,0.875,160,0.15099076732781036,0.2479240310378652,0.14794132704127477,1.6758267348020734,2.5877339185880923,-0.10778780420055822
MG_L252_T0_C50,252,0.0,50.0,observed_2026,QAUR,0.875,160,0.15092337176760307,0.24780894547595644,0.14794873100319905,1.6749649949386733,2.5862583543140842,-0.10778780420055745
MG_L252_T0_C100,252,0.0,100.0,bridge,AUR,1.0,22,0.0016570682302721185,0.019146237094389118,0.13637363349341663,0.14039544598123063,0.39307262830926787,-0.05739971099287133
MG_L252_T0_C100,252,0.0,100.0,bridge,QAUR,1.0,22,-0.004261013285338566,-0.04773531502797379,0.17620952118709393,-0.27090088382505667,-0.4735245860962242,-0.050549381198343624
MG_L252_T0_C100,252,0.0,100.0,development,AUR,0.5517241379310345,604,-0.06478982891800089,-0.027560060228696504,0.1300683463932241,-0.21188906442599506,-0.18372389290571153,-0.30203319479990987
MG_L252_T0_C100,252,0.0,100.0,development,QAUR,0.5517241379310345,604,-0.06478982891800089,-0.027560060228696504,0.1300683463932241,-0.21188906442599506,-0.18372389290571153,-0.30203319479990987
MG_L252_T0_C100,252,0.0,100.0,historical_holdout,AUR,0.9333333333333333,312,0.1367860134668366,0.10910145522401171,0.13683741098607963,0.797307216190392,0.9945000221584828,-0.13096078514839316
MG_L252_T0_C100,252,0.0,100.0,historical_holdout,QAUR,0.9333333333333333,312,0.19748111018363823,0.15669006067681868,0.14032562056490008,1.1166176215436732,1.4228054631277374,-0.13096078514839316
MG_L252_T0_C100,252,0.0,100.0,observed_2026,AUR,0.875,160,0.14520689412515808,0.23806152476699904,0.14839094900547778,1.6042860185374994,2.4809640172290357,-0.10778780420055822
MG_L252_T0_C100,252,0.0,100.0,observed_2026,QAUR,0.875,160,0.14513983723610768,0.2379473487412862,0.14839831120661787,1.6034370391856243,2.4795166387219814,-0.10778780420055745
MG_L252_T2_C0,252,0.02,0.0,bridge,AUR,1.0,22,0.0016570682302721185,0.019146237094389118,0.13637363349341663,0.14039544598123063,0.39307262830926787,-0.05739971099287133
MG_L252_T2_C0,252,0.02,0.0,bridge,QAUR,1.0,22,-0.004261013285338566,-0.04773531502797379,0.17620952118709393,-0.27090088382505667,-0.4735245860962242,-0.050549381198343624
MG_L252_T2_C0,252,0.02,0.0,development,AUR,0.5517241379310345,604,-0.02656953892190661,-0.011172352156055165,0.12990001142384178,-0.0860073223519717,-0.07368493396510896,-0.30203319479990975
MG_L252_T2_C0,252,0.02,0.0,development,QAUR,0.5517241379310345,604,-0.02656953892190661,-0.011172352156055165,0.12990001142384178,-0.0860073223519717,-0.07368493396510896,-0.30203319479990975
MG_L252_T2_C0,252,0.02,0.0,historical_holdout,AUR,0.9333333333333333,312,0.1482818741717007,0.11815167622092315,0.13644611615171673,0.8659218712355896,1.0784196002363806,-0.13096078514839327
MG_L252_T2_C0,252,0.02,0.0,historical_holdout,QAUR,0.9333333333333333,312,0.20959075604160993,0.16612860268282725,0.1399343127566374,1.1871898993904724,1.5104072140262215,-0.13096078514839327
MG_L252_T2_C0,252,0.02,0.0,observed_2026,AUR,0.875,160,0.15677464053046264,0.2578150757961668,0.14775705988791377,1.744857917393195,2.6716322329759814,-0.10778780420055822
MG_L252_T2_C0,252,0.02,0.0,observed_2026,QAUR,0.875,160,0.15670690629909867,0.25769907806619696,0.14776449249375742,1.7439851328091147,2.6701483835717004,-0.10778780420055745
MG_L252_T2_C25,252,0.02,25.0,bridge,AUR,1.0,22,0.0016570682302721185,0.019146237094389118,0.13637363349341663,0.14039544598123063,0.39307262830926787,-0.05739971099287133
MG_L252_T2_C25,252,0.02,25.0,bridge,QAUR,1.0,22,-0.004261013285338566,-0.04773531502797379,0.17620952118709393,-0.27090088382505667,-0.4735245860962242,-0.050549381198343624
MG_L252_T2_C25,252,0.02,25.0,development,AUR,0.5517241379310345,604,-0.03623243016597277,-0.015279566435949188,0.12982225424454377,-0.11769604930112638,-0.10125724745472534,-0.30203319479990964
MG_L252_T2_C25,252,0.02,25.0,development,QAUR,0.5517241379310345,604,-0.03623243016597277,-0.015279566435949188,0.12982225424454377,-0.11769604930112638,-0.10125724745472534,-0.30203319479990964
MG_L252_T2_C25,252,0.02,25.0,historical_holdout,AUR,0.9333333333333333,312,0.14540790899548428,0.11589076106168616,0.13648857824096464,0.8490876127164727,1.058901446196737,-0.13096078514839293
MG_L252_T2_C25,252,0.02,25.0,historical_holdout,QAUR,0.9333333333333333,312,0.20656334457711734,0.16377067764323372,0.13997815769242766,1.169973089680785,1.4905808168225247,-0.13096078514839293
MG_L252_T2_C25,252,0.02,25.0,observed_2026,AUR,0.875,160,0.1538827039291366,0.25286598991200737,0.1478159285960988,1.710681604571546,2.6309435307622966,-0.10778780420055822
MG_L252_T2_C25,252,0.02,25.0,observed_2026,QAUR,0.875,160,0.1538151390333511,0.2527504485947003,0.14782334854040252,1.7098141199637316,2.6294617228329646,-0.10778780420055745
MG_L252_T2_C50,252,0.02,50.0,bridge,AUR,1.0,22,0.0016570682302721185,0.019146237094389118,0.13637363349341663,0.14039544598123063,0.39307262830926787,-0.05739971099287133
MG_L252_T2_C50,252,0.02,50.0,bridge,QAUR,1.0,22,-0.004261013285338566,-0.04773531502797379,0.17620952118709393,-0.27090088382505667,-0.4735245860962242,-0.050549381198343624
MG_L252_T2_C50,252,0.02,50.0,development,AUR,0.5517241379310345,604,-0.04582320257477468,-0.01937992632914254,0.12982441822631363,-0.14927797554508504,-0.12859617856953998,-0.3020331947999101
MG_L252_T2_C50,252,0.02,50.0,development,QAUR,0.5517241379310345,604,-0.04582320257477468,-0.01937992632914254,0.12982441822631363,-0.14927797554508504,-0.12859617856953998,-0.3020331947999101
MG_L252_T2_C50,252,0.02,50.0,historical_holdout,AUR,0.9333333333333333,312,0.1425339438192681,0.11362875469448186,0.13656799596332303,0.832030622496637,1.0383700564166554,-0.13096078514839316
MG_L252_T2_C50,252,0.02,50.0,historical_holdout,QAUR,0.9333333333333333,312,0.20353593311262475,0.161411614574829,0.1400580362889115,1.1524623566895467,1.4693311470249188,-0.13096078514839316
MG_L252_T2_C50,252,0.02,50.0,observed_2026,AUR,0.875,160,0.15099076732781036,0.2479240310378652,0.14794132704127477,1.6758267348020734,2.5877339185880923,-0.10778780420055822
MG_L252_T2_C50,252,0.02,50.0,observed_2026,QAUR,0.875,160,0.15092337176760307,0.24780894547595644,0.14794873100319905,1.6749649949386733,2.5862583543140842,-0.10778780420055745
MG_L252_T2_C100,252,0.02,100.0,bridge,AUR,1.0,22,0.0016570682302721185,0.019146237094389118,0.13637363349341663,0.14039544598123063,0.39307262830926787,-0.05739971099287133
MG_L252_T2_C100,252,0.02,100.0,bridge,QAUR,1.0,22,-0.004261013285338566,-0.04773531502797379,0.17620952118709393,-0.27090088382505667,-0.4735245860962242,-0.050549381198343624
MG_L252_T2_C100,252,0.02,100.0,development,AUR,0.5517241379310345,604,-0.06478982891800089,-0.027560060228696504,0.1300683463932241,-0.21188906442599506,-0.18372389290571153,-0.30203319479990987
MG_L252_T2_C100,252,0.02,100.0,development,QAUR,0.5517241379310345,604,-0.06478982891800089,-0.027560060228696504,0.1300683463932241,-0.21188906442599506,-0.18372389290571153,-0.30203319479990987
MG_L252_T2_C100,252,0.02,100.0,historical_holdout,AUR,0.9333333333333333,312,0.1367860134668366,0.10910145522401171,0.13683741098607963,0.797307216190392,0.9945000221584828,-0.13096078514839316
MG_L252_T2_C100,252,0.02,100.0,historical_holdout,QAUR,0.9333333333333333,312,0.19748111018363823,0.15669006067681868,0.14032562056490008,1.1166176215436732,1.4228054631277374,-0.13096078514839316
MG_L252_T2_C100,252,0.02,100.0,observed_2026,AUR,0.875,160,0.14520689412515808,0.23806152476699904,0.14839094900547778,1.6042860185374994,2.4809640172290357,-0.10778780420055822
MG_L252_T2_C100,252,0.02,100.0,observed_2026,QAUR,0.875,160,0.14513983723610768,0.2379473487412862,0.14839831120661787,1.6034370391856243,2.4795166387219814,-0.10778780420055745
