fold,date,strategy,gross_return,net_return,return
0,2022-05-02,full_pipeline_xy_qaoa,0.04150893595911942,0.03989131184672989,0.03989131184672989
0,2022-05-03,full_pipeline_xy_qaoa,0.0,0.0,0.0
0,2022-05-04,full_pipeline_xy_qaoa,0.0,0.0,0.0
0,2022-05-05,full_pipeline_xy_qaoa,0.008776084951283014,0.008776084951283014,0.008776084951283014
0,2022-05-06,full_pipeline_xy_qaoa,-0.014165908728925758,-0.014165908728925536,-0.014165908728925536
0,2022-05-09,full_pipeline_xy_qaoa,-0.06220752505953209,-0.06220752505953231,-0.06220752505953231
0,2022-05-10,full_pipeline_xy_qaoa,-0.06885709286077668,-0.06885709286077668,-0.06885709286077668
0,2022-05-11,full_pipeline_xy_qaoa,0.0023067745157188124,0.0023067745157190345,0.0023067745157190345
0,2022-05-12,full_pipeline_xy_qaoa,0.008636455367982965,0.008636455367982743,0.008636455367982743
0,2022-05-13,full_pipeline_xy_qaoa,-0.06075069054760507,-0.06075069054760507,-0.06075069054760507
0,2022-05-16,full_pipeline_xy_qaoa,-0.05211097787307983,-0.05211097787307972,-0.05211097787307972
0,2022-05-17,full_pipeline_xy_qaoa,0.021578675194052988,0.021578675194052988,0.021578675194052988
0,2022-05-18,full_pipeline_xy_qaoa,0.0671710655040676,0.06717106550406737,0.06717106550406737
0,2022-05-19,full_pipeline_xy_qaoa,0.01287844213638012,0.012878442136379897,0.012878442136379897
0,2022-05-20,full_pipeline_xy_qaoa,0.0023473652111856147,0.0023473652111858367,0.0023473652111858367
0,2022-05-23,full_pipeline_xy_qaoa,0.004911262861713173,0.004911262861713173,0.004911262861713173
0,2022-05-24,full_pipeline_xy_qaoa,-0.010491573057357706,-0.010491573057357706,-0.010491573057357706
0,2022-05-25,full_pipeline_xy_qaoa,-0.009267333174736159,-0.00926733317473627,-0.00926733317473627
0,2022-05-26,full_pipeline_xy_qaoa,0.04903433246980371,0.04903433246980371,0.04903433246980371
0,2022-05-27,full_pipeline_xy_qaoa,0.023368996988783364,0.02336899698878314,0.02336899698878314
0,2022-05-30,full_pipeline_xy_qaoa,0.010568532343409265,0.010568532343409709,0.010568532343409709
0,2022-05-02,equal_weight_candidates,0.034556052251920155,0.03290162970958033,0.03290162970958033
0,2022-05-03,equal_weight_candidates,0.0,0.0,0.0
0,2022-05-04,equal_weight_candidates,0.0,0.0,0.0
0,2022-05-05,equal_weight_candidates,-0.005793329587360452,-0.005793329587360341,-0.005793329587360341
0,2022-05-06,equal_weight_candidates,-0.008894558478248826,-0.008894558478248826,-0.008894558478248826
0,2022-05-09,equal_weight_candidates,-0.05510833406882176,-0.05510833406882165,-0.05510833406882165
0,2022-05-10,equal_weight_candidates,-0.0691639753044615,-0.06916397530446161,-0.06916397530446161
0,2022-05-11,equal_weight_candidates,0.006975695171244745,0.006975695171244745,0.006975695171244745
0,2022-05-12,equal_weight_candidates,0.003469814003517646,0.003469814003517646,0.003469814003517646
0,2022-05-13,equal_weight_candidates,-0.05972683409815982,-0.05972683409815982,-0.05972683409815982
0,2022-05-16,equal_weight_candidates,-0.06306404457349934,-0.06306404457349923,-0.06306404457349923
0,2022-05-17,equal_weight_candidates,-0.003754367885811849,-0.003754367885811849,-0.003754367885811849
0,2022-05-18,equal_weight_candidates,0.06670159504584738,0.0667015950458476,0.0667015950458476
0,2022-05-19,equal_weight_candidates,0.02488650450864771,0.02488650450864771,0.02488650450864771
0,2022-05-20,equal_weight_candidates,0.005093813736714248,0.005093813736714248,0.005093813736714248
0,2022-05-23,equal_weight_candidates,0.013403121033217946,0.013403121033217946,0.013403121033217946
0,2022-05-24,equal_weight_candidates,-0.011905461677993112,-0.01190546167799289,-0.01190546167799289
0,2022-05-25,equal_weight_candidates,-0.007085420961047695,-0.007085420961047695,-0.007085420961047695
0,2022-05-26,equal_weight_candidates,0.05554892675791301,0.05554892675791301,0.05554892675791301
0,2022-05-27,equal_weight_candidates,0.015281821802951345,0.015281821802951567,0.015281821802951567
0,2022-05-30,equal_weight_candidates,0.012116807255724504,0.012116807255724504,0.012116807255724504
0,2022-05-02,liquidity_topk_exact,0.029751555230264293,0.027900367180800467,0.027900367180800467
0,2022-05-03,liquidity_topk_exact,0.0,0.0,0.0
0,2022-05-04,liquidity_topk_exact,0.0,0.0,0.0
0,2022-05-05,liquidity_topk_exact,-0.034839864190672865,-0.034839864190672754,-0.034839864190672754
0,2022-05-06,liquidity_topk_exact,-0.0035433015636270326,-0.0035433015636270326,-0.0035433015636270326
0,2022-05-09,liquidity_topk_exact,-0.014370839531563151,-0.01437083953156304,-0.01437083953156304
0,2022-05-10,liquidity_topk_exact,-0.06928269086694694,-0.06928269086694716,-0.06928269086694716
0,2022-05-11,liquidity_topk_exact,-0.023739604147044124,-0.023739604147043902,-0.023739604147043902
0,2022-05-12,liquidity_topk_exact,0.014201939047245649,0.014201939047245649,0.014201939047245649
0,2022-05-13,liquidity_topk_exact,-0.06966373368756318,-0.06966373368756329,-0.06966373368756329
0,2022-05-16,liquidity_topk_exact,-0.069314648784355,-0.0693146487843549,-0.0693146487843549
0,2022-05-17,liquidity_topk_exact,-0.03411774163058967,-0.03411774163058945,-0.03411774163058945
0,2022-05-18,liquidity_topk_exact,0.06957702228227114,0.06957702228227092,0.06957702228227092
0,2022-05-19,liquidity_topk_exact,0.045701174051275606,0.045701174051275606,0.045701174051275606
0,2022-05-20,liquidity_topk_exact,0.029640767716313743,0.02964076771631352,0.02964076771631352
0,2022-05-23,liquidity_topk_exact,0.010805673717397157,0.010805673717397157,0.010805673717397157
0,2022-05-24,liquidity_topk_exact,-0.008368564445000226,-0.008368564445000004,-0.008368564445000004
0,2022-05-25,liquidity_topk_exact,0.021387836542176686,0.021387836542176686,0.021387836542176686
0,2022-05-26,liquidity_topk_exact,0.045955749539986046,0.04595574953998627,0.04595574953998627
0,2022-05-27,liquidity_topk_exact,-0.024401243671491435,-0.024401243671491657,-0.024401243671491657
0,2022-05-30,liquidity_topk_exact,-0.018829270005418897,-0.018829270005418897,-0.018829270005418897
0,2022-05-02,ewma_topk_exact,0.05788750774445983,0.05599644355994404,0.05599644355994404
0,2022-05-03,ewma_topk_exact,0.0,0.0,0.0
0,2022-05-04,ewma_topk_exact,0.0,0.0,0.0
0,2022-05-05,ewma_topk_exact,0.024204335890646522,0.024204335890646522,0.024204335890646522
0,2022-05-06,ewma_topk_exact,-0.0419568865468235,-0.04195688654682328,-0.04195688654682328
0,2022-05-09,ewma_topk_exact,0.01658222469194981,0.016582224691949587,0.016582224691949587
0,2022-05-10,ewma_topk_exact,-0.0640471880068949,-0.0640471880068948,-0.0640471880068948
0,2022-05-11,ewma_topk_exact,0.036414706664988694,0.036414706664988916,0.036414706664988916
0,2022-05-12,ewma_topk_exact,0.021673839622413427,0.021673839622413205,0.021673839622413205
0,2022-05-13,ewma_topk_exact,-0.06029186513161766,-0.06029186513161755,-0.06029186513161755
0,2022-05-16,ewma_topk_exact,-0.06457588108271106,-0.06457588108271106,-0.06457588108271106
0,2022-05-17,ewma_topk_exact,-0.055525898488184344,-0.055525898488184344,-0.055525898488184344
0,2022-05-18,ewma_topk_exact,0.05720677374179961,0.05720677374179983,0.05720677374179983
0,2022-05-19,ewma_topk_exact,0.013554009797542621,0.013554009797542621,0.013554009797542621
0,2022-05-20,ewma_topk_exact,0.007576152082031662,0.007576152082031662,0.007576152082031662
0,2022-05-23,ewma_topk_exact,-8.196678105887312e-05,-8.196678105898414e-05,-8.196678105898414e-05
0,2022-05-24,ewma_topk_exact,-0.013099250802061424,-0.013099250802061091,-0.013099250802061091
0,2022-05-25,ewma_topk_exact,0.012807496659017259,0.012807496659017481,0.012807496659017481
0,2022-05-26,ewma_topk_exact,0.061845402964652685,0.06184540296465246,0.06184540296465246
0,2022-05-27,ewma_topk_exact,0.022555396789073257,0.022555396789073257,0.022555396789073257
0,2022-05-30,ewma_topk_exact,0.049501340598403276,0.049501340598403276,0.049501340598403276
0,2022-05-02,xgboost_topk_exact,0.05003597423020434,0.048196684307794335,0.048196684307794335
0,2022-05-03,xgboost_topk_exact,0.0,0.0,0.0
0,2022-05-04,xgboost_topk_exact,0.0,0.0,0.0
0,2022-05-05,xgboost_topk_exact,-0.010236441648127537,-0.010236441648127537,-0.010236441648127537
0,2022-05-06,xgboost_topk_exact,-0.025770913427730635,-0.025770913427730524,-0.025770913427730524
0,2022-05-09,xgboost_topk_exact,-0.05695354646390438,-0.05695354646390449,-0.05695354646390449
0,2022-05-10,xgboost_topk_exact,-0.069402993857544,-0.069402993857544,-0.069402993857544
0,2022-05-11,xgboost_topk_exact,-0.02013713469942946,-0.02013713469942957,-0.02013713469942957
0,2022-05-12,xgboost_topk_exact,0.02109237540607567,0.02109237540607567,0.02109237540607567
0,2022-05-13,xgboost_topk_exact,-0.06497627326535804,-0.06497627326535793,-0.06497627326535793
0,2022-05-16,xgboost_topk_exact,-0.06827287719493935,-0.06827287719493969,-0.06827287719493969
0,2022-05-17,xgboost_topk_exact,0.0012830523704834285,0.0012830523704836505,0.0012830523704836505
0,2022-05-18,xgboost_topk_exact,0.05724090838108942,0.057240908381089195,0.057240908381089195
0,2022-05-19,xgboost_topk_exact,0.007476259809926278,0.007476259809926278,0.007476259809926278
0,2022-05-20,xgboost_topk_exact,-0.012513989167676876,-0.012513989167676876,-0.012513989167676876
0,2022-05-23,xgboost_topk_exact,0.0011901541557672868,0.0011901541557670647,0.0011901541557670647
0,2022-05-24,xgboost_topk_exact,-0.03130242710357112,-0.03130242710357112,-0.03130242710357112
0,2022-05-25,xgboost_topk_exact,0.015492945883463616,0.015492945883463616,0.015492945883463616
0,2022-05-26,xgboost_topk_exact,0.030582911038283367,0.030582911038283367,0.030582911038283367
0,2022-05-27,xgboost_topk_exact,0.018194609131872097,0.01819460913187232,0.01819460913187232
0,2022-05-30,xgboost_topk_exact,0.022969148592796307,0.022969148592796085,0.022969148592796085
0,2022-05-02,adaptive_exact,0.04150893595911942,0.03989131184672989,0.03989131184672989
0,2022-05-03,adaptive_exact,0.0,0.0,0.0
0,2022-05-04,adaptive_exact,0.0,0.0,0.0
0,2022-05-05,adaptive_exact,0.008776084951283014,0.008776084951283014,0.008776084951283014
0,2022-05-06,adaptive_exact,-0.014165908728925758,-0.014165908728925536,-0.014165908728925536
0,2022-05-09,adaptive_exact,-0.06220752505953209,-0.06220752505953231,-0.06220752505953231
0,2022-05-10,adaptive_exact,-0.06885709286077668,-0.06885709286077668,-0.06885709286077668
0,2022-05-11,adaptive_exact,0.0023067745157188124,0.0023067745157190345,0.0023067745157190345
0,2022-05-12,adaptive_exact,0.008636455367982965,0.008636455367982743,0.008636455367982743
0,2022-05-13,adaptive_exact,-0.06075069054760507,-0.06075069054760507,-0.06075069054760507
0,2022-05-16,adaptive_exact,-0.05211097787307983,-0.05211097787307972,-0.05211097787307972
0,2022-05-17,adaptive_exact,0.021578675194052988,0.021578675194052988,0.021578675194052988
0,2022-05-18,adaptive_exact,0.0671710655040676,0.06717106550406737,0.06717106550406737
0,2022-05-19,adaptive_exact,0.01287844213638012,0.012878442136379897,0.012878442136379897
0,2022-05-20,adaptive_exact,0.0023473652111856147,0.0023473652111858367,0.0023473652111858367
0,2022-05-23,adaptive_exact,0.004911262861713173,0.004911262861713173,0.004911262861713173
0,2022-05-24,adaptive_exact,-0.010491573057357706,-0.010491573057357706,-0.010491573057357706
0,2022-05-25,adaptive_exact,-0.009267333174736159,-0.00926733317473627,-0.00926733317473627
0,2022-05-26,adaptive_exact,0.04903433246980371,0.04903433246980371,0.04903433246980371
0,2022-05-27,adaptive_exact,0.023368996988783364,0.02336899698878314,0.02336899698878314
0,2022-05-30,adaptive_exact,0.010568532343409265,0.010568532343409709,0.010568532343409709
0,2022-05-02,xgboost_penalty_qaoa,0.03902058226619487,0.03728998436254716,0.03728998436254716
0,2022-05-03,xgboost_penalty_qaoa,0.0,0.0,0.0
0,2022-05-04,xgboost_penalty_qaoa,0.0,0.0,0.0
0,2022-05-05,xgboost_penalty_qaoa,-0.025463184682967377,-0.025463184682967488,-0.025463184682967488
0,2022-05-06,xgboost_penalty_qaoa,-0.018460904913991105,-0.018460904913990883,-0.018460904913990883
0,2022-05-09,xgboost_penalty_qaoa,-0.06205138832492596,-0.06205138832492596,-0.06205138832492596
0,2022-05-10,xgboost_penalty_qaoa,-0.06957245419812241,-0.06957245419812219,-0.06957245419812219
0,2022-05-11,xgboost_penalty_qaoa,0.004607421735108641,0.004607421735108641,0.004607421735108641
0,2022-05-12,xgboost_penalty_qaoa,0.01756595496980906,0.01756595496980906,0.01756595496980906
0,2022-05-13,xgboost_penalty_qaoa,-0.0663764172725102,-0.06637641727251031,-0.06637641727251031
0,2022-05-16,xgboost_penalty_qaoa,-0.05219068887346423,-0.05219068887346445,-0.05219068887346445
0,2022-05-17,xgboost_penalty_qaoa,0.003930001044650799,0.003930001044651021,0.003930001044651021
0,2022-05-18,xgboost_penalty_qaoa,0.06955203185790415,0.06955203185790437,0.06955203185790437
0,2022-05-19,xgboost_penalty_qaoa,0.012286186882084493,0.012286186882084493,0.012286186882084493
0,2022-05-20,xgboost_penalty_qaoa,-0.013842287337420212,-0.0138422873374201,-0.0138422873374201
0,2022-05-23,xgboost_penalty_qaoa,0.010491621223055025,0.010491621223054803,0.010491621223054803
0,2022-05-24,xgboost_penalty_qaoa,-0.029714872571904194,-0.029714872571904194,-0.029714872571904194
0,2022-05-25,xgboost_penalty_qaoa,0.01092793729511965,0.010927937295119428,0.010927937295119428
0,2022-05-26,xgboost_penalty_qaoa,0.049147409883162796,0.049147409883162796,0.049147409883162796
0,2022-05-27,xgboost_penalty_qaoa,0.009288595177131986,0.009288595177131986,0.009288595177131986
0,2022-05-30,xgboost_penalty_qaoa,0.010803600326682483,0.010803600326682483,0.010803600326682483
0,2022-05-02,xgboost_xy_qaoa,0.05003597423020434,0.048196684307794335,0.048196684307794335
0,2022-05-03,xgboost_xy_qaoa,0.0,0.0,0.0
0,2022-05-04,xgboost_xy_qaoa,0.0,0.0,0.0
0,2022-05-05,xgboost_xy_qaoa,-0.010236441648127537,-0.010236441648127537,-0.010236441648127537
0,2022-05-06,xgboost_xy_qaoa,-0.025770913427730635,-0.025770913427730524,-0.025770913427730524
0,2022-05-09,xgboost_xy_qaoa,-0.05695354646390438,-0.05695354646390449,-0.05695354646390449
0,2022-05-10,xgboost_xy_qaoa,-0.069402993857544,-0.069402993857544,-0.069402993857544
0,2022-05-11,xgboost_xy_qaoa,-0.02013713469942946,-0.02013713469942957,-0.02013713469942957
0,2022-05-12,xgboost_xy_qaoa,0.02109237540607567,0.02109237540607567,0.02109237540607567
0,2022-05-13,xgboost_xy_qaoa,-0.06497627326535804,-0.06497627326535793,-0.06497627326535793
0,2022-05-16,xgboost_xy_qaoa,-0.06827287719493935,-0.06827287719493969,-0.06827287719493969
0,2022-05-17,xgboost_xy_qaoa,0.0012830523704834285,0.0012830523704836505,0.0012830523704836505
0,2022-05-18,xgboost_xy_qaoa,0.05724090838108942,0.057240908381089195,0.057240908381089195
0,2022-05-19,xgboost_xy_qaoa,0.007476259809926278,0.007476259809926278,0.007476259809926278
0,2022-05-20,xgboost_xy_qaoa,-0.012513989167676876,-0.012513989167676876,-0.012513989167676876
0,2022-05-23,xgboost_xy_qaoa,0.0011901541557672868,0.0011901541557670647,0.0011901541557670647
0,2022-05-24,xgboost_xy_qaoa,-0.03130242710357112,-0.03130242710357112,-0.03130242710357112
0,2022-05-25,xgboost_xy_qaoa,0.015492945883463616,0.015492945883463616,0.015492945883463616
0,2022-05-26,xgboost_xy_qaoa,0.030582911038283367,0.030582911038283367,0.030582911038283367
0,2022-05-27,xgboost_xy_qaoa,0.018194609131872097,0.01819460913187232,0.01819460913187232
0,2022-05-30,xgboost_xy_qaoa,0.022969148592796307,0.022969148592796085,0.022969148592796085
0,2022-05-02,adaptive_penalty_qaoa,0.04150893595911942,0.03989131184672989,0.03989131184672989
0,2022-05-03,adaptive_penalty_qaoa,0.0,0.0,0.0
0,2022-05-04,adaptive_penalty_qaoa,0.0,0.0,0.0
0,2022-05-05,adaptive_penalty_qaoa,0.008776084951283014,0.008776084951283014,0.008776084951283014
0,2022-05-06,adaptive_penalty_qaoa,-0.014165908728925758,-0.014165908728925536,-0.014165908728925536
0,2022-05-09,adaptive_penalty_qaoa,-0.06220752505953209,-0.06220752505953231,-0.06220752505953231
0,2022-05-10,adaptive_penalty_qaoa,-0.06885709286077668,-0.06885709286077668,-0.06885709286077668
0,2022-05-11,adaptive_penalty_qaoa,0.0023067745157188124,0.0023067745157190345,0.0023067745157190345
0,2022-05-12,adaptive_penalty_qaoa,0.008636455367982965,0.008636455367982743,0.008636455367982743
0,2022-05-13,adaptive_penalty_qaoa,-0.06075069054760507,-0.06075069054760507,-0.06075069054760507
0,2022-05-16,adaptive_penalty_qaoa,-0.05211097787307983,-0.05211097787307972,-0.05211097787307972
0,2022-05-17,adaptive_penalty_qaoa,0.021578675194052988,0.021578675194052988,0.021578675194052988
0,2022-05-18,adaptive_penalty_qaoa,0.0671710655040676,0.06717106550406737,0.06717106550406737
0,2022-05-19,adaptive_penalty_qaoa,0.01287844213638012,0.012878442136379897,0.012878442136379897
0,2022-05-20,adaptive_penalty_qaoa,0.0023473652111856147,0.0023473652111858367,0.0023473652111858367
0,2022-05-23,adaptive_penalty_qaoa,0.004911262861713173,0.004911262861713173,0.004911262861713173
0,2022-05-24,adaptive_penalty_qaoa,-0.010491573057357706,-0.010491573057357706,-0.010491573057357706
0,2022-05-25,adaptive_penalty_qaoa,-0.009267333174736159,-0.00926733317473627,-0.00926733317473627
0,2022-05-26,adaptive_penalty_qaoa,0.04903433246980371,0.04903433246980371,0.04903433246980371
0,2022-05-27,adaptive_penalty_qaoa,0.023368996988783364,0.02336899698878314,0.02336899698878314
0,2022-05-30,adaptive_penalty_qaoa,0.010568532343409265,0.010568532343409709,0.010568532343409709
0,2022-05-02,adaptive_xy_qaoa,0.04150893595911942,0.03989131184672989,0.03989131184672989
0,2022-05-03,adaptive_xy_qaoa,0.0,0.0,0.0
0,2022-05-04,adaptive_xy_qaoa,0.0,0.0,0.0
0,2022-05-05,adaptive_xy_qaoa,0.008776084951283014,0.008776084951283014,0.008776084951283014
0,2022-05-06,adaptive_xy_qaoa,-0.014165908728925758,-0.014165908728925536,-0.014165908728925536
0,2022-05-09,adaptive_xy_qaoa,-0.06220752505953209,-0.06220752505953231,-0.06220752505953231
0,2022-05-10,adaptive_xy_qaoa,-0.06885709286077668,-0.06885709286077668,-0.06885709286077668
0,2022-05-11,adaptive_xy_qaoa,0.0023067745157188124,0.0023067745157190345,0.0023067745157190345
0,2022-05-12,adaptive_xy_qaoa,0.008636455367982965,0.008636455367982743,0.008636455367982743
0,2022-05-13,adaptive_xy_qaoa,-0.06075069054760507,-0.06075069054760507,-0.06075069054760507
0,2022-05-16,adaptive_xy_qaoa,-0.05211097787307983,-0.05211097787307972,-0.05211097787307972
0,2022-05-17,adaptive_xy_qaoa,0.021578675194052988,0.021578675194052988,0.021578675194052988
0,2022-05-18,adaptive_xy_qaoa,0.0671710655040676,0.06717106550406737,0.06717106550406737
0,2022-05-19,adaptive_xy_qaoa,0.01287844213638012,0.012878442136379897,0.012878442136379897
0,2022-05-20,adaptive_xy_qaoa,0.0023473652111856147,0.0023473652111858367,0.0023473652111858367
0,2022-05-23,adaptive_xy_qaoa,0.004911262861713173,0.004911262861713173,0.004911262861713173
0,2022-05-24,adaptive_xy_qaoa,-0.010491573057357706,-0.010491573057357706,-0.010491573057357706
0,2022-05-25,adaptive_xy_qaoa,-0.009267333174736159,-0.00926733317473627,-0.00926733317473627
0,2022-05-26,adaptive_xy_qaoa,0.04903433246980371,0.04903433246980371,0.04903433246980371
0,2022-05-27,adaptive_xy_qaoa,0.023368996988783364,0.02336899698878314,0.02336899698878314
0,2022-05-30,adaptive_xy_qaoa,0.010568532343409265,0.010568532343409709,0.010568532343409709
0,2022-05-02,adaptive_simulated_annealing,0.04150893595911942,0.03989131184672989,0.03989131184672989
0,2022-05-03,adaptive_simulated_annealing,0.0,0.0,0.0
0,2022-05-04,adaptive_simulated_annealing,0.0,0.0,0.0
0,2022-05-05,adaptive_simulated_annealing,0.008776084951283014,0.008776084951283014,0.008776084951283014
0,2022-05-06,adaptive_simulated_annealing,-0.014165908728925758,-0.014165908728925536,-0.014165908728925536
0,2022-05-09,adaptive_simulated_annealing,-0.06220752505953209,-0.06220752505953231,-0.06220752505953231
0,2022-05-10,adaptive_simulated_annealing,-0.06885709286077668,-0.06885709286077668,-0.06885709286077668
0,2022-05-11,adaptive_simulated_annealing,0.0023067745157188124,0.0023067745157190345,0.0023067745157190345
0,2022-05-12,adaptive_simulated_annealing,0.008636455367982965,0.008636455367982743,0.008636455367982743
0,2022-05-13,adaptive_simulated_annealing,-0.06075069054760507,-0.06075069054760507,-0.06075069054760507
0,2022-05-16,adaptive_simulated_annealing,-0.05211097787307983,-0.05211097787307972,-0.05211097787307972
0,2022-05-17,adaptive_simulated_annealing,0.021578675194052988,0.021578675194052988,0.021578675194052988
0,2022-05-18,adaptive_simulated_annealing,0.0671710655040676,0.06717106550406737,0.06717106550406737
0,2022-05-19,adaptive_simulated_annealing,0.01287844213638012,0.012878442136379897,0.012878442136379897
0,2022-05-20,adaptive_simulated_annealing,0.0023473652111856147,0.0023473652111858367,0.0023473652111858367
0,2022-05-23,adaptive_simulated_annealing,0.004911262861713173,0.004911262861713173,0.004911262861713173
0,2022-05-24,adaptive_simulated_annealing,-0.010491573057357706,-0.010491573057357706,-0.010491573057357706
0,2022-05-25,adaptive_simulated_annealing,-0.009267333174736159,-0.00926733317473627,-0.00926733317473627
0,2022-05-26,adaptive_simulated_annealing,0.04903433246980371,0.04903433246980371,0.04903433246980371
0,2022-05-27,adaptive_simulated_annealing,0.023368996988783364,0.02336899698878314,0.02336899698878314
0,2022-05-30,adaptive_simulated_annealing,0.010568532343409265,0.010568532343409709,0.010568532343409709
0,2022-05-02,equal_weight_universe,0.02091923445817434,0.019358421890445232,0.019358421890445232
0,2022-05-03,equal_weight_universe,0.0,0.0,0.0
0,2022-05-04,equal_weight_universe,-0.00013422458886724886,-0.00013422458886724886,-0.00013422458886724886
0,2022-05-05,equal_weight_universe,-0.009276411676410135,-0.009276411676410024,-0.009276411676410024
0,2022-05-06,equal_weight_universe,-0.00752162539721235,-0.007521625397212128,-0.007521625397212128
0,2022-05-09,equal_weight_universe,-0.03268595072592295,-0.032685950725923174,-0.032685950725923174
0,2022-05-10,equal_weight_universe,-0.054614012632675624,-0.05461401263267551,-0.05461401263267551
0,2022-05-11,equal_weight_universe,0.009629619052610616,0.009629619052610616,0.009629619052610616
0,2022-05-12,equal_weight_universe,0.008352777149698953,0.008352777149699175,0.008352777149699175
0,2022-05-13,equal_weight_universe,-0.04911360842228296,-0.049113608422283184,-0.049113608422283184
0,2022-05-16,equal_weight_universe,-0.05281463873006975,-0.05281463873006964,-0.05281463873006964
0,2022-05-17,equal_weight_universe,-0.004029484250543169,-0.004029484250543058,-0.004029484250543058
0,2022-05-18,equal_weight_universe,0.04863546155356957,0.04863546155356935,0.04863546155356935
0,2022-05-19,equal_weight_universe,0.010198257810829059,0.010198257810829281,0.010198257810829281
0,2022-05-20,equal_weight_universe,-0.005699462837052138,-0.005699462837052138,-0.005699462837052138
0,2022-05-23,equal_weight_universe,0.004335825375712865,0.004335825375712865,0.004335825375712865
0,2022-05-24,equal_weight_universe,-0.011000950258182374,-0.011000950258182374,-0.011000950258182374
0,2022-05-25,equal_weight_universe,0.0034415782425729624,0.0034415782425727404,0.0034415782425727404
0,2022-05-26,equal_weight_universe,0.031547663060996545,0.03154766306099677,0.03154766306099677
0,2022-05-27,equal_weight_universe,0.009004725631060806,0.009004725631060584,0.009004725631060584
0,2022-05-30,equal_weight_universe,0.011038352565818865,0.011038352565818865,0.011038352565818865
0,2022-05-02,markowitz_mean_variance,0.06235197229494216,0.0604615239807762,0.0604615239807762
0,2022-05-03,markowitz_mean_variance,0.0,0.0,0.0
0,2022-05-04,markowitz_mean_variance,0.0,0.0,0.0
0,2022-05-05,markowitz_mean_variance,0.04089987854487531,0.040899878544875534,0.040899878544875534
0,2022-05-06,markowitz_mean_variance,-0.03763167516978472,-0.03763167516978494,-0.03763167516978494
0,2022-05-09,markowitz_mean_variance,0.03405725728193243,0.03405725728193243,0.03405725728193243
0,2022-05-10,markowitz_mean_variance,-0.06613271205650317,-0.06613271205650295,-0.06613271205650295
0,2022-05-11,markowitz_mean_variance,0.03373170777260737,0.033731707772607145,0.033731707772607145
0,2022-05-12,markowitz_mean_variance,0.0067874195410058125,0.0067874195410058125,0.0067874195410058125
0,2022-05-13,markowitz_mean_variance,-0.065132496142703,-0.065132496142703,-0.065132496142703
0,2022-05-16,markowitz_mean_variance,-0.06840823361975878,-0.06840823361975878,-0.06840823361975878
0,2022-05-17,markowitz_mean_variance,-0.06642321481643831,-0.06642321481643854,-0.06642321481643854
0,2022-05-18,markowitz_mean_variance,0.06093462909936509,0.06093462909936509,0.06093462909936509
0,2022-05-19,markowitz_mean_variance,0.030755084299960656,0.030755084299960656,0.030755084299960656
0,2022-05-20,markowitz_mean_variance,0.0014753280336257113,0.0014753280336257113,0.0014753280336257113
0,2022-05-23,markowitz_mean_variance,-0.01754138516484116,-0.01754138516484105,-0.01754138516484105
0,2022-05-24,markowitz_mean_variance,-0.005133056798818703,-0.005133056798818925,-0.005133056798818925
0,2022-05-25,markowitz_mean_variance,0.022993012854581885,0.022993012854582107,0.022993012854582107
0,2022-05-26,markowitz_mean_variance,0.0679064121614712,0.0679064121614712,0.0679064121614712
0,2022-05-27,markowitz_mean_variance,0.014815466829679602,0.014815466829679602,0.014815466829679602
0,2022-05-30,markowitz_mean_variance,0.04305839741733708,0.04305839741733708,0.04305839741733708
0,2022-05-02,minimum_variance,0.006009567066445065,0.0043222792347314964,0.0043222792347314964
0,2022-05-03,minimum_variance,0.0,0.0,0.0
0,2022-05-04,minimum_variance,0.0011461732718700546,0.0011461732718698325,0.0011461732718698325
0,2022-05-05,minimum_variance,0.0016832835061388884,0.0016832835061393325,0.0016832835061393325
0,2022-05-06,minimum_variance,-0.00046964867750665107,-0.00046964867750698414,-0.00046964867750698414
0,2022-05-09,minimum_variance,-0.0052933167857303065,-0.0052933167857299734,-0.0052933167857299734
0,2022-05-10,minimum_variance,-0.01892187058029482,-0.018921870580295153,-0.018921870580295153
0,2022-05-11,minimum_variance,0.004118105275066508,0.00411810527506673,0.00411810527506673
0,2022-05-12,minimum_variance,0.00021895234556668086,0.00021895234556668086,0.00021895234556668086
0,2022-05-13,minimum_variance,-0.009689528095281785,-0.009689528095281785,-0.009689528095281785
0,2022-05-16,minimum_variance,-0.02992100249369123,-0.02992100249369123,-0.02992100249369123
0,2022-05-17,minimum_variance,0.013289503092276611,0.013289503092276833,0.013289503092276833
0,2022-05-18,minimum_variance,0.013355833171012854,0.013355833171012632,0.013355833171012632
0,2022-05-19,minimum_variance,-0.0018161146916770843,-0.0018161146916770843,-0.0018161146916770843
0,2022-05-20,minimum_variance,0.005292277649977084,0.005292277649977084,0.005292277649977084
0,2022-05-23,minimum_variance,-8.653091567922822e-05,-8.653091567933924e-05,-8.653091567933924e-05
0,2022-05-24,minimum_variance,-0.0032092807788833833,-0.0032092807788832722,-0.0032092807788832722
0,2022-05-25,minimum_variance,0.006615673987728332,0.006615673987728332,0.006615673987728332
0,2022-05-26,minimum_variance,0.006535415119935051,0.006535415119935051,0.006535415119935051
0,2022-05-27,minimum_variance,0.0006682169258449555,0.0006682169258447335,0.0006682169258447335
0,2022-05-30,minimum_variance,0.002040405170657955,0.002040405170657955,0.002040405170657955
1,2022-09-01,full_pipeline_xy_qaoa,0.012244245828781697,0.007885914733124277,0.007885914733124277
1,2022-09-02,full_pipeline_xy_qaoa,0.0,0.0,0.0
1,2022-09-05,full_pipeline_xy_qaoa,0.0,0.0,0.0
1,2022-09-06,full_pipeline_xy_qaoa,0.0016332204364117864,0.0016332204364115643,0.0016332204364115643
1,2022-09-07,full_pipeline_xy_qaoa,0.00042252386998908875,0.0004225238699893108,0.0004225238699893108
1,2022-09-08,full_pipeline_xy_qaoa,-0.031713666972900234,-0.031713666972900456,-0.031713666972900456
1,2022-09-09,full_pipeline_xy_qaoa,-0.01283845291427732,-0.012838452914277432,-0.012838452914277432
1,2022-09-12,full_pipeline_xy_qaoa,0.004959556594798853,0.004959556594798853,0.004959556594798853
1,2022-09-13,full_pipeline_xy_qaoa,-0.003135245084491922,-0.0031352450844917,-0.0031352450844917
1,2022-09-14,full_pipeline_xy_qaoa,0.0008215453054389865,0.0008215453054389865,0.0008215453054389865
1,2022-09-15,full_pipeline_xy_qaoa,-0.009801947508422004,-0.009801947508421893,-0.009801947508421893
1,2022-09-16,full_pipeline_xy_qaoa,-0.003558334919010142,-0.003558334919010142,-0.003558334919010142
1,2022-09-19,full_pipeline_xy_qaoa,-0.011526992755736987,-0.011526992755737098,-0.011526992755737098
1,2022-09-20,full_pipeline_xy_qaoa,-0.038299414659565434,-0.038299414659565434,-0.038299414659565434
1,2022-09-21,full_pipeline_xy_qaoa,0.018448823256757008,0.01844882325675723,0.01844882325675723
1,2022-09-22,full_pipeline_xy_qaoa,0.0010292749178875127,0.0010292749178875127,0.0010292749178875127
1,2022-09-23,full_pipeline_xy_qaoa,0.001586185686802466,0.001586185686802244,0.001586185686802244
1,2022-09-26,full_pipeline_xy_qaoa,0.013166397276086705,0.013166397276086705,0.013166397276086705
1,2022-09-27,full_pipeline_xy_qaoa,-0.027660932059422327,-0.027660932059422327,-0.027660932059422327
1,2022-09-28,full_pipeline_xy_qaoa,0.005105414426499033,0.005105414426498811,0.005105414426498811
1,2022-09-29,full_pipeline_xy_qaoa,-0.0159849907626729,-0.01598499076267279,-0.01598499076267279
1,2022-09-30,full_pipeline_xy_qaoa,-0.02012641925571279,-0.020126419255712902,-0.020126419255712902
1,2022-09-01,equal_weight_candidates,0.0030164037162583313,-0.001284985622349133,-0.001284985622349133
1,2022-09-02,equal_weight_candidates,0.0,0.0,0.0
1,2022-09-05,equal_weight_candidates,0.0,0.0,0.0
1,2022-09-06,equal_weight_candidates,0.0026257121112118753,0.0026257121112116533,0.0026257121112116533
1,2022-09-07,equal_weight_candidates,0.005355960157409134,0.005355960157409134,0.005355960157409134
1,2022-09-08,equal_weight_candidates,-0.03277193678800505,-0.03277193678800494,-0.03277193678800494
1,2022-09-09,equal_weight_candidates,-0.01963465781337348,-0.01963465781337348,-0.01963465781337348
1,2022-09-12,equal_weight_candidates,0.007719012762460231,0.007719012762460231,0.007719012762460231
1,2022-09-13,equal_weight_candidates,-0.0008873810290246364,-0.0008873810290244144,-0.0008873810290244144
1,2022-09-14,equal_weight_candidates,0.003063735800626244,0.003063735800626244,0.003063735800626244
1,2022-09-15,equal_weight_candidates,-0.00661640198641078,-0.006616401986410891,-0.006616401986410891
1,2022-09-16,equal_weight_candidates,-0.00470319582173262,-0.004703195821732398,-0.004703195821732398
1,2022-09-19,equal_weight_candidates,-0.015490616199571816,-0.015490616199571816,-0.015490616199571816
1,2022-09-20,equal_weight_candidates,-0.036031708192871825,-0.036031708192871825,-0.036031708192871825
1,2022-09-21,equal_weight_candidates,0.019851215338401618,0.019851215338401396,0.019851215338401396
1,2022-09-22,equal_weight_candidates,-0.00032781872319154193,-0.0003278187231913199,-0.0003278187231913199
1,2022-09-23,equal_weight_candidates,-0.00019676494828113622,-0.00019676494828113622,-0.00019676494828113622
1,2022-09-26,equal_weight_candidates,-0.0016758213197056726,-0.0016758213197056726,-0.0016758213197056726
1,2022-09-27,equal_weight_candidates,-0.04052210199213391,-0.04052210199213391,-0.04052210199213391
1,2022-09-28,equal_weight_candidates,0.005197241193572344,0.005197241193572344,0.005197241193572344
1,2022-09-29,equal_weight_candidates,-0.016412059343429486,-0.016412059343429597,-0.016412059343429597
1,2022-09-30,equal_weight_candidates,-0.015074318267536801,-0.01507431826753669,-0.01507431826753669
1,2022-09-01,liquidity_topk_exact,0.010563127152442675,0.006780805117474253,0.006780805117474253
1,2022-09-02,liquidity_topk_exact,0.0,0.0,0.0
1,2022-09-05,liquidity_topk_exact,0.0,0.0,0.0
1,2022-09-06,liquidity_topk_exact,-0.012290743738021193,-0.012290743738021304,-0.012290743738021304
1,2022-09-07,liquidity_topk_exact,-0.005585661177010759,-0.005585661177010648,-0.005585661177010648
1,2022-09-08,liquidity_topk_exact,-0.038856671821534516,-0.038856671821534405,-0.038856671821534405
1,2022-09-09,liquidity_topk_exact,-0.021276338401703954,-0.021276338401703954,-0.021276338401703954
1,2022-09-12,liquidity_topk_exact,0.03382178014630188,0.03382178014630166,0.03382178014630166
1,2022-09-13,liquidity_topk_exact,0.003703297172510389,0.003703297172510611,0.003703297172510611
1,2022-09-14,liquidity_topk_exact,0.00192326947185828,0.00192326947185828,0.00192326947185828
1,2022-09-15,liquidity_topk_exact,0.047128040761185375,0.0471280407611856,0.0471280407611856
1,2022-09-16,liquidity_topk_exact,-0.0075793527250717085,-0.0075793527250718196,-0.0075793527250718196
1,2022-09-19,liquidity_topk_exact,-0.015195033567118266,-0.015195033567118377,-0.015195033567118377
1,2022-09-20,liquidity_topk_exact,-0.004144247598562911,-0.0041442475985628,-0.0041442475985628
1,2022-09-21,liquidity_topk_exact,0.01386299201650254,0.013862992016502762,0.013862992016502762
1,2022-09-22,liquidity_topk_exact,-0.010106029635680525,-0.010106029635680636,-0.010106029635680636
1,2022-09-23,liquidity_topk_exact,0.01888201377640142,0.01888201377640164,0.01888201377640164
1,2022-09-26,liquidity_topk_exact,-0.017149290219085622,-0.017149290219085622,-0.017149290219085622
1,2022-09-27,liquidity_topk_exact,-0.03989557097148255,-0.03989557097148255,-0.03989557097148255
1,2022-09-28,liquidity_topk_exact,-0.03521094587666396,-0.035210945876663846,-0.035210945876663846
1,2022-09-29,liquidity_topk_exact,-0.027758935822905673,-0.027758935822905784,-0.027758935822905784
1,2022-09-30,liquidity_topk_exact,-0.03628891766465814,-0.036288917664657916,-0.036288917664657916
1,2022-09-01,ewma_topk_exact,0.04092926031156274,0.03614484537412466,0.03614484537412466
1,2022-09-02,ewma_topk_exact,0.0,0.0,0.0
1,2022-09-05,ewma_topk_exact,0.0,0.0,0.0
1,2022-09-06,ewma_topk_exact,-0.006314464689861965,-0.006314464689861965,-0.006314464689861965
1,2022-09-07,ewma_topk_exact,-0.01632741175478314,-0.016327411754783028,-0.016327411754783028
1,2022-09-08,ewma_topk_exact,-0.003953136018713943,-0.003953136018713832,-0.003953136018713832
1,2022-09-09,ewma_topk_exact,-0.0024241654704412197,-0.0024241654704412197,-0.0024241654704412197
1,2022-09-12,ewma_topk_exact,-0.03396217221244835,-0.03396217221244835,-0.03396217221244835
1,2022-09-13,ewma_topk_exact,0.006167428147117571,0.006167428147117571,0.006167428147117571
1,2022-09-14,ewma_topk_exact,0.034771151623026686,0.034771151623026686,0.034771151623026686
1,2022-09-15,ewma_topk_exact,0.005639765566039401,0.005639765566039401,0.005639765566039401
1,2022-09-16,ewma_topk_exact,0.0323388559764517,0.0323388559764517,0.0323388559764517
1,2022-09-19,ewma_topk_exact,0.000998811584099979,0.000998811584099757,0.000998811584099757
1,2022-09-20,ewma_topk_exact,-0.06204609680872586,-0.06204609680872575,-0.06204609680872575
1,2022-09-21,ewma_topk_exact,0.008801493910827185,0.008801493910826963,0.008801493910826963
1,2022-09-22,ewma_topk_exact,-0.0192278109738232,-0.01922781097382309,-0.01922781097382309
1,2022-09-23,ewma_topk_exact,0.006782429679524693,0.006782429679524693,0.006782429679524693
1,2022-09-26,ewma_topk_exact,0.03637153807268034,0.03637153807268034,0.03637153807268034
1,2022-09-27,ewma_topk_exact,-0.06139618369065658,-0.06139618369065647,-0.06139618369065647
1,2022-09-28,ewma_topk_exact,-0.025403880703111392,-0.02540388070311128,-0.02540388070311128
1,2022-09-29,ewma_topk_exact,-0.024500035671031983,-0.024500035671032094,-0.024500035671032094
1,2022-09-30,ewma_topk_exact,-0.03307710837978284,-0.03307710837978284,-0.03307710837978284
1,2022-09-01,xgboost_topk_exact,0.005643673750797662,0.001184495290173393,0.001184495290173393
1,2022-09-02,xgboost_topk_exact,0.0,0.0,0.0
1,2022-09-05,xgboost_topk_exact,0.0,0.0,0.0
1,2022-09-06,xgboost_topk_exact,-0.00868063024996879,-0.00868063024996879,-0.00868063024996879
1,2022-09-07,xgboost_topk_exact,0.0018915878594862878,0.0018915878594862878,0.0018915878594862878
1,2022-09-08,xgboost_topk_exact,-0.014109358975663233,-0.014109358975663011,-0.014109358975663011
1,2022-09-09,xgboost_topk_exact,-0.004834050240164256,-0.004834050240164478,-0.004834050240164478
1,2022-09-12,xgboost_topk_exact,0.008888113350087101,0.008888113350087101,0.008888113350087101
1,2022-09-13,xgboost_topk_exact,0.0016398438707174723,0.0016398438707176943,0.0016398438707176943
1,2022-09-14,xgboost_topk_exact,0.0005444151152658172,0.0005444151152655952,0.0005444151152655952
1,2022-09-15,xgboost_topk_exact,-0.015532620404071884,-0.015532620404071884,-0.015532620404071884
1,2022-09-16,xgboost_topk_exact,-0.0019212040709434275,-0.0019212040709433165,-0.0019212040709433165
1,2022-09-19,xgboost_topk_exact,-0.014571080127212865,-0.014571080127213087,-0.014571080127213087
1,2022-09-20,xgboost_topk_exact,-0.017873100268189,-0.017873100268189113,-0.017873100268189113
1,2022-09-21,xgboost_topk_exact,0.01903141787868523,0.01903141787868523,0.01903141787868523
1,2022-09-22,xgboost_topk_exact,0.0034845403795262797,0.0034845403795265018,0.0034845403795265018
1,2022-09-23,xgboost_topk_exact,0.016763030964666692,0.01676303096466647,0.01676303096466647
1,2022-09-26,xgboost_topk_exact,-0.016020660481461335,-0.016020660481461446,-0.016020660481461446
1,2022-09-27,xgboost_topk_exact,-0.010690926165244585,-0.010690926165244585,-0.010690926165244585
1,2022-09-28,xgboost_topk_exact,0.001978713064766602,0.001978713064766824,0.001978713064766824
1,2022-09-29,xgboost_topk_exact,-0.02680713482173802,-0.026807134821738132,-0.026807134821738132
1,2022-09-30,xgboost_topk_exact,-0.008795842563433354,-0.008795842563433243,-0.008795842563433243
1,2022-09-01,adaptive_exact,0.012244245828781697,0.007885914733124277,0.007885914733124277
1,2022-09-02,adaptive_exact,0.0,0.0,0.0
1,2022-09-05,adaptive_exact,0.0,0.0,0.0
1,2022-09-06,adaptive_exact,0.0016332204364117864,0.0016332204364115643,0.0016332204364115643
1,2022-09-07,adaptive_exact,0.00042252386998908875,0.0004225238699893108,0.0004225238699893108
1,2022-09-08,adaptive_exact,-0.031713666972900234,-0.031713666972900456,-0.031713666972900456
1,2022-09-09,adaptive_exact,-0.01283845291427732,-0.012838452914277432,-0.012838452914277432
1,2022-09-12,adaptive_exact,0.004959556594798853,0.004959556594798853,0.004959556594798853
1,2022-09-13,adaptive_exact,-0.003135245084491922,-0.0031352450844917,-0.0031352450844917
1,2022-09-14,adaptive_exact,0.0008215453054389865,0.0008215453054389865,0.0008215453054389865
1,2022-09-15,adaptive_exact,-0.009801947508422004,-0.009801947508421893,-0.009801947508421893
1,2022-09-16,adaptive_exact,-0.003558334919010142,-0.003558334919010142,-0.003558334919010142
1,2022-09-19,adaptive_exact,-0.011526992755736987,-0.011526992755737098,-0.011526992755737098
1,2022-09-20,adaptive_exact,-0.038299414659565434,-0.038299414659565434,-0.038299414659565434
1,2022-09-21,adaptive_exact,0.018448823256757008,0.01844882325675723,0.01844882325675723
1,2022-09-22,adaptive_exact,0.0010292749178875127,0.0010292749178875127,0.0010292749178875127
1,2022-09-23,adaptive_exact,0.001586185686802466,0.001586185686802244,0.001586185686802244
1,2022-09-26,adaptive_exact,0.013166397276086705,0.013166397276086705,0.013166397276086705
1,2022-09-27,adaptive_exact,-0.027660932059422327,-0.027660932059422327,-0.027660932059422327
1,2022-09-28,adaptive_exact,0.005105414426499033,0.005105414426498811,0.005105414426498811
1,2022-09-29,adaptive_exact,-0.0159849907626729,-0.01598499076267279,-0.01598499076267279
1,2022-09-30,adaptive_exact,-0.02012641925571279,-0.020126419255712902,-0.020126419255712902
1,2022-09-01,xgboost_penalty_qaoa,0.005945626504134882,0.0014586546083481533,0.0014586546083481533
1,2022-09-02,xgboost_penalty_qaoa,0.0,0.0,0.0
1,2022-09-05,xgboost_penalty_qaoa,0.0,0.0,0.0
1,2022-09-06,xgboost_penalty_qaoa,-0.007611447804977245,-0.007611447804977134,-0.007611447804977134
1,2022-09-07,xgboost_penalty_qaoa,0.0028172611467629505,0.0028172611467629505,0.0028172611467629505
1,2022-09-08,xgboost_penalty_qaoa,-0.01041358340903098,-0.01041358340903098,-0.01041358340903098
1,2022-09-09,xgboost_penalty_qaoa,-0.005146209290450288,-0.005146209290450177,-0.005146209290450177
1,2022-09-12,xgboost_penalty_qaoa,0.00834544035813467,0.00834544035813467,0.00834544035813467
1,2022-09-13,xgboost_penalty_qaoa,0.0019011174566245792,0.0019011174566245792,0.0019011174566245792
1,2022-09-14,xgboost_penalty_qaoa,-0.0008550584879518652,-0.0008550584879520873,-0.0008550584879520873
1,2022-09-15,xgboost_penalty_qaoa,-0.0156921597703763,-0.01569215977037597,-0.01569215977037597
1,2022-09-16,xgboost_penalty_qaoa,-0.0016898328057617373,-0.0016898328057617373,-0.0016898328057617373
1,2022-09-19,xgboost_penalty_qaoa,-0.014454488473303884,-0.014454488473303995,-0.014454488473303995
1,2022-09-20,xgboost_penalty_qaoa,-0.01490841430076495,-0.01490841430076506,-0.01490841430076506
1,2022-09-21,xgboost_penalty_qaoa,0.019475894243327296,0.019475894243327074,0.019475894243327074
1,2022-09-22,xgboost_penalty_qaoa,0.0035716820515530046,0.0035716820515530046,0.0035716820515530046
1,2022-09-23,xgboost_penalty_qaoa,0.017713929642557025,0.017713929642556803,0.017713929642556803
1,2022-09-26,xgboost_penalty_qaoa,-0.015735676134904564,-0.015735676134904453,-0.015735676134904453
1,2022-09-27,xgboost_penalty_qaoa,-0.011144964799380652,-0.011144964799380763,-0.011144964799380763
1,2022-09-28,xgboost_penalty_qaoa,0.000256414939420857,0.000256414939420857,0.000256414939420857
1,2022-09-29,xgboost_penalty_qaoa,-0.026801118300501803,-0.026801118300501803,-0.026801118300501803
1,2022-09-30,xgboost_penalty_qaoa,-0.006900894059106433,-0.006900894059106211,-0.006900894059106211
1,2022-09-01,xgboost_xy_qaoa,0.005945626504134882,0.001471135232768539,0.001471135232768539
1,2022-09-02,xgboost_xy_qaoa,0.0,0.0,0.0
1,2022-09-05,xgboost_xy_qaoa,0.0,0.0,0.0
1,2022-09-06,xgboost_xy_qaoa,-0.007611447804977245,-0.007611447804977245,-0.007611447804977245
1,2022-09-07,xgboost_xy_qaoa,0.0028172611467629505,0.0028172611467631725,0.0028172611467631725
1,2022-09-08,xgboost_xy_qaoa,-0.01041358340903098,-0.01041358340903098,-0.01041358340903098
1,2022-09-09,xgboost_xy_qaoa,-0.005146209290450288,-0.005146209290450288,-0.005146209290450288
1,2022-09-12,xgboost_xy_qaoa,0.00834544035813467,0.00834544035813467,0.00834544035813467
1,2022-09-13,xgboost_xy_qaoa,0.0019011174566245792,0.0019011174566245792,0.0019011174566245792
1,2022-09-14,xgboost_xy_qaoa,-0.0008550584879518652,-0.0008550584879519763,-0.0008550584879519763
1,2022-09-15,xgboost_xy_qaoa,-0.0156921597703763,-0.01569215977037597,-0.01569215977037597
1,2022-09-16,xgboost_xy_qaoa,-0.0016898328057617373,-0.0016898328057617373,-0.0016898328057617373
1,2022-09-19,xgboost_xy_qaoa,-0.014454488473303884,-0.014454488473303884,-0.014454488473303884
1,2022-09-20,xgboost_xy_qaoa,-0.01490841430076495,-0.014908414300765171,-0.014908414300765171
1,2022-09-21,xgboost_xy_qaoa,0.019475894243327296,0.019475894243327296,0.019475894243327296
1,2022-09-22,xgboost_xy_qaoa,0.0035716820515530046,0.0035716820515530046,0.0035716820515530046
1,2022-09-23,xgboost_xy_qaoa,0.017713929642557025,0.017713929642557025,0.017713929642557025
1,2022-09-26,xgboost_xy_qaoa,-0.015735676134904564,-0.015735676134904564,-0.015735676134904564
1,2022-09-27,xgboost_xy_qaoa,-0.011144964799380652,-0.011144964799380652,-0.011144964799380652
1,2022-09-28,xgboost_xy_qaoa,0.000256414939420857,0.000256414939420857,0.000256414939420857
1,2022-09-29,xgboost_xy_qaoa,-0.026801118300501803,-0.026801118300501914,-0.026801118300501914
1,2022-09-30,xgboost_xy_qaoa,-0.006900894059106433,-0.006900894059105989,-0.006900894059105989
1,2022-09-01,adaptive_penalty_qaoa,0.012244245828781697,0.007885914733124277,0.007885914733124277
1,2022-09-02,adaptive_penalty_qaoa,0.0,0.0,0.0
1,2022-09-05,adaptive_penalty_qaoa,0.0,0.0,0.0
1,2022-09-06,adaptive_penalty_qaoa,0.0016332204364117864,0.0016332204364115643,0.0016332204364115643
1,2022-09-07,adaptive_penalty_qaoa,0.00042252386998908875,0.0004225238699893108,0.0004225238699893108
1,2022-09-08,adaptive_penalty_qaoa,-0.031713666972900234,-0.031713666972900456,-0.031713666972900456
1,2022-09-09,adaptive_penalty_qaoa,-0.01283845291427732,-0.012838452914277432,-0.012838452914277432
1,2022-09-12,adaptive_penalty_qaoa,0.004959556594798853,0.004959556594798853,0.004959556594798853
1,2022-09-13,adaptive_penalty_qaoa,-0.003135245084491922,-0.0031352450844917,-0.0031352450844917
1,2022-09-14,adaptive_penalty_qaoa,0.0008215453054389865,0.0008215453054389865,0.0008215453054389865
1,2022-09-15,adaptive_penalty_qaoa,-0.009801947508422004,-0.009801947508421893,-0.009801947508421893
1,2022-09-16,adaptive_penalty_qaoa,-0.003558334919010142,-0.003558334919010142,-0.003558334919010142
1,2022-09-19,adaptive_penalty_qaoa,-0.011526992755736987,-0.011526992755737098,-0.011526992755737098
1,2022-09-20,adaptive_penalty_qaoa,-0.038299414659565434,-0.038299414659565434,-0.038299414659565434
1,2022-09-21,adaptive_penalty_qaoa,0.018448823256757008,0.01844882325675723,0.01844882325675723
1,2022-09-22,adaptive_penalty_qaoa,0.0010292749178875127,0.0010292749178875127,0.0010292749178875127
1,2022-09-23,adaptive_penalty_qaoa,0.001586185686802466,0.001586185686802244,0.001586185686802244
1,2022-09-26,adaptive_penalty_qaoa,0.013166397276086705,0.013166397276086705,0.013166397276086705
1,2022-09-27,adaptive_penalty_qaoa,-0.027660932059422327,-0.027660932059422327,-0.027660932059422327
1,2022-09-28,adaptive_penalty_qaoa,0.005105414426499033,0.005105414426498811,0.005105414426498811
1,2022-09-29,adaptive_penalty_qaoa,-0.0159849907626729,-0.01598499076267279,-0.01598499076267279
1,2022-09-30,adaptive_penalty_qaoa,-0.02012641925571279,-0.020126419255712902,-0.020126419255712902
1,2022-09-01,adaptive_xy_qaoa,0.012244245828781697,0.007885914733124277,0.007885914733124277
1,2022-09-02,adaptive_xy_qaoa,0.0,0.0,0.0
1,2022-09-05,adaptive_xy_qaoa,0.0,0.0,0.0
1,2022-09-06,adaptive_xy_qaoa,0.0016332204364117864,0.0016332204364115643,0.0016332204364115643
1,2022-09-07,adaptive_xy_qaoa,0.00042252386998908875,0.0004225238699893108,0.0004225238699893108
1,2022-09-08,adaptive_xy_qaoa,-0.031713666972900234,-0.031713666972900456,-0.031713666972900456
1,2022-09-09,adaptive_xy_qaoa,-0.01283845291427732,-0.012838452914277432,-0.012838452914277432
1,2022-09-12,adaptive_xy_qaoa,0.004959556594798853,0.004959556594798853,0.004959556594798853
1,2022-09-13,adaptive_xy_qaoa,-0.003135245084491922,-0.0031352450844917,-0.0031352450844917
1,2022-09-14,adaptive_xy_qaoa,0.0008215453054389865,0.0008215453054389865,0.0008215453054389865
1,2022-09-15,adaptive_xy_qaoa,-0.009801947508422004,-0.009801947508421893,-0.009801947508421893
1,2022-09-16,adaptive_xy_qaoa,-0.003558334919010142,-0.003558334919010142,-0.003558334919010142
1,2022-09-19,adaptive_xy_qaoa,-0.011526992755736987,-0.011526992755737098,-0.011526992755737098
1,2022-09-20,adaptive_xy_qaoa,-0.038299414659565434,-0.038299414659565434,-0.038299414659565434
1,2022-09-21,adaptive_xy_qaoa,0.018448823256757008,0.01844882325675723,0.01844882325675723
1,2022-09-22,adaptive_xy_qaoa,0.0010292749178875127,0.0010292749178875127,0.0010292749178875127
1,2022-09-23,adaptive_xy_qaoa,0.001586185686802466,0.001586185686802244,0.001586185686802244
1,2022-09-26,adaptive_xy_qaoa,0.013166397276086705,0.013166397276086705,0.013166397276086705
1,2022-09-27,adaptive_xy_qaoa,-0.027660932059422327,-0.027660932059422327,-0.027660932059422327
1,2022-09-28,adaptive_xy_qaoa,0.005105414426499033,0.005105414426498811,0.005105414426498811
1,2022-09-29,adaptive_xy_qaoa,-0.0159849907626729,-0.01598499076267279,-0.01598499076267279
1,2022-09-30,adaptive_xy_qaoa,-0.02012641925571279,-0.020126419255712902,-0.020126419255712902
1,2022-09-01,adaptive_simulated_annealing,0.012244245828781697,0.007885914733124277,0.007885914733124277
1,2022-09-02,adaptive_simulated_annealing,0.0,0.0,0.0
1,2022-09-05,adaptive_simulated_annealing,0.0,0.0,0.0
1,2022-09-06,adaptive_simulated_annealing,0.0016332204364117864,0.0016332204364115643,0.0016332204364115643
1,2022-09-07,adaptive_simulated_annealing,0.00042252386998908875,0.0004225238699893108,0.0004225238699893108
1,2022-09-08,adaptive_simulated_annealing,-0.031713666972900234,-0.031713666972900456,-0.031713666972900456
1,2022-09-09,adaptive_simulated_annealing,-0.01283845291427732,-0.012838452914277432,-0.012838452914277432
1,2022-09-12,adaptive_simulated_annealing,0.004959556594798853,0.004959556594798853,0.004959556594798853
1,2022-09-13,adaptive_simulated_annealing,-0.003135245084491922,-0.0031352450844917,-0.0031352450844917
1,2022-09-14,adaptive_simulated_annealing,0.0008215453054389865,0.0008215453054389865,0.0008215453054389865
1,2022-09-15,adaptive_simulated_annealing,-0.009801947508422004,-0.009801947508421893,-0.009801947508421893
1,2022-09-16,adaptive_simulated_annealing,-0.003558334919010142,-0.003558334919010142,-0.003558334919010142
1,2022-09-19,adaptive_simulated_annealing,-0.011526992755736987,-0.011526992755737098,-0.011526992755737098
1,2022-09-20,adaptive_simulated_annealing,-0.038299414659565434,-0.038299414659565434,-0.038299414659565434
1,2022-09-21,adaptive_simulated_annealing,0.018448823256757008,0.01844882325675723,0.01844882325675723
1,2022-09-22,adaptive_simulated_annealing,0.0010292749178875127,0.0010292749178875127,0.0010292749178875127
1,2022-09-23,adaptive_simulated_annealing,0.001586185686802466,0.001586185686802244,0.001586185686802244
1,2022-09-26,adaptive_simulated_annealing,0.013166397276086705,0.013166397276086705,0.013166397276086705
1,2022-09-27,adaptive_simulated_annealing,-0.027660932059422327,-0.027660932059422327,-0.027660932059422327
1,2022-09-28,adaptive_simulated_annealing,0.005105414426499033,0.005105414426498811,0.005105414426498811
1,2022-09-29,adaptive_simulated_annealing,-0.0159849907626729,-0.01598499076267279,-0.01598499076267279
1,2022-09-30,adaptive_simulated_annealing,-0.02012641925571279,-0.020126419255712902,-0.020126419255712902
1,2022-09-01,equal_weight_universe,0.006082373157849874,0.0057714890409292785,0.0057714890409292785
1,2022-09-02,equal_weight_universe,0.0,0.0,0.0
1,2022-09-05,equal_weight_universe,3.8305677719785436e-05,3.8305677719785436e-05,3.8305677719785436e-05
1,2022-09-06,equal_weight_universe,9.695366675122052e-05,9.695366675122052e-05,9.695366675122052e-05
1,2022-09-07,equal_weight_universe,-0.0010622935810565837,-0.0010622935810564726,-0.0010622935810564726
1,2022-09-08,equal_weight_universe,-0.025112523559865818,-0.02511252355986593,-0.02511252355986593
1,2022-09-09,equal_weight_universe,-0.007594110756897643,-0.007594110756897643,-0.007594110756897643
1,2022-09-12,equal_weight_universe,0.010400096189933317,0.010400096189933539,0.010400096189933539
1,2022-09-13,equal_weight_universe,0.0029458143839202755,0.0029458143839202755,0.0029458143839202755
1,2022-09-14,equal_weight_universe,0.0008264812524414467,0.0008264812524414467,0.0008264812524414467
1,2022-09-15,equal_weight_universe,-0.0023116307699355687,-0.0023116307699357908,-0.0023116307699357908
1,2022-09-16,equal_weight_universe,0.002160200442608673,0.002160200442608895,0.002160200442608895
1,2022-09-19,equal_weight_universe,-0.01324634285196058,-0.01324634285196058,-0.01324634285196058
1,2022-09-20,equal_weight_universe,-0.029517922571242083,-0.029517922571242083,-0.029517922571242083
1,2022-09-21,equal_weight_universe,0.01024115042391216,0.010241150423911938,0.010241150423911938
1,2022-09-22,equal_weight_universe,-0.002885755228850151,-0.002885755228850151,-0.002885755228850151
1,2022-09-23,equal_weight_universe,0.009016819149159305,0.009016819149159527,0.009016819149159527
1,2022-09-26,equal_weight_universe,-0.004021059012396133,-0.004021059012396133,-0.004021059012396133
1,2022-09-27,equal_weight_universe,-0.03130584220116006,-0.03130584220116006,-0.03130584220116006
1,2022-09-28,equal_weight_universe,-0.0036880811929203006,-0.0036880811929201895,-0.0036880811929201895
1,2022-09-29,equal_weight_universe,-0.01646841714353342,-0.01646841714353342,-0.01646841714353342
1,2022-09-30,equal_weight_universe,-0.01604547688429292,-0.01604547688429292,-0.01604547688429292
1,2022-09-01,markowitz_mean_variance,0.04092926031156141,0.03616547074248233,0.03616547074248233
1,2022-09-02,markowitz_mean_variance,0.0,0.0,0.0
1,2022-09-05,markowitz_mean_variance,0.0,0.0,0.0
1,2022-09-06,markowitz_mean_variance,-0.0063144646898994905,-0.0063144646898997125,-0.0063144646898997125
1,2022-09-07,markowitz_mean_variance,-0.016327411754771926,-0.016327411754771926,-0.016327411754771926
1,2022-09-08,markowitz_mean_variance,-0.0039531360187911035,-0.0039531360187907705,-0.0039531360187907705
1,2022-09-09,markowitz_mean_variance,-0.0024241654704200144,-0.0024241654704201254,-0.0024241654704201254
1,2022-09-12,markowitz_mean_variance,-0.03396217221251607,-0.033962172212516184,-0.033962172212516184
1,2022-09-13,markowitz_mean_variance,0.006167428147159981,0.006167428147159981,0.006167428147159981
1,2022-09-14,markowitz_mean_variance,0.03477115162306399,0.03477115162306377,0.03477115162306377
1,2022-09-15,markowitz_mean_variance,0.005639765566059163,0.005639765566059163,0.005639765566059163
1,2022-09-16,markowitz_mean_variance,0.032338855976508984,0.032338855976508984,0.032338855976508984
1,2022-09-19,markowitz_mean_variance,0.0009988115840691147,0.0009988115840691147,0.0009988115840691147
1,2022-09-20,markowitz_mean_variance,-0.06204609680874262,-0.0620460968087424,-0.0620460968087424
1,2022-09-21,markowitz_mean_variance,0.008801493910866709,0.008801493910866709,0.008801493910866709
1,2022-09-22,markowitz_mean_variance,-0.019227810973758364,-0.019227810973758586,-0.019227810973758586
1,2022-09-23,markowitz_mean_variance,0.0067824296795220285,0.0067824296795222505,0.0067824296795222505
1,2022-09-26,markowitz_mean_variance,0.03637153807270321,0.03637153807270321,0.03637153807270321
1,2022-09-27,markowitz_mean_variance,-0.06139618369063271,-0.0613961836906326,-0.0613961836906326
1,2022-09-28,markowitz_mean_variance,-0.025403880703009807,-0.025403880703009807,-0.025403880703009807
1,2022-09-29,markowitz_mean_variance,-0.024500035670949605,-0.024500035670949716,-0.024500035670949716
1,2022-09-30,markowitz_mean_variance,-0.03307710837984057,-0.03307710837984057,-0.03307710837984057
1,2022-09-01,minimum_variance,0.0018797253543989534,0.0016683051246013658,0.0016683051246013658
1,2022-09-02,minimum_variance,0.0,0.0,0.0
1,2022-09-05,minimum_variance,-0.00013582948774082393,-0.0001358294877407129,-0.0001358294877407129
1,2022-09-06,minimum_variance,0.0020889767633689438,0.002088976763369166,0.002088976763369166
1,2022-09-07,minimum_variance,-0.0031236305454704905,-0.0031236305454708235,-0.0031236305454708235
1,2022-09-08,minimum_variance,-0.008163851617618678,-0.008163851617618345,-0.008163851617618345
1,2022-09-09,minimum_variance,-0.002424637783268735,-0.002424637783268957,-0.002424637783268957
1,2022-09-12,minimum_variance,0.005671177408822059,0.005671177408822059,0.005671177408822059
1,2022-09-13,minimum_variance,0.0016237411355182196,0.0016237411355182196,0.0016237411355182196
1,2022-09-14,minimum_variance,0.0020006634890796793,0.0020006634890794572,0.0020006634890794572
1,2022-09-15,minimum_variance,-0.004757890142587429,-0.004757890142587318,-0.004757890142587318
1,2022-09-16,minimum_variance,-0.0006394431641555398,-0.0006394431641556508,-0.0006394431641556508
1,2022-09-19,minimum_variance,-0.0027516758411419984,-0.0027516758411421094,-0.0027516758411421094
1,2022-09-20,minimum_variance,-0.005671763612426384,-0.005671763612426162,-0.005671763612426162
1,2022-09-21,minimum_variance,0.009515314184165069,0.009515314184165069,0.009515314184165069
1,2022-09-22,minimum_variance,-0.004154016074175204,-0.004154016074175315,-0.004154016074175315
1,2022-09-23,minimum_variance,-0.004957030243563754,-0.004957030243563976,-0.004957030243563976
1,2022-09-26,minimum_variance,0.0016583694088194711,0.0016583694088196932,0.0016583694088196932
1,2022-09-27,minimum_variance,-0.004434348194513937,-0.004434348194513715,-0.004434348194513715
1,2022-09-28,minimum_variance,-0.0011283350223614264,-0.0011283350223616484,-0.0011283350223616484
1,2022-09-29,minimum_variance,-0.004643081370663604,-0.004643081370663604,-0.004643081370663604
1,2022-09-30,minimum_variance,-0.0023528763518022577,-0.0023528763518020357,-0.0023528763518020357
2,2023-01-02,full_pipeline_xy_qaoa,-0.039140889220874,-0.043314225530837636,-0.043314225530837636
2,2023-01-03,full_pipeline_xy_qaoa,0.0,0.0,0.0
2,2023-01-04,full_pipeline_xy_qaoa,0.06059823486045368,0.06059823486045368,0.06059823486045368
2,2023-01-05,full_pipeline_xy_qaoa,-0.032217035352835044,-0.032217035352835155,-0.032217035352835155
2,2023-01-06,full_pipeline_xy_qaoa,-0.01893659560499139,-0.01893659560499128,-0.01893659560499128
2,2023-01-09,full_pipeline_xy_qaoa,0.005117994624608935,0.005117994624608713,0.005117994624608713
2,2023-01-10,full_pipeline_xy_qaoa,0.029482514309530528,0.029482514309530528,0.029482514309530528
2,2023-01-11,full_pipeline_xy_qaoa,0.03052749030423718,0.030527490304237404,0.030527490304237404
2,2023-01-12,full_pipeline_xy_qaoa,0.017307962115076236,0.017307962115075792,0.017307962115075792
2,2023-01-13,full_pipeline_xy_qaoa,-0.018710163616166953,-0.01871016361616673,-0.01871016361616673
2,2023-01-16,full_pipeline_xy_qaoa,-0.022668431945062628,-0.022668431945062406,-0.022668431945062406
2,2023-01-17,full_pipeline_xy_qaoa,-0.030329728587685123,-0.030329728587685234,-0.030329728587685234
2,2023-01-18,full_pipeline_xy_qaoa,0.027470529151472967,0.027470529151472967,0.027470529151472967
2,2023-01-19,full_pipeline_xy_qaoa,0.013860714388608475,0.013860714388608253,0.013860714388608253
2,2023-01-20,full_pipeline_xy_qaoa,0.015208630527950406,0.015208630527950628,0.015208630527950628
2,2023-01-23,full_pipeline_xy_qaoa,0.0,0.0,0.0
2,2023-01-24,full_pipeline_xy_qaoa,0.0,0.0,0.0
2,2023-01-25,full_pipeline_xy_qaoa,0.0,0.0,0.0
2,2023-01-26,full_pipeline_xy_qaoa,0.0,0.0,0.0
2,2023-01-27,full_pipeline_xy_qaoa,0.0,0.0,0.0
2,2023-01-30,full_pipeline_xy_qaoa,0.015134382109464717,0.015134382109464717,0.015134382109464717
2,2023-01-31,full_pipeline_xy_qaoa,0.006059278003538671,0.006059278003538893,0.006059278003538893
2,2023-01-02,equal_weight_candidates,-0.02041184879626534,-0.0234704154655212,-0.0234704154655212
2,2023-01-03,equal_weight_candidates,0.0,0.0,0.0
2,2023-01-04,equal_weight_candidates,0.05105730479818793,0.05105730479818815,0.05105730479818815
2,2023-01-05,equal_weight_candidates,-0.008568170191181612,-0.008568170191181501,-0.008568170191181501
2,2023-01-06,equal_weight_candidates,-0.0034590665379007346,-0.0034590665379007346,-0.0034590665379007346
2,2023-01-09,equal_weight_candidates,0.006376568303979369,0.006376568303979369,0.006376568303979369
2,2023-01-10,equal_weight_candidates,0.006777228907424826,0.006777228907424604,0.006777228907424604
2,2023-01-11,equal_weight_candidates,0.014810069834125361,0.014810069834125361,0.014810069834125361
2,2023-01-12,equal_weight_candidates,0.01853694255007854,0.01853694255007876,0.01853694255007876
2,2023-01-13,equal_weight_candidates,-0.007897643985231628,-0.007897643985231517,-0.007897643985231517
2,2023-01-16,equal_weight_candidates,-0.008185722887728897,-0.008185722887728897,-0.008185722887728897
2,2023-01-17,equal_weight_candidates,-0.0045718358010020665,-0.0045718358010020665,-0.0045718358010020665
2,2023-01-18,equal_weight_candidates,0.02388093121882684,0.02388093121882684,0.02388093121882684
2,2023-01-19,equal_weight_candidates,0.017171121810344525,0.017171121810344747,0.017171121810344747
2,2023-01-20,equal_weight_candidates,0.012739930371015618,0.012739930371015618,0.012739930371015618
2,2023-01-23,equal_weight_candidates,0.0,0.0,0.0
2,2023-01-24,equal_weight_candidates,0.0,0.0,0.0
2,2023-01-25,equal_weight_candidates,0.0,0.0,0.0
2,2023-01-26,equal_weight_candidates,0.0,0.0,0.0
2,2023-01-27,equal_weight_candidates,0.0,0.0,0.0
2,2023-01-30,equal_weight_candidates,0.0045153990753421525,0.0045153990753421525,0.0045153990753421525
2,2023-01-31,equal_weight_candidates,-0.004295576797070488,-0.004295576797070377,-0.004295576797070377
2,2023-01-02,liquidity_topk_exact,0.004931788298562667,0.0012417283521153344,0.0012417283521153344
2,2023-01-03,liquidity_topk_exact,0.0,0.0,0.0
2,2023-01-04,liquidity_topk_exact,0.0450469778977205,0.04504697789772072,0.04504697789772072
2,2023-01-05,liquidity_topk_exact,0.006737729628975675,0.006737729628975453,0.006737729628975453
2,2023-01-06,liquidity_topk_exact,0.020501201260027857,0.02050120126002808,0.02050120126002808
2,2023-01-09,liquidity_topk_exact,-0.0024604581497611466,-0.0024604581497610356,-0.0024604581497610356
2,2023-01-10,liquidity_topk_exact,0.005796696502426535,0.005796696502426535,0.005796696502426535
2,2023-01-11,liquidity_topk_exact,0.0038988108388791076,0.0038988108388791076,0.0038988108388791076
2,2023-01-12,liquidity_topk_exact,-0.005196975475760146,-0.005196975475760368,-0.005196975475760368
2,2023-01-13,liquidity_topk_exact,0.007793514124690981,0.007793514124690981,0.007793514124690981
2,2023-01-16,liquidity_topk_exact,0.019167078449121355,0.019167078449121133,0.019167078449121133
2,2023-01-17,liquidity_topk_exact,0.006225375400466637,0.006225375400466859,0.006225375400466859
2,2023-01-18,liquidity_topk_exact,0.034763065768382395,0.03476306576838262,0.03476306576838262
2,2023-01-19,liquidity_topk_exact,0.005322219113895077,0.005322219113895077,0.005322219113895077
2,2023-01-20,liquidity_topk_exact,-0.008157724959230395,-0.008157724959230395,-0.008157724959230395
2,2023-01-23,liquidity_topk_exact,0.0,0.0,0.0
2,2023-01-24,liquidity_topk_exact,0.0,0.0,0.0
2,2023-01-25,liquidity_topk_exact,0.0,0.0,0.0
2,2023-01-26,liquidity_topk_exact,0.0,0.0,0.0
2,2023-01-27,liquidity_topk_exact,0.0,0.0,0.0
2,2023-01-30,liquidity_topk_exact,0.004943192806190488,0.0049431928061907104,0.0049431928061907104
2,2023-01-31,liquidity_topk_exact,-0.01868917705835549,-0.01868917705835549,-0.01868917705835549
2,2023-01-02,ewma_topk_exact,0.02827150969370562,0.023550762819340543,0.023550762819340543
2,2023-01-03,ewma_topk_exact,0.004014071546963205,0.004014071546963427,0.004014071546963427
2,2023-01-04,ewma_topk_exact,-0.04180271514150147,-0.04180271514150147,-0.04180271514150147
2,2023-01-05,ewma_topk_exact,-0.020189904530800384,-0.020189904530800495,-0.020189904530800495
2,2023-01-06,ewma_topk_exact,0.0001966440392529023,0.0001966440392529023,0.0001966440392529023
2,2023-01-09,ewma_topk_exact,0.005857743591000997,0.005857743591001219,0.005857743591001219
2,2023-01-10,ewma_topk_exact,-0.042739990025081886,-0.042739990025081775,-0.042739990025081775
2,2023-01-11,ewma_topk_exact,0.016808417237267337,0.016808417237267115,0.016808417237267115
2,2023-01-12,ewma_topk_exact,0.002598604069825594,0.002598604069825594,0.002598604069825594
2,2023-01-13,ewma_topk_exact,-0.01543102117049211,-0.01543102117049211,-0.01543102117049211
2,2023-01-16,ewma_topk_exact,0.000677677380367836,0.000677677380368058,0.000677677380368058
2,2023-01-17,ewma_topk_exact,0.0189223611757241,0.0189223611757241,0.0189223611757241
2,2023-01-18,ewma_topk_exact,0.012105244672868443,0.012105244672868443,0.012105244672868443
2,2023-01-19,ewma_topk_exact,0.016924468787193003,0.01692446878719278,0.01692446878719278
2,2023-01-20,ewma_topk_exact,-0.0009962111116906813,-0.0009962111116905703,-0.0009962111116905703
2,2023-01-23,ewma_topk_exact,0.0,0.0,0.0
2,2023-01-24,ewma_topk_exact,0.0,0.0,0.0
2,2023-01-25,ewma_topk_exact,0.0,0.0,0.0
2,2023-01-26,ewma_topk_exact,0.0,0.0,0.0
2,2023-01-27,ewma_topk_exact,0.0,0.0,0.0
2,2023-01-30,ewma_topk_exact,0.018229805457941284,0.018229805457941284,0.018229805457941284
2,2023-01-31,ewma_topk_exact,-0.006449057124242263,-0.006449057124242263,-0.006449057124242263
2,2023-01-02,xgboost_topk_exact,-0.0391408892613021,-0.04329487465557991,-0.04329487465557991
2,2023-01-03,xgboost_topk_exact,0.0,0.0,0.0
2,2023-01-04,xgboost_topk_exact,0.060598234804587925,0.060598234804587925,0.060598234804587925
2,2023-01-05,xgboost_topk_exact,-0.03221703542396914,-0.032217035423969254,-0.032217035423969254
2,2023-01-06,xgboost_topk_exact,-0.018936595668602285,-0.018936595668602285,-0.018936595668602285
2,2023-01-09,xgboost_topk_exact,0.00511799461870055,0.00511799461870055,0.00511799461870055
2,2023-01-10,xgboost_topk_exact,0.029482514399258974,0.029482514399258974,0.029482514399258974
2,2023-01-11,xgboost_topk_exact,0.030527490335372942,0.03052749033537272,0.03052749033537272
2,2023-01-12,xgboost_topk_exact,0.017307962260558973,0.017307962260559195,0.017307962260559195
2,2023-01-13,xgboost_topk_exact,-0.01871016360807254,-0.01871016360807265,-0.01871016360807265
2,2023-01-16,xgboost_topk_exact,-0.02266843203042279,-0.022668432030422903,-0.022668432030422903
2,2023-01-17,xgboost_topk_exact,-0.030329728696812164,-0.03032972869681194,-0.03032972869681194
2,2023-01-18,xgboost_topk_exact,0.02747052915639414,0.02747052915639414,0.02747052915639414
2,2023-01-19,xgboost_topk_exact,0.013860714396534135,0.013860714396534135,0.013860714396534135
2,2023-01-20,xgboost_topk_exact,0.015208630342973484,0.015208630342973262,0.015208630342973262
2,2023-01-23,xgboost_topk_exact,0.0,0.0,0.0
2,2023-01-24,xgboost_topk_exact,0.0,0.0,0.0
2,2023-01-25,xgboost_topk_exact,0.0,0.0,0.0
2,2023-01-26,xgboost_topk_exact,0.0,0.0,0.0
2,2023-01-27,xgboost_topk_exact,0.0,0.0,0.0
2,2023-01-30,xgboost_topk_exact,0.01513438192068084,0.01513438192068084,0.01513438192068084
2,2023-01-31,xgboost_topk_exact,0.006059278025291492,0.006059278025291492,0.006059278025291492
2,2023-01-02,adaptive_exact,-0.039140889259507206,-0.04331422556894393,-0.04331422556894393
2,2023-01-03,adaptive_exact,0.0,0.0,0.0
2,2023-01-04,adaptive_exact,0.060598234807132334,0.06059823480713211,0.06059823480713211
2,2023-01-05,adaptive_exact,-0.032217035420785245,-0.032217035420785134,-0.032217035420785134
2,2023-01-06,adaptive_exact,-0.018936595665839384,-0.018936595665839273,-0.018936595665839273
2,2023-01-09,adaptive_exact,0.005117994619073807,0.005117994619074029,0.005117994619074029
2,2023-01-10,adaptive_exact,0.029482514395501536,0.029482514395501536,0.029482514395501536
2,2023-01-11,adaptive_exact,0.030527490334247842,0.030527490334247842,0.030527490334247842
2,2023-01-12,adaptive_exact,0.017307962253827913,0.01730796225382769,0.01730796225382769
2,2023-01-13,adaptive_exact,-0.018710163608634645,-0.01871016360863431,-0.01871016360863431
2,2023-01-16,adaptive_exact,-0.02266843202654012,-0.02266843202654034,-0.02266843202654034
2,2023-01-17,adaptive_exact,-0.030329728691965596,-0.030329728691965707,-0.030329728691965707
2,2023-01-18,adaptive_exact,0.02747052915619963,0.027470529156199852,0.027470529156199852
2,2023-01-19,adaptive_exact,0.013860714396222384,0.013860714396222162,0.013860714396222162
2,2023-01-20,adaptive_exact,0.015208630351147612,0.015208630351147612,0.015208630351147612
2,2023-01-23,adaptive_exact,0.0,0.0,0.0
2,2023-01-24,adaptive_exact,0.0,0.0,0.0
2,2023-01-25,adaptive_exact,0.0,0.0,0.0
2,2023-01-26,adaptive_exact,0.0,0.0,0.0
2,2023-01-27,adaptive_exact,0.0,0.0,0.0
2,2023-01-30,adaptive_exact,0.015134381929011509,0.015134381929011953,0.015134381929011953
2,2023-01-31,adaptive_exact,0.006059278024409975,0.006059278024409753,0.006059278024409753
2,2023-01-02,xgboost_penalty_qaoa,-0.0391408892613021,-0.04331156275474135,-0.04331156275474135
2,2023-01-03,xgboost_penalty_qaoa,0.0,0.0,0.0
2,2023-01-04,xgboost_penalty_qaoa,0.060598234804587925,0.060598234804587925,0.060598234804587925
2,2023-01-05,xgboost_penalty_qaoa,-0.03221703542396914,-0.032217035423969365,-0.032217035423969365
2,2023-01-06,xgboost_penalty_qaoa,-0.018936595668602285,-0.018936595668602285,-0.018936595668602285
2,2023-01-09,xgboost_penalty_qaoa,0.00511799461870055,0.00511799461870055,0.00511799461870055
2,2023-01-10,xgboost_penalty_qaoa,0.029482514399258974,0.029482514399258974,0.029482514399258974
2,2023-01-11,xgboost_penalty_qaoa,0.030527490335372942,0.030527490335372942,0.030527490335372942
2,2023-01-12,xgboost_penalty_qaoa,0.017307962260558973,0.017307962260559195,0.017307962260559195
2,2023-01-13,xgboost_penalty_qaoa,-0.01871016360807254,-0.01871016360807254,-0.01871016360807254
2,2023-01-16,xgboost_penalty_qaoa,-0.02266843203042279,-0.02266843203042279,-0.02266843203042279
2,2023-01-17,xgboost_penalty_qaoa,-0.030329728696812164,-0.03032972869681194,-0.03032972869681194
2,2023-01-18,xgboost_penalty_qaoa,0.02747052915639414,0.02747052915639414,0.02747052915639414
2,2023-01-19,xgboost_penalty_qaoa,0.013860714396534135,0.013860714396534135,0.013860714396534135
2,2023-01-20,xgboost_penalty_qaoa,0.015208630342973484,0.015208630342973262,0.015208630342973262
2,2023-01-23,xgboost_penalty_qaoa,0.0,0.0,0.0
2,2023-01-24,xgboost_penalty_qaoa,0.0,0.0,0.0
2,2023-01-25,xgboost_penalty_qaoa,0.0,0.0,0.0
2,2023-01-26,xgboost_penalty_qaoa,0.0,0.0,0.0
2,2023-01-27,xgboost_penalty_qaoa,0.0,0.0,0.0
2,2023-01-30,xgboost_penalty_qaoa,0.01513438192068084,0.01513438192068084,0.01513438192068084
2,2023-01-31,xgboost_penalty_qaoa,0.006059278025291492,0.0060592780252917144,0.0060592780252917144
2,2023-01-02,xgboost_xy_qaoa,-0.0391408892613021,-0.04331156275474135,-0.04331156275474135
2,2023-01-03,xgboost_xy_qaoa,0.0,0.0,0.0
2,2023-01-04,xgboost_xy_qaoa,0.060598234804587925,0.060598234804587925,0.060598234804587925
2,2023-01-05,xgboost_xy_qaoa,-0.03221703542396914,-0.032217035423969365,-0.032217035423969365
2,2023-01-06,xgboost_xy_qaoa,-0.018936595668602285,-0.018936595668602285,-0.018936595668602285
2,2023-01-09,xgboost_xy_qaoa,0.00511799461870055,0.00511799461870055,0.00511799461870055
2,2023-01-10,xgboost_xy_qaoa,0.029482514399258974,0.029482514399258974,0.029482514399258974
2,2023-01-11,xgboost_xy_qaoa,0.030527490335372942,0.030527490335372942,0.030527490335372942
2,2023-01-12,xgboost_xy_qaoa,0.017307962260558973,0.017307962260559195,0.017307962260559195
2,2023-01-13,xgboost_xy_qaoa,-0.01871016360807254,-0.01871016360807254,-0.01871016360807254
2,2023-01-16,xgboost_xy_qaoa,-0.02266843203042279,-0.02266843203042279,-0.02266843203042279
2,2023-01-17,xgboost_xy_qaoa,-0.030329728696812164,-0.03032972869681194,-0.03032972869681194
2,2023-01-18,xgboost_xy_qaoa,0.02747052915639414,0.02747052915639414,0.02747052915639414
2,2023-01-19,xgboost_xy_qaoa,0.013860714396534135,0.013860714396534135,0.013860714396534135
2,2023-01-20,xgboost_xy_qaoa,0.015208630342973484,0.015208630342973262,0.015208630342973262
2,2023-01-23,xgboost_xy_qaoa,0.0,0.0,0.0
2,2023-01-24,xgboost_xy_qaoa,0.0,0.0,0.0
2,2023-01-25,xgboost_xy_qaoa,0.0,0.0,0.0
2,2023-01-26,xgboost_xy_qaoa,0.0,0.0,0.0
2,2023-01-27,xgboost_xy_qaoa,0.0,0.0,0.0
2,2023-01-30,xgboost_xy_qaoa,0.01513438192068084,0.01513438192068084,0.01513438192068084
2,2023-01-31,xgboost_xy_qaoa,0.006059278025291492,0.0060592780252917144,0.0060592780252917144
2,2023-01-02,adaptive_penalty_qaoa,-0.02592592149352635,-0.03022427515026649,-0.03022427515026649
2,2023-01-03,adaptive_penalty_qaoa,0.0,0.0,0.0
2,2023-01-04,adaptive_penalty_qaoa,0.05992665909439232,0.0599266590943921,0.0599266590943921
2,2023-01-05,adaptive_penalty_qaoa,-0.015476677982081077,-0.015476677982080855,-0.015476677982080855
2,2023-01-06,adaptive_penalty_qaoa,-0.010735897160146557,-0.010735897160146779,-0.010735897160146779
2,2023-01-09,adaptive_penalty_qaoa,0.007445439586268199,0.007445439586268643,0.007445439586268643
2,2023-01-10,adaptive_penalty_qaoa,0.023711890478810504,0.023711890478810282,0.023711890478810282
2,2023-01-11,adaptive_penalty_qaoa,0.022665238088709128,0.022665238088709128,0.022665238088709128
2,2023-01-12,adaptive_penalty_qaoa,-0.00016213705167056336,-0.00016213705167067438,-0.00016213705167067438
2,2023-01-13,adaptive_penalty_qaoa,-0.021043846532892485,-0.021043846532892596,-0.021043846532892596
2,2023-01-16,adaptive_penalty_qaoa,-0.007250334720805274,-0.00725033472080483,-0.00725033472080483
2,2023-01-17,adaptive_penalty_qaoa,-0.00808624257685564,-0.008086242576855862,-0.008086242576855862
2,2023-01-18,adaptive_penalty_qaoa,0.02589284868308339,0.02589284868308317,0.02589284868308317
2,2023-01-19,adaptive_penalty_qaoa,0.012033168747984657,0.012033168747984657,0.012033168747984657
2,2023-01-20,adaptive_penalty_qaoa,0.02936373129195058,0.0293637312919508,0.0293637312919508
2,2023-01-23,adaptive_penalty_qaoa,0.0,0.0,0.0
2,2023-01-24,adaptive_penalty_qaoa,0.0,0.0,0.0
2,2023-01-25,adaptive_penalty_qaoa,0.0,0.0,0.0
2,2023-01-26,adaptive_penalty_qaoa,0.0,0.0,0.0
2,2023-01-27,adaptive_penalty_qaoa,0.0,0.0,0.0
2,2023-01-30,adaptive_penalty_qaoa,0.021757806363745802,0.021757806363746024,0.021757806363746024
2,2023-01-31,adaptive_penalty_qaoa,0.0006398875939521709,0.0006398875939521709,0.0006398875939521709
2,2023-01-02,adaptive_xy_qaoa,-0.02592592149352635,-0.03022427515026649,-0.03022427515026649
2,2023-01-03,adaptive_xy_qaoa,0.0,0.0,0.0
2,2023-01-04,adaptive_xy_qaoa,0.05992665909439232,0.0599266590943921,0.0599266590943921
2,2023-01-05,adaptive_xy_qaoa,-0.015476677982081077,-0.015476677982080855,-0.015476677982080855
2,2023-01-06,adaptive_xy_qaoa,-0.010735897160146557,-0.010735897160146779,-0.010735897160146779
2,2023-01-09,adaptive_xy_qaoa,0.007445439586268199,0.007445439586268643,0.007445439586268643
2,2023-01-10,adaptive_xy_qaoa,0.023711890478810504,0.023711890478810282,0.023711890478810282
2,2023-01-11,adaptive_xy_qaoa,0.022665238088709128,0.022665238088709128,0.022665238088709128
2,2023-01-12,adaptive_xy_qaoa,-0.00016213705167056336,-0.00016213705167067438,-0.00016213705167067438
2,2023-01-13,adaptive_xy_qaoa,-0.021043846532892485,-0.021043846532892596,-0.021043846532892596
2,2023-01-16,adaptive_xy_qaoa,-0.007250334720805274,-0.00725033472080483,-0.00725033472080483
2,2023-01-17,adaptive_xy_qaoa,-0.00808624257685564,-0.008086242576855862,-0.008086242576855862
2,2023-01-18,adaptive_xy_qaoa,0.02589284868308339,0.02589284868308317,0.02589284868308317
2,2023-01-19,adaptive_xy_qaoa,0.012033168747984657,0.012033168747984657,0.012033168747984657
2,2023-01-20,adaptive_xy_qaoa,0.02936373129195058,0.0293637312919508,0.0293637312919508
2,2023-01-23,adaptive_xy_qaoa,0.0,0.0,0.0
2,2023-01-24,adaptive_xy_qaoa,0.0,0.0,0.0
2,2023-01-25,adaptive_xy_qaoa,0.0,0.0,0.0
2,2023-01-26,adaptive_xy_qaoa,0.0,0.0,0.0
2,2023-01-27,adaptive_xy_qaoa,0.0,0.0,0.0
2,2023-01-30,adaptive_xy_qaoa,0.021757806363745802,0.021757806363746024,0.021757806363746024
2,2023-01-31,adaptive_xy_qaoa,0.0006398875939521709,0.0006398875939521709,0.0006398875939521709
2,2023-01-02,adaptive_simulated_annealing,-0.039140889259507206,-0.04331422556894393,-0.04331422556894393
2,2023-01-03,adaptive_simulated_annealing,0.0,0.0,0.0
2,2023-01-04,adaptive_simulated_annealing,0.060598234807132334,0.06059823480713211,0.06059823480713211
2,2023-01-05,adaptive_simulated_annealing,-0.032217035420785245,-0.032217035420785134,-0.032217035420785134
2,2023-01-06,adaptive_simulated_annealing,-0.018936595665839384,-0.018936595665839273,-0.018936595665839273
2,2023-01-09,adaptive_simulated_annealing,0.005117994619073807,0.005117994619074029,0.005117994619074029
2,2023-01-10,adaptive_simulated_annealing,0.029482514395501536,0.029482514395501536,0.029482514395501536
2,2023-01-11,adaptive_simulated_annealing,0.030527490334247842,0.030527490334247842,0.030527490334247842
2,2023-01-12,adaptive_simulated_annealing,0.017307962253827913,0.01730796225382769,0.01730796225382769
2,2023-01-13,adaptive_simulated_annealing,-0.018710163608634645,-0.01871016360863431,-0.01871016360863431
2,2023-01-16,adaptive_simulated_annealing,-0.02266843202654012,-0.02266843202654034,-0.02266843202654034
2,2023-01-17,adaptive_simulated_annealing,-0.030329728691965596,-0.030329728691965707,-0.030329728691965707
2,2023-01-18,adaptive_simulated_annealing,0.02747052915619963,0.027470529156199852,0.027470529156199852
2,2023-01-19,adaptive_simulated_annealing,0.013860714396222384,0.013860714396222162,0.013860714396222162
2,2023-01-20,adaptive_simulated_annealing,0.015208630351147612,0.015208630351147612,0.015208630351147612
2,2023-01-23,adaptive_simulated_annealing,0.0,0.0,0.0
2,2023-01-24,adaptive_simulated_annealing,0.0,0.0,0.0
2,2023-01-25,adaptive_simulated_annealing,0.0,0.0,0.0
2,2023-01-26,adaptive_simulated_annealing,0.0,0.0,0.0
2,2023-01-27,adaptive_simulated_annealing,0.0,0.0,0.0
2,2023-01-30,adaptive_simulated_annealing,0.015134381929011509,0.015134381929011953,0.015134381929011953
2,2023-01-31,adaptive_simulated_annealing,0.006059278024409975,0.006059278024409753,0.006059278024409753
2,2023-01-02,equal_weight_universe,0.0036734914021945286,0.003408366128933693,0.003408366128933693
2,2023-01-03,equal_weight_universe,0.000872341156834322,0.0008723411568347661,0.0008723411568347661
2,2023-01-04,equal_weight_universe,0.02966553216479295,0.02966553216479295,0.02966553216479295
2,2023-01-05,equal_weight_universe,0.0009302186045272443,0.0009302186045268002,0.0009302186045268002
2,2023-01-06,equal_weight_universe,0.0054522049225305125,0.0054522049225305125,0.0054522049225305125
2,2023-01-09,equal_weight_universe,-0.008068979548452426,-0.008068979548452204,-0.008068979548452204
2,2023-01-10,equal_weight_universe,-0.0030529874050106987,-0.0030529874050105876,-0.0030529874050105876
2,2023-01-11,equal_weight_universe,0.0034124976901588333,0.0034124976901586113,0.0034124976901586113
2,2023-01-12,equal_weight_universe,0.004385308901703411,0.004385308901703189,0.004385308901703189
2,2023-01-13,equal_weight_universe,0.0013359050074779333,0.0013359050074779333,0.0013359050074779333
2,2023-01-16,equal_weight_universe,-0.000668441073724213,-0.000668441073724102,-0.000668441073724102
2,2023-01-17,equal_weight_universe,0.0005416290340876095,0.0005416290340876095,0.0005416290340876095
2,2023-01-18,equal_weight_universe,0.01962758683484722,0.01962758683484722,0.01962758683484722
2,2023-01-19,equal_weight_universe,0.013447439914610948,0.013447439914610948,0.013447439914610948
2,2023-01-20,equal_weight_universe,0.009543280270934318,0.009543280270934096,0.009543280270934096
2,2023-01-23,equal_weight_universe,0.0,0.0,0.0
2,2023-01-24,equal_weight_universe,0.0,0.0,0.0
2,2023-01-25,equal_weight_universe,0.0,0.0,0.0
2,2023-01-26,equal_weight_universe,0.0,0.0,0.0
2,2023-01-27,equal_weight_universe,0.00048240694107337667,0.0004824069410735987,0.0004824069410735987
2,2023-01-30,equal_weight_universe,0.011286805236447206,0.011286805236446762,0.011286805236446762
2,2023-01-31,equal_weight_universe,0.007026588138824508,0.00702658813882473,0.00702658813882473
2,2023-01-02,markowitz_mean_variance,0.013292356624150958,0.00863465909133021,0.00863465909133021
2,2023-01-03,markowitz_mean_variance,2.1861564795999655e-05,2.1861564795999655e-05,2.1861564795999655e-05
2,2023-01-04,markowitz_mean_variance,0.013680140228569782,0.013680140228569782,0.013680140228569782
2,2023-01-05,markowitz_mean_variance,-0.030493208119173332,-0.030493208119173443,-0.030493208119173443
2,2023-01-06,markowitz_mean_variance,-0.013123544190875025,-0.013123544190875025,-0.013123544190875025
2,2023-01-09,markowitz_mean_variance,-0.03797633448501947,-0.03797633448501925,-0.03797633448501925
2,2023-01-10,markowitz_mean_variance,-0.032331692407497004,-0.032331692407497004,-0.032331692407497004
2,2023-01-11,markowitz_mean_variance,0.016936878029154778,0.016936878029154778,0.016936878029154778
2,2023-01-12,markowitz_mean_variance,0.011550628020067899,0.011550628020067899,0.011550628020067899
2,2023-01-13,markowitz_mean_variance,-0.002836416426782784,-0.002836416426782673,-0.002836416426782673
2,2023-01-16,markowitz_mean_variance,-0.0026825632848545,-0.002682563284854611,-0.002682563284854611
2,2023-01-17,markowitz_mean_variance,-0.004425187470137204,-0.004425187470137093,-0.004425187470137093
2,2023-01-18,markowitz_mean_variance,0.013764077235963956,0.013764077235963956,0.013764077235963956
2,2023-01-19,markowitz_mean_variance,0.010345753375047062,0.010345753375047284,0.010345753375047284
2,2023-01-20,markowitz_mean_variance,0.00821369669154337,0.008213696691543149,0.008213696691543149
2,2023-01-23,markowitz_mean_variance,0.0,0.0,0.0
2,2023-01-24,markowitz_mean_variance,0.0,0.0,0.0
2,2023-01-25,markowitz_mean_variance,0.0,0.0,0.0
2,2023-01-26,markowitz_mean_variance,0.0,0.0,0.0
2,2023-01-27,markowitz_mean_variance,0.0,0.0,0.0
2,2023-01-30,markowitz_mean_variance,0.01557787835161406,0.01557787835161406,0.01557787835161406
2,2023-01-31,markowitz_mean_variance,0.001977070777556156,0.001977070777556156,0.001977070777556156
2,2023-01-02,minimum_variance,0.007453690737277974,0.007017258618942979,0.007017258618942979
2,2023-01-03,minimum_variance,0.0006162955420696559,0.0006162955420698779,0.0006162955420698779
2,2023-01-04,minimum_variance,-0.00707186193222753,-0.00707186193222753,-0.00707186193222753
2,2023-01-05,minimum_variance,-0.001345617230785856,-0.001345617230786078,-0.001345617230786078
2,2023-01-06,minimum_variance,-0.00580918379833395,-0.00580918379833395,-0.00580918379833395
2,2023-01-09,minimum_variance,-0.001864192838868295,-0.0018641928388680729,-0.0018641928388680729
2,2023-01-10,minimum_variance,-0.007953965371354288,-0.007953965371354288,-0.007953965371354288
2,2023-01-11,minimum_variance,-0.011598606320283533,-0.011598606320283422,-0.011598606320283422
2,2023-01-12,minimum_variance,0.005758342870208377,0.005758342870208155,0.005758342870208155
2,2023-01-13,minimum_variance,0.001639877176427218,0.001639877176427218,0.001639877176427218
2,2023-01-16,minimum_variance,0.0038911232925071815,0.0038911232925071815,0.0038911232925071815
2,2023-01-17,minimum_variance,-0.003173000382957425,-0.003173000382957425,-0.003173000382957425
2,2023-01-18,minimum_variance,-0.0010876375860897625,-0.0010876375860898735,-0.0010876375860898735
2,2023-01-19,minimum_variance,0.0070957501162185466,0.007095750116218769,0.007095750116218769
2,2023-01-20,minimum_variance,0.006473494383588463,0.006473494383588019,0.006473494383588019
2,2023-01-23,minimum_variance,0.0,0.0,0.0
2,2023-01-24,minimum_variance,0.0,0.0,0.0
2,2023-01-25,minimum_variance,0.0,0.0,0.0
2,2023-01-26,minimum_variance,0.0,0.0,0.0
2,2023-01-27,minimum_variance,0.0009484890854112304,0.0009484890854116745,0.0009484890854116745
2,2023-01-30,minimum_variance,0.004179190753791362,0.004179190753791584,0.004179190753791584
2,2023-01-31,minimum_variance,-0.0008505819793171998,-0.0008505819793173108,-0.0008505819793173108
3,2023-05-01,full_pipeline_xy_qaoa,0.00765842993875232,0.003242034666165683,0.003242034666165683
3,2023-05-02,full_pipeline_xy_qaoa,0.0,0.0,0.0
3,2023-05-03,full_pipeline_xy_qaoa,0.0,0.0,0.0
3,2023-05-04,full_pipeline_xy_qaoa,0.0,0.0,0.0
3,2023-05-05,full_pipeline_xy_qaoa,0.007635508382447975,0.007635508382447753,0.007635508382447753
3,2023-05-08,full_pipeline_xy_qaoa,-0.0003793667768972053,-0.00037936677689731635,-0.00037936677689731635
3,2023-05-09,full_pipeline_xy_qaoa,-0.0006594771052238491,-0.0006594771052238491,-0.0006594771052238491
3,2023-05-10,full_pipeline_xy_qaoa,0.004581915552743787,0.004581915552743787,0.004581915552743787
3,2023-05-11,full_pipeline_xy_qaoa,0.003736281618242465,0.003736281618242243,0.003736281618242243
3,2023-05-12,full_pipeline_xy_qaoa,0.0013478718816373192,0.0013478718816375412,0.0013478718816375412
3,2023-05-15,full_pipeline_xy_qaoa,0.009135920719221868,0.009135920719221868,0.009135920719221868
3,2023-05-16,full_pipeline_xy_qaoa,-0.0015350289507201076,-0.0015350289507198855,-0.0015350289507198855
3,2023-05-17,full_pipeline_xy_qaoa,0.008744624741155338,0.008744624741154894,0.008744624741154894
3,2023-05-18,full_pipeline_xy_qaoa,-0.00575152019307279,-0.00575152019307279,-0.00575152019307279
3,2023-05-19,full_pipeline_xy_qaoa,-0.0012669337511534984,-0.0012669337511533874,-0.0012669337511533874
3,2023-05-22,full_pipeline_xy_qaoa,0.0025798420448388537,0.0025798420448388537,0.0025798420448388537
3,2023-05-23,full_pipeline_xy_qaoa,0.010867204600268021,0.010867204600268021,0.010867204600268021
3,2023-05-24,full_pipeline_xy_qaoa,0.004102599842991772,0.00410259984299155,0.00410259984299155
3,2023-05-25,full_pipeline_xy_qaoa,0.0,0.0,0.0
3,2023-05-26,full_pipeline_xy_qaoa,-0.010531742272307465,-0.010531742272307354,-0.010531742272307354
3,2023-05-29,full_pipeline_xy_qaoa,0.0022018290959850972,0.0022018290959850972,0.0022018290959850972
3,2023-05-30,full_pipeline_xy_qaoa,0.04288844622629351,0.04288844622629351,0.04288844622629351
3,2023-05-01,equal_weight_candidates,0.008639639700417812,0.004302714330888913,0.004302714330888913
3,2023-05-02,equal_weight_candidates,0.0,0.0,0.0
3,2023-05-03,equal_weight_candidates,0.0,0.0,0.0
3,2023-05-04,equal_weight_candidates,0.0,0.0,0.0
3,2023-05-05,equal_weight_candidates,0.003335921775899253,0.0033359217758994753,0.0033359217758994753
3,2023-05-08,equal_weight_candidates,-0.006231993057161267,-0.006231993057161378,-0.006231993057161378
3,2023-05-09,equal_weight_candidates,0.01311263323747136,0.01311263323747136,0.01311263323747136
3,2023-05-10,equal_weight_candidates,-0.0018524981407493923,-0.0018524981407492813,-0.0018524981407492813
3,2023-05-11,equal_weight_candidates,0.016542143389126407,0.01654214338912663,0.01654214338912663
3,2023-05-12,equal_weight_candidates,0.014230016352571484,0.014230016352571262,0.014230016352571262
3,2023-05-15,equal_weight_candidates,0.005359722132602052,0.005359722132602274,0.005359722132602274
3,2023-05-16,equal_weight_candidates,-0.015827121140493006,-0.015827121140493006,-0.015827121140493006
3,2023-05-17,equal_weight_candidates,0.008737871423794674,0.008737871423794674,0.008737871423794674
3,2023-05-18,equal_weight_candidates,0.005031403940953805,0.005031403940953805,0.005031403940953805
3,2023-05-19,equal_weight_candidates,-0.006280279007490064,-0.006280279007489953,-0.006280279007489953
3,2023-05-22,equal_weight_candidates,-0.004845903648513339,-0.00484590364851345,-0.00484590364851345
3,2023-05-23,equal_weight_candidates,0.019224174410447326,0.019224174410447326,0.019224174410447326
3,2023-05-24,equal_weight_candidates,-0.0008817866193165935,-0.0008817866193162605,-0.0008817866193162605
3,2023-05-25,equal_weight_candidates,0.0,0.0,0.0
3,2023-05-26,equal_weight_candidates,-0.007528754410439098,-0.007528754410439098,-0.007528754410439098
3,2023-05-29,equal_weight_candidates,0.01089358049879885,0.01089358049879885,0.01089358049879885
3,2023-05-30,equal_weight_candidates,0.03960733550215423,0.039607335502154006,0.039607335502154006
3,2023-05-01,liquidity_topk_exact,0.02922185373675701,0.025507740363761133,0.025507740363761133
3,2023-05-02,liquidity_topk_exact,0.0,0.0,0.0
3,2023-05-03,liquidity_topk_exact,0.0,0.0,0.0
3,2023-05-04,liquidity_topk_exact,0.0,0.0,0.0
3,2023-05-05,liquidity_topk_exact,-0.004464656290861457,-0.004464656290861568,-0.004464656290861568
3,2023-05-08,liquidity_topk_exact,0.004278237115030725,0.004278237115030725,0.004278237115030725
3,2023-05-09,liquidity_topk_exact,0.0026417894682588816,0.0026417894682586596,0.0026417894682586596
3,2023-05-10,liquidity_topk_exact,-0.004180704105360311,-0.004180704105360089,-0.004180704105360089
3,2023-05-11,liquidity_topk_exact,0.019713177837386464,0.019713177837386464,0.019713177837386464
3,2023-05-12,liquidity_topk_exact,0.027514428177862094,0.027514428177862316,0.027514428177862316
3,2023-05-15,liquidity_topk_exact,0.016201892951805297,0.016201892951805297,0.016201892951805297
3,2023-05-16,liquidity_topk_exact,-0.015269576080670144,-0.015269576080670366,-0.015269576080670366
3,2023-05-17,liquidity_topk_exact,0.016943739071904496,0.016943739071904496,0.016943739071904496
3,2023-05-18,liquidity_topk_exact,-0.0058860529824038554,-0.005886052982403633,-0.005886052982403633
3,2023-05-19,liquidity_topk_exact,-0.029556281862010092,-0.029556281862010092,-0.029556281862010092
3,2023-05-22,liquidity_topk_exact,0.025680751890775122,0.025680751890775122,0.025680751890775122
3,2023-05-23,liquidity_topk_exact,0.005039907385106623,0.005039907385106401,0.005039907385106401
3,2023-05-24,liquidity_topk_exact,-0.002116571868953643,-0.002116571868953754,-0.002116571868953754
3,2023-05-25,liquidity_topk_exact,0.0,0.0,0.0
3,2023-05-26,liquidity_topk_exact,-0.012858757882785343,-0.012858757882785232,-0.012858757882785232
3,2023-05-29,liquidity_topk_exact,0.00023394952771726985,0.0002339495277170478,0.0002339495277170478
3,2023-05-30,liquidity_topk_exact,0.010668979169450754,0.010668979169450754,0.010668979169450754
3,2023-05-01,ewma_topk_exact,0.007466477629533452,0.00285525965204414,0.00285525965204414
3,2023-05-02,ewma_topk_exact,0.0,0.0,0.0
3,2023-05-03,ewma_topk_exact,0.0,0.0,0.0
3,2023-05-04,ewma_topk_exact,0.0,0.0,0.0
3,2023-05-05,ewma_topk_exact,-0.030868681436541867,-0.030868681436541867,-0.030868681436541867
3,2023-05-08,ewma_topk_exact,0.03769855529802868,0.03769855529802846,0.03769855529802846
3,2023-05-09,ewma_topk_exact,0.019865374903008437,0.01986537490300888,0.01986537490300888
3,2023-05-10,ewma_topk_exact,-0.015822280890624985,-0.015822280890624985,-0.015822280890624985
3,2023-05-11,ewma_topk_exact,0.007981314582532928,0.007981314582532928,0.007981314582532928
3,2023-05-12,ewma_topk_exact,0.01979502605889616,0.019795026058895937,0.019795026058895937
3,2023-05-15,ewma_topk_exact,0.011772822186517873,0.011772822186518095,0.011772822186518095
3,2023-05-16,ewma_topk_exact,-0.008165645134084576,-0.008165645134084798,-0.008165645134084798
3,2023-05-17,ewma_topk_exact,-0.008338265812742884,-0.008338265812742773,-0.008338265812742773
3,2023-05-18,ewma_topk_exact,0.027416137363703852,0.02741613736370363,0.02741613736370363
3,2023-05-19,ewma_topk_exact,-0.01685814531257057,-0.016858145312570683,-0.016858145312570683
3,2023-05-22,ewma_topk_exact,-0.009411918395095142,-0.009411918395095142,-0.009411918395095142
3,2023-05-23,ewma_topk_exact,0.012132060940138745,0.012132060940138967,0.012132060940138967
3,2023-05-24,ewma_topk_exact,0.02584993370619948,0.025849933706199257,0.025849933706199257
3,2023-05-25,ewma_topk_exact,0.0,0.0,0.0
3,2023-05-26,ewma_topk_exact,-0.007077925788176231,-0.007077925788176231,-0.007077925788176231
3,2023-05-29,ewma_topk_exact,-0.01485707253515589,-0.01485707253515578,-0.01485707253515578
3,2023-05-30,ewma_topk_exact,0.0010731501559242407,0.0010731501559240186,0.0010731501559240186
3,2023-05-01,xgboost_topk_exact,0.004827423896639926,0.00023725758970272182,0.00023725758970272182
3,2023-05-02,xgboost_topk_exact,0.0,0.0,0.0
3,2023-05-03,xgboost_topk_exact,0.0,0.0,0.0
3,2023-05-04,xgboost_topk_exact,0.0,0.0,0.0
3,2023-05-05,xgboost_topk_exact,-0.007823885041808865,-0.007823885041808976,-0.007823885041808976
3,2023-05-08,xgboost_topk_exact,-0.005409381393340129,-0.005409381393340129,-0.005409381393340129
3,2023-05-09,xgboost_topk_exact,0.004410486066799502,0.004410486066799502,0.004410486066799502
3,2023-05-10,xgboost_topk_exact,0.0011357650583394552,0.0011357650583394552,0.0011357650583394552
3,2023-05-11,xgboost_topk_exact,0.006744372674664323,0.006744372674664323,0.006744372674664323
3,2023-05-12,xgboost_topk_exact,-0.00014730812663543702,-0.00014730812663565906,-0.00014730812663565906
3,2023-05-15,xgboost_topk_exact,-0.0007918716050138164,-0.0007918716050138164,-0.0007918716050138164
3,2023-05-16,xgboost_topk_exact,-0.0034902197921737876,-0.0034902197921735656,-0.0034902197921735656
3,2023-05-17,xgboost_topk_exact,-0.0005911063902225289,-0.0005911063902226399,-0.0005911063902226399
3,2023-05-18,xgboost_topk_exact,-0.007617309644541659,-0.007617309644541659,-0.007617309644541659
3,2023-05-19,xgboost_topk_exact,3.784620970548325e-05,3.784620970548325e-05,3.784620970548325e-05
3,2023-05-22,xgboost_topk_exact,0.0003015338484000374,0.0003015338484000374,0.0003015338484000374
3,2023-05-23,xgboost_topk_exact,0.014590745733696009,0.014590745733696009,0.014590745733696009
3,2023-05-24,xgboost_topk_exact,-0.027490350412441633,-0.027490350412441633,-0.027490350412441633
3,2023-05-25,xgboost_topk_exact,0.0,0.0,0.0
3,2023-05-26,xgboost_topk_exact,0.021708215422171495,0.021708215422171495,0.021708215422171495
3,2023-05-29,xgboost_topk_exact,0.0006720510018018988,0.0006720510018018988,0.0006720510018018988
3,2023-05-30,xgboost_topk_exact,0.005397970576319189,0.005397970576318967,0.005397970576318967
3,2023-05-01,adaptive_exact,0.00443680245263911,9.104908385459964e-06,9.104908385459964e-06
3,2023-05-02,adaptive_exact,0.0,0.0,0.0
3,2023-05-03,adaptive_exact,0.0,0.0,0.0
3,2023-05-04,adaptive_exact,0.0,0.0,0.0
3,2023-05-05,adaptive_exact,0.014535088958379738,0.014535088958379738,0.014535088958379738
3,2023-05-08,adaptive_exact,0.00019261830083272535,0.00019261830083228126,0.00019261830083228126
3,2023-05-09,adaptive_exact,0.005360883408977779,0.005360883408978001,0.005360883408978001
3,2023-05-10,adaptive_exact,0.0006605056968089773,0.0006605056968089773,0.0006605056968089773
3,2023-05-11,adaptive_exact,0.006328182371177382,0.006328182371177382,0.006328182371177382
3,2023-05-12,adaptive_exact,0.002571263417853853,0.002571263417853853,0.002571263417853853
3,2023-05-15,adaptive_exact,0.011210375858181187,0.011210375858180743,0.011210375858180743
3,2023-05-16,adaptive_exact,-0.007841876834928763,-0.007841876834928763,-0.007841876834928763
3,2023-05-17,adaptive_exact,0.011668696320179972,0.01166869632017975,0.01166869632017975
3,2023-05-18,adaptive_exact,0.008870655019480811,0.008870655019481033,0.008870655019481033
3,2023-05-19,adaptive_exact,-0.006264577107489733,-0.006264577107489844,-0.006264577107489844
3,2023-05-22,adaptive_exact,0.0008797027304632277,0.0008797027304634497,0.0008797027304634497
3,2023-05-23,adaptive_exact,0.014018901430345565,0.014018901430345787,0.014018901430345787
3,2023-05-24,adaptive_exact,0.004647483773634553,0.004647483773634331,0.004647483773634331
3,2023-05-25,adaptive_exact,0.0,0.0,0.0
3,2023-05-26,adaptive_exact,-0.0102641802320117,-0.010264180232011477,-0.010264180232011477
3,2023-05-29,adaptive_exact,0.005552732890046652,0.005552732890046652,0.005552732890046652
3,2023-05-30,adaptive_exact,0.04235318318793713,0.04235318318793713,0.04235318318793713
3,2023-05-01,xgboost_penalty_qaoa,0.004827423896639926,0.00023725758970272182,0.00023725758970272182
3,2023-05-02,xgboost_penalty_qaoa,0.0,0.0,0.0
3,2023-05-03,xgboost_penalty_qaoa,0.0,0.0,0.0
3,2023-05-04,xgboost_penalty_qaoa,0.0,0.0,0.0
3,2023-05-05,xgboost_penalty_qaoa,-0.007823885041808865,-0.007823885041808976,-0.007823885041808976
3,2023-05-08,xgboost_penalty_qaoa,-0.005409381393340129,-0.005409381393340129,-0.005409381393340129
3,2023-05-09,xgboost_penalty_qaoa,0.004410486066799502,0.004410486066799502,0.004410486066799502
3,2023-05-10,xgboost_penalty_qaoa,0.0011357650583394552,0.0011357650583394552,0.0011357650583394552
3,2023-05-11,xgboost_penalty_qaoa,0.006744372674664323,0.006744372674664323,0.006744372674664323
3,2023-05-12,xgboost_penalty_qaoa,-0.00014730812663543702,-0.00014730812663565906,-0.00014730812663565906
3,2023-05-15,xgboost_penalty_qaoa,-0.0007918716050138164,-0.0007918716050138164,-0.0007918716050138164
3,2023-05-16,xgboost_penalty_qaoa,-0.0034902197921737876,-0.0034902197921735656,-0.0034902197921735656
3,2023-05-17,xgboost_penalty_qaoa,-0.0005911063902225289,-0.0005911063902226399,-0.0005911063902226399
3,2023-05-18,xgboost_penalty_qaoa,-0.007617309644541659,-0.007617309644541659,-0.007617309644541659
3,2023-05-19,xgboost_penalty_qaoa,3.784620970548325e-05,3.784620970548325e-05,3.784620970548325e-05
3,2023-05-22,xgboost_penalty_qaoa,0.0003015338484000374,0.0003015338484000374,0.0003015338484000374
3,2023-05-23,xgboost_penalty_qaoa,0.014590745733696009,0.014590745733696009,0.014590745733696009
3,2023-05-24,xgboost_penalty_qaoa,-0.027490350412441633,-0.027490350412441633,-0.027490350412441633
3,2023-05-25,xgboost_penalty_qaoa,0.0,0.0,0.0
3,2023-05-26,xgboost_penalty_qaoa,0.021708215422171495,0.021708215422171495,0.021708215422171495
3,2023-05-29,xgboost_penalty_qaoa,0.0006720510018018988,0.0006720510018018988,0.0006720510018018988
3,2023-05-30,xgboost_penalty_qaoa,0.005397970576319189,0.005397970576318967,0.005397970576318967
3,2023-05-01,xgboost_xy_qaoa,0.004827423896639926,0.00023725758970272182,0.00023725758970272182
3,2023-05-02,xgboost_xy_qaoa,0.0,0.0,0.0
3,2023-05-03,xgboost_xy_qaoa,0.0,0.0,0.0
3,2023-05-04,xgboost_xy_qaoa,0.0,0.0,0.0
3,2023-05-05,xgboost_xy_qaoa,-0.007823885041808865,-0.007823885041808976,-0.007823885041808976
3,2023-05-08,xgboost_xy_qaoa,-0.005409381393340129,-0.005409381393340129,-0.005409381393340129
3,2023-05-09,xgboost_xy_qaoa,0.004410486066799502,0.004410486066799502,0.004410486066799502
3,2023-05-10,xgboost_xy_qaoa,0.0011357650583394552,0.0011357650583394552,0.0011357650583394552
3,2023-05-11,xgboost_xy_qaoa,0.006744372674664323,0.006744372674664323,0.006744372674664323
3,2023-05-12,xgboost_xy_qaoa,-0.00014730812663543702,-0.00014730812663565906,-0.00014730812663565906
3,2023-05-15,xgboost_xy_qaoa,-0.0007918716050138164,-0.0007918716050138164,-0.0007918716050138164
3,2023-05-16,xgboost_xy_qaoa,-0.0034902197921737876,-0.0034902197921735656,-0.0034902197921735656
3,2023-05-17,xgboost_xy_qaoa,-0.0005911063902225289,-0.0005911063902226399,-0.0005911063902226399
3,2023-05-18,xgboost_xy_qaoa,-0.007617309644541659,-0.007617309644541659,-0.007617309644541659
3,2023-05-19,xgboost_xy_qaoa,3.784620970548325e-05,3.784620970548325e-05,3.784620970548325e-05
3,2023-05-22,xgboost_xy_qaoa,0.0003015338484000374,0.0003015338484000374,0.0003015338484000374
3,2023-05-23,xgboost_xy_qaoa,0.014590745733696009,0.014590745733696009,0.014590745733696009
3,2023-05-24,xgboost_xy_qaoa,-0.027490350412441633,-0.027490350412441633,-0.027490350412441633
3,2023-05-25,xgboost_xy_qaoa,0.0,0.0,0.0
3,2023-05-26,xgboost_xy_qaoa,0.021708215422171495,0.021708215422171495,0.021708215422171495
3,2023-05-29,xgboost_xy_qaoa,0.0006720510018018988,0.0006720510018018988,0.0006720510018018988
3,2023-05-30,xgboost_xy_qaoa,0.005397970576319189,0.005397970576318967,0.005397970576318967
3,2023-05-01,adaptive_penalty_qaoa,0.00443680245263911,2.2849148959558363e-06,2.2849148959558363e-06
3,2023-05-02,adaptive_penalty_qaoa,0.0,0.0,0.0
3,2023-05-03,adaptive_penalty_qaoa,0.0,0.0,0.0
3,2023-05-04,adaptive_penalty_qaoa,0.0,0.0,0.0
3,2023-05-05,adaptive_penalty_qaoa,0.014535088958379738,0.014535088958379516,0.014535088958379516
3,2023-05-08,adaptive_penalty_qaoa,0.00019261830083272535,0.0001926183008325033,0.0001926183008325033
3,2023-05-09,adaptive_penalty_qaoa,0.005360883408977779,0.005360883408977779,0.005360883408977779
3,2023-05-10,adaptive_penalty_qaoa,0.0006605056968089773,0.0006605056968089773,0.0006605056968089773
3,2023-05-11,adaptive_penalty_qaoa,0.006328182371177382,0.006328182371177604,0.006328182371177604
3,2023-05-12,adaptive_penalty_qaoa,0.002571263417853853,0.002571263417853853,0.002571263417853853
3,2023-05-15,adaptive_penalty_qaoa,0.011210375858181187,0.011210375858180965,0.011210375858180965
3,2023-05-16,adaptive_penalty_qaoa,-0.007841876834928763,-0.007841876834928652,-0.007841876834928652
3,2023-05-17,adaptive_penalty_qaoa,0.011668696320179972,0.01166869632017975,0.01166869632017975
3,2023-05-18,adaptive_penalty_qaoa,0.008870655019480811,0.008870655019481033,0.008870655019481033
3,2023-05-19,adaptive_penalty_qaoa,-0.006264577107489733,-0.006264577107489955,-0.006264577107489955
3,2023-05-22,adaptive_penalty_qaoa,0.0008797027304632277,0.0008797027304634497,0.0008797027304634497
3,2023-05-23,adaptive_penalty_qaoa,0.014018901430345565,0.014018901430346009,0.014018901430346009
3,2023-05-24,adaptive_penalty_qaoa,0.004647483773634553,0.004647483773634331,0.004647483773634331
3,2023-05-25,adaptive_penalty_qaoa,0.0,0.0,0.0
3,2023-05-26,adaptive_penalty_qaoa,-0.0102641802320117,-0.0102641802320117,-0.0102641802320117
3,2023-05-29,adaptive_penalty_qaoa,0.005552732890046652,0.005552732890046652,0.005552732890046652
3,2023-05-30,adaptive_penalty_qaoa,0.04235318318793713,0.04235318318793668,0.04235318318793668
3,2023-05-01,adaptive_xy_qaoa,0.00765842993875232,0.003235192798172415,0.003235192798172415
3,2023-05-02,adaptive_xy_qaoa,0.0,0.0,0.0
3,2023-05-03,adaptive_xy_qaoa,0.0,0.0,0.0
3,2023-05-04,adaptive_xy_qaoa,0.0,0.0,0.0
3,2023-05-05,adaptive_xy_qaoa,0.007635508382447975,0.007635508382447753,0.007635508382447753
3,2023-05-08,adaptive_xy_qaoa,-0.0003793667768972053,-0.0003793667768970943,-0.0003793667768970943
3,2023-05-09,adaptive_xy_qaoa,-0.0006594771052238491,-0.0006594771052240711,-0.0006594771052240711
3,2023-05-10,adaptive_xy_qaoa,0.004581915552743787,0.004581915552743787,0.004581915552743787
3,2023-05-11,adaptive_xy_qaoa,0.003736281618242465,0.003736281618242465,0.003736281618242465
3,2023-05-12,adaptive_xy_qaoa,0.0013478718816373192,0.0013478718816373192,0.0013478718816373192
3,2023-05-15,adaptive_xy_qaoa,0.009135920719221868,0.009135920719221646,0.009135920719221646
3,2023-05-16,adaptive_xy_qaoa,-0.0015350289507201076,-0.0015350289507198855,-0.0015350289507198855
3,2023-05-17,adaptive_xy_qaoa,0.008744624741155338,0.008744624741155116,0.008744624741155116
3,2023-05-18,adaptive_xy_qaoa,-0.00575152019307279,-0.00575152019307279,-0.00575152019307279
3,2023-05-19,adaptive_xy_qaoa,-0.0012669337511534984,-0.0012669337511533874,-0.0012669337511533874
3,2023-05-22,adaptive_xy_qaoa,0.0025798420448388537,0.0025798420448390758,0.0025798420448390758
3,2023-05-23,adaptive_xy_qaoa,0.010867204600268021,0.010867204600267799,0.010867204600267799
3,2023-05-24,adaptive_xy_qaoa,0.004102599842991772,0.004102599842991772,0.004102599842991772
3,2023-05-25,adaptive_xy_qaoa,0.0,0.0,0.0
3,2023-05-26,adaptive_xy_qaoa,-0.010531742272307465,-0.010531742272307465,-0.010531742272307465
3,2023-05-29,adaptive_xy_qaoa,0.0022018290959850972,0.0022018290959850972,0.0022018290959850972
3,2023-05-30,adaptive_xy_qaoa,0.04288844622629351,0.042888446226293286,0.042888446226293286
3,2023-05-01,adaptive_simulated_annealing,0.00443680245263911,9.104908385459964e-06,9.104908385459964e-06
3,2023-05-02,adaptive_simulated_annealing,0.0,0.0,0.0
3,2023-05-03,adaptive_simulated_annealing,0.0,0.0,0.0
3,2023-05-04,adaptive_simulated_annealing,0.0,0.0,0.0
3,2023-05-05,adaptive_simulated_annealing,0.014535088958379738,0.014535088958379738,0.014535088958379738
3,2023-05-08,adaptive_simulated_annealing,0.00019261830083272535,0.00019261830083228126,0.00019261830083228126
3,2023-05-09,adaptive_simulated_annealing,0.005360883408977779,0.005360883408978001,0.005360883408978001
3,2023-05-10,adaptive_simulated_annealing,0.0006605056968089773,0.0006605056968089773,0.0006605056968089773
3,2023-05-11,adaptive_simulated_annealing,0.006328182371177382,0.006328182371177382,0.006328182371177382
3,2023-05-12,adaptive_simulated_annealing,0.002571263417853853,0.002571263417853853,0.002571263417853853
3,2023-05-15,adaptive_simulated_annealing,0.011210375858181187,0.011210375858180743,0.011210375858180743
3,2023-05-16,adaptive_simulated_annealing,-0.007841876834928763,-0.007841876834928763,-0.007841876834928763
3,2023-05-17,adaptive_simulated_annealing,0.011668696320179972,0.01166869632017975,0.01166869632017975
3,2023-05-18,adaptive_simulated_annealing,0.008870655019480811,0.008870655019481033,0.008870655019481033
3,2023-05-19,adaptive_simulated_annealing,-0.006264577107489733,-0.006264577107489844,-0.006264577107489844
3,2023-05-22,adaptive_simulated_annealing,0.0008797027304632277,0.0008797027304634497,0.0008797027304634497
3,2023-05-23,adaptive_simulated_annealing,0.014018901430345565,0.014018901430345787,0.014018901430345787
3,2023-05-24,adaptive_simulated_annealing,0.004647483773634553,0.004647483773634331,0.004647483773634331
3,2023-05-25,adaptive_simulated_annealing,0.0,0.0,0.0
3,2023-05-26,adaptive_simulated_annealing,-0.0102641802320117,-0.010264180232011477,-0.010264180232011477
3,2023-05-29,adaptive_simulated_annealing,0.005552732890046652,0.005552732890046652,0.005552732890046652
3,2023-05-30,adaptive_simulated_annealing,0.04235318318793713,0.04235318318793713,0.04235318318793713
3,2023-05-01,equal_weight_universe,0.006146506023036569,0.005927392936369458,0.005927392936369458
3,2023-05-02,equal_weight_universe,0.0,0.0,0.0
3,2023-05-03,equal_weight_universe,0.0,0.0,0.0
3,2023-05-04,equal_weight_universe,-0.00032609440634889797,-0.0003260944063485649,-0.0003260944063485649
3,2023-05-05,equal_weight_universe,0.00021873798241589526,0.00021873798241589526,0.00021873798241589526
3,2023-05-08,equal_weight_universe,0.0011759017264190152,0.0011759017264192373,0.0011759017264192373
3,2023-05-09,equal_weight_universe,0.00907769105228362,0.009077691052283177,0.009077691052283177
3,2023-05-10,equal_weight_universe,0.003572647836642462,0.003572647836642462,0.003572647836642462
3,2023-05-11,equal_weight_universe,0.01265244913796093,0.012652449137960708,0.012652449137960708
3,2023-05-12,equal_weight_universe,-0.001081334635005149,-0.001081334635005038,-0.001081334635005038
3,2023-05-15,equal_weight_universe,0.006216123914597693,0.006216123914597471,0.006216123914597471
3,2023-05-16,equal_weight_universe,-0.003341570964434104,-0.003341570964433882,-0.003341570964433882
3,2023-05-17,equal_weight_universe,0.0009006750081699266,0.0009006750081697046,0.0009006750081697046
3,2023-05-18,equal_weight_universe,-0.0034194212469538243,-0.0034194212469537133,-0.0034194212469537133
3,2023-05-19,equal_weight_universe,0.001508323209980178,0.0015083232099804,0.0015083232099804
3,2023-05-22,equal_weight_universe,0.0009373331139654884,0.0009373331139657104,0.0009373331139657104
3,2023-05-23,equal_weight_universe,0.00995103474449932,0.00995103474449932,0.00995103474449932
3,2023-05-24,equal_weight_universe,-0.00021706049117620196,-0.00021706049117620196,-0.00021706049117620196
3,2023-05-25,equal_weight_universe,-8.999256895314556e-05,-8.999256895325658e-05,-8.999256895325658e-05
3,2023-05-26,equal_weight_universe,0.0037282893349857016,0.0037282893349857016,0.0037282893349857016
3,2023-05-29,equal_weight_universe,0.009863214547271015,0.009863214547271237,0.009863214547271237
3,2023-05-30,equal_weight_universe,0.020390344258180315,0.020390344258180537,0.020390344258180537
3,2023-05-01,markowitz_mean_variance,0.008667955454722875,0.004032479833004032,0.004032479833004032
3,2023-05-02,markowitz_mean_variance,0.0,0.0,0.0
3,2023-05-03,markowitz_mean_variance,0.0,0.0,0.0
3,2023-05-04,markowitz_mean_variance,0.0,0.0,0.0
3,2023-05-05,markowitz_mean_variance,-0.030599022510114815,-0.030599022510114926,-0.030599022510114926
3,2023-05-08,markowitz_mean_variance,0.04259642064400526,0.04259642064400526,0.04259642064400526
3,2023-05-09,markowitz_mean_variance,0.022541264932099292,0.022541264932099514,0.022541264932099514
3,2023-05-10,markowitz_mean_variance,-0.021948220966998222,-0.021948220966998444,-0.021948220966998444
3,2023-05-11,markowitz_mean_variance,0.006363541042387677,0.006363541042387677,0.006363541042387677
3,2023-05-12,markowitz_mean_variance,0.018593192924019286,0.018593192924019508,0.018593192924019508
3,2023-05-15,markowitz_mean_variance,0.016666675741588977,0.016666675741588532,0.016666675741588532
3,2023-05-16,markowitz_mean_variance,-0.015174374954241343,-0.015174374954241121,-0.015174374954241121
3,2023-05-17,markowitz_mean_variance,-0.015149648571639585,-0.015149648571639807,-0.015149648571639807
3,2023-05-18,markowitz_mean_variance,0.02164238467438384,0.021642384674384063,0.021642384674384063
3,2023-05-19,markowitz_mean_variance,-0.011156469713005657,-0.011156469713005657,-0.011156469713005657
3,2023-05-22,markowitz_mean_variance,-0.00274738392735685,-0.002747383927356961,-0.002747383927356961
3,2023-05-23,markowitz_mean_variance,0.014360628882913229,0.014360628882913229,0.014360628882913229
3,2023-05-24,markowitz_mean_variance,0.024270882074286293,0.024270882074286515,0.024270882074286515
3,2023-05-25,markowitz_mean_variance,0.0,0.0,0.0
3,2023-05-26,markowitz_mean_variance,-0.009607864728402804,-0.009607864728402915,-0.009607864728402915
3,2023-05-29,markowitz_mean_variance,-0.019362472941626963,-0.01936247294162685,-0.01936247294162685
3,2023-05-30,markowitz_mean_variance,0.015314441136522472,0.015314441136522472,0.015314441136522472
3,2023-05-01,minimum_variance,9.712188790400589e-05,-0.0005653193438962534,-0.0005653193438962534
3,2023-05-02,minimum_variance,0.0,0.0,0.0
3,2023-05-03,minimum_variance,0.0,0.0,0.0
3,2023-05-04,minimum_variance,-0.00047001894663767363,-0.0004700189466378957,-0.0004700189466378957
3,2023-05-05,minimum_variance,-0.005985639565468381,-0.005985639565468492,-0.005985639565468492
3,2023-05-08,minimum_variance,-0.0020126224430033757,-0.0020126224430033757,-0.0020126224430033757
3,2023-05-09,minimum_variance,0.00014479855015436804,0.00014479855015436804,0.00014479855015436804
3,2023-05-10,minimum_variance,-0.002626131512497576,-0.002626131512497687,-0.002626131512497687
3,2023-05-11,minimum_variance,0.008150909535437734,0.008150909535437956,0.008150909535437956
3,2023-05-12,minimum_variance,-0.0028042501654541585,-0.0028042501654540475,-0.0028042501654540475
3,2023-05-15,minimum_variance,0.0017845280581123557,0.0017845280581123557,0.0017845280581123557
3,2023-05-16,minimum_variance,-0.004317950544722393,-0.004317950544722504,-0.004317950544722504
3,2023-05-17,minimum_variance,-0.0007140521552169155,-0.0007140521552168044,-0.0007140521552168044
3,2023-05-18,minimum_variance,0.0005926234428219601,0.0005926234428217381,0.0005926234428217381
3,2023-05-19,minimum_variance,0.0010900257710202421,0.0010900257710204642,0.0010900257710204642
3,2023-05-22,minimum_variance,-0.00012443673777728925,-0.0001244367377775113,-0.0001244367377775113
3,2023-05-23,minimum_variance,-0.00029454305089682276,-0.0002945430508969338,-0.0002945430508969338
3,2023-05-24,minimum_variance,-0.020189728309318977,-0.020189728309318977,-0.020189728309318977
3,2023-05-25,minimum_variance,-0.0004991618166646505,-0.0004991618166647616,-0.0004991618166647616
3,2023-05-26,minimum_variance,0.01195125472982883,0.011951254729829053,0.011951254729829053
3,2023-05-29,minimum_variance,0.0015162318125843122,0.0015162318125847563,0.0015162318125847563
3,2023-05-30,minimum_variance,0.002535681738241591,0.002535681738241591,0.002535681738241591
4,2023-09-01,full_pipeline_xy_qaoa,0.026046288724582478,0.0213449598340818,0.0213449598340818
4,2023-09-04,full_pipeline_xy_qaoa,0.0,0.0,0.0
4,2023-09-05,full_pipeline_xy_qaoa,0.0,0.0,0.0
4,2023-09-06,full_pipeline_xy_qaoa,-0.010614369591401385,-0.010614369591401274,-0.010614369591401274
4,2023-09-07,full_pipeline_xy_qaoa,-0.013733664826509173,-0.013733664826509284,-0.013733664826509284
4,2023-09-08,full_pipeline_xy_qaoa,-0.0023628445319703317,-0.0023628445319702207,-0.0023628445319702207
4,2023-09-11,full_pipeline_xy_qaoa,0.004042323516940893,0.004042323516940893,0.004042323516940893
4,2023-09-12,full_pipeline_xy_qaoa,-0.0010988486048711943,-0.0010988486048711943,-0.0010988486048711943
4,2023-09-13,full_pipeline_xy_qaoa,0.010250431820811201,0.010250431820810979,0.010250431820810979
4,2023-09-14,full_pipeline_xy_qaoa,0.0037424676470905194,0.0037424676470907414,0.0037424676470907414
4,2023-09-15,full_pipeline_xy_qaoa,0.0002621670402302989,0.0002621670402302989,0.0002621670402302989
4,2023-09-18,full_pipeline_xy_qaoa,0.0012879778417373977,0.0012879778417373977,0.0012879778417373977
4,2023-09-19,full_pipeline_xy_qaoa,0.005432472390351606,0.005432472390351828,0.005432472390351828
4,2023-09-20,full_pipeline_xy_qaoa,-0.004526517582616463,-0.004526517582616352,-0.004526517582616352
4,2023-09-21,full_pipeline_xy_qaoa,0.0011339933029235194,0.0011339933029235194,0.0011339933029235194
4,2023-09-22,full_pipeline_xy_qaoa,-0.0004495416812585473,-0.0004495416812588804,-0.0004495416812588804
4,2023-09-25,full_pipeline_xy_qaoa,-0.0013952920877077224,-0.0013952920877075004,-0.0013952920877075004
4,2023-09-26,full_pipeline_xy_qaoa,-0.006264437106698328,-0.006264437106698217,-0.006264437106698217
4,2023-09-27,full_pipeline_xy_qaoa,0.004324617933159525,0.004324617933159303,0.004324617933159303
4,2023-09-28,full_pipeline_xy_qaoa,0.0004072225708258159,0.0004072225708255939,0.0004072225708255939
4,2023-09-29,full_pipeline_xy_qaoa,0.006877881516908602,0.006877881516908602,0.006877881516908602
4,2023-09-01,equal_weight_candidates,0.019147730168814547,0.014652732515979094,0.014652732515979094
4,2023-09-04,equal_weight_candidates,0.0,0.0,0.0
4,2023-09-05,equal_weight_candidates,0.0,0.0,0.0
4,2023-09-06,equal_weight_candidates,0.006342027629177904,0.006342027629177904,0.006342027629177904
4,2023-09-07,equal_weight_candidates,-0.007189634635947018,-0.007189634635947129,-0.007189634635947129
4,2023-09-08,equal_weight_candidates,-0.0009362242561216094,-0.0009362242561213874,-0.0009362242561213874
4,2023-09-11,equal_weight_candidates,0.0053144203164514625,0.0053144203164514625,0.0053144203164514625
4,2023-09-12,equal_weight_candidates,-0.008742776839359201,-0.00874277683935909,-0.00874277683935909
4,2023-09-13,equal_weight_candidates,-0.004901566955506476,-0.004901566955506587,-0.004901566955506587
4,2023-09-14,equal_weight_candidates,-0.0037615935496647657,-0.0037615935496645436,-0.0037615935496645436
4,2023-09-15,equal_weight_candidates,-0.01229995109097548,-0.012299951090975703,-0.012299951090975703
4,2023-09-18,equal_weight_candidates,0.0024947943248796456,0.0024947943248798676,0.0024947943248798676
4,2023-09-19,equal_weight_candidates,0.001167937691302967,0.001167937691302967,0.001167937691302967
4,2023-09-20,equal_weight_candidates,-0.0030618239292652394,-0.0030618239292653504,-0.0030618239292653504
4,2023-09-21,equal_weight_candidates,0.0018069973505197012,0.0018069973505197012,0.0018069973505197012
4,2023-09-22,equal_weight_candidates,-0.002471457752575068,-0.002471457752575068,-0.002471457752575068
4,2023-09-25,equal_weight_candidates,-0.005097083289337334,-0.005097083289337334,-0.005097083289337334
4,2023-09-26,equal_weight_candidates,-0.007440511309525055,-0.007440511309525166,-0.007440511309525166
4,2023-09-27,equal_weight_candidates,0.001978214748605822,0.001978214748606044,0.001978214748606044
4,2023-09-28,equal_weight_candidates,-0.0001317424952842483,-0.00013174249528413728,-0.00013174249528413728
4,2023-09-29,equal_weight_candidates,0.005946856078334228,0.005946856078334006,0.005946856078334006
4,2023-09-01,liquidity_topk_exact,0.012088872799830952,0.007436362128506735,0.007436362128506735
4,2023-09-04,liquidity_topk_exact,0.0,0.0,0.0
4,2023-09-05,liquidity_topk_exact,0.0,0.0,0.0
4,2023-09-06,liquidity_topk_exact,0.003644698663627599,0.003644698663627821,0.003644698663627821
4,2023-09-07,liquidity_topk_exact,0.01569954521888728,0.01569954521888728,0.01569954521888728
4,2023-09-08,liquidity_topk_exact,0.004558077966062779,0.004558077966063001,0.004558077966063001
4,2023-09-11,liquidity_topk_exact,-0.0024806660092772104,-0.0024806660092774324,-0.0024806660092774324
4,2023-09-12,liquidity_topk_exact,-0.048817807679675806,-0.048817807679675806,-0.048817807679675806
4,2023-09-13,liquidity_topk_exact,0.05190620515019373,0.05190620515019373,0.05190620515019373
4,2023-09-14,liquidity_topk_exact,-0.030280867493421182,-0.03028086749342107,-0.03028086749342107
4,2023-09-15,liquidity_topk_exact,-0.0357625982077745,-0.03576259820777472,-0.03576259820777472
4,2023-09-18,liquidity_topk_exact,0.018686894554965416,0.018686894554965416,0.018686894554965416
4,2023-09-19,liquidity_topk_exact,-0.012672233994791338,-0.012672233994791449,-0.012672233994791449
4,2023-09-20,liquidity_topk_exact,-0.009641746847781407,-0.009641746847781407,-0.009641746847781407
4,2023-09-21,liquidity_topk_exact,0.04513307405103495,0.04513307405103495,0.04513307405103495
4,2023-09-22,liquidity_topk_exact,-0.031584127020178654,-0.03158412702017843,-0.03158412702017843
4,2023-09-25,liquidity_topk_exact,-0.06424139938640527,-0.06424139938640527,-0.06424139938640527
4,2023-09-26,liquidity_topk_exact,-0.06879599467756381,-0.06879599467756381,-0.06879599467756381
4,2023-09-27,liquidity_topk_exact,-0.05940547606330615,-0.05940547606330626,-0.05940547606330626
4,2023-09-28,liquidity_topk_exact,0.05216628686477498,0.05216628686477476,0.05216628686477476
4,2023-09-29,liquidity_topk_exact,-0.01721618794457469,-0.01721618794457469,-0.01721618794457469
4,2023-09-01,ewma_topk_exact,0.01746982313858858,0.012825450951880146,0.012825450951880146
4,2023-09-04,ewma_topk_exact,0.0,0.0,0.0
4,2023-09-05,ewma_topk_exact,0.0,0.0,0.0
4,2023-09-06,ewma_topk_exact,0.021262363803252304,0.02126236380325275,0.02126236380325275
4,2023-09-07,ewma_topk_exact,0.006096333559719058,0.006096333559718836,0.006096333559718836
4,2023-09-08,ewma_topk_exact,-0.017749295673525567,-0.017749295673525456,-0.017749295673525456
4,2023-09-11,ewma_topk_exact,0.0029209790837971816,0.0029209790837969596,0.0029209790837969596
4,2023-09-12,ewma_topk_exact,-0.02972135892371197,-0.02972135892371175,-0.02972135892371175
4,2023-09-13,ewma_topk_exact,0.03571316302613092,0.0357131630261307,0.0357131630261307
4,2023-09-14,ewma_topk_exact,-0.009341490802407315,-0.009341490802407315,-0.009341490802407315
4,2023-09-15,ewma_topk_exact,-0.028375915084799086,-0.028375915084798864,-0.028375915084798864
4,2023-09-18,ewma_topk_exact,-0.013183503338289215,-0.013183503338289437,-0.013183503338289437
4,2023-09-19,ewma_topk_exact,-0.03683611460405756,-0.036836114604057224,-0.036836114604057224
4,2023-09-20,ewma_topk_exact,-0.015783478220925184,-0.015783478220925184,-0.015783478220925184
4,2023-09-21,ewma_topk_exact,0.03813877096357543,0.03813877096357543,0.03813877096357543
4,2023-09-22,ewma_topk_exact,-0.013981167046216214,-0.013981167046216325,-0.013981167046216325
4,2023-09-25,ewma_topk_exact,-0.051457763101233955,-0.051457763101234066,-0.051457763101234066
4,2023-09-26,ewma_topk_exact,-0.05635975101346158,-0.05635975101346147,-0.05635975101346147
4,2023-09-27,ewma_topk_exact,-0.028886030000702445,-0.028886030000702556,-0.028886030000702556
4,2023-09-28,ewma_topk_exact,0.033321761538404715,0.03332176153840494,0.03332176153840494
4,2023-09-29,ewma_topk_exact,-0.017013589887397318,-0.017013589887397207,-0.017013589887397207
4,2023-09-01,xgboost_topk_exact,0.006079304082284853,0.0014937071237135502,0.0014937071237135502
4,2023-09-04,xgboost_topk_exact,0.0,0.0,0.0
4,2023-09-05,xgboost_topk_exact,0.0,0.0,0.0
4,2023-09-06,xgboost_topk_exact,-0.002728673139470672,-0.002728673139470783,-0.002728673139470783
4,2023-09-07,xgboost_topk_exact,0.009530414615505967,0.009530414615505967,0.009530414615505967
4,2023-09-08,xgboost_topk_exact,-0.004421702490862378,-0.004421702490862267,-0.004421702490862267
4,2023-09-11,xgboost_topk_exact,-0.0030323379500721837,-0.0030323379500720726,-0.0030323379500720726
4,2023-09-12,xgboost_topk_exact,-0.004229729169940466,-0.004229729169940466,-0.004229729169940466
4,2023-09-13,xgboost_topk_exact,0.012990919009512991,0.012990919009512769,0.012990919009512769
4,2023-09-14,xgboost_topk_exact,-0.0076462210557188826,-0.0076462210557188826,-0.0076462210557188826
4,2023-09-15,xgboost_topk_exact,-0.0027797804739978504,-0.0027797804739978504,-0.0027797804739978504
4,2023-09-18,xgboost_topk_exact,0.003063915603007006,0.003063915603007006,0.003063915603007006
4,2023-09-19,xgboost_topk_exact,-0.0034041862294049707,-0.003404186229405304,-0.003404186229405304
4,2023-09-20,xgboost_topk_exact,-0.006282613541297888,-0.006282613541297999,-0.006282613541297999
4,2023-09-21,xgboost_topk_exact,0.008911020052809304,0.008911020052809526,0.008911020052809526
4,2023-09-22,xgboost_topk_exact,0.005446931501980501,0.005446931501980279,0.005446931501980279
4,2023-09-25,xgboost_topk_exact,-0.011426848523688582,-0.01142684852368836,-0.01142684852368836
4,2023-09-26,xgboost_topk_exact,-0.015709839688020866,-0.015709839688020866,-0.015709839688020866
4,2023-09-27,xgboost_topk_exact,-0.009046331968618482,-0.009046331968618593,-0.009046331968618593
4,2023-09-28,xgboost_topk_exact,0.01684682024935058,0.01684682024935058,0.01684682024935058
4,2023-09-29,xgboost_topk_exact,0.003978259444860965,0.003978259444860965,0.003978259444860965
4,2023-09-01,adaptive_exact,0.026046288724582478,0.021344002439802834,0.021344002439802834
4,2023-09-04,adaptive_exact,0.0,0.0,0.0
4,2023-09-05,adaptive_exact,0.0,0.0,0.0
4,2023-09-06,adaptive_exact,-0.010614369591401385,-0.010614369591401496,-0.010614369591401496
4,2023-09-07,adaptive_exact,-0.013733664826509173,-0.013733664826509062,-0.013733664826509062
4,2023-09-08,adaptive_exact,-0.0023628445319703317,-0.0023628445319702207,-0.0023628445319702207
4,2023-09-11,adaptive_exact,0.004042323516940893,0.004042323516940893,0.004042323516940893
4,2023-09-12,adaptive_exact,-0.0010988486048711943,-0.0010988486048711943,-0.0010988486048711943
4,2023-09-13,adaptive_exact,0.010250431820811201,0.010250431820810979,0.010250431820810979
4,2023-09-14,adaptive_exact,0.0037424676470905194,0.0037424676470907414,0.0037424676470907414
4,2023-09-15,adaptive_exact,0.0002621670402302989,0.0002621670402302989,0.0002621670402302989
4,2023-09-18,adaptive_exact,0.0012879778417373977,0.0012879778417373977,0.0012879778417373977
4,2023-09-19,adaptive_exact,0.005432472390351606,0.005432472390351828,0.005432472390351828
4,2023-09-20,adaptive_exact,-0.004526517582616463,-0.004526517582616574,-0.004526517582616574
4,2023-09-21,adaptive_exact,0.0011339933029235194,0.0011339933029235194,0.0011339933029235194
4,2023-09-22,adaptive_exact,-0.0004495416812585473,-0.00044954168125865834,-0.00044954168125865834
4,2023-09-25,adaptive_exact,-0.0013952920877077224,-0.0013952920877075004,-0.0013952920877075004
4,2023-09-26,adaptive_exact,-0.006264437106698328,-0.006264437106698106,-0.006264437106698106
4,2023-09-27,adaptive_exact,0.004324617933159525,0.004324617933159303,0.004324617933159303
4,2023-09-28,adaptive_exact,0.0004072225708258159,0.0004072225708258159,0.0004072225708258159
4,2023-09-29,adaptive_exact,0.006877881516908602,0.006877881516908602,0.006877881516908602
4,2023-09-01,xgboost_penalty_qaoa,0.006079304082284853,0.0014937071237135502,0.0014937071237135502
4,2023-09-04,xgboost_penalty_qaoa,0.0,0.0,0.0
4,2023-09-05,xgboost_penalty_qaoa,0.0,0.0,0.0
4,2023-09-06,xgboost_penalty_qaoa,-0.002728673139470672,-0.002728673139470783,-0.002728673139470783
4,2023-09-07,xgboost_penalty_qaoa,0.009530414615505967,0.009530414615505967,0.009530414615505967
4,2023-09-08,xgboost_penalty_qaoa,-0.004421702490862378,-0.004421702490862267,-0.004421702490862267
4,2023-09-11,xgboost_penalty_qaoa,-0.0030323379500721837,-0.0030323379500720726,-0.0030323379500720726
4,2023-09-12,xgboost_penalty_qaoa,-0.004229729169940466,-0.004229729169940466,-0.004229729169940466
4,2023-09-13,xgboost_penalty_qaoa,0.012990919009512991,0.012990919009512769,0.012990919009512769
4,2023-09-14,xgboost_penalty_qaoa,-0.0076462210557188826,-0.0076462210557188826,-0.0076462210557188826
4,2023-09-15,xgboost_penalty_qaoa,-0.0027797804739978504,-0.0027797804739978504,-0.0027797804739978504
4,2023-09-18,xgboost_penalty_qaoa,0.003063915603007006,0.003063915603007006,0.003063915603007006
4,2023-09-19,xgboost_penalty_qaoa,-0.0034041862294049707,-0.003404186229405304,-0.003404186229405304
4,2023-09-20,xgboost_penalty_qaoa,-0.006282613541297888,-0.006282613541297999,-0.006282613541297999
4,2023-09-21,xgboost_penalty_qaoa,0.008911020052809304,0.008911020052809526,0.008911020052809526
4,2023-09-22,xgboost_penalty_qaoa,0.005446931501980501,0.005446931501980279,0.005446931501980279
4,2023-09-25,xgboost_penalty_qaoa,-0.011426848523688582,-0.01142684852368836,-0.01142684852368836
4,2023-09-26,xgboost_penalty_qaoa,-0.015709839688020866,-0.015709839688020866,-0.015709839688020866
4,2023-09-27,xgboost_penalty_qaoa,-0.009046331968618482,-0.009046331968618593,-0.009046331968618593
4,2023-09-28,xgboost_penalty_qaoa,0.01684682024935058,0.01684682024935058,0.01684682024935058
4,2023-09-29,xgboost_penalty_qaoa,0.003978259444860965,0.003978259444860965,0.003978259444860965
4,2023-09-01,xgboost_xy_qaoa,0.0012219828996715698,-0.0034197447655819335,-0.0034197447655819335
4,2023-09-04,xgboost_xy_qaoa,0.0,0.0,0.0
4,2023-09-05,xgboost_xy_qaoa,0.0,0.0,0.0
4,2023-09-06,xgboost_xy_qaoa,0.008873179469473857,0.008873179469473857,0.008873179469473857
4,2023-09-07,xgboost_xy_qaoa,-0.00044783852650243094,-0.00044783852650243094,-0.00044783852650243094
4,2023-09-08,xgboost_xy_qaoa,0.0042332146745098775,0.0042332146745098775,0.0042332146745098775
4,2023-09-11,xgboost_xy_qaoa,-0.005092407973508739,-0.00509240797350885,-0.00509240797350885
4,2023-09-12,xgboost_xy_qaoa,0.0053029655304499546,0.0053029655304499546,0.0053029655304499546
4,2023-09-13,xgboost_xy_qaoa,-0.00019233343573477057,-0.00019233343573477057,-0.00019233343573477057
4,2023-09-14,xgboost_xy_qaoa,0.011226476092922377,0.011226476092922377,0.011226476092922377
4,2023-09-15,xgboost_xy_qaoa,-0.004061170499405797,-0.004061170499405575,-0.004061170499405575
4,2023-09-18,xgboost_xy_qaoa,-0.00044062402342359697,-0.000440624023423708,-0.000440624023423708
4,2023-09-19,xgboost_xy_qaoa,-0.0040320285239809905,-0.0040320285239809905,-0.0040320285239809905
4,2023-09-20,xgboost_xy_qaoa,-0.00803096683535598,-0.00803096683535609,-0.00803096683535609
4,2023-09-21,xgboost_xy_qaoa,0.007415821636449271,0.007415821636449271,0.007415821636449271
4,2023-09-22,xgboost_xy_qaoa,-0.007484423460645373,-0.007484423460645373,-0.007484423460645373
4,2023-09-25,xgboost_xy_qaoa,-0.008145777032840695,-0.008145777032840806,-0.008145777032840806
4,2023-09-26,xgboost_xy_qaoa,-0.0105215066110389,-0.010521506611038789,-0.010521506611038789
4,2023-09-27,xgboost_xy_qaoa,-0.005574621083969555,-0.005574621083969444,-0.005574621083969444
4,2023-09-28,xgboost_xy_qaoa,0.005435265848446003,0.005435265848446003,0.005435265848446003
4,2023-09-29,xgboost_xy_qaoa,0.00980027991183885,0.00980027991183885,0.00980027991183885
4,2023-09-01,adaptive_penalty_qaoa,0.026046288724582478,0.021344002439802834,0.021344002439802834
4,2023-09-04,adaptive_penalty_qaoa,0.0,0.0,0.0
4,2023-09-05,adaptive_penalty_qaoa,0.0,0.0,0.0
4,2023-09-06,adaptive_penalty_qaoa,-0.010614369591401385,-0.010614369591401496,-0.010614369591401496
4,2023-09-07,adaptive_penalty_qaoa,-0.013733664826509173,-0.013733664826509062,-0.013733664826509062
4,2023-09-08,adaptive_penalty_qaoa,-0.0023628445319703317,-0.0023628445319702207,-0.0023628445319702207
4,2023-09-11,adaptive_penalty_qaoa,0.004042323516940893,0.004042323516940893,0.004042323516940893
4,2023-09-12,adaptive_penalty_qaoa,-0.0010988486048711943,-0.0010988486048711943,-0.0010988486048711943
4,2023-09-13,adaptive_penalty_qaoa,0.010250431820811201,0.010250431820810979,0.010250431820810979
4,2023-09-14,adaptive_penalty_qaoa,0.0037424676470905194,0.0037424676470907414,0.0037424676470907414
4,2023-09-15,adaptive_penalty_qaoa,0.0002621670402302989,0.0002621670402302989,0.0002621670402302989
4,2023-09-18,adaptive_penalty_qaoa,0.0012879778417373977,0.0012879778417373977,0.0012879778417373977
4,2023-09-19,adaptive_penalty_qaoa,0.005432472390351606,0.005432472390351828,0.005432472390351828
4,2023-09-20,adaptive_penalty_qaoa,-0.004526517582616463,-0.004526517582616574,-0.004526517582616574
4,2023-09-21,adaptive_penalty_qaoa,0.0011339933029235194,0.0011339933029235194,0.0011339933029235194
4,2023-09-22,adaptive_penalty_qaoa,-0.0004495416812585473,-0.00044954168125865834,-0.00044954168125865834
4,2023-09-25,adaptive_penalty_qaoa,-0.0013952920877077224,-0.0013952920877075004,-0.0013952920877075004
4,2023-09-26,adaptive_penalty_qaoa,-0.006264437106698328,-0.006264437106698106,-0.006264437106698106
4,2023-09-27,adaptive_penalty_qaoa,0.004324617933159525,0.004324617933159303,0.004324617933159303
4,2023-09-28,adaptive_penalty_qaoa,0.0004072225708258159,0.0004072225708258159,0.0004072225708258159
4,2023-09-29,adaptive_penalty_qaoa,0.006877881516908602,0.006877881516908602,0.006877881516908602
4,2023-09-01,adaptive_xy_qaoa,-0.004181250945505921,-0.008743644087858327,-0.008743644087858327
4,2023-09-04,adaptive_xy_qaoa,0.0,0.0,0.0
4,2023-09-05,adaptive_xy_qaoa,0.0,0.0,0.0
4,2023-09-06,adaptive_xy_qaoa,0.005720977328268262,0.005720977328268262,0.005720977328268262
4,2023-09-07,adaptive_xy_qaoa,-0.008656061657153935,-0.008656061657153935,-0.008656061657153935
4,2023-09-08,adaptive_xy_qaoa,-0.0019023441697649801,-0.0019023441697650911,-0.0019023441697650911
4,2023-09-11,adaptive_xy_qaoa,0.0009717377296878382,0.0009717377296878382,0.0009717377296878382
4,2023-09-12,adaptive_xy_qaoa,0.0009897583787163988,0.0009897583787163988,0.0009897583787163988
4,2023-09-13,adaptive_xy_qaoa,-0.011412511720697016,-0.011412511720696794,-0.011412511720696794
4,2023-09-14,adaptive_xy_qaoa,0.012325007756328388,0.012325007756328166,0.012325007756328166
4,2023-09-15,adaptive_xy_qaoa,-0.0010447094760892561,-0.001044709476089145,-0.001044709476089145
4,2023-09-18,adaptive_xy_qaoa,0.005191590327892293,0.005191590327892293,0.005191590327892293
4,2023-09-19,adaptive_xy_qaoa,-0.0068324271622797195,-0.0068324271622798305,-0.0068324271622798305
4,2023-09-20,adaptive_xy_qaoa,-0.005542088215970686,-0.005542088215970686,-0.005542088215970686
4,2023-09-21,adaptive_xy_qaoa,0.0008367108494145015,0.0008367108494145015,0.0008367108494145015
4,2023-09-22,adaptive_xy_qaoa,-0.00605109253341829,-0.00605109253341829,-0.00605109253341829
4,2023-09-25,adaptive_xy_qaoa,-0.003482552844638942,-0.00348255284463872,-0.00348255284463872
4,2023-09-26,adaptive_xy_qaoa,-0.0073283059222919444,-0.0073283059222920555,-0.0073283059222920555
4,2023-09-27,adaptive_xy_qaoa,0.003931893475063619,0.003931893475063619,0.003931893475063619
4,2023-09-28,adaptive_xy_qaoa,-0.0024344664015372164,-0.0024344664015372164,-0.0024344664015372164
4,2023-09-29,adaptive_xy_qaoa,0.011408269808090399,0.011408269808090177,0.011408269808090177
4,2023-09-01,adaptive_simulated_annealing,0.026046288724582478,0.021344002439802834,0.021344002439802834
4,2023-09-04,adaptive_simulated_annealing,0.0,0.0,0.0
4,2023-09-05,adaptive_simulated_annealing,0.0,0.0,0.0
4,2023-09-06,adaptive_simulated_annealing,-0.010614369591401385,-0.010614369591401496,-0.010614369591401496
4,2023-09-07,adaptive_simulated_annealing,-0.013733664826509173,-0.013733664826509062,-0.013733664826509062
4,2023-09-08,adaptive_simulated_annealing,-0.0023628445319703317,-0.0023628445319702207,-0.0023628445319702207
4,2023-09-11,adaptive_simulated_annealing,0.004042323516940893,0.004042323516940893,0.004042323516940893
4,2023-09-12,adaptive_simulated_annealing,-0.0010988486048711943,-0.0010988486048711943,-0.0010988486048711943
4,2023-09-13,adaptive_simulated_annealing,0.010250431820811201,0.010250431820810979,0.010250431820810979
4,2023-09-14,adaptive_simulated_annealing,0.0037424676470905194,0.0037424676470907414,0.0037424676470907414
4,2023-09-15,adaptive_simulated_annealing,0.0002621670402302989,0.0002621670402302989,0.0002621670402302989
4,2023-09-18,adaptive_simulated_annealing,0.0012879778417373977,0.0012879778417373977,0.0012879778417373977
4,2023-09-19,adaptive_simulated_annealing,0.005432472390351606,0.005432472390351828,0.005432472390351828
4,2023-09-20,adaptive_simulated_annealing,-0.004526517582616463,-0.004526517582616574,-0.004526517582616574
4,2023-09-21,adaptive_simulated_annealing,0.0011339933029235194,0.0011339933029235194,0.0011339933029235194
4,2023-09-22,adaptive_simulated_annealing,-0.0004495416812585473,-0.00044954168125865834,-0.00044954168125865834
4,2023-09-25,adaptive_simulated_annealing,-0.0013952920877077224,-0.0013952920877075004,-0.0013952920877075004
4,2023-09-26,adaptive_simulated_annealing,-0.006264437106698328,-0.006264437106698106,-0.006264437106698106
4,2023-09-27,adaptive_simulated_annealing,0.004324617933159525,0.004324617933159303,0.004324617933159303
4,2023-09-28,adaptive_simulated_annealing,0.0004072225708258159,0.0004072225708258159,0.0004072225708258159
4,2023-09-29,adaptive_simulated_annealing,0.006877881516908602,0.006877881516908602,0.006877881516908602
4,2023-09-01,equal_weight_universe,0.01138520383384134,0.011092869332263167,0.011092869332263167
4,2023-09-04,equal_weight_universe,0.0,0.0,0.0
4,2023-09-05,equal_weight_universe,8.690629254215487e-05,8.690629254193283e-05,8.690629254193283e-05
4,2023-09-06,equal_weight_universe,0.00983918135479156,0.009839181354791782,0.009839181354791782
4,2023-09-07,equal_weight_universe,0.009664964608613325,0.009664964608613547,0.009664964608613547
4,2023-09-08,equal_weight_universe,0.0025331495489073763,0.0025331495489073763,0.0025331495489073763
4,2023-09-11,equal_weight_universe,0.005027377427555768,0.005027377427555768,0.005027377427555768
4,2023-09-12,equal_weight_universe,-0.016257733447299527,-0.016257733447299638,-0.016257733447299638
4,2023-09-13,equal_weight_universe,0.012890107049074562,0.01289010704907434,0.01289010704907434
4,2023-09-14,equal_weight_universe,-0.0034392747841802684,-0.0034392747841803795,-0.0034392747841803795
4,2023-09-15,equal_weight_universe,-0.012362791307021781,-0.012362791307021892,-0.012362791307021892
4,2023-09-18,equal_weight_universe,-0.0001254027327146634,-0.00012540273271444136,-0.00012540273271444136
4,2023-09-19,equal_weight_universe,-0.007037644267954168,-0.007037644267954057,-0.007037644267954057
4,2023-09-20,equal_weight_universe,0.0007454951195071668,0.0007454951195071668,0.0007454951195071668
4,2023-09-21,equal_weight_universe,0.017221976952961127,0.017221976952960905,0.017221976952960905
4,2023-09-22,equal_weight_universe,-0.004863266814553402,-0.00486326681455318,-0.00486326681455318
4,2023-09-25,equal_weight_universe,-0.023461214609497016,-0.023461214609497127,-0.023461214609497127
4,2023-09-26,equal_weight_universe,-0.039569577291133085,-0.039569577291132974,-0.039569577291132974
4,2023-09-27,equal_weight_universe,-0.01387180649140518,-0.01387180649140518,-0.01387180649140518
4,2023-09-28,equal_weight_universe,0.014077233360424879,0.014077233360424879,0.014077233360424879
4,2023-09-29,equal_weight_universe,-0.0006531044498863103,-0.0006531044498864214,-0.0006531044498864214
4,2023-09-01,markowitz_mean_variance,0.017469787844349938,0.012812769329742624,0.012812769329742624
4,2023-09-04,markowitz_mean_variance,0.0,0.0,0.0
4,2023-09-05,markowitz_mean_variance,0.0,0.0,0.0
4,2023-09-06,markowitz_mean_variance,0.021262404420233638,0.021262404420233416,0.021262404420233416
4,2023-09-07,markowitz_mean_variance,0.006096547229054394,0.006096547229054616,0.006096547229054616
4,2023-09-08,markowitz_mean_variance,-0.01774917353873262,-0.01774917353873262,-0.01774917353873262
4,2023-09-11,markowitz_mean_variance,0.002920847332464449,0.002920847332464671,0.002920847332464671
4,2023-09-12,markowitz_mean_variance,-0.02972144348874961,-0.02972144348874972,-0.02972144348874972
4,2023-09-13,markowitz_mean_variance,0.035713366606914265,0.035713366606914265,0.035713366606914265
4,2023-09-14,markowitz_mean_variance,-0.00934177185130236,-0.009341771851302472,-0.009341771851302472
4,2023-09-15,markowitz_mean_variance,-0.02837602904289227,-0.02837602904289227,-0.02837602904289227
4,2023-09-18,markowitz_mean_variance,-0.01318336906816897,-0.01318336906816886,-0.01318336906816886
4,2023-09-19,markowitz_mean_variance,-0.03683616824243241,-0.03683616824243263,-0.03683616824243263
4,2023-09-20,markowitz_mean_variance,-0.015783515548662197,-0.015783515548662086,-0.015783515548662086
4,2023-09-21,markowitz_mean_variance,0.038138957814611185,0.038138957814611185,0.038138957814611185
4,2023-09-22,markowitz_mean_variance,-0.013981283774090025,-0.013981283774090025,-0.013981283774090025
4,2023-09-25,markowitz_mean_variance,-0.05145795985969792,-0.051457959859698144,-0.051457959859698144
4,2023-09-26,markowitz_mean_variance,-0.05635989163128741,-0.05635989163128741,-0.05635989163128741
4,2023-09-27,markowitz_mean_variance,-0.02888624176392829,-0.028886241763928178,-0.028886241763928178
4,2023-09-28,markowitz_mean_variance,0.03332178832979049,0.03332178832979027,0.03332178832979027
4,2023-09-29,markowitz_mean_variance,-0.01701372328150219,-0.01701372328150208,-0.01701372328150208
4,2023-09-01,minimum_variance,0.00244044605374949,0.0020856715212222987,0.0020856715212222987
4,2023-09-04,minimum_variance,0.0,0.0,0.0
4,2023-09-05,minimum_variance,0.0001303234260094932,0.00013032342600927116,0.00013032342600927116
4,2023-09-06,minimum_variance,0.0020577136467510027,0.0020577136467514467,0.0020577136467514467
4,2023-09-07,minimum_variance,0.00428633849442428,0.004286338494424058,0.004286338494424058
4,2023-09-08,minimum_variance,-0.0038503822686138944,-0.0038503822686138944,-0.0038503822686138944
4,2023-09-11,minimum_variance,0.0002336969471403716,0.0002336969471403716,0.0002336969471403716
4,2023-09-12,minimum_variance,-0.0030696506152640968,-0.0030696506152638747,-0.0030696506152638747
4,2023-09-13,minimum_variance,-2.922680422434709e-05,-2.922680422434709e-05,-2.922680422434709e-05
4,2023-09-14,minimum_variance,0.0002771232962368586,0.00027712329623708065,0.00027712329623708065
4,2023-09-15,minimum_variance,-0.0016907222359366925,-0.0016907222359366925,-0.0016907222359366925
4,2023-09-18,minimum_variance,-0.003741064079784917,-0.003741064079785028,-0.003741064079785028
4,2023-09-19,minimum_variance,-0.0009308543539572334,-0.0009308543539574554,-0.0009308543539574554
4,2023-09-20,minimum_variance,-0.004708479328261128,-0.004708479328260906,-0.004708479328260906
4,2023-09-21,minimum_variance,0.007325770230333983,0.007325770230333983,0.007325770230333983
4,2023-09-22,minimum_variance,-0.0014234964491057767,-0.0014234964491056656,-0.0014234964491056656
4,2023-09-25,minimum_variance,-0.009781693004220271,-0.009781693004220382,-0.009781693004220382
4,2023-09-26,minimum_variance,-0.008377230500791977,-0.008377230500791866,-0.008377230500791866
4,2023-09-27,minimum_variance,0.0007089014206997923,0.0007089014206997923,0.0007089014206997923
4,2023-09-28,minimum_variance,0.0006246932605549205,0.0006246932605546984,0.0006246932605546984
4,2023-09-29,minimum_variance,-0.001181703947745194,-0.001181703947745083,-0.001181703947745083
5,2024-01-01,full_pipeline_xy_qaoa,0.01171489905263634,0.0073328354232864434,0.0073328354232864434
5,2024-01-02,full_pipeline_xy_qaoa,0.0,0.0,0.0
5,2024-01-03,full_pipeline_xy_qaoa,-0.0007665599125586953,-0.0007665599125590283,-0.0007665599125590283
5,2024-01-04,full_pipeline_xy_qaoa,0.018684907107486826,0.018684907107486826,0.018684907107486826
5,2024-01-05,full_pipeline_xy_qaoa,-0.006930439441056313,-0.006930439441056091,-0.006930439441056091
5,2024-01-08,full_pipeline_xy_qaoa,0.00840861547690297,0.008408615476903192,0.008408615476903192
5,2024-01-09,full_pipeline_xy_qaoa,0.023289133668991102,0.02328913366899088,0.02328913366899088
5,2024-01-10,full_pipeline_xy_qaoa,-0.012187114502417606,-0.012187114502417606,-0.012187114502417606
5,2024-01-11,full_pipeline_xy_qaoa,-0.00996552172656151,-0.009965521726561621,-0.009965521726561621
5,2024-01-12,full_pipeline_xy_qaoa,0.003763620394346745,0.003763620394346967,0.003763620394346967
5,2024-01-15,full_pipeline_xy_qaoa,-0.021955513146340477,-0.02195551314634059,-0.02195551314634059
5,2024-01-16,full_pipeline_xy_qaoa,-0.01853713373565835,-0.01853713373565835,-0.01853713373565835
5,2024-01-17,full_pipeline_xy_qaoa,0.008023578468000503,0.00802357846800028,0.00802357846800028
5,2024-01-18,full_pipeline_xy_qaoa,0.00928308055824223,0.009283080558242007,0.009283080558242007
5,2024-01-19,full_pipeline_xy_qaoa,0.012883730889354794,0.012883730889355016,0.012883730889355016
5,2024-01-22,full_pipeline_xy_qaoa,0.0010083121475514822,0.0010083121475512602,0.0010083121475512602
5,2024-01-23,full_pipeline_xy_qaoa,0.001737841450146771,0.001737841450146771,0.001737841450146771
5,2024-01-24,full_pipeline_xy_qaoa,-0.0009481947203672236,-0.0009481947203672236,-0.0009481947203672236
5,2024-01-25,full_pipeline_xy_qaoa,-0.005843075205119286,-0.005843075205119064,-0.005843075205119064
5,2024-01-26,full_pipeline_xy_qaoa,0.0,0.0,0.0
5,2024-01-29,full_pipeline_xy_qaoa,-0.0032465879153040778,-0.003246587915304633,-0.003246587915304633
5,2024-01-30,full_pipeline_xy_qaoa,0.004232393795010836,0.004232393795011058,0.004232393795011058
5,2024-01-31,full_pipeline_xy_qaoa,0.006646926914009477,0.006646926914009699,0.006646926914009699
5,2024-01-01,equal_weight_candidates,0.008760730471765177,0.004432892387425724,0.004432892387425724
5,2024-01-02,equal_weight_candidates,0.0,0.0,0.0
5,2024-01-03,equal_weight_candidates,-0.013351094176571876,-0.013351094176571543,-0.013351094176571543
5,2024-01-04,equal_weight_candidates,0.016757048557481724,0.016757048557481724,0.016757048557481724
5,2024-01-05,equal_weight_candidates,-0.005699474914736324,-0.005699474914736102,-0.005699474914736102
5,2024-01-08,equal_weight_candidates,0.0022569964932983577,0.0022569964932983577,0.0022569964932983577
5,2024-01-09,equal_weight_candidates,0.023802066079533724,0.0238020660795335,0.0238020660795335
5,2024-01-10,equal_weight_candidates,-0.003578313709455272,-0.003578313709455161,-0.003578313709455161
5,2024-01-11,equal_weight_candidates,-0.0157502339772152,-0.01575023397721531,-0.01575023397721531
5,2024-01-12,equal_weight_candidates,0.010645376347279356,0.010645376347279134,0.010645376347279134
5,2024-01-15,equal_weight_candidates,-0.023103626189346915,-0.023103626189346693,-0.023103626189346693
5,2024-01-16,equal_weight_candidates,-0.016828823545466665,-0.016828823545466554,-0.016828823545466554
5,2024-01-17,equal_weight_candidates,0.017608476086161007,0.01760847608616123,0.01760847608616123
5,2024-01-18,equal_weight_candidates,0.00496927170381567,0.004969271703815448,0.004969271703815448
5,2024-01-19,equal_weight_candidates,0.005734716848178056,0.005734716848177834,0.005734716848177834
5,2024-01-22,equal_weight_candidates,0.0006195758653166905,0.0006195758653166905,0.0006195758653166905
5,2024-01-23,equal_weight_candidates,0.006170071688943901,0.006170071688943901,0.006170071688943901
5,2024-01-24,equal_weight_candidates,-0.0017793523851338255,-0.0017793523851337145,-0.0017793523851337145
5,2024-01-25,equal_weight_candidates,-0.0036967080013876608,-0.0036967080013876608,-0.0036967080013876608
5,2024-01-26,equal_weight_candidates,0.0,0.0,0.0
5,2024-01-29,equal_weight_candidates,0.0003184834045608653,0.0003184834045608653,0.0003184834045608653
5,2024-01-30,equal_weight_candidates,-0.0008507783780848932,-0.0008507783780847822,-0.0008507783780847822
5,2024-01-31,equal_weight_candidates,0.007209242849919972,0.007209242849919972,0.007209242849919972
5,2024-01-01,liquidity_topk_exact,0.00416788849753269,-0.00044816003472969435,-0.00044816003472969435
5,2024-01-02,liquidity_topk_exact,0.0,0.0,0.0
5,2024-01-03,liquidity_topk_exact,-0.039435694006383915,-0.039435694006383804,-0.039435694006383804
5,2024-01-04,liquidity_topk_exact,0.014344680423059142,0.014344680423059364,0.014344680423059364
5,2024-01-05,liquidity_topk_exact,-0.002544664231881044,-0.0025446642318812662,-0.0025446642318812662
5,2024-01-08,liquidity_topk_exact,0.008593195806759102,0.008593195806759102,0.008593195806759102
5,2024-01-09,liquidity_topk_exact,0.011232276151502463,0.011232276151502463,0.011232276151502463
5,2024-01-10,liquidity_topk_exact,-0.00291154054446241,-0.002911540544462188,-0.002911540544462188
5,2024-01-11,liquidity_topk_exact,-0.01674770028301109,-0.01674770028301109,-0.01674770028301109
5,2024-01-12,liquidity_topk_exact,0.0040621168209789005,0.004062116820978678,0.004062116820978678
5,2024-01-15,liquidity_topk_exact,-0.02721631195002583,-0.02721631195002583,-0.02721631195002583
5,2024-01-16,liquidity_topk_exact,-0.0073275550742339934,-0.0073275550742339934,-0.0073275550742339934
5,2024-01-17,liquidity_topk_exact,0.023036162169346452,0.023036162169346452,0.023036162169346452
5,2024-01-18,liquidity_topk_exact,0.0005479605535447796,0.0005479605535447796,0.0005479605535447796
5,2024-01-19,liquidity_topk_exact,0.0032028553207534838,0.0032028553207534838,0.0032028553207534838
5,2024-01-22,liquidity_topk_exact,-0.002423964393753697,-0.002423964393753808,-0.002423964393753808
5,2024-01-23,liquidity_topk_exact,0.013074632938329112,0.013074632938329112,0.013074632938329112
5,2024-01-24,liquidity_topk_exact,-0.008565170711045345,-0.008565170711045345,-0.008565170711045345
5,2024-01-25,liquidity_topk_exact,-0.002491024444371659,-0.002491024444371659,-0.002491024444371659
5,2024-01-26,liquidity_topk_exact,0.0,0.0,0.0
5,2024-01-29,liquidity_topk_exact,0.0058003615824289145,0.0058003615824289145,0.0058003615824289145
5,2024-01-30,liquidity_topk_exact,-0.004648762414745655,-0.004648762414745766,-0.004648762414745766
5,2024-01-31,liquidity_topk_exact,0.006490177963886179,0.006490177963886401,0.006490177963886401
5,2024-01-01,ewma_topk_exact,0.00806645143556639,0.0034639972368148975,0.0034639972368148975
5,2024-01-02,ewma_topk_exact,0.005001582208602695,0.005001582208602695,0.005001582208602695
5,2024-01-03,ewma_topk_exact,-0.014239326685996923,-0.014239326685996812,-0.014239326685996812
5,2024-01-04,ewma_topk_exact,-0.026992883197883955,-0.026992883197883843,-0.026992883197883843
5,2024-01-05,ewma_topk_exact,-0.02303403394369341,-0.0230340339436933,-0.0230340339436933
5,2024-01-08,ewma_topk_exact,-0.025065471823045526,-0.025065471823045526,-0.025065471823045526
5,2024-01-09,ewma_topk_exact,-0.03555147264156533,-0.03555147264156544,-0.03555147264156544
5,2024-01-10,ewma_topk_exact,0.03727410273924758,0.03727410273924758,0.03727410273924758
5,2024-01-11,ewma_topk_exact,0.003204115257827933,0.003204115257827933,0.003204115257827933
5,2024-01-12,ewma_topk_exact,0.0231071211820697,0.0231071211820697,0.0231071211820697
5,2024-01-15,ewma_topk_exact,-0.0248755058793525,-0.02487550587935239,-0.02487550587935239
5,2024-01-16,ewma_topk_exact,-0.021202440182915283,-0.021202440182915394,-0.021202440182915394
5,2024-01-17,ewma_topk_exact,-0.009892256313150827,-0.009892256313150938,-0.009892256313150938
5,2024-01-18,ewma_topk_exact,0.009999600438695744,0.009999600438695522,0.009999600438695522
5,2024-01-19,ewma_topk_exact,-0.008542044447600539,-0.008542044447600428,-0.008542044447600428
5,2024-01-22,ewma_topk_exact,0.01917761321348377,0.01917761321348377,0.01917761321348377
5,2024-01-23,ewma_topk_exact,0.01219464594968711,0.01219464594968711,0.01219464594968711
5,2024-01-24,ewma_topk_exact,0.02890029918621906,0.028900299186218836,0.028900299186218836
5,2024-01-25,ewma_topk_exact,-0.011903207959870654,-0.011903207959870543,-0.011903207959870543
5,2024-01-26,ewma_topk_exact,0.001169353273283047,0.001169353273283047,0.001169353273283047
5,2024-01-29,ewma_topk_exact,0.0033905877652360417,0.0033905877652358196,0.0033905877652358196
5,2024-01-30,ewma_topk_exact,0.0010726802778675548,0.0010726802778675548,0.0010726802778675548
5,2024-01-31,ewma_topk_exact,-0.003561185908613984,-0.003561185908613762,-0.003561185908613762
5,2024-01-01,xgboost_topk_exact,0.010298803940805401,0.005902106726384249,0.005902106726384249
5,2024-01-02,xgboost_topk_exact,0.0,0.0,0.0
5,2024-01-03,xgboost_topk_exact,0.0026973826279304003,0.0026973826279304003,0.0026973826279304003
5,2024-01-04,xgboost_topk_exact,0.02081610751325158,0.02081610751325158,0.02081610751325158
5,2024-01-05,xgboost_topk_exact,-0.0073140200864698635,-0.0073140200864699745,-0.0073140200864699745
5,2024-01-08,xgboost_topk_exact,0.010171000502418481,0.010171000502418925,0.010171000502418925
5,2024-01-09,xgboost_topk_exact,0.019982226097803313,0.01998222609780309,0.01998222609780309
5,2024-01-10,xgboost_topk_exact,-0.013301059798763615,-0.013301059798763393,-0.013301059798763393
5,2024-01-11,xgboost_topk_exact,-0.008974183450190187,-0.00897418345019052,-0.00897418345019052
5,2024-01-12,xgboost_topk_exact,0.0017022104471540178,0.0017022104471540178,0.0017022104471540178
5,2024-01-15,xgboost_topk_exact,-0.019974294733127618,-0.019974294733127618,-0.019974294733127618
5,2024-01-16,xgboost_topk_exact,-0.020097526800800902,-0.020097526800801124,-0.020097526800801124
5,2024-01-17,xgboost_topk_exact,0.005886601567397065,0.005886601567397065,0.005886601567397065
5,2024-01-18,xgboost_topk_exact,0.008555348981840849,0.008555348981841071,0.008555348981841071
5,2024-01-19,xgboost_topk_exact,0.012742563230185855,0.012742563230185633,0.012742563230185633
5,2024-01-22,xgboost_topk_exact,0.00028378474984158686,0.0002837847498413648,0.0002837847498413648
5,2024-01-23,xgboost_topk_exact,-0.0001593060788250833,-0.0001593060788246392,-0.0001593060788246392
5,2024-01-24,xgboost_topk_exact,-0.0006372205892981597,-0.0006372205892983818,-0.0006372205892983818
5,2024-01-25,xgboost_topk_exact,-0.00628665024481212,-0.006286650244812009,-0.006286650244812009
5,2024-01-26,xgboost_topk_exact,0.0,0.0,0.0
5,2024-01-29,xgboost_topk_exact,-0.00503960253481206,-0.005039602534812282,-0.005039602534812282
5,2024-01-30,xgboost_topk_exact,0.004889085228987788,0.0048890852289880105,0.0048890852289880105
5,2024-01-31,xgboost_topk_exact,0.006447665188171303,0.006447665188171303,0.006447665188171303
5,2024-01-01,adaptive_exact,0.01171489905263634,0.0073328354232864434,0.0073328354232864434
5,2024-01-02,adaptive_exact,0.0,0.0,0.0
5,2024-01-03,adaptive_exact,-0.0007665599125586953,-0.0007665599125590283,-0.0007665599125590283
5,2024-01-04,adaptive_exact,0.018684907107486826,0.018684907107486826,0.018684907107486826
5,2024-01-05,adaptive_exact,-0.006930439441056313,-0.006930439441056091,-0.006930439441056091
5,2024-01-08,adaptive_exact,0.00840861547690297,0.008408615476903192,0.008408615476903192
5,2024-01-09,adaptive_exact,0.023289133668991102,0.02328913366899088,0.02328913366899088
5,2024-01-10,adaptive_exact,-0.012187114502417606,-0.012187114502417606,-0.012187114502417606
5,2024-01-11,adaptive_exact,-0.00996552172656151,-0.009965521726561621,-0.009965521726561621
5,2024-01-12,adaptive_exact,0.003763620394346745,0.003763620394346967,0.003763620394346967
5,2024-01-15,adaptive_exact,-0.021955513146340477,-0.02195551314634059,-0.02195551314634059
5,2024-01-16,adaptive_exact,-0.01853713373565835,-0.01853713373565835,-0.01853713373565835
5,2024-01-17,adaptive_exact,0.008023578468000503,0.00802357846800028,0.00802357846800028
5,2024-01-18,adaptive_exact,0.00928308055824223,0.009283080558242007,0.009283080558242007
5,2024-01-19,adaptive_exact,0.012883730889354794,0.012883730889355016,0.012883730889355016
5,2024-01-22,adaptive_exact,0.0010083121475514822,0.0010083121475512602,0.0010083121475512602
5,2024-01-23,adaptive_exact,0.001737841450146771,0.001737841450146771,0.001737841450146771
5,2024-01-24,adaptive_exact,-0.0009481947203672236,-0.0009481947203672236,-0.0009481947203672236
5,2024-01-25,adaptive_exact,-0.005843075205119286,-0.005843075205119064,-0.005843075205119064
5,2024-01-26,adaptive_exact,0.0,0.0,0.0
5,2024-01-29,adaptive_exact,-0.0032465879153040778,-0.003246587915304633,-0.003246587915304633
5,2024-01-30,adaptive_exact,0.004232393795010836,0.004232393795011058,0.004232393795011058
5,2024-01-31,adaptive_exact,0.006646926914009477,0.006646926914009699,0.006646926914009699
5,2024-01-01,xgboost_penalty_qaoa,0.008259748731262118,0.0038830891316006255,0.0038830891316006255
5,2024-01-02,xgboost_penalty_qaoa,0.0,0.0,0.0
5,2024-01-03,xgboost_penalty_qaoa,-0.0022937515007825926,-0.0022937515007827036,-0.0022937515007827036
5,2024-01-04,xgboost_penalty_qaoa,0.026585202708747868,0.026585202708747868,0.026585202708747868
5,2024-01-05,xgboost_penalty_qaoa,-0.011467481252922518,-0.011467481252922518,-0.011467481252922518
5,2024-01-08,xgboost_penalty_qaoa,0.009529271404336903,0.009529271404337125,0.009529271404337125
5,2024-01-09,xgboost_penalty_qaoa,0.00944291766581018,0.009442917665810402,0.009442917665810402
5,2024-01-10,xgboost_penalty_qaoa,-0.0063017095148641955,-0.0063017095148641955,-0.0063017095148641955
5,2024-01-11,xgboost_penalty_qaoa,-0.013628166544782383,-0.013628166544782383,-0.013628166544782383
5,2024-01-12,xgboost_penalty_qaoa,0.0062854618385879135,0.006285461838587469,0.006285461838587469
5,2024-01-15,xgboost_penalty_qaoa,-0.02560854708724536,-0.025608547087245137,-0.025608547087245137
5,2024-01-16,xgboost_penalty_qaoa,-0.014135138868178743,-0.014135138868178743,-0.014135138868178743
5,2024-01-17,xgboost_penalty_qaoa,0.017634418524642204,0.017634418524642204,0.017634418524642204
5,2024-01-18,xgboost_penalty_qaoa,0.0002314819581603622,0.0002314819581603622,0.0002314819581603622
5,2024-01-19,xgboost_penalty_qaoa,0.009606273533593335,0.009606273533593335,0.009606273533593335
5,2024-01-22,xgboost_penalty_qaoa,-0.0035986827447871406,-0.0035986827447871406,-0.0035986827447871406
5,2024-01-23,xgboost_penalty_qaoa,0.0026600858032703734,0.0026600858032703734,0.0026600858032703734
5,2024-01-24,xgboost_penalty_qaoa,0.00366867932462811,0.0036686793246283322,0.0036686793246283322
5,2024-01-25,xgboost_penalty_qaoa,-0.011036043064235335,-0.011036043064235446,-0.011036043064235446
5,2024-01-26,xgboost_penalty_qaoa,0.0,0.0,0.0
5,2024-01-29,xgboost_penalty_qaoa,-0.0016703653003682373,-0.0016703653003681262,-0.0016703653003681262
5,2024-01-30,xgboost_penalty_qaoa,0.0009144048567275576,0.0009144048567275576,0.0009144048567275576
5,2024-01-31,xgboost_penalty_qaoa,0.01187815864971542,0.01187815864971542,0.01187815864971542
5,2024-01-01,xgboost_xy_qaoa,0.008259748731262118,0.0038484433755883174,0.0038484433755883174
5,2024-01-02,xgboost_xy_qaoa,0.0,0.0,0.0
5,2024-01-03,xgboost_xy_qaoa,-0.0022937515007825926,-0.0022937515007827036,-0.0022937515007827036
5,2024-01-04,xgboost_xy_qaoa,0.026585202708747868,0.026585202708747868,0.026585202708747868
5,2024-01-05,xgboost_xy_qaoa,-0.011467481252922518,-0.011467481252922518,-0.011467481252922518
5,2024-01-08,xgboost_xy_qaoa,0.009529271404336903,0.009529271404337125,0.009529271404337125
5,2024-01-09,xgboost_xy_qaoa,0.00944291766581018,0.009442917665810402,0.009442917665810402
5,2024-01-10,xgboost_xy_qaoa,-0.0063017095148641955,-0.0063017095148641955,-0.0063017095148641955
5,2024-01-11,xgboost_xy_qaoa,-0.013628166544782383,-0.013628166544782494,-0.013628166544782494
5,2024-01-12,xgboost_xy_qaoa,0.0062854618385879135,0.0062854618385879135,0.0062854618385879135
5,2024-01-15,xgboost_xy_qaoa,-0.02560854708724536,-0.02560854708724536,-0.02560854708724536
5,2024-01-16,xgboost_xy_qaoa,-0.014135138868178743,-0.014135138868178632,-0.014135138868178632
5,2024-01-17,xgboost_xy_qaoa,0.017634418524642204,0.017634418524642204,0.017634418524642204
5,2024-01-18,xgboost_xy_qaoa,0.0002314819581603622,0.0002314819581603622,0.0002314819581603622
5,2024-01-19,xgboost_xy_qaoa,0.009606273533593335,0.009606273533593335,0.009606273533593335
5,2024-01-22,xgboost_xy_qaoa,-0.0035986827447871406,-0.0035986827447871406,-0.0035986827447871406
5,2024-01-23,xgboost_xy_qaoa,0.0026600858032703734,0.0026600858032701513,0.0026600858032701513
5,2024-01-24,xgboost_xy_qaoa,0.00366867932462811,0.0036686793246285543,0.0036686793246285543
5,2024-01-25,xgboost_xy_qaoa,-0.011036043064235335,-0.011036043064235557,-0.011036043064235557
5,2024-01-26,xgboost_xy_qaoa,0.0,0.0,0.0
5,2024-01-29,xgboost_xy_qaoa,-0.0016703653003682373,-0.0016703653003683483,-0.0016703653003683483
5,2024-01-30,xgboost_xy_qaoa,0.0009144048567275576,0.0009144048567277796,0.0009144048567277796
5,2024-01-31,xgboost_xy_qaoa,0.01187815864971542,0.011878158649715198,0.011878158649715198
5,2024-01-01,adaptive_penalty_qaoa,0.0051286625464177504,0.000683833730769301,0.000683833730769301
5,2024-01-02,adaptive_penalty_qaoa,0.0,0.0,0.0
5,2024-01-03,adaptive_penalty_qaoa,-0.00727088424183131,-0.007270884241831088,-0.007270884241831088
5,2024-01-04,adaptive_penalty_qaoa,0.017794163338770153,0.01779416333876993,0.01779416333876993
5,2024-01-05,adaptive_penalty_qaoa,-0.008134393991928723,-0.00813439399192839,-0.00813439399192839
5,2024-01-08,adaptive_penalty_qaoa,0.008885767784976295,0.008885767784976295,0.008885767784976295
5,2024-01-09,adaptive_penalty_qaoa,0.004779234207400673,0.004779234207400673,0.004779234207400673
5,2024-01-10,adaptive_penalty_qaoa,-0.004137818726063003,-0.004137818726063003,-0.004137818726063003
5,2024-01-11,adaptive_penalty_qaoa,-0.013748306834887813,-0.013748306834887702,-0.013748306834887702
5,2024-01-12,adaptive_penalty_qaoa,0.005606689178085933,0.005606689178085933,0.005606689178085933
5,2024-01-15,adaptive_penalty_qaoa,-0.018786428407756017,-0.018786428407755795,-0.018786428407755795
5,2024-01-16,adaptive_penalty_qaoa,-0.02140494138478244,-0.02140494138478255,-0.02140494138478255
5,2024-01-17,adaptive_penalty_qaoa,0.016361225177264016,0.016361225177264238,0.016361225177264238
5,2024-01-18,adaptive_penalty_qaoa,0.005000942482402904,0.005000942482402904,0.005000942482402904
5,2024-01-19,adaptive_penalty_qaoa,0.006419024298747189,0.006419024298746967,0.006419024298746967
5,2024-01-22,adaptive_penalty_qaoa,-0.000832256059033254,-0.0008322560590331429,-0.0008322560590331429
5,2024-01-23,adaptive_penalty_qaoa,0.0013701738165028399,0.0013701738165028399,0.0013701738165028399
5,2024-01-24,adaptive_penalty_qaoa,0.001620506098425123,0.001620506098424901,0.001620506098424901
5,2024-01-25,adaptive_penalty_qaoa,-0.004642658521953558,-0.004642658521953669,-0.004642658521953669
5,2024-01-26,adaptive_penalty_qaoa,0.0,0.0,0.0
5,2024-01-29,adaptive_penalty_qaoa,-0.004333747853563885,-0.004333747853563774,-0.004333747853563774
5,2024-01-30,adaptive_penalty_qaoa,-0.0011483411958795875,-0.0011483411958794765,-0.0011483411958794765
5,2024-01-31,adaptive_penalty_qaoa,0.005432532743263163,0.005432532743263163,0.005432532743263163
5,2024-01-01,adaptive_xy_qaoa,0.01171489905263634,0.007334556873259457,0.007334556873259457
5,2024-01-02,adaptive_xy_qaoa,0.0,0.0,0.0
5,2024-01-03,adaptive_xy_qaoa,-0.0007665599125586953,-0.0007665599125586953,-0.0007665599125586953
5,2024-01-04,adaptive_xy_qaoa,0.018684907107486826,0.018684907107486826,0.018684907107486826
5,2024-01-05,adaptive_xy_qaoa,-0.006930439441056313,-0.006930439441056424,-0.006930439441056424
5,2024-01-08,adaptive_xy_qaoa,0.00840861547690297,0.008408615476903192,0.008408615476903192
5,2024-01-09,adaptive_xy_qaoa,0.023289133668991102,0.02328913366899088,0.02328913366899088
5,2024-01-10,adaptive_xy_qaoa,-0.012187114502417606,-0.012187114502417273,-0.012187114502417273
5,2024-01-11,adaptive_xy_qaoa,-0.00996552172656151,-0.009965521726561621,-0.009965521726561621
5,2024-01-12,adaptive_xy_qaoa,0.003763620394346745,0.003763620394346967,0.003763620394346967
5,2024-01-15,adaptive_xy_qaoa,-0.021955513146340477,-0.02195551314634059,-0.02195551314634059
5,2024-01-16,adaptive_xy_qaoa,-0.01853713373565835,-0.018537133735658462,-0.018537133735658462
5,2024-01-17,adaptive_xy_qaoa,0.008023578468000503,0.008023578468000725,0.008023578468000725
5,2024-01-18,adaptive_xy_qaoa,0.00928308055824223,0.009283080558242007,0.009283080558242007
5,2024-01-19,adaptive_xy_qaoa,0.012883730889354794,0.012883730889354794,0.012883730889354794
5,2024-01-22,adaptive_xy_qaoa,0.0010083121475514822,0.0010083121475514822,0.0010083121475514822
5,2024-01-23,adaptive_xy_qaoa,0.001737841450146771,0.001737841450146993,0.001737841450146993
5,2024-01-24,adaptive_xy_qaoa,-0.0009481947203672236,-0.0009481947203672236,-0.0009481947203672236
5,2024-01-25,adaptive_xy_qaoa,-0.005843075205119286,-0.005843075205119064,-0.005843075205119064
5,2024-01-26,adaptive_xy_qaoa,0.0,0.0,0.0
5,2024-01-29,adaptive_xy_qaoa,-0.0032465879153040778,-0.003246587915304411,-0.003246587915304411
5,2024-01-30,adaptive_xy_qaoa,0.004232393795010836,0.004232393795011058,0.004232393795011058
5,2024-01-31,adaptive_xy_qaoa,0.006646926914009477,0.006646926914009477,0.006646926914009477
5,2024-01-01,adaptive_simulated_annealing,0.01171489905263634,0.0073328354232864434,0.0073328354232864434
5,2024-01-02,adaptive_simulated_annealing,0.0,0.0,0.0
5,2024-01-03,adaptive_simulated_annealing,-0.0007665599125586953,-0.0007665599125590283,-0.0007665599125590283
5,2024-01-04,adaptive_simulated_annealing,0.018684907107486826,0.018684907107486826,0.018684907107486826
5,2024-01-05,adaptive_simulated_annealing,-0.006930439441056313,-0.006930439441056091,-0.006930439441056091
5,2024-01-08,adaptive_simulated_annealing,0.00840861547690297,0.008408615476903192,0.008408615476903192
5,2024-01-09,adaptive_simulated_annealing,0.023289133668991102,0.02328913366899088,0.02328913366899088
5,2024-01-10,adaptive_simulated_annealing,-0.012187114502417606,-0.012187114502417606,-0.012187114502417606
5,2024-01-11,adaptive_simulated_annealing,-0.00996552172656151,-0.009965521726561621,-0.009965521726561621
5,2024-01-12,adaptive_simulated_annealing,0.003763620394346745,0.003763620394346967,0.003763620394346967
5,2024-01-15,adaptive_simulated_annealing,-0.021955513146340477,-0.02195551314634059,-0.02195551314634059
5,2024-01-16,adaptive_simulated_annealing,-0.01853713373565835,-0.01853713373565835,-0.01853713373565835
5,2024-01-17,adaptive_simulated_annealing,0.008023578468000503,0.00802357846800028,0.00802357846800028
5,2024-01-18,adaptive_simulated_annealing,0.00928308055824223,0.009283080558242007,0.009283080558242007
5,2024-01-19,adaptive_simulated_annealing,0.012883730889354794,0.012883730889355016,0.012883730889355016
5,2024-01-22,adaptive_simulated_annealing,0.0010083121475514822,0.0010083121475512602,0.0010083121475512602
5,2024-01-23,adaptive_simulated_annealing,0.001737841450146771,0.001737841450146771,0.001737841450146771
5,2024-01-24,adaptive_simulated_annealing,-0.0009481947203672236,-0.0009481947203672236,-0.0009481947203672236
5,2024-01-25,adaptive_simulated_annealing,-0.005843075205119286,-0.005843075205119064,-0.005843075205119064
5,2024-01-26,adaptive_simulated_annealing,0.0,0.0,0.0
5,2024-01-29,adaptive_simulated_annealing,-0.0032465879153040778,-0.003246587915304633,-0.003246587915304633
5,2024-01-30,adaptive_simulated_annealing,0.004232393795010836,0.004232393795011058,0.004232393795011058
5,2024-01-31,adaptive_simulated_annealing,0.006646926914009477,0.006646926914009699,0.006646926914009699
5,2024-01-01,equal_weight_universe,0.0030294523727101286,0.002745725259375442,0.002745725259375442
5,2024-01-02,equal_weight_universe,0.00015114773507662882,0.00015114773507685086,0.00015114773507685086
5,2024-01-03,equal_weight_universe,0.00011055271962900903,0.00011055271962878699,0.00011055271962878699
5,2024-01-04,equal_weight_universe,0.010033427482928792,0.010033427482929014,0.010033427482929014
5,2024-01-05,equal_weight_universe,0.0004903111323604215,0.0004903111323601994,0.0004903111323601994
5,2024-01-08,equal_weight_universe,0.00023914614763898,0.00023914614763898,0.00023914614763898
5,2024-01-09,equal_weight_universe,0.0018846525761766486,0.0018846525761768707,0.0018846525761768707
5,2024-01-10,equal_weight_universe,-0.0010534820168056624,-0.0010534820168057735,-0.0010534820168057735
5,2024-01-11,equal_weight_universe,-0.0038807981857323925,-0.0038807981857321705,-0.0038807981857321705
5,2024-01-12,equal_weight_universe,0.0025892573316272927,0.0025892573316270706,0.0025892573316270706
5,2024-01-15,equal_weight_universe,-0.010804191919138395,-0.010804191919138506,-0.010804191919138506
5,2024-01-16,equal_weight_universe,-0.0038128905199190655,-0.0038128905199189544,-0.0038128905199189544
5,2024-01-17,equal_weight_universe,0.006639686298236747,0.006639686298236969,0.006639686298236969
5,2024-01-18,equal_weight_universe,0.0011305120854223638,0.0011305120854221418,0.0011305120854221418
5,2024-01-19,equal_weight_universe,0.0033920927098869402,0.0033920927098869402,0.0033920927098869402
5,2024-01-22,equal_weight_universe,0.0021874105584644976,0.0021874105584644976,0.0021874105584644976
5,2024-01-23,equal_weight_universe,0.001428178089063703,0.001428178089063703,0.001428178089063703
5,2024-01-24,equal_weight_universe,-0.0005070632199827285,-0.0005070632199827285,-0.0005070632199827285
5,2024-01-25,equal_weight_universe,-0.0014758558344832862,-0.0014758558344832862,-0.0014758558344832862
5,2024-01-26,equal_weight_universe,-0.00013125181323780932,-0.00013125181323780932,-0.00013125181323780932
5,2024-01-29,equal_weight_universe,0.0018954073158561346,0.0018954073158559126,0.0018954073158559126
5,2024-01-30,equal_weight_universe,0.0017011950098562156,0.0017011950098559936,0.0017011950098559936
5,2024-01-31,equal_weight_universe,0.005968101739497245,0.005968101739497023,0.005968101739497023
5,2024-01-01,markowitz_mean_variance,0.008066451460591706,0.0034639983259940887,0.0034639983259940887
5,2024-01-02,markowitz_mean_variance,0.005001581804371824,0.005001581804371824,0.005001581804371824
5,2024-01-03,markowitz_mean_variance,-0.014239327229697674,-0.014239327229697785,-0.014239327229697785
5,2024-01-04,markowitz_mean_variance,-0.02699288295539204,-0.02699288295539204,-0.02699288295539204
5,2024-01-05,markowitz_mean_variance,-0.023034034259057035,-0.023034034259057035,-0.023034034259057035
5,2024-01-08,markowitz_mean_variance,-0.025065471805175932,-0.02506547180517582,-0.02506547180517582
5,2024-01-09,markowitz_mean_variance,-0.035551472592392885,-0.035551472592392996,-0.035551472592392996
5,2024-01-10,markowitz_mean_variance,0.03727410308788781,0.03727410308788781,0.03727410308788781
5,2024-01-11,markowitz_mean_variance,0.0032041150930219864,0.0032041150930219864,0.0032041150930219864
5,2024-01-12,markowitz_mean_variance,0.023107121257376795,0.023107121257377017,0.023107121257377017
5,2024-01-15,markowitz_mean_variance,-0.024875505770837858,-0.02487550577083808,-0.02487550577083808
5,2024-01-16,markowitz_mean_variance,-0.021202440520778465,-0.021202440520778243,-0.021202440520778243
5,2024-01-17,markowitz_mean_variance,-0.009892256391923149,-0.009892256391923482,-0.009892256391923482
5,2024-01-18,markowitz_mean_variance,0.00999960082305651,0.009999600823056731,0.009999600823056731
5,2024-01-19,markowitz_mean_variance,-0.008542044616575373,-0.008542044616575262,-0.008542044616575262
5,2024-01-22,markowitz_mean_variance,0.01917761341152291,0.01917761341152291,0.01917761341152291
5,2024-01-23,markowitz_mean_variance,0.01219464537655357,0.012194645376553792,0.012194645376553792
5,2024-01-24,markowitz_mean_variance,0.02890029923008597,0.02890029923008597,0.02890029923008597
5,2024-01-25,markowitz_mean_variance,-0.01190320783813803,-0.01190320783813803,-0.01190320783813803
5,2024-01-26,markowitz_mean_variance,0.001169353179970356,0.001169353179970356,0.001169353179970356
5,2024-01-29,markowitz_mean_variance,0.00339058791776492,0.00339058791776492,0.00339058791776492
5,2024-01-30,markowitz_mean_variance,0.0010726802145537562,0.0010726802145535341,0.0010726802145535341
5,2024-01-31,markowitz_mean_variance,-0.0035611855218539157,-0.0035611855218536936,-0.0035611855218536936
5,2024-01-01,minimum_variance,0.008428942055593414,0.008086766479797003,0.008086766479797003
5,2024-01-02,minimum_variance,4.006908078202365e-05,4.006908078224569e-05,4.006908078224569e-05
5,2024-01-03,minimum_variance,-0.004044684323431413,-0.004044684323431302,-0.004044684323431302
5,2024-01-04,minimum_variance,0.008010952912437252,0.00801095291243703,0.00801095291243703
5,2024-01-05,minimum_variance,0.005620501618497364,0.0056205016184975864,0.0056205016184975864
5,2024-01-08,minimum_variance,-0.0028084381516498835,-0.0028084381516498835,-0.0028084381516498835
5,2024-01-09,minimum_variance,0.0003325502240205669,0.00033255022402034484,0.00033255022402034484
5,2024-01-10,minimum_variance,-0.000703121610397206,-0.0007031216103968729,-0.0007031216103968729
5,2024-01-11,minimum_variance,0.00038367884336998337,0.00038367884336998337,0.00038367884336998337
5,2024-01-12,minimum_variance,0.0005452326621340209,0.0005452326621340209,0.0005452326621340209
5,2024-01-15,minimum_variance,-0.0023227394271722046,-0.0023227394271724267,-0.0023227394271724267
5,2024-01-16,minimum_variance,0.004476554487563789,0.004476554487564233,0.004476554487564233
5,2024-01-17,minimum_variance,0.0019454200289525936,0.0019454200289523715,0.0019454200289523715
5,2024-01-18,minimum_variance,0.0012947164698713376,0.0012947164698708935,0.0012947164698708935
5,2024-01-19,minimum_variance,0.0016503414358275403,0.0016503414358277624,0.0016503414358277624
5,2024-01-22,minimum_variance,-0.0006009828701617481,-0.0006009828701617481,-0.0006009828701617481
5,2024-01-23,minimum_variance,0.002075491296714027,0.002075491296714249,0.002075491296714249
5,2024-01-24,minimum_variance,-0.004994957944655654,-0.004994957944655765,-0.004994957944655765
5,2024-01-25,minimum_variance,-0.0025923597731066783,-0.0025923597731067893,-0.0025923597731067893
5,2024-01-26,minimum_variance,-0.0003372535732946158,-0.00033725357329439376,-0.00033725357329439376
5,2024-01-29,minimum_variance,-0.0015052350484192623,-0.0015052350484190402,-0.0015052350484190402
5,2024-01-30,minimum_variance,0.0012430862557504252,0.001243086255749981,0.001243086255749981
5,2024-01-31,minimum_variance,-0.003469438709227779,-0.003469438709227668,-0.003469438709227668
6,2024-04-01,full_pipeline_xy_qaoa,-0.01455180673202039,-0.018819194070312406,-0.018819194070312406
6,2024-04-02,full_pipeline_xy_qaoa,-0.00748790569493718,-0.00748790569493718,-0.00748790569493718
6,2024-04-03,full_pipeline_xy_qaoa,0.017843441927588133,0.01784344192758791,0.01784344192758791
6,2024-04-04,full_pipeline_xy_qaoa,-0.01781253058128296,-0.01781253058128296,-0.01781253058128296
6,2024-04-05,full_pipeline_xy_qaoa,-0.018821929401203974,-0.018821929401204196,-0.018821929401204196
6,2024-04-08,full_pipeline_xy_qaoa,-0.019116303268324697,-0.019116303268324586,-0.019116303268324586
6,2024-04-09,full_pipeline_xy_qaoa,-0.005426432376715917,-0.005426432376716028,-0.005426432376716028
6,2024-04-10,full_pipeline_xy_qaoa,0.014172623594873368,0.014172623594873146,0.014172623594873146
6,2024-04-11,full_pipeline_xy_qaoa,-0.017143034601217244,-0.017143034601217244,-0.017143034601217244
6,2024-04-12,full_pipeline_xy_qaoa,-0.0005093757009235755,-0.0005093757009234645,-0.0005093757009234645
6,2024-04-15,full_pipeline_xy_qaoa,0.0029173253885996786,0.0029173253885994566,0.0029173253885994566
6,2024-04-16,full_pipeline_xy_qaoa,-0.0690118215152341,-0.0690118215152341,-0.0690118215152341
6,2024-04-17,full_pipeline_xy_qaoa,-0.02441740256337077,-0.02441740256337077,-0.02441740256337077
6,2024-04-18,full_pipeline_xy_qaoa,-0.029915403824647524,-0.029915403824647413,-0.029915403824647413
6,2024-04-19,full_pipeline_xy_qaoa,0.0,0.0,0.0
6,2024-04-22,full_pipeline_xy_qaoa,-0.04474086375859687,-0.044740863758597205,-0.044740863758597205
6,2024-04-23,full_pipeline_xy_qaoa,0.023126132341453554,0.023126132341453776,0.023126132341453776
6,2024-04-24,full_pipeline_xy_qaoa,-0.031247927671213427,-0.031247927671213427,-0.031247927671213427
6,2024-04-25,full_pipeline_xy_qaoa,0.04939110225808796,0.04939110225808796,0.04939110225808796
6,2024-04-26,full_pipeline_xy_qaoa,0.0075768866045620165,0.007576886604561794,0.007576886604561794
6,2024-04-29,full_pipeline_xy_qaoa,-0.008453367541447099,-0.008453367541447099,-0.008453367541447099
6,2024-04-30,full_pipeline_xy_qaoa,0.0,0.0,0.0
6,2024-04-01,equal_weight_candidates,-0.009708107419233003,-0.013386375174529563,-0.013386375174529563
6,2024-04-02,equal_weight_candidates,-0.000476915440624448,-0.00047691544062455904,-0.00047691544062455904
6,2024-04-03,equal_weight_candidates,0.01397846357288901,0.013978463572888788,0.013978463572888788
6,2024-04-04,equal_weight_candidates,-0.01795908259115686,-0.01795908259115675,-0.01795908259115675
6,2024-04-05,equal_weight_candidates,-0.016945935771378484,-0.016945935771378595,-0.016945935771378595
6,2024-04-08,equal_weight_candidates,-0.0234245752243899,-0.0234245752243899,-0.0234245752243899
6,2024-04-09,equal_weight_candidates,-0.00972596481805943,-0.009725964818059318,-0.009725964818059318
6,2024-04-10,equal_weight_candidates,0.016861351082221532,0.01686135108222131,0.01686135108222131
6,2024-04-11,equal_weight_candidates,-0.01224896509597373,-0.01224896509597373,-0.01224896509597373
6,2024-04-12,equal_weight_candidates,-0.0006991574193131456,-0.0006991574193131456,-0.0006991574193131456
6,2024-04-15,equal_weight_candidates,0.003293848583878267,0.0032938485838787113,0.0032938485838787113
6,2024-04-16,equal_weight_candidates,-0.06853439955065499,-0.06853439955065521,-0.06853439955065521
6,2024-04-17,equal_weight_candidates,-0.022514199320215256,-0.022514199320215034,-0.022514199320215034
6,2024-04-18,equal_weight_candidates,-0.024651918141872398,-0.02465191814187262,-0.02465191814187262
6,2024-04-19,equal_weight_candidates,0.0,0.0,0.0
6,2024-04-22,equal_weight_candidates,-0.028652966848252137,-0.028652966848252137,-0.028652966848252137
6,2024-04-23,equal_weight_candidates,0.019760889363397593,0.019760889363397593,0.019760889363397593
6,2024-04-24,equal_weight_candidates,-0.022029079029664556,-0.022029079029664556,-0.022029079029664556
6,2024-04-25,equal_weight_candidates,0.04221153102225905,0.04221153102225905,0.04221153102225905
6,2024-04-26,equal_weight_candidates,0.006358322143668493,0.006358322143668715,0.006358322143668715
6,2024-04-29,equal_weight_candidates,-0.005657203461836624,-0.005657203461836735,-0.005657203461836735
6,2024-04-30,equal_weight_candidates,0.0,0.0,0.0
6,2024-04-01,liquidity_topk_exact,-0.015471974141871736,-0.018166214029501804,-0.018166214029501804
6,2024-04-02,liquidity_topk_exact,0.012168866587992211,0.012168866587991989,0.012168866587991989
6,2024-04-03,liquidity_topk_exact,0.008086208671350237,0.008086208671350459,0.008086208671350459
6,2024-04-04,liquidity_topk_exact,-0.03513520460967945,-0.03513520460967934,-0.03513520460967934
6,2024-04-05,liquidity_topk_exact,-0.00604923135128399,-0.006049231351284212,-0.006049231351284212
6,2024-04-08,liquidity_topk_exact,-0.022019733852541412,-0.022019733852541412,-0.022019733852541412
6,2024-04-09,liquidity_topk_exact,-0.004528766562619357,-0.004528766562619357,-0.004528766562619357
6,2024-04-10,liquidity_topk_exact,0.029482529441971606,0.029482529441971606,0.029482529441971606
6,2024-04-11,liquidity_topk_exact,-0.01873602250180806,-0.01873602250180806,-0.01873602250180806
6,2024-04-12,liquidity_topk_exact,0.007618194400354827,0.007618194400354827,0.007618194400354827
6,2024-04-15,liquidity_topk_exact,0.02206432061015029,0.02206432061015029,0.02206432061015029
6,2024-04-16,liquidity_topk_exact,-0.06586010929861585,-0.06586010929861585,-0.06586010929861585
6,2024-04-17,liquidity_topk_exact,-0.017399750153513027,-0.017399750153513138,-0.017399750153513138
6,2024-04-18,liquidity_topk_exact,-0.042837335278305466,-0.042837335278305355,-0.042837335278305355
6,2024-04-19,liquidity_topk_exact,0.0,0.0,0.0
6,2024-04-22,liquidity_topk_exact,-0.03918905745255641,-0.03918905745255652,-0.03918905745255652
6,2024-04-23,liquidity_topk_exact,0.02909958974898985,0.02909958974898985,0.02909958974898985
6,2024-04-24,liquidity_topk_exact,-0.037794499584610675,-0.037794499584610786,-0.037794499584610786
6,2024-04-25,liquidity_topk_exact,0.04938235110085576,0.04938235110085554,0.04938235110085554
6,2024-04-26,liquidity_topk_exact,-0.011089502494364467,-0.011089502494364578,-0.011089502494364578
6,2024-04-29,liquidity_topk_exact,-0.012852190506264405,-0.012852190506264405,-0.012852190506264405
6,2024-04-30,liquidity_topk_exact,0.0,0.0,0.0
6,2024-04-01,ewma_topk_exact,-0.03597020965943798,-0.04039265402575598,-0.04039265402575598
6,2024-04-02,ewma_topk_exact,-0.04064654540816903,-0.04064654540816903,-0.04064654540816903
6,2024-04-03,ewma_topk_exact,0.03921540667447454,0.03921540667447476,0.03921540667447476
6,2024-04-04,ewma_topk_exact,0.005475339431618931,0.005475339431618931,0.005475339431618931
6,2024-04-05,ewma_topk_exact,-0.03397824831089313,-0.03397824831089302,-0.03397824831089302
6,2024-04-08,ewma_topk_exact,-0.01920216576946998,-0.01920216576946976,-0.01920216576946976
6,2024-04-09,ewma_topk_exact,-0.004967981013715317,-0.004967981013715428,-0.004967981013715428
6,2024-04-10,ewma_topk_exact,-0.0009224421503873925,-0.0009224421503873925,-0.0009224421503873925
6,2024-04-11,ewma_topk_exact,-0.005194860505363663,-0.005194860505363774,-0.005194860505363774
6,2024-04-12,ewma_topk_exact,-0.02059793602144,-0.02059793602143989,-0.02059793602143989
6,2024-04-15,ewma_topk_exact,0.0036193153852686066,0.0036193153852686066,0.0036193153852686066
6,2024-04-16,ewma_topk_exact,-0.06900464534256778,-0.0690046453425679,-0.0690046453425679
6,2024-04-17,ewma_topk_exact,-0.004198925949603249,-0.004198925949603138,-0.004198925949603138
6,2024-04-18,ewma_topk_exact,-0.01909628217148862,-0.01909628217148851,-0.01909628217148851
6,2024-04-19,ewma_topk_exact,0.0,0.0,0.0
6,2024-04-22,ewma_topk_exact,-0.021942876705862147,-0.021942876705861925,-0.021942876705861925
6,2024-04-23,ewma_topk_exact,0.012623142792611786,0.012623142792611564,0.012623142792611564
6,2024-04-24,ewma_topk_exact,-0.025920685463573956,-0.025920685463573845,-0.025920685463573845
6,2024-04-25,ewma_topk_exact,0.0332316566367965,0.0332316566367965,0.0332316566367965
6,2024-04-26,ewma_topk_exact,-0.0007645971807633822,-0.0007645971807633822,-0.0007645971807633822
6,2024-04-29,ewma_topk_exact,-0.007035547916129814,-0.007035547916129703,-0.007035547916129703
6,2024-04-30,ewma_topk_exact,0.0,0.0,0.0
6,2024-04-01,xgboost_topk_exact,-0.01455180673202039,-0.01882522813585019,-0.01882522813585019
6,2024-04-02,xgboost_topk_exact,-0.007487905694937069,-0.007487905694937291,-0.007487905694937291
6,2024-04-03,xgboost_topk_exact,0.01784344192758791,0.017843441927588133,0.017843441927588133
6,2024-04-04,xgboost_topk_exact,-0.01781253058128285,-0.01781253058128296,-0.01781253058128296
6,2024-04-05,xgboost_topk_exact,-0.018821929401204085,-0.018821929401203974,-0.018821929401203974
6,2024-04-08,xgboost_topk_exact,-0.019116303268324697,-0.019116303268324697,-0.019116303268324697
6,2024-04-09,xgboost_topk_exact,-0.005426432376715917,-0.005426432376716139,-0.005426432376716139
6,2024-04-10,xgboost_topk_exact,0.014172623594873368,0.014172623594873368,0.014172623594873368
6,2024-04-11,xgboost_topk_exact,-0.017143034601217244,-0.017143034601217244,-0.017143034601217244
6,2024-04-12,xgboost_topk_exact,-0.0005093757009235755,-0.0005093757009236866,-0.0005093757009236866
6,2024-04-15,xgboost_topk_exact,0.0029173253885996786,0.0029173253885996786,0.0029173253885996786
6,2024-04-16,xgboost_topk_exact,-0.0690118215152341,-0.0690118215152341,-0.0690118215152341
6,2024-04-17,xgboost_topk_exact,-0.024417402563371104,-0.024417402563370993,-0.024417402563370993
6,2024-04-18,xgboost_topk_exact,-0.029915403824647302,-0.029915403824647413,-0.029915403824647413
6,2024-04-19,xgboost_topk_exact,0.0,0.0,0.0
6,2024-04-22,xgboost_topk_exact,-0.044740863758597205,-0.044740863758597205,-0.044740863758597205
6,2024-04-23,xgboost_topk_exact,0.023126132341453776,0.023126132341453998,0.023126132341453998
6,2024-04-24,xgboost_topk_exact,-0.031247927671213538,-0.031247927671213538,-0.031247927671213538
6,2024-04-25,xgboost_topk_exact,0.04939110225808796,0.04939110225808796,0.04939110225808796
6,2024-04-26,xgboost_topk_exact,0.007576886604561794,0.007576886604561794,0.007576886604561794
6,2024-04-29,xgboost_topk_exact,-0.008453367541447099,-0.008453367541447099,-0.008453367541447099
6,2024-04-30,xgboost_topk_exact,0.0,0.0,0.0
6,2024-04-01,adaptive_exact,-0.01455180673202039,-0.018819194070312406,-0.018819194070312406
6,2024-04-02,adaptive_exact,-0.00748790569493718,-0.00748790569493718,-0.00748790569493718
6,2024-04-03,adaptive_exact,0.017843441927588133,0.01784344192758791,0.01784344192758791
6,2024-04-04,adaptive_exact,-0.01781253058128296,-0.01781253058128296,-0.01781253058128296
6,2024-04-05,adaptive_exact,-0.018821929401203974,-0.018821929401204196,-0.018821929401204196
6,2024-04-08,adaptive_exact,-0.019116303268324697,-0.019116303268324586,-0.019116303268324586
6,2024-04-09,adaptive_exact,-0.005426432376715917,-0.005426432376716028,-0.005426432376716028
6,2024-04-10,adaptive_exact,0.014172623594873368,0.014172623594873146,0.014172623594873146
6,2024-04-11,adaptive_exact,-0.017143034601217244,-0.017143034601217244,-0.017143034601217244
6,2024-04-12,adaptive_exact,-0.0005093757009235755,-0.0005093757009234645,-0.0005093757009234645
6,2024-04-15,adaptive_exact,0.0029173253885996786,0.0029173253885994566,0.0029173253885994566
6,2024-04-16,adaptive_exact,-0.0690118215152341,-0.0690118215152341,-0.0690118215152341
6,2024-04-17,adaptive_exact,-0.02441740256337077,-0.02441740256337077,-0.02441740256337077
6,2024-04-18,adaptive_exact,-0.029915403824647524,-0.029915403824647413,-0.029915403824647413
6,2024-04-19,adaptive_exact,0.0,0.0,0.0
6,2024-04-22,adaptive_exact,-0.04474086375859687,-0.044740863758597205,-0.044740863758597205
6,2024-04-23,adaptive_exact,0.023126132341453554,0.023126132341453776,0.023126132341453776
6,2024-04-24,adaptive_exact,-0.031247927671213427,-0.031247927671213427,-0.031247927671213427
6,2024-04-25,adaptive_exact,0.04939110225808796,0.04939110225808796,0.04939110225808796
6,2024-04-26,adaptive_exact,0.0075768866045620165,0.007576886604561794,0.007576886604561794
6,2024-04-29,adaptive_exact,-0.008453367541447099,-0.008453367541447099,-0.008453367541447099
6,2024-04-30,adaptive_exact,0.0,0.0,0.0
6,2024-04-01,xgboost_penalty_qaoa,-0.012030761307694315,-0.016338245847073773,-0.016338245847073773
6,2024-04-02,xgboost_penalty_qaoa,-0.002089337141040426,-0.002089337141040315,-0.002089337141040315
6,2024-04-03,xgboost_penalty_qaoa,0.009540686270199883,0.009540686270199883,0.009540686270199883
6,2024-04-04,xgboost_penalty_qaoa,-0.010546252472595885,-0.010546252472595774,-0.010546252472595774
6,2024-04-05,xgboost_penalty_qaoa,-0.01771452623543135,-0.01771452623543146,-0.01771452623543146
6,2024-04-08,xgboost_penalty_qaoa,-0.020124222927629276,-0.020124222927629165,-0.020124222927629165
6,2024-04-09,xgboost_penalty_qaoa,-0.009235594534622305,-0.009235594534622305,-0.009235594534622305
6,2024-04-10,xgboost_penalty_qaoa,0.009804814709877485,0.009804814709877263,0.009804814709877263
6,2024-04-11,xgboost_penalty_qaoa,-0.010759031162815402,-0.01075903116281507,-0.01075903116281507
6,2024-04-12,xgboost_penalty_qaoa,0.0001698195838466532,0.00016981958384643114,0.00016981958384643114
6,2024-04-15,xgboost_penalty_qaoa,0.0007039704356290866,0.0007039704356290866,0.0007039704356290866
6,2024-04-16,xgboost_penalty_qaoa,-0.06694940857458498,-0.06694940857458487,-0.06694940857458487
6,2024-04-17,xgboost_penalty_qaoa,-0.02037874918044824,-0.020378749180448463,-0.020378749180448463
6,2024-04-18,xgboost_penalty_qaoa,-0.023377220733303394,-0.02337722073330306,-0.02337722073330306
6,2024-04-19,xgboost_penalty_qaoa,0.0,0.0,0.0
6,2024-04-22,xgboost_penalty_qaoa,-0.031098600891091288,-0.03109860089109151,-0.03109860089109151
6,2024-04-23,xgboost_penalty_qaoa,0.006538356741142337,0.006538356741142559,0.006538356741142559
6,2024-04-24,xgboost_penalty_qaoa,-0.016421718125361195,-0.016421718125361195,-0.016421718125361195
6,2024-04-25,xgboost_penalty_qaoa,0.039090034231084037,0.039090034231084037,0.039090034231084037
6,2024-04-26,xgboost_penalty_qaoa,0.001624564881917312,0.00162456488191709,0.00162456488191709
6,2024-04-29,xgboost_penalty_qaoa,-0.005660942547536019,-0.005660942547536019,-0.005660942547536019
6,2024-04-30,xgboost_penalty_qaoa,0.0,0.0,0.0
6,2024-04-01,xgboost_xy_qaoa,-0.01455180673202039,-0.018793310271654318,-0.018793310271654318
6,2024-04-02,xgboost_xy_qaoa,-0.007487905694937069,-0.00748790569493718,-0.00748790569493718
6,2024-04-03,xgboost_xy_qaoa,0.01784344192758791,0.017843441927588133,0.017843441927588133
6,2024-04-04,xgboost_xy_qaoa,-0.01781253058128285,-0.01781253058128307,-0.01781253058128307
6,2024-04-05,xgboost_xy_qaoa,-0.018821929401204085,-0.018821929401203974,-0.018821929401203974
6,2024-04-08,xgboost_xy_qaoa,-0.019116303268324697,-0.019116303268324697,-0.019116303268324697
6,2024-04-09,xgboost_xy_qaoa,-0.005426432376715917,-0.005426432376716028,-0.005426432376716028
6,2024-04-10,xgboost_xy_qaoa,0.014172623594873368,0.014172623594873368,0.014172623594873368
6,2024-04-11,xgboost_xy_qaoa,-0.017143034601217244,-0.017143034601217244,-0.017143034601217244
6,2024-04-12,xgboost_xy_qaoa,-0.0005093757009235755,-0.0005093757009236866,-0.0005093757009236866
6,2024-04-15,xgboost_xy_qaoa,0.0029173253885996786,0.0029173253885994566,0.0029173253885994566
6,2024-04-16,xgboost_xy_qaoa,-0.0690118215152341,-0.069011821515234,-0.069011821515234
6,2024-04-17,xgboost_xy_qaoa,-0.024417402563371104,-0.024417402563371104,-0.024417402563371104
6,2024-04-18,xgboost_xy_qaoa,-0.029915403824647302,-0.029915403824647635,-0.029915403824647635
6,2024-04-19,xgboost_xy_qaoa,0.0,0.0,0.0
6,2024-04-22,xgboost_xy_qaoa,-0.044740863758597205,-0.044740863758597094,-0.044740863758597094
6,2024-04-23,xgboost_xy_qaoa,0.023126132341453776,0.023126132341453776,0.023126132341453776
6,2024-04-24,xgboost_xy_qaoa,-0.031247927671213538,-0.031247927671213427,-0.031247927671213427
6,2024-04-25,xgboost_xy_qaoa,0.04939110225808796,0.04939110225808774,0.04939110225808774
6,2024-04-26,xgboost_xy_qaoa,0.007576886604561794,0.0075768866045620165,0.0075768866045620165
6,2024-04-29,xgboost_xy_qaoa,-0.008453367541447099,-0.00845336754144721,-0.00845336754144721
6,2024-04-30,xgboost_xy_qaoa,0.0,0.0,0.0
6,2024-04-01,adaptive_penalty_qaoa,-0.01455180673202039,-0.018816554635672,-0.018816554635672
6,2024-04-02,adaptive_penalty_qaoa,-0.00748790569493718,-0.00748790569493718,-0.00748790569493718
6,2024-04-03,adaptive_penalty_qaoa,0.017843441927588133,0.017843441927588133,0.017843441927588133
6,2024-04-04,adaptive_penalty_qaoa,-0.01781253058128296,-0.01781253058128307,-0.01781253058128307
6,2024-04-05,adaptive_penalty_qaoa,-0.018821929401203974,-0.018821929401204085,-0.018821929401204085
6,2024-04-08,adaptive_penalty_qaoa,-0.019116303268324697,-0.019116303268324586,-0.019116303268324586
6,2024-04-09,adaptive_penalty_qaoa,-0.005426432376715917,-0.005426432376716139,-0.005426432376716139
6,2024-04-10,adaptive_penalty_qaoa,0.014172623594873368,0.014172623594873368,0.014172623594873368
6,2024-04-11,adaptive_penalty_qaoa,-0.017143034601217244,-0.017143034601217355,-0.017143034601217355
6,2024-04-12,adaptive_penalty_qaoa,-0.0005093757009235755,-0.0005093757009234645,-0.0005093757009234645
6,2024-04-15,adaptive_penalty_qaoa,0.0029173253885996786,0.0029173253885994566,0.0029173253885994566
6,2024-04-16,adaptive_penalty_qaoa,-0.0690118215152341,-0.069011821515234,-0.069011821515234
6,2024-04-17,adaptive_penalty_qaoa,-0.02441740256337077,-0.024417402563370993,-0.024417402563370993
6,2024-04-18,adaptive_penalty_qaoa,-0.029915403824647524,-0.029915403824647302,-0.029915403824647302
6,2024-04-19,adaptive_penalty_qaoa,0.0,0.0,0.0
6,2024-04-22,adaptive_penalty_qaoa,-0.04474086375859687,-0.04474086375859698,-0.04474086375859698
6,2024-04-23,adaptive_penalty_qaoa,0.023126132341453554,0.023126132341453554,0.023126132341453554
6,2024-04-24,adaptive_penalty_qaoa,-0.031247927671213427,-0.031247927671213316,-0.031247927671213316
6,2024-04-25,adaptive_penalty_qaoa,0.04939110225808796,0.04939110225808796,0.04939110225808796
6,2024-04-26,adaptive_penalty_qaoa,0.0075768866045620165,0.007576886604561794,0.007576886604561794
6,2024-04-29,adaptive_penalty_qaoa,-0.008453367541447099,-0.008453367541447099,-0.008453367541447099
6,2024-04-30,adaptive_penalty_qaoa,0.0,0.0,0.0
6,2024-04-01,adaptive_xy_qaoa,-0.01455180673202039,-0.018819194070312406,-0.018819194070312406
6,2024-04-02,adaptive_xy_qaoa,-0.00748790569493718,-0.00748790569493718,-0.00748790569493718
6,2024-04-03,adaptive_xy_qaoa,0.017843441927588133,0.01784344192758791,0.01784344192758791
6,2024-04-04,adaptive_xy_qaoa,-0.01781253058128296,-0.01781253058128296,-0.01781253058128296
6,2024-04-05,adaptive_xy_qaoa,-0.018821929401203974,-0.018821929401204196,-0.018821929401204196
6,2024-04-08,adaptive_xy_qaoa,-0.019116303268324697,-0.019116303268324586,-0.019116303268324586
6,2024-04-09,adaptive_xy_qaoa,-0.005426432376715917,-0.005426432376716028,-0.005426432376716028
6,2024-04-10,adaptive_xy_qaoa,0.014172623594873368,0.014172623594873146,0.014172623594873146
6,2024-04-11,adaptive_xy_qaoa,-0.017143034601217244,-0.017143034601217244,-0.017143034601217244
6,2024-04-12,adaptive_xy_qaoa,-0.0005093757009235755,-0.0005093757009234645,-0.0005093757009234645
6,2024-04-15,adaptive_xy_qaoa,0.0029173253885996786,0.0029173253885994566,0.0029173253885994566
6,2024-04-16,adaptive_xy_qaoa,-0.0690118215152341,-0.0690118215152341,-0.0690118215152341
6,2024-04-17,adaptive_xy_qaoa,-0.02441740256337077,-0.02441740256337077,-0.02441740256337077
6,2024-04-18,adaptive_xy_qaoa,-0.029915403824647524,-0.029915403824647413,-0.029915403824647413
6,2024-04-19,adaptive_xy_qaoa,0.0,0.0,0.0
6,2024-04-22,adaptive_xy_qaoa,-0.04474086375859687,-0.044740863758597205,-0.044740863758597205
6,2024-04-23,adaptive_xy_qaoa,0.023126132341453554,0.023126132341453776,0.023126132341453776
6,2024-04-24,adaptive_xy_qaoa,-0.031247927671213427,-0.031247927671213427,-0.031247927671213427
6,2024-04-25,adaptive_xy_qaoa,0.04939110225808796,0.04939110225808796,0.04939110225808796
6,2024-04-26,adaptive_xy_qaoa,0.0075768866045620165,0.007576886604561794,0.007576886604561794
6,2024-04-29,adaptive_xy_qaoa,-0.008453367541447099,-0.008453367541447099,-0.008453367541447099
6,2024-04-30,adaptive_xy_qaoa,0.0,0.0,0.0
6,2024-04-01,adaptive_simulated_annealing,-0.01455180673202039,-0.018819194070312406,-0.018819194070312406
6,2024-04-02,adaptive_simulated_annealing,-0.00748790569493718,-0.00748790569493718,-0.00748790569493718
6,2024-04-03,adaptive_simulated_annealing,0.017843441927588133,0.01784344192758791,0.01784344192758791
6,2024-04-04,adaptive_simulated_annealing,-0.01781253058128296,-0.01781253058128296,-0.01781253058128296
6,2024-04-05,adaptive_simulated_annealing,-0.018821929401203974,-0.018821929401204196,-0.018821929401204196
6,2024-04-08,adaptive_simulated_annealing,-0.019116303268324697,-0.019116303268324586,-0.019116303268324586
6,2024-04-09,adaptive_simulated_annealing,-0.005426432376715917,-0.005426432376716028,-0.005426432376716028
6,2024-04-10,adaptive_simulated_annealing,0.014172623594873368,0.014172623594873146,0.014172623594873146
6,2024-04-11,adaptive_simulated_annealing,-0.017143034601217244,-0.017143034601217244,-0.017143034601217244
6,2024-04-12,adaptive_simulated_annealing,-0.0005093757009235755,-0.0005093757009234645,-0.0005093757009234645
6,2024-04-15,adaptive_simulated_annealing,0.0029173253885996786,0.0029173253885994566,0.0029173253885994566
6,2024-04-16,adaptive_simulated_annealing,-0.0690118215152341,-0.0690118215152341,-0.0690118215152341
6,2024-04-17,adaptive_simulated_annealing,-0.02441740256337077,-0.02441740256337077,-0.02441740256337077
6,2024-04-18,adaptive_simulated_annealing,-0.029915403824647524,-0.029915403824647413,-0.029915403824647413
6,2024-04-19,adaptive_simulated_annealing,0.0,0.0,0.0
6,2024-04-22,adaptive_simulated_annealing,-0.04474086375859687,-0.044740863758597205,-0.044740863758597205
6,2024-04-23,adaptive_simulated_annealing,0.023126132341453554,0.023126132341453776,0.023126132341453776
6,2024-04-24,adaptive_simulated_annealing,-0.031247927671213427,-0.031247927671213427,-0.031247927671213427
6,2024-04-25,adaptive_simulated_annealing,0.04939110225808796,0.04939110225808796,0.04939110225808796
6,2024-04-26,adaptive_simulated_annealing,0.0075768866045620165,0.007576886604561794,0.007576886604561794
6,2024-04-29,adaptive_simulated_annealing,-0.008453367541447099,-0.008453367541447099,-0.008453367541447099
6,2024-04-30,adaptive_simulated_annealing,0.0,0.0,0.0
6,2024-04-01,equal_weight_universe,-0.0031202662249586455,-0.0033906578766007556,-0.0033906578766007556
6,2024-04-02,equal_weight_universe,-0.00041207897531314597,-0.00041207897531314597,-0.00041207897531314597
6,2024-04-03,equal_weight_universe,0.004548523396334936,0.004548523396335158,0.004548523396335158
6,2024-04-04,equal_weight_universe,-0.006925176635200425,-0.006925176635200647,-0.006925176635200647
6,2024-04-05,equal_weight_universe,-0.0055338500529024115,-0.0055338500529021895,-0.0055338500529021895
6,2024-04-08,equal_weight_universe,-0.010062141323826213,-0.010062141323826324,-0.010062141323826324
6,2024-04-09,equal_weight_universe,-0.008889805053670652,-0.00888980505367054,-0.00888980505367054
6,2024-04-10,equal_weight_universe,0.0066248642459192375,0.0066248642459192375,0.0066248642459192375
6,2024-04-11,equal_weight_universe,-0.0029485311149937132,-0.0029485311149937132,-0.0029485311149937132
6,2024-04-12,equal_weight_universe,-0.0016809535737430936,-0.0016809535737429826,-0.0016809535737429826
6,2024-04-15,equal_weight_universe,0.006401343287176786,0.006401343287176786,0.006401343287176786
6,2024-04-16,equal_weight_universe,-0.04192929876063822,-0.041929298760638334,-0.041929298760638334
6,2024-04-17,equal_weight_universe,-0.008619609700605602,-0.008619609700605602,-0.008619609700605602
6,2024-04-18,equal_weight_universe,-0.008729297243824652,-0.00872929724382454,-0.00872929724382454
6,2024-04-19,equal_weight_universe,0.00014272585587327136,0.0001427258558730493,0.0001427258558730493
6,2024-04-22,equal_weight_universe,-0.020341573383916622,-0.020341573383916622,-0.020341573383916622
6,2024-04-23,equal_weight_universe,0.01458632617528921,0.01458632617528921,0.01458632617528921
6,2024-04-24,equal_weight_universe,-0.00999915706003296,-0.00999915706003296,-0.00999915706003296
6,2024-04-25,equal_weight_universe,0.02227977968798789,0.02227977968798789,0.02227977968798789
6,2024-04-26,equal_weight_universe,-0.001897019892245333,-0.001897019892245222,-0.001897019892245222
6,2024-04-29,equal_weight_universe,0.0010819043475773782,0.0010819043475771561,0.0010819043475771561
6,2024-04-30,equal_weight_universe,0.0,0.0,0.0
6,2024-04-01,markowitz_mean_variance,-0.035970209659435315,-0.04039265402614278,-0.04039265402614278
6,2024-04-02,markowitz_mean_variance,-0.040646545408158485,-0.040646545408158485,-0.040646545408158485
6,2024-04-03,markowitz_mean_variance,0.039215406674449005,0.039215406674449005,0.039215406674449005
6,2024-04-04,markowitz_mean_variance,0.0054753394316076065,0.0054753394316076065,0.0054753394316076065
6,2024-04-05,markowitz_mean_variance,-0.033978248310876036,-0.033978248310875925,-0.033978248310875925
6,2024-04-08,markowitz_mean_variance,-0.019202165769471313,-0.019202165769471202,-0.019202165769471202
6,2024-04-09,markowitz_mean_variance,-0.004967981013732192,-0.004967981013732081,-0.004967981013732081
6,2024-04-10,markowitz_mean_variance,-0.0009224421504043789,-0.000922442150404601,-0.000922442150404601
6,2024-04-11,markowitz_mean_variance,-0.005194860505367993,-0.005194860505367771,-0.005194860505367771
6,2024-04-12,markowitz_mean_variance,-0.020597936021436225,-0.020597936021436447,-0.020597936021436447
6,2024-04-15,markowitz_mean_variance,0.0036193153852586146,0.0036193153852588367,0.0036193153852588367
6,2024-04-16,markowitz_mean_variance,-0.06900464534258188,-0.069004645342582,-0.069004645342582
6,2024-04-17,markowitz_mean_variance,-0.004198925949586596,-0.004198925949586485,-0.004198925949586485
6,2024-04-18,markowitz_mean_variance,-0.01909628217149284,-0.01909628217149284,-0.01909628217149284
6,2024-04-19,markowitz_mean_variance,0.0,0.0,0.0
6,2024-04-22,markowitz_mean_variance,-0.021942876705901226,-0.021942876705901226,-0.021942876705901226
6,2024-04-23,markowitz_mean_variance,0.012623142792649533,0.012623142792649533,0.012623142792649533
6,2024-04-24,markowitz_mean_variance,-0.02592068546356341,-0.025920685463563298,-0.025920685463563298
6,2024-04-25,markowitz_mean_variance,0.033231656636827145,0.033231656636827145,0.033231656636827145
6,2024-04-26,markowitz_mean_variance,-0.0007645971807778151,-0.0007645971807778151,-0.0007645971807778151
6,2024-04-29,markowitz_mean_variance,-0.007035547916111273,-0.007035547916111384,-0.007035547916111384
6,2024-04-30,markowitz_mean_variance,0.0,0.0,0.0
6,2024-04-01,minimum_variance,-0.00017023492432755027,-0.0005634146544364338,-0.0005634146544364338
6,2024-04-02,minimum_variance,-0.004534656319462704,-0.004534656319462815,-0.004534656319462815
6,2024-04-03,minimum_variance,-0.0002905570459630358,-0.00029055704596281373,-0.00029055704596281373
6,2024-04-04,minimum_variance,-0.0035037471897377825,-0.0035037471897377825,-0.0035037471897377825
6,2024-04-05,minimum_variance,0.0011721396475465884,0.0011721396475465884,0.0011721396475465884
6,2024-04-08,minimum_variance,1.1908355609380195e-05,1.190835560915815e-05,1.190835560915815e-05
6,2024-04-09,minimum_variance,0.0007625037800544909,0.0007625037800544909,0.0007625037800544909
6,2024-04-10,minimum_variance,0.0005575676664242302,0.0005575676664244522,0.0005575676664244522
6,2024-04-11,minimum_variance,-0.0007338574653202867,-0.0007338574653205088,-0.0007338574653205088
6,2024-04-12,minimum_variance,-0.0006495348347086427,-0.0006495348347083096,-0.0006495348347083096
6,2024-04-15,minimum_variance,0.0013311196481458065,0.0013311196481455845,0.0013311196481455845
6,2024-04-16,minimum_variance,-0.008202860772153486,-0.008202860772153375,-0.008202860772153375
6,2024-04-17,minimum_variance,0.00042271557815087846,0.0004227155781506564,0.0004227155781506564
6,2024-04-18,minimum_variance,-0.0020153325697922497,-0.0020153325697922497,-0.0020153325697922497
6,2024-04-19,minimum_variance,-0.00017088007602028554,-0.00017088007602028554,-0.00017088007602028554
6,2024-04-22,minimum_variance,-0.012140921959755469,-0.012140921959755357,-0.012140921959755357
6,2024-04-23,minimum_variance,0.0012490707870576045,0.0012490707870576045,0.0012490707870576045
6,2024-04-24,minimum_variance,-0.006025924202730515,-0.006025924202730737,-0.006025924202730737
6,2024-04-25,minimum_variance,0.008383605213383438,0.008383605213383438,0.008383605213383438
6,2024-04-26,minimum_variance,0.0004658227159062278,0.0004658227159062278,0.0004658227159062278
6,2024-04-29,minimum_variance,-0.0014446652133405236,-0.0014446652133403015,-0.0014446652133403015
6,2024-04-30,minimum_variance,0.0,0.0,0.0
7,2024-08-01,full_pipeline_xy_qaoa,-0.014060081548736836,-0.01836600609782224,-0.01836600609782224
7,2024-08-02,full_pipeline_xy_qaoa,-0.038846375812359724,-0.0388463758123595,-0.0388463758123595
7,2024-08-05,full_pipeline_xy_qaoa,0.03576980939936858,0.03576980939936858,0.03576980939936858
7,2024-08-06,full_pipeline_xy_qaoa,-0.058529030345042865,-0.058529030345042865,-0.058529030345042865
7,2024-08-07,full_pipeline_xy_qaoa,0.02227971870466927,0.02227971870466927,0.02227971870466927
7,2024-08-08,full_pipeline_xy_qaoa,0.002706548372083839,0.002706548372083395,0.002706548372083395
7,2024-08-09,full_pipeline_xy_qaoa,-0.001424729977110295,-0.001424729977110184,-0.001424729977110184
7,2024-08-12,full_pipeline_xy_qaoa,0.018716586911427857,0.01871658691142808,0.01871658691142808
7,2024-08-13,full_pipeline_xy_qaoa,0.011822396546979252,0.01182239654697903,0.01182239654697903
7,2024-08-14,full_pipeline_xy_qaoa,-0.006084491485830235,-0.006084491485830235,-0.006084491485830235
7,2024-08-15,full_pipeline_xy_qaoa,-0.017807335540287794,-0.017807335540287683,-0.017807335540287683
7,2024-08-16,full_pipeline_xy_qaoa,-0.01682749265304395,-0.016827492653044063,-0.016827492653044063
7,2024-08-19,full_pipeline_xy_qaoa,0.04875172400855843,0.04875172400855843,0.04875172400855843
7,2024-08-20,full_pipeline_xy_qaoa,0.0209709315943849,0.0209709315943849,0.0209709315943849
7,2024-08-21,full_pipeline_xy_qaoa,0.006814030058863496,0.006814030058863496,0.006814030058863496
7,2024-08-22,full_pipeline_xy_qaoa,0.00043355682985302124,0.0004335568298532433,0.0004335568298532433
7,2024-08-23,full_pipeline_xy_qaoa,-0.004741987978509221,-0.004741987978508999,-0.004741987978508999
7,2024-08-26,full_pipeline_xy_qaoa,0.004895268855031443,0.004895268855031221,0.004895268855031221
7,2024-08-27,full_pipeline_xy_qaoa,-0.013565990338287204,-0.013565990338287204,-0.013565990338287204
7,2024-08-28,full_pipeline_xy_qaoa,-0.003940990832148938,-0.003940990832148716,-0.003940990832148716
7,2024-08-29,full_pipeline_xy_qaoa,-0.0009481335233709753,-0.0009481335233708643,-0.0009481335233708643
7,2024-08-30,full_pipeline_xy_qaoa,-0.0008619538036291896,-0.0008619538036293006,-0.0008619538036293006
7,2024-08-01,equal_weight_candidates,0.006124751863396227,0.0024132813133050934,0.0024132813133050934
7,2024-08-02,equal_weight_candidates,-0.034989343130480854,-0.034989343130480965,-0.034989343130480965
7,2024-08-05,equal_weight_candidates,0.04569616822333611,0.04569616822333589,0.04569616822333589
7,2024-08-06,equal_weight_candidates,-0.05162088550390431,-0.05162088550390409,-0.05162088550390409
7,2024-08-07,equal_weight_candidates,0.034365254747237506,0.034365254747237506,0.034365254747237506
7,2024-08-08,equal_weight_candidates,-0.0028374978216592073,-0.0028374978216592073,-0.0028374978216592073
7,2024-08-09,equal_weight_candidates,-0.018856030188843853,-0.018856030188843964,-0.018856030188843964
7,2024-08-12,equal_weight_candidates,0.014180533034720444,0.014180533034720666,0.014180533034720666
7,2024-08-13,equal_weight_candidates,0.021340604717754896,0.021340604717754896,0.021340604717754896
7,2024-08-14,equal_weight_candidates,-0.0041377542606323425,-0.0041377542606323425,-0.0041377542606323425
7,2024-08-15,equal_weight_candidates,-0.016630917135008194,-0.016630917135008083,-0.016630917135008083
7,2024-08-16,equal_weight_candidates,-0.011568747735449136,-0.011568747735449358,-0.011568747735449358
7,2024-08-19,equal_weight_candidates,0.055516887238826085,0.055516887238826085,0.055516887238826085
7,2024-08-20,equal_weight_candidates,0.010698583566441044,0.010698583566441044,0.010698583566441044
7,2024-08-21,equal_weight_candidates,0.016680987315575546,0.016680987315575546,0.016680987315575546
7,2024-08-22,equal_weight_candidates,6.915054303413548e-05,6.915054303413548e-05,6.915054303413548e-05
7,2024-08-23,equal_weight_candidates,-0.0024300007703066395,-0.0024300007703068616,-0.0024300007703068616
7,2024-08-26,equal_weight_candidates,0.003734521018974979,0.003734521018975201,0.003734521018975201
7,2024-08-27,equal_weight_candidates,-0.013744898964401897,-0.013744898964401786,-0.013744898964401786
7,2024-08-28,equal_weight_candidates,-0.0070249599449799804,-0.007024959944979869,-0.007024959944979869
7,2024-08-29,equal_weight_candidates,0.003840727304929903,0.003840727304929681,0.003840727304929681
7,2024-08-30,equal_weight_candidates,0.001900775711092928,0.001900775711092706,0.001900775711092706
7,2024-08-01,liquidity_topk_exact,0.0027820481914324624,-0.0008544513414406874,-0.0008544513414406874
7,2024-08-02,liquidity_topk_exact,-0.03350515024844192,-0.033505150248441806,-0.033505150248441806
7,2024-08-05,liquidity_topk_exact,0.004199704673321092,0.004199704673321092,0.004199704673321092
7,2024-08-06,liquidity_topk_exact,-0.03326933544834665,-0.03326933544834665,-0.03326933544834665
7,2024-08-07,liquidity_topk_exact,0.017477511486490016,0.017477511486489794,0.017477511486489794
7,2024-08-08,liquidity_topk_exact,0.0030644966355088954,0.0030644966355088954,0.0030644966355088954
7,2024-08-09,liquidity_topk_exact,-0.006722676406367478,-0.006722676406367589,-0.006722676406367589
7,2024-08-12,liquidity_topk_exact,0.03551785942597019,0.03551785942597041,0.03551785942597041
7,2024-08-13,liquidity_topk_exact,0.017155185530080663,0.01715518553008044,0.01715518553008044
7,2024-08-14,liquidity_topk_exact,-0.002242337643528769,-0.002242337643528769,-0.002242337643528769
7,2024-08-15,liquidity_topk_exact,-0.004197878886354256,-0.004197878886354478,-0.004197878886354478
7,2024-08-16,liquidity_topk_exact,-0.007184400898227472,-0.007184400898227472,-0.007184400898227472
7,2024-08-19,liquidity_topk_exact,0.029102310571312406,0.029102310571312184,0.029102310571312184
7,2024-08-20,liquidity_topk_exact,-0.00030643730905455246,-0.00030643730905455246,-0.00030643730905455246
7,2024-08-21,liquidity_topk_exact,0.007824872887593148,0.007824872887593148,0.007824872887593148
7,2024-08-22,liquidity_topk_exact,0.014954566880027276,0.014954566880027498,0.014954566880027498
7,2024-08-23,liquidity_topk_exact,-0.003971612638520083,-0.003971612638520083,-0.003971612638520083
7,2024-08-26,liquidity_topk_exact,0.00025173658607147154,0.0002517365860712495,0.0002517365860712495
7,2024-08-27,liquidity_topk_exact,-0.0069949839421683535,-0.0069949839421681315,-0.0069949839421681315
7,2024-08-28,liquidity_topk_exact,0.002237755228889915,0.002237755228889915,0.002237755228889915
7,2024-08-29,liquidity_topk_exact,0.005137053012155723,0.005137053012155501,0.005137053012155501
7,2024-08-30,liquidity_topk_exact,0.0034280694095130126,0.0034280694095130126,0.0034280694095130126
7,2024-08-01,ewma_topk_exact,-0.04119334840857203,-0.045597520938588376,-0.045597520938588376
7,2024-08-02,ewma_topk_exact,-0.0058436062791149546,-0.0058436062791149546,-0.0058436062791149546
7,2024-08-05,ewma_topk_exact,0.022435336527196537,0.022435336527196537,0.022435336527196537
7,2024-08-06,ewma_topk_exact,-0.06312315747191066,-0.06312315747191066,-0.06312315747191066
7,2024-08-07,ewma_topk_exact,-0.0021227058625232775,-0.0021227058625232775,-0.0021227058625232775
7,2024-08-08,ewma_topk_exact,0.020715979610310242,0.020715979610310464,0.020715979610310464
7,2024-08-09,ewma_topk_exact,-0.030587549503517386,-0.030587549503517497,-0.030587549503517497
7,2024-08-12,ewma_topk_exact,-0.0023689430740257977,-0.0023689430740257977,-0.0023689430740257977
7,2024-08-13,ewma_topk_exact,0.028736605163564688,0.028736605163564688,0.028736605163564688
7,2024-08-14,ewma_topk_exact,0.0566866136097961,0.0566866136097961,0.0566866136097961
7,2024-08-15,ewma_topk_exact,-0.016846457519856584,-0.016846457519856584,-0.016846457519856584
7,2024-08-16,ewma_topk_exact,-0.021739885189421604,-0.021739885189421382,-0.021739885189421382
7,2024-08-19,ewma_topk_exact,0.017372730198270903,0.01737273019827068,0.01737273019827068
7,2024-08-20,ewma_topk_exact,0.011869476210665475,0.011869476210665475,0.011869476210665475
7,2024-08-21,ewma_topk_exact,-0.008604452641403415,-0.008604452641403304,-0.008604452641403304
7,2024-08-22,ewma_topk_exact,0.021181044475857558,0.021181044475857558,0.021181044475857558
7,2024-08-23,ewma_topk_exact,-0.019294108945275834,-0.019294108945275945,-0.019294108945275945
7,2024-08-26,ewma_topk_exact,-0.013347105967361106,-0.013347105967361106,-0.013347105967361106
7,2024-08-27,ewma_topk_exact,-0.015459717372307225,-0.015459717372307114,-0.015459717372307114
7,2024-08-28,ewma_topk_exact,0.016368133202036228,0.016368133202036006,0.016368133202036006
7,2024-08-29,ewma_topk_exact,-0.00177571906508045,-0.001775719065080339,-0.001775719065080339
7,2024-08-30,ewma_topk_exact,0.0011138595388173744,0.0011138595388171524,0.0011138595388171524
7,2024-08-01,xgboost_topk_exact,-0.012695310242162638,-0.01703233735945031,-0.01703233735945031
7,2024-08-02,xgboost_topk_exact,-0.057418429860166875,-0.057418429860166875,-0.057418429860166875
7,2024-08-05,xgboost_topk_exact,0.03255805091518971,0.032558050915189485,0.032558050915189485
7,2024-08-06,xgboost_topk_exact,-0.056179900578013586,-0.056179900578013475,-0.056179900578013475
7,2024-08-07,xgboost_topk_exact,0.024537369262679576,0.024537369262679576,0.024537369262679576
7,2024-08-08,xgboost_topk_exact,0.0037678234968971935,0.0037678234968971935,0.0037678234968971935
7,2024-08-09,xgboost_topk_exact,-0.001745441927881397,-0.001745441927881397,-0.001745441927881397
7,2024-08-12,xgboost_topk_exact,0.02327943765549878,0.02327943765549878,0.02327943765549878
7,2024-08-13,xgboost_topk_exact,0.01281819801816475,0.012818198018164528,0.012818198018164528
7,2024-08-14,xgboost_topk_exact,-0.008593493336838343,-0.008593493336838232,-0.008593493336838232
7,2024-08-15,xgboost_topk_exact,-0.014682872654994572,-0.014682872654994683,-0.014682872654994683
7,2024-08-16,xgboost_topk_exact,-0.01858830581531068,-0.01858830581531068,-0.01858830581531068
7,2024-08-19,xgboost_topk_exact,0.059809772223066604,0.059809772223066604,0.059809772223066604
7,2024-08-20,xgboost_topk_exact,0.013563129886779768,0.01356312988677999,0.01356312988677999
7,2024-08-21,xgboost_topk_exact,0.011873094471821943,0.011873094471821721,0.011873094471821721
7,2024-08-22,xgboost_topk_exact,0.0009508639417465936,0.0009508639417463716,0.0009508639417463716
7,2024-08-23,xgboost_topk_exact,-0.0009887366196981162,-0.0009887366196978942,-0.0009887366196978942
7,2024-08-26,xgboost_topk_exact,0.0064841929248147245,0.0064841929248147245,0.0064841929248147245
7,2024-08-27,xgboost_topk_exact,-0.011837518803636482,-0.011837518803636482,-0.011837518803636482
7,2024-08-28,xgboost_topk_exact,-0.009175826262588282,-0.009175826262588282,-0.009175826262588282
7,2024-08-29,xgboost_topk_exact,-0.005440897424742519,-0.005440897424742519,-0.005440897424742519
7,2024-08-30,xgboost_topk_exact,-0.004391620217084613,-0.004391620217084613,-0.004391620217084613
7,2024-08-01,adaptive_exact,-0.012695310242162638,-0.01703233735945031,-0.01703233735945031
7,2024-08-02,adaptive_exact,-0.057418429860166875,-0.057418429860166875,-0.057418429860166875
7,2024-08-05,adaptive_exact,0.03255805091518971,0.032558050915189485,0.032558050915189485
7,2024-08-06,adaptive_exact,-0.056179900578013586,-0.056179900578013475,-0.056179900578013475
7,2024-08-07,adaptive_exact,0.024537369262679576,0.024537369262679576,0.024537369262679576
7,2024-08-08,adaptive_exact,0.0037678234968971935,0.0037678234968971935,0.0037678234968971935
7,2024-08-09,adaptive_exact,-0.001745441927881397,-0.001745441927881397,-0.001745441927881397
7,2024-08-12,adaptive_exact,0.02327943765549878,0.02327943765549878,0.02327943765549878
7,2024-08-13,adaptive_exact,0.01281819801816475,0.012818198018164528,0.012818198018164528
7,2024-08-14,adaptive_exact,-0.008593493336838343,-0.008593493336838232,-0.008593493336838232
7,2024-08-15,adaptive_exact,-0.014682872654994572,-0.014682872654994683,-0.014682872654994683
7,2024-08-16,adaptive_exact,-0.01858830581531068,-0.01858830581531068,-0.01858830581531068
7,2024-08-19,adaptive_exact,0.059809772223066604,0.059809772223066604,0.059809772223066604
7,2024-08-20,adaptive_exact,0.013563129886779768,0.01356312988677999,0.01356312988677999
7,2024-08-21,adaptive_exact,0.011873094471821943,0.011873094471821721,0.011873094471821721
7,2024-08-22,adaptive_exact,0.0009508639417465936,0.0009508639417463716,0.0009508639417463716
7,2024-08-23,adaptive_exact,-0.0009887366196981162,-0.0009887366196978942,-0.0009887366196978942
7,2024-08-26,adaptive_exact,0.0064841929248147245,0.0064841929248147245,0.0064841929248147245
7,2024-08-27,adaptive_exact,-0.011837518803636482,-0.011837518803636482,-0.011837518803636482
7,2024-08-28,adaptive_exact,-0.009175826262588282,-0.009175826262588282,-0.009175826262588282
7,2024-08-29,adaptive_exact,-0.005440897424742519,-0.005440897424742519,-0.005440897424742519
7,2024-08-30,adaptive_exact,-0.004391620217084613,-0.004391620217084613,-0.004391620217084613
7,2024-08-01,xgboost_penalty_qaoa,-0.014060081514246647,-0.018356533250908136,-0.018356533250908136
7,2024-08-02,xgboost_penalty_qaoa,-0.038846375896261165,-0.038846375896261165,-0.038846375896261165
7,2024-08-05,xgboost_penalty_qaoa,0.035769809460343804,0.035769809460343804,0.035769809460343804
7,2024-08-06,xgboost_penalty_qaoa,-0.058529030329597775,-0.058529030329598,-0.058529030329598
7,2024-08-07,xgboost_penalty_qaoa,0.022279718752528543,0.022279718752528765,0.022279718752528765
7,2024-08-08,xgboost_penalty_qaoa,0.0027065482887347336,0.0027065482887345116,0.0027065482887345116
7,2024-08-09,xgboost_penalty_qaoa,-0.0014247298227946237,-0.0014247298227946237,-0.0014247298227946237
7,2024-08-12,xgboost_penalty_qaoa,0.018716586984731,0.018716586984731,0.018716586984731
7,2024-08-13,xgboost_penalty_qaoa,0.011822396480722253,0.011822396480722253,0.011822396480722253
7,2024-08-14,xgboost_penalty_qaoa,-0.006084491392007396,-0.006084491392007285,-0.006084491392007285
7,2024-08-15,xgboost_penalty_qaoa,-0.017807335625781295,-0.017807335625781295,-0.017807335625781295
7,2024-08-16,xgboost_penalty_qaoa,-0.01682749283845353,-0.01682749283845364,-0.01682749283845364
7,2024-08-19,xgboost_penalty_qaoa,0.048751723934112645,0.04875172393411287,0.04875172393411287
7,2024-08-20,xgboost_penalty_qaoa,0.020970931694426875,0.020970931694427097,0.020970931694427097
7,2024-08-21,xgboost_penalty_qaoa,0.006814029955049872,0.006814029955049872,0.006814029955049872
7,2024-08-22,xgboost_penalty_qaoa,0.0004335569347966306,0.00043355693479685264,0.00043355693479685264
7,2024-08-23,xgboost_penalty_qaoa,-0.004741987960523164,-0.004741987960523275,-0.004741987960523275
7,2024-08-26,xgboost_penalty_qaoa,0.0048952689305172825,0.0048952689305172825,0.0048952689305172825
7,2024-08-27,xgboost_penalty_qaoa,-0.013565990447083065,-0.013565990447083065,-0.013565990447083065
7,2024-08-28,xgboost_penalty_qaoa,-0.003940990842873915,-0.003940990842873915,-0.003940990842873915
7,2024-08-29,xgboost_penalty_qaoa,-0.0009481335660290746,-0.0009481335660288526,-0.0009481335660288526
7,2024-08-30,xgboost_penalty_qaoa,-0.0008619537852315728,-0.0008619537852316839,-0.0008619537852316839
7,2024-08-01,xgboost_xy_qaoa,-0.012695310242162638,-0.01703233735945031,-0.01703233735945031
7,2024-08-02,xgboost_xy_qaoa,-0.057418429860166875,-0.057418429860166875,-0.057418429860166875
7,2024-08-05,xgboost_xy_qaoa,0.03255805091518971,0.032558050915189485,0.032558050915189485
7,2024-08-06,xgboost_xy_qaoa,-0.056179900578013586,-0.056179900578013475,-0.056179900578013475
7,2024-08-07,xgboost_xy_qaoa,0.024537369262679576,0.024537369262679576,0.024537369262679576
7,2024-08-08,xgboost_xy_qaoa,0.0037678234968971935,0.0037678234968971935,0.0037678234968971935
7,2024-08-09,xgboost_xy_qaoa,-0.001745441927881397,-0.001745441927881397,-0.001745441927881397
7,2024-08-12,xgboost_xy_qaoa,0.02327943765549878,0.02327943765549878,0.02327943765549878
7,2024-08-13,xgboost_xy_qaoa,0.01281819801816475,0.012818198018164528,0.012818198018164528
7,2024-08-14,xgboost_xy_qaoa,-0.008593493336838343,-0.008593493336838232,-0.008593493336838232
7,2024-08-15,xgboost_xy_qaoa,-0.014682872654994572,-0.014682872654994683,-0.014682872654994683
7,2024-08-16,xgboost_xy_qaoa,-0.01858830581531068,-0.01858830581531068,-0.01858830581531068
7,2024-08-19,xgboost_xy_qaoa,0.059809772223066604,0.059809772223066604,0.059809772223066604
7,2024-08-20,xgboost_xy_qaoa,0.013563129886779768,0.01356312988677999,0.01356312988677999
7,2024-08-21,xgboost_xy_qaoa,0.011873094471821943,0.011873094471821721,0.011873094471821721
7,2024-08-22,xgboost_xy_qaoa,0.0009508639417465936,0.0009508639417463716,0.0009508639417463716
7,2024-08-23,xgboost_xy_qaoa,-0.0009887366196981162,-0.0009887366196978942,-0.0009887366196978942
7,2024-08-26,xgboost_xy_qaoa,0.0064841929248147245,0.0064841929248147245,0.0064841929248147245
7,2024-08-27,xgboost_xy_qaoa,-0.011837518803636482,-0.011837518803636482,-0.011837518803636482
7,2024-08-28,xgboost_xy_qaoa,-0.009175826262588282,-0.009175826262588282,-0.009175826262588282
7,2024-08-29,xgboost_xy_qaoa,-0.005440897424742519,-0.005440897424742519,-0.005440897424742519
7,2024-08-30,xgboost_xy_qaoa,-0.004391620217084613,-0.004391620217084613,-0.004391620217084613
7,2024-08-01,adaptive_penalty_qaoa,-0.022590999553503965,-0.02688867666156658,-0.02688867666156658
7,2024-08-02,adaptive_penalty_qaoa,-0.0508214163155718,-0.05082141631557169,-0.05082141631557169
7,2024-08-05,adaptive_penalty_qaoa,0.0327837110411513,0.0327837110411513,0.0327837110411513
7,2024-08-06,adaptive_penalty_qaoa,-0.06576817511671562,-0.06576817511671573,-0.06576817511671573
7,2024-08-07,adaptive_penalty_qaoa,0.026345894833434302,0.026345894833434524,0.026345894833434524
7,2024-08-08,adaptive_penalty_qaoa,0.002704045946370748,0.002704045946370748,0.002704045946370748
7,2024-08-09,adaptive_penalty_qaoa,-0.009354408685252835,-0.009354408685252946,-0.009354408685252946
7,2024-08-12,adaptive_penalty_qaoa,0.010403297725318561,0.010403297725318561,0.010403297725318561
7,2024-08-13,adaptive_penalty_qaoa,0.0206316134551483,0.0206316134551483,0.0206316134551483
7,2024-08-14,adaptive_penalty_qaoa,-0.0035984203674118698,-0.003598420367412092,-0.003598420367412092
7,2024-08-15,adaptive_penalty_qaoa,-0.014722488734481343,-0.014722488734481343,-0.014722488734481343
7,2024-08-16,adaptive_penalty_qaoa,-0.017689089075985653,-0.017689089075985542,-0.017689089075985542
7,2024-08-19,adaptive_penalty_qaoa,0.05770521982898269,0.05770521982898269,0.05770521982898269
7,2024-08-20,adaptive_penalty_qaoa,0.009884670792820183,0.00988467079281996,0.00988467079281996
7,2024-08-21,adaptive_penalty_qaoa,0.016551684039509462,0.016551684039509684,0.016551684039509684
7,2024-08-22,adaptive_penalty_qaoa,-0.0007314193458595186,-0.0007314193458595186,-0.0007314193458595186
7,2024-08-23,adaptive_penalty_qaoa,-0.0007672702824242927,-0.0007672702824242927,-0.0007672702824242927
7,2024-08-26,adaptive_penalty_qaoa,0.0025520198780750736,0.0025520198780748515,0.0025520198780748515
7,2024-08-27,adaptive_penalty_qaoa,-0.015200991576846623,-0.015200991576846734,-0.015200991576846734
7,2024-08-28,adaptive_penalty_qaoa,-0.011530604896727303,-0.011530604896727303,-0.011530604896727303
7,2024-08-29,adaptive_penalty_qaoa,-5.978179461019195e-05,-5.978179461019195e-05,-5.978179461019195e-05
7,2024-08-30,adaptive_penalty_qaoa,-0.0033585657510020184,-0.0033585657510020184,-0.0033585657510020184
7,2024-08-01,adaptive_xy_qaoa,0.011215989192055353,0.006774436941930695,0.006774436941930695
7,2024-08-02,adaptive_xy_qaoa,-0.04879607018069154,-0.04879607018069165,-0.04879607018069165
7,2024-08-05,adaptive_xy_qaoa,0.027654161595203952,0.027654161595203952,0.027654161595203952
7,2024-08-06,adaptive_xy_qaoa,-0.06385465805445079,-0.06385465805445079,-0.06385465805445079
7,2024-08-07,adaptive_xy_qaoa,0.020412523209289324,0.020412523209289324,0.020412523209289324
7,2024-08-08,adaptive_xy_qaoa,0.005789336493735808,0.005789336493735808,0.005789336493735808
7,2024-08-09,adaptive_xy_qaoa,0.00266109711831497,0.00266109711831497,0.00266109711831497
7,2024-08-12,adaptive_xy_qaoa,0.022156468347994673,0.022156468347994673,0.022156468347994673
7,2024-08-13,adaptive_xy_qaoa,0.012077470401906654,0.012077470401906654,0.012077470401906654
7,2024-08-14,adaptive_xy_qaoa,-0.008713626322606083,-0.008713626322606083,-0.008713626322606083
7,2024-08-15,adaptive_xy_qaoa,-0.017748682638425106,-0.017748682638425217,-0.017748682638425217
7,2024-08-16,adaptive_xy_qaoa,-0.015176023091236779,-0.015176023091236668,-0.015176023091236668
7,2024-08-19,adaptive_xy_qaoa,0.059233106584094086,0.059233106584094086,0.059233106584094086
7,2024-08-20,adaptive_xy_qaoa,0.013529812119366325,0.013529812119366325,0.013529812119366325
7,2024-08-21,adaptive_xy_qaoa,0.009937757795378532,0.009937757795378532,0.009937757795378532
7,2024-08-22,adaptive_xy_qaoa,0.002562945854583276,0.002562945854583054,0.002562945854583054
7,2024-08-23,adaptive_xy_qaoa,-0.001913954902272419,-0.001913954902272308,-0.001913954902272308
7,2024-08-26,adaptive_xy_qaoa,0.0048423365843626165,0.0048423365843626165,0.0048423365843626165
7,2024-08-27,adaptive_xy_qaoa,-0.01075065049493884,-0.010750650494938507,-0.010750650494938507
7,2024-08-28,adaptive_xy_qaoa,-0.012766776311590289,-0.0127667763115904,-0.0127667763115904
7,2024-08-29,adaptive_xy_qaoa,-0.0021524096776270873,-0.0021524096776270873,-0.0021524096776270873
7,2024-08-30,adaptive_xy_qaoa,-0.0024699648378634365,-0.0024699648378636585,-0.0024699648378636585
7,2024-08-01,adaptive_simulated_annealing,-0.012695310242162638,-0.01703233735945031,-0.01703233735945031
7,2024-08-02,adaptive_simulated_annealing,-0.057418429860166875,-0.057418429860166875,-0.057418429860166875
7,2024-08-05,adaptive_simulated_annealing,0.03255805091518971,0.032558050915189485,0.032558050915189485
7,2024-08-06,adaptive_simulated_annealing,-0.056179900578013586,-0.056179900578013475,-0.056179900578013475
7,2024-08-07,adaptive_simulated_annealing,0.024537369262679576,0.024537369262679576,0.024537369262679576
7,2024-08-08,adaptive_simulated_annealing,0.0037678234968971935,0.0037678234968971935,0.0037678234968971935
7,2024-08-09,adaptive_simulated_annealing,-0.001745441927881397,-0.001745441927881397,-0.001745441927881397
7,2024-08-12,adaptive_simulated_annealing,0.02327943765549878,0.02327943765549878,0.02327943765549878
7,2024-08-13,adaptive_simulated_annealing,0.01281819801816475,0.012818198018164528,0.012818198018164528
7,2024-08-14,adaptive_simulated_annealing,-0.008593493336838343,-0.008593493336838232,-0.008593493336838232
7,2024-08-15,adaptive_simulated_annealing,-0.014682872654994572,-0.014682872654994683,-0.014682872654994683
7,2024-08-16,adaptive_simulated_annealing,-0.01858830581531068,-0.01858830581531068,-0.01858830581531068
7,2024-08-19,adaptive_simulated_annealing,0.059809772223066604,0.059809772223066604,0.059809772223066604
7,2024-08-20,adaptive_simulated_annealing,0.013563129886779768,0.01356312988677999,0.01356312988677999
7,2024-08-21,adaptive_simulated_annealing,0.011873094471821943,0.011873094471821721,0.011873094471821721
7,2024-08-22,adaptive_simulated_annealing,0.0009508639417465936,0.0009508639417463716,0.0009508639417463716
7,2024-08-23,adaptive_simulated_annealing,-0.0009887366196981162,-0.0009887366196978942,-0.0009887366196978942
7,2024-08-26,adaptive_simulated_annealing,0.0064841929248147245,0.0064841929248147245,0.0064841929248147245
7,2024-08-27,adaptive_simulated_annealing,-0.011837518803636482,-0.011837518803636482,-0.011837518803636482
7,2024-08-28,adaptive_simulated_annealing,-0.009175826262588282,-0.009175826262588282,-0.009175826262588282
7,2024-08-29,adaptive_simulated_annealing,-0.005440897424742519,-0.005440897424742519,-0.005440897424742519
7,2024-08-30,adaptive_simulated_annealing,-0.004391620217084613,-0.004391620217084613,-0.004391620217084613
7,2024-08-01,equal_weight_universe,-0.0019575271138041472,-0.0022482321604853084,-0.0022482321604853084
7,2024-08-02,equal_weight_universe,-0.027141241786683423,-0.027141241786683423,-0.027141241786683423
7,2024-08-05,equal_weight_universe,0.0074631952321548845,0.0074631952321548845,0.0074631952321548845
7,2024-08-06,equal_weight_universe,-0.04245670467119278,-0.04245670467119289,-0.04245670467119289
7,2024-08-07,equal_weight_universe,0.018861038636148963,0.018861038636148963,0.018861038636148963
7,2024-08-08,equal_weight_universe,0.0043415432816034105,0.0043415432816034105,0.0043415432816034105
7,2024-08-09,equal_weight_universe,-0.0033533643749327213,-0.0033533643749326103,-0.0033533643749326103
7,2024-08-12,equal_weight_universe,0.009780450631857507,0.009780450631857507,0.009780450631857507
7,2024-08-13,equal_weight_universe,0.003853386976930384,0.003853386976930384,0.003853386976930384
7,2024-08-14,equal_weight_universe,-0.0004632992066754271,-0.0004632992066754271,-0.0004632992066754271
7,2024-08-15,equal_weight_universe,-0.0027178080166536667,-0.0027178080166537777,-0.0027178080166537777
7,2024-08-16,equal_weight_universe,-0.005085391695566099,-0.005085391695565877,-0.005085391695565877
7,2024-08-19,equal_weight_universe,0.02591088571052569,0.02591088571052569,0.02591088571052569
7,2024-08-20,equal_weight_universe,0.005474531714197317,0.005474531714197317,0.005474531714197317
7,2024-08-21,equal_weight_universe,0.0063361705468125695,0.0063361705468125695,0.0063361705468125695
7,2024-08-22,equal_weight_universe,0.0026973642177123835,0.0026973642177123835,0.0026973642177123835
7,2024-08-23,equal_weight_universe,-0.0001367160313033855,-0.0001367160313033855,-0.0001367160313033855
7,2024-08-26,equal_weight_universe,-5.508473304915995e-05,-5.508473304927097e-05,-5.508473304927097e-05
7,2024-08-27,equal_weight_universe,-0.0045474717545391785,-0.0045474717545389565,-0.0045474717545389565
7,2024-08-28,equal_weight_universe,-0.0005078279072945335,-0.0005078279072946446,-0.0005078279072946446
7,2024-08-29,equal_weight_universe,-0.0006532094536658706,-0.0006532094536659816,-0.0006532094536659816
7,2024-08-30,equal_weight_universe,-0.0020291713797796485,-0.0020291713797794264,-0.0020291713797794264
7,2024-08-01,markowitz_mean_variance,-0.04283607230733111,-0.047232699166426584,-0.047232699166426584
7,2024-08-02,markowitz_mean_variance,-0.005861693834321446,-0.0058616938343217795,-0.0058616938343217795
7,2024-08-05,markowitz_mean_variance,0.02871337308968802,0.028713373089688243,0.028713373089688243
7,2024-08-06,markowitz_mean_variance,-0.0696712580922928,-0.0696712580922928,-0.0696712580922928
7,2024-08-07,markowitz_mean_variance,0.00399254883317357,0.00399254883317357,0.00399254883317357
7,2024-08-08,markowitz_mean_variance,0.019514462209258454,0.019514462209258676,0.019514462209258676
7,2024-08-09,markowitz_mean_variance,-0.03640051564059943,-0.03640051564059965,-0.03640051564059965
7,2024-08-12,markowitz_mean_variance,0.007916170969650471,0.007916170969650471,0.007916170969650471
7,2024-08-13,markowitz_mean_variance,0.035626487659460526,0.035626487659460526,0.035626487659460526
7,2024-08-14,markowitz_mean_variance,0.045907685676904064,0.045907685676904064,0.045907685676904064
7,2024-08-15,markowitz_mean_variance,-0.01808949743175481,-0.01808949743175481,-0.01808949743175481
7,2024-08-16,markowitz_mean_variance,-0.027912025784209704,-0.027912025784209593,-0.027912025784209593
7,2024-08-19,markowitz_mean_variance,0.028924769255176397,0.028924769255176175,0.028924769255176175
7,2024-08-20,markowitz_mean_variance,0.005696397128149178,0.005696397128149178,0.005696397128149178
7,2024-08-21,markowitz_mean_variance,-0.008157182609659253,-0.008157182609659253,-0.008157182609659253
7,2024-08-22,markowitz_mean_variance,0.023737285813122178,0.023737285813122178,0.023737285813122178
7,2024-08-23,markowitz_mean_variance,-0.019619935139789546,-0.019619935139789657,-0.019619935139789657
7,2024-08-26,markowitz_mean_variance,-0.014076016570196637,-0.014076016570196637,-0.014076016570196637
7,2024-08-27,markowitz_mean_variance,-0.01666787674453063,-0.01666787674453074,-0.01666787674453074
7,2024-08-28,markowitz_mean_variance,0.017220780727571716,0.017220780727571716,0.017220780727571716
7,2024-08-29,markowitz_mean_variance,-0.002222904658355729,-0.00222290465835584,-0.00222290465835584
7,2024-08-30,markowitz_mean_variance,-0.0030379894829153375,-0.0030379894829153375,-0.0030379894829153375
7,2024-08-01,minimum_variance,0.0019177744069682756,0.00158953744257051,0.00158953744257051
7,2024-08-02,minimum_variance,-0.012212256169274016,-0.012212256169274127,-0.012212256169274127
7,2024-08-05,minimum_variance,-0.003833092838016472,-0.003833092838016694,-0.003833092838016694
7,2024-08-06,minimum_variance,-0.011906336742788293,-0.011906336742787849,-0.011906336742787849
7,2024-08-07,minimum_variance,-0.0027060766224801247,-0.0027060766224804578,-0.0027060766224804578
7,2024-08-08,minimum_variance,-0.004680131699111745,-0.004680131699112078,-0.004680131699112078
7,2024-08-09,minimum_variance,-0.00016622872400928745,-0.0001662287240090654,-0.0001662287240090654
7,2024-08-12,minimum_variance,-0.00017649542848652278,-0.0001764954284866338,-0.0001764954284866338
7,2024-08-13,minimum_variance,0.0043579387153991345,0.0043579387153993565,0.0043579387153993565
7,2024-08-14,minimum_variance,-0.0003790136622883189,-0.0003790136622882079,-0.0003790136622882079
7,2024-08-15,minimum_variance,-0.0002831668597312875,-0.0002831668597316206,-0.0002831668597316206
7,2024-08-16,minimum_variance,0.0001957661750418005,0.0001957661750418005,0.0001957661750418005
7,2024-08-19,minimum_variance,0.006726673895497415,0.006726673895497637,0.006726673895497637
7,2024-08-20,minimum_variance,0.0023075839400850118,0.0023075839400847897,0.0023075839400847897
7,2024-08-21,minimum_variance,0.0029109636544137896,0.0029109636544135675,0.0029109636544135675
7,2024-08-22,minimum_variance,-0.001335911298679937,-0.001335911298679937,-0.001335911298679937
7,2024-08-23,minimum_variance,0.0010218458791813045,0.0010218458791815266,0.0010218458791815266
7,2024-08-26,minimum_variance,0.0025887348692616996,0.0025887348692614776,0.0025887348692614776
7,2024-08-27,minimum_variance,-0.0009587851672726577,-0.0009587851672724357,-0.0009587851672724357
7,2024-08-28,minimum_variance,0.0019093108597230124,0.0019093108597225683,0.0019093108597225683
7,2024-08-29,minimum_variance,0.005357912267878628,0.005357912267878406,0.005357912267878406
7,2024-08-30,minimum_variance,-0.001455807712419488,-0.001455807712419599,-0.001455807712419599
8,2024-12-02,full_pipeline_xy_qaoa,0.008937651372801891,0.004600596748633334,0.004600596748633334
8,2024-12-03,full_pipeline_xy_qaoa,0.00962544756384176,0.00962544756384176,0.00962544756384176
8,2024-12-04,full_pipeline_xy_qaoa,0.00021074483582017578,0.00021074483582039782,0.00021074483582039782
8,2024-12-05,full_pipeline_xy_qaoa,-0.0020689809623497535,-0.0020689809623498645,-0.0020689809623498645
8,2024-12-06,full_pipeline_xy_qaoa,0.011575742529066124,0.011575742529065902,0.011575742529065902
8,2024-12-09,full_pipeline_xy_qaoa,-0.0018599095848204072,-0.0018599095848202962,-0.0018599095848202962
8,2024-12-10,full_pipeline_xy_qaoa,0.0017742893225363154,0.0017742893225363154,0.0017742893225363154
8,2024-12-11,full_pipeline_xy_qaoa,-0.003909787547085264,-0.003909787547085153,-0.003909787547085153
8,2024-12-12,full_pipeline_xy_qaoa,-0.008276336045998867,-0.008276336045998978,-0.008276336045998978
8,2024-12-13,full_pipeline_xy_qaoa,-0.002783555143503036,-0.002783555143503036,-0.002783555143503036
8,2024-12-16,full_pipeline_xy_qaoa,-0.0011404724859191973,-0.0011404724859191973,-0.0011404724859191973
8,2024-12-17,full_pipeline_xy_qaoa,0.0022238759308426115,0.0022238759308423894,0.0022238759308423894
8,2024-12-18,full_pipeline_xy_qaoa,-0.0006659488017362047,-0.0006659488017360937,-0.0006659488017360937
8,2024-12-19,full_pipeline_xy_qaoa,-0.023128410578569514,-0.023128410578569514,-0.023128410578569514
8,2024-12-20,full_pipeline_xy_qaoa,-0.007494367280742376,-0.007494367280742487,-0.007494367280742487
8,2024-12-23,full_pipeline_xy_qaoa,-0.007603245238241296,-0.007603245238241407,-0.007603245238241407
8,2024-12-24,full_pipeline_xy_qaoa,0.00620591574181284,0.006205915741813062,0.006205915741813062
8,2024-12-25,full_pipeline_xy_qaoa,0.007746024734435197,0.007746024734435197,0.007746024734435197
8,2024-12-26,full_pipeline_xy_qaoa,0.0036290063502570913,0.0036290063502570913,0.0036290063502570913
8,2024-12-27,full_pipeline_xy_qaoa,0.002864008794470463,0.002864008794470685,0.002864008794470685
8,2024-12-30,full_pipeline_xy_qaoa,0.013165506604536414,0.013165506604536192,0.013165506604536192
8,2024-12-02,equal_weight_candidates,0.010238048188775162,0.005905986116945483,0.005905986116945483
8,2024-12-03,equal_weight_candidates,0.004301198109083693,0.004301198109083693,0.004301198109083693
8,2024-12-04,equal_weight_candidates,0.0038671601759328045,0.0038671601759330265,0.0038671601759330265
8,2024-12-05,equal_weight_candidates,-0.004465102282671496,-0.004465102282671496,-0.004465102282671496
8,2024-12-06,equal_weight_candidates,0.020993770022883718,0.020993770022883718,0.020993770022883718
8,2024-12-09,equal_weight_candidates,-0.00026090595407601835,-0.00026090595407590733,-0.00026090595407590733
8,2024-12-10,equal_weight_candidates,-0.0031777875170460046,-0.0031777875170462266,-0.0031777875170462266
8,2024-12-11,equal_weight_candidates,-0.0005409607738616762,-0.0005409607738614541,-0.0005409607738614541
8,2024-12-12,equal_weight_candidates,-0.0027398389461108508,-0.002739838946110962,-0.002739838946110962
8,2024-12-13,equal_weight_candidates,-0.0027437187424583787,-0.0027437187424583787,-0.0027437187424583787
8,2024-12-16,equal_weight_candidates,-0.0007063356656862307,-0.0007063356656864528,-0.0007063356656864528
8,2024-12-17,equal_weight_candidates,0.0014426741340407556,0.0014426741340407556,0.0014426741340407556
8,2024-12-18,equal_weight_candidates,-0.00267552021678219,-0.002675520216782301,-0.002675520216782301
8,2024-12-19,equal_weight_candidates,-0.018244600111351095,-0.018244600111350984,-0.018244600111350984
8,2024-12-20,equal_weight_candidates,-0.009894902771127922,-0.009894902771127922,-0.009894902771127922
8,2024-12-23,equal_weight_candidates,-0.002188184952057748,-0.002188184952057859,-0.002188184952057859
8,2024-12-24,equal_weight_candidates,0.004965780062836211,0.004965780062836211,0.004965780062836211
8,2024-12-25,equal_weight_candidates,0.006501006547672272,0.006501006547672494,0.006501006547672494
8,2024-12-26,equal_weight_candidates,0.008691318925356573,0.00869131892535635,0.00869131892535635
8,2024-12-27,equal_weight_candidates,0.0020043664611431034,0.0020043664611428813,0.0020043664611428813
8,2024-12-30,equal_weight_candidates,0.011878513164425453,0.011878513164425453,0.011878513164425453
8,2024-12-02,liquidity_topk_exact,0.0158701914305428,0.013085916850339219,0.013085916850339219
8,2024-12-03,liquidity_topk_exact,-0.0050872074169050485,-0.0050872074169049375,-0.0050872074169049375
8,2024-12-04,liquidity_topk_exact,0.002035529731491126,0.002035529731491348,0.002035529731491348
8,2024-12-05,liquidity_topk_exact,-0.00833600326516537,-0.008336003265165481,-0.008336003265165481
8,2024-12-06,liquidity_topk_exact,0.03933629093654378,0.039336290936544005,0.039336290936544005
8,2024-12-09,liquidity_topk_exact,0.0006282423860990427,0.0006282423860988207,0.0006282423860988207
8,2024-12-10,liquidity_topk_exact,-0.004605551547083975,-0.004605551547083753,-0.004605551547083753
8,2024-12-11,liquidity_topk_exact,0.0003299431919996376,0.0003299431919994156,0.0003299431919994156
8,2024-12-12,liquidity_topk_exact,0.005333473855347881,0.005333473855347881,0.005333473855347881
8,2024-12-13,liquidity_topk_exact,0.0017125552406065392,0.0017125552406065392,0.0017125552406065392
8,2024-12-16,liquidity_topk_exact,0.0011821239189091504,0.0011821239189093724,0.0011821239189093724
8,2024-12-17,liquidity_topk_exact,0.0018488547711441594,0.0018488547711439374,0.0018488547711439374
8,2024-12-18,liquidity_topk_exact,-0.006032609214171258,-0.0060326092141714804,-0.0060326092141714804
8,2024-12-19,liquidity_topk_exact,0.0030925902997420707,0.0030925902997422927,0.0030925902997422927
8,2024-12-20,liquidity_topk_exact,-0.008752105364467355,-0.008752105364467466,-0.008752105364467466
8,2024-12-23,liquidity_topk_exact,0.003723218390971228,0.003723218390971228,0.003723218390971228
8,2024-12-24,liquidity_topk_exact,0.00917116456027367,0.00917116456027367,0.00917116456027367
8,2024-12-25,liquidity_topk_exact,0.004749031110227175,0.004749031110227175,0.004749031110227175
8,2024-12-26,liquidity_topk_exact,0.022402693384566463,0.022402693384566463,0.022402693384566463
8,2024-12-27,liquidity_topk_exact,0.006034621807737173,0.006034621807737395,0.006034621807737395
8,2024-12-30,liquidity_topk_exact,0.0047482245175953786,0.0047482245175953786,0.0047482245175953786
8,2024-12-02,ewma_topk_exact,0.010259690395999055,0.005622828277660696,0.005622828277660696
8,2024-12-03,ewma_topk_exact,-0.007687442792472021,-0.00768744279247191,-0.00768744279247191
8,2024-12-04,ewma_topk_exact,-0.007517770678502234,-0.007517770678502234,-0.007517770678502234
8,2024-12-05,ewma_topk_exact,-0.018374015517177766,-0.018374015517177766,-0.018374015517177766
8,2024-12-06,ewma_topk_exact,-0.021218733636769183,-0.021218733636769405,-0.021218733636769405
8,2024-12-09,ewma_topk_exact,-0.0012337387716250259,-0.0012337387716248038,-0.0012337387716248038
8,2024-12-10,ewma_topk_exact,0.0198862142299574,0.019886214229957178,0.019886214229957178
8,2024-12-11,ewma_topk_exact,0.024526923591958516,0.024526923591958516,0.024526923591958516
8,2024-12-12,ewma_topk_exact,0.01963055931597868,0.0196305593159789,0.0196305593159789
8,2024-12-13,ewma_topk_exact,-0.027686005942615388,-0.0276860059426155,-0.0276860059426155
8,2024-12-16,ewma_topk_exact,-0.0004238132614533541,-0.00042381326145324305,-0.00042381326145324305
8,2024-12-17,ewma_topk_exact,0.006505240979327809,0.006505240979328031,0.006505240979328031
8,2024-12-18,ewma_topk_exact,-0.01472097013545337,-0.014720970135453482,-0.014720970135453482
8,2024-12-19,ewma_topk_exact,0.0069110542991341894,0.0069110542991341894,0.0069110542991341894
8,2024-12-20,ewma_topk_exact,-0.02164531326614949,-0.02164531326614938,-0.02164531326614938
8,2024-12-23,ewma_topk_exact,0.019675051174575575,0.019675051174575575,0.019675051174575575
8,2024-12-24,ewma_topk_exact,0.002833661483899519,0.002833661483899519,0.002833661483899519
8,2024-12-25,ewma_topk_exact,-0.019169718626860344,-0.019169718626860344,-0.019169718626860344
8,2024-12-26,ewma_topk_exact,-0.0025813739105078337,-0.0025813739105078337,-0.0025813739105078337
8,2024-12-27,ewma_topk_exact,0.006202522050620107,0.006202522050620107,0.006202522050620107
8,2024-12-30,ewma_topk_exact,-0.007253826991555523,-0.007253826991555745,-0.007253826991555745
8,2024-12-02,xgboost_topk_exact,0.0012245397461645435,-0.0032920244124619025,-0.0032920244124619025
8,2024-12-03,xgboost_topk_exact,-0.004581555629200151,-0.00458155562920004,-0.00458155562920004
8,2024-12-04,xgboost_topk_exact,-0.004557788432384524,-0.004557788432384413,-0.004557788432384413
8,2024-12-05,xgboost_topk_exact,0.005068939831391672,0.005068939831391672,0.005068939831391672
8,2024-12-06,xgboost_topk_exact,0.010529000711249514,0.010529000711249514,0.010529000711249514
8,2024-12-09,xgboost_topk_exact,0.004570273737991792,0.004570273737992014,0.004570273737992014
8,2024-12-10,xgboost_topk_exact,0.027354324729799373,0.027354324729799373,0.027354324729799373
8,2024-12-11,xgboost_topk_exact,0.02053281857217759,0.02053281857217737,0.02053281857217737
8,2024-12-12,xgboost_topk_exact,-0.007543710992361619,-0.0075437109923613965,-0.0075437109923613965
8,2024-12-13,xgboost_topk_exact,-0.001368631517115526,-0.001368631517115526,-0.001368631517115526
8,2024-12-16,xgboost_topk_exact,0.0009002142634355614,0.0009002142634355614,0.0009002142634355614
8,2024-12-17,xgboost_topk_exact,0.010085121851246104,0.010085121851245882,0.010085121851245882
8,2024-12-18,xgboost_topk_exact,-0.004771995113398653,-0.004771995113398653,-0.004771995113398653
8,2024-12-19,xgboost_topk_exact,0.004306530028027611,0.004306530028027611,0.004306530028027611
8,2024-12-20,xgboost_topk_exact,-0.007410125421412284,-0.007410125421412506,-0.007410125421412506
8,2024-12-23,xgboost_topk_exact,0.005052272788349965,0.005052272788350187,0.005052272788350187
8,2024-12-24,xgboost_topk_exact,0.01506725185128932,0.015067251851289098,0.015067251851289098
8,2024-12-25,xgboost_topk_exact,-0.000326932865390539,-0.000326932865390428,-0.000326932865390428
8,2024-12-26,xgboost_topk_exact,0.007997908614203686,0.007997908614203908,0.007997908614203908
8,2024-12-27,xgboost_topk_exact,-0.0050716465973152935,-0.005071646597315405,-0.005071646597315405
8,2024-12-30,xgboost_topk_exact,-0.0009971268429395108,-0.0009971268429396218,-0.0009971268429396218
8,2024-12-02,adaptive_exact,0.007896821096909923,0.003514557548603303,0.003514557548603303
8,2024-12-03,adaptive_exact,0.007879971420994725,0.007879971420994725,0.007879971420994725
8,2024-12-04,adaptive_exact,-0.002538819834755901,-0.002538819834756012,-0.002538819834756012
8,2024-12-05,adaptive_exact,-0.000747173435725168,-0.0007471734357252791,-0.0007471734357252791
8,2024-12-06,adaptive_exact,0.013006824330564992,0.013006824330564992,0.013006824330564992
8,2024-12-09,adaptive_exact,-0.0027493031651854016,-0.0027493031651855127,-0.0027493031651855127
8,2024-12-10,adaptive_exact,0.00030175449645497565,0.0003017544964551977,0.0003017544964551977
8,2024-12-11,adaptive_exact,-0.005077282230291913,-0.005077282230292024,-0.005077282230292024
8,2024-12-12,adaptive_exact,-0.005588112382521215,-0.005588112382521437,-0.005588112382521437
8,2024-12-13,adaptive_exact,-0.002096819146784279,-0.002096819146784168,-0.002096819146784168
8,2024-12-16,adaptive_exact,-0.003852670575473005,-0.003852670575472894,-0.003852670575472894
8,2024-12-17,adaptive_exact,0.0017913391303594484,0.0017913391303592263,0.0017913391303592263
8,2024-12-18,adaptive_exact,0.0003566121839251313,0.00035661218392490923,0.00035661218392490923
8,2024-12-19,adaptive_exact,-0.012551780367911713,-0.012551780367911713,-0.012551780367911713
8,2024-12-20,adaptive_exact,-0.008091927216201,-0.00809192721620089,-0.00809192721620089
8,2024-12-23,adaptive_exact,-0.007775130903289185,-0.007775130903289296,-0.007775130903289296
8,2024-12-24,adaptive_exact,0.006781436493178861,0.006781436493178861,0.006781436493178861
8,2024-12-25,adaptive_exact,0.007549128061391297,0.007549128061391297,0.007549128061391297
8,2024-12-26,adaptive_exact,0.005241650241833318,0.00524165024183354,0.00524165024183354
8,2024-12-27,adaptive_exact,5.1849023520622595e-05,5.1849023520622595e-05,5.1849023520622595e-05
8,2024-12-30,adaptive_exact,0.005810966826162778,0.005810966826162556,0.005810966826162556
8,2024-12-02,xgboost_penalty_qaoa,0.0012833146962489828,-0.003267293965445117,-0.003267293965445117
8,2024-12-03,xgboost_penalty_qaoa,-0.005060556187567844,-0.005060556187567622,-0.005060556187567622
8,2024-12-04,xgboost_penalty_qaoa,-0.006959758246288916,-0.006959758246288916,-0.006959758246288916
8,2024-12-05,xgboost_penalty_qaoa,0.004449844923220647,0.004449844923220869,0.004449844923220869
8,2024-12-06,xgboost_penalty_qaoa,0.009282216216583317,0.009282216216583095,0.009282216216583095
8,2024-12-09,xgboost_penalty_qaoa,0.00248583213732978,0.002485832137330002,0.002485832137330002
8,2024-12-10,xgboost_penalty_qaoa,0.025611330362098395,0.025611330362098395,0.025611330362098395
8,2024-12-11,xgboost_penalty_qaoa,0.025580750818153808,0.025580750818153586,0.025580750818153586
8,2024-12-12,xgboost_penalty_qaoa,-0.009403591182706728,-0.009403591182706839,-0.009403591182706839
8,2024-12-13,xgboost_penalty_qaoa,0.001184107381061894,0.001184107381062116,0.001184107381062116
8,2024-12-16,xgboost_penalty_qaoa,0.0029545779804462935,0.0029545779804462935,0.0029545779804462935
8,2024-12-17,xgboost_penalty_qaoa,0.003170692087159699,0.003170692087159477,0.003170692087159477
8,2024-12-18,xgboost_penalty_qaoa,-0.0047885116888802814,-0.00478851168888017,-0.00478851168888017
8,2024-12-19,xgboost_penalty_qaoa,0.00670728235947915,0.00670728235947915,0.00670728235947915
8,2024-12-20,xgboost_penalty_qaoa,-0.006669630727243581,-0.00666963072724347,-0.00666963072724347
8,2024-12-23,xgboost_penalty_qaoa,0.011032197481642525,0.011032197481642303,0.011032197481642303
8,2024-12-24,xgboost_penalty_qaoa,0.01880309112529832,0.01880309112529832,0.01880309112529832
8,2024-12-25,xgboost_penalty_qaoa,-0.0005554832806593524,-0.0005554832806592414,-0.0005554832806592414
8,2024-12-26,xgboost_penalty_qaoa,0.010675290214036126,0.010675290214035904,0.010675290214035904
8,2024-12-27,xgboost_penalty_qaoa,-0.008464884779897375,-0.008464884779897486,-0.008464884779897486
8,2024-12-30,xgboost_penalty_qaoa,-0.007691681916046189,-0.007691681916046078,-0.007691681916046078
8,2024-12-02,xgboost_xy_qaoa,0.0012245397461645435,-0.0032920244124619025,-0.0032920244124619025
8,2024-12-03,xgboost_xy_qaoa,-0.004581555629200151,-0.00458155562920004,-0.00458155562920004
8,2024-12-04,xgboost_xy_qaoa,-0.004557788432384524,-0.004557788432384413,-0.004557788432384413
8,2024-12-05,xgboost_xy_qaoa,0.005068939831391672,0.005068939831391672,0.005068939831391672
8,2024-12-06,xgboost_xy_qaoa,0.010529000711249514,0.010529000711249514,0.010529000711249514
8,2024-12-09,xgboost_xy_qaoa,0.004570273737991792,0.004570273737992014,0.004570273737992014
8,2024-12-10,xgboost_xy_qaoa,0.027354324729799373,0.027354324729799373,0.027354324729799373
8,2024-12-11,xgboost_xy_qaoa,0.02053281857217759,0.02053281857217737,0.02053281857217737
8,2024-12-12,xgboost_xy_qaoa,-0.007543710992361619,-0.0075437109923613965,-0.0075437109923613965
8,2024-12-13,xgboost_xy_qaoa,-0.001368631517115526,-0.001368631517115526,-0.001368631517115526
8,2024-12-16,xgboost_xy_qaoa,0.0009002142634355614,0.0009002142634355614,0.0009002142634355614
8,2024-12-17,xgboost_xy_qaoa,0.010085121851246104,0.010085121851245882,0.010085121851245882
8,2024-12-18,xgboost_xy_qaoa,-0.004771995113398653,-0.004771995113398653,-0.004771995113398653
8,2024-12-19,xgboost_xy_qaoa,0.004306530028027611,0.004306530028027611,0.004306530028027611
8,2024-12-20,xgboost_xy_qaoa,-0.007410125421412284,-0.007410125421412506,-0.007410125421412506
8,2024-12-23,xgboost_xy_qaoa,0.005052272788349965,0.005052272788350187,0.005052272788350187
8,2024-12-24,xgboost_xy_qaoa,0.01506725185128932,0.015067251851289098,0.015067251851289098
8,2024-12-25,xgboost_xy_qaoa,-0.000326932865390539,-0.000326932865390428,-0.000326932865390428
8,2024-12-26,xgboost_xy_qaoa,0.007997908614203686,0.007997908614203908,0.007997908614203908
8,2024-12-27,xgboost_xy_qaoa,-0.0050716465973152935,-0.005071646597315405,-0.005071646597315405
8,2024-12-30,xgboost_xy_qaoa,-0.0009971268429395108,-0.0009971268429396218,-0.0009971268429396218
8,2024-12-02,adaptive_penalty_qaoa,0.007896821096909923,0.0035139760759683725,0.0035139760759683725
8,2024-12-03,adaptive_penalty_qaoa,0.007879971420994725,0.007879971420994725,0.007879971420994725
8,2024-12-04,adaptive_penalty_qaoa,-0.002538819834755901,-0.002538819834756234,-0.002538819834756234
8,2024-12-05,adaptive_penalty_qaoa,-0.000747173435725168,-0.0007471734357247239,-0.0007471734357247239
8,2024-12-06,adaptive_penalty_qaoa,0.013006824330564992,0.01300682433056477,0.01300682433056477
8,2024-12-09,adaptive_penalty_qaoa,-0.0027493031651854016,-0.0027493031651855127,-0.0027493031651855127
8,2024-12-10,adaptive_penalty_qaoa,0.00030175449645497565,0.0003017544964551977,0.0003017544964551977
8,2024-12-11,adaptive_penalty_qaoa,-0.005077282230291913,-0.005077282230292024,-0.005077282230292024
8,2024-12-12,adaptive_penalty_qaoa,-0.005588112382521215,-0.005588112382521548,-0.005588112382521548
8,2024-12-13,adaptive_penalty_qaoa,-0.002096819146784279,-0.002096819146783946,-0.002096819146783946
8,2024-12-16,adaptive_penalty_qaoa,-0.003852670575473005,-0.003852670575472894,-0.003852670575472894
8,2024-12-17,adaptive_penalty_qaoa,0.0017913391303594484,0.0017913391303592263,0.0017913391303592263
8,2024-12-18,adaptive_penalty_qaoa,0.0003566121839251313,0.00035661218392490923,0.00035661218392490923
8,2024-12-19,adaptive_penalty_qaoa,-0.012551780367911713,-0.012551780367911491,-0.012551780367911491
8,2024-12-20,adaptive_penalty_qaoa,-0.008091927216201,-0.008091927216201,-0.008091927216201
8,2024-12-23,adaptive_penalty_qaoa,-0.007775130903289185,-0.007775130903289296,-0.007775130903289296
8,2024-12-24,adaptive_penalty_qaoa,0.006781436493178861,0.006781436493178861,0.006781436493178861
8,2024-12-25,adaptive_penalty_qaoa,0.007549128061391297,0.007549128061391075,0.007549128061391075
8,2024-12-26,adaptive_penalty_qaoa,0.005241650241833318,0.00524165024183354,0.00524165024183354
8,2024-12-27,adaptive_penalty_qaoa,5.1849023520622595e-05,5.1849023520622595e-05,5.1849023520622595e-05
8,2024-12-30,adaptive_penalty_qaoa,0.005810966826162778,0.005810966826162778,0.005810966826162778
8,2024-12-02,adaptive_xy_qaoa,0.007896821096909923,0.0035145169450594427,0.0035145169450594427
8,2024-12-03,adaptive_xy_qaoa,0.007879971420994725,0.007879971420994725,0.007879971420994725
8,2024-12-04,adaptive_xy_qaoa,-0.002538819834755901,-0.002538819834755901,-0.002538819834755901
8,2024-12-05,adaptive_xy_qaoa,-0.000747173435725168,-0.0007471734357252791,-0.0007471734357252791
8,2024-12-06,adaptive_xy_qaoa,0.013006824330564992,0.013006824330564992,0.013006824330564992
8,2024-12-09,adaptive_xy_qaoa,-0.0027493031651854016,-0.0027493031651854016,-0.0027493031651854016
8,2024-12-10,adaptive_xy_qaoa,0.00030175449645497565,0.00030175449645541974,0.00030175449645541974
8,2024-12-11,adaptive_xy_qaoa,-0.005077282230291913,-0.005077282230292135,-0.005077282230292135
8,2024-12-12,adaptive_xy_qaoa,-0.005588112382521215,-0.005588112382521437,-0.005588112382521437
8,2024-12-13,adaptive_xy_qaoa,-0.002096819146784279,-0.002096819146784168,-0.002096819146784168
8,2024-12-16,adaptive_xy_qaoa,-0.003852670575473005,-0.003852670575472894,-0.003852670575472894
8,2024-12-17,adaptive_xy_qaoa,0.0017913391303594484,0.0017913391303594484,0.0017913391303594484
8,2024-12-18,adaptive_xy_qaoa,0.0003566121839251313,0.0003566121839251313,0.0003566121839251313
8,2024-12-19,adaptive_xy_qaoa,-0.012551780367911713,-0.012551780367911713,-0.012551780367911713
8,2024-12-20,adaptive_xy_qaoa,-0.008091927216201,-0.00809192721620089,-0.00809192721620089
8,2024-12-23,adaptive_xy_qaoa,-0.007775130903289185,-0.007775130903289407,-0.007775130903289407
8,2024-12-24,adaptive_xy_qaoa,0.006781436493178861,0.006781436493179083,0.006781436493179083
8,2024-12-25,adaptive_xy_qaoa,0.007549128061391297,0.007549128061391075,0.007549128061391075
8,2024-12-26,adaptive_xy_qaoa,0.005241650241833318,0.00524165024183354,0.00524165024183354
8,2024-12-27,adaptive_xy_qaoa,5.1849023520622595e-05,5.1849023520622595e-05,5.1849023520622595e-05
8,2024-12-30,adaptive_xy_qaoa,0.005810966826162778,0.005810966826162556,0.005810966826162556
8,2024-12-02,adaptive_simulated_annealing,0.007896821096909923,0.003514557548603303,0.003514557548603303
8,2024-12-03,adaptive_simulated_annealing,0.007879971420994725,0.007879971420994725,0.007879971420994725
8,2024-12-04,adaptive_simulated_annealing,-0.002538819834755901,-0.002538819834756012,-0.002538819834756012
8,2024-12-05,adaptive_simulated_annealing,-0.000747173435725168,-0.0007471734357252791,-0.0007471734357252791
8,2024-12-06,adaptive_simulated_annealing,0.013006824330564992,0.013006824330564992,0.013006824330564992
8,2024-12-09,adaptive_simulated_annealing,-0.0027493031651854016,-0.0027493031651855127,-0.0027493031651855127
8,2024-12-10,adaptive_simulated_annealing,0.00030175449645497565,0.0003017544964551977,0.0003017544964551977
8,2024-12-11,adaptive_simulated_annealing,-0.005077282230291913,-0.005077282230292024,-0.005077282230292024
8,2024-12-12,adaptive_simulated_annealing,-0.005588112382521215,-0.005588112382521437,-0.005588112382521437
8,2024-12-13,adaptive_simulated_annealing,-0.002096819146784279,-0.002096819146784168,-0.002096819146784168
8,2024-12-16,adaptive_simulated_annealing,-0.003852670575473005,-0.003852670575472894,-0.003852670575472894
8,2024-12-17,adaptive_simulated_annealing,0.0017913391303594484,0.0017913391303592263,0.0017913391303592263
8,2024-12-18,adaptive_simulated_annealing,0.0003566121839251313,0.00035661218392490923,0.00035661218392490923
8,2024-12-19,adaptive_simulated_annealing,-0.012551780367911713,-0.012551780367911713,-0.012551780367911713
8,2024-12-20,adaptive_simulated_annealing,-0.008091927216201,-0.00809192721620089,-0.00809192721620089
8,2024-12-23,adaptive_simulated_annealing,-0.007775130903289185,-0.007775130903289296,-0.007775130903289296
8,2024-12-24,adaptive_simulated_annealing,0.006781436493178861,0.006781436493178861,0.006781436493178861
8,2024-12-25,adaptive_simulated_annealing,0.007549128061391297,0.007549128061391297,0.007549128061391297
8,2024-12-26,adaptive_simulated_annealing,0.005241650241833318,0.00524165024183354,0.00524165024183354
8,2024-12-27,adaptive_simulated_annealing,5.1849023520622595e-05,5.1849023520622595e-05,5.1849023520622595e-05
8,2024-12-30,adaptive_simulated_annealing,0.005810966826162778,0.005810966826162556,0.005810966826162556
8,2024-12-02,equal_weight_universe,0.004405398048747955,0.004104152665977745,0.004104152665977745
8,2024-12-03,equal_weight_universe,0.0002914970590901511,0.00029149705909037316,0.00029149705909037316
8,2024-12-04,equal_weight_universe,0.0012651427981340557,0.0012651427981342778,0.0012651427981342778
8,2024-12-05,equal_weight_universe,-0.0036833669941107594,-0.0036833669941108704,-0.0036833669941108704
8,2024-12-06,equal_weight_universe,0.01537353969399291,0.015373539693992688,0.015373539693992688
8,2024-12-09,equal_weight_universe,0.000665114239347897,0.0006651142393483411,0.0006651142393483411
8,2024-12-10,equal_weight_universe,0.006845281696670424,0.006845281696670202,0.006845281696670202
8,2024-12-11,equal_weight_universe,0.0032651033923956074,0.0032651033923958295,0.0032651033923958295
8,2024-12-12,equal_weight_universe,-0.00011327566893515328,-0.00011327566893515328,-0.00011327566893515328
8,2024-12-13,equal_weight_universe,-0.0028836961703319064,-0.0028836961703322395,-0.0028836961703322395
8,2024-12-16,equal_weight_universe,-0.004638301910910747,-0.004638301910910525,-0.004638301910910525
8,2024-12-17,equal_weight_universe,-0.0008646143079129587,-0.0008646143079129587,-0.0008646143079129587
8,2024-12-18,equal_weight_universe,0.0014575260394487088,0.0014575260394484868,0.0014575260394484868
8,2024-12-19,equal_weight_universe,0.00564265006677056,0.00564265006677056,0.00564265006677056
8,2024-12-20,equal_weight_universe,-0.004957019687543807,-0.004957019687544029,-0.004957019687544029
8,2024-12-23,equal_weight_universe,0.00544946391458434,0.0054494639145847845,0.0054494639145847845
8,2024-12-24,equal_weight_universe,0.005921182105124823,0.0059211821051246005,0.0059211821051246005
8,2024-12-25,equal_weight_universe,0.0014365426202778142,0.0014365426202775922,0.0014365426202775922
8,2024-12-26,equal_weight_universe,0.007507206760847485,0.007507206760847707,0.007507206760847707
8,2024-12-27,equal_weight_universe,0.0014362418785816011,0.0014362418785816011,0.0014362418785816011
8,2024-12-30,equal_weight_universe,-0.0030230806748903216,-0.0030230806748904326,-0.0030230806748904326
8,2024-12-02,markowitz_mean_variance,0.01300436159886087,0.008381143423961346,0.008381143423961346
8,2024-12-03,markowitz_mean_variance,0.003051820605295852,0.00305182060529563,0.00305182060529563
8,2024-12-04,markowitz_mean_variance,0.016056292954110596,0.016056292954110596,0.016056292954110596
8,2024-12-05,markowitz_mean_variance,0.019611802716672733,0.019611802716672955,0.019611802716672955
8,2024-12-06,markowitz_mean_variance,-0.04135897820628254,-0.04135897820628265,-0.04135897820628265
8,2024-12-09,markowitz_mean_variance,0.002123999474520355,0.002123999474520133,0.002123999474520133
8,2024-12-10,markowitz_mean_variance,0.031421210075072814,0.031421210075073036,0.031421210075073036
8,2024-12-11,markowitz_mean_variance,0.00386382917852357,0.00386382917852357,0.00386382917852357
8,2024-12-12,markowitz_mean_variance,0.008312761900110655,0.008312761900111099,0.008312761900111099
8,2024-12-13,markowitz_mean_variance,-0.03624409630040948,-0.03624409630040948,-0.03624409630040948
8,2024-12-16,markowitz_mean_variance,0.012526335483846518,0.012526335483846296,0.012526335483846296
8,2024-12-17,markowitz_mean_variance,-0.0026632674148592272,-0.002663267414859005,-0.002663267414859005
8,2024-12-18,markowitz_mean_variance,-0.0002452845342328924,-0.0002452845342328924,-0.0002452845342328924
8,2024-12-19,markowitz_mean_variance,0.0010289326182981728,0.0010289326182979508,0.0010289326182979508
8,2024-12-20,markowitz_mean_variance,-0.014140209832516626,-0.014140209832516626,-0.014140209832516626
8,2024-12-23,markowitz_mean_variance,0.019534723750383343,0.019534723750383343,0.019534723750383343
8,2024-12-24,markowitz_mean_variance,-0.004702871541312548,-0.004702871541312548,-0.004702871541312548
8,2024-12-25,markowitz_mean_variance,-0.006627378460641875,-0.006627378460641764,-0.006627378460641764
8,2024-12-26,markowitz_mean_variance,-0.004033382538264019,-0.00403338253826413,-0.00403338253826413
8,2024-12-27,markowitz_mean_variance,-0.005709293980391661,-0.005709293980391772,-0.005709293980391772
8,2024-12-30,markowitz_mean_variance,-0.021781799639483124,-0.021781799639483013,-0.021781799639483013
8,2024-12-02,minimum_variance,0.00515349582561675,0.004793913164811148,0.004793913164811148
8,2024-12-03,minimum_variance,-0.0021387480384702506,-0.0021387480384701396,-0.0021387480384701396
8,2024-12-04,minimum_variance,0.0032263839136221772,0.0032263839136221772,0.0032263839136221772
8,2024-12-05,minimum_variance,-0.0038013371104204108,-0.0038013371104202998,-0.0038013371104202998
8,2024-12-06,minimum_variance,0.007377311857820201,0.007377311857819979,0.007377311857819979
8,2024-12-09,minimum_variance,0.0004190893157802744,0.0004190893157807185,0.0004190893157807185
8,2024-12-10,minimum_variance,0.011083171516458545,0.011083171516458767,0.011083171516458767
8,2024-12-11,minimum_variance,0.0070963864210411565,0.007096386421040934,0.007096386421040934
8,2024-12-12,minimum_variance,0.005009488548491259,0.005009488548491259,0.005009488548491259
8,2024-12-13,minimum_variance,0.0048393517835303435,0.004839351783530121,0.004839351783530121
8,2024-12-16,minimum_variance,-0.0012109824853504536,-0.0012109824853504536,-0.0012109824853504536
8,2024-12-17,minimum_variance,0.0015169723728587492,0.0015169723728589712,0.0015169723728589712
8,2024-12-18,minimum_variance,0.0036016056066388025,0.0036016056066388025,0.0036016056066388025
8,2024-12-19,minimum_variance,0.0020220103024253255,0.0020220103024253255,0.0020220103024253255
8,2024-12-20,minimum_variance,0.00019480164122676058,0.00019480164122698262,0.00019480164122698262
8,2024-12-23,minimum_variance,0.007747936893565344,0.0077479368935648996,0.0077479368935648996
8,2024-12-24,minimum_variance,0.01661372052792065,0.016613720527920872,0.016613720527920872
8,2024-12-25,minimum_variance,-0.0026265193372932982,-0.002626519337292965,-0.002626519337292965
8,2024-12-26,minimum_variance,0.003418935797471434,0.003418935797471212,0.003418935797471212
8,2024-12-27,minimum_variance,0.001954008662450768,0.00195400866245099,0.00195400866245099
8,2024-12-30,minimum_variance,0.00024185251535691066,0.00024185251535691066,0.00024185251535691066
9,2025-04-01,full_pipeline_xy_qaoa,-0.004679492877785352,-0.007478423486008801,-0.007478423486008801
9,2025-04-02,full_pipeline_xy_qaoa,0.0018729400249135608,0.0018729400249135608,0.0018729400249135608
9,2025-04-03,full_pipeline_xy_qaoa,-0.0019956163203899147,-0.0019956163203899147,-0.0019956163203899147
9,2025-04-04,full_pipeline_xy_qaoa,-0.06486868495064235,-0.06486868495064246,-0.06486868495064246
9,2025-04-07,full_pipeline_xy_qaoa,-0.014631075571946206,-0.014631075571946317,-0.014631075571946317
9,2025-04-08,full_pipeline_xy_qaoa,0.0,0.0,0.0
9,2025-04-09,full_pipeline_xy_qaoa,-0.0641739120195618,-0.06417391201956213,-0.06417391201956213
9,2025-04-10,full_pipeline_xy_qaoa,-0.01981533684064618,-0.019815336840645847,-0.019815336840645847
9,2025-04-11,full_pipeline_xy_qaoa,0.06485361443798743,0.06485361443798765,0.06485361443798765
9,2025-04-14,full_pipeline_xy_qaoa,0.034415948957000175,0.03441594895699995,0.03441594895699995
9,2025-04-15,full_pipeline_xy_qaoa,0.010368602025739637,0.01036860202573986,0.01036860202573986
9,2025-04-16,full_pipeline_xy_qaoa,-0.003989319544412284,-0.003989319544412284,-0.003989319544412284
9,2025-04-17,full_pipeline_xy_qaoa,-0.002688456481004242,-0.002688456481004242,-0.002688456481004242
9,2025-04-18,full_pipeline_xy_qaoa,-0.0034133472820241373,-0.0034133472820238042,-0.0034133472820238042
9,2025-04-21,full_pipeline_xy_qaoa,0.0026699679846198254,0.0026699679846198254,0.0026699679846198254
9,2025-04-22,full_pipeline_xy_qaoa,-0.0010366033439445088,-0.0010366033439447309,-0.0010366033439447309
9,2025-04-23,full_pipeline_xy_qaoa,-0.004680304138639402,-0.004680304138639291,-0.004680304138639291
9,2025-04-24,full_pipeline_xy_qaoa,0.0020033152281717648,0.0020033152281715427,0.0020033152281715427
9,2025-04-25,full_pipeline_xy_qaoa,-0.0010735587305455985,-0.0010735587305454874,-0.0010735587305454874
9,2025-04-28,full_pipeline_xy_qaoa,-0.01048656872680187,-0.010486568726801981,-0.010486568726801981
9,2025-04-29,full_pipeline_xy_qaoa,0.0006995871277049037,0.0006995871277049037,0.0006995871277049037
9,2025-04-30,full_pipeline_xy_qaoa,-0.004158084813112417,-0.004158084813112639,-0.004158084813112639
9,2025-04-01,equal_weight_candidates,-0.0009218969085414974,-0.0041278962993845925,-0.0041278962993845925
9,2025-04-02,equal_weight_candidates,0.00130187025479378,0.00130187025479378,0.00130187025479378
9,2025-04-03,equal_weight_candidates,-0.004442086272481105,-0.004442086272481105,-0.004442086272481105
9,2025-04-04,equal_weight_candidates,-0.06539208846444666,-0.06539208846444644,-0.06539208846444644
9,2025-04-07,equal_weight_candidates,-0.03713498520675784,-0.03713498520675784,-0.03713498520675784
9,2025-04-08,equal_weight_candidates,0.0,0.0,0.0
9,2025-04-09,equal_weight_candidates,-0.06520587652405496,-0.06520587652405518,-0.06520587652405518
9,2025-04-10,equal_weight_candidates,-0.034006054339041136,-0.034006054339041136,-0.034006054339041136
9,2025-04-11,equal_weight_candidates,0.0657291169989187,0.0657291169989187,0.0657291169989187
9,2025-04-14,equal_weight_candidates,0.03770286053899885,0.03770286053899885,0.03770286053899885
9,2025-04-15,equal_weight_candidates,0.01079139890180314,0.010791398901802918,0.010791398901802918
9,2025-04-16,equal_weight_candidates,-0.0036132448640492365,-0.0036132448640490145,-0.0036132448640490145
9,2025-04-17,equal_weight_candidates,-0.0103568352470782,-0.010356835247078089,-0.010356835247078089
9,2025-04-18,equal_weight_candidates,0.0008102220465600052,0.0008102220465597831,0.0008102220465597831
9,2025-04-21,equal_weight_candidates,0.004652817772853535,0.004652817772853313,0.004652817772853313
9,2025-04-22,equal_weight_candidates,-0.012277190331118737,-0.012277190331118848,-0.012277190331118848
9,2025-04-23,equal_weight_candidates,-0.014736724665528111,-0.014736724665528,-0.014736724665528
9,2025-04-24,equal_weight_candidates,0.007616314681810232,0.007616314681810454,0.007616314681810454
9,2025-04-25,equal_weight_candidates,0.007601187091695438,0.007601187091694994,0.007601187091694994
9,2025-04-28,equal_weight_candidates,0.0039502721154882625,0.0039502721154884846,0.0039502721154884846
9,2025-04-29,equal_weight_candidates,0.0007262202251647754,0.0007262202251647754,0.0007262202251647754
9,2025-04-30,equal_weight_candidates,-0.0024869273996622754,-0.0024869273996621644,-0.0024869273996621644
9,2025-04-01,liquidity_topk_exact,-0.011873637679801319,-0.016415819680785648,-0.016415819680785648
9,2025-04-02,liquidity_topk_exact,0.01747279598228113,0.017472795982281353,0.017472795982281353
9,2025-04-03,liquidity_topk_exact,0.0102655507718874,0.010265550771887177,0.010265550771887177
9,2025-04-04,liquidity_topk_exact,-0.06893734312119859,-0.06893734312119859,-0.06893734312119859
9,2025-04-07,liquidity_topk_exact,0.01907527824552857,0.01907527824552857,0.01907527824552857
9,2025-04-08,liquidity_topk_exact,0.0,0.0,0.0
9,2025-04-09,liquidity_topk_exact,-0.06612538365436949,-0.06612538365436949,-0.06612538365436949
9,2025-04-10,liquidity_topk_exact,-0.01075805090859161,-0.01075805090859161,-0.01075805090859161
9,2025-04-11,liquidity_topk_exact,0.0680188790349796,0.0680188790349796,0.0680188790349796
9,2025-04-14,liquidity_topk_exact,0.041442262110450434,0.04144226211045021,0.04144226211045021
9,2025-04-15,liquidity_topk_exact,0.04206382052939506,0.04206382052939506,0.04206382052939506
9,2025-04-16,liquidity_topk_exact,-0.006903396366719772,-0.006903396366719772,-0.006903396366719772
9,2025-04-17,liquidity_topk_exact,-0.006882486649534059,-0.006882486649534059,-0.006882486649534059
9,2025-04-18,liquidity_topk_exact,0.005415951679801134,0.005415951679801134,0.005415951679801134
9,2025-04-21,liquidity_topk_exact,0.013217143547481935,0.013217143547481713,0.013217143547481713
9,2025-04-22,liquidity_topk_exact,0.007558190159481448,0.007558190159481448,0.007558190159481448
9,2025-04-23,liquidity_topk_exact,0.01412006255347853,0.01412006255347853,0.01412006255347853
9,2025-04-24,liquidity_topk_exact,0.002180617668956497,0.002180617668956275,0.002180617668956275
9,2025-04-25,liquidity_topk_exact,0.014649843279727293,0.014649843279727293,0.014649843279727293
9,2025-04-28,liquidity_topk_exact,0.0035743620626194073,0.0035743620626196293,0.0035743620626196293
9,2025-04-29,liquidity_topk_exact,-0.02963666129035758,-0.02963666129035747,-0.02963666129035747
9,2025-04-30,liquidity_topk_exact,-0.005266128148507687,-0.00526612814850802,-0.00526612814850802
9,2025-04-01,ewma_topk_exact,-0.019571269379725198,-0.024063360066049366,-0.024063360066049366
9,2025-04-02,ewma_topk_exact,0.03196762913431361,0.03196762913431406,0.03196762913431406
9,2025-04-03,ewma_topk_exact,0.03415243739870122,0.034152437398701,0.034152437398701
9,2025-04-04,ewma_topk_exact,-0.06889989442035538,-0.06889989442035527,-0.06889989442035527
9,2025-04-07,ewma_topk_exact,-0.026974148420821353,-0.026974148420821242,-0.026974148420821242
9,2025-04-08,ewma_topk_exact,0.0,0.0,0.0
9,2025-04-09,ewma_topk_exact,-0.06189262678796903,-0.06189262678796925,-0.06189262678796925
9,2025-04-10,ewma_topk_exact,0.014839593736993617,0.014839593736993617,0.014839593736993617
9,2025-04-11,ewma_topk_exact,0.06783825603127958,0.06783825603127935,0.06783825603127935
9,2025-04-14,ewma_topk_exact,0.0389625913088667,0.0389625913088667,0.0389625913088667
9,2025-04-15,ewma_topk_exact,0.06829645570160969,0.06829645570160991,0.06829645570160991
9,2025-04-16,ewma_topk_exact,0.026885986625034164,0.02688598662503372,0.02688598662503372
9,2025-04-17,ewma_topk_exact,0.017078919489570188,0.017078919489570632,0.017078919489570632
9,2025-04-18,ewma_topk_exact,0.029015235308134324,0.029015235308134102,0.029015235308134102
9,2025-04-21,ewma_topk_exact,-0.04188954083880603,-0.04188954083880603,-0.04188954083880603
9,2025-04-22,ewma_topk_exact,-0.030710252328579157,-0.030710252328579046,-0.030710252328579046
9,2025-04-23,ewma_topk_exact,-0.012622012201368271,-0.012622012201368604,-0.012622012201368604
9,2025-04-24,ewma_topk_exact,-0.027043740117849935,-0.027043740117849713,-0.027043740117849713
9,2025-04-25,ewma_topk_exact,0.018005938008690325,0.018005938008690325,0.018005938008690325
9,2025-04-28,ewma_topk_exact,0.02152573298048366,0.02152573298048366,0.02152573298048366
9,2025-04-29,ewma_topk_exact,0.0008831122146411019,0.0008831122146411019,0.0008831122146411019
9,2025-04-30,ewma_topk_exact,0.008490915444226532,0.00849091544422631,0.00849091544422631
9,2025-04-01,xgboost_topk_exact,0.018205117851455732,0.013408879336461066,0.013408879336461066
9,2025-04-02,xgboost_topk_exact,-0.009236661674599134,-0.009236661674599356,-0.009236661674599356
9,2025-04-03,xgboost_topk_exact,-0.011528666517905406,-0.011528666517905184,-0.011528666517905184
9,2025-04-04,xgboost_topk_exact,-0.06728365181156837,-0.06728365181156826,-0.06728365181156826
9,2025-04-07,xgboost_topk_exact,-0.04146670189786594,-0.041466701897866165,-0.041466701897866165
9,2025-04-08,xgboost_topk_exact,0.0,0.0,0.0
9,2025-04-09,xgboost_topk_exact,-0.05350918409310734,-0.05350918409310734,-0.05350918409310734
9,2025-04-10,xgboost_topk_exact,-0.023860521670475365,-0.023860521670475365,-0.023860521670475365
9,2025-04-11,xgboost_topk_exact,0.05835863609527081,0.05835863609527081,0.05835863609527081
9,2025-04-14,xgboost_topk_exact,0.018771237424478615,0.018771237424478393,0.018771237424478393
9,2025-04-15,xgboost_topk_exact,0.01487237432777433,0.01487237432777433,0.01487237432777433
9,2025-04-16,xgboost_topk_exact,-0.009369922438080769,-0.009369922438080547,-0.009369922438080547
9,2025-04-17,xgboost_topk_exact,-0.016983415712360395,-0.016983415712360506,-0.016983415712360506
9,2025-04-18,xgboost_topk_exact,0.008307331843283139,0.008307331843282917,0.008307331843282917
9,2025-04-21,xgboost_topk_exact,0.008094881957041222,0.008094881957041222,0.008094881957041222
9,2025-04-22,xgboost_topk_exact,-0.005978011099367686,-0.005978011099367797,-0.005978011099367797
9,2025-04-23,xgboost_topk_exact,-0.018625397857952697,-0.018625397857952475,-0.018625397857952475
9,2025-04-24,xgboost_topk_exact,0.006593283139708639,0.006593283139708417,0.006593283139708417
9,2025-04-25,xgboost_topk_exact,0.014429610770187562,0.014429610770187784,0.014429610770187784
9,2025-04-28,xgboost_topk_exact,0.019995800067190483,0.01999580006719026,0.01999580006719026
9,2025-04-29,xgboost_topk_exact,0.016463069784088402,0.01646306978408818,0.01646306978408818
9,2025-04-30,xgboost_topk_exact,-0.005164375452498038,-0.005164375452497927,-0.005164375452497927
9,2025-04-01,adaptive_exact,0.008384006124595889,0.004233171851034445,0.004233171851034445
9,2025-04-02,adaptive_exact,-0.009022401300222693,-0.009022401300222471,-0.009022401300222471
9,2025-04-03,adaptive_exact,-0.009455879339189455,-0.009455879339189566,-0.009455879339189566
9,2025-04-04,adaptive_exact,-0.06673715123704804,-0.06673715123704804,-0.06673715123704804
9,2025-04-07,adaptive_exact,-0.04310492392854781,-0.04310492392854792,-0.04310492392854792
9,2025-04-08,adaptive_exact,0.0,0.0,0.0
9,2025-04-09,adaptive_exact,-0.06593988035595388,-0.06593988035595388,-0.06593988035595388
9,2025-04-10,adaptive_exact,-0.023887703502949553,-0.023887703502949553,-0.023887703502949553
9,2025-04-11,adaptive_exact,0.06618845533763063,0.06618845533763063,0.06618845533763063
9,2025-04-14,adaptive_exact,0.02224428024048697,0.022244280240486747,0.022244280240486747
9,2025-04-15,adaptive_exact,0.016813782155473245,0.016813782155473245,0.016813782155473245
9,2025-04-16,adaptive_exact,-0.006201020677351399,-0.006201020677351177,-0.006201020677351177
9,2025-04-17,adaptive_exact,-0.018129086585487397,-0.018129086585487286,-0.018129086585487286
9,2025-04-18,adaptive_exact,0.007925865584186287,0.007925865584186065,0.007925865584186065
9,2025-04-21,adaptive_exact,0.009551958365268565,0.009551958365268565,0.009551958365268565
9,2025-04-22,adaptive_exact,-0.00762745549082422,-0.007627455490824109,-0.007627455490824109
9,2025-04-23,adaptive_exact,-0.018965799126678284,-0.018965799126678284,-0.018965799126678284
9,2025-04-24,adaptive_exact,0.0076761926027120175,0.0076761926027120175,0.0076761926027120175
9,2025-04-25,adaptive_exact,0.012002145233136696,0.012002145233136474,0.012002145233136474
9,2025-04-28,adaptive_exact,0.018119190777857952,0.018119190777858174,0.018119190777858174
9,2025-04-29,adaptive_exact,0.017876168030828143,0.017876168030828143,0.017876168030828143
9,2025-04-30,adaptive_exact,-0.01198921962397792,-0.01198921962397792,-0.01198921962397792
9,2025-04-01,xgboost_penalty_qaoa,0.016639197141571804,0.013114420685960804,0.013114420685960804
9,2025-04-02,xgboost_penalty_qaoa,-0.0016734728732307191,-0.001673472873230497,-0.001673472873230497
9,2025-04-03,xgboost_penalty_qaoa,-0.008666921722836785,-0.008666921722836785,-0.008666921722836785
9,2025-04-04,xgboost_penalty_qaoa,-0.05954592511173473,-0.05954592511173462,-0.05954592511173462
9,2025-04-07,xgboost_penalty_qaoa,-0.01387753851237028,-0.013877538512370169,-0.013877538512370169
9,2025-04-08,xgboost_penalty_qaoa,0.0,0.0,0.0
9,2025-04-09,xgboost_penalty_qaoa,-0.03700518690964316,-0.03700518690964327,-0.03700518690964327
9,2025-04-10,xgboost_penalty_qaoa,0.006861467962471002,0.006861467962471002,0.006861467962471002
9,2025-04-11,xgboost_penalty_qaoa,0.04882129543923419,0.04882129543923419,0.04882129543923419
9,2025-04-14,xgboost_penalty_qaoa,0.00753349710425244,0.00753349710425244,0.00753349710425244
9,2025-04-15,xgboost_penalty_qaoa,0.016823587117175354,0.016823587117175354,0.016823587117175354
9,2025-04-16,xgboost_penalty_qaoa,-0.01658948270124494,-0.01658948270124494,-0.01658948270124494
9,2025-04-17,xgboost_penalty_qaoa,0.006253076087134657,0.006253076087134435,0.006253076087134435
9,2025-04-18,xgboost_penalty_qaoa,0.005305725988641097,0.005305725988641319,0.005305725988641319
9,2025-04-21,xgboost_penalty_qaoa,0.00236331347610097,0.00236331347610097,0.00236331347610097
9,2025-04-22,xgboost_penalty_qaoa,-2.4937882314723936e-08,-2.4937882314723936e-08,-2.4937882314723936e-08
9,2025-04-23,xgboost_penalty_qaoa,-0.012151052872100276,-0.012151052872100165,-0.012151052872100165
9,2025-04-24,xgboost_penalty_qaoa,0.007003643860965303,0.007003643860965303,0.007003643860965303
9,2025-04-25,xgboost_penalty_qaoa,-8.62193717672266e-05,-8.62193717672266e-05,-8.62193717672266e-05
9,2025-04-28,xgboost_penalty_qaoa,-0.004748893946265431,-0.004748893946265431,-0.004748893946265431
9,2025-04-29,xgboost_penalty_qaoa,-0.0004913777523731788,-0.0004913777523731788,-0.0004913777523731788
9,2025-04-30,xgboost_penalty_qaoa,0.007685047573362969,0.007685047573363191,0.007685047573363191
9,2025-04-01,xgboost_xy_qaoa,0.018205117851455732,0.013408879336461066,0.013408879336461066
9,2025-04-02,xgboost_xy_qaoa,-0.009236661674599134,-0.009236661674599356,-0.009236661674599356
9,2025-04-03,xgboost_xy_qaoa,-0.011528666517905406,-0.011528666517905184,-0.011528666517905184
9,2025-04-04,xgboost_xy_qaoa,-0.06728365181156837,-0.06728365181156826,-0.06728365181156826
9,2025-04-07,xgboost_xy_qaoa,-0.04146670189786594,-0.041466701897866165,-0.041466701897866165
9,2025-04-08,xgboost_xy_qaoa,0.0,0.0,0.0
9,2025-04-09,xgboost_xy_qaoa,-0.05350918409310734,-0.05350918409310734,-0.05350918409310734
9,2025-04-10,xgboost_xy_qaoa,-0.023860521670475365,-0.023860521670475365,-0.023860521670475365
9,2025-04-11,xgboost_xy_qaoa,0.05835863609527081,0.05835863609527081,0.05835863609527081
9,2025-04-14,xgboost_xy_qaoa,0.018771237424478615,0.018771237424478393,0.018771237424478393
9,2025-04-15,xgboost_xy_qaoa,0.01487237432777433,0.01487237432777433,0.01487237432777433
9,2025-04-16,xgboost_xy_qaoa,-0.009369922438080769,-0.009369922438080547,-0.009369922438080547
9,2025-04-17,xgboost_xy_qaoa,-0.016983415712360395,-0.016983415712360506,-0.016983415712360506
9,2025-04-18,xgboost_xy_qaoa,0.008307331843283139,0.008307331843282917,0.008307331843282917
9,2025-04-21,xgboost_xy_qaoa,0.008094881957041222,0.008094881957041222,0.008094881957041222
9,2025-04-22,xgboost_xy_qaoa,-0.005978011099367686,-0.005978011099367797,-0.005978011099367797
9,2025-04-23,xgboost_xy_qaoa,-0.018625397857952697,-0.018625397857952475,-0.018625397857952475
9,2025-04-24,xgboost_xy_qaoa,0.006593283139708639,0.006593283139708417,0.006593283139708417
9,2025-04-25,xgboost_xy_qaoa,0.014429610770187562,0.014429610770187784,0.014429610770187784
9,2025-04-28,xgboost_xy_qaoa,0.019995800067190483,0.01999580006719026,0.01999580006719026
9,2025-04-29,xgboost_xy_qaoa,0.016463069784088402,0.01646306978408818,0.01646306978408818
9,2025-04-30,xgboost_xy_qaoa,-0.005164375452498038,-0.005164375452497927,-0.005164375452497927
9,2025-04-01,adaptive_penalty_qaoa,0.008384006124595889,0.004233171851034445,0.004233171851034445
9,2025-04-02,adaptive_penalty_qaoa,-0.009022401300222693,-0.009022401300222471,-0.009022401300222471
9,2025-04-03,adaptive_penalty_qaoa,-0.009455879339189455,-0.009455879339189566,-0.009455879339189566
9,2025-04-04,adaptive_penalty_qaoa,-0.06673715123704804,-0.06673715123704804,-0.06673715123704804
9,2025-04-07,adaptive_penalty_qaoa,-0.04310492392854781,-0.04310492392854792,-0.04310492392854792
9,2025-04-08,adaptive_penalty_qaoa,0.0,0.0,0.0
9,2025-04-09,adaptive_penalty_qaoa,-0.06593988035595388,-0.06593988035595388,-0.06593988035595388
9,2025-04-10,adaptive_penalty_qaoa,-0.023887703502949553,-0.023887703502949553,-0.023887703502949553
9,2025-04-11,adaptive_penalty_qaoa,0.06618845533763063,0.06618845533763063,0.06618845533763063
9,2025-04-14,adaptive_penalty_qaoa,0.02224428024048697,0.022244280240486747,0.022244280240486747
9,2025-04-15,adaptive_penalty_qaoa,0.016813782155473245,0.016813782155473245,0.016813782155473245
9,2025-04-16,adaptive_penalty_qaoa,-0.006201020677351399,-0.006201020677351177,-0.006201020677351177
9,2025-04-17,adaptive_penalty_qaoa,-0.018129086585487397,-0.018129086585487286,-0.018129086585487286
9,2025-04-18,adaptive_penalty_qaoa,0.007925865584186287,0.007925865584186065,0.007925865584186065
9,2025-04-21,adaptive_penalty_qaoa,0.009551958365268565,0.009551958365268565,0.009551958365268565
9,2025-04-22,adaptive_penalty_qaoa,-0.00762745549082422,-0.007627455490824109,-0.007627455490824109
9,2025-04-23,adaptive_penalty_qaoa,-0.018965799126678284,-0.018965799126678284,-0.018965799126678284
9,2025-04-24,adaptive_penalty_qaoa,0.0076761926027120175,0.0076761926027120175,0.0076761926027120175
9,2025-04-25,adaptive_penalty_qaoa,0.012002145233136696,0.012002145233136474,0.012002145233136474
9,2025-04-28,adaptive_penalty_qaoa,0.018119190777857952,0.018119190777858174,0.018119190777858174
9,2025-04-29,adaptive_penalty_qaoa,0.017876168030828143,0.017876168030828143,0.017876168030828143
9,2025-04-30,adaptive_penalty_qaoa,-0.01198921962397792,-0.01198921962397792,-0.01198921962397792
9,2025-04-01,adaptive_xy_qaoa,0.008384006124595889,0.004233171851034445,0.004233171851034445
9,2025-04-02,adaptive_xy_qaoa,-0.009022401300222693,-0.009022401300222471,-0.009022401300222471
9,2025-04-03,adaptive_xy_qaoa,-0.009455879339189455,-0.009455879339189566,-0.009455879339189566
9,2025-04-04,adaptive_xy_qaoa,-0.06673715123704804,-0.06673715123704804,-0.06673715123704804
9,2025-04-07,adaptive_xy_qaoa,-0.04310492392854781,-0.04310492392854792,-0.04310492392854792
9,2025-04-08,adaptive_xy_qaoa,0.0,0.0,0.0
9,2025-04-09,adaptive_xy_qaoa,-0.06593988035595388,-0.06593988035595388,-0.06593988035595388
9,2025-04-10,adaptive_xy_qaoa,-0.023887703502949553,-0.023887703502949553,-0.023887703502949553
9,2025-04-11,adaptive_xy_qaoa,0.06618845533763063,0.06618845533763063,0.06618845533763063
9,2025-04-14,adaptive_xy_qaoa,0.02224428024048697,0.022244280240486747,0.022244280240486747
9,2025-04-15,adaptive_xy_qaoa,0.016813782155473245,0.016813782155473245,0.016813782155473245
9,2025-04-16,adaptive_xy_qaoa,-0.006201020677351399,-0.006201020677351177,-0.006201020677351177
9,2025-04-17,adaptive_xy_qaoa,-0.018129086585487397,-0.018129086585487286,-0.018129086585487286
9,2025-04-18,adaptive_xy_qaoa,0.007925865584186287,0.007925865584186065,0.007925865584186065
9,2025-04-21,adaptive_xy_qaoa,0.009551958365268565,0.009551958365268565,0.009551958365268565
9,2025-04-22,adaptive_xy_qaoa,-0.00762745549082422,-0.007627455490824109,-0.007627455490824109
9,2025-04-23,adaptive_xy_qaoa,-0.018965799126678284,-0.018965799126678284,-0.018965799126678284
9,2025-04-24,adaptive_xy_qaoa,0.0076761926027120175,0.0076761926027120175,0.0076761926027120175
9,2025-04-25,adaptive_xy_qaoa,0.012002145233136696,0.012002145233136474,0.012002145233136474
9,2025-04-28,adaptive_xy_qaoa,0.018119190777857952,0.018119190777858174,0.018119190777858174
9,2025-04-29,adaptive_xy_qaoa,0.017876168030828143,0.017876168030828143,0.017876168030828143
9,2025-04-30,adaptive_xy_qaoa,-0.01198921962397792,-0.01198921962397792,-0.01198921962397792
9,2025-04-01,adaptive_simulated_annealing,0.008384006124595889,0.004233171851034445,0.004233171851034445
9,2025-04-02,adaptive_simulated_annealing,-0.009022401300222693,-0.009022401300222471,-0.009022401300222471
9,2025-04-03,adaptive_simulated_annealing,-0.009455879339189455,-0.009455879339189566,-0.009455879339189566
9,2025-04-04,adaptive_simulated_annealing,-0.06673715123704804,-0.06673715123704804,-0.06673715123704804
9,2025-04-07,adaptive_simulated_annealing,-0.04310492392854781,-0.04310492392854792,-0.04310492392854792
9,2025-04-08,adaptive_simulated_annealing,0.0,0.0,0.0
9,2025-04-09,adaptive_simulated_annealing,-0.06593988035595388,-0.06593988035595388,-0.06593988035595388
9,2025-04-10,adaptive_simulated_annealing,-0.023887703502949553,-0.023887703502949553,-0.023887703502949553
9,2025-04-11,adaptive_simulated_annealing,0.06618845533763063,0.06618845533763063,0.06618845533763063
9,2025-04-14,adaptive_simulated_annealing,0.02224428024048697,0.022244280240486747,0.022244280240486747
9,2025-04-15,adaptive_simulated_annealing,0.016813782155473245,0.016813782155473245,0.016813782155473245
9,2025-04-16,adaptive_simulated_annealing,-0.006201020677351399,-0.006201020677351177,-0.006201020677351177
9,2025-04-17,adaptive_simulated_annealing,-0.018129086585487397,-0.018129086585487286,-0.018129086585487286
9,2025-04-18,adaptive_simulated_annealing,0.007925865584186287,0.007925865584186065,0.007925865584186065
9,2025-04-21,adaptive_simulated_annealing,0.009551958365268565,0.009551958365268565,0.009551958365268565
9,2025-04-22,adaptive_simulated_annealing,-0.00762745549082422,-0.007627455490824109,-0.007627455490824109
9,2025-04-23,adaptive_simulated_annealing,-0.018965799126678284,-0.018965799126678284,-0.018965799126678284
9,2025-04-24,adaptive_simulated_annealing,0.0076761926027120175,0.0076761926027120175,0.0076761926027120175
9,2025-04-25,adaptive_simulated_annealing,0.012002145233136696,0.012002145233136474,0.012002145233136474
9,2025-04-28,adaptive_simulated_annealing,0.018119190777857952,0.018119190777858174,0.018119190777858174
9,2025-04-29,adaptive_simulated_annealing,0.017876168030828143,0.017876168030828143,0.017876168030828143
9,2025-04-30,adaptive_simulated_annealing,-0.01198921962397792,-0.01198921962397792,-0.01198921962397792
9,2025-04-01,equal_weight_universe,-0.004280094406487356,-0.004576487533946461,-0.004576487533946461
9,2025-04-02,equal_weight_universe,0.005018333131968422,0.005018333131968422,0.005018333131968422
9,2025-04-03,equal_weight_universe,0.0018875902393560295,0.0018875902393562516,0.0018875902393562516
9,2025-04-04,equal_weight_universe,-0.061360697217381244,-0.061360697217381355,-0.061360697217381355
9,2025-04-07,equal_weight_universe,-0.029683811347396616,-0.029683811347396394,-0.029683811347396394
9,2025-04-08,equal_weight_universe,0.0,0.0,0.0
9,2025-04-09,equal_weight_universe,-0.05990964925550746,-0.05990964925550757,-0.05990964925550757
9,2025-04-10,equal_weight_universe,-0.03620516630619308,-0.03620516630619308,-0.03620516630619308
9,2025-04-11,equal_weight_universe,0.06541836108923293,0.06541836108923271,0.06541836108923271
9,2025-04-14,equal_weight_universe,0.029768511418929666,0.029768511418929666,0.029768511418929666
9,2025-04-15,equal_weight_universe,0.012084895214909963,0.012084895214909741,0.012084895214909741
9,2025-04-16,equal_weight_universe,-0.01036735497838992,-0.010367354978389809,-0.010367354978389809
9,2025-04-17,equal_weight_universe,-0.0057203894009633105,-0.0057203894009634215,-0.0057203894009634215
9,2025-04-18,equal_weight_universe,0.0054665245183986855,0.0054665245183986855,0.0054665245183986855
9,2025-04-21,equal_weight_universe,0.009312408839959874,0.009312408839960096,0.009312408839960096
9,2025-04-22,equal_weight_universe,-0.0060459517584831035,-0.0060459517584832145,-0.0060459517584832145
9,2025-04-23,equal_weight_universe,-0.017405639352927715,-0.017405639352927604,-0.017405639352927604
9,2025-04-24,equal_weight_universe,0.014915760306238424,0.014915760306238202,0.014915760306238202
9,2025-04-25,equal_weight_universe,0.0070841161183192725,0.0070841161183194945,0.0070841161183194945
9,2025-04-28,equal_weight_universe,0.0031307984566828484,0.0031307984566828484,0.0031307984566828484
9,2025-04-29,equal_weight_universe,0.002326864749868651,0.002326864749868651,0.002326864749868651
9,2025-04-30,equal_weight_universe,0.0031817993874942996,0.0031817993874945216,0.0031817993874945216
9,2025-04-01,markowitz_mean_variance,-0.00529625941390699,-0.009832970612053682,-0.009832970612053682
9,2025-04-02,markowitz_mean_variance,0.01784373539940276,0.017843735399402982,0.017843735399402982
9,2025-04-03,markowitz_mean_variance,0.021560773587600446,0.021560773587600224,0.021560773587600224
9,2025-04-04,markowitz_mean_variance,-0.06948658826635912,-0.06948658826635923,-0.06948658826635923
9,2025-04-07,markowitz_mean_variance,0.027243424943309336,0.027243424943309336,0.027243424943309336
9,2025-04-08,markowitz_mean_variance,0.0,0.0,0.0
9,2025-04-09,markowitz_mean_variance,-0.0631606665535197,-0.0631606665535197,-0.0631606665535197
9,2025-04-10,markowitz_mean_variance,-0.025115035894918702,-0.025115035894918702,-0.025115035894918702
9,2025-04-11,markowitz_mean_variance,0.06847026672323198,0.06847026672323198,0.06847026672323198
9,2025-04-14,markowitz_mean_variance,0.05714728171329564,0.05714728171329586,0.05714728171329586
9,2025-04-15,markowitz_mean_variance,0.06906689503846963,0.06906689503846963,0.06906689503846963
9,2025-04-16,markowitz_mean_variance,0.034855969283301924,0.034855969283301924,0.034855969283301924
9,2025-04-17,markowitz_mean_variance,-0.008631597789412582,-0.008631597789412693,-0.008631597789412693
9,2025-04-18,markowitz_mean_variance,0.047725987008681914,0.047725987008682136,0.047725987008682136
9,2025-04-21,markowitz_mean_variance,-0.012583211728414145,-0.012583211728414034,-0.012583211728414034
9,2025-04-22,markowitz_mean_variance,-0.04218040680095725,-0.04218040680095714,-0.04218040680095714
9,2025-04-23,markowitz_mean_variance,-0.013421633594748683,-0.013421633594748794,-0.013421633594748794
9,2025-04-24,markowitz_mean_variance,-0.01160941016942918,-0.01160941016942929,-0.01160941016942929
9,2025-04-25,markowitz_mean_variance,0.031186317172201328,0.031186317172201106,0.031186317172201106
9,2025-04-28,markowitz_mean_variance,0.05512228689937504,0.05512228689937482,0.05512228689937482
9,2025-04-29,markowitz_mean_variance,0.034033086076262764,0.034033086076262986,0.034033086076262986
9,2025-04-30,markowitz_mean_variance,-0.005214483260837621,-0.005214483260837621,-0.005214483260837621
9,2025-04-01,minimum_variance,0.0004118824253673825,0.00018198292966964402,0.00018198292966964402
9,2025-04-02,minimum_variance,0.0005897419423217531,0.0005897419423215311,0.0005897419423215311
9,2025-04-03,minimum_variance,-0.001872944565090906,-0.001872944565090906,-0.001872944565090906
9,2025-04-04,minimum_variance,-0.04754454511727546,-0.04754454511727546,-0.04754454511727546
9,2025-04-07,minimum_variance,-0.0070863463376766855,-0.0070863463376764635,-0.0070863463376764635
9,2025-04-08,minimum_variance,0.0,0.0,0.0
9,2025-04-09,minimum_variance,-0.03754537559301041,-0.03754537559301041,-0.03754537559301041
9,2025-04-10,minimum_variance,0.0072768116823846984,0.007276811682384476,0.007276811682384476
9,2025-04-11,minimum_variance,0.054142796832671536,0.05414279683267176,0.05414279683267176
9,2025-04-14,minimum_variance,0.009489602811560305,0.009489602811560305,0.009489602811560305
9,2025-04-15,minimum_variance,0.0024661404336743242,0.0024661404336743242,0.0024661404336743242
9,2025-04-16,minimum_variance,-0.003808428934211072,-0.0038084289342112942,-0.0038084289342112942
9,2025-04-17,minimum_variance,-0.0039373336403992765,-0.0039373336403991654,-0.0039373336403991654
9,2025-04-18,minimum_variance,0.001997141327795493,0.001997141327795715,0.001997141327795715
9,2025-04-21,minimum_variance,0.0052751687149259485,0.0052751687149257265,0.0052751687149257265
9,2025-04-22,minimum_variance,-0.0006527544175619626,-0.0006527544175618516,-0.0006527544175618516
9,2025-04-23,minimum_variance,-0.012519459517163378,-0.012519459517163378,-0.012519459517163378
9,2025-04-24,minimum_variance,0.005513448480039651,0.005513448480039873,0.005513448480039873
9,2025-04-25,minimum_variance,0.0015708065666673043,0.0015708065666670823,0.0015708065666670823
9,2025-04-28,minimum_variance,-0.0014423879574231302,-0.0014423879574227971,-0.0014423879574227971
9,2025-04-29,minimum_variance,0.00022271354714975544,0.0002227135471499775,0.0002227135471499775
9,2025-04-30,minimum_variance,0.002381954463624103,0.002381954463623881,0.002381954463623881
10,2025-08-01,full_pipeline_xy_qaoa,0.020418027103898728,0.016011045132444224,0.016011045132444224
10,2025-08-04,full_pipeline_xy_qaoa,0.00653498235838601,0.006534982358385788,0.006534982358385788
10,2025-08-05,full_pipeline_xy_qaoa,0.014053120999047763,0.014053120999047763,0.014053120999047763
10,2025-08-06,full_pipeline_xy_qaoa,0.0,0.0,0.0
10,2025-08-07,full_pipeline_xy_qaoa,0.001005333246479001,0.001005333246479001,0.001005333246479001
10,2025-08-08,full_pipeline_xy_qaoa,0.0035412998666728424,0.0035412998666730644,0.0035412998666730644
10,2025-08-11,full_pipeline_xy_qaoa,0.001308711652612704,0.001308711652612482,0.001308711652612482
10,2025-08-12,full_pipeline_xy_qaoa,0.003931801185349304,0.003931801185349304,0.003931801185349304
10,2025-08-13,full_pipeline_xy_qaoa,0.0,0.0,0.0
10,2025-08-14,full_pipeline_xy_qaoa,0.004348070839541807,0.004348070839542029,0.004348070839542029
10,2025-08-15,full_pipeline_xy_qaoa,0.02099026600329812,0.02099026600329812,0.02099026600329812
10,2025-08-18,full_pipeline_xy_qaoa,0.0014205814623244883,0.0014205814623244883,0.0014205814623244883
10,2025-08-19,full_pipeline_xy_qaoa,-0.013579618565702445,-0.013579618565702334,-0.013579618565702334
10,2025-08-20,full_pipeline_xy_qaoa,0.0,0.0,0.0
10,2025-08-21,full_pipeline_xy_qaoa,0.006012060851925627,0.006012060851925405,0.006012060851925405
10,2025-08-22,full_pipeline_xy_qaoa,-0.0022612655945376536,-0.0022612655945377647,-0.0022612655945377647
10,2025-08-25,full_pipeline_xy_qaoa,0.016196620406758733,0.016196620406759177,0.016196620406759177
10,2025-08-26,full_pipeline_xy_qaoa,-0.035596877128086124,-0.035596877128086346,-0.035596877128086346
10,2025-08-27,full_pipeline_xy_qaoa,0.0,0.0,0.0
10,2025-08-28,full_pipeline_xy_qaoa,0.019477682990809653,0.019477682990809653,0.019477682990809653
10,2025-08-29,full_pipeline_xy_qaoa,-0.0008483505700905836,-0.0008483505700904725,-0.0008483505700904725
10,2025-08-01,equal_weight_candidates,0.013748828001139746,0.009402151536209491,0.009402151536209491
10,2025-08-04,equal_weight_candidates,-0.004241001153991508,-0.00424100115399173,-0.00424100115399173
10,2025-08-05,equal_weight_candidates,0.014579611918643876,0.014579611918643876,0.014579611918643876
10,2025-08-06,equal_weight_candidates,0.0,0.0,0.0
10,2025-08-07,equal_weight_candidates,0.01420961652676267,0.01420961652676267,0.01420961652676267
10,2025-08-08,equal_weight_candidates,0.022442476951539225,0.022442476951539225,0.022442476951539225
10,2025-08-11,equal_weight_candidates,0.006202665721531941,0.006202665721531719,0.006202665721531719
10,2025-08-12,equal_weight_candidates,0.008532459177492013,0.008532459177492235,0.008532459177492235
10,2025-08-13,equal_weight_candidates,0.002962100870879114,0.002962100870879114,0.002962100870879114
10,2025-08-14,equal_weight_candidates,0.014947483164317044,0.014947483164316822,0.014947483164316822
10,2025-08-15,equal_weight_candidates,0.004580742031328411,0.004580742031328411,0.004580742031328411
10,2025-08-18,equal_weight_candidates,0.014412130898646902,0.014412130898647124,0.014412130898647124
10,2025-08-19,equal_weight_candidates,0.003147424860498571,0.003147424860498571,0.003147424860498571
10,2025-08-20,equal_weight_candidates,0.0,0.0,0.0
10,2025-08-21,equal_weight_candidates,0.003740066775685502,0.00374006677568528,0.00374006677568528
10,2025-08-22,equal_weight_candidates,-0.0058734562666103995,-0.0058734562666103995,-0.0058734562666103995
10,2025-08-25,equal_weight_candidates,0.012438249829127335,0.012438249829127335,0.012438249829127335
10,2025-08-26,equal_weight_candidates,-0.05370422690912258,-0.05370422690912258,-0.05370422690912258
10,2025-08-27,equal_weight_candidates,0.0,0.0,0.0
10,2025-08-28,equal_weight_candidates,0.033271886614961055,0.033271886614961055,0.033271886614961055
10,2025-08-29,equal_weight_candidates,-0.005078004476214204,-0.005078004476214315,-0.005078004476214315
10,2025-08-01,liquidity_topk_exact,0.049126817903858644,0.04527150057852802,0.04527150057852802
10,2025-08-04,liquidity_topk_exact,0.02625381419552708,0.02625381419552708,0.02625381419552708
10,2025-08-05,liquidity_topk_exact,0.024493776700228898,0.024493776700228898,0.024493776700228898
10,2025-08-06,liquidity_topk_exact,0.0,0.0,0.0
10,2025-08-07,liquidity_topk_exact,0.005603082849285013,0.005603082849285235,0.005603082849285235
10,2025-08-08,liquidity_topk_exact,0.0209993479299575,0.02099934792995728,0.02099934792995728
10,2025-08-11,liquidity_topk_exact,0.027269375666939766,0.027269375666939544,0.027269375666939544
10,2025-08-12,liquidity_topk_exact,0.03658885554065794,0.03658885554065816,0.03658885554065816
10,2025-08-13,liquidity_topk_exact,0.0,0.0,0.0
10,2025-08-14,liquidity_topk_exact,-0.00967422593743017,-0.00967422593743028,-0.00967422593743028
10,2025-08-15,liquidity_topk_exact,-0.006346171873586215,-0.006346171873586104,-0.006346171873586104
10,2025-08-18,liquidity_topk_exact,0.04082882429682866,0.04082882429682866,0.04082882429682866
10,2025-08-19,liquidity_topk_exact,0.016429866981080954,0.016429866981080732,0.016429866981080732
10,2025-08-20,liquidity_topk_exact,0.0,0.0,0.0
10,2025-08-21,liquidity_topk_exact,0.03460368176204809,0.034603681762047866,0.034603681762047866
10,2025-08-22,liquidity_topk_exact,0.02234134744772609,0.022341347447726312,0.022341347447726312
10,2025-08-25,liquidity_topk_exact,0.037658622627195104,0.037658622627195326,0.037658622627195326
10,2025-08-26,liquidity_topk_exact,-0.0908092816715359,-0.09080928167153601,-0.09080928167153601
10,2025-08-27,liquidity_topk_exact,0.0,0.0,0.0
10,2025-08-28,liquidity_topk_exact,0.04845767401701884,0.04845767401701906,0.04845767401701906
10,2025-08-29,liquidity_topk_exact,-0.0004433604562850135,-0.00044336045628512455,-0.00044336045628512455
10,2025-08-01,ewma_topk_exact,0.041390680284153714,0.03660851476425786,0.03660851476425786
10,2025-08-04,ewma_topk_exact,0.034478346656728664,0.034478346656728664,0.034478346656728664
10,2025-08-05,ewma_topk_exact,-0.018094573574234274,-0.018094573574234385,-0.018094573574234385
10,2025-08-06,ewma_topk_exact,0.0,0.0,0.0
10,2025-08-07,ewma_topk_exact,-0.03470136857598416,-0.03470136857598416,-0.03470136857598416
10,2025-08-08,ewma_topk_exact,0.010834410401036942,0.010834410401036942,0.010834410401036942
10,2025-08-11,ewma_topk_exact,0.025520871255348077,0.025520871255347855,0.025520871255347855
10,2025-08-12,ewma_topk_exact,0.00048748457539016243,0.00048748457539016243,0.00048748457539016243
10,2025-08-13,ewma_topk_exact,0.0,0.0,0.0
10,2025-08-14,ewma_topk_exact,-0.0038881012860567665,-0.0038881012860565445,-0.0038881012860565445
10,2025-08-15,ewma_topk_exact,-0.014320297086855782,-0.014320297086855893,-0.014320297086855893
10,2025-08-18,ewma_topk_exact,8.334897763218052e-05,8.334897763195848e-05,8.334897763195848e-05
10,2025-08-19,ewma_topk_exact,-0.021752627820407655,-0.021752627820407655,-0.021752627820407655
10,2025-08-20,ewma_topk_exact,0.0,0.0,0.0
10,2025-08-21,ewma_topk_exact,-0.014367749584720979,-0.014367749584720868,-0.014367749584720868
10,2025-08-22,ewma_topk_exact,-0.03411289925879102,-0.03411289925879124,-0.03411289925879124
10,2025-08-25,ewma_topk_exact,-0.005213616177997316,-0.0052136161779972046,-0.0052136161779972046
10,2025-08-26,ewma_topk_exact,-0.04326801016083848,-0.04326801016083848,-0.04326801016083848
10,2025-08-27,ewma_topk_exact,0.0,0.0,0.0
10,2025-08-28,ewma_topk_exact,0.03162920394452451,0.03162920394452473,0.03162920394452473
10,2025-08-29,ewma_topk_exact,0.022316268834176478,0.022316268834176478,0.022316268834176478
10,2025-08-01,xgboost_topk_exact,0.018477946398844036,0.013900853883625164,0.013900853883625164
10,2025-08-04,xgboost_topk_exact,-0.001105887674769379,-0.0011058876747694901,-0.0011058876747694901
10,2025-08-05,xgboost_topk_exact,0.0024930606943172062,0.0024930606943174283,0.0024930606943174283
10,2025-08-06,xgboost_topk_exact,0.01819464760987377,0.01819464760987355,0.01819464760987355
10,2025-08-07,xgboost_topk_exact,-0.01712779266496811,-0.01712779266496789,-0.01712779266496789
10,2025-08-08,xgboost_topk_exact,0.009077189133486208,0.009077189133485986,0.009077189133485986
10,2025-08-11,xgboost_topk_exact,0.0007967945356632811,0.0007967945356632811,0.0007967945356632811
10,2025-08-12,xgboost_topk_exact,0.006320951050400758,0.006320951050400758,0.006320951050400758
10,2025-08-13,xgboost_topk_exact,0.0,0.0,0.0
10,2025-08-14,xgboost_topk_exact,0.0030888433958955464,0.0030888433958957684,0.0030888433958957684
10,2025-08-15,xgboost_topk_exact,0.029633451269635902,0.029633451269635902,0.029633451269635902
10,2025-08-18,xgboost_topk_exact,-0.01171648503706535,-0.01171648503706546,-0.01171648503706546
10,2025-08-19,xgboost_topk_exact,-0.017187978327965703,-0.017187978327965814,-0.017187978327965814
10,2025-08-20,xgboost_topk_exact,0.0,0.0,0.0
10,2025-08-21,xgboost_topk_exact,0.004433439221757762,0.004433439221757762,0.004433439221757762
10,2025-08-22,xgboost_topk_exact,0.0029442268879087408,0.0029442268879085187,0.0029442268879085187
10,2025-08-25,xgboost_topk_exact,-0.002995577985662079,-0.002995577985661635,-0.002995577985661635
10,2025-08-26,xgboost_topk_exact,-0.017197948801382257,-0.017197948801382368,-0.017197948801382368
10,2025-08-27,xgboost_topk_exact,0.0,0.0,0.0
10,2025-08-28,xgboost_topk_exact,0.02324084373845059,0.023240843738450145,0.023240843738450145
10,2025-08-29,xgboost_topk_exact,0.0054135365543157565,0.0054135365543157565,0.0054135365543157565
10,2025-08-01,adaptive_exact,0.020418027103898728,0.015996446392480657,0.015996446392480657
10,2025-08-04,adaptive_exact,0.00653498235838601,0.006534982358386232,0.006534982358386232
10,2025-08-05,adaptive_exact,0.014053120999047763,0.014053120999047763,0.014053120999047763
10,2025-08-06,adaptive_exact,0.0,0.0,0.0
10,2025-08-07,adaptive_exact,0.001005333246479001,0.001005333246479001,0.001005333246479001
10,2025-08-08,adaptive_exact,0.0035412998666728424,0.0035412998666730644,0.0035412998666730644
10,2025-08-11,adaptive_exact,0.001308711652612704,0.001308711652612482,0.001308711652612482
10,2025-08-12,adaptive_exact,0.003931801185349304,0.003931801185349304,0.003931801185349304
10,2025-08-13,adaptive_exact,0.0,0.0,0.0
10,2025-08-14,adaptive_exact,0.004348070839541807,0.004348070839541807,0.004348070839541807
10,2025-08-15,adaptive_exact,0.02099026600329812,0.02099026600329812,0.02099026600329812
10,2025-08-18,adaptive_exact,0.0014205814623244883,0.0014205814623242663,0.0014205814623242663
10,2025-08-19,adaptive_exact,-0.013579618565702445,-0.013579618565702334,-0.013579618565702334
10,2025-08-20,adaptive_exact,0.0,0.0,0.0
10,2025-08-21,adaptive_exact,0.006012060851925627,0.006012060851925405,0.006012060851925405
10,2025-08-22,adaptive_exact,-0.0022612655945376536,-0.0022612655945377647,-0.0022612655945377647
10,2025-08-25,adaptive_exact,0.016196620406758733,0.016196620406759177,0.016196620406759177
10,2025-08-26,adaptive_exact,-0.035596877128086124,-0.035596877128086346,-0.035596877128086346
10,2025-08-27,adaptive_exact,0.0,0.0,0.0
10,2025-08-28,adaptive_exact,0.019477682990809653,0.019477682990809653,0.019477682990809653
10,2025-08-29,adaptive_exact,-0.0008483505700905836,-0.0008483505700905836,-0.0008483505700905836
10,2025-08-01,xgboost_penalty_qaoa,0.018560843043784914,0.015268999502914937,0.015268999502914937
10,2025-08-04,xgboost_penalty_qaoa,-0.0014042398415498036,-0.0014042398415496926,-0.0014042398415496926
10,2025-08-05,xgboost_penalty_qaoa,-0.0006419754598392391,-0.0006419754598394611,-0.0006419754598394611
10,2025-08-06,xgboost_penalty_qaoa,0.022362449726265776,0.022362449726265776,0.022362449726265776
10,2025-08-07,xgboost_penalty_qaoa,-0.021683187816601057,-0.021683187816600724,-0.021683187816600724
10,2025-08-08,xgboost_penalty_qaoa,0.01091579173793078,0.010915791737930558,0.010915791737930558
10,2025-08-11,xgboost_penalty_qaoa,-0.0013884907620106413,-0.0013884907620104192,-0.0013884907620104192
10,2025-08-12,xgboost_penalty_qaoa,-0.0019884025599237187,-0.0019884025599237187,-0.0019884025599237187
10,2025-08-13,xgboost_penalty_qaoa,0.0,0.0,0.0
10,2025-08-14,xgboost_penalty_qaoa,0.0023857681083585547,0.0023857681083583326,0.0023857681083583326
10,2025-08-15,xgboost_penalty_qaoa,0.028859230843601313,0.028859230843601313,0.028859230843601313
10,2025-08-18,xgboost_penalty_qaoa,-0.014149102458557938,-0.014149102458557605,-0.014149102458557605
10,2025-08-19,xgboost_penalty_qaoa,-0.016751403310989343,-0.016751403310989676,-0.016751403310989676
10,2025-08-20,xgboost_penalty_qaoa,0.0,0.0,0.0
10,2025-08-21,xgboost_penalty_qaoa,0.003936664896006636,0.0039366648960070805,0.0039366648960070805
10,2025-08-22,xgboost_penalty_qaoa,0.003257525179680698,0.003257525179680698,0.003257525179680698
10,2025-08-25,xgboost_penalty_qaoa,0.004992028359324774,0.004992028359324774,0.004992028359324774
10,2025-08-26,xgboost_penalty_qaoa,-0.025251572629637398,-0.02525157262963762,-0.02525157262963762
10,2025-08-27,xgboost_penalty_qaoa,0.0,0.0,0.0
10,2025-08-28,xgboost_penalty_qaoa,0.024738560660353626,0.024738560660353848,0.024738560660353848
10,2025-08-29,xgboost_penalty_qaoa,-0.0015315703835252492,-0.0015315703835250272,-0.0015315703835250272
10,2025-08-01,xgboost_xy_qaoa,0.018477946398844036,0.013900853883625164,0.013900853883625164
10,2025-08-04,xgboost_xy_qaoa,-0.001105887674769379,-0.0011058876747694901,-0.0011058876747694901
10,2025-08-05,xgboost_xy_qaoa,0.0024930606943172062,0.0024930606943174283,0.0024930606943174283
10,2025-08-06,xgboost_xy_qaoa,0.01819464760987377,0.01819464760987355,0.01819464760987355
10,2025-08-07,xgboost_xy_qaoa,-0.01712779266496811,-0.01712779266496789,-0.01712779266496789
10,2025-08-08,xgboost_xy_qaoa,0.009077189133486208,0.009077189133485986,0.009077189133485986
10,2025-08-11,xgboost_xy_qaoa,0.0007967945356632811,0.0007967945356632811,0.0007967945356632811
10,2025-08-12,xgboost_xy_qaoa,0.006320951050400758,0.006320951050400758,0.006320951050400758
10,2025-08-13,xgboost_xy_qaoa,0.0,0.0,0.0
10,2025-08-14,xgboost_xy_qaoa,0.0030888433958955464,0.0030888433958957684,0.0030888433958957684
10,2025-08-15,xgboost_xy_qaoa,0.029633451269635902,0.029633451269635902,0.029633451269635902
10,2025-08-18,xgboost_xy_qaoa,-0.01171648503706535,-0.01171648503706546,-0.01171648503706546
10,2025-08-19,xgboost_xy_qaoa,-0.017187978327965703,-0.017187978327965814,-0.017187978327965814
10,2025-08-20,xgboost_xy_qaoa,0.0,0.0,0.0
10,2025-08-21,xgboost_xy_qaoa,0.004433439221757762,0.004433439221757762,0.004433439221757762
10,2025-08-22,xgboost_xy_qaoa,0.0029442268879087408,0.0029442268879085187,0.0029442268879085187
10,2025-08-25,xgboost_xy_qaoa,-0.002995577985662079,-0.002995577985661635,-0.002995577985661635
10,2025-08-26,xgboost_xy_qaoa,-0.017197948801382257,-0.017197948801382368,-0.017197948801382368
10,2025-08-27,xgboost_xy_qaoa,0.0,0.0,0.0
10,2025-08-28,xgboost_xy_qaoa,0.02324084373845059,0.023240843738450145,0.023240843738450145
10,2025-08-29,xgboost_xy_qaoa,0.0054135365543157565,0.0054135365543157565,0.0054135365543157565
10,2025-08-01,adaptive_penalty_qaoa,0.02041804916670742,0.01599646811083555,0.01599646811083555
10,2025-08-04,adaptive_penalty_qaoa,0.006535097152149172,0.006535097152149172,0.006535097152149172
10,2025-08-05,adaptive_penalty_qaoa,0.014053225829037341,0.01405322582903712,0.01405322582903712
10,2025-08-06,adaptive_penalty_qaoa,0.0,0.0,0.0
10,2025-08-07,adaptive_penalty_qaoa,0.0010053602947397433,0.0010053602947399654,0.0010053602947399654
10,2025-08-08,adaptive_penalty_qaoa,0.003541244945771682,0.003541244945771682,0.003541244945771682
10,2025-08-11,adaptive_penalty_qaoa,0.0013087259179414001,0.001308725917941178,0.001308725917941178
10,2025-08-12,adaptive_penalty_qaoa,0.003931822855001821,0.003931822855001821,0.003931822855001821
10,2025-08-13,adaptive_penalty_qaoa,1.25048820187601e-08,1.25048820187601e-08,1.25048820187601e-08
10,2025-08-14,adaptive_penalty_qaoa,0.004348099838792585,0.004348099838792363,0.004348099838792363
10,2025-08-15,adaptive_penalty_qaoa,0.02099031642978466,0.020990316429784883,0.020990316429784883
10,2025-08-18,adaptive_penalty_qaoa,0.0014205895659358259,0.0014205895659356038,0.0014205895659356038
10,2025-08-19,adaptive_penalty_qaoa,-0.013579564521339349,-0.013579564521339016,-0.013579564521339016
10,2025-08-20,adaptive_penalty_qaoa,0.0,0.0,0.0
10,2025-08-21,adaptive_penalty_qaoa,0.006012065832599944,0.006012065832599944,0.006012065832599944
10,2025-08-22,adaptive_penalty_qaoa,-0.0022612947754308,-0.002261294775430911,-0.002261294775430911
10,2025-08-25,adaptive_penalty_qaoa,0.01619664203623805,0.016196642036238273,0.016196642036238273
10,2025-08-26,adaptive_penalty_qaoa,-0.035596907153171986,-0.035596907153171986,-0.035596907153171986
10,2025-08-27,adaptive_penalty_qaoa,0.0,0.0,0.0
10,2025-08-28,adaptive_penalty_qaoa,0.019477673641078663,0.019477673641078663,0.019477673641078663
10,2025-08-29,adaptive_penalty_qaoa,-0.0008483897221516212,-0.0008483897221516212,-0.0008483897221516212
10,2025-08-01,adaptive_xy_qaoa,0.020418027103898728,0.015996446392480657,0.015996446392480657
10,2025-08-04,adaptive_xy_qaoa,0.00653498235838601,0.006534982358386232,0.006534982358386232
10,2025-08-05,adaptive_xy_qaoa,0.014053120999047763,0.014053120999047763,0.014053120999047763
10,2025-08-06,adaptive_xy_qaoa,0.0,0.0,0.0
10,2025-08-07,adaptive_xy_qaoa,0.001005333246479001,0.001005333246479001,0.001005333246479001
10,2025-08-08,adaptive_xy_qaoa,0.0035412998666728424,0.0035412998666730644,0.0035412998666730644
10,2025-08-11,adaptive_xy_qaoa,0.001308711652612704,0.001308711652612482,0.001308711652612482
10,2025-08-12,adaptive_xy_qaoa,0.003931801185349304,0.003931801185349304,0.003931801185349304
10,2025-08-13,adaptive_xy_qaoa,0.0,0.0,0.0
10,2025-08-14,adaptive_xy_qaoa,0.004348070839541807,0.004348070839541807,0.004348070839541807
10,2025-08-15,adaptive_xy_qaoa,0.02099026600329812,0.02099026600329812,0.02099026600329812
10,2025-08-18,adaptive_xy_qaoa,0.0014205814623244883,0.0014205814623242663,0.0014205814623242663
10,2025-08-19,adaptive_xy_qaoa,-0.013579618565702445,-0.013579618565702334,-0.013579618565702334
10,2025-08-20,adaptive_xy_qaoa,0.0,0.0,0.0
10,2025-08-21,adaptive_xy_qaoa,0.006012060851925627,0.006012060851925405,0.006012060851925405
10,2025-08-22,adaptive_xy_qaoa,-0.0022612655945376536,-0.0022612655945377647,-0.0022612655945377647
10,2025-08-25,adaptive_xy_qaoa,0.016196620406758733,0.016196620406759177,0.016196620406759177
10,2025-08-26,adaptive_xy_qaoa,-0.035596877128086124,-0.035596877128086346,-0.035596877128086346
10,2025-08-27,adaptive_xy_qaoa,0.0,0.0,0.0
10,2025-08-28,adaptive_xy_qaoa,0.019477682990809653,0.019477682990809653,0.019477682990809653
10,2025-08-29,adaptive_xy_qaoa,-0.0008483505700905836,-0.0008483505700905836,-0.0008483505700905836
10,2025-08-01,adaptive_simulated_annealing,0.020418027103898728,0.015996446392480657,0.015996446392480657
10,2025-08-04,adaptive_simulated_annealing,0.00653498235838601,0.006534982358386232,0.006534982358386232
10,2025-08-05,adaptive_simulated_annealing,0.014053120999047763,0.014053120999047763,0.014053120999047763
10,2025-08-06,adaptive_simulated_annealing,0.0,0.0,0.0
10,2025-08-07,adaptive_simulated_annealing,0.001005333246479001,0.001005333246479001,0.001005333246479001
10,2025-08-08,adaptive_simulated_annealing,0.0035412998666728424,0.0035412998666730644,0.0035412998666730644
10,2025-08-11,adaptive_simulated_annealing,0.001308711652612704,0.001308711652612482,0.001308711652612482
10,2025-08-12,adaptive_simulated_annealing,0.003931801185349304,0.003931801185349304,0.003931801185349304
10,2025-08-13,adaptive_simulated_annealing,0.0,0.0,0.0
10,2025-08-14,adaptive_simulated_annealing,0.004348070839541807,0.004348070839541807,0.004348070839541807
10,2025-08-15,adaptive_simulated_annealing,0.02099026600329812,0.02099026600329812,0.02099026600329812
10,2025-08-18,adaptive_simulated_annealing,0.0014205814623244883,0.0014205814623242663,0.0014205814623242663
10,2025-08-19,adaptive_simulated_annealing,-0.013579618565702445,-0.013579618565702334,-0.013579618565702334
10,2025-08-20,adaptive_simulated_annealing,0.0,0.0,0.0
10,2025-08-21,adaptive_simulated_annealing,0.006012060851925627,0.006012060851925405,0.006012060851925405
10,2025-08-22,adaptive_simulated_annealing,-0.0022612655945376536,-0.0022612655945377647,-0.0022612655945377647
10,2025-08-25,adaptive_simulated_annealing,0.016196620406758733,0.016196620406759177,0.016196620406759177
10,2025-08-26,adaptive_simulated_annealing,-0.035596877128086124,-0.035596877128086346,-0.035596877128086346
10,2025-08-27,adaptive_simulated_annealing,0.0,0.0,0.0
10,2025-08-28,adaptive_simulated_annealing,0.019477682990809653,0.019477682990809653,0.019477682990809653
10,2025-08-29,adaptive_simulated_annealing,-0.0008483505700905836,-0.0008483505700905836,-0.0008483505700905836
10,2025-08-01,equal_weight_universe,0.010819179263140688,0.010430796016213773,0.010430796016213773
10,2025-08-04,equal_weight_universe,0.006975296588475288,0.006975296588475288,0.006975296588475288
10,2025-08-05,equal_weight_universe,0.011066008755197032,0.011066008755196588,0.011066008755196588
10,2025-08-06,equal_weight_universe,0.0007787129936085435,0.0007787129936085435,0.0007787129936085435
10,2025-08-07,equal_weight_universe,-0.0062134655639207725,-0.0062134655639205505,-0.0062134655639205505
10,2025-08-08,equal_weight_universe,0.01237808982474431,0.01237808982474431,0.01237808982474431
10,2025-08-11,equal_weight_universe,0.008963267515364803,0.008963267515365025,0.008963267515365025
10,2025-08-12,equal_weight_universe,0.014386735790807181,0.01438673579080696,0.01438673579080696
10,2025-08-13,equal_weight_universe,7.191480868429245e-05,7.19148086845145e-05,7.19148086845145e-05
10,2025-08-14,equal_weight_universe,0.006388936657161226,0.006388936657161448,0.006388936657161448
10,2025-08-15,equal_weight_universe,0.006038837440703659,0.006038837440703215,0.006038837440703215
10,2025-08-18,equal_weight_universe,0.0034675265973271863,0.0034675265973274083,0.0034675265973274083
10,2025-08-19,equal_weight_universe,-0.0017725850846711522,-0.0017725850846711522,-0.0017725850846711522
10,2025-08-20,equal_weight_universe,0.0,0.0,0.0
10,2025-08-21,equal_weight_universe,0.011267447557068655,0.011267447557068655,0.011267447557068655
10,2025-08-22,equal_weight_universe,-0.011557730388547238,-0.01155773038854735,-0.01155773038854735
10,2025-08-25,equal_weight_universe,-0.005766295446324232,-0.005766295446324343,-0.005766295446324343
10,2025-08-26,equal_weight_universe,-0.03594392636885979,-0.03594392636885968,-0.03594392636885968
10,2025-08-27,equal_weight_universe,0.00012010121536465412,0.00012010121536465412,0.00012010121536465412
10,2025-08-28,equal_weight_universe,0.02381442383864374,0.023814423838643517,0.023814423838643517
10,2025-08-29,equal_weight_universe,0.0023532713029876806,0.0023532713029879027,0.0023532713029879027
10,2025-08-01,markowitz_mean_variance,0.041390680284224546,0.036599054465079384,0.036599054465079384
10,2025-08-04,markowitz_mean_variance,0.03447834665654215,0.03447834665654215,0.03447834665654215
10,2025-08-05,markowitz_mean_variance,-0.018094573574406025,-0.018094573574406136,-0.018094573574406136
10,2025-08-06,markowitz_mean_variance,0.0,0.0,0.0
10,2025-08-07,markowitz_mean_variance,-0.03470136857611816,-0.03470136857611794,-0.03470136857611794
10,2025-08-08,markowitz_mean_variance,0.010834410401115768,0.01083441040111599,0.01083441040111599
10,2025-08-11,markowitz_mean_variance,0.025520871255594546,0.025520871255594546,0.025520871255594546
10,2025-08-12,markowitz_mean_variance,0.00048748457522451716,0.00048748457522451716,0.00048748457522451716
10,2025-08-13,markowitz_mean_variance,0.0,0.0,0.0
10,2025-08-14,markowitz_mean_variance,-0.003888101286054102,-0.003888101286053991,-0.003888101286053991
10,2025-08-15,markowitz_mean_variance,-0.014320297086795386,-0.014320297086795608,-0.014320297086795608
10,2025-08-18,markowitz_mean_variance,8.334897763173643e-05,8.334897763173643e-05,8.334897763173643e-05
10,2025-08-19,markowitz_mean_variance,-0.021752627820340042,-0.02175262782033982,-0.02175262782033982
10,2025-08-20,markowitz_mean_variance,0.0,0.0,0.0
10,2025-08-21,markowitz_mean_variance,-0.014367749584636491,-0.014367749584636713,-0.014367749584636713
10,2025-08-22,markowitz_mean_variance,-0.03411289925883332,-0.03411289925883332,-0.03411289925883332
10,2025-08-25,markowitz_mean_variance,-0.005213616178000202,-0.005213616178000202,-0.005213616178000202
10,2025-08-26,markowitz_mean_variance,-0.043268010161114256,-0.043268010161114145,-0.043268010161114145
10,2025-08-27,markowitz_mean_variance,0.0,0.0,0.0
10,2025-08-28,markowitz_mean_variance,0.03162920394465285,0.03162920394465263,0.03162920394465263
10,2025-08-29,markowitz_mean_variance,0.02231626883421911,0.02231626883421911,0.02231626883421911
10,2025-08-01,minimum_variance,-3.303886528027711e-05,-0.0005553657853376581,-0.0005553657853376581
10,2025-08-04,minimum_variance,0.0018148176241692404,0.0018148176241694625,0.0018148176241694625
10,2025-08-05,minimum_variance,0.005075282748047361,0.0050752827480471385,0.0050752827480471385
10,2025-08-06,minimum_variance,3.66122834050131e-07,3.6612283449422023e-07,3.6612283449422023e-07
10,2025-08-07,minimum_variance,-0.0001682203934314508,-0.0001682203934314508,-0.0001682203934314508
10,2025-08-08,minimum_variance,0.004108588658307211,0.004108588658306989,0.004108588658306989
10,2025-08-11,minimum_variance,-0.00159160473229647,-0.00159160473229647,-0.00159160473229647
10,2025-08-12,minimum_variance,0.008364625691729133,0.00836462569172891,0.00836462569172891
10,2025-08-13,minimum_variance,5.527680579930916e-08,5.5276806021353764e-08,5.5276806021353764e-08
10,2025-08-14,minimum_variance,-0.0013099802421108198,-0.0013099802421108198,-0.0013099802421108198
10,2025-08-15,minimum_variance,0.018375599449780067,0.018375599449780067,0.018375599449780067
10,2025-08-18,minimum_variance,-0.017444584339729063,-0.017444584339729285,-0.017444584339729285
10,2025-08-19,minimum_variance,-0.0029048677886266416,-0.0029048677886264196,-0.0029048677886264196
10,2025-08-20,minimum_variance,0.0,0.0,0.0
10,2025-08-21,minimum_variance,0.0006801590994616191,0.0006801590994613971,0.0006801590994613971
10,2025-08-22,minimum_variance,-0.0031818448208378314,-0.0031818448208379424,-0.0031818448208379424
10,2025-08-25,minimum_variance,0.0036112554812217645,0.0036112554812217645,0.0036112554812217645
10,2025-08-26,minimum_variance,-0.006686924201638633,-0.006686924201638633,-0.006686924201638633
10,2025-08-27,minimum_variance,2.483645373807519e-07,2.483645371587073e-07,2.483645371587073e-07
10,2025-08-28,minimum_variance,0.01169070425623353,0.011690704256233309,0.011690704256233309
10,2025-08-29,minimum_variance,0.003765746097094569,0.003765746097095013,0.003765746097095013
11,2025-12-01,full_pipeline_xy_qaoa,0.000568090812229638,-0.003925446931632215,-0.003925446931632215
11,2025-12-02,full_pipeline_xy_qaoa,-0.0027239410373983697,-0.0027239410373984807,-0.0027239410373984807
11,2025-12-03,full_pipeline_xy_qaoa,0.0019684950449947447,0.0019684950449947447,0.0019684950449947447
11,2025-12-04,full_pipeline_xy_qaoa,-0.00016497491788358687,-0.00016497491788347585,-0.00016497491788347585
11,2025-12-05,full_pipeline_xy_qaoa,0.01280459967118075,0.012804599671180528,0.012804599671180528
11,2025-12-08,full_pipeline_xy_qaoa,-0.010816679125825512,-0.010816679125825401,-0.010816679125825401
11,2025-12-09,full_pipeline_xy_qaoa,-0.001610121102841311,-0.001610121102841311,-0.001610121102841311
11,2025-12-10,full_pipeline_xy_qaoa,-0.012323692625475058,-0.012323692625475058,-0.012323692625475058
11,2025-12-11,full_pipeline_xy_qaoa,-0.00032348665013859357,-0.0003234866501387046,-0.0003234866501387046
11,2025-12-12,full_pipeline_xy_qaoa,-0.0048245579586682075,-0.0048245579586682075,-0.0048245579586682075
11,2025-12-15,full_pipeline_xy_qaoa,-0.03559431554238146,-0.03559431554238146,-0.03559431554238146
11,2025-12-16,full_pipeline_xy_qaoa,-0.006080834077850317,-0.006080834077850317,-0.006080834077850317
11,2025-12-17,full_pipeline_xy_qaoa,0.02462388163513407,0.024623881635134293,0.024623881635134293
11,2025-12-18,full_pipeline_xy_qaoa,-0.011196056464529702,-0.011196056464529924,-0.011196056464529924
11,2025-12-19,full_pipeline_xy_qaoa,0.0,0.0,0.0
11,2025-12-22,full_pipeline_xy_qaoa,0.029226545980271856,0.029226545980271856,0.029226545980271856
11,2025-12-23,full_pipeline_xy_qaoa,0.009743263924727685,0.009743263924727907,0.009743263924727907
11,2025-12-24,full_pipeline_xy_qaoa,0.0036846354232733525,0.0036846354232733525,0.0036846354232733525
11,2025-12-25,full_pipeline_xy_qaoa,0.014048037589264872,0.01404803758926465,0.01404803758926465
11,2025-12-26,full_pipeline_xy_qaoa,0.0,0.0,0.0
11,2025-12-29,full_pipeline_xy_qaoa,-0.009760745484915345,-0.009760745484915234,-0.009760745484915234
11,2025-12-30,full_pipeline_xy_qaoa,0.014579818715747983,0.014579818715747983,0.014579818715747983
11,2025-12-01,equal_weight_candidates,-0.01270320986348783,-0.01696774423602787,-0.01696774423602787
11,2025-12-02,equal_weight_candidates,0.004161152308535421,0.004161152308535643,0.004161152308535643
11,2025-12-03,equal_weight_candidates,-0.0001057934508532643,-0.0001057934508532643,-0.0001057934508532643
11,2025-12-04,equal_weight_candidates,0.0014377947029224902,0.0014377947029224902,0.0014377947029224902
11,2025-12-05,equal_weight_candidates,0.005055101236257409,0.005055101236257409,0.005055101236257409
11,2025-12-08,equal_weight_candidates,-0.009202376499928389,-0.009202376499928389,-0.009202376499928389
11,2025-12-09,equal_weight_candidates,-0.014193513921683554,-0.014193513921683665,-0.014193513921683665
11,2025-12-10,equal_weight_candidates,-0.010363584280502325,-0.010363584280502103,-0.010363584280502103
11,2025-12-11,equal_weight_candidates,-0.010399741938431739,-0.010399741938431517,-0.010399741938431517
11,2025-12-12,equal_weight_candidates,-0.002157314910825714,-0.002157314910825936,-0.002157314910825936
11,2025-12-15,equal_weight_candidates,-0.047606305119085035,-0.047606305119085146,-0.047606305119085146
11,2025-12-16,equal_weight_candidates,-0.002996000313772562,-0.002996000313772451,-0.002996000313772451
11,2025-12-17,equal_weight_candidates,0.034603884106357174,0.03460388410635695,0.03460388410635695
11,2025-12-18,equal_weight_candidates,-0.007715282641459265,-0.007715282641459376,-0.007715282641459376
11,2025-12-19,equal_weight_candidates,0.0,0.0,0.0
11,2025-12-22,equal_weight_candidates,0.017685630030471522,0.017685630030471078,0.017685630030471078
11,2025-12-23,equal_weight_candidates,0.03336779758145636,0.033367797581456804,0.033367797581456804
11,2025-12-24,equal_weight_candidates,0.011744597011199787,0.011744597011200009,0.011744597011200009
11,2025-12-25,equal_weight_candidates,0.00980414191010226,0.009804141910102038,0.009804141910102038
11,2025-12-26,equal_weight_candidates,0.0,0.0,0.0
11,2025-12-29,equal_weight_candidates,-0.011509081900633378,-0.011509081900633045,-0.011509081900633045
11,2025-12-30,equal_weight_candidates,0.023116026789206767,0.023116026789206545,0.023116026789206545
11,2025-12-01,liquidity_topk_exact,0.020597014926051482,0.016815007033519125,0.016815007033519125
11,2025-12-02,liquidity_topk_exact,0.011229342486074101,0.011229342486074101,0.011229342486074101
11,2025-12-03,liquidity_topk_exact,0.014026167434804115,0.014026167434804115,0.014026167434804115
11,2025-12-04,liquidity_topk_exact,-0.0016513090002574504,-0.0016513090002574504,-0.0016513090002574504
11,2025-12-05,liquidity_topk_exact,0.008374757097743712,0.008374757097743712,0.008374757097743712
11,2025-12-08,liquidity_topk_exact,0.018000814113509733,0.018000814113509733,0.018000814113509733
11,2025-12-09,liquidity_topk_exact,0.02577523152605221,0.02577523152605221,0.02577523152605221
11,2025-12-10,liquidity_topk_exact,0.006116666420268091,0.006116666420268091,0.006116666420268091
11,2025-12-11,liquidity_topk_exact,-0.0258390105889148,-0.0258390105889148,-0.0258390105889148
11,2025-12-12,liquidity_topk_exact,-0.014120733834409815,-0.014120733834409704,-0.014120733834409704
11,2025-12-15,liquidity_topk_exact,-0.02822560128027163,-0.02822560128027185,-0.02822560128027185
11,2025-12-16,liquidity_topk_exact,-0.0070106536903885575,-0.0070106536903885575,-0.0070106536903885575
11,2025-12-17,liquidity_topk_exact,0.025589325948357722,0.025589325948357944,0.025589325948357944
11,2025-12-18,liquidity_topk_exact,-0.0022698709357656943,-0.0022698709357658053,-0.0022698709357658053
11,2025-12-19,liquidity_topk_exact,0.11349275792082003,0.11349275792082003,0.11349275792082003
11,2025-12-22,liquidity_topk_exact,-0.06524707778795003,-0.06524707778795014,-0.06524707778795014
11,2025-12-23,liquidity_topk_exact,0.04763046348868949,0.04763046348868949,0.04763046348868949
11,2025-12-24,liquidity_topk_exact,0.03836494035031457,0.03836494035031457,0.03836494035031457
11,2025-12-25,liquidity_topk_exact,0.010530524197515101,0.010530524197515101,0.010530524197515101
11,2025-12-26,liquidity_topk_exact,0.0,0.0,0.0
11,2025-12-29,liquidity_topk_exact,-0.048593771924414164,-0.04859377192441405,-0.04859377192441405
11,2025-12-30,liquidity_topk_exact,0.011701040725769607,0.011701040725769607,0.011701040725769607
11,2025-12-01,ewma_topk_exact,-0.004310209858430114,-0.008884710687634412,-0.008884710687634412
11,2025-12-02,ewma_topk_exact,0.05268567700524618,0.05268567700524596,0.05268567700524596
11,2025-12-03,ewma_topk_exact,0.06708606815798102,0.06708606815798102,0.06708606815798102
11,2025-12-04,ewma_topk_exact,0.052557319343053965,0.05255731934305419,0.05255731934305419
11,2025-12-05,ewma_topk_exact,-0.0007350810179895806,-0.0007350810179895806,-0.0007350810179895806
11,2025-12-08,ewma_topk_exact,0.09556959690314493,0.0955695969031447,0.0955695969031447
11,2025-12-09,ewma_topk_exact,0.045501641795886005,0.045501641795886005,0.045501641795886005
11,2025-12-10,ewma_topk_exact,-0.05561524823002828,-0.05561524823002817,-0.05561524823002817
11,2025-12-11,ewma_topk_exact,-0.06910752414122079,-0.06910752414122068,-0.06910752414122068
11,2025-12-12,ewma_topk_exact,-0.0688125960432403,-0.06881259604324053,-0.06881259604324053
11,2025-12-15,ewma_topk_exact,-0.06685563066205313,-0.06685563066205336,-0.06685563066205336
11,2025-12-16,ewma_topk_exact,-0.06590523327394393,-0.06590523327394382,-0.06590523327394382
11,2025-12-17,ewma_topk_exact,-0.06160969858763443,-0.06160969858763443,-0.06160969858763443
11,2025-12-18,ewma_topk_exact,0.06965095071298233,0.06965095071298233,0.06965095071298233
11,2025-12-19,ewma_topk_exact,0.0,0.0,0.0
11,2025-12-22,ewma_topk_exact,-0.03959898667744488,-0.03959898667744488,-0.03959898667744488
11,2025-12-23,ewma_topk_exact,0.013661321333793275,0.013661321333793275,0.013661321333793275
11,2025-12-24,ewma_topk_exact,-0.0039831318897327606,-0.0039831318897325385,-0.0039831318897325385
11,2025-12-25,ewma_topk_exact,0.007355210607709273,0.007355210607709273,0.007355210607709273
11,2025-12-26,ewma_topk_exact,0.0,0.0,0.0
11,2025-12-29,ewma_topk_exact,0.030543499235913485,0.030543499235913707,0.030543499235913707
11,2025-12-30,ewma_topk_exact,-0.002121013920048598,-0.002121013920048709,-0.002121013920048709
11,2025-12-01,xgboost_topk_exact,-0.00215904348951923,-0.004315342807921785,-0.004315342807921785
11,2025-12-02,xgboost_topk_exact,0.0049502301596111575,0.0049502301596111575,0.0049502301596111575
11,2025-12-03,xgboost_topk_exact,0.001676677122963044,0.001676677122963266,0.001676677122963266
11,2025-12-04,xgboost_topk_exact,0.0008288913599499015,0.0008288913599496794,0.0008288913599496794
11,2025-12-05,xgboost_topk_exact,-0.0004921042520672492,-0.0004921042520671381,-0.0004921042520671381
11,2025-12-08,xgboost_topk_exact,0.006330600566662348,0.006330600566662126,0.006330600566662126
11,2025-12-09,xgboost_topk_exact,-0.004706312568740878,-0.004706312568740767,-0.004706312568740767
11,2025-12-10,xgboost_topk_exact,-0.0006324519355360714,-0.0006324519355359604,-0.0006324519355359604
11,2025-12-11,xgboost_topk_exact,0.0019426418226347053,0.0019426418226347053,0.0019426418226347053
11,2025-12-12,xgboost_topk_exact,-0.0038458996749227703,-0.0038458996749228813,-0.0038458996749228813
11,2025-12-15,xgboost_topk_exact,-0.014771892413778742,-0.014771892413778742,-0.014771892413778742
11,2025-12-16,xgboost_topk_exact,0.01381580269807281,0.013815802698073032,0.013815802698073032
11,2025-12-17,xgboost_topk_exact,-0.0007707857253318462,-0.0007707857253318462,-0.0007707857253318462
11,2025-12-18,xgboost_topk_exact,-0.0016625561457589422,-0.0016625561457590532,-0.0016625561457590532
11,2025-12-19,xgboost_topk_exact,0.00871274316598103,0.00871274316598103,0.00871274316598103
11,2025-12-22,xgboost_topk_exact,-0.012248723687287355,-0.012248723687287355,-0.012248723687287355
11,2025-12-23,xgboost_topk_exact,0.009480421306785836,0.009480421306785836,0.009480421306785836
11,2025-12-24,xgboost_topk_exact,0.01654516676517237,0.016545166765172592,0.016545166765172592
11,2025-12-25,xgboost_topk_exact,0.010449459801972205,0.010449459801972427,0.010449459801972427
11,2025-12-26,xgboost_topk_exact,0.0,0.0,0.0
11,2025-12-29,xgboost_topk_exact,-0.007967379277982967,-0.00796737927798341,-0.00796737927798341
11,2025-12-30,xgboost_topk_exact,0.011310073140822219,0.01131007314082244,0.01131007314082244
11,2025-12-01,adaptive_exact,0.000568090812229638,-0.003925446931632215,-0.003925446931632215
11,2025-12-02,adaptive_exact,-0.0027239410373983697,-0.0027239410373984807,-0.0027239410373984807
11,2025-12-03,adaptive_exact,0.0019684950449947447,0.0019684950449947447,0.0019684950449947447
11,2025-12-04,adaptive_exact,-0.00016497491788358687,-0.00016497491788347585,-0.00016497491788347585
11,2025-12-05,adaptive_exact,0.01280459967118075,0.012804599671180528,0.012804599671180528
11,2025-12-08,adaptive_exact,-0.010816679125825512,-0.010816679125825401,-0.010816679125825401
11,2025-12-09,adaptive_exact,-0.001610121102841311,-0.001610121102841311,-0.001610121102841311
11,2025-12-10,adaptive_exact,-0.012323692625475058,-0.012323692625475058,-0.012323692625475058
11,2025-12-11,adaptive_exact,-0.00032348665013859357,-0.0003234866501387046,-0.0003234866501387046
11,2025-12-12,adaptive_exact,-0.0048245579586682075,-0.0048245579586682075,-0.0048245579586682075
11,2025-12-15,adaptive_exact,-0.03559431554238146,-0.03559431554238146,-0.03559431554238146
11,2025-12-16,adaptive_exact,-0.006080834077850317,-0.006080834077850317,-0.006080834077850317
11,2025-12-17,adaptive_exact,0.02462388163513407,0.024623881635134293,0.024623881635134293
11,2025-12-18,adaptive_exact,-0.011196056464529702,-0.011196056464529924,-0.011196056464529924
11,2025-12-19,adaptive_exact,0.0,0.0,0.0
11,2025-12-22,adaptive_exact,0.029226545980271856,0.029226545980271856,0.029226545980271856
11,2025-12-23,adaptive_exact,0.009743263924727685,0.009743263924727907,0.009743263924727907
11,2025-12-24,adaptive_exact,0.0036846354232733525,0.0036846354232733525,0.0036846354232733525
11,2025-12-25,adaptive_exact,0.014048037589264872,0.01404803758926465,0.01404803758926465
11,2025-12-26,adaptive_exact,0.0,0.0,0.0
11,2025-12-29,adaptive_exact,-0.009760745484915345,-0.009760745484915234,-0.009760745484915234
11,2025-12-30,adaptive_exact,0.014579818715747983,0.014579818715747983,0.014579818715747983
11,2025-12-01,xgboost_penalty_qaoa,-0.0021695329422646292,-0.004901267843061996,-0.004901267843061996
11,2025-12-02,xgboost_penalty_qaoa,0.004953981446685907,0.004953981446685907,0.004953981446685907
11,2025-12-03,xgboost_penalty_qaoa,0.0016681011136199242,0.0016681011136197021,0.0016681011136197021
11,2025-12-04,xgboost_penalty_qaoa,0.0007998613250650433,0.0007998613250650433,0.0007998613250650433
11,2025-12-05,xgboost_penalty_qaoa,-0.00047606802366895185,-0.0004760680236688408,-0.0004760680236688408
11,2025-12-08,xgboost_penalty_qaoa,0.006290181132984962,0.00629018113298474,0.00629018113298474
11,2025-12-09,xgboost_penalty_qaoa,-0.004622851410372442,-0.004622851410372331,-0.004622851410372331
11,2025-12-10,xgboost_penalty_qaoa,-0.0006304042142447619,-0.0006304042142443178,-0.0006304042142443178
11,2025-12-11,xgboost_penalty_qaoa,0.0019172578007091712,0.0019172578007089491,0.0019172578007089491
11,2025-12-12,xgboost_penalty_qaoa,-0.0038489226239245555,-0.0038489226239245555,-0.0038489226239245555
11,2025-12-15,xgboost_penalty_qaoa,-0.014764410323257704,-0.014764410323257593,-0.014764410323257593
11,2025-12-16,xgboost_penalty_qaoa,0.013709947523374177,0.013709947523374177,0.013709947523374177
11,2025-12-17,xgboost_penalty_qaoa,-0.00079291971941442,-0.000792919719414531,-0.000792919719414531
11,2025-12-18,xgboost_penalty_qaoa,-0.0016194092111340153,-0.0016194092111339042,-0.0016194092111339042
11,2025-12-19,xgboost_penalty_qaoa,0.00842917747282157,0.00842917747282157,0.00842917747282157
11,2025-12-22,xgboost_penalty_qaoa,-0.011738201664661219,-0.011738201664661219,-0.011738201664661219
11,2025-12-23,xgboost_penalty_qaoa,0.00940407408968813,0.00940407408968813,0.00940407408968813
11,2025-12-24,xgboost_penalty_qaoa,0.016462807644299193,0.01646280764429897,0.01646280764429897
11,2025-12-25,xgboost_penalty_qaoa,0.010496634585483777,0.010496634585483777,0.010496634585483777
11,2025-12-26,xgboost_penalty_qaoa,0.0,0.0,0.0
11,2025-12-29,xgboost_penalty_qaoa,-0.008010741387156739,-0.008010741387156517,-0.008010741387156517
11,2025-12-30,xgboost_penalty_qaoa,0.011261353305798805,0.011261353305798805,0.011261353305798805
11,2025-12-01,xgboost_xy_qaoa,-0.00215904348951923,-0.004315342807921785,-0.004315342807921785
11,2025-12-02,xgboost_xy_qaoa,0.0049502301596111575,0.0049502301596111575,0.0049502301596111575
11,2025-12-03,xgboost_xy_qaoa,0.001676677122963044,0.001676677122963266,0.001676677122963266
11,2025-12-04,xgboost_xy_qaoa,0.0008288913599499015,0.0008288913599496794,0.0008288913599496794
11,2025-12-05,xgboost_xy_qaoa,-0.0004921042520672492,-0.0004921042520671381,-0.0004921042520671381
11,2025-12-08,xgboost_xy_qaoa,0.006330600566662348,0.006330600566662126,0.006330600566662126
11,2025-12-09,xgboost_xy_qaoa,-0.004706312568740878,-0.004706312568740767,-0.004706312568740767
11,2025-12-10,xgboost_xy_qaoa,-0.0006324519355360714,-0.0006324519355359604,-0.0006324519355359604
11,2025-12-11,xgboost_xy_qaoa,0.0019426418226347053,0.0019426418226347053,0.0019426418226347053
11,2025-12-12,xgboost_xy_qaoa,-0.0038458996749227703,-0.0038458996749228813,-0.0038458996749228813
11,2025-12-15,xgboost_xy_qaoa,-0.014771892413778742,-0.014771892413778742,-0.014771892413778742
11,2025-12-16,xgboost_xy_qaoa,0.01381580269807281,0.013815802698073032,0.013815802698073032
11,2025-12-17,xgboost_xy_qaoa,-0.0007707857253318462,-0.0007707857253318462,-0.0007707857253318462
11,2025-12-18,xgboost_xy_qaoa,-0.0016625561457589422,-0.0016625561457590532,-0.0016625561457590532
11,2025-12-19,xgboost_xy_qaoa,0.00871274316598103,0.00871274316598103,0.00871274316598103
11,2025-12-22,xgboost_xy_qaoa,-0.012248723687287355,-0.012248723687287355,-0.012248723687287355
11,2025-12-23,xgboost_xy_qaoa,0.009480421306785836,0.009480421306785836,0.009480421306785836
11,2025-12-24,xgboost_xy_qaoa,0.01654516676517237,0.016545166765172592,0.016545166765172592
11,2025-12-25,xgboost_xy_qaoa,0.010449459801972205,0.010449459801972427,0.010449459801972427
11,2025-12-26,xgboost_xy_qaoa,0.0,0.0,0.0
11,2025-12-29,xgboost_xy_qaoa,-0.007967379277982967,-0.00796737927798341,-0.00796737927798341
11,2025-12-30,xgboost_xy_qaoa,0.011310073140822219,0.01131007314082244,0.01131007314082244
11,2025-12-01,adaptive_penalty_qaoa,-0.010534644617837152,-0.015094400319059398,-0.015094400319059398
11,2025-12-02,adaptive_penalty_qaoa,0.006220608601196664,0.006220608601196886,0.006220608601196886
11,2025-12-03,adaptive_penalty_qaoa,0.0012183960361098478,0.0012183960361098478,0.0012183960361098478
11,2025-12-04,adaptive_penalty_qaoa,-0.006232911549306941,-0.006232911549307163,-0.006232911549307163
11,2025-12-05,adaptive_penalty_qaoa,0.0,0.0,0.0
11,2025-12-08,adaptive_penalty_qaoa,0.0013509435740743925,0.0013509435740743925,0.0013509435740743925
11,2025-12-09,adaptive_penalty_qaoa,-0.010473461932432926,-0.010473461932432704,-0.010473461932432704
11,2025-12-10,adaptive_penalty_qaoa,-0.004957225848235214,-0.004957225848235325,-0.004957225848235325
11,2025-12-11,adaptive_penalty_qaoa,-0.00860368964573599,-0.008603689645736101,-0.008603689645736101
11,2025-12-12,adaptive_penalty_qaoa,0.0028130073184846616,0.0028130073184846616,0.0028130073184846616
11,2025-12-15,adaptive_penalty_qaoa,-0.034548749044546634,-0.03454874904454652,-0.03454874904454652
11,2025-12-16,adaptive_penalty_qaoa,0.004039069874692158,0.00403906987469238,0.00403906987469238
11,2025-12-17,adaptive_penalty_qaoa,0.022157741209352766,0.022157741209352766,0.022157741209352766
11,2025-12-18,adaptive_penalty_qaoa,-0.013490284763959859,-0.013490284763959859,-0.013490284763959859
11,2025-12-19,adaptive_penalty_qaoa,0.0,0.0,0.0
11,2025-12-22,adaptive_penalty_qaoa,0.008570408715273592,0.008570408715273592,0.008570408715273592
11,2025-12-23,adaptive_penalty_qaoa,0.02473350328656121,0.02473350328656121,0.02473350328656121
11,2025-12-24,adaptive_penalty_qaoa,0.011291004124083237,0.011291004124083237,0.011291004124083237
11,2025-12-25,adaptive_penalty_qaoa,0.0032844845166439818,0.0032844845166437597,0.0032844845166437597
11,2025-12-26,adaptive_penalty_qaoa,0.0,0.0,0.0
11,2025-12-29,adaptive_penalty_qaoa,-0.00950207686830673,-0.00950207686830673,-0.00950207686830673
11,2025-12-30,adaptive_penalty_qaoa,0.014060696464422096,0.014060696464422318,0.014060696464422318
11,2025-12-01,adaptive_xy_qaoa,0.000568090812229638,-0.003925446931632215,-0.003925446931632215
11,2025-12-02,adaptive_xy_qaoa,-0.0027239410373983697,-0.0027239410373984807,-0.0027239410373984807
11,2025-12-03,adaptive_xy_qaoa,0.0019684950449947447,0.0019684950449947447,0.0019684950449947447
11,2025-12-04,adaptive_xy_qaoa,-0.00016497491788358687,-0.00016497491788347585,-0.00016497491788347585
11,2025-12-05,adaptive_xy_qaoa,0.01280459967118075,0.012804599671180528,0.012804599671180528
11,2025-12-08,adaptive_xy_qaoa,-0.010816679125825512,-0.010816679125825401,-0.010816679125825401
11,2025-12-09,adaptive_xy_qaoa,-0.001610121102841311,-0.001610121102841311,-0.001610121102841311
11,2025-12-10,adaptive_xy_qaoa,-0.012323692625475058,-0.012323692625475058,-0.012323692625475058
11,2025-12-11,adaptive_xy_qaoa,-0.00032348665013859357,-0.0003234866501387046,-0.0003234866501387046
11,2025-12-12,adaptive_xy_qaoa,-0.0048245579586682075,-0.0048245579586682075,-0.0048245579586682075
11,2025-12-15,adaptive_xy_qaoa,-0.03559431554238146,-0.03559431554238146,-0.03559431554238146
11,2025-12-16,adaptive_xy_qaoa,-0.006080834077850317,-0.006080834077850317,-0.006080834077850317
11,2025-12-17,adaptive_xy_qaoa,0.02462388163513407,0.024623881635134293,0.024623881635134293
11,2025-12-18,adaptive_xy_qaoa,-0.011196056464529702,-0.011196056464529924,-0.011196056464529924
11,2025-12-19,adaptive_xy_qaoa,0.0,0.0,0.0
11,2025-12-22,adaptive_xy_qaoa,0.029226545980271856,0.029226545980271856,0.029226545980271856
11,2025-12-23,adaptive_xy_qaoa,0.009743263924727685,0.009743263924727907,0.009743263924727907
11,2025-12-24,adaptive_xy_qaoa,0.0036846354232733525,0.0036846354232733525,0.0036846354232733525
11,2025-12-25,adaptive_xy_qaoa,0.014048037589264872,0.01404803758926465,0.01404803758926465
11,2025-12-26,adaptive_xy_qaoa,0.0,0.0,0.0
11,2025-12-29,adaptive_xy_qaoa,-0.009760745484915345,-0.009760745484915234,-0.009760745484915234
11,2025-12-30,adaptive_xy_qaoa,0.014579818715747983,0.014579818715747983,0.014579818715747983
11,2025-12-01,adaptive_simulated_annealing,0.000568090812229638,-0.003925446931632215,-0.003925446931632215
11,2025-12-02,adaptive_simulated_annealing,-0.0027239410373983697,-0.0027239410373984807,-0.0027239410373984807
11,2025-12-03,adaptive_simulated_annealing,0.0019684950449947447,0.0019684950449947447,0.0019684950449947447
11,2025-12-04,adaptive_simulated_annealing,-0.00016497491788358687,-0.00016497491788347585,-0.00016497491788347585
11,2025-12-05,adaptive_simulated_annealing,0.01280459967118075,0.012804599671180528,0.012804599671180528
11,2025-12-08,adaptive_simulated_annealing,-0.010816679125825512,-0.010816679125825401,-0.010816679125825401
11,2025-12-09,adaptive_simulated_annealing,-0.001610121102841311,-0.001610121102841311,-0.001610121102841311
11,2025-12-10,adaptive_simulated_annealing,-0.012323692625475058,-0.012323692625475058,-0.012323692625475058
11,2025-12-11,adaptive_simulated_annealing,-0.00032348665013859357,-0.0003234866501387046,-0.0003234866501387046
11,2025-12-12,adaptive_simulated_annealing,-0.0048245579586682075,-0.0048245579586682075,-0.0048245579586682075
11,2025-12-15,adaptive_simulated_annealing,-0.03559431554238146,-0.03559431554238146,-0.03559431554238146
11,2025-12-16,adaptive_simulated_annealing,-0.006080834077850317,-0.006080834077850317,-0.006080834077850317
11,2025-12-17,adaptive_simulated_annealing,0.02462388163513407,0.024623881635134293,0.024623881635134293
11,2025-12-18,adaptive_simulated_annealing,-0.011196056464529702,-0.011196056464529924,-0.011196056464529924
11,2025-12-19,adaptive_simulated_annealing,0.0,0.0,0.0
11,2025-12-22,adaptive_simulated_annealing,0.029226545980271856,0.029226545980271856,0.029226545980271856
11,2025-12-23,adaptive_simulated_annealing,0.009743263924727685,0.009743263924727907,0.009743263924727907
11,2025-12-24,adaptive_simulated_annealing,0.0036846354232733525,0.0036846354232733525,0.0036846354232733525
11,2025-12-25,adaptive_simulated_annealing,0.014048037589264872,0.01404803758926465,0.01404803758926465
11,2025-12-26,adaptive_simulated_annealing,0.0,0.0,0.0
11,2025-12-29,adaptive_simulated_annealing,-0.009760745484915345,-0.009760745484915234,-0.009760745484915234
11,2025-12-30,adaptive_simulated_annealing,0.014579818715747983,0.014579818715747983,0.014579818715747983
11,2025-12-01,equal_weight_universe,-0.0026409943662065727,-0.0030476386836566505,-0.0030476386836566505
11,2025-12-02,equal_weight_universe,0.0006930160399600815,0.0006930160399600815,0.0006930160399600815
11,2025-12-03,equal_weight_universe,0.0026197972012711457,0.0026197972012711457,0.0026197972012711457
11,2025-12-04,equal_weight_universe,0.007825540284023935,0.007825540284023935,0.007825540284023935
11,2025-12-05,equal_weight_universe,0.0018979714738431852,0.0018979714738431852,0.0018979714738431852
11,2025-12-08,equal_weight_universe,0.0016989038615013996,0.0016989038615016216,0.0016989038615016216
11,2025-12-09,equal_weight_universe,-0.0011873616454550762,-0.0011873616454552982,-0.0011873616454552982
11,2025-12-10,equal_weight_universe,-0.007045043252231209,-0.007045043252231431,-0.007045043252231431
11,2025-12-11,equal_weight_universe,-0.004306273034678898,-0.004306273034678787,-0.004306273034678787
11,2025-12-12,equal_weight_universe,-0.0038162350400984257,-0.0038162350400982037,-0.0038162350400982037
11,2025-12-15,equal_weight_universe,-0.025176559907356566,-0.025176559907356677,-0.025176559907356677
11,2025-12-16,equal_weight_universe,-0.001185748820224708,-0.001185748820224597,-0.001185748820224597
11,2025-12-17,equal_weight_universe,0.014283173424395335,0.014283173424395335,0.014283173424395335
11,2025-12-18,equal_weight_universe,-0.0023164357624644305,-0.0023164357624644305,-0.0023164357624644305
11,2025-12-19,equal_weight_universe,0.0015558520296683476,0.0015558520296681255,0.0015558520296681255
11,2025-12-22,equal_weight_universe,-0.00035292984212531575,-0.00035292984212520473,-0.00035292984212520473
11,2025-12-23,equal_weight_universe,0.008978904451874659,0.008978904451874659,0.008978904451874659
11,2025-12-24,equal_weight_universe,-0.002802050687559565,-0.002802050687559565,-0.002802050687559565
11,2025-12-25,equal_weight_universe,-0.0009084948391726577,-0.0009084948391724357,-0.0009084948391724357
11,2025-12-26,equal_weight_universe,0.00019548962033022477,0.00019548962033022477,0.00019548962033022477
11,2025-12-29,equal_weight_universe,-0.011496358729579437,-0.011496358729579437,-0.011496358729579437
11,2025-12-30,equal_weight_universe,0.0045884306626740035,0.004588430662673781,0.004588430662673781
11,2025-12-01,markowitz_mean_variance,-0.004137427938387228,-0.008708879991598195,-0.008708879991598195
11,2025-12-02,markowitz_mean_variance,0.05174917852726657,0.05174917852726657,0.05174917852726657
11,2025-12-03,markowitz_mean_variance,0.06632583048816154,0.06632583048816176,0.06632583048816176
11,2025-12-04,markowitz_mean_variance,0.053702789976499465,0.053702789976499465,0.053702789976499465
11,2025-12-05,markowitz_mean_variance,-0.0006826930612576776,-0.0006826930612576776,-0.0006826930612576776
11,2025-12-08,markowitz_mean_variance,0.09691782602226229,0.09691782602226207,0.09691782602226207
11,2025-12-09,markowitz_mean_variance,0.04658360517406934,0.04658360517406934,0.04658360517406934
11,2025-12-10,markowitz_mean_variance,-0.05625044294563619,-0.05625044294563608,-0.05625044294563608
11,2025-12-11,markowitz_mean_variance,-0.06912992664445194,-0.06912992664445194,-0.06912992664445194
11,2025-12-12,markowitz_mean_variance,-0.06886772413284803,-0.06886772413284792,-0.06886772413284792
11,2025-12-15,markowitz_mean_variance,-0.06700576087642707,-0.06700576087642718,-0.06700576087642718
11,2025-12-16,markowitz_mean_variance,-0.0661283691735588,-0.06612836917355891,-0.06612836917355891
11,2025-12-17,markowitz_mean_variance,-0.06191846263085088,-0.06191846263085099,-0.06191846263085099
11,2025-12-18,markowitz_mean_variance,0.06963860755793783,0.06963860755793783,0.06963860755793783
11,2025-12-19,markowitz_mean_variance,0.0,0.0,0.0
11,2025-12-22,markowitz_mean_variance,-0.0400623761264397,-0.040062376126439814,-0.040062376126439814
11,2025-12-23,markowitz_mean_variance,0.012311495680500384,0.012311495680500384,0.012311495680500384
11,2025-12-24,markowitz_mean_variance,-0.004274414962956996,-0.004274414962956663,-0.004274414962956663
11,2025-12-25,markowitz_mean_variance,0.006734697186940641,0.006734697186940641,0.006734697186940641
11,2025-12-26,markowitz_mean_variance,0.0,0.0,0.0
11,2025-12-29,markowitz_mean_variance,0.029499281675628763,0.029499281675628763,0.029499281675628763
11,2025-12-30,markowitz_mean_variance,-0.0023954511375249288,-0.002395451137525151,-0.002395451137525151
11,2025-12-01,minimum_variance,0.000524538739200775,-7.260177393408895e-05,-7.260177393408895e-05
11,2025-12-02,minimum_variance,0.0028985805778074525,0.0028985805778067864,0.0028985805778067864
11,2025-12-03,minimum_variance,0.0007365539086765516,0.0007365539086767736,0.0007365539086767736
11,2025-12-04,minimum_variance,0.0015077913203354054,0.0015077913203354054,0.0015077913203354054
11,2025-12-05,minimum_variance,0.00019221240074429602,0.00019221240074451806,0.00019221240074451806
11,2025-12-08,minimum_variance,0.008849953695107216,0.008849953695107216,0.008849953695107216
11,2025-12-09,minimum_variance,0.001100287005313838,0.001100287005313616,0.001100287005313616
11,2025-12-10,minimum_variance,-0.002083780365688015,-0.002083780365688126,-0.002083780365688126
11,2025-12-11,minimum_variance,0.0015207701061796808,0.0015207701061799028,0.0015207701061799028
11,2025-12-12,minimum_variance,0.0003259119751235495,0.0003259119751233275,0.0003259119751233275
11,2025-12-15,minimum_variance,-0.009724404879790982,-0.009724404879790871,-0.009724404879790871
11,2025-12-16,minimum_variance,0.0026734297841926047,0.0026734297841921606,0.0026734297841921606
11,2025-12-17,minimum_variance,0.0069140643051954775,0.0069140643051954775,0.0069140643051954775
11,2025-12-18,minimum_variance,0.004427501642771725,0.004427501642771725,0.004427501642771725
11,2025-12-19,minimum_variance,0.0007014603007615694,0.0007014603007615694,0.0007014603007615694
11,2025-12-22,minimum_variance,0.004505631705936208,0.00450563170593643,0.00450563170593643
11,2025-12-23,minimum_variance,0.003959235023186514,0.00395923502318607,0.00395923502318607
11,2025-12-24,minimum_variance,-0.0025620127605802123,-0.0025620127605802123,-0.0025620127605802123
11,2025-12-25,minimum_variance,-0.001732305003651513,-0.001732305003651513,-0.001732305003651513
11,2025-12-26,minimum_variance,-0.00021952623534904347,-0.00021952623534904347,-0.00021952623534904347
11,2025-12-29,minimum_variance,-0.009260560544150476,-0.009260560544150143,-0.009260560544150143
11,2025-12-30,minimum_variance,0.004637210285174387,0.004637210285174387,0.004637210285174387
