fold,decision_time,ticker,signal,xgboost_signal,technical_factor_signal,xgboost_expected_return,optimization_expected_return,ewma_signal,liquidity_20d,adv_20d,volatility_20d,signal_z,liquidity_z,risk_z,base_score,selected_candidate,decision_reason,eligible_count,selected_m,signal_dispersion,relative_signal_dispersion,average_abs_correlation,candidate_size_reason,aur_eligible,liquidity_floor,risk_ceiling,minimum_expected_return,expected_return_column,expected_return_filter_status,force_defensive_exposure,correlation_cluster,cluster_cap,sector_candidate_cap,weight,pre_trade_weight,trade_weight,transaction_cost,security_id,company_name,target_weight,previous_weight,selected_by_solver,estimated_cost,adv_participation,selection_reason
0,2022-04-29,GEX,0.9608843537414966,0.6123854517936707,0.15697278911564624,0.11906978837943355,0.09010307567405557,-0.007728436357550117,27.12142137829686,600735982702.9065,0.04359353238848279,1.5399975384053306,2.0315552633627387,0.9663992209172244,1.1820834744015074,True,selected_by_signal_liquidity_risk_and_correlation,269,8,0.27912286131116326,0.5161139699706305,0.2299669642332347,full_budget_supported,True,21.556967223638562,0.04695926680967176,0.0,optimization_expected_return,enforced,False,GEX,2,,,,0.0,,VN000000GEX5,Công ty Cổ phần Tập đoàn GELEX,0.0,0.0,False,0.0,0.0,aur_candidate_not_selected_by_xy_qaoa
0,2022-04-29,SHB,0.9659863945578231,0.613855242729187,0.21496598639455783,0.11981884999743653,0.09042002563682248,-0.006816163184313511,25.940255367612775,184378282561.85928,0.031996946733735245,1.5582763737265997,1.3952385097058921,-0.08398152878899683,1.1242412572060516,True,selected_by_signal_liquidity_risk_and_correlation,269,8,0.27912286131116326,0.5161139699706305,0.2299669642332347,full_budget_supported,True,21.556967223638562,0.04695926680967176,0.0,optimization_expected_return,enforced,False,SHB,2,,,,0.0,,VN000000SHB9,Ngân hàng Thương mại Cổ phần Sài Gòn – Hà Nội,0.0,0.0,False,0.0,0.0,aur_candidate_not_selected_by_xy_qaoa
0,2022-04-29,PVD,0.9608843537414966,0.6123854517936707,0.12670068027210885,0.11906978837943355,0.09010307567405557,-0.008212053102655771,25.88738426902193,174883219157.98642,0.0406294414187216,1.5399975384053306,1.366755836217757,0.6979215682953435,0.9896753227940458,True,selected_by_signal_liquidity_risk_and_correlation,269,8,0.27912286131116326,0.5161139699706305,0.2299669642332347,full_budget_supported,True,21.556967223638562,0.04695926680967176,0.0,optimization_expected_return,enforced,False,PVD,2,,0.0531074658203125,0.0,0.0531074658203125,8.031560025150137e-05,VN000000PVD2,Tổng Công ty Cổ phần Khoan và Dịch vụ Khoan Dầu khí,0.0531074658203125,0.0,True,8031.560025150137,3.036738806388059e-05,selected_by_xy_qaoa_then_classical_weighting
0,2022-04-29,NKG,0.8231292517006803,0.5907768607139587,0.4574829931972789,0.10805722475163643,0.08154542667934878,-0.004217308040569603,26.089851891575897,214130588303.00275,0.03151077583956141,1.0464689847310586,1.4758290224920094,-0.12801729617011326,0.9543303461901438,True,selected_by_signal_liquidity_risk_and_correlation,269,8,0.27912286131116326,0.5161139699706305,0.2299669642332347,full_budget_supported,True,21.556967223638562,0.04695926680967176,0.0,optimization_expected_return,enforced,False,HPG,2,,,,0.0,,VN000000NKG3,Công ty Cổ phần Thép Nam Kim,0.0,0.0,False,0.0,0.0,aur_candidate_not_selected_by_xy_qaoa
0,2022-04-29,SBT,0.9132653061224489,0.605449378490448,0.2785714285714286,0.11553490041302095,0.08714487602156433,-0.006078093440278021,24.887029857423503,64313143569.87154,0.02861055224325576,1.3693950754068165,0.8278457541997722,-0.39071005127049546,0.8961105518232212,True,selected_by_signal_liquidity_risk_and_correlation,269,8,0.27912286131116326,0.5161139699706305,0.2299669642332347,full_budget_supported,True,21.556967223638562,0.04695926680967176,0.0,optimization_expected_return,enforced,False,LSS,2,,0.0933413564453125,0.0,0.0933413564453125,0.00014252650372082305,VN000000SBT4,Công ty Cổ phần Thành Thành Công - Biên Hòa,0.0933413564453125,0.0,True,14252.650372082306,0.0001451357393903533,selected_by_xy_qaoa_then_classical_weighting
0,2022-04-29,SZC,0.9795918367346939,0.6168733835220337,0.2547619047619048,0.12135700986155096,0.09126522553753427,-0.005851020934018142,24.869905636696316,63221207067.6082,0.037279110990484594,1.607019934583318,0.8186206085018226,0.3944596104617071,0.8701562452397091,True,selected_by_signal_liquidity_risk_and_correlation,269,8,0.27912286131116326,0.5161139699706305,0.2299669642332347,full_budget_supported,True,21.556967223638562,0.04695926680967176,0.0,optimization_expected_return,enforced,False,SZC,2,,0.03872325,0.0,0.03872325,5.876253415588355e-05,VN000000SZC9,Công ty Cổ phần Sonadezi Châu Đức,0.03872325,0.0,True,5876.253415588355,6.125041231590169e-05,selected_by_xy_qaoa_then_classical_weighting
0,2022-04-29,CII,0.891156462585034,0.6046867370605469,0.23503401360544218,0.11514622920160328,0.08577142618290767,-0.006965465267642157,25.872512671840106,172301669828.38654,0.04231941884331431,1.2901867890146497,1.3587442219697738,0.8509941887268203,0.8639860649862576,True,selected_by_signal_liquidity_risk_and_correlation,269,8,0.27912286131116326,0.5161139699706305,0.2299669642332347,full_budget_supported,True,21.556967223638562,0.04695926680967176,0.0,optimization_expected_return,enforced,False,CII,2,,,,0.0,,VN000000CII6,Công ty Cổ phần Đầu tư Hạ tầng Kỹ thuật TP.HCM,0.0,0.0,False,0.0,0.0,aur_candidate_not_selected_by_xy_qaoa
0,2022-04-29,KSB,0.8741496598639455,0.6036127209663391,0.3297619047619048,0.1145988695643595,0.08471492630701795,-0.005752656885672231,25.243095289653116,91819937000.0,0.03261722510135174,1.2292573379437517,1.0196650225129105,-0.02779874566637708,0.8527555049069758,True,selected_by_signal_liquidity_risk_and_correlation,269,8,0.27912286131116326,0.5161139699706305,0.2299669642332347,full_budget_supported,True,21.556967223638562,0.04695926680967176,0.0,optimization_expected_return,enforced,False,C32,2,,0.036,0.0,0.036,5.450404609919603e-05,VN000000KSB3,Công ty Cổ phần Khoáng sản và Xây dựng Bình Dương,0.036,0.0,True,5450.404609919603,3.92071713140034e-05,selected_by_xy_qaoa_then_classical_weighting
1,2022-05-30,KDC,0.8070974576271186,0.4899923801422119,0.9021186440677966,-0.05048567020242503,-0.03270178922882821,0.0015153889354216838,24.889025689798714,64441630000.0,0.01628844322907696,1.7451005476147765,1.1155290089126442,-1.9033890286747142,1.3739837264665433,True,selected_by_signal_liquidity_risk_and_correlation,275,8,0.1803473550754426,0.36321877280865966,0.3004081047845119,liquidity_risk_threshold_relaxed_for_feasibility|retained_4_prior_candidates,True,20.76581571690051,0.046556019120700225,0.0,optimization_expected_return,insufficient_positive_defensive_topk,True,KDC,2,,0.0546,0.0,0.0546,8.302380434713754e-05,VN000000KDC3,Công ty Cổ phần Tập đoàn Kido,0.0546,0.0,True,8302.380434713754,8.472783820024416e-05,selected_by_xy_qaoa_then_classical_weighting
1,2022-05-30,VIC,0.6299576271186441,0.4809785783290863,0.6794915254237289,-0.051990059446630155,-0.044239896120224116,-0.0009457878468227168,25.745208570317057,151705741500.0,0.008098305616490565,0.7628858074352411,1.5388974885418334,-2.723515699084374,1.2522957988263943,True,selected_by_signal_liquidity_risk_and_correlation,275,8,0.1803473550754426,0.36321877280865966,0.3004081047845119,liquidity_risk_threshold_relaxed_for_feasibility|retained_4_prior_candidates,True,20.76581571690051,0.046556019120700225,0.0,optimization_expected_return,insufficient_positive_defensive_topk,True,VIC,2,,0.039,0.0,0.039,5.8942161478673294e-05,VN000000VIC9,Tập đoàn Vingroup - Công ty Cổ phần,0.039,0.0,True,5894.21614786733,2.5707662488172867e-05,selected_by_xy_qaoa_then_classical_weighting
1,2022-05-30,FPT,0.7964406779661015,0.471211701631546,0.9206779661016948,-0.05362013569612807,-0.03339592483059501,0.00391244670199582,26.06560921128267,209001906583.3287,0.037822256728233285,1.6860102456998964,1.6973303833407885,0.25291842324715924,1.2305319689621608,True,selected_by_signal_liquidity_risk_and_correlation,275,8,0.1803473550754426,0.36321877280865966,0.3004081047845119,liquidity_risk_threshold_relaxed_for_feasibility|retained_4_prior_candidates,True,20.76581571690051,0.046556019120700225,0.0,optimization_expected_return,insufficient_positive_defensive_topk,True,FPT,2,,0.06125859375,0.0,0.06125859375,9.262947472997675e-05,VN000000FPT1,Công ty Cổ phần FPT,0.06125859375,0.0,True,9262.947472997676,2.9310064559423673e-05,selected_by_xy_qaoa_then_classical_weighting
1,2022-05-30,VPI,0.7608898305084746,0.5117165446281433,0.8066101694915254,-0.04685994156210943,-0.03571155015815897,0.0006394957127131667,24.93011669493017,67144758139.83008,0.02064765158227574,1.4888859383178545,1.1358478412144621,-1.4668758464252771,1.213132496715995,True,selected_by_signal_liquidity_risk_and_correlation,275,8,0.1803473550754426,0.36321877280865966,0.3004081047845119,liquidity_risk_threshold_relaxed_for_feasibility|retained_4_prior_candidates,True,20.76581571690051,0.046556019120700225,0.0,optimization_expected_return,insufficient_positive_defensive_topk,True,VPI,2,,0.055454546875,0.0,0.055454546875,8.430871851649774e-05,VN000000VPI1,Công ty Cổ phần Phát triển Bất động sản Văn Phú,0.055454546875,0.0,True,8430.871851649774,8.258953998987527e-05,selected_by_xy_qaoa_then_classical_weighting
1,2022-05-30,PVD,0.7138559322033899,0.5638284087181091,0.6727118644067798,-0.03816255399382883,-0.038775130746473624,0.0004459288816898275,25.536924612700005,123181487467.41772,0.04622453419398781,1.2280897747969162,1.435904466286943,1.0942879053981753,1.0296592873094703,True,selected_by_signal_liquidity_risk_and_correlation,275,8,0.1803473550754426,0.36321877280865966,0.3004081047845119,liquidity_risk_threshold_relaxed_for_feasibility|retained_4_prior_candidates,True,20.76581571690051,0.046556019120700225,0.0,optimization_expected_return,insufficient_positive_defensive_topk,True,AAA,2,,0.0,0.060216825821445046,-0.060216825821445046,0.00015793040319440264,VN000000PVD2,Tổng Công ty Cổ phần Khoan và Dịch vụ Khoan Dầu khí,0.0,0.060216825821445046,False,15793.040319440264,4.888463929076418e-05,aur_candidate_not_selected_by_xy_qaoa
1,2022-05-30,KSB,0.5860169491525423,0.5469962954521179,0.5203389830508475,-0.04097180703484049,-0.04710199798516314,-0.0028494980130208286,24.49179765527517,43316421750.0,0.03458701783796063,0.5192411033170302,0.9191062201966291,-0.07104508317569055,0.7400403808719858,True,selected_by_signal_liquidity_risk_and_correlation,275,8,0.1803473550754426,0.36321877280865966,0.3004081047845119,liquidity_risk_threshold_relaxed_for_feasibility|retained_4_prior_candidates,True,20.76581571690051,0.046556019120700225,0.0,optimization_expected_return,insufficient_positive_defensive_topk,True,AAA,2,,0.0,0.0345162583617476,-0.0345162583617476,8.94969563583063e-05,VN000000KSB3,Công ty Cổ phần Khoáng sản và Xây dựng Bình Dương,0.0,0.0345162583617476,False,8949.695635830629,7.968400197264124e-05,aur_candidate_not_selected_by_xy_qaoa
1,2022-05-30,SZC,0.5465677966101694,0.578467845916748,0.43271186440677967,-0.03571925511512716,-0.04967154170383066,-0.0029957220159353678,23.99780472612544,26431035032.941795,0.04117730869841649,0.30050125805757594,0.6748347682434266,0.5888795183488069,0.46806074435590866,True,selected_by_signal_liquidity_risk_and_correlation,275,8,0.1803473550754426,0.36321877280865966,0.3004081047845119,liquidity_risk_threshold_relaxed_for_feasibility|retained_4_prior_candidates,True,20.76581571690051,0.046556019120700225,0.0,optimization_expected_return,insufficient_positive_defensive_topk,True,SZC,2,,0.0,0.03600358062676257,-0.03600358062676257,9.342472098467876e-05,VN000000SZC9,Công ty Cổ phần Sonadezi Châu Đức,0.0,0.03600358062676257,False,9342.472098467875,0.00013621706672436486,aur_candidate_not_selected_by_xy_qaoa
1,2022-05-30,SHB,0.39368644067796604,0.4323645234107971,0.45033898305084735,-0.06010366820489857,-0.05962955860710932,-0.003403628710036422,25.647466544872234,137579331613.3135,0.042881841759539796,-0.5472037491348088,1.4905656500409281,0.7595644433339422,0.3888818113603099,True,selected_by_signal_liquidity_risk_and_correlation,275,8,0.1803473550754426,0.36321877280865966,0.3004081047845119,liquidity_risk_threshold_relaxed_for_feasibility|retained_4_prior_candidates,True,20.76581571690051,0.046556019120700225,0.0,optimization_expected_return,insufficient_positive_defensive_topk,True,SHB,2,,,,0.0,,VN000000SHB9,Ngân hàng Thương mại Cổ phần Sài Gòn – Hà Nội,0.0,0.0,False,0.0,0.0,aur_candidate_not_selected_by_xy_qaoa
2,2022-06-29,VPI,0.8535593220338984,0.4861742854118347,0.9166101694915255,-0.10441682523525263,-0.05344589804946148,0.0016635127392932896,24.794243780295808,58614255993.30469,0.01647152348344849,1.576341672923415,1.0708846786941164,-1.5754928516314992,1.4416702344570316,True,selected_by_signal_liquidity_risk_and_correlation,274,8,0.2320818831438115,0.43906629060752655,0.32860226265134757,liquidity_risk_threshold_relaxed_for_feasibility|retained_4_prior_candidates,True,20.621030923775635,0.047848344111932894,0.0,optimization_expected_return,insufficient_positive_defensive_topk,True,VPI,2,,0.05809091015625,0.05738370450478773,0.0007072056514622685,1.0625454857494197e-06,VN000000VPI1,Công ty Cổ phần Phát triển Bất động sản Văn Phú,0.05809091015625,0.05738370450478773,True,106.25454857494198,1.2065420595683244e-06,selected_by_xy_qaoa_then_classical_weighting
2,2022-06-29,FPT,0.7611440677966101,0.4640914797782898,0.8374576271186441,-0.10257494176985689,-0.067062905551067,0.001535545938939536,26.108826306556512,218232382454.92618,0.025979259639418457,1.1781406027449894,1.7008334858044305,-0.7470073761151778,1.3785990675468232,True,selected_by_signal_liquidity_risk_and_correlation,274,8,0.2320818831438115,0.43906629060752655,0.32860226265134757,liquidity_risk_threshold_relaxed_for_feasibility|retained_4_prior_candidates,True,20.621030923775635,0.047848344111932894,0.0,optimization_expected_return,insufficient_positive_defensive_topk,True,FPT,2,,0.0,0.0597593601379188,-0.0597593601379188,0.00015670270556350944,VN000000FPT1,Công ty Cổ phần FPT,0.0,0.0597593601379188,False,15670.270556350944,2.738336055615464e-05,aur_candidate_not_selected_by_xy_qaoa
2,2022-06-29,VIC,0.6054237288135594,0.46112802624702454,0.6400000000000001,-0.10232776592860351,-0.09000765684331832,-0.0020476375516510887,25.578987797699135,128473410500.0,0.0066436930058462185,0.5071690608349889,1.4469345255275008,-2.4318707183456034,1.2740753160204612,True,selected_by_signal_liquidity_risk_and_correlation,274,8,0.2320818831438115,0.43906629060752655,0.32860226265134757,liquidity_risk_threshold_relaxed_for_feasibility|retained_4_prior_candidates,True,20.621030923775635,0.047848344111932894,0.0,optimization_expected_return,insufficient_positive_defensive_topk,True,VIC,2,,0.0368,0.036260814279740206,0.0005391857202597938,8.095596431796025e-07,VN000000VIC9,Tập đoàn Vingroup - Công ty Cổ phần,0.0368,0.036260814279740206,True,80.95596431796025,4.1968662477423206e-07,selected_by_xy_qaoa_then_classical_weighting
2,2022-06-29,SSB,0.8366949152542374,0.47582533955574036,0.9155932203389832,-0.10355363997822803,-0.055930799005737955,0.0019656265891872674,24.83968030799491,61338915048.9043,0.021568226111282205,1.503675911377788,1.0926578925102934,-1.1313761838025609,1.153607054500102,True,selected_by_signal_liquidity_risk_and_correlation,274,8,0.2320818831438115,0.43906629060752655,0.32860226265134757,liquidity_risk_threshold_relaxed_for_feasibility|retained_4_prior_candidates,True,20.621030923775635,0.047848344111932894,0.0,optimization_expected_return,insufficient_positive_defensive_topk,True,SSB,2,,0.019101748046875,0.0,0.019101748046875,2.889097836510223e-05,VN000000SSB6,Ngân hàng Thương mại Cổ phần Đông Nam Á,0.019101748046875,0.0,True,2889.097836510223,3.114132037002212e-05,selected_by_xy_qaoa_then_classical_weighting
2,2022-06-29,BVH,0.8323305084745762,0.5037106871604919,0.8577966101694915,-0.10587950207801411,-0.05657387638889495,0.0011434111344682718,25.09389490923271,79093371500.0,0.02570606816376552,1.4848704504752754,1.214477695832414,-0.7708127453324557,1.1346372855313234,True,selected_by_signal_liquidity_risk_and_correlation,274,8,0.2320818831438115,0.43906629060752655,0.32860226265134757,liquidity_risk_threshold_relaxed_for_feasibility|retained_4_prior_candidates,True,20.621030923775635,0.047848344111932894,0.0,optimization_expected_return,insufficient_positive_defensive_topk,True,BMI,2,,,,0.0,,VN000000BVH3,Tập đoàn Bảo Việt,0.0,0.0,False,0.0,0.0,aur_candidate_not_selected_by_xy_qaoa
2,2022-06-29,CTF,0.8980084745762712,0.5037537813186646,0.9442372881355933,-0.10588309647714574,-0.04689649829284337,0.0021345151184587975,22.92922096090711,9078918919.997852,0.01111309813015084,1.7678652504645278,0.1771645227984576,-2.0424155242866515,1.075516011808269,True,selected_by_signal_liquidity_risk_and_correlation,274,8,0.2320818831438115,0.43906629060752655,0.32860226265134757,liquidity_risk_threshold_relaxed_for_feasibility|retained_4_prior_candidates,True,20.621030923775635,0.047848344111932894,0.0,optimization_expected_return,insufficient_positive_defensive_topk,True,CTF,2,,0.0901360546875,0.0,0.0901360546875,0.0001415546965300004,VN000000CTF9,Công ty Cổ phần City Auto,0.0901360546875,0.0,True,14155.46965300004,0.0009928060321032289,selected_by_xy_qaoa_then_classical_weighting
2,2022-06-29,ACB,0.7688983050847458,0.5002691149711609,0.78,-0.10559244729812393,-0.06592035058875896,1.5738686259634464e-05,24.885044922389408,64185612770.09346,0.02185232759393831,1.2115522468727529,1.1143966454238292,-1.1066201379792404,1.0406527453443275,True,selected_by_signal_liquidity_risk_and_correlation,274,8,0.2320818831438115,0.43906629060752655,0.32860226265134757,liquidity_risk_threshold_relaxed_for_feasibility|retained_4_prior_candidates,True,20.621030923775635,0.047848344111932894,0.0,optimization_expected_return,insufficient_positive_defensive_topk,True,AAA,2,,,,0.0,,VN000000ACB8,Ngân hàng Thương mại Cổ phần Á Châu,0.0,0.0,False,0.0,0.0,aur_candidate_not_selected_by_xy_qaoa
2,2022-06-29,SHB,0.49639830508474575,0.3949577212333679,0.6008474576271187,-0.09680863069156154,-0.10607210448276398,-0.0021622787589393646,25.161364009333948,84613867564.0513,0.02994773954838936,0.03739769285282991,1.2468089327662242,-0.4012018225611617,0.7115224769934847,True,selected_by_signal_liquidity_risk_and_correlation,274,8,0.2320818831438115,0.43906629060752655,0.32860226265134757,liquidity_risk_threshold_relaxed_for_feasibility|retained_4_prior_candidates,True,20.621030923775635,0.047848344111932894,0.0,optimization_expected_return,insufficient_positive_defensive_topk,True,SHB,2,,,,0.0,,VN000000SHB9,Ngân hàng Thương mại Cổ phần Sài Gòn – Hà Nội,0.0,0.0,False,0.0,0.0,aur_candidate_not_selected_by_xy_qaoa
3,2022-07-29,ACB,0.6979933110367895,0.5619656443595886,0.6173913043478263,-0.058721821502908465,-0.03247382069380726,0.0002446867930832353,24.649245339879982,50702717203.267136,0.010551789347041002,1.3518590045569416,1.1008803724420093,-1.3268947809792868,1.325085949324373,True,selected_by_signal_liquidity_risk_and_correlation,281,8,0.1474115470282606,0.29047567385361606,0.3238713554606334,liquidity_risk_threshold_relaxed_for_feasibility|retained_4_prior_candidates,True,20.232289569874258,0.03671420653499031,0.0,optimization_expected_return,insufficient_positive_defensive_topk,True,AAA,2,,,,0.0,,VN000000ACB8,Ngân hàng Thương mại Cổ phần Á Châu,0.0,0.0,False,0.0,0.0,aur_candidate_not_selected_by_xy_qaoa
3,2022-07-29,VPI,0.6475334448160535,0.5187146663665771,0.6192307692307693,-0.06198488730611782,-0.04054230851273767,0.0005034594911310556,24.880630870995013,63902918548.94922,0.007658872796478971,1.00955294212399,1.2087956836449616,-1.6229769634797953,1.2703462106473018,True,selected_by_signal_liquidity_risk_and_correlation,281,8,0.1474115470282606,0.29047567385361606,0.3238713554606334,liquidity_risk_threshold_relaxed_for_feasibility|retained_4_prior_candidates,True,20.232289569874258,0.03671420653499031,0.0,optimization_expected_return,insufficient_positive_defensive_topk,True,VPI,2,,0.057,0.05806271451325078,-0.0010627145132507745,2.659850712192688e-06,VN000000VPI1,Công ty Cổ phần Phát triển Bất động sản Văn Phú,0.057,0.05806271451325078,True,265.9850712192688,1.6630140490950223e-06,selected_by_xy_qaoa_then_classical_weighting
3,2022-07-29,FPT,0.630602006688963,0.5190420150756836,0.5933110367892975,-0.06196019051478555,-0.04324963044038209,-3.121451124717105e-05,25.465429614436772,114682079908.83614,0.011030531358553707,0.8946946527409365,1.4815384869027814,-1.2778968312818346,1.2681008562046232,True,selected_by_signal_liquidity_risk_and_correlation,281,8,0.1474115470282606,0.29047567385361606,0.3238713554606334,liquidity_risk_threshold_relaxed_for_feasibility|retained_4_prior_candidates,True,20.232289569874258,0.03671420653499031,0.0,optimization_expected_return,insufficient_positive_defensive_topk,True,FPT,2,,,,0.0,,VN000000FPT1,Công ty Cổ phần FPT,0.0,0.0,False,0.0,0.0,aur_candidate_not_selected_by_xy_qaoa
3,2022-07-29,HDG,0.8095944816053513,0.5334914922714233,0.8107859531772577,-0.060870051121422235,-0.014628892580605457,0.0048285978386073455,24.89059247764561,64542675500.47988,0.02909695702143529,2.1089311119842478,1.213441652114122,0.5711529586991281,1.1826040792287729,True,selected_by_signal_liquidity_risk_and_correlation,281,8,0.1474115470282606,0.29047567385361606,0.3238713554606334,liquidity_risk_threshold_relaxed_for_feasibility|retained_4_prior_candidates,True,20.232289569874258,0.03671420653499031,0.0,optimization_expected_return,insufficient_positive_defensive_topk,True,HDG,2,,0.031134484375,0.0,0.031134484375,4.7185257243888764e-05,VN000000HDG0,Công ty Cổ phần Tập đoàn Hà Đô,0.031134484375,0.0,True,4718.525724388876,4.823860203125374e-05,selected_by_xy_qaoa_then_classical_weighting
3,2022-07-29,LPB,0.7456939799331104,0.5172538161277771,0.7523411371237457,-0.062095101009461334,-0.02484652607790047,0.003012016407768619,25.40119268609673,107546880388.34903,0.023979213431379508,1.6754474198311702,1.4515791887602758,0.0473657477174221,1.1711268218409514,True,selected_by_signal_liquidity_risk_and_correlation,281,8,0.1474115470282606,0.29047567385361606,0.3238713554606334,liquidity_risk_threshold_relaxed_for_feasibility|retained_4_prior_candidates,True,20.232289569874258,0.03671420653499031,0.0,optimization_expected_return,insufficient_positive_defensive_topk,True,AAA,2,,,,0.0,,VN000000LPB7,Ngân hàng Thương mại Cổ phần Lộc Phát Việt Nam,0.0,0.0,False,0.0,0.0,aur_candidate_not_selected_by_xy_qaoa
3,2022-07-29,SSB,0.5484531772575251,0.4336194097995758,0.6576923076923077,-0.06840489061249334,-0.0563851553485827,0.001178585500938507,24.596533292554668,48099291899.8958,0.005355247162693184,0.3374192486972372,1.0762961343358324,-1.8587468149063433,0.9904833687323877,True,selected_by_signal_liquidity_risk_and_correlation,281,8,0.1474115470282606,0.29047567385361606,0.3238713554606334,liquidity_risk_threshold_relaxed_for_feasibility|retained_4_prior_candidates,True,20.232289569874258,0.03671420653499031,0.0,optimization_expected_return,insufficient_positive_defensive_topk,True,SSB,2,,0.0,0.019611676172778363,-0.019611676172778363,5.040241661265837e-05,VN000000SSB6,Ngân hàng Thương mại Cổ phần Đông Nam Á,0.0,0.019611676172778363,False,5040.241661265837,4.077331577686043e-05,aur_candidate_not_selected_by_xy_qaoa
3,2022-07-29,FIR,0.7594272575250838,0.48483607172966003,0.8542642140468228,-0.06454085456397679,-0.022650587181033313,0.003646218062230106,23.03785390715924,10120753019.311914,0.013704208361979024,1.7686102545529807,0.34934760764963707,-1.0042532233036539,0.9803537479941133,True,selected_by_signal_liquidity_risk_and_correlation,281,8,0.1474115470282606,0.29047567385361606,0.3238713554606334,liquidity_risk_threshold_relaxed_for_feasibility|retained_4_prior_candidates,True,20.232289569874258,0.03671420653499031,0.0,optimization_expected_return,insufficient_positive_defensive_topk,True,FIR,2,,0.028598484375,0.0,0.028598484375,4.397268856987962e-05,VN000000FIR0,Công ty Cổ phần Địa ốc First Real,0.028598484375,0.0,True,4397.268856987962,0.0002825726931625523,selected_by_xy_qaoa_then_classical_weighting
3,2022-07-29,CDC,0.8085493311036789,0.5108970999717712,0.8517558528428093,-0.06257468283793982,-0.014796011218114385,0.002506546921747543,21.35924324160851,1888867426.3458984,0.008371361972864875,2.101841094121095,-0.43353536471498494,-1.5500556238333598,0.9215074035731973,True,selected_by_signal_liquidity_risk_and_correlation,281,8,0.1474115470282606,0.29047567385361606,0.3238713554606334,liquidity_risk_threshold_relaxed_for_feasibility|retained_4_prior_candidates,True,20.232289569874258,0.03671420653499031,0.0,optimization_expected_return,insufficient_positive_defensive_topk,True,CDC,2,,0.09574603125,0.0,0.09574603125,0.00015886187088119541,VN000000CDC0,Công ty Cổ phần Chương Dương,0.09574603125,0.0,True,15886.187088119541,0.005068965132996398,selected_by_xy_qaoa_then_classical_weighting
4,2022-08-30,HPG,0.23333333333333334,0.4167366325855255,0.3733333333333333,0.011781286037131883,0.0032270567250315078,-0.00111019624462156,27.3490486083305,754294421612.46,0.017100513543948894,-0.9332134729977761,2.1700970140436477,-0.31977045240519025,0.4342141335769447,True,selected_by_signal_liquidity_risk_and_correlation,278,8,0.2946164579873706,0.5576336744229898,0.3303174414001925,full_budget_supported,True,20.712173653151208,0.029520343955277143,0.0,optimization_expected_return,enforced,False,AGR,2,,0.09504132421875,0.0,0.09504132421875,0.00014331635435385547,VN000000HPG4,Công ty Cổ phần Tập đoàn Hòa Phát,0.09504132421875,0.0,True,14331.635435385548,1.2600030107021017e-05,selected_by_xy_qaoa_then_classical_weighting
4,2022-08-30,DXG,0.17333333333333334,0.39802005887031555,0.598,0.018432718233263118,0.005352660841953227,0.002276659340714224,26.37922714886859,285991277447.28064,0.019205177490754944,-1.1368680835028293,1.7170052467091161,-0.040121998964462266,0.15222290279172818,True,selected_by_signal_liquidity_risk_and_correlation,278,8,0.2946164579873706,0.5576336744229898,0.3303174414001925,full_budget_supported,True,20.712173653151208,0.029520343955277143,0.0,optimization_expected_return,enforced,False,AGR,2,,0.0370506171875,0.0,0.0370506171875,5.5874121757269225e-05,VN000000DXG7,Công ty Cổ phần Bluemarq Group,0.0370506171875,0.0,True,5587.412175726922,1.2955156366379e-05,selected_by_xy_qaoa_then_classical_weighting
4,2022-08-30,CII,0.29,0.4319188892841339,0.7206666666666666,0.006385867380297894,0.0012195417257165504,0.0034774780008210164,26.01370860261579,198431264512.534,0.02772636002007027,-0.7408730075207814,1.546238305537162,1.0920946285049373,0.08102000965395353,True,selected_by_signal_liquidity_risk_and_correlation,278,8,0.2946164579873706,0.5576336744229898,0.3303174414001925,full_budget_supported,True,20.712173653151208,0.029520343955277143,0.0,optimization_expected_return,enforced,False,CII,2,,,,0.0,,VN000000CII6,Công ty Cổ phần Đầu tư Hạ tầng Kỹ thuật TP.HCM,0.0,0.0,False,0.0,0.0,aur_candidate_not_selected_by_xy_qaoa
4,2022-08-30,ANV,0.32,0.43898388743400574,0.6735,0.003875132409533605,0.00015673966725568943,0.002625050053011164,25.03829984831584,74816168000.0,0.02198655295188966,-0.6390457022682547,1.0905362048592215,0.32944167761425375,0.07665313915128755,True,selected_by_signal_liquidity_risk_and_correlation,278,8,0.2946164579873706,0.5576336744229898,0.3303174414001925,full_budget_supported,True,20.712173653151208,0.029520343955277143,0.0,optimization_expected_return,enforced,False,ANV,2,,,,0.0,,VN000000ANV3,Công ty Cổ phần Nam Việt,0.0,0.0,False,0.0,0.0,aur_candidate_not_selected_by_xy_qaoa
4,2022-08-30,DPM,0.18666666666666668,0.4030023515224457,0.6633333333333333,0.01666212804612882,0.004880304371526178,0.004799996392096587,25.697758338208164,144675383938.2919,0.027112134517065196,-1.0916115033905953,1.3986292149219772,1.010481973791158,-0.09869667220221984,True,selected_by_signal_liquidity_risk_and_correlation,278,8,0.2946164579873706,0.5576336744229898,0.3303174414001925,full_budget_supported,True,20.712173653151208,0.029520343955277143,0.0,optimization_expected_return,enforced,False,BFC,2,,,,0.0,,VN000000DPM1,Tổng Công ty Phân bón và Hóa chất Dầu khí - Công ty Cổ phần,0.0,0.0,False,0.0,0.0,aur_candidate_not_selected_by_xy_qaoa
4,2022-08-30,FRT,0.14,0.3806041479110718,0.7658333333333334,0.024621925330774286,0.006533552018020849,0.002853679368065314,25.78493844734758,157854324421.67783,0.025240805738967552,-1.2500095337834145,1.4393589691886155,0.7618369587671238,-0.110503718112419,True,selected_by_signal_liquidity_risk_and_correlation,278,8,0.2946164579873706,0.5576336744229898,0.3303174414001925,full_budget_supported,True,20.712173653151208,0.029520343955277143,0.0,optimization_expected_return,enforced,False,FRT,2,,,,0.0,,VN000000FRT7,Công ty Cổ phần Bán lẻ Kỹ thuật số FPT,0.0,0.0,False,0.0,0.0,aur_candidate_not_selected_by_xy_qaoa
4,2022-08-30,CSV,0.3,0.43761080503463745,0.7208333333333334,0.004363093754278957,0.0008652743728962634,0.003295675523364237,24.15078025910123,30799991750.0,0.02413289477598241,-0.7069305724366058,0.6758951229384511,0.6146279053602836,-0.13840312175022695,True,selected_by_signal_liquidity_risk_and_correlation,278,8,0.2946164579873706,0.5576336744229898,0.3303174414001925,full_budget_supported,True,20.712173653151208,0.029520343955277143,0.0,optimization_expected_return,enforced,False,CSV,2,,0.0504,0.0,0.0504,7.704163562801554e-05,VN000000CSV8,Công ty Cổ phần Hóa chất cơ bản miền Nam,0.0504,0.0,True,7704.163562801554,0.0001636364074675442,selected_by_xy_qaoa_then_classical_weighting
4,2022-08-30,CTD,0.22333333333333333,0.4152351915836334,0.7871666666666667,0.012314863024700973,0.0035813240778517948,0.004188983766679154,24.729127664536872,54919134834.06738,0.024701725445397203,-0.9671559080819517,0.9460937718810803,0.690208910685577,-0.15926087967723918,True,selected_by_signal_liquidity_risk_and_correlation,278,8,0.2946164579873706,0.5576336744229898,0.3303174414001925,full_budget_supported,True,20.712173653151208,0.029520343955277143,0.0,optimization_expected_return,enforced,False,CTD,2,,0.0474829921875,0.0,0.0474829921875,7.221174540608675e-05,VN000000CTD4,Công ty Cổ phần Xây dựng COTECCONS,0.0474829921875,0.0,True,7221.174540608676,8.645983286329085e-05,selected_by_xy_qaoa_then_classical_weighting
5,2022-09-29,VPI,0.98,0.5523959398269653,0.8628333333333332,0.028649609644595425,0.024226864830078326,0.0007056339073787372,24.72655654223755,54778112392.493164,0.013596011150934957,1.6498992269747585,1.087901606519337,-0.9440349911645768,1.182330501746358,True,selected_by_signal_liquidity_risk_and_correlation,281,8,0.29355831501122104,0.5990986020624938,0.34166128315983446,full_budget_supported|retained_4_prior_candidates,True,20.26609513523057,0.032777802607182466,0.0,optimization_expected_return,enforced,False,VPI,2,,0.0601,0.0,0.0601,9.155764511914379e-05,VN000000VPI1,Công ty Cổ phần Phát triển Bất động sản Văn Phú,0.0601,0.0,True,9155.76451191438,0.0001097153541351968,selected_by_xy_qaoa_then_classical_weighting
5,2022-09-29,BVH,0.9366666666666666,0.5357638597488403,0.7153333333333333,0.033760880802631704,0.027011616491942926,-0.00011061898068149894,25.098081403010383,79425189500.0,0.022999587959915947,1.5022851717178691,1.2596729304252994,0.15958837909658835,1.017861337471514,True,selected_by_signal_liquidity_risk_and_correlation,281,8,0.29355831501122104,0.5990986020624938,0.34166128315983446,full_budget_supported|retained_4_prior_candidates,True,20.26609513523057,0.032777802607182466,0.0,optimization_expected_return,enforced,False,BMI,2,,,,0.0,,VN000000BVH3,Tập đoàn Bảo Việt,0.0,0.0,False,0.0,0.0,aur_candidate_not_selected_by_xy_qaoa
5,2022-09-29,HCM,0.9433333333333334,0.5372111797332764,0.792,0.03331609910015379,0.026583193159348366,0.0009201031286158708,25.75290916967978,152878476221.26434,0.030738069076488548,1.5249950263727754,1.562426916194134,1.067792649031159,0.9966785338623834,True,selected_by_signal_liquidity_risk_and_correlation,281,8,0.29355831501122104,0.5990986020624938,0.34166128315983446,full_budget_supported|retained_4_prior_candidates,True,20.26609513523057,0.032777802607182466,0.0,optimization_expected_return,enforced,False,AAA,2,,,,0.0,,VN000000HCM0,Công ty Cổ phần Chứng khoán Thành phố Hồ Chí Minh,0.0,0.0,False,0.0,0.0,aur_candidate_not_selected_by_xy_qaoa
5,2022-09-29,HPG,0.49333333333333335,0.4856327772140503,0.5688333333333333,0.049166864604875155,0.05550176810948078,-0.0022952834988156498,26.71768732364668,401184526259.13837,0.016782458811979553,-0.007920162833383634,2.0084837976575094,-0.5700668534784742,0.9853112920685458,True,selected_by_signal_liquidity_risk_and_correlation,281,8,0.29355831501122104,0.5990986020624938,0.34166128315983446,full_budget_supported|retained_4_prior_candidates,True,20.26609513523057,0.032777802607182466,0.0,optimization_expected_return,enforced,False,AAA,2,,0.090082646484375,0.09226805021472981,-0.002185403730354807,5.467116029337389e-06,VN000000HPG4,Công ty Cổ phần Tập đoàn Hòa Phát,0.090082646484375,0.09226805021472981,True,546.7116029337388,5.447377920411571e-07,selected_by_xy_qaoa_then_classical_weighting
5,2022-09-29,SHI,0.9866666666666667,0.5572556257247925,0.8681666666666668,0.027156160103106675,0.023798441497483766,0.0013152548950993038,22.3973446717124,5333879500.0,0.011075889812225657,1.6726090816296648,0.011010531652017186,-1.2398016831149377,0.8588675711973126,True,selected_by_signal_liquidity_risk_and_correlation,281,8,0.29355831501122104,0.5990986020624938,0.34166128315983446,full_budget_supported|retained_4_prior_candidates,True,20.26609513523057,0.032777802607182466,0.0,optimization_expected_return,enforced,False,SHI,2,,0.015,0.0,0.015,2.3062471200454107e-05,VN000000SHI4,Công ty Cổ phần Quốc tế Sơn Hà,0.015,0.0,True,2306.2471200454106,0.0002812212011913655,selected_by_xy_qaoa_then_classical_weighting
5,2022-09-29,ANV,0.81,0.5215739011764526,0.22183333333333333,0.03812165381743743,0.03515165981123945,-0.0048144243039355845,24.68003498337007,52288117500.0,0.03064931087954777,1.0707979332746542,1.066392763907262,1.0573758020764414,0.8429502703659371,True,selected_by_signal_liquidity_risk_and_correlation,281,8,0.29355831501122104,0.5990986020624938,0.34166128315983446,full_budget_supported|retained_4_prior_candidates,True,20.26609513523057,0.032777802607182466,0.0,optimization_expected_return,enforced,False,ACL,2,,,,0.0,,VN000000ANV3,Công ty Cổ phần Nam Việt,0.0,0.0,False,0.0,0.0,aur_candidate_not_selected_by_xy_qaoa
5,2022-09-29,CTD,0.7833333333333333,0.5192583203315735,0.5233333333333333,0.038833264243249316,0.03686535314161767,-0.001155230891693356,24.33666736311574,37092007908.17812,0.02587664282798555,0.9799585146550298,0.9076396979755866,0.49724553386058956,0.835070470074379,True,selected_by_signal_liquidity_risk_and_correlation,281,8,0.29355831501122104,0.5990986020624938,0.34166128315983446,full_budget_supported|retained_4_prior_candidates,True,20.26609513523057,0.032777802607182466,0.0,optimization_expected_return,enforced,False,CTD,2,,0.0,0.04123993794225145,-0.04123993794225145,0.00010728726954129872,VN000000CTD4,Công ty Cổ phần Xây dựng COTECCONS,0.0,0.04123993794225145,False,10728.726954129872,0.00011118281340913545,aur_candidate_not_selected_by_xy_qaoa
5,2022-09-29,DPM,0.4633333333333333,0.4794556498527527,0.5448333333333334,0.05106518236026181,0.05742967310615628,-0.0012502408334760442,25.799333406015776,160143064535.40176,0.02785869271291288,-0.11011450878046099,1.5838907625708465,0.7298630387168393,0.6008365075800859,True,selected_by_signal_liquidity_risk_and_correlation,281,8,0.29355831501122104,0.5990986020624938,0.34166128315983446,full_budget_supported|retained_4_prior_candidates,True,20.26609513523057,0.032777802607182466,0.0,optimization_expected_return,enforced,False,BFC,2,,0.054446796875,0.0,0.054446796875,8.23800826627264e-05,VN000000DPM1,Tổng Công ty Phân bón và Hóa chất Dầu khí - Công ty Cổ phần,0.054446796875,0.0,True,8238.00826627264,3.399884786328902e-05,selected_by_xy_qaoa_then_classical_weighting
6,2022-10-28,VPI,0.814125,0.5235505104064941,0.8364999999999999,-0.037692140927034004,-0.022879832005641518,-0.0006373498917091756,24.80494368062279,59244790000.0,0.006769365557503376,1.2358821323403613,1.1860433997602327,-2.4948193506624756,1.4836909454515972,True,selected_by_signal_liquidity_risk_and_correlation,286,8,0.26097792272446163,0.5214127072112021,0.3434046536015786,liquidity_risk_threshold_relaxed_for_feasibility|retained_4_prior_candidates,True,20.01858044854363,0.04878871012676682,0.0,optimization_expected_return,insufficient_positive_defensive_topk,True,VPI,2,,0.0579,0.059196919974688705,-0.0012969199746887053,3.2465906519205626e-06,VN000000VPI1,Công ty Cổ phần Phát triển Bất động sản Văn Phú,0.0579,0.059196919974688705,True,324.6590651920563,2.1890869639148106e-06,selected_by_xy_qaoa_then_classical_weighting
6,2022-10-28,VHM,0.8397083333333333,0.5689550042152405,0.43883333333333335,-0.0280509813295184,-0.020899095413320357,-0.006965139904386708,25.819225645390837,163360564250.0,0.0282258224391953,1.3339108585489223,1.646222836798865,-0.619946688553551,1.2027343395822043,True,selected_by_signal_liquidity_risk_and_correlation,286,8,0.26097792272446163,0.5214127072112021,0.3434046536015786,liquidity_risk_threshold_relaxed_for_feasibility|retained_4_prior_candidates,True,20.01858044854363,0.04878871012676682,0.0,optimization_expected_return,insufficient_positive_defensive_topk,True,VHM,2,,,,0.0,,VN000000VHM0,Công ty Cổ phần Vinhomes,0.0,0.0,False,0.0,0.0,aur_candidate_not_selected_by_xy_qaoa
6,2022-10-28,REE,0.9620833333333334,0.5705526471138,0.9183333333333333,-0.02771173891378459,-0.01142446451487207,0.0009189901726625411,24.27799191360586,34978237298.6875,0.02707173055385663,1.80282025411007,0.9469655339245527,-0.7207916387386627,1.1606847843284211,True,selected_by_signal_liquidity_risk_and_correlation,286,8,0.26097792272446163,0.5214127072112021,0.3434046536015786,liquidity_risk_threshold_relaxed_for_feasibility|retained_4_prior_candidates,True,20.01858044854363,0.04878871012676682,0.0,optimization_expected_return,insufficient_positive_defensive_topk,True,AAA,2,,0.04027131640625,0.0,0.04027131640625,6.137320297213058e-05,VN000000REE2,Công ty Cổ phần Cơ Điện Lạnh,0.04027131640625,0.0,True,6137.320297213058,0.00011513249241911088,selected_by_xy_qaoa_then_classical_weighting
6,2022-10-28,HPX,0.8794583333333332,0.5386810898780823,0.8378333333333333,-0.03447932388511438,-0.01782153399788977,-0.0006577692334966037,23.120669079717857,10994589000.0,0.006392701362642751,1.4862225927557096,0.4218884955170623,-2.5277323989645946,1.121309870377945,True,selected_by_signal_liquidity_risk_and_correlation,286,8,0.26097792272446163,0.5214127072112021,0.3434046536015786,liquidity_risk_threshold_relaxed_for_feasibility|retained_4_prior_candidates,True,20.01858044854363,0.04878871012676682,0.0,optimization_expected_return,insufficient_positive_defensive_topk,True,HPX,2,,0.0762,0.0,0.0762,0.0001187856766016951,VN000000HPX9,Công ty Cổ phần Đầu tư Hải Phát,0.0762,0.0,True,11878.56766016951,0.0006930681992751162,selected_by_xy_qaoa_then_classical_weighting
6,2022-10-28,MWG,0.8775416666666667,0.6334319114685059,0.5101666666666667,-0.01435999832238713,-0.017969927944545744,-0.004883211634592333,25.910093263464343,178900078000.0,0.041216932974005006,1.4788784210853616,1.6874494491045176,0.5152210666098243,1.1048755156292522,True,selected_by_signal_liquidity_risk_and_correlation,286,8,0.26097792272446163,0.5214127072112021,0.3434046536015786,liquidity_risk_threshold_relaxed_for_feasibility|retained_4_prior_candidates,True,20.01858044854363,0.04878871012676682,0.0,optimization_expected_return,insufficient_positive_defensive_topk,True,FPT,2,,,,0.0,,VN000000MWG0,Công ty Cổ phần Đầu tư Thế Giới Di Động,0.0,0.0,False,0.0,0.0,aur_candidate_not_selected_by_xy_qaoa
6,2022-10-28,BVH,0.8064166666666667,0.5234366655349731,0.8156666666666665,-0.037716314670283205,-0.023476633747627526,0.00028204071229124465,24.61422605613191,48957874250.0,0.035496379216026636,1.2063457897530911,1.0995148681288625,0.015357090367331494,1.0650649561912386,True,selected_by_signal_liquidity_risk_and_correlation,286,8,0.26097792272446163,0.5214127072112021,0.3434046536015786,liquidity_risk_threshold_relaxed_for_feasibility|retained_4_prior_candidates,True,20.01858044854363,0.04878871012676682,0.0,optimization_expected_return,insufficient_positive_defensive_topk,True,BMI,2,,,,0.0,,VN000000BVH3,Tập đoàn Bảo Việt,0.0,0.0,False,0.0,0.0,aur_candidate_not_selected_by_xy_qaoa
6,2022-10-28,DPM,0.7318333333333334,0.5076457858085632,0.8173333333333334,-0.041069339423048204,-0.029251093845762494,-0.00029014066624837064,25.6865269872522,143059574771.74347,0.04378630491747291,0.9205617182330189,1.5860174935913827,0.7397336803260265,1.0123707580012875,True,selected_by_signal_liquidity_risk_and_correlation,286,8,0.26097792272446163,0.5214127072112021,0.3434046536015786,liquidity_risk_threshold_relaxed_for_feasibility|retained_4_prior_candidates,True,20.01858044854363,0.04878871012676682,0.0,optimization_expected_return,insufficient_positive_defensive_topk,True,AAA,2,,0.0,0.05665109787735177,-0.05665109787735177,0.0001483696477041759,VN000000DPM1,Tổng Công ty Phân bón và Hóa chất Dầu khí - Công ty Cổ phần,0.0,0.05665109787735177,False,14836.964770417591,3.959965487646707e-05,aur_candidate_not_selected_by_xy_qaoa
6,2022-10-28,SHI,0.8660416666666667,0.5294783115386963,0.8841666666666668,-0.03643343563194523,-0.018860291624481634,0.000634933711086896,22.730491226563437,7442638250.0,0.023942460967354195,1.4348133910632723,0.24486491524409115,-0.9942283031633661,1.0087623222352458,True,selected_by_signal_liquidity_risk_and_correlation,286,8,0.26097792272446163,0.5214127072112021,0.3434046536015786,liquidity_risk_threshold_relaxed_for_feasibility|retained_4_prior_candidates,True,20.01858044854363,0.04878871012676682,0.0,optimization_expected_return,insufficient_positive_defensive_topk,True,SHI,2,,0.0148,0.015182371624753766,-0.0003823716247537655,9.578670451897578e-07,VN000000SHI4,Công ty Cổ phần Quốc tế Sơn Hà,0.0148,0.015182371624753766,True,95.78670451897578,5.137581754074444e-06,selected_by_xy_qaoa_then_classical_weighting
7,2022-11-29,KDC,0.804933110367893,0.5256999135017395,0.7235785953177257,-0.11757915005315384,-0.07863429828205457,-0.00022623595518976412,24.703968726237992,53554664000.0,0.014367205157097156,1.9620805109366237,1.1603223260327393,-2.0387039394419735,1.4967506094024043,True,selected_by_signal_liquidity_risk_and_correlation,287,8,0.1575263265569783,0.3118197394269664,0.3440424932755518,liquidity_risk_threshold_relaxed_for_feasibility|retained_4_prior_candidates,True,19.90332263416499,0.0556976525192233,0.0,optimization_expected_return,insufficient_positive_defensive_topk,True,KDC,2,,0.0615,0.0,0.0615,9.372366587329666e-05,VN000000KDC3,Công ty Cổ phần Tập đoàn Kido,0.0615,0.0,True,9372.366587329665,0.00011483593660488655,selected_by_xy_qaoa_then_classical_weighting
7,2022-11-29,SSB,0.7995819397993311,0.5343068242073059,0.7095317725752509,-0.1139346161312785,-0.07951159399155344,-3.159276450748579e-05,24.203176963094894,32456837382.53252,0.013760339725071364,1.928110502967243,0.9419561549003119,-2.0868981650691083,1.4139635801623724,True,selected_by_signal_liquidity_risk_and_correlation,287,8,0.1575263265569783,0.3118197394269664,0.3440424932755518,liquidity_risk_threshold_relaxed_for_feasibility|retained_4_prior_candidates,True,19.90332263416499,0.0556976525192233,0.0,optimization_expected_return,insufficient_positive_defensive_topk,True,SSB,2,,,,0.0,,VN000000SSB6,Ngân hàng Thương mại Cổ phần Đông Nam Á,0.0,0.0,False,0.0,0.0,aur_candidate_not_selected_by_xy_qaoa
7,2022-11-29,CTF,0.8489130434782609,0.5118900537490845,0.8617056856187292,-0.12342683501778826,-0.07142402416961063,0.003909428158846162,23.187784591645162,11757822392.44375,0.01321162965424321,2.241271513934976,0.4992025781263343,-2.1304739819830782,1.3908006052156692,True,selected_by_signal_liquidity_risk_and_correlation,287,8,0.1575263265569783,0.3118197394269664,0.3440424932755518,liquidity_risk_threshold_relaxed_for_feasibility|retained_4_prior_candidates,True,19.90332263416499,0.0556976525192233,0.0,optimization_expected_return,insufficient_positive_defensive_topk,True,CTF,2,,0.072589283203125,0.0,0.072589283203125,0.00011291694425190021,VN000000CTF9,Công ty Cổ phần City Auto,0.072589283203125,0.0,True,11291.69442519002,0.0006173701284157432,selected_by_xy_qaoa_then_classical_weighting
7,2022-11-29,VPI,0.775,0.5035197138786316,0.7473244147157191,-0.12697119473512117,-0.08354167115706393,0.0004216932128055051,24.42210152538619,40400238500.0,0.03041175854545567,1.772060778857898,1.0374164279174873,-0.7645255379733937,1.3865988920102887,True,selected_by_signal_liquidity_risk_and_correlation,287,8,0.1575263265569783,0.3118197394269664,0.3440424932755518,liquidity_risk_threshold_relaxed_for_feasibility|retained_4_prior_candidates,True,19.90332263416499,0.0556976525192233,0.0,optimization_expected_return,insufficient_positive_defensive_topk,True,VPI,2,,0.0,0.06123575103865658,-0.06123575103865658,0.0001606660337327988,VN000000VPI1,Công ty Cổ phần Phát triển Bất động sản Văn Phú,0.0,0.06123575103865658,False,16066.603373279879,0.0001515727463803378,aur_candidate_not_selected_by_xy_qaoa
7,2022-11-29,FIR,0.8531772575250836,0.5253163576126099,0.8234113712374581,-0.11774156401289945,-0.07072492915110373,0.0020603802972947545,23.31391614530486,13338442883.283203,0.019421948242475586,2.2683413640355763,0.5542012152021244,-1.6372814561564617,1.3468991893584432,True,selected_by_signal_liquidity_risk_and_correlation,287,8,0.1575263265569783,0.3118197394269664,0.3440424932755518,liquidity_risk_threshold_relaxed_for_feasibility|retained_4_prior_candidates,True,19.90332263416499,0.0556976525192233,0.0,optimization_expected_return,insufficient_positive_defensive_topk,True,FIR,2,,0.090625001953125,0.0,0.090625001953125,0.0001412195769009293,VN000000FIR0,Công ty Cổ phần Địa ốc First Real,0.090625001953125,0.0,True,14121.957690092931,0.0006794271471275216,selected_by_xy_qaoa_then_classical_weighting
7,2022-11-29,SHI,0.8118729096989966,0.5207716822624207,0.7508361204013377,-0.11966597383243702,-0.07749655540879821,0.0009737577537993374,22.6322555225359,6746269500.0,0.029378853700047846,2.006135365021915,0.2569686503700425,-0.8465536887691536,1.2193762269536539,True,selected_by_signal_liquidity_risk_and_correlation,287,8,0.1575263265569783,0.3118197394269664,0.3440424932755518,liquidity_risk_threshold_relaxed_for_feasibility|retained_4_prior_candidates,True,19.90332263416499,0.0556976525192233,0.0,optimization_expected_return,insufficient_positive_defensive_topk,True,SHI,2,,0.01495,0.01613676469156059,-0.0011867646915605917,2.9780418549856254e-06,VN000000SHI4,Công ty Cổ phần Quốc tế Sơn Hà,0.01495,0.01613676469156059,True,297.80418549856256,1.7591421326417387e-05,selected_by_xy_qaoa_then_classical_weighting
7,2022-11-29,REE,0.6303511705685618,0.47535982728004456,0.5750836120401337,-0.13889529450280416,-0.10725607080445554,-0.0006518733981900557,24.465913626971457,42209604502.888084,0.02980390206361938,0.8538090009355611,1.0565203381183945,-0.8127984678332206,1.0332254888906456,True,selected_by_signal_liquidity_risk_and_correlation,287,8,0.1575263265569783,0.3118197394269664,0.3440424932755518,liquidity_risk_threshold_relaxed_for_feasibility|retained_4_prior_candidates,True,19.90332263416499,0.0556976525192233,0.0,optimization_expected_return,insufficient_positive_defensive_topk,True,AAA,2,,0.0,0.03890872280753523,-0.03890872280753523,0.00010110923702467633,VN000000REE2,Công ty Cổ phần Cơ Điện Lạnh,0.0,0.03890872280753523,False,10110.923702467633,9.217978530188076e-05,aur_candidate_not_selected_by_xy_qaoa
7,2022-11-29,BVH,0.6037625418060202,0.4620119035243988,0.615551839464883,-0.1445473760194155,-0.11161513386102807,-0.00036900449953834144,24.3735952579769,38487342500.0,0.03160664529428002,0.6850205238376991,1.0162656649264719,-0.6696335923579003,0.9301462311130297,True,selected_by_signal_liquidity_risk_and_correlation,287,8,0.1575263265569783,0.3118197394269664,0.3440424932755518,liquidity_risk_threshold_relaxed_for_feasibility|retained_4_prior_candidates,True,19.90332263416499,0.0556976525192233,0.0,optimization_expected_return,insufficient_positive_defensive_topk,True,AAA,2,,,,0.0,,VN000000BVH3,Tập đoàn Bảo Việt,0.0,0.0,False,0.0,0.0,aur_candidate_not_selected_by_xy_qaoa
8,2022-12-30,FIR,0.8819397993311038,0.5457857251167297,0.8307692307692308,-0.06262107453072291,-0.03242444880160576,0.0011852428307616006,23.248053124642084,12488238578.056934,0.011326482625932416,2.060756657472775,0.4507740303944876,-1.6254365487065705,1.425889055933166,True,selected_by_signal_liquidity_risk_and_correlation,285,8,0.1883415308047075,0.3895822740262267,0.34342248713970763,liquidity_risk_threshold_relaxed_for_feasibility|retained_4_prior_candidates,True,19.89800881783716,0.046994232281504324,0.0,optimization_expected_return,insufficient_positive_defensive_topk,True,FIR,2,,0.090151517578125,0.08775519577455526,0.0023963218035697453,3.617954814590212e-06,VN000000FIR0,Công ty Cổ phần Địa ốc First Real,0.090151517578125,0.08775519577455526,True,361.7954814590212,1.918862927378981e-05,selected_by_xy_qaoa_then_classical_weighting
8,2022-12-30,LPB,0.9255852842809364,0.5928265452384949,0.8645484949832776,-0.03871100344272155,-0.026374489112335114,0.004913310661044209,25.964729199646197,188946397305.612,0.03917072265586391,2.2924925086316845,1.601920044719127,0.6934900956619725,1.3736455047550726,True,selected_by_signal_liquidity_risk_and_correlation,285,8,0.1883415308047075,0.3895822740262267,0.34342248713970763,liquidity_risk_threshold_relaxed_for_feasibility|retained_4_prior_candidates,True,19.89800881783716,0.046994232281504324,0.0,optimization_expected_return,insufficient_positive_defensive_topk,True,AAA,2,,,,0.0,,VN000000LPB7,Ngân hàng Thương mại Cổ phần Lộc Phát Việt Nam,0.0,0.0,False,0.0,0.0,aur_candidate_not_selected_by_xy_qaoa
8,2022-12-30,SHI,0.8697742474916388,0.5387950539588928,0.826505016722408,-0.0661743170954584,-0.03411078814028179,0.0007922588345867522,23.28479666566044,12955635000.0,0.014788819227740859,1.9961636185003193,0.4663434908776964,-1.3370859027893083,1.3622485546257177,True,selected_by_signal_liquidity_risk_and_correlation,285,8,0.1883415308047075,0.3895822740262267,0.34342248713970763,liquidity_risk_threshold_relaxed_for_feasibility|retained_4_prior_candidates,True,19.89800881783716,0.046994232281504324,0.0,optimization_expected_return,insufficient_positive_defensive_topk,True,SHI,2,,0.045,0.014811123254914635,0.030188876745085365,4.631376311971944e-05,VN000000SHI4,Công ty Cổ phần Quốc tế Sơn Hà,0.045,0.014811123254914635,True,4631.376311971944,0.00023301734531024814,selected_by_xy_qaoa_then_classical_weighting
8,2022-12-30,BVH,0.7840301003344481,0.5586715936660767,0.6081939799331103,-0.05607140060395033,-0.04599629323864782,-0.0007330038998759836,24.294946422273394,35576332000.0,0.02283859529303079,1.5409047768078616,0.894377542082806,-0.6666836875040336,1.2293966035777317,True,selected_by_signal_liquidity_risk_and_correlation,285,8,0.1883415308047075,0.3895822740262267,0.34342248713970763,liquidity_risk_threshold_relaxed_for_feasibility|retained_4_prior_candidates,True,19.89800881783716,0.046994232281504324,0.0,optimization_expected_return,insufficient_positive_defensive_topk,True,AAA,2,,,,0.0,,VN000000BVH3,Tập đoàn Bảo Việt,0.0,0.0,False,0.0,0.0,aur_candidate_not_selected_by_xy_qaoa
8,2022-12-30,OCB,0.904556856187291,0.5234296321868896,0.9462374581939801,-0.07398430692800673,-0.02928936432661014,0.005479511593916932,23.629920702989732,18295495206.934498,0.022458375724499133,2.1808419979679567,0.6125840249165737,-0.6983491697449056,1.1914935833697196,True,selected_by_signal_liquidity_risk_and_correlation,285,8,0.1883415308047075,0.3895822740262267,0.34342248713970763,liquidity_risk_threshold_relaxed_for_feasibility|retained_4_prior_candidates,True,19.89800881783716,0.046994232281504324,0.0,optimization_expected_return,insufficient_positive_defensive_topk,True,OCB,2,,0.04014582275390625,0.0,0.04014582275390625,6.154849473375188e-05,VN000000OCB9,Ngân hàng Thương mại Cổ phần Phương Đông,0.04014582275390625,0.0,True,6154.849473375188,0.00021943009631512938,selected_by_xy_qaoa_then_classical_weighting
8,2022-12-30,SSB,0.621948160535117,0.4800049960613251,0.8994147157190635,-0.0960563314812615,-0.0684634328126922,0.0019072403732233831,24.320854464870504,36510088800.79453,0.004472781499217733,0.6803301647934026,0.9053556414775121,-2.196227137287648,1.1184406110276375,True,selected_by_signal_liquidity_risk_and_correlation,285,8,0.1883415308047075,0.3895822740262267,0.34342248713970763,liquidity_risk_threshold_relaxed_for_feasibility|retained_4_prior_candidates,True,19.89800881783716,0.046994232281504324,0.0,optimization_expected_return,insufficient_positive_defensive_topk,True,SSB,2,,,,0.0,,VN000000SSB6,Ngân hàng Thương mại Cổ phần Đông Nam Á,0.0,0.0,False,0.0,0.0,aur_candidate_not_selected_by_xy_qaoa
8,2022-12-30,PNJ,0.7750836120401338,0.5090397000312805,0.8511705685618729,-0.08129847151743186,-0.04723641907533739,0.002217715126074894,23.77797889687132,21215097190.878906,0.016771364514577114,1.4934033667044073,0.6753212063358335,-1.1719753777985071,1.0095200755690807,True,selected_by_signal_liquidity_risk_and_correlation,285,8,0.1883415308047075,0.3895822740262267,0.34342248713970763,liquidity_risk_threshold_relaxed_for_feasibility|retained_4_prior_candidates,True,19.89800881783716,0.046994232281504324,0.0,optimization_expected_return,insufficient_positive_defensive_topk,True,PNJ,2,,0.05733333203125,0.0,0.05733333203125,8.81075256079878e-05,VN000000PNJ6,Công ty Cổ phần Vàng bạc Đá quý Phú Nhuận,0.05733333203125,0.0,True,8810.752560798779,0.00027024779342467285,selected_by_xy_qaoa_then_classical_weighting
8,2022-12-30,CTF,0.6611622073578596,0.48171600699424744,0.9611204013377928,-0.09518665291416542,-0.06302774106122104,0.006003259335968269,23.59904482175261,17739237335.979687,0.01577087821097207,0.8885372801066769,0.5995008870511878,-1.255297973217221,0.9535349184931696,True,selected_by_signal_liquidity_risk_and_correlation,285,8,0.1883415308047075,0.3895822740262267,0.34342248713970763,liquidity_risk_threshold_relaxed_for_feasibility|retained_4_prior_candidates,True,19.89800881783716,0.046994232281504324,0.0,optimization_expected_return,insufficient_positive_defensive_topk,True,CTF,2,,0.0,0.07976484471609788,-0.07976484471609788,0.00021067597299619082,VN000000CTF9,Công ty Cổ phần City Auto,0.0,0.07976484471609788,False,21067.597299619083,0.0004496520521449616,aur_candidate_not_selected_by_xy_qaoa
9,2023-01-30,SHB,0.9621993127147767,0.5831345915794373,0.6575601374570447,0.10711347624027606,0.10269776294059553,0.002544601078452855,25.583632045359813,129071460507.40617,0.013911812811425894,1.5605064810256464,1.70482647143504,-0.699905411795369,1.325877669181828,True,selected_by_signal_liquidity_risk_and_correlation,274,8,0.2883896145665322,0.5613470089544986,0.3510557540590273,full_budget_supported|retained_4_prior_candidates,True,19.231887637177877,0.027962283373618987,0.0,optimization_expected_return,enforced,False,AAA,2,,0.06810470068359376,0.0,0.06810470068359376,0.000103263255785262,VN000000SHB9,Ngân hàng Thương mại Cổ phần Sài Gòn – Hà Nội,0.06810470068359376,0.0,True,10326.325578526199,5.276511198979257e-05,selected_by_xy_qaoa_then_classical_weighting
9,2023-01-30,OCB,0.9553264604810997,0.5755029320716858,0.7083333333333333,0.1011402057866021,0.10187351048273996,0.004257505754619751,22.997182805312224,9717389070.693262,0.014130420910115826,1.5366746511451443,0.6146352617735195,-0.669449177894585,1.1302095787629773,True,selected_by_signal_liquidity_risk_and_correlation,274,8,0.2883896145665322,0.5613470089544986,0.3510557540590273,full_budget_supported|retained_4_prior_candidates,True,19.231887637177877,0.027962283373618987,0.0,optimization_expected_return,enforced,False,OCB,2,,0.09201108984375,0.04102334223525506,0.05098774760849494,7.909323516834528e-05,VN000000OCB9,Ngân hàng Thương mại Cổ phần Phương Đông,0.09201108984375,0.04102334223525506,True,7909.323516834528,0.0005247062481245012,selected_by_xy_qaoa_then_classical_weighting
9,2023-01-30,NVL,0.993127147766323,0.5974397659301758,0.05756013745704467,0.11831008101504764,0.10640689900094559,-0.011764461151238524,25.654330316912638,138526892985.539,0.027629389769062568,1.6677497154879055,1.734625870932915,1.2112119478883894,1.0925371488384241,True,selected_by_signal_liquidity_risk_and_correlation,274,8,0.2883896145665322,0.5613470089544986,0.3510557540590273,full_budget_supported|retained_4_prior_candidates,True,19.231887637177877,0.027962283373618987,0.0,optimization_expected_return,enforced,False,NVL,2,,0.0519069765625,0.0,0.0519069765625,7.857095252958123e-05,VN000000NVL0,Công ty Cổ phần Tập đoàn Đầu tư Địa ốc No Va,0.0519069765625,0.0,True,7857.095252958123,3.7470685614755425e-05,selected_by_xy_qaoa_then_classical_weighting
9,2023-01-30,HAG,0.8762886597938144,0.5568760633468628,0.4835051546391752,0.08656102749838857,0.0923946072174009,0.0021405609614033334,25.36159141377775,103371115600.0,0.02262908161946864,1.262608607519371,1.6112361001297038,0.5145746526890256,0.9917898801497907,True,selected_by_signal_liquidity_risk_and_correlation,274,8,0.2883896145665322,0.5613470089544986,0.3510557540590273,full_budget_supported|retained_4_prior_candidates,True,19.231887637177877,0.027962283373618987,0.0,optimization_expected_return,enforced,False,HAG,2,,,,0.0,,VN000000HAG6,Công ty Cổ phần Hoàng Anh Gia Lai,0.0,0.0,False,0.0,0.0,aur_candidate_not_selected_by_xy_qaoa
9,2023-01-30,PDR,0.8797250859106529,0.5576156377792358,0.06477663230240549,0.08713988955331903,0.0928067334463287,-0.007068649522078074,25.207249288016868,88586852155.14194,0.027113082093358068,1.274524522459622,1.546180723755146,1.1392805444762493,0.8800809806267125,True,selected_by_signal_liquidity_risk_and_correlation,274,8,0.2883896145665322,0.5613470089544986,0.3510557540590273,full_budget_supported|retained_4_prior_candidates,True,19.231887637177877,0.027962283373618987,0.0,optimization_expected_return,enforced,False,PDR,2,,,,0.0,,VN000000PDR0,Công ty Cổ phần Phát triển Bất động sản Phát Đạt,0.0,0.0,False,0.0,0.0,aur_candidate_not_selected_by_xy_qaoa
9,2023-01-30,SHI,0.7938144329896907,0.5464661717414856,0.4969072164948453,0.078413245500359,0.08250357772313408,0.0015421117741432195,23.073013723135947,10482926500.0,0.017810884297304208,0.9766266489533465,0.6465980773401093,-0.1566911673028939,0.840463661745811,True,selected_by_signal_liquidity_risk_and_correlation,274,8,0.2883896145665322,0.5613470089544986,0.3510557540590273,full_budget_supported|retained_4_prior_candidates,True,19.231887637177877,0.027962283373618987,0.0,optimization_expected_return,enforced,False,SHI,2,,0.01595,0.04686941965999416,-0.03091941965999416,7.848593189246241e-05,VN000000SHI4,Công ty Cổ phần Quốc tế Sơn Hà,0.01595,0.04686941965999416,True,7848.593189246241,0.00029495026660727005,selected_by_xy_qaoa_then_classical_weighting
9,2023-01-30,SSB,0.2920962199312715,0.47637468576431274,0.5595360824742268,0.02355290983990388,0.022333148299677526,0.0018981949651169325,23.928100701987976,24651428866.63955,0.00314832764591627,-0.763096932323301,1.007018182790683,-2.199462032766424,0.5771368959623822,True,selected_by_signal_liquidity_risk_and_correlation,274,8,0.2883896145665322,0.5613470089544986,0.3510557540590273,full_budget_supported|retained_4_prior_candidates,True,19.231887637177877,0.027962283373618987,0.0,optimization_expected_return,enforced,False,SSB,2,,,,0.0,,VN000000SSB6,Ngân hàng Thương mại Cổ phần Đông Nam Á,0.0,0.0,False,0.0,0.0,aur_candidate_not_selected_by_xy_qaoa
9,2023-01-30,BVH,0.21649484536082475,0.46228548884391785,0.6339347079037799,0.012525349766618454,0.013266371263266259,0.0019383184638256364,23.45993642283265,15435508250.0,0.010932022272394315,-1.0252470610088233,0.809686422356341,-1.1150464709599308,0.2405483940651796,True,selected_by_signal_liquidity_risk_and_correlation,274,8,0.2883896145665322,0.5613470089544986,0.3510557540590273,full_budget_supported|retained_4_prior_candidates,True,19.231887637177877,0.027962283373618987,0.0,optimization_expected_return,enforced,False,AAA,2,,,,0.0,,VN000000BVH3,Tập đoàn Bảo Việt,0.0,0.0,False,0.0,0.0,aur_candidate_not_selected_by_xy_qaoa
10,2023-02-27,BVH,0.8561872909698997,0.5671775341033936,0.5939799331103679,0.02749819898751017,0.025401432912301198,5.947528419429811e-06,23.919242853935142,24434034500.0,0.012973161293908067,1.2322651988679778,0.7910702970822066,-1.2579186043248687,1.1584684741746938,True,selected_by_signal_liquidity_risk_and_correlation,285,8,0.29156970831356777,0.5971187862025906,0.34824128250525294,full_budget_supported|retained_4_prior_candidates,True,19.8709113819355,0.03783222775869076,0.0,optimization_expected_return,enforced,False,AAA,2,,,,0.0,,VN000000BVH3,Tập đoàn Bảo Việt,0.0,0.0,False,0.0,0.0,aur_candidate_not_selected_by_xy_qaoa
10,2023-02-27,SSB,0.7123745819397993,0.5343754887580872,0.569732441471572,0.026137977427950636,0.024852673372934786,-0.0005884634513359797,24.206317646760905,32558934284.666992,0.011801953480280208,0.7390290878144105,0.9172516517208787,-1.3792932593212033,1.0235437021262521,True,selected_by_signal_liquidity_risk_and_correlation,285,8,0.29156970831356777,0.5971187862025906,0.34824128250525294,full_budget_supported|retained_4_prior_candidates,True,19.8709113819355,0.03783222775869076,0.0,optimization_expected_return,enforced,False,AAA,2,,0.057578560546875,0.0,0.057578560546875,8.807998808628793e-05,VN000000SSB6,Ngân hàng Thương mại Cổ phần Đông Nam Á,0.057578560546875,0.0,True,8807.998808628792,0.00017684411917005073,selected_by_xy_qaoa_then_classical_weighting
10,2023-02-27,CDC,0.882943143812709,0.5724892020225525,0.6249163879598663,0.02771846102131943,0.025503527710322854,-0.00035450303549139,22.429452356568238,5507917042.289551,0.004904375954787361,1.324030056738409,0.13624518605383384,-2.094103289382339,0.8914133312215562,True,selected_by_signal_liquidity_risk_and_correlation,285,8,0.29156970831356777,0.5971187862025906,0.34824128250525294,full_budget_supported|retained_4_prior_candidates,True,19.8709113819355,0.03783222775869076,0.0,optimization_expected_return,enforced,False,CDC,2,,0.0924444453125,0.0,0.0924444453125,0.0001471352858720275,VN000000CDC0,Công ty Cổ phần Chương Dương,0.0924444453125,0.0,True,14713.52858720275,0.001678392114527425,selected_by_xy_qaoa_then_classical_weighting
10,2023-02-27,CTF,0.8093645484949833,0.5535843968391418,0.8976588628762541,0.026934524430809608,0.025222767015763297,0.0031670295683550813,23.878524807889097,23459111532.073437,0.013082970664395793,1.0716766975947234,0.7731730161758743,-1.2465388352495341,0.8862620599868755,True,selected_by_signal_liquidity_risk_and_correlation,285,8,0.29156970831356777,0.5971187862025906,0.34824128250525294,full_budget_supported|retained_4_prior_candidates,True,19.8709113819355,0.03783222775869076,0.0,optimization_expected_return,enforced,False,CTF,2,,0.030758927734375,0.0,0.030758927734375,4.692595588030602e-05,VN000000CTF9,Công ty Cổ phần City Auto,0.030758927734375,0.0,True,4692.595588030602,0.00013111718955051307,selected_by_xy_qaoa_then_classical_weighting
10,2023-02-27,HPX,0.9966555183946488,0.6902415752410889,0.05234113712374582,0.032601367408864934,0.025937430601914904,-0.009224662326947838,24.407645326414514,39820405800.0,0.03612548663387457,1.714030702687741,1.0057435708298186,1.1414041015209275,0.8664119156373937,True,selected_by_signal_liquidity_risk_and_correlation,285,8,0.29156970831356777,0.5971187862025906,0.34824128250525294,full_budget_supported|retained_4_prior_candidates,True,19.8709113819355,0.03783222775869076,0.0,optimization_expected_return,enforced,False,HPX,2,,,,0.0,,VN000000HPX9,Công ty Cổ phần Đầu tư Hải Phát,0.0,0.0,False,0.0,0.0,aur_candidate_not_selected_by_xy_qaoa
10,2023-02-27,TDM,0.8896321070234113,0.5736494660377502,0.8581939799331103,0.027766574366436758,0.02552905140982827,0.001707083095316762,22.337871802544704,5025907151.930469,0.007161998498737211,1.3469712712060167,0.09599170976808004,-1.8601412595909912,0.8514067958398833,True,selected_by_signal_liquidity_risk_and_correlation,285,8,0.29156970831356777,0.5971187862025906,0.34824128250525294,full_budget_supported|retained_4_prior_candidates,True,19.8709113819355,0.03783222775869076,0.0,optimization_expected_return,enforced,False,TDM,2,,0.03636626953125,0.0,0.03636626953125,5.673679268029454e-05,VN000000TDM3,Công ty Cổ phần Nước Thủ Dầu Một,0.03636626953125,0.0,True,5673.679268029454,0.0007235762307563041,selected_by_xy_qaoa_then_classical_weighting
10,2023-02-27,SHI,0.568561872909699,0.5071925520896912,0.38093645484949834,0.025010766727542762,0.02430391383356837,-0.0018853357422039536,23.133724001574254,11139063500.0,0.016164885608903126,0.24579297676084322,0.4458019720249434,-0.9271537024275958,0.5934209362772069,True,selected_by_signal_liquidity_risk_and_correlation,285,8,0.29156970831356777,0.5971187862025906,0.34824128250525294,full_budget_supported|retained_4_prior_candidates,True,19.8709113819355,0.03783222775869076,0.0,optimization_expected_return,enforced,False,SHI,2,,0.0,0.014593660485222365,-0.014593660485222365,3.736563912663343e-05,VN000000SHI4,Công ty Cổ phần Quốc tế Sơn Hà,0.0,0.014593660485222365,False,3736.563912663343,0.0001310133521118931,aur_candidate_not_selected_by_xy_qaoa
10,2023-02-27,OCB,0.5819397993311036,0.5084137320518494,0.438294314381271,0.025061406109786875,0.0243549612325792,-0.00030285829683414475,23.341483189684098,13711259445.976074,0.029024146496436698,0.29167540569605876,0.5371208075670174,0.4054777363071324,0.44384078448080977,True,selected_by_signal_liquidity_risk_and_correlation,285,8,0.29156970831356777,0.5971187862025906,0.34824128250525294,full_budget_supported|retained_4_prior_candidates,True,19.8709113819355,0.03783222775869076,0.0,optimization_expected_return,enforced,False,OCB,2,,0.0,0.08374263300835995,-0.08374263300835995,0.0002214734378306655,VN000000OCB9,Ngân hàng Thương mại Cổ phần Phương Đông,0.0,0.08374263300835995,False,22147.34378306655,0.0006107581388734965,aur_candidate_not_selected_by_xy_qaoa
11,2023-03-30,SSB,0.7625418060200669,0.5629194378852844,0.41421404682274243,0.01387261773939557,0.01219999939135449,-0.0007376151565051806,24.094891365639107,29125833475.42461,0.005610713271007005,0.9161523239522076,0.9976007560782383,-1.6195213564427573,1.15854939767468,True,selected_by_signal_liquidity_risk_and_correlation,286,8,0.28719548565223596,0.5782589239720246,0.32370148781760205,full_budget_supported|retained_4_prior_candidates,True,19.44139347481532,0.027834770140115477,0.0,optimization_expected_return,enforced,False,SSB,2,,0.05721413671875,0.057842009374484346,-0.0006278726557343434,1.5717429961611277e-06,VN000000SSB6,Ngân hàng Thương mại Cổ phần Đông Nam Á,0.05721413671875,0.057842009374484346,True,157.17429961611276,2.155724251682346e-06,selected_by_xy_qaoa_then_classical_weighting
11,2023-03-30,HHV,1.0,0.6206007599830627,0.8247491638795986,0.020031950482802763,0.01810422391807738,0.003581200350032704,25.13734597781221,82605820228.03549,0.020933229678503425,1.7429696168488082,1.4479196680816626,0.34692684034010957,1.151920704517089,True,selected_by_signal_liquidity_risk_and_correlation,286,8,0.28719548565223596,0.5782589239720246,0.32370148781760205,full_budget_supported|retained_4_prior_candidates,True,19.44139347481532,0.027834770140115477,0.0,optimization_expected_return,enforced,False,AAA,2,,,,0.0,,VN000000HHV0,Công ty Cổ phần Đầu tư Hạ tầng Giao thông Đèo Cả,0.0,0.0,False,0.0,0.0,aur_candidate_not_selected_by_xy_qaoa
11,2023-03-30,HSG,0.8729096989966555,0.5807035565376282,0.8315217391304347,0.015771643287775618,0.014944216424901749,0.004060346793545611,26.32921974755936,272041304789.08063,0.025479504531267867,1.3004476854393598,1.9627845772781431,0.9303828307624203,1.0675962516087307,True,selected_by_signal_liquidity_risk_and_correlation,286,8,0.28719548565223596,0.5782589239720246,0.32370148781760205,full_budget_supported|retained_4_prior_candidates,True,19.44139347481532,0.027834770140115477,0.0,optimization_expected_return,enforced,False,AAA,2,,,,0.0,,VN000000HSG8,Công ty Cổ phần Tập đoàn Hoa Sen,0.0,0.0,False,0.0,0.0,aur_candidate_not_selected_by_xy_qaoa
11,2023-03-30,TDM,0.8929765886287625,0.5844540596008301,0.5436454849498328,0.016172129883458522,0.015443164976455794,7.57944657090634e-05,22.02031571120082,3658487731.7498045,0.006877968091143617,1.3703195693461148,0.10142682134168031,-1.4568854753871594,1.002160036516108,True,selected_by_signal_liquidity_risk_and_correlation,286,8,0.28719548565223596,0.5782589239720246,0.32370148781760205,full_budget_supported|retained_4_prior_candidates,True,19.44139347481532,0.027834770140115477,0.0,optimization_expected_return,enforced,False,TDM,2,,0.070782609375,0.03605687975773024,0.03472572961726976,5.448087035118227e-05,VN000000TDM3,Công ty Cổ phần Nước Thủ Dầu Một,0.070782609375,0.03605687975773024,True,5448.0870351182275,0.0009491826176129042,selected_by_xy_qaoa_then_classical_weighting
11,2023-03-30,HDB,0.9096989966555183,0.5879130959510803,0.6590301003344482,0.01654149305125513,0.015858955436084166,0.0008301974476734642,24.42320884701926,40444999335.8206,0.02017368592668803,1.4285461392684107,1.1394271428392044,0.249449154468333,0.9328005825308359,True,selected_by_signal_liquidity_risk_and_correlation,286,8,0.28719548565223596,0.5782589239720246,0.32370148781760205,full_budget_supported|retained_4_prior_candidates,True,19.44139347481532,0.027834770140115477,0.0,optimization_expected_return,enforced,False,HDB,2,,,,0.0,,VN000000HDB1,Ngân hàng Thương mại Cổ phần Phát triển Thành phố Hồ Chí Minh,0.0,0.0,False,0.0,0.0,aur_candidate_not_selected_by_xy_qaoa
11,2023-03-30,BVH,0.725752508361204,0.5582544207572937,0.4954849498327759,0.013374477410776173,0.01128526038017207,-0.000370814587558066,23.22549133355237,12209636250.0,0.011695805560238247,0.7880538701231564,0.6220378567699364,-0.8385779107851091,0.8587214845365068,True,selected_by_signal_liquidity_risk_and_correlation,286,8,0.28719548565223596,0.5782589239720246,0.32370148781760205,full_budget_supported|retained_4_prior_candidates,True,19.44139347481532,0.027834770140115477,0.0,optimization_expected_return,enforced,False,BVH,2,,0.0483,0.0,0.0483,7.459809921048087e-05,VN000000BVH3,Tập đoàn Bảo Việt,0.0483,0.0,True,7459.809921048088,0.0003955891806359096,selected_by_xy_qaoa_then_classical_weighting
11,2023-03-30,VIC,0.5585284280936454,0.539664089679718,0.5384615384615385,0.011389362806038243,0.007127355783888344,-0.0005126159482188069,25.05563097671559,76124118000.0,0.006345683708060839,0.20578817090019808,1.412620471398673,-1.5251973399302912,0.8055120343391584,True,selected_by_signal_liquidity_risk_and_correlation,286,8,0.28719548565223596,0.5782589239720246,0.32370148781760205,full_budget_supported|retained_4_prior_candidates,True,19.44139347481532,0.027834770140115477,0.0,optimization_expected_return,enforced,False,VIC,2,,,,0.0,,VN000000VIC9,Tập đoàn Vingroup - Công ty Cổ phần,0.0,0.0,False,0.0,0.0,aur_candidate_not_selected_by_xy_qaoa
11,2023-03-30,CTF,0.5719063545150501,0.5403315424919128,0.8183946488294314,0.011460634819426947,0.007459988151591042,0.002250398007955641,23.718742746800757,19994893377.05781,0.01014332997903602,0.2523694268380347,0.8351123035270308,-1.0378182134883234,0.7489098089929231,True,selected_by_signal_liquidity_risk_and_correlation,286,8,0.28719548565223596,0.5782589239720246,0.32370148781760205,full_budget_supported|retained_4_prior_candidates,True,19.44139347481532,0.027834770140115477,0.0,optimization_expected_return,enforced,False,CTF,2,,0.031741072265625,0.03260118067291931,-0.0008601084072943077,2.154259937488685e-06,VN000000CTF9,Công ty Cổ phần City Auto,0.031741072265625,0.03260118067291931,True,215.4259937488685,4.301640379244023e-06,selected_by_xy_qaoa_then_classical_weighting
12,2023-04-28,TPB,0.9932659932659933,0.6269195079803467,0.7974747474747474,0.0037569181199926527,0.00215463812162444,0.0030999805420683277,25.235673251144153,91140968673.0607,0.009838056733340681,1.6892136848951316,1.3099890833533119,-1.124750333195139,1.3028942031109825,True,selected_by_signal_liquidity_risk_and_correlation,282,8,0.2893056405935614,0.5671536320535926,0.2779128148897549,full_budget_supported|retained_1_prior_candidates,True,19.837405711166422,0.03105383742454615,0.0,optimization_expected_return,enforced,False,TPB,2,,,,0.0,,VN000000TPB0,Ngân hàng Thương mại Cổ phần Tiên Phong,0.0,0.0,False,0.0,0.0,aur_candidate_not_selected_by_xy_qaoa
12,2023-04-28,HDB,0.9090909090909091,0.57303786277771,0.5737373737373737,0.0001786379356400053,0.0007309700428201373,0.0011205975115817818,24.596521216586428,48098711057.88159,0.015411963494526164,1.3982581266070413,1.0324784490028407,-0.44972026088138334,1.1881287469260182,True,selected_by_signal_liquidity_risk_and_correlation,282,8,0.2893056405935614,0.5671536320535926,0.2779128148897549,full_budget_supported|retained_1_prior_candidates,True,19.837405711166422,0.03105383742454615,0.0,optimization_expected_return,enforced,False,HDB,2,,0.018462912109375,0.0,0.018462912109375,2.795014934396602e-05,VN000000HDB1,Ngân hàng Thương mại Cổ phần Phát triển Thành phố Hồ Chí Minh,0.018462912109375,0.0,True,2795.014934396602,3.838546128015132e-05,selected_by_xy_qaoa_then_classical_weighting
12,2023-04-28,BAF,0.9393939393939394,0.5757001042366028,0.5735690235690237,0.00035543739717263517,0.0012434905511896875,0.0007553162269439431,24.45185346127718,41620283156.02632,0.015425237493658797,1.503002127590754,0.969665787264686,-0.4481127082296614,1.007800782813391,True,selected_by_signal_liquidity_risk_and_correlation,282,8,0.2893056405935614,0.5671536320535926,0.2779128148897549,full_budget_supported|retained_1_prior_candidates,True,19.837405711166422,0.03105383742454615,0.0,optimization_expected_return,enforced,False,BAF,2,,0.022852296875,0.0,0.022852296875,3.465708599383788e-05,VN000000BAF1,Công ty Cổ phần Nông nghiệp BAF Việt Nam,0.022852296875,0.0,True,3465.708599383788,5.490663479950676e-05,selected_by_xy_qaoa_then_classical_weighting
12,2023-04-28,TCH,0.9124579124579124,0.5734444856643677,0.6190235690235691,0.0002056417624971829,0.0007879167659723095,0.0012146603161519213,24.47782587651528,42715422579.10242,0.015571990161386478,1.4098963489385647,0.9809426369634056,-0.4303401712725876,0.971839488203506,True,selected_by_signal_liquidity_risk_and_correlation,282,8,0.2893056405935614,0.5671536320535926,0.2779128148897549,full_budget_supported|retained_1_prior_candidates,True,19.837405711166422,0.03105383742454615,0.0,optimization_expected_return,enforced,False,AAA,2,,,,0.0,,VN000000TCH5,Công ty Cổ phần Đầu tư Dịch vụ Tài chính Hoàng Huy,0.0,0.0,False,0.0,0.0,aur_candidate_not_selected_by_xy_qaoa
12,2023-04-28,GVR,0.9562289562289562,0.5838466286659241,0.5521885521885521,0.0008964481036415339,0.0015282241669505488,0.0009021315361273053,24.456861035113263,41829222500.0,0.023020287007319565,1.5611932392483718,0.9718400039090396,0.4716886164237445,0.8938680046039509,True,selected_by_signal_liquidity_risk_and_correlation,282,8,0.2893056405935614,0.5671536320535926,0.2779128148897549,full_budget_supported|retained_1_prior_candidates,True,19.837405711166422,0.03105383742454615,0.0,optimization_expected_return,enforced,False,AAA,2,,,,0.0,,VN000000GVR1,Tập đoàn Công nghiệp Cao su Việt Nam - Công ty Cổ phần,0.0,0.0,False,0.0,0.0,aur_candidate_not_selected_by_xy_qaoa
12,2023-04-28,CDC,0.8888888888888888,0.566459596157074,0.5102693602693603,-0.0002582247660738238,0.0003892897039071055,0.0002572867254523834,22.715591786732382,7332569129.523633,0.003420271675765375,1.3284287926178995,0.21580590315315015,-1.9019786036206403,0.8922003736938584,True,selected_by_signal_liquidity_risk_and_correlation,282,8,0.2893056405935614,0.5671536320535926,0.2779128148897549,full_budget_supported|retained_1_prior_candidates,True,19.837405711166422,0.03105383742454615,0.0,optimization_expected_return,enforced,False,CDC,2,,0.09473015625,0.0,0.09473015625,0.0001497088211090316,VN000000CDC0,Công ty Cổ phần Chương Dương,0.09473015625,0.0,True,14970.88211090316,0.0012919094873389107,selected_by_xy_qaoa_then_classical_weighting
12,2023-04-28,PC1,0.8686868686868687,0.561516523361206,0.6166666666666666,-0.0005864942420474584,4.76093649940737e-05,0.0015717908378876234,24.32218475774559,36558690231.697556,0.019086295870052613,1.258599458628758,0.9133654984024974,-0.00473885817329883,0.8238285366183722,True,selected_by_signal_liquidity_risk_and_correlation,282,8,0.2893056405935614,0.5671536320535926,0.2779128148897549,full_budget_supported|retained_1_prior_candidates,True,19.837405711166422,0.03105383742454615,0.0,optimization_expected_return,enforced,False,PC1,2,,,,0.0,,VN000000PC11,Công ty Cổ phần Tập đoàn PC1,0.0,0.0,False,0.0,0.0,aur_candidate_not_selected_by_xy_qaoa
12,2023-04-28,LIX,0.9461279461279462,0.5807770490646362,0.5676767676767678,0.0006925973151165402,0.001357383997494032,0.000572477545213663,21.04655838825067,1381669500.0,0.008754921786044603,1.526278572253801,-0.5088644289772741,-1.2559237978986144,0.6207974484442667,True,selected_by_signal_liquidity_risk_and_correlation,282,8,0.2893056405935614,0.5671536320535926,0.2779128148897549,full_budget_supported|retained_1_prior_candidates,True,19.837405711166422,0.03105383742454615,0.0,optimization_expected_return,enforced,False,LIX,2,,0.0852,0.0,0.0852,0.00014276036911480705,VN000000LIX6,Công ty Cổ phần Bột giặt LIX,0.0852,0.0,True,14276.036911480705,0.006166452975910665,selected_by_xy_qaoa_then_classical_weighting
13,2023-05-30,VRE,0.9130434782608695,0.5431426763534546,0.31630434782608696,0.020395679562038707,0.01753703599331869,-0.0003691976106349196,24.944877749533315,68143236750.0,0.008034469199406261,1.4013090757767288,1.2030401449747434,-1.1642538494519021,1.156225758469637,True,selected_by_signal_liquidity_risk_and_correlation,281,8,0.28818993989849434,0.5577268092523175,0.20634168921123833,full_budget_supported|retained_4_prior_candidates,True,20.076958827220757,0.029060606285271292,0.0,optimization_expected_return,enforced,False,VRE,2,,0.0277,0.0,0.0277,4.194490558567187e-05,VN000000VRE6,Công ty Cổ phần Vincom Retail,0.0277,0.0,True,4194.490558567187,4.064966872886325e-05,selected_by_xy_qaoa_then_classical_weighting
13,2023-05-30,CDC,0.9130434782608695,0.5431426763534546,0.3298494983277592,0.020395679562038707,0.01753703599331869,0.00027907287228465206,22.73607216538001,7484291282.111133,0.0034430437292609704,1.4013090757767288,0.21322679319461846,-1.6966139902490296,1.0896451064661625,True,selected_by_signal_liquidity_risk_and_correlation,281,8,0.28818993989849434,0.5577268092523175,0.20634168921123833,full_budget_supported|retained_4_prior_candidates,True,20.076958827220757,0.029060606285271292,0.0,optimization_expected_return,enforced,False,CDC,2,,0.239365078125,0.09469561451249306,0.14466946361250693,0.0002312266635162341,VN000000CDC0,Công ty Cổ phần Chương Dương,0.239365078125,0.09469561451249306,True,23122.66635162341,0.001932974788919483,selected_by_xy_qaoa_then_classical_weighting
13,2023-05-30,DGC,0.8578595317725752,0.5420904159545898,0.28419732441471574,0.020511262672653366,0.018454322752604342,-0.00016308019231408102,25.09642643422108,79293852000.0,0.010652836075315076,1.2098244371819897,1.2709523743827318,-0.8606631306694753,1.0578625755071733,True,selected_by_signal_liquidity_risk_and_correlation,281,8,0.28818993989849434,0.5577268092523175,0.20634168921123833,full_budget_supported|retained_4_prior_candidates,True,20.076958827220757,0.029060606285271292,0.0,optimization_expected_return,enforced,False,DGC,2,,0.0515,0.0,0.0515,7.817806007073307e-05,VN000000DGC1,Công ty Cổ phần Tập đoàn Hóa chất Đức Giang,0.0515,0.0,True,7817.806007073306,6.494828880302094e-05,selected_by_xy_qaoa_then_classical_weighting
13,2023-05-30,TPB,0.7508361204013378,0.5376197099685669,0.5852006688963212,0.021002337035107364,0.02023330313424925,0.0028663627746903404,24.842589288531034,61517608540.825294,0.011774655076387574,0.8384602896043136,1.157202482683651,-0.7305920394053173,1.0499937906918009,True,selected_by_signal_liquidity_risk_and_correlation,281,8,0.28818993989849434,0.5577268092523175,0.20634168921123833,full_budget_supported|retained_4_prior_candidates,True,20.076958827220757,0.029060606285271292,0.0,optimization_expected_return,enforced,False,TPB,2,,,,0.0,,VN000000TPB0,Ngân hàng Thương mại Cổ phần Tiên Phong,0.0,0.0,False,0.0,0.0,aur_candidate_not_selected_by_xy_qaoa
13,2023-05-30,TCB,0.8578595317725752,0.5420904159545898,0.46187290969899664,0.020511262672653366,0.018454322752604342,0.0015020922196825434,25.184802460512834,86620510000.0,0.013019988174678648,1.2098244371819897,1.3105555750575355,-0.5861999093671963,1.030554212548013,True,selected_by_signal_liquidity_risk_and_correlation,281,8,0.28818993989849434,0.5577268092523175,0.20634168921123833,full_budget_supported|retained_4_prior_candidates,True,20.076958827220757,0.029060606285271292,0.0,optimization_expected_return,enforced,False,ACB,2,,,,0.0,,VN000000TCB8,Ngân hàng Thương mại Cổ phần Kỹ Thương Việt Nam,0.0,0.0,False,0.0,0.0,aur_candidate_not_selected_by_xy_qaoa
13,2023-05-30,PC1,0.7692307692307693,0.5384578704833984,0.5535117056856187,0.020910271231240632,0.019927540881154032,0.0019641960122764052,24.499809741837336,43664870708.22793,0.012715834995020674,0.9022885024692268,1.0035955856037435,-0.6214654343331257,1.0053936710989697,True,selected_by_signal_liquidity_risk_and_correlation,281,8,0.28818993989849434,0.5577268092523175,0.20634168921123833,full_budget_supported|retained_4_prior_candidates,True,20.076958827220757,0.029060606285271292,0.0,optimization_expected_return,enforced,False,PC1,2,,,,0.0,,VN000000PC11,Công ty Cổ phần Tập đoàn PC1,0.0,0.0,False,0.0,0.0,aur_candidate_not_selected_by_xy_qaoa
13,2023-05-30,VPI,0.8578595317725752,0.5420904159545898,0.4152173913043478,0.020511262672653366,0.018454322752604342,0.0003787785315904573,24.21102044529589,32712413000.0,0.005848797709300388,1.2098244371819897,0.8741828823678066,-1.4176750123946191,1.002545035560721,True,selected_by_signal_liquidity_risk_and_correlation,281,8,0.28818993989849434,0.5577268092523175,0.20634168921123833,full_budget_supported|retained_4_prior_candidates,True,20.076958827220757,0.029060606285271292,0.0,optimization_expected_return,enforced,False,VPI,2,,0.216,0.0,0.216,0.0003364110732430918,VN000000VPI1,Công ty Cổ phần Phát triển Bất động sản Văn Phú,0.216,0.0,True,33641.10732430918,0.0006602998072933354,selected_by_xy_qaoa_then_classical_weighting
13,2023-05-30,TCH,0.6287625418060201,0.5349879264831543,0.7489130434782609,0.021291419207197515,0.022262452632062973,0.00473338379911347,24.865362992488055,62934666935.159546,0.023128691726076418,0.4148730587735266,1.1674078698883326,0.5858698282100202,0.686661503738824,True,selected_by_signal_liquidity_risk_and_correlation,281,8,0.28818993989849434,0.5577268092523175,0.20634168921123833,full_budget_supported|retained_4_prior_candidates,True,20.076958827220757,0.029060606285271292,0.0,optimization_expected_return,enforced,False,ACB,2,,,,0.0,,VN000000TCH5,Công ty Cổ phần Đầu tư Dịch vụ Tài chính Hoàng Huy,0.0,0.0,False,0.0,0.0,aur_candidate_not_selected_by_xy_qaoa
14,2023-06-29,HPG,0.6549077181208054,0.41353267431259155,0.864261744966443,0.036901505688984204,0.05334948280324699,0.005998425239681469,27.060165865026246,565041979325.8159,0.015124072172447838,1.0234116991501803,1.9749852606307359,-0.5457090009571357,1.1824658710243998,True,selected_by_signal_liquidity_risk_and_correlation,281,8,0.14637808695819007,0.285639157982847,0.18159777991970588,full_budget_supported|retained_4_prior_candidates,True,20.696933881686448,0.03405462721621841,0.0,optimization_expected_return,enforced,False,HPG,2,,0.073278234375,0.0,0.073278234375,0.00011050742646010968,VN000000HPG4,Công ty Cổ phần Tập đoàn Hòa Phát,0.073278234375,0.0,True,11050.742646010967,1.2968635438809781e-05,selected_by_xy_qaoa_then_classical_weighting
14,2023-06-29,VDS,0.8779362416107381,0.5676207542419434,0.8942953020134227,0.05156277276941044,0.06204060720595857,0.007481404496510277,23.111425692251537,10893430000.0,0.02213742353898076,2.5470586337635055,0.17384578415422455,0.16313332644217443,1.0551994789930546,True,selected_by_signal_liquidity_risk_and_correlation,281,8,0.14637808695819007,0.285639157982847,0.18159777991970588,full_budget_supported|retained_4_prior_candidates,True,20.696933881686448,0.03405462721621841,0.0,optimization_expected_return,enforced,False,VDS,2,,0.23715,0.0,0.23715,0.00038046714639060905,VN000000VDS6,Công ty Cổ phần Chứng khoán Rồng Việt,0.23715,0.0,True,38046.714639060905,0.002177000265297523,selected_by_xy_qaoa_then_classical_weighting
14,2023-06-29,NVL,0.6931627516778525,0.5561546683311462,0.6736577181208054,0.05047179059880785,0.05484023049090413,0.004008689375079732,27.032764824251824,549769438331.9786,0.032324020990179295,1.284755690943928,1.9624868195898117,1.1926969499109683,1.0218681207473599,True,selected_by_signal_liquidity_risk_and_correlation,281,8,0.14637808695819007,0.285639157982847,0.18159777991970588,full_budget_supported|retained_4_prior_candidates,True,20.696933881686448,0.03405462721621841,0.0,optimization_expected_return,enforced,False,NVL,2,,,,0.0,,VN000000NVL0,Công ty Cổ phần Tập đoàn Đầu tư Địa ốc No Va,0.0,0.0,False,0.0,0.0,aur_candidate_not_selected_by_xy_qaoa
14,2023-06-29,FRT,0.7314177852348993,0.5342108011245728,0.7884228187919463,0.04838386207091336,0.05633097817856125,0.0048336172417642684,24.925428733227996,66830722753.225876,0.018681574018205215,1.5460996827376743,1.0012672767299908,-0.18615081596338756,0.9968060423450746,True,selected_by_signal_liquidity_risk_and_correlation,281,8,0.14637808695819007,0.285639157982847,0.18159777991970588,full_budget_supported|retained_4_prior_candidates,True,20.696933881686448,0.03405462721621841,0.0,optimization_expected_return,enforced,False,FRT,2,,0.20723809375,0.0,0.20723809375,0.000319017350083197,VN000000FRT7,Công ty Cổ phần Bán lẻ Kỹ thuật số FPT,0.20723809375,0.0,True,31901.7350083197,0.0003100940483843514,selected_by_xy_qaoa_then_classical_weighting
14,2023-06-29,TCH,0.5191694630872483,0.5369991064071655,0.4964765100671141,0.04864916545108786,0.04805994385888463,0.002685608455923257,24.70058845150998,53373940142.93667,0.013688804186563779,0.09609902651359474,0.8987108436436744,-0.6907721307484956,0.6566042254929982,True,selected_by_signal_liquidity_risk_and_correlation,281,8,0.14637808695819007,0.285639157982847,0.18159777991970588,full_budget_supported|retained_4_prior_candidates,True,20.696933881686448,0.03405462721621841,0.0,optimization_expected_return,enforced,False,HHS,2,,,,0.0,,VN000000TCH5,Công ty Cổ phần Đầu tư Dịch vụ Tài chính Hoàng Huy,0.0,0.0,False,0.0,0.0,aur_candidate_not_selected_by_xy_qaoa
14,2023-06-29,TCB,0.47718120805369124,0.4248181879520416,0.6261744966442953,0.03797530665842735,0.046423717504339906,0.0028877120717474393,25.756327427891463,153401948500.0,0.018170433979232486,-0.19074892939160382,1.3802652290970532,-0.23781195140590222,0.6424650511382124,True,selected_by_signal_liquidity_risk_and_correlation,281,8,0.14637808695819007,0.285639157982847,0.18159777991970588,full_budget_supported|retained_4_prior_candidates,True,20.696933881686448,0.03405462721621841,0.0,optimization_expected_return,enforced,False,ACB,2,,,,0.0,,VN000000TCB8,Ngân hàng Thương mại Cổ phần Kỹ Thương Việt Nam,0.0,0.0,False,0.0,0.0,aur_candidate_not_selected_by_xy_qaoa
14,2023-06-29,TPB,0.4343959731543624,0.48067882657051086,0.5322147651006711,0.04329036894257061,0.04475643390630232,0.0023948599121564034,25.557173056578595,125701144381.53232,0.014400163906987831,-0.48304155179250513,1.2894249143663898,-0.6188747091748804,0.5509133056874664,True,selected_by_signal_liquidity_risk_and_correlation,281,8,0.14637808695819007,0.285639157982847,0.18159777991970588,full_budget_supported|retained_4_prior_candidates,True,20.696933881686448,0.03405462721621841,0.0,optimization_expected_return,enforced,False,TPB,2,,,,0.0,,VN000000TPB0,Ngân hàng Thương mại Cổ phần Tiên Phong,0.0,0.0,False,0.0,0.0,aur_candidate_not_selected_by_xy_qaoa
14,2023-06-29,VRE,0.29458892617449667,0.515034019947052,0.2753355704697987,0.046559217940650786,0.03930833956095012,-0.00016007985553975022,25.24736586554273,92212899500.0,0.01002613542702771,-1.4381506796966268,1.148112511560485,-1.060959579275798,0.1857230440588888,True,selected_by_signal_liquidity_risk_and_correlation,281,8,0.14637808695819007,0.285639157982847,0.18159777991970588,full_budget_supported|retained_4_prior_candidates,True,20.696933881686448,0.03405462721621841,0.0,optimization_expected_return,enforced,False,VRE,2,,0.0273,0.0271928547028672,0.00010714529713280047,1.607996131187749e-07,VN000000VRE6,Công ty Cổ phần Vincom Retail,0.0273,0.0271928547028672,True,16.07996131187749,1.161933934555441e-07,selected_by_xy_qaoa_then_classical_weighting
15,2023-07-28,TCH,0.7795302013422819,0.5643849968910217,0.7838926174496644,0.07299455541940016,0.08321085689864759,0.005074771596381033,25.04072964123109,74998176827.2875,0.01637746243173863,1.5943414174710508,1.0040543571282121,-0.20735402250197252,1.2202586953585906,True,selected_by_signal_liquidity_risk_and_correlation,278,8,0.16827871231752198,0.33081260836495735,0.17061674263026394,full_budget_supported|retained_4_prior_candidates,True,20.7145106992906,0.0269850528871296,0.0,optimization_expected_return,enforced,False,HHS,2,,0.1198123828125,0.0,0.1198123828125,0.00018310477111514072,VN000000TCH5,Công ty Cổ phần Đầu tư Dịch vụ Tài chính Hoàng Huy,0.1198123828125,0.0,True,18310.477111514072,0.00015975372719848196,selected_by_xy_qaoa_then_classical_weighting
15,2023-07-28,VIX,0.8198825503355704,0.5582131147384644,0.9216442953020134,0.07154586976182685,0.08580287855595023,0.010768100445597768,26.27064339358689,256563848750.0,0.022568308096878112,1.8341361510848229,1.5525221180257598,0.6936717746960236,1.1729864355385415,True,selected_by_signal_liquidity_risk_and_correlation,278,8,0.16827871231752198,0.33081260836495735,0.17061674263026394,full_budget_supported|retained_4_prior_candidates,True,20.7145106992906,0.0269850528871296,0.0,optimization_expected_return,enforced,False,VIX,2,,,,0.0,,VN000000VIX5,Công ty Cổ phần Chứng khoán VIX,0.0,0.0,False,0.0,0.0,aur_candidate_not_selected_by_xy_qaoa
15,2023-07-28,DXG,0.8087248322147651,0.5688862204551697,0.8053691275167784,0.07405109827905441,0.0850861657068416,0.006717100247819022,26.480570747388093,316494198245.55994,0.026328327918611717,1.767831162372491,1.6461371259642872,1.240911205398494,1.0971437782267226,True,selected_by_signal_liquidity_risk_and_correlation,278,8,0.16827871231752198,0.33081260836495735,0.17061674263026394,full_budget_supported|retained_4_prior_candidates,True,20.7145106992906,0.0269850528871296,0.0,optimization_expected_return,enforced,False,DIG,2,,,,0.0,,VN000000DXG7,Công ty Cổ phần Bluemarq Group,0.0,0.0,False,0.0,0.0,aur_candidate_not_selected_by_xy_qaoa
15,2023-07-28,HDB,0.7141778523489932,0.5605229139328003,0.686744966442953,0.07208803386703781,0.07901296735386845,0.0032703055293760524,24.770741953629784,57252775217.01933,0.009191044427566646,1.205983626441677,0.8836560428521425,-1.2532770452108912,0.9796646223565544,True,selected_by_signal_liquidity_risk_and_correlation,278,8,0.16827871231752198,0.33081260836495735,0.17061674263026394,full_budget_supported|retained_4_prior_candidates,True,20.7145106992906,0.0269850528871296,0.0,optimization_expected_return,enforced,False,HDB,2,,0.07736397265625,0.0,0.07736397265625,0.00011805687936063944,VN000000HDB1,Ngân hàng Thương mại Cổ phần Phát triển Thành phố Hồ Chí Minh,0.07736397265625,0.0,True,11805.687936063943,0.00013512702635461464,selected_by_xy_qaoa_then_classical_weighting
15,2023-07-28,HHS,0.8195469798657717,0.5850787162780762,0.7296979865771812,0.07785185725000145,0.08578132328229282,0.00390929059600977,23.253053030271342,12550834950.0,0.012931130595659696,1.8321420160859554,0.20685781700987388,-0.7089387910413273,0.9115978610440371,True,selected_by_signal_liquidity_risk_and_correlation,278,8,0.16827871231752198,0.33081260836495735,0.17061674263026394,full_budget_supported|retained_4_prior_candidates,True,20.7145106992906,0.0269850528871296,0.0,optimization_expected_return,enforced,False,HHS,2,,0.23715,0.0,0.23715,0.0003787756611445425,VN000000HHS6,Công ty Cổ phần Đầu tư Dịch vụ Hoàng Huy,0.23715,0.0,True,37877.566114454254,0.001889515725007602,selected_by_xy_qaoa_then_classical_weighting
15,2023-07-28,NVL,0.5650167785234899,0.5194404125213623,0.7575503355704697,0.06244500616481176,0.06943164821315308,0.007075501395412922,27.062383693119962,566296535982.956,0.026500494476974668,0.31959061944523826,1.9055908014724625,1.265968607713226,0.8048977371364734,True,selected_by_signal_liquidity_risk_and_correlation,278,8,0.16827871231752198,0.33081260836495735,0.17061674263026394,full_budget_supported|retained_4_prior_candidates,True,20.7145106992906,0.0269850528871296,0.0,optimization_expected_return,enforced,False,NVL,2,,,,0.0,,VN000000NVL0,Công ty Cổ phần Tập đoàn Đầu tư Địa ốc No Va,0.0,0.0,False,0.0,0.0,aur_candidate_not_selected_by_xy_qaoa
15,2023-07-28,HPG,0.38045302013422816,0.3972800076007843,0.7407718120805369,0.03377109079226062,0.05757624770158175,0.004686578612757723,27.079701298777472,576188844402.8724,0.011425378371328867,-0.7771836299316823,1.913313414851562,-0.9280884309604761,0.6979995078694452,True,selected_by_signal_liquidity_risk_and_correlation,278,8,0.16827871231752198,0.33081260836495735,0.17061674263026394,full_budget_supported|retained_4_prior_candidates,True,20.7145106992906,0.0269850528871296,0.0,optimization_expected_return,enforced,False,HPG,2,,0.0,0.07544378931007668,-0.07544378931007668,0.00019897055846842225,VN000000HPG4,Công ty Cổ phần Tập đoàn Hòa Phát,0.0,0.07544378931007668,False,19897.055846842224,1.3093587292246539e-05,aur_candidate_not_selected_by_xy_qaoa
15,2023-07-28,VDS,0.6954697986577181,0.5568186640739441,0.6895973154362415,0.0712185594490324,0.07781126084746828,0.005270169325129414,23.435835211252215,15067941000.0,0.021288374579531547,1.0948106002548348,0.28836770609154994,0.5073881584977443,0.6627447134593147,True,selected_by_signal_liquidity_risk_and_correlation,278,8,0.16827871231752198,0.33081260836495735,0.17061674263026394,full_budget_supported|retained_4_prior_candidates,True,20.7145106992906,0.0269850528871296,0.0,optimization_expected_return,enforced,False,VDS,2,,0.13545,0.24636001894488874,-0.11091001894488875,0.0002840034847575515,VN000000VDS6,Công ty Cổ phần Chứng khoán Rồng Việt,0.13545,0.24636001894488874,True,28400.34847575515,0.0007360661881068472,selected_by_xy_qaoa_then_classical_weighting
16,2023-08-30,NVL,0.6617083333333333,0.46014857292175293,0.8378333333333333,0.04797005935129192,0.04353863904826863,0.006263282634727928,27.5401027332904,913092232036.2224,0.03178856349592579,0.9675602145805223,2.051070127311476,1.0694453665871337,1.1444818254031555,True,selected_by_signal_liquidity_risk_and_correlation,278,8,0.17094716810758417,0.3262480246967668,0.16745492441313248,full_budget_supported|retained_4_prior_candidates,True,20.853297045274548,0.03239628151639703,0.0,optimization_expected_return,enforced,False,NVL,2,,,,0.0,,VN000000NVL0,Công ty Cổ phần Tập đoàn Đầu tư Địa ốc No Va,0.0,0.0,False,0.0,0.0,aur_candidate_not_selected_by_xy_qaoa
16,2023-08-30,PDR,0.7537708333333333,0.49857595562934875,0.8839166666666667,0.04621057063656927,0.042683771047080474,0.007586854104689709,26.54829149151461,338669821393.5093,0.03193947681763916,1.5061037951417553,1.6111095155365045,1.086961593523318,1.0032856094659812,True,selected_by_signal_liquidity_risk_and_correlation,278,8,0.17094716810758417,0.3262480246967668,0.16745492441313248,full_budget_supported|retained_4_prior_candidates,True,20.853297045274548,0.03239628151639703,0.0,optimization_expected_return,enforced,False,PDR,2,,,,0.0,,VN000000PDR0,Công ty Cổ phần Phát triển Bất động sản Phát Đạt,0.0,0.0,False,0.0,0.0,aur_candidate_not_selected_by_xy_qaoa
16,2023-08-30,SSI,0.6571666666666667,0.3989832401275635,0.8673333333333333,0.05077065895503124,0.04358081176251597,0.005597386859261338,27.4422445822264,827971509750.0,0.028065579890101246,0.9409925520862139,2.007660927863203,0.6373256240823931,0.9834795019742477,True,selected_by_signal_liquidity_risk_and_correlation,278,8,0.17094716810758417,0.3262480246967668,0.16745492441313248,full_budget_supported|retained_4_prior_candidates,True,20.853297045274548,0.03239628151639703,0.0,optimization_expected_return,enforced,False,AGR,2,,,,0.0,,VN000000SSI1,Công ty Cổ phần Chứng khoán SSI,0.0,0.0,False,0.0,0.0,aur_candidate_not_selected_by_xy_qaoa
16,2023-08-30,HPG,0.49362500000000004,0.43099141120910645,0.6348333333333334,0.0493050890455366,0.04509941638105569,0.0014271282478890404,27.37180343652494,771655031352.1835,0.02072200218015268,-0.015687037731772234,1.9764137224963263,-0.21502970300579102,0.9177244432318741,True,selected_by_signal_liquidity_risk_and_correlation,278,8,0.17094716810758417,0.3262480246967668,0.16745492441313248,full_budget_supported|retained_4_prior_candidates,True,20.853297045274548,0.03239628151639703,0.0,optimization_expected_return,enforced,False,HPG,2,,0.03719008203125,0.0,0.03719008203125,5.596768661300249e-05,VN000000HPG4,Công ty Cổ phần Tập đoàn Hòa Phát,0.03719008203125,0.0,True,5596.768661300249,4.8195217448503155e-06,selected_by_xy_qaoa_then_classical_weighting
16,2023-08-30,VCG,0.5989583333333334,0.43306946754455566,0.7741666666666668,0.049209940315304235,0.04412131893502552,0.004917505103057367,26.761283976777158,419061689681.5702,0.02073317584141352,0.6004877401178761,1.7055915098641765,-0.21373279704592704,0.8692120440565013,True,selected_by_signal_liquidity_risk_and_correlation,278,8,0.17094716810758417,0.3262480246967668,0.16745492441313248,full_budget_supported|retained_4_prior_candidates,True,20.853297045274548,0.03239628151639703,0.0,optimization_expected_return,enforced,False,VCG,2,,0.0208976328125,0.0,0.0208976328125,3.1450799028913325e-05,VN000000VCG3,Tổng Công ty Cổ phần Xuất nhập khẩu và Xây dựng Việt Nam,0.0208976328125,0.0,True,3145.0799028913325,4.986767659047849e-06,selected_by_xy_qaoa_then_classical_weighting
16,2023-08-30,PTB,0.7000833333333334,0.5151141285896301,0.7556666666666668,0.04545333122458104,0.04318229895816032,0.002363974388731387,24.2376685889257,33595856870.800587,0.012051337528867428,1.1920447756562844,0.5861331662221566,-1.2214175287798796,0.8651771477572505,True,selected_by_signal_liquidity_risk_and_correlation,278,8,0.17094716810758417,0.3262480246967668,0.16745492441313248,full_budget_supported|retained_4_prior_candidates,True,20.853297045274548,0.03239628151639703,0.0,optimization_expected_return,enforced,False,PTB,2,,0.07679109375,0.0,0.07679109375,0.00011778266293865169,VN000000PTB0,Công ty Cổ phần Phú Tài,0.07679109375,0.0,True,11778.26629386517,0.00022857310663429456,selected_by_xy_qaoa_then_classical_weighting
16,2023-08-30,VDS,0.6679375,0.40902823209762573,0.87725,0.050310725210771554,0.04348079665579176,0.006127529019014453,23.843437907388005,22650276750.0,0.030332538273897598,1.0039993480016147,0.41125516068630247,0.9004472428675199,0.6104719590107237,True,selected_by_signal_liquidity_risk_and_correlation,278,8,0.17094716810758417,0.3262480246967668,0.16745492441313248,full_budget_supported|retained_4_prior_candidates,True,20.853297045274548,0.03239628151639703,0.0,optimization_expected_return,enforced,False,VDS,2,,0.0,0.135145349396399,-0.135145349396399,0.00036270452149954314,VN000000VDS6,Công ty Cổ phần Chứng khoán Rồng Việt,0.0,0.135145349396399,False,36270.45214995431,0.0005966609189285027,aur_candidate_not_selected_by_xy_qaoa
16,2023-08-30,HDB,0.36183333333333334,0.5181349515914917,0.29133333333333333,0.04531501569002085,0.04632319890549929,-1.307288946578473e-05,24.50032852167559,43687529039.62651,0.014359495549878986,-0.7866367301124835,0.7026472969699694,-0.9535139451757644,0.27429895367086055,True,selected_by_signal_liquidity_risk_and_correlation,278,8,0.17094716810758417,0.3262480246967668,0.16745492441313248,full_budget_supported|retained_4_prior_candidates,True,20.853297045274548,0.03239628151639703,0.0,optimization_expected_return,enforced,False,HDB,2,,0.0936849375,0.06365564590071912,0.030029291599280875,4.560064082241007e-05,VN000000HDB1,Ngân hàng Thương mại Cổ phần Phát triển Thành phố Hồ Chí Minh,0.0936849375,0.06365564590071912,True,4560.064082241008,6.873653021676504e-05,selected_by_xy_qaoa_then_classical_weighting
17,2023-09-29,HPX,1.0,0.6235166788101196,0.41999999999999993,0.04990926882914519,0.043149064152461745,0.0006585193409576369,24.705517027898843,53637647000.0,0.034228409515137365,1.721762712342036,0.833783388108518,1.117265540240409,0.8129394397387344,True,selected_by_signal_liquidity_risk_and_correlation,276,8,0.28832377261554265,0.5785761323377206,0.19363473410811255,full_budget_supported|retained_4_prior_candidates,True,20.389859427271315,0.036749185750073174,0.0,optimization_expected_return,enforced,False,HPX,2,,,,0.0,,VN000000HPX9,Công ty Cổ phần Đầu tư Hải Phát,0.0,0.0,False,0.0,0.0,aur_candidate_not_selected_by_xy_qaoa
17,2023-09-29,HDB,0.5,0.510335385799408,0.7845,0.02542734537282175,0.02847666567322831,0.0010474920264058815,25.54916370583858,124698380930.42119,0.011681957350244238,-0.012398836192420229,1.1915925359444772,-1.0753053025930837,0.7733936484925614,True,selected_by_signal_liquidity_risk_and_correlation,276,8,0.28832377261554265,0.5785761323377206,0.19363473410811255,full_budget_supported|retained_4_prior_candidates,True,20.389859427271315,0.036749185750073174,0.0,optimization_expected_return,enforced,False,HDB,2,,0.02223250390625,0.09871019067192952,-0.07647768676567951,0.00019253345166429884,VN000000HDB1,Ngân hàng Thương mại Cổ phần Phát triển Thành phố Hồ Chí Minh,0.02223250390625,0.09871019067192952,True,19253.345166429885,6.133013612129598e-05,selected_by_xy_qaoa_then_classical_weighting
17,2023-09-29,PNJ,0.7166666666666667,0.532431960105896,0.584,0.030206992489657608,0.034834705014229465,-0.0003941314419699045,24.607932907750264,48650742509.32617,0.01358381940308669,0.7390711681725108,0.7923958122598772,-0.890355260180343,0.7065202905870127,True,selected_by_signal_liquidity_risk_and_correlation,276,8,0.28832377261554265,0.5785761323377206,0.19363473410811255,full_budget_supported|retained_4_prior_candidates,True,20.389859427271315,0.036749185750073174,0.0,optimization_expected_return,enforced,False,PNJ,2,,0.05233333203125,0.0,0.05233333203125,7.971368824920791e-05,VN000000PNJ6,Công ty Cổ phần Vàng bạc Đá quý Phú Nhuận,0.05233333203125,0.0,True,7971.368824920791,0.0001075694415583028,selected_by_xy_qaoa_then_classical_weighting
17,2023-09-29,KBC,0.5733333333333334,0.5179105401039124,0.5373333333333333,0.027065905446836486,0.030628617450182548,0.0005517684931938205,26.663642264672276,380077974500.0,0.025793801674795017,0.24194485759263346,1.6642674528795702,0.2970267245625514,0.6347175428605203,True,selected_by_signal_liquidity_risk_and_correlation,276,8,0.28832377261554265,0.5785761323377206,0.19363473410811255,full_budget_supported|retained_4_prior_candidates,True,20.389859427271315,0.036749185750073174,0.0,optimization_expected_return,enforced,False,GVR,2,,,,0.0,,VN000000KBC7,Tổng Công ty Phát triển Đô Thị Kinh Bắc – Công ty Cổ phần,0.0,0.0,False,0.0,0.0,aur_candidate_not_selected_by_xy_qaoa
17,2023-09-29,CMG,0.8466666666666667,0.5483246445655823,0.5631666666666667,0.03364469384566453,0.03864952861883016,-0.00023319030936634215,22.480075819929674,5793925162.070898,0.010139288016209013,1.1899531707914695,-0.11007527097738326,-1.2253249942590618,0.621253672613363,True,selected_by_signal_liquidity_risk_and_correlation,276,8,0.28832377261554265,0.5785761323377206,0.19363473410811255,full_budget_supported|retained_4_prior_candidates,True,20.389859427271315,0.036749185750073174,0.0,optimization_expected_return,enforced,False,CMG,2,,0.092562802734375,0.0,0.092562802734375,0.00014711701897491452,VN000000CMG2,Công ty Cổ phần Tập đoàn Công nghệ CMC,0.092562802734375,0.0,True,14711.701897491452,0.0015975836785107986,selected_by_xy_qaoa_then_classical_weighting
17,2023-09-29,SSI,0.20666666666666667,0.4724881649017334,0.6408333333333334,0.017240720707173668,0.019868858565411363,0.0021777587729577153,27.608458723171477,977690234500.0,0.03380646165466123,-1.0297736113326346,2.0649849341628146,1.0762324513397754,0.349400414722965,True,selected_by_signal_liquidity_risk_and_correlation,276,8,0.28832377261554265,0.5785761323377206,0.19363473410811255,full_budget_supported|retained_4_prior_candidates,True,20.389859427271315,0.036749185750073174,0.0,optimization_expected_return,enforced,False,HCM,2,,,,0.0,,VN000000SSI1,Công ty Cổ phần Chứng khoán SSI,0.0,0.0,False,0.0,0.0,aur_candidate_not_selected_by_xy_qaoa
17,2023-09-29,HPG,0.04,0.43355199694633484,0.5295000000000001,0.008818549001851264,0.01497805907233355,-9.154141950176164e-05,27.4351344489674,822105401101.0334,0.021167352787405145,-1.60782746084412,1.9914742898683353,-0.15288073148258766,0.27681712683865745,True,selected_by_signal_liquidity_risk_and_correlation,276,8,0.28832377261554265,0.5785761323377206,0.19363473410811255,full_budget_supported|retained_4_prior_candidates,True,20.389859427271315,0.036749185750073174,0.0,optimization_expected_return,enforced,False,HPG,2,,0.0,0.036216269913023735,-0.036216269913023735,9.39867565788277e-05,VN000000HPG4,Công ty Cổ phần Tập đoàn Hòa Phát,0.0,0.036216269913023735,False,9398.67565788277,4.405307380844333e-06,aur_candidate_not_selected_by_xy_qaoa
17,2023-09-29,PTB,0.26,0.4809875190258026,0.8351666666666667,0.019079191814531993,0.021433914403196263,0.0026819011319574194,23.99831888059738,26444628161.98711,0.016060627113044748,-0.8447963794889591,0.5338450690777874,-0.6494935792186202,0.14635125926443496,True,selected_by_signal_liquidity_risk_and_correlation,276,8,0.28832377261554265,0.5785761323377206,0.19363473410811255,full_budget_supported|retained_4_prior_candidates,True,20.389859427271315,0.036749185750073174,0.0,optimization_expected_return,enforced,False,PTB,2,,0.04118794921875,0.07873577396741047,-0.03754782474866047,9.487000738989094e-05,VN000000PTB0,Công ty Cổ phần Phú Tài,0.04118794921875,0.07873577396741047,True,9487.000738989094,0.0001419865861552694,selected_by_xy_qaoa_then_classical_weighting
18,2023-10-30,HDB,0.7620805369127517,0.5080991983413696,0.859731543624161,-0.00736150216630542,-0.006868152826609254,0.0003825161090408675,25.672381435130152,141050163720.87067,0.011813850427147709,1.2528532407829573,1.4124496341938535,-1.3580539955627846,1.3992067676154492,True,selected_by_signal_liquidity_risk_and_correlation,279,8,0.2140273512252004,0.42583976407933777,0.245087784174859,liquidity_risk_threshold_relaxed_for_feasibility|retained_4_prior_candidates,True,19.89322084605479,0.03889028871948344,0.0,optimization_expected_return,insufficient_positive_defensive_topk,True,HDB,2,,0.0,0.022420017411086277,-0.022420017411086277,5.772855348772503e-05,VN000000HDB1,Ngân hàng Thương mại Cổ phần Phát triển Thành phố Hồ Chí Minh,0.0,0.022420017411086277,False,5772.855348772503,1.589506656330727e-05,aur_candidate_not_selected_by_xy_qaoa
18,2023-10-30,PTB,0.7123322147651008,0.5091044902801514,0.7484899328859062,-0.007360156876681477,-0.006962104763426424,-0.000408528297631736,24.145695200565537,30643769525.256447,0.017019651950621377,1.0204141536166023,0.7779217206376748,-0.8394644109294057,1.0063579253092378,True,selected_by_signal_liquidity_risk_and_correlation,279,8,0.2140273512252004,0.42583976407933777,0.245087784174859,liquidity_risk_threshold_relaxed_for_feasibility|retained_4_prior_candidates,True,19.89322084605479,0.03889028871948344,0.0,optimization_expected_return,insufficient_positive_defensive_topk,True,PTB,2,,0.03874459765625,0.03918462269942861,-0.00044002504317861013,1.1012416519120202e-06,VN000000PTB0,Công ty Cổ phần Phú Tài,0.03874459765625,0.03918462269942861,True,110.12416519120202,1.4359364072880904e-06,selected_by_xy_qaoa_then_classical_weighting
18,2023-10-30,BAF,0.7529362416107384,0.5106052160263062,0.8078859060402686,-0.00735814859361782,-0.006885422238267047,0.0011452993222550974,24.82218278889459,60274971542.03066,0.017623022511291577,1.2101283495500188,1.0590864080834224,-0.7793580686059323,0.9716352929400952,True,selected_by_signal_liquidity_risk_and_correlation,279,8,0.2140273512252004,0.42583976407933777,0.245087784174859,liquidity_risk_threshold_relaxed_for_feasibility|retained_4_prior_candidates,True,19.89322084605479,0.03889028871948344,0.0,optimization_expected_return,insufficient_positive_defensive_topk,True,BAF,2,,,,0.0,,VN000000BAF1,Công ty Cổ phần Nông nghiệp BAF Việt Nam,0.0,0.0,False,0.0,0.0,aur_candidate_not_selected_by_xy_qaoa
18,2023-10-30,LPB,0.8038590604026845,0.5081915855407715,0.9399328859060402,-0.007361378533024434,-0.006789252211879151,0.0029897696559389826,24.551496355580237,45981103500.0,0.02338167915747305,1.4480550374251917,0.9465825458815715,-0.20569436961097332,0.9413800614702729,True,selected_by_signal_liquidity_risk_and_correlation,279,8,0.2140273512252004,0.42583976407933777,0.245087784174859,liquidity_risk_threshold_relaxed_for_feasibility|retained_4_prior_candidates,True,19.89322084605479,0.03889028871948344,0.0,optimization_expected_return,insufficient_positive_defensive_topk,True,LPB,2,,,,0.0,,VN000000LPB7,Ngân hàng Thương mại Cổ phần Lộc Phát Việt Nam,0.0,0.0,False,0.0,0.0,aur_candidate_not_selected_by_xy_qaoa
18,2023-10-30,PNJ,0.6172818791946308,0.5069367289543152,0.6087248322147651,-0.007363057792033853,-0.007141611583685874,-0.0017449180427113163,24.133925717692524,30285222301.20117,0.011157505917463806,0.5763104676815578,0.7730300374339035,-1.423437476880423,0.9146003217065528,True,selected_by_signal_liquidity_risk_and_correlation,279,8,0.2140273512252004,0.42583976407933777,0.245087784174859,liquidity_risk_threshold_relaxed_for_feasibility|retained_4_prior_candidates,True,19.89322084605479,0.03889028871948344,0.0,optimization_expected_return,insufficient_positive_defensive_topk,True,PNJ,2,,0.04906666796875,0.050152540663949745,-0.0010858726951997466,2.719279410031654e-06,VN000000PNJ6,Công ty Cổ phần Vàng bạc Đá quý Phú Nhuận,0.04906666796875,0.050152540663949745,True,271.9279410031654,3.585486955982089e-06,selected_by_xy_qaoa_then_classical_weighting
18,2023-10-30,SHI,0.8320469798657719,0.5252463221549988,0.8385906040268457,-0.007338555749590995,-0.006736018062181733,8.19844135645079e-05,22.15376348979255,4180779250.0,0.005734198993573771,1.5797574544368205,-0.0499735231703152,-1.9636944329548427,0.9089664136083443,True,selected_by_signal_liquidity_risk_and_correlation,279,8,0.2140273512252004,0.42583976407933777,0.245087784174859,liquidity_risk_threshold_relaxed_for_feasibility|retained_4_prior_candidates,True,19.89322084605479,0.03889028871948344,0.0,optimization_expected_return,insufficient_positive_defensive_topk,True,SHI,2,,0.0831,0.0,0.0831,0.0001329343400915592,VN000000SHI4,Công ty Cổ phần Quốc tế Sơn Hà,0.0831,0.0,True,13293.434009155919,0.001987667729646333,selected_by_xy_qaoa_then_classical_weighting
18,2023-10-30,CDC,0.8103187919463087,0.5148115754127502,0.8689597315436242,-0.0073525196102162274,-0.006777052719240159,0.00103183377381751,22.964793648245003,9407693492.691944,0.010912366797611772,1.47823684132369,0.28711032721282115,-1.4478576538249777,0.90896199912771,True,selected_by_signal_liquidity_risk_and_correlation,279,8,0.2140273512252004,0.42583976407933777,0.245087784174859,liquidity_risk_threshold_relaxed_for_feasibility|retained_4_prior_candidates,True,19.89322084605479,0.03889028871948344,0.0,optimization_expected_return,insufficient_positive_defensive_topk,True,CDC,2,,0.0633333349609375,0.0,0.0633333349609375,9.867444919620397e-05,VN000000CDC0,Công ty Cổ phần Chương Dương,0.0633333349609375,0.0,True,9867.444919620397,0.0006732078910748517,selected_by_xy_qaoa_then_classical_weighting
18,2023-10-30,SSI,0.38045302013422816,0.485984206199646,0.5897651006711409,-0.00739109662371039,-0.007588873502125792,-0.001344224310321023,27.403757934643163,796711075250.0,0.03388558273468802,-0.5302250181036394,2.132051797980636,0.8406795592786973,0.6080261881599622,True,selected_by_signal_liquidity_risk_and_correlation,279,8,0.2140273512252004,0.42583976407933777,0.245087784174859,liquidity_risk_threshold_relaxed_for_feasibility|retained_4_prior_candidates,True,19.89322084605479,0.03889028871948344,0.0,optimization_expected_return,insufficient_positive_defensive_topk,True,FCN,2,,,,0.0,,VN000000SSI1,Công ty Cổ phần Chứng khoán SSI,0.0,0.0,False,0.0,0.0,aur_candidate_not_selected_by_xy_qaoa
19,2023-11-29,NVL,0.8393875838926175,0.5264949798583984,0.6494966442953019,-0.0357832691601212,-0.024114392387515407,0.003916112407386749,27.029463855591942,547957658605.0831,0.03230641826457042,1.527127574478903,1.9271865957332437,1.306037407736551,1.0894607271377137,True,selected_by_signal_liquidity_risk_and_correlation,279,8,0.21995022798186098,0.45017285672019525,0.2805780218280342,liquidity_risk_threshold_relaxed_for_feasibility|retained_4_prior_candidates,True,19.667698392691033,0.032486297138417795,0.0,optimization_expected_return,insufficient_positive_defensive_topk,True,AAA,2,,,,0.0,,VN000000NVL0,Công ty Cổ phần Tập đoàn Đầu tư Địa ốc No Va,0.0,0.0,False,0.0,0.0,aur_candidate_not_selected_by_xy_qaoa
19,2023-11-29,FTS,0.9492030201342283,0.5629935264587402,0.8370805369127517,-0.0009204717421025244,-0.014045502742167607,0.002912080802381745,25.21918211372509,89650275828.04785,0.0324632567800943,2.026401602283811,1.1959709263897242,1.3247342127878032,1.0304403332317575,True,selected_by_signal_liquidity_risk_and_correlation,279,8,0.21995022798186098,0.45017285672019525,0.2805780218280342,liquidity_risk_threshold_relaxed_for_feasibility|retained_4_prior_candidates,True,19.667698392691033,0.032486297138417795,0.0,optimization_expected_return,insufficient_positive_defensive_topk,True,AAA,2,,,,0.0,,VN000000FTS5,Công ty Cổ phần Chứng khoán FPT,0.0,0.0,False,0.0,0.0,aur_candidate_not_selected_by_xy_qaoa
19,2023-11-29,BAF,0.6269295302013423,0.5183423757553101,0.7409395973154363,-0.04357049938568358,-0.043594501651719596,0.0020989656666995345,25.194248138380452,87442575806.48828,0.017398446006861606,0.5611906184697901,1.185899503224277,-0.4711501031298111,0.9102135889858847,True,selected_by_signal_liquidity_risk_and_correlation,279,8,0.21995022798186098,0.45017285672019525,0.2805780218280342,liquidity_risk_threshold_relaxed_for_feasibility|retained_4_prior_candidates,True,19.667698392691033,0.032486297138417795,0.0,optimization_expected_return,insufficient_positive_defensive_topk,True,BAF,2,,0.0139838271484375,0.0,0.0139838271484375,2.1100784648929098e-05,VN000000BAF1,Công ty Cổ phần Nông nghiệp BAF Việt Nam,0.0139838271484375,0.0,True,2110.07846489291,1.5992011922640428e-05,selected_by_xy_qaoa_then_classical_weighting
19,2023-11-29,HDB,0.5693372483221477,0.5168395042419434,0.5911073825503356,-0.04500601696093198,-0.04887509198138443,0.000703385926761359,25.800902675875594,160394569507.81097,0.01823792028327522,0.2993482807401728,1.4309416386199176,-0.3710759163828913,0.8762302732704739,True,selected_by_signal_liquidity_risk_and_correlation,279,8,0.21995022798186098,0.45017285672019525,0.2805780218280342,liquidity_risk_threshold_relaxed_for_feasibility|retained_4_prior_candidates,True,19.667698392691033,0.032486297138417795,0.0,optimization_expected_return,insufficient_positive_defensive_topk,True,HDB,2,,,,0.0,,VN000000HDB1,Ngân hàng Thương mại Cổ phần Phát triển Thành phố Hồ Chí Minh,0.0,0.0,False,0.0,0.0,aur_candidate_not_selected_by_xy_qaoa
19,2023-11-29,PTB,0.7658137583892618,0.5226312279701233,0.7880872483221477,-0.0394738599343073,-0.030860317688485628,0.0011907715287625387,22.622870630014134,6683252651.508398,0.014279123444037957,1.192625418340703,0.14725922838177607,-0.8430062486325822,0.8550418345647901,True,selected_by_signal_liquidity_risk_and_correlation,279,8,0.21995022798186098,0.45017285672019525,0.2805780218280342,liquidity_risk_threshold_relaxed_for_feasibility|retained_4_prior_candidates,True,19.667698392691033,0.032486297138417795,0.0,optimization_expected_return,insufficient_positive_defensive_topk,True,PTB,2,,0.0408388984375,0.04084186529440076,-2.966856900758763e-06,7.418540022691577e-09,VN000000PTB0,Công ty Cổ phần Phú Tài,0.0408388984375,0.04084186529440076,True,0.7418540022691577,4.439240973613573e-08,selected_by_xy_qaoa_then_classical_weighting
19,2023-11-29,MIG,0.8556627516778523,0.5254518985748291,0.8152684563758389,-0.03677960284644022,-0.02262213525138289,0.0020709039276309293,22.30496638906866,4863218939.59541,0.013320208503346217,1.6011223501810816,0.01885017637953507,-0.9573190221688559,0.7906443551305984,True,selected_by_signal_liquidity_risk_and_correlation,279,8,0.21995022798186098,0.45017285672019525,0.2805780218280342,liquidity_risk_threshold_relaxed_for_feasibility|retained_4_prior_candidates,True,19.667698392691033,0.032486297138417795,0.0,optimization_expected_return,insufficient_positive_defensive_topk,True,MIG,2,,0.081727421875,0.0,0.081727421875,0.00013008273641836556,VN000000MIG9,Tổng Công ty Cổ phần Bảo hiểm Quân đội,0.081727421875,0.0,True,13008.273641836555,0.001680521129937021,selected_by_xy_qaoa_then_classical_weighting
19,2023-11-29,DBD,0.8334312080536913,0.5297808051109314,0.4796979865771812,-0.03264470418150933,-0.02466052773115153,-0.0007117440880697374,21.585851526822125,2369279000.0,0.007104150097739412,1.500047012237384,-0.27161734763703754,-1.6983387379486397,0.7597035439142865,True,selected_by_signal_liquidity_risk_and_correlation,279,8,0.21995022798186098,0.45017285672019525,0.2805780218280342,liquidity_risk_threshold_relaxed_for_feasibility|retained_4_prior_candidates,True,19.667698392691033,0.032486297138417795,0.0,optimization_expected_return,insufficient_positive_defensive_topk,True,DBD,2,,0.0551,0.0,0.0551,8.859161213494307e-05,VN000000DBD0,Công ty Cổ phần Dược - Trang thiết bị Y tế Bình Định,0.0551,0.0,True,8859.161213494306,0.002325602008037044,selected_by_xy_qaoa_then_classical_weighting
19,2023-11-29,LPB,0.5921979865771813,0.5195467472076416,0.5063758389261745,-0.04242010404478286,-0.04677900914841478,0.0008626683442233029,24.29912712056663,35725377250.0,0.017075702153157866,0.40328424145586206,0.8243389245326941,-0.5096245741105694,0.7262760062853733,True,selected_by_signal_liquidity_risk_and_correlation,279,8,0.21995022798186098,0.45017285672019525,0.2805780218280342,liquidity_risk_threshold_relaxed_for_feasibility|retained_4_prior_candidates,True,19.667698392691033,0.032486297138417795,0.0,optimization_expected_return,insufficient_positive_defensive_topk,True,LPB,2,,,,0.0,,VN000000LPB7,Ngân hàng Thương mại Cổ phần Lộc Phát Việt Nam,0.0,0.0,False,0.0,0.0,aur_candidate_not_selected_by_xy_qaoa
20,2023-12-29,GEX,0.9765886287625418,0.5725066065788269,0.7983277591973245,0.017157244477537914,0.0044483008413633545,0.002493979305142713,26.762142199080017,419421492143.0937,0.020022728404110374,1.6191691061929112,1.8809371362507659,0.6520020158399018,1.2081953377889474,True,selected_by_signal_liquidity_risk_and_correlation,277,8,0.28479667920779134,0.5511599163945943,0.285490544603966,full_budget_supported|retained_1_prior_candidates,True,19.82055081286941,0.02415988813419214,0.0,optimization_expected_return,enforced,False,AGR,2,,,,0.0,,VN000000GEX5,Công ty Cổ phần Tập đoàn GELEX,0.0,0.0,False,0.0,0.0,aur_candidate_not_selected_by_xy_qaoa
20,2023-12-29,FTS,0.939799331103679,0.5515599846839905,0.717056856187291,0.010882835982068101,0.0038173908363875724,0.0030225935416214734,24.90743082092635,65638668686.13936,0.014934974806827718,1.4899916952727097,1.1028297419345865,-0.08425782574856609,1.1946257616484741,True,selected_by_signal_liquidity_risk_and_correlation,277,8,0.28479667920779134,0.5511599163945943,0.285490544603966,full_budget_supported|retained_1_prior_candidates,True,19.82055081286941,0.02415988813419214,0.0,optimization_expected_return,enforced,False,AGR,2,,,,0.0,,VN000000FTS5,Công ty Cổ phần Chứng khoán FPT,0.0,0.0,False,0.0,0.0,aur_candidate_not_selected_by_xy_qaoa
20,2023-12-29,CDC,0.7508361204013378,0.5211138129234314,0.5053511705685618,0.0017629063004196976,0.0005768076290119696,0.00010972831304106078,23.410842817190378,14696023987.758057,0.006007962481029202,0.8264895391825833,0.4749659105760407,-1.3761051126063866,0.7032496512656055,True,selected_by_signal_liquidity_risk_and_correlation,277,8,0.28479667920779134,0.5511599163945943,0.285490544603966,full_budget_supported|retained_1_prior_candidates,True,19.82055081286941,0.02415988813419214,0.0,optimization_expected_return,enforced,False,CDC,2,,0.0126666669921875,0.0,0.0126666669921875,1.9262953776287434e-05,VN000000CDC0,Công ty Cổ phần Chương Dương,0.0126666669921875,0.0,True,1926.2953776287434,8.61911153842629e-05,selected_by_xy_qaoa_then_classical_weighting
20,2023-12-29,VTO,0.8946488294314381,0.5247938632965088,0.649665551839465,0.0028652386688807763,0.003043092193917296,0.0008520561216566799,21.207598532390737,1623091550.0,0.006241456935918084,1.3314557818706438,-0.44936155604794664,-1.3423156243614978,0.5766531117857009,True,selected_by_signal_liquidity_risk_and_correlation,277,8,0.28479667920779134,0.5511599163945943,0.285490544603966,full_budget_supported|retained_1_prior_candidates,True,19.82055081286941,0.02415988813419214,0.0,optimization_expected_return,enforced,False,VTO,2,,0.07592,0.0,0.07592,0.00012549041632531764,VN000000VTO1,Công ty Cổ phần Vận tải Xăng dầu VITACO,0.07592,0.0,True,12549.041632531764,0.004677493392162629,selected_by_xy_qaoa_then_classical_weighting
20,2023-12-29,CCL,0.9180602006688964,0.526645839214325,0.7697324414715719,0.003419984607891391,0.0034445803789018865,0.001831769410193954,21.26481368878149,1718665042.2600098,0.011859944279343084,1.4136595888198633,-0.4253580713122674,-0.5292521529610204,0.4959763335128048,True,selected_by_signal_liquidity_risk_and_correlation,277,8,0.28479667920779134,0.5511599163945943,0.285490544603966,full_budget_supported|retained_1_prior_candidates,True,19.82055081286941,0.02415988813419214,0.0,optimization_expected_return,enforced,False,CCL,2,,,,0.0,,VN000000CCL3,Công ty Cổ phần Đầu tư và Phát triển Đô thị Dầu khí Cửu Long,0.0,0.0,False,0.0,0.0,aur_candidate_not_selected_by_xy_qaoa
20,2023-12-29,VIP,0.8795986622073578,0.5246750116348267,0.4961538461538461,0.0028296375166041443,0.0027849926464272035,0.00022483911925339113,21.298274122226946,1777145250.0,0.009653054367752647,1.2786104774032887,-0.4113204097183371,-0.8486159715190936,0.4947744432877616,True,selected_by_signal_liquidity_risk_and_correlation,277,8,0.28479667920779134,0.5511599163945943,0.285490544603966,full_budget_supported|retained_1_prior_candidates,True,19.82055081286941,0.02415988813419214,0.0,optimization_expected_return,enforced,False,VIP,2,,,,0.0,,VN000000VIP1,Công ty Cổ phần Vận tải Xăng dầu VIPCO,0.0,0.0,False,0.0,0.0,aur_candidate_not_selected_by_xy_qaoa
20,2023-12-29,TLG,0.8695652173913043,0.5241420865058899,0.41973244147157196,0.0026700036637930524,0.0026129262814338083,-0.0001019557635245122,21.116788923264615,1482193500.7279296,0.010847268060586859,1.243380274425052,-0.48745892751408715,-0.6757987217256878,0.4281112933989435,True,selected_by_signal_liquidity_risk_and_correlation,277,8,0.28479667920779134,0.5511599163945943,0.285490544603966,full_budget_supported|retained_1_prior_candidates,True,19.82055081286941,0.02415988813419214,0.0,optimization_expected_return,enforced,False,TLG,2,,0.0417355390625,0.0,0.0417355390625,6.755543350620602e-05,VN000000TLG8,Công ty Cổ phần Tập đoàn Thiên Long,0.0417355390625,0.0,True,6755.543350620602,0.002815795578782594,selected_by_xy_qaoa_then_classical_weighting
20,2023-12-29,SBA,0.9180602006688964,0.526645839214325,0.6153846153846153,0.003419984607891391,0.0034445803789018865,0.0009913149450266516,20.18002936192752,580865250.0,0.007887918721749208,1.4136595888198633,-0.8804578328738961,-1.1040525735987932,0.42291148006190066,True,selected_by_signal_liquidity_risk_and_correlation,277,8,0.28479667920779134,0.5511599163945943,0.285490544603966,full_budget_supported|retained_1_prior_candidates,True,19.82055081286941,0.02415988813419214,0.0,optimization_expected_return,enforced,False,SBA,2,,0.0514,0.0,0.0514,8.791165011719586e-05,VN000000SBA4,Công ty Cổ phần Sông Ba,0.0514,0.0,True,8791.165011719586,0.008848868132497167,selected_by_xy_qaoa_then_classical_weighting
21,2024-01-30,GEX,0.9966442953020134,0.7325911521911621,0.3374161073825504,0.005590124459727855,0.02070804199822002,-2.629747252854759e-05,26.456778011173125,309052811786.21893,0.018750139079103854,1.6840153574378898,1.6732186251963268,0.605411168903019,1.3684209864584174,True,selected_by_signal_liquidity_risk_and_correlation,277,8,0.2871474296119859,0.5556489222351053,0.29893607000635636,full_budget_supported|retained_4_prior_candidates,True,19.847584047165437,0.023030958843361867,0.0,optimization_expected_return,enforced,False,AAA,2,,,,0.0,,VN000000GEX5,Công ty Cổ phần Tập đoàn GELEX,0.0,0.0,False,0.0,0.0,aur_candidate_not_selected_by_xy_qaoa
21,2024-01-30,NHH,0.9161073825503355,0.6450490951538086,0.5538590604026846,0.013561606870938936,0.021625430164367604,0.0010262971767533123,23.094654063521645,10712253000.0,0.014464496381887688,1.403543013108621,0.31595069397707687,0.008896871564524487,0.6706654174007466,True,selected_by_signal_liquidity_risk_and_correlation,277,8,0.2871474296119859,0.5556489222351053,0.29893607000635636,full_budget_supported|retained_4_prior_candidates,True,19.847584047165437,0.023030958843361867,0.0,optimization_expected_return,enforced,False,NHH,2,,,,0.0,,VN000000NHH7,Công ty Cổ phần Nhựa Hà Nội,0.0,0.0,False,0.0,0.0,aur_candidate_not_selected_by_xy_qaoa
21,2024-01-30,FTS,0.6308724832214765,0.5482291579246521,0.7164429530201343,0.02237792274009269,0.024874513252806957,0.0019266400598672467,24.694512550203104,53050628549.55859,0.016306813091896247,0.41020346027579413,0.9618033312596798,0.2653270817777048,0.6609134877845497,True,selected_by_signal_liquidity_risk_and_correlation,277,8,0.2871474296119859,0.5556489222351053,0.29893607000635636,full_budget_supported|retained_4_prior_candidates,True,19.847584047165437,0.023030958843361867,0.0,optimization_expected_return,enforced,False,AAA,2,,,,0.0,,VN000000FTS5,Công ty Cổ phần Chứng khoán FPT,0.0,0.0,False,0.0,0.0,aur_candidate_not_selected_by_xy_qaoa
21,2024-01-30,CTD,0.7181208053691275,0.5554146766662598,0.6442953020134228,0.021723617390154285,0.02388067607281374,0.002625679487248521,25.29497734652428,96709487422.75508,0.019200782935739315,0.7140484999658353,1.2042071285504137,0.6681358341359435,0.6068715198585873,True,selected_by_signal_liquidity_risk_and_correlation,277,8,0.2871474296119859,0.5556489222351053,0.29893607000635636,full_budget_supported|retained_4_prior_candidates,True,19.847584047165437,0.023030958843361867,0.0,optimization_expected_return,enforced,False,CTD,2,,,,0.0,,VN000000CTD4,Công ty Cổ phần Xây dựng COTECCONS,0.0,0.0,False,0.0,0.0,aur_candidate_not_selected_by_xy_qaoa
21,2024-01-30,CCL,0.8288590604026845,0.5679230690002441,0.5788590604026846,0.020584617087244586,0.022619267344360816,0.0008484293397589531,20.802565631526043,1082528808.6975098,0.007378146432097308,1.0996979734185799,-0.6093507442519731,-0.9774450518393321,0.5732231866551412,True,selected_by_signal_liquidity_risk_and_correlation,277,8,0.2871474296119859,0.5556489222351053,0.29893607000635636,full_budget_supported|retained_4_prior_candidates,True,19.847584047165437,0.023030958843361867,0.0,optimization_expected_return,enforced,False,CCL,2,,0.234981826171875,0.0,0.234981826171875,0.0004298862356179872,VN000000CCL3,Công ty Cổ phần Đầu tư và Phát triển Đô thị Dầu khí Cửu Long,0.234981826171875,0.0,True,42988.62356179872,0.021706750368574793,selected_by_xy_qaoa_then_classical_weighting
21,2024-01-30,TLH,0.8859060402684564,0.5947450399398804,0.45838926174496647,0.018142238225983716,0.021969450726672946,0.00041406590988699705,22.390318292699813,5296533000.0,0.012595974449514363,1.2983658839851455,0.03161484871032759,-0.2511808171973626,0.5680886732222773,True,selected_by_signal_liquidity_risk_and_correlation,277,8,0.2871474296119859,0.5556489222351053,0.29893607000635636,full_budget_supported|retained_4_prior_candidates,True,19.847584047165437,0.023030958843361867,0.0,optimization_expected_return,enforced,False,TLH,2,,0.0406,0.0,0.0406,6.34134960744381e-05,VN000000TLH6,Công ty Cổ phần Tập đoàn Thép Tiến Lên,0.0406,0.0,True,6341.349607443811,0.0007665391681690645,selected_by_xy_qaoa_then_classical_weighting
21,2024-01-30,TV2,0.8489932885906041,0.5716951489448547,0.7451342281879194,0.020241135680138564,0.02238992030282392,0.0016412567574280981,22.928125057308286,9068974750.0,0.01567115628652586,1.1698160595008973,0.24872399940233128,0.17685065026131822,0.5284522260519772,True,selected_by_signal_liquidity_risk_and_correlation,277,8,0.2871474296119859,0.5556489222351053,0.29893607000635636,full_budget_supported|retained_4_prior_candidates,True,19.847584047165437,0.023030958843361867,0.0,optimization_expected_return,enforced,False,TV2,2,,0.039,0.0,0.039,6.030843463636247e-05,VN000000TV22,Công ty Cổ phần Tư vấn Xây dựng Điện 2,0.039,0.0,True,6030.843463636247,0.0004300375850092647,selected_by_xy_qaoa_then_classical_weighting
21,2024-01-30,VIP,0.7751677852348994,0.563479483127594,0.30637583892617454,0.020989245077782007,0.02323085945512587,-0.0005527016007483569,21.42779363738458,2022891250.0,0.012148425045989633,0.9127164105324009,-0.35695019767345726,-0.31347476861361867,0.4871752103192931,True,selected_by_signal_liquidity_risk_and_correlation,277,8,0.2871474296119859,0.5556489222351053,0.29893607000635636,full_budget_supported|retained_4_prior_candidates,True,19.847584047165437,0.023030958843361867,0.0,optimization_expected_return,enforced,False,VIP,2,,0.23415,0.0,0.23415,0.0004075550293363759,VN000000VIP1,Công ty Cổ phần Vận tải Xăng dầu VIPCO,0.23415,0.0,True,40755.502933637596,0.011575016699488912,selected_by_xy_qaoa_then_classical_weighting
22,2024-02-28,CTD,0.936026936026936,0.5477719306945801,0.37861952861952863,0.0300431453408824,0.029828173160812814,0.0011064739710383124,25.347339020122014,101908278991.5918,0.01906576879965991,1.454601497101428,1.2399475779938076,0.4247515881267387,1.152109512919393,True,selected_by_signal_liquidity_risk_and_correlation,271,8,0.28908873179025824,0.5451387513748877,0.2763457113692295,full_budget_supported|retained_4_prior_candidates,True,20.103147906127816,0.026586787763871595,0.0,optimization_expected_return,enforced,False,CTD,2,,,,0.0,,VN000000CTD4,Công ty Cổ phần Xây dựng COTECCONS,0.0,0.0,False,0.0,0.0,aur_candidate_not_selected_by_xy_qaoa
22,2024-02-28,KBC,0.9595959595959596,0.5708204507827759,0.2759259259259259,0.03879755963669243,0.03046541836733829,-3.4565569541346666e-05,25.837615338784985,166392507750.0,0.015209650833312114,1.536130180087391,1.4463168861394773,-0.05685588310776765,1.1291913646499385,True,selected_by_signal_liquidity_risk_and_correlation,271,8,0.28908873179025824,0.5451387513748877,0.2763457113692295,full_budget_supported|retained_4_prior_candidates,True,20.103147906127816,0.026586787763871595,0.0,optimization_expected_return,enforced,False,AAA,2,,,,0.0,,VN000000KBC7,Tổng Công ty Phát triển Đô Thị Kinh Bắc – Công ty Cổ phần,0.0,0.0,False,0.0,0.0,aur_candidate_not_selected_by_xy_qaoa
22,2024-02-28,GEX,0.5824915824915825,0.5304969549179077,0.2769360269360269,0.023481670056552717,0.020269495062930708,0.0003525277795356847,26.093671623139354,214950073780.7404,0.010985137092849625,0.2316712523119835,1.5540972463915639,-0.5844739169685245,0.9242736247071193,True,selected_by_signal_liquidity_risk_and_correlation,271,8,0.28908873179025824,0.5451387513748877,0.2763457113692295,full_budget_supported|retained_4_prior_candidates,True,20.103147906127816,0.026586787763871595,0.0,optimization_expected_return,enforced,False,AAA,2,,,,0.0,,VN000000GEX5,Công ty Cổ phần Tập đoàn GELEX,0.0,0.0,False,0.0,0.0,aur_candidate_not_selected_by_xy_qaoa
22,2024-02-28,NHH,0.9562289562289562,0.5624211430549622,0.2590909090909091,0.03560728887892092,0.03037438333783465,0.00010841978453958424,22.92401475216816,9031775000.0,0.01648846887893616,1.5244832253751106,0.21991105256246207,0.10286130669215167,0.8713329625430832,True,selected_by_signal_liquidity_risk_and_correlation,271,8,0.28908873179025824,0.5451387513748877,0.2763457113692295,full_budget_supported|retained_4_prior_candidates,True,20.103147906127816,0.026586787763871595,0.0,optimization_expected_return,enforced,False,NHH,2,,0.1128,0.0,0.1128,0.00017811378380910676,VN000000NHH7,Công ty Cổ phần Nhựa Hà Nội,0.1128,0.0,True,17811.378380910675,0.001248923937985612,selected_by_xy_qaoa_then_classical_weighting
22,2024-02-28,CDC,0.7895622895622896,0.5395204424858093,0.335942760942761,0.02690902019704869,0.025868149377404514,-0.0001496023096898082,22.882076631711808,8660832024.141113,0.00290184998082576,0.9479589671172297,0.20225827070444957,-1.5940310672575224,0.6890786416820776,True,selected_by_signal_liquidity_risk_and_correlation,271,8,0.28908873179025824,0.5451387513748877,0.2763457113692295,full_budget_supported|retained_4_prior_candidates,True,20.103147906127816,0.026586787763871595,0.0,optimization_expected_return,enforced,False,CDC,2,,0.229142865234375,0.0,0.229142865234375,0.00037006939996741536,VN000000CDC0,Công ty Cổ phần Chương Dương,0.229142865234375,0.0,True,37006.93999674154,0.0026457373217222612,selected_by_xy_qaoa_then_classical_weighting
22,2024-02-28,ELC,0.9461279461279462,0.5565097332000732,0.7898148148148147,0.033361985026699376,0.030101278249323734,0.003678621782976903,23.38077254299328,14260688646.153463,0.02071887612970295,1.4895423612382694,0.4121715915576614,0.6312154068815633,0.6453946905082548,True,selected_by_signal_liquidity_risk_and_correlation,271,8,0.28908873179025824,0.5451387513748877,0.2763457113692295,full_budget_supported|retained_4_prior_candidates,True,20.103147906127816,0.026586787763871595,0.0,optimization_expected_return,enforced,False,ELC,2,,,,0.0,,VN000000ELC9,Công ty Cổ phần Công nghệ - Viễn thông ELCOM,0.0,0.0,False,0.0,0.0,aur_candidate_not_selected_by_xy_qaoa
22,2024-02-28,TLH,0.7424242424242424,0.5379683971405029,0.34528619528619525,0.026319513890062207,0.024593658964353567,0.0004941318066611013,22.427142759099073,5495210650.0,0.010390732166514363,0.7849016011453037,0.010765463547963634,-0.6587117530409489,0.6165353156560511,True,selected_by_signal_liquidity_risk_and_correlation,271,8,0.28908873179025824,0.5451387513748877,0.2763457113692295,full_budget_supported|retained_4_prior_candidates,True,20.103147906127816,0.026586787763871595,0.0,optimization_expected_return,enforced,False,TLH,2,,0.02442,0.03808419550101683,-0.013664195501016833,3.4642291120632034e-05,VN000000TLH6,Công ty Cổ phần Tập đoàn Thép Tiến Lên,0.02442,0.03808419550101683,True,3464.2291120632035,0.00024865644597294617,selected_by_xy_qaoa_then_classical_weighting
22,2024-02-28,CTI,0.9663299663299664,0.5814976096153259,0.4938552188552188,0.04285301619375709,0.03064748842634557,0.0011401518842465504,22.908889409985125,8896194250.0,0.02049765088474031,1.5594240895119522,0.2135444256564523,0.6035856165770409,0.607972342297983,True,selected_by_signal_liquidity_risk_and_correlation,271,8,0.28908873179025824,0.5451387513748877,0.2763457113692295,full_budget_supported|retained_4_prior_candidates,True,20.103147906127816,0.026586787763871595,0.0,optimization_expected_return,enforced,False,CTI,2,,0.1926,0.0,0.1926,0.00030893859637932513,VN000000CTI3,Công ty Cổ phần Đầu tư Phát triển Cường Thuận IDICO,0.1926,0.0,True,30893.859637932514,0.002164970712054764,selected_by_xy_qaoa_then_classical_weighting
23,2024-03-29,GEX,0.9099914965986394,0.6184276938438416,0.7011904761904763,0.041996814695809556,0.04762369052385496,0.0032820611895945247,27.129885421627648,605842217302.1326,0.02434570936058751,1.9094927119572245,1.7569402634851734,0.8542696324423856,1.4505857321363425,True,selected_by_signal_liquidity_risk_and_correlation,263,8,0.213157864731771,0.43324170225380787,0.24708181987702943,full_budget_supported|retained_4_prior_candidates,True,20.477928075261378,0.027498658226670875,0.0,optimization_expected_return,enforced,False,ADS,2,,,,0.0,,VN000000GEX5,Công ty Cổ phần Tập đoàn GELEX,0.0,0.0,False,0.0,0.0,aur_candidate_not_selected_by_xy_qaoa
23,2024-03-29,DBC,0.9027848639455782,0.5815836191177368,0.7642006802721087,0.03520881669357008,0.04726023210841318,0.003997419661227639,26.624440613112963,365466557174.07404,0.01981161645475796,1.875683813270348,1.5462816448013712,0.2788718893736153,1.2496413175825767,True,selected_by_signal_liquidity_risk_and_correlation,263,8,0.213157864731771,0.43324170225380787,0.24708181987702943,full_budget_supported|retained_4_prior_candidates,True,20.477928075261378,0.027498658226670875,0.0,optimization_expected_return,enforced,False,DBC,2,,,,0.0,,VN000000DBC2,Công ty Cổ phần Tập đoàn DABACO Việt Nam,0.0,0.0,False,0.0,0.0,aur_candidate_not_selected_by_xy_qaoa
23,2024-03-29,MWG,0.8936011904761905,0.5862725377082825,0.7070578231292517,0.03607268341466151,0.04679706386218648,0.0035420194273841476,27.18158601824805,637988451000.0,0.026819028579028455,1.8325999069791068,1.7784879697544054,1.1681454893640157,1.1802889288010823,True,selected_by_signal_liquidity_risk_and_correlation,263,8,0.213157864731771,0.43324170225380787,0.24708181987702943,full_budget_supported|retained_4_prior_candidates,True,20.477928075261378,0.027498658226670875,0.0,optimization_expected_return,enforced,False,MWG,2,,,,0.0,,VN000000MWG0,Công ty Cổ phần Đầu tư Thế Giới Di Động,0.0,0.0,False,0.0,0.0,aur_candidate_not_selected_by_xy_qaoa
23,2024-03-29,STB,0.670514455782313,0.5497156381607056,0.569812925170068,0.029337593364450423,0.03554593521426299,0.0017804203637813573,27.199862168762195,649755625750.0,0.015209757774484129,0.7860200166543749,1.786105079589761,-0.3051256496151757,0.9853136319604427,True,selected_by_signal_liquidity_risk_and_correlation,263,8,0.213157864731771,0.43324170225380787,0.24708181987702943,full_budget_supported|retained_4_prior_candidates,True,20.477928075261378,0.027498658226670875,0.0,optimization_expected_return,enforced,False,ACB,2,,0.032,0.0,0.032,4.815879431326588e-05,VN000000STB4,Ngân hàng Thương mại Cổ phần Sài Gòn Tài Lộc,0.032,0.0,True,4815.879431326588,4.924928501090396e-06,selected_by_xy_qaoa_then_classical_weighting
23,2024-03-29,HDG,0.8767431972789115,0.6047902703285217,0.5886054421768707,0.03948431290913566,0.04594684992871942,0.002072813282682255,25.55054279752902,124870470067.45,0.02410237827444532,1.7535130141806015,1.098703933788254,0.8233897716427375,0.9624431167517188,True,selected_by_signal_liquidity_risk_and_correlation,263,8,0.213157864731771,0.43324170225380787,0.24708181987702943,full_budget_supported|retained_4_prior_candidates,True,20.477928075261378,0.027498658226670875,0.0,optimization_expected_return,enforced,False,HDG,2,,0.0885048828125,0.0,0.0885048828125,0.0001344234430612155,VN000000HDG0,Công ty Cổ phần Tập đoàn Hà Đô,0.0885048828125,0.0,True,13442.344306121551,7.087735215915598e-05,selected_by_xy_qaoa_then_classical_weighting
23,2024-03-29,CTI,0.7969812925170068,0.5797623991966248,0.37159863945578236,0.034873282763676364,0.04192414793834311,0.0006616603123869089,22.91456215471341,8946803500.0,0.010813871726981743,1.3793213095400076,8.340838494669987e-05,-0.8629842914767717,0.8812053604722503,True,selected_by_signal_liquidity_risk_and_correlation,263,8,0.213157864731771,0.43324170225380787,0.24708181987702943,full_budget_supported|retained_4_prior_candidates,True,20.477928075261378,0.027498658226670875,0.0,optimization_expected_return,enforced,False,CTI,2,,0.048,0.19387134885483426,-0.14587134885483427,0.00037784898702156313,VN000000CTI3,Công ty Cổ phần Đầu tư Phát triển Cường Thuận IDICO,0.048,0.19387134885483426,True,37784.898702156315,0.0016304297826015097,selected_by_xy_qaoa_then_classical_weighting
23,2024-03-29,CDC,0.5034863945578231,0.5377506017684937,0.32006802721088434,0.027133205176367844,0.027122062736014942,-0.00023298048671442482,23.020288115163243,9944526289.266308,0.003125091370297371,0.002431470982426851,0.044147734325557124,-1.8387267290654552,0.49223330476673405,True,selected_by_signal_liquidity_risk_and_correlation,263,8,0.213157864731771,0.43324170225380787,0.24708181987702943,full_budget_supported|retained_4_prior_candidates,True,20.477928075261378,0.027498658226670875,0.0,optimization_expected_return,enforced,False,CDC,2,,0.05079365234375,0.23065543283203424,-0.17986178048828425,0.00046675859286800036,VN000000CDC0,Công ty Cổ phần Chương Dương,0.05079365234375,0.23065543283203424,True,46675.859286800034,0.0018086510634741774,selected_by_xy_qaoa_then_classical_weighting
23,2024-03-29,TLH,0.3626700680272109,0.5017858743667603,0.5731292517006803,0.020507214441931404,0.020020149627205604,0.0019476624853730544,23.37495934634358,14178028950.0,0.018454836894625792,-0.6581884254832698,0.19196714089319322,0.10669017343697293,-0.012090396896236255,True,selected_by_signal_liquidity_risk_and_correlation,263,8,0.213157864731771,0.43324170225380787,0.24708181987702943,full_budget_supported|retained_4_prior_candidates,True,20.477928075261378,0.027498658226670875,0.0,optimization_expected_return,enforced,False,ADS,2,,0.0,0.02642327573956075,-0.02642327573956075,6.820577250784699e-05,VN000000TLH6,Công ty Cổ phần Tập đoàn Thép Tiến Lên,0.0,0.02642327573956075,False,6820.577250784699,0.00018636776545417303,aur_candidate_not_selected_by_xy_qaoa
24,2024-04-29,MWG,0.616138698630137,0.49478375911712646,0.9137842465753425,0.028718673197283284,0.03766917843437911,0.004402156456705327,27.145501048573422,615377076000.0,0.024263657758127343,0.6351090250963667,1.8693899980261652,0.18855604620572747,1.0800467024168454,True,selected_by_signal_liquidity_risk_and_correlation,267,8,0.2022802793895726,0.42546977548446585,0.19786053889645258,full_budget_supported|retained_4_prior_candidates,True,20.307266421839305,0.03376375551507348,0.0,optimization_expected_return,enforced,False,MWG,2,,,,0.0,,VN000000MWG0,Công ty Cổ phần Đầu tư Thế Giới Di Động,0.0,0.0,False,0.0,0.0,aur_candidate_not_selected_by_xy_qaoa
24,2024-04-29,HDB,0.7225171232876713,0.5186631083488464,0.7772260273972602,0.031379767059043134,0.04190397920405877,0.001354037557272088,25.846336441459723,167849980039.4991,0.018349071535301374,1.1610051973679778,1.3279989799355292,-0.4598633336107949,0.9981812219662456,True,selected_by_signal_liquidity_risk_and_correlation,267,8,0.2022802793895726,0.42546977548446585,0.19786053889645258,full_budget_supported|retained_4_prior_candidates,True,20.307266421839305,0.03376375551507348,0.0,optimization_expected_return,enforced,False,HDB,2,,0.030328732421875,0.0,0.030328732421875,4.578137281215737e-05,VN000000HDB1,Ngân hàng Thương mại Cổ phần Phát triển Thành phố Hồ Chí Minh,0.030328732421875,0.0,True,4578.137281215737,1.806895205750869e-05,selected_by_xy_qaoa_then_classical_weighting
24,2024-04-29,SHI,0.8310787671232875,0.5549761056900024,0.744349315068493,0.03542645582718976,0.04622569137786465,0.00028287997173973435,22.779277754976338,7814741750.0,0.005092016837803454,1.697694409794861,0.04988686409827176,-1.9132416193090487,0.9835244092486968,True,selected_by_signal_liquidity_risk_and_correlation,267,8,0.2022802793895726,0.42546977548446585,0.19786053889645258,full_budget_supported|retained_4_prior_candidates,True,20.307266421839305,0.03376375551507348,0.0,optimization_expected_return,enforced,False,SHI,2,,0.0888,0.0,0.0888,0.0001398934054886571,VN000000SHI4,Công ty Cổ phần Quốc tế Sơn Hà,0.0888,0.0,True,13989.34054886571,0.0011363139415323609,selected_by_xy_qaoa_then_classical_weighting
24,2024-04-29,ACB,0.6598458904109589,0.5196486115455627,0.6381849315068493,0.031489590676181026,0.039409110662082504,8.82810229561253e-06,26.164026554739976,230617551623.37256,0.01458977500364811,0.851181456440155,1.460387572515987,-0.8719971048953625,0.9824077986909618,True,selected_by_signal_liquidity_risk_and_correlation,267,8,0.2022802793895726,0.42546977548446585,0.19786053889645258,full_budget_supported|retained_4_prior_candidates,True,20.307266421839305,0.03376375551507348,0.0,optimization_expected_return,enforced,False,ACB,2,,,,0.0,,VN000000ACB8,Ngân hàng Thương mại Cổ phần Á Châu,0.0,0.0,False,0.0,0.0,aur_candidate_not_selected_by_xy_qaoa
24,2024-04-29,VPI,0.721875,0.5184644460678101,0.782791095890411,0.03135762830762662,0.04187841702637459,0.0010041103147705004,24.779199514699446,57739047500.0,0.011076898704532313,1.157830773792898,0.8832990981365655,-1.257115688923121,0.9608543472034252,True,selected_by_signal_liquidity_risk_and_correlation,267,8,0.2022802793895726,0.42546977548446585,0.19786053889645258,full_budget_supported|retained_4_prior_candidates,True,20.307266421839305,0.03376375551507348,0.0,optimization_expected_return,enforced,False,VPI,2,,0.059,0.0,0.059,8.983360806132328e-05,VN000000VPI1,Công ty Cổ phần Phát triển Bất động sản Văn Phú,0.059,0.0,True,8983.360806132328,0.00010218388171367045,selected_by_xy_qaoa_then_classical_weighting
24,2024-04-29,DBC,0.6837328767123287,0.556154727935791,0.4359589041095891,0.03555780046280635,0.040360023671934114,-0.0007758912610704865,26.278693742216483,258637613242.04532,0.033144953638753985,0.9692700134331366,1.5081719602906936,1.1622174571524808,0.9412355729021253,True,selected_by_signal_liquidity_risk_and_correlation,267,8,0.2022802793895726,0.42546977548446585,0.19786053889645258,full_budget_supported|retained_4_prior_candidates,True,20.307266421839305,0.03376375551507348,0.0,optimization_expected_return,enforced,False,DBC,2,,,,0.0,,VN000000DBC2,Công ty Cổ phần Tập đoàn DABACO Việt Nam,0.0,0.0,False,0.0,0.0,aur_candidate_not_selected_by_xy_qaoa
24,2024-04-29,CDC,0.6569349315068493,0.5333145260810852,0.553595890410959,0.03301250827887292,0.03929322878991421,-0.0008065695732257884,22.91425170681717,8944026414.76748,0.006695375867129457,0.8367907362331253,0.10613353584617952,-1.7374644764538973,0.8324827035074975,True,selected_by_signal_liquidity_risk_and_correlation,267,8,0.2022802793895726,0.42546977548446585,0.19786053889645258,full_budget_supported|retained_4_prior_candidates,True,20.307266421839305,0.03376375551507348,0.0,optimization_expected_return,enforced,False,CDC,2,,0.0123809521484375,0.05030017012158953,-0.03791921797315203,9.654389733068526e-05,VN000000CDC0,Công ty Cổ phần Chương Dương,0.0123809521484375,0.05030017012158953,True,9654.389733068527,0.0004239613817613912,selected_by_xy_qaoa_then_classical_weighting
24,2024-04-29,HDG,0.48244863013698625,0.5065836906433105,0.44092465753424653,0.030033647280069593,0.03234713304053219,-0.0009586624569033781,24.802366523723233,59092303455.958496,0.021774952463872992,-0.025805963235320903,0.8929533101839272,-0.08428210047961576,0.5148535883421885,True,selected_by_signal_liquidity_risk_and_correlation,267,8,0.2022802793895726,0.42546977548446585,0.19786053889645258,full_budget_supported|retained_4_prior_candidates,True,20.307266421839305,0.03376375551507348,0.0,optimization_expected_return,enforced,False,HDG,2,,0.0,0.0813456917685637,-0.0813456917685637,0.00021496459936779343,VN000000HDG0,Công ty Cổ phần Tập đoàn Hà Đô,0.0,0.0813456917685637,False,21496.45993677934,0.00013765869159118268,aur_candidate_not_selected_by_xy_qaoa
25,2024-05-30,ACB,0.8006756756756757,0.5322271585464478,0.6797297297297297,-0.014609007069396385,-0.011692357807915846,0.0020984936276772703,26.373899973272035,284471802541.4534,0.010031535664771605,1.1444663770405634,1.5146870975278712,-1.1488125995360108,1.3602489248813818,True,selected_by_signal_liquidity_risk_and_correlation,267,8,0.2840646930756559,0.6137456142351276,0.18821992122879289,liquidity_risk_threshold_relaxed_for_feasibility|retained_4_prior_candidates,True,20.34621318817108,0.029696088466915148,0.0,optimization_expected_return,insufficient_positive_defensive_topk,True,ACB,2,,0.01957274609375,0.0,0.01957274609375,2.947391944334304e-05,VN000000ACB8,Ngân hàng Thương mại Cổ phần Á Châu,0.01957274609375,0.0,True,2947.391944334304,6.880381787891911e-06,selected_by_xy_qaoa_then_classical_weighting
25,2024-05-30,VIX,1.0,0.6070793271064758,0.34974662162162173,0.01602866812984008,-0.005737090108895334,0.00010131264199761977,26.630197492401805,367576571750.0,0.016751096185558742,1.8461527505404756,1.6234292766173706,-0.30592833942717107,1.3525505979463455,True,selected_by_signal_liquidity_risk_and_correlation,267,8,0.2840646930756559,0.6137456142351276,0.18821992122879289,liquidity_risk_threshold_relaxed_for_feasibility|retained_4_prior_candidates,True,20.34621318817108,0.029696088466915148,0.0,optimization_expected_return,insufficient_positive_defensive_topk,True,AGR,2,,,,0.0,,VN000000VIX5,Công ty Cổ phần Chứng khoán VIX,0.0,0.0,False,0.0,0.0,aur_candidate_not_selected_by_xy_qaoa
25,2024-05-30,HPG,0.9172297297297297,0.5377665758132935,0.5483108108108109,-0.012341673065859038,-0.008210040255098767,0.001777857117784571,27.3846062913505,781597931634.5212,0.016732997783968518,1.5547745106972917,1.9435106297280738,-0.3081985560263575,1.348368308087696,True,selected_by_signal_liquidity_risk_and_correlation,267,8,0.2840646930756559,0.6137456142351276,0.18821992122879289,liquidity_risk_threshold_relaxed_for_feasibility|retained_4_prior_candidates,True,20.34621318817108,0.029696088466915148,0.0,optimization_expected_return,insufficient_positive_defensive_topk,True,GEX,2,,0.064999998046875,0.0,0.064999998046875,9.791914113129127e-05,VN000000HPG4,Công ty Cổ phần Tập đoàn Hòa Phát,0.064999998046875,0.0,True,9791.914113129127,8.316296066820873e-06,selected_by_xy_qaoa_then_classical_weighting
25,2024-05-30,TCB,0.9054054054054054,0.5372271537780762,0.48395270270270274,-0.01256246342408418,-0.008563318847413542,0.001741014887498525,26.855864387985495,460631581500.0,0.015001705655607718,1.513149047862551,1.7191754627585947,-0.5253673545112187,1.2857761342872114,True,selected_by_signal_liquidity_risk_and_correlation,267,8,0.2840646930756559,0.6137456142351276,0.18821992122879289,liquidity_risk_threshold_relaxed_for_feasibility|retained_4_prior_candidates,True,20.34621318817108,0.029696088466915148,0.0,optimization_expected_return,insufficient_positive_defensive_topk,True,TCB,2,,0.0465,0.0,0.0465,7.008036009039975e-05,VN000000TCB8,Ngân hàng Thương mại Cổ phần Kỹ Thương Việt Nam,0.0465,0.0,True,7008.036009039975,1.0094835410237715e-05,selected_by_xy_qaoa_then_classical_weighting
25,2024-05-30,VCI,0.9864864864864865,0.5504215359687805,0.41570945945945936,-0.007161882468447567,-0.00614083707154079,0.000556332052665218,26.324935014081063,270878173935.30792,0.017433089990278313,1.7985807930150584,1.4939121935040882,-0.22038080373468347,1.275358705492657,True,selected_by_signal_liquidity_risk_and_correlation,267,8,0.2840646930756559,0.6137456142351276,0.18821992122879289,liquidity_risk_threshold_relaxed_for_feasibility|retained_4_prior_candidates,True,20.34621318817108,0.029696088466915148,0.0,optimization_expected_return,insufficient_positive_defensive_topk,True,AGR,2,,,,0.0,,VN000000VCI9,Công ty Cổ phần Chứng khoán Vietcap,0.0,0.0,False,0.0,0.0,aur_candidate_not_selected_by_xy_qaoa
25,2024-05-30,VPI,0.831081081081081,0.5338436961174011,0.4045608108108108,-0.013947343499736226,-0.010783927141963565,0.0005391587259207839,24.99990263610209,71997889000.0,0.007926505813515353,1.2515032814727534,0.9317260723320767,-1.4128620895576147,1.2386347513389704,True,selected_by_signal_liquidity_risk_and_correlation,267,8,0.2840646930756559,0.6137456142351276,0.18821992122879289,liquidity_risk_threshold_relaxed_for_feasibility|retained_4_prior_candidates,True,20.34621318817108,0.029696088466915148,0.0,optimization_expected_return,insufficient_positive_defensive_topk,True,VPI,2,,0.0589,0.05880017442345561,9.982557654439339e-05,1.498214814341806e-07,VN000000VPI1,Công ty Cổ phần Phát triển Bất động sản Văn Phú,0.0589,0.05880017442345561,True,14.982148143418058,1.3865069925090914e-07,selected_by_xy_qaoa_then_classical_weighting
25,2024-05-30,HDB,0.7533783783783784,0.5297350883483887,0.3323479729729729,-0.015629034127671915,-0.013105472177174948,0.00017054024412173287,25.93058453538937,182603785387.74585,0.017118226421309536,0.9779645257016012,1.3265967605513047,-0.2598764739566383,1.0944761475670928,True,selected_by_signal_liquidity_risk_and_correlation,267,8,0.2840646930756559,0.6137456142351276,0.18821992122879289,liquidity_risk_threshold_relaxed_for_feasibility|retained_4_prior_candidates,True,20.34621318817108,0.029696088466915148,0.0,optimization_expected_return,insufficient_positive_defensive_topk,True,HDB,2,,0.0,0.030084889327240995,-0.030084889327240995,7.782133477380389e-05,VN000000HDB1,Ngân hàng Thương mại Cổ phần Phát triển Thành phố Hồ Chí Minh,0.0,0.030084889327240995,False,7782.133477380389,1.6475501459818e-05,aur_candidate_not_selected_by_xy_qaoa
25,2024-05-30,MWG,0.5912162162162162,0.5165188312530518,0.7155405405405405,-0.02103856868126086,-0.01795043572892045,0.004087283912301284,27.232673804846,671428792500.0,0.017155414490245015,0.40710103539658776,1.879048555678032,-0.2552116989505065,1.0587891634885223,True,selected_by_signal_liquidity_risk_and_correlation,267,8,0.2840646930756559,0.6137456142351276,0.18821992122879289,liquidity_risk_threshold_relaxed_for_feasibility|retained_4_prior_candidates,True,20.34621318817108,0.029696088466915148,0.0,optimization_expected_return,insufficient_positive_defensive_topk,True,MWG,2,,,,0.0,,VN000000MWG0,Công ty Cổ phần Đầu tư Thế Giới Di Động,0.0,0.0,False,0.0,0.0,aur_candidate_not_selected_by_xy_qaoa
26,2024-06-28,HPG,0.9966101694915255,0.5830420851707458,0.6645762711864407,0.018535518836508516,0.025503621667601718,0.0009008715209079794,27.164833761196647,627389728600.0007,0.009523225654327696,1.7778176513051476,1.8811033500248475,-1.0520252077718342,1.7273170141965306,True,selected_by_signal_liquidity_risk_and_correlation,266,8,0.28811798030348984,0.6049452255469825,0.18957178686531145,full_budget_supported|retained_4_prior_candidates,True,20.420009852923766,0.03296443828068357,0.0,optimization_expected_return,enforced,False,HPG,2,,0.021856060546875,0.06640529634583815,-0.04454923579896315,0.00011163853580450298,VN000000HPG4,Công ty Cổ phần Tập đoàn Hòa Phát,0.021856060546875,0.06640529634583815,True,11163.853580450299,7.100727628801524e-06,selected_by_xy_qaoa_then_classical_weighting
26,2024-06-28,ACB,0.9796610169491525,0.5740928053855896,0.5383050847457627,0.019676527093397386,0.025563911060525697,0.00038017179038406213,26.038825210639345,203478301708.7707,0.008329488372475023,1.718990525957189,1.3910035683575666,-1.1767997161930772,1.5509674167369853,True,selected_by_signal_liquidity_risk_and_correlation,266,8,0.28811798030348984,0.6049452255469825,0.18957178686531145,full_budget_supported|retained_4_prior_candidates,True,20.420009852923766,0.03296443828068357,0.0,optimization_expected_return,enforced,False,ACB,2,,0.0737206640625,0.019089680963282087,0.054630983099217906,8.257944661196625e-05,VN000000ACB8,Ngân hàng Thương mại Cổ phần Á Châu,0.0737206640625,0.019089680963282087,True,8257.944661196625,2.684855468147595e-05,selected_by_xy_qaoa_then_classical_weighting
26,2024-06-28,TCB,0.8677966101694915,0.5536847710609436,0.5189830508474577,0.022278494651715913,0.025961821053823973,0.00036188901703764376,27.36268340685637,764649508417.7755,0.012579637670325418,1.3307314986606624,1.9672182095370483,-0.7325559973966463,1.5307023724117288,True,selected_by_signal_liquidity_risk_and_correlation,266,8,0.28811798030348984,0.6049452255469825,0.18957178686531145,full_budget_supported|retained_4_prior_candidates,True,20.420009852923766,0.03296443828068357,0.0,optimization_expected_return,enforced,False,TCB,2,,0.04653156812762075,0.046250543688710274,0.0002810244389104752,4.2165712587449516e-07,VN000000TCB8,Ngân hàng Thương mại Cổ phần Kỹ Thương Việt Nam,0.04653156812762075,0.046250543688710274,True,42.16571258744952,3.675205905670106e-08,selected_by_xy_qaoa_then_classical_weighting
26,2024-06-28,HDB,0.8779661016949153,0.5560854077339172,0.4615254237288136,0.021972420159532033,0.025925647418069582,-0.0005566318087604856,25.743932699721842,151512308029.57202,0.014372014479445524,1.3660277738694377,1.2626504087439445,-0.5452091341768724,1.2701201227346866,True,selected_by_signal_liquidity_risk_and_correlation,266,8,0.28811798030348984,0.6049452255469825,0.18957178686531145,full_budget_supported|retained_4_prior_candidates,True,20.420009852923766,0.03296443828068357,0.0,optimization_expected_return,enforced,False,HDB,2,,,,0.0,,VN000000HDB1,Ngân hàng Thương mại Cổ phần Phát triển Thành phố Hồ Chí Minh,0.0,0.0,False,0.0,0.0,aur_candidate_not_selected_by_xy_qaoa
26,2024-06-28,VIX,0.7694915254237288,0.5411453247070312,0.16220338983050847,0.02387723915072691,0.02631149953278306,-0.0020177025062260642,26.461656868239043,310564320500.0,0.017735875301552732,0.9895341716425027,1.575042759684365,-0.1936040642367795,1.1761192441820456,True,selected_by_signal_liquidity_risk_and_correlation,266,8,0.28811798030348984,0.6049452255469825,0.18957178686531145,full_budget_supported|retained_4_prior_candidates,True,20.420009852923766,0.03296443828068357,0.0,optimization_expected_return,enforced,False,AGR,2,,,,0.0,,VN000000VIX5,Công ty Cổ phần Chứng khoán VIX,0.0,0.0,False,0.0,0.0,aur_candidate_not_selected_by_xy_qaoa
26,2024-06-28,DBC,0.9864406779661017,0.5766634345054626,0.5903389830508474,0.019348779037510352,0.025539795303356105,0.0025025872588539185,26.110100622903413,218510656814.43887,0.021081866601568532,1.7425213760963723,1.4220264801920959,0.1561332070942111,1.171297837441651,True,selected_by_signal_liquidity_risk_and_correlation,266,8,0.28811798030348984,0.6049452255469825,0.18957178686531145,full_budget_supported|retained_4_prior_candidates,True,20.420009852923766,0.03296443828068357,0.0,optimization_expected_return,enforced,False,DBC,2,,,,0.0,,VN000000DBC2,Công ty Cổ phần Tập đoàn DABACO Việt Nam,0.0,0.0,False,0.0,0.0,aur_candidate_not_selected_by_xy_qaoa
26,2024-06-28,VHM,0.7864406779661017,0.5421165823936462,0.2996610169491526,0.02375340649976515,0.02625121013985908,-0.0018695735122425403,26.336878828499543,274132890750.0,0.007389074714171817,1.0483612969904614,1.5207326125696448,-1.2750957598127377,1.1428652971674709,True,selected_by_signal_liquidity_risk_and_correlation,266,8,0.28811798030348984,0.6049452255469825,0.18957178686531145,full_budget_supported|retained_4_prior_candidates,True,20.420009852923766,0.03296443828068357,0.0,optimization_expected_return,enforced,False,VHM,2,,0.0752,0.0,0.0752,0.00011368070647674326,VN000000VHM0,Công ty Cổ phần Vinhomes,0.0752,0.0,True,11368.070647674325,2.7431950903177057e-05,selected_by_xy_qaoa_then_classical_weighting
26,2024-06-28,DGW,1.0,0.5895989537239075,0.3620338983050847,0.017699536350979192,0.025491563789016923,8.763719077442385e-05,25.375138780476316,104781050900.50139,0.017406219296401355,1.7895830763747391,1.1021313618743664,-0.22806111489288047,1.1357883744398558,True,selected_by_signal_liquidity_risk_and_correlation,266,8,0.28811798030348984,0.6049452255469825,0.18957178686531145,full_budget_supported|retained_4_prior_candidates,True,20.420009852923766,0.03296443828068357,0.0,optimization_expected_return,enforced,False,DGW,2,,,,0.0,,VN000000DGW9,Công ty Cổ phần Thế Giới Số,0.0,0.0,False,0.0,0.0,aur_candidate_not_selected_by_xy_qaoa
27,2024-07-30,TCB,0.8264309764309764,0.5631267428398132,0.5784511784511784,0.04170498901865253,0.039794346881845966,-0.0005425897651122316,26.905956247770646,484293152730.7158,0.014797837893229498,1.4399896270148447,1.8233529323172366,-0.5288174717406628,1.49349199787807,True,selected_by_signal_liquidity_risk_and_correlation,270,8,0.22837527334947103,0.4808326535021717,0.19725760591366703,full_budget_supported|retained_4_prior_candidates,True,20.176467271643467,0.0342360062961896,0.0,optimization_expected_return,enforced,False,TCB,2,,0.045142566093960425,0.04525538966722638,-0.00011282357326595355,2.820974393605383e-07,VN000000TCB8,Ngân hàng Thương mại Cổ phần Kỹ Thương Việt Nam,0.045142566093960425,0.04525538966722638,True,28.20974393605383,2.329654520816392e-08,selected_by_xy_qaoa_then_classical_weighting
27,2024-07-30,HDB,0.8287878787878787,0.5491066575050354,0.8202020202020202,0.03981163854008566,0.03982832542259271,0.002593287278119541,26.170058600748927,232012851330.52774,0.014405230221063237,1.4503099314958179,1.5082579598962356,-0.5692087793032758,1.3933955754575007,True,selected_by_signal_liquidity_risk_and_correlation,270,8,0.22837527334947103,0.4808326535021717,0.19725760591366703,full_budget_supported|retained_4_prior_candidates,True,20.176467271643467,0.0342360062961896,0.0,optimization_expected_return,enforced,False,HDB,2,,0.06489834765625,0.0,0.06489834765625,9.81150233518325e-05,VN000000HDB1,Ngân hàng Thương mại Cổ phần Phát triển Thành phố Hồ Chí Minh,0.06489834765625,0.0,True,9811.50233518325,2.7971876249128622e-05,selected_by_xy_qaoa_then_classical_weighting
27,2024-07-30,HPG,0.6627946127946129,0.5366137027740479,0.6107744107744109,0.03812452029124338,0.037435265338572346,-0.0003158494754862866,26.907224055002597,484907532467.3766,0.00771173293673941,0.7234656301929885,1.8238957791199184,-1.2578328858799475,1.3164247076511588,True,selected_by_signal_liquidity_risk_and_correlation,270,8,0.22837527334947103,0.4808326535021717,0.19725760591366703,full_budget_supported|retained_4_prior_candidates,True,20.176467271643467,0.0342360062961896,0.0,optimization_expected_return,enforced,False,HPG,2,,0.0,0.021189188531706368,-0.021189188531706368,5.45151741461705e-05,VN000000HPG4,Công ty Cổ phần Tập đoàn Hòa Phát,0.0,0.021189188531706368,False,5451.51741461705,4.369737963006777e-06,aur_candidate_not_selected_by_xy_qaoa
27,2024-07-30,ACB,0.6983585858585859,0.5384182333946228,0.6621212121212122,0.03836821416560084,0.0379479772480544,0.0002794778362913592,26.120083239259895,220702888771.41583,0.010601893567395944,0.8791916531648165,1.4868596238452285,-0.960494409802568,1.2161516910821417,True,selected_by_signal_liquidity_risk_and_correlation,270,8,0.22837527334947103,0.4808326535021717,0.19725760591366703,full_budget_supported|retained_4_prior_candidates,True,20.176467271643467,0.0342360062961896,0.0,optimization_expected_return,enforced,False,ACB,2,,0.037168140625,0.07452208347293421,-0.03735394284793421,9.372848284415952e-05,VN000000ACB8,Ngân hàng Thương mại Cổ phần Á Châu,0.037168140625,0.07452208347293421,True,9372.848284415952,1.6924990450225625e-05,selected_by_xy_qaoa_then_classical_weighting
27,2024-07-30,MBB,0.7696127946127945,0.545583963394165,0.7249158249158248,0.03933591429009722,0.03897522134598707,0.0014884338798906297,26.929493320817663,495827202450.36035,0.018170573125836614,1.1911965725628109,1.8334309824545567,-0.18183192926301914,1.145454262273672,True,selected_by_signal_liquidity_risk_and_correlation,270,8,0.22837527334947103,0.4808326535021717,0.19725760591366703,full_budget_supported|retained_4_prior_candidates,True,20.176467271643467,0.0342360062961896,0.0,optimization_expected_return,enforced,False,CTG,2,,,,0.0,,VN000000MBB5,Ngân hàng Thương mại Cổ phần Quân Đội,0.0,0.0,False,0.0,0.0,aur_candidate_not_selected_by_xy_qaoa
27,2024-07-30,HSG,0.7952020202020201,0.5575258135795593,0.5141414141414141,0.04094860830897056,0.03934413121695167,0.0001318662656635386,26.435346573940965,302499836504.9502,0.016743007832031274,1.303245592641949,1.62184835787464,-0.3286992294603141,1.138250046731951,True,selected_by_signal_liquidity_risk_and_correlation,270,8,0.22837527334947103,0.4808326535021717,0.19725760591366703,full_budget_supported|retained_4_prior_candidates,True,20.176467271643467,0.0342360062961896,0.0,optimization_expected_return,enforced,False,HSG,2,,,,0.0,,VN000000HSG8,Công ty Cổ phần Tập đoàn Hoa Sen,0.0,0.0,False,0.0,0.0,aur_candidate_not_selected_by_xy_qaoa
27,2024-07-30,DCM,0.898989898989899,0.5927227139472961,0.7676767676767677,0.04570179393973272,0.040840400529120593,0.001979019675819751,26.174003677740345,232929967750.0,0.028821356221648595,1.7577075721076643,1.5099471539449465,0.9139160306073131,1.0944771281327,True,selected_by_signal_liquidity_risk_and_correlation,270,8,0.22837527334947103,0.4808326535021717,0.19725760591366703,full_budget_supported|retained_4_prior_candidates,True,20.176467271643467,0.0342360062961896,0.0,optimization_expected_return,enforced,False,DCM,2,,,,0.0,,VN000000DCM9,Công ty Cổ phần - Tổng Công ty Phân bón Dầu khí Cà Mau,0.0,0.0,False,0.0,0.0,aur_candidate_not_selected_by_xy_qaoa
27,2024-07-30,DPM,0.8481481481481482,0.5768669843673706,0.6047138047138049,0.0435605478295032,0.040107434864440926,7.878952238237543e-05,25.459024088097248,113949828556.69853,0.018601108426765333,1.5350838611609559,1.2038088275187975,-0.1375386436519072,1.0559974306437476,True,selected_by_signal_liquidity_risk_and_correlation,270,8,0.22837527334947103,0.4808326535021717,0.19725760591366703,full_budget_supported|retained_4_prior_candidates,True,20.176467271643467,0.0342360062961896,0.0,optimization_expected_return,enforced,False,DCM,2,,0.06207280078125,0.0,0.06207280078125,9.413362619094278e-05,VN000000DPM1,Tổng Công ty Phân bón và Hóa chất Dầu khí - Công ty Cổ phần,0.06207280078125,0.0,True,9413.362619094278,5.447379918642366e-05,selected_by_xy_qaoa_then_classical_weighting
28,2024-08-30,MBB,0.8316275167785235,0.5298298001289368,0.8258389261744967,-0.015287874589573106,0.003317623350537681,0.0018609160952519999,26.52991540428664,332503227673.40265,0.01552517925090457,2.045775681180597,1.717803335338749,-0.6766086301449487,1.7210327343625431,True,selected_by_signal_liquidity_risk_and_correlation,269,7,0.17020570985837627,0.36444261927564237,0.2380439628176704,full_budget_supported|retained_1_prior_candidates,True,19.88731669402874,0.029858210000611018,0.0,optimization_expected_return,enforced,False,MBB,2,,0.0163702236328125,0.0,0.0163702236328125,2.4636556571843212e-05,VN000000MBB5,Ngân hàng Thương mại Cổ phần Quân Đội,0.0163702236328125,0.0,True,2463.655657184321,4.923327736503045e-06,selected_by_xy_qaoa_then_classical_weighting
28,2024-08-30,KDH,0.8201342281879195,0.5328578948974609,0.789261744966443,-0.014732062928824424,0.0025115655392352887,0.0011110977994010832,25.02328987371224,73701565224.56943,0.013667219019632935,1.9782498114544889,1.0934700209426593,-0.9177556447708606,1.3116777786273555,True,selected_by_signal_liquidity_risk_and_correlation,269,7,0.17020570985837627,0.36444261927564237,0.2380439628176704,full_budget_supported|retained_1_prior_candidates,True,19.88731669402874,0.029858210000611018,0.0,optimization_expected_return,enforced,False,KDH,2,,,,0.0,,VN000000KDH2,Công ty Cổ phần Đầu tư và Kinh doanh nhà Khang Điền,0.0,0.0,False,0.0,0.0,aur_candidate_not_selected_by_xy_qaoa
28,2024-08-30,LPB,0.7864513422818791,0.5147945880889893,0.896476510067114,-0.01804761192028574,0.0001492866250899505,0.003471569949188632,25.185046405883572,86641643250.0,0.019294636608840076,1.7803546530965868,1.1605006067161812,-0.18736597934628924,1.1464219704912415,True,selected_by_signal_liquidity_risk_and_correlation,269,7,0.17020570985837627,0.36444261927564237,0.2380439628176704,full_budget_supported|retained_1_prior_candidates,True,19.88731669402874,0.029858210000611018,0.0,optimization_expected_return,enforced,False,LPB,2,,,,0.0,,VN000000LPB7,Ngân hàng Thương mại Cổ phần Lộc Phát Việt Nam,0.0,0.0,False,0.0,0.0,aur_candidate_not_selected_by_xy_qaoa
28,2024-08-30,GVR,0.8202181208053692,0.553376317024231,0.7647651006711409,-0.01096587357545066,0.002517449172894426,0.0018868298906345676,25.226929501657064,90347528750.0,0.027777507566814505,1.9787427010145335,1.177856619521476,0.9136366000104875,1.0667014072367569,True,selected_by_signal_liquidity_risk_and_correlation,269,7,0.17020570985837627,0.36444261927564237,0.2380439628176704,full_budget_supported|retained_1_prior_candidates,True,19.88731669402874,0.029858210000611018,0.0,optimization_expected_return,enforced,False,GVR,2,,,,0.0,,VN000000GVR1,Tập đoàn Công nghiệp Cao su Việt Nam - Công ty Cổ phần,0.0,0.0,False,0.0,0.0,aur_candidate_not_selected_by_xy_qaoa
28,2024-08-30,TVB,0.8663590604026847,0.5312884449958801,0.8654362416107384,-0.015020137980281498,0.005753447685422276,0.0018257389111153918,21.24046291223717,1677319652.9989772,0.0146899596533809,2.2498319590390565,-0.4741025753774136,-0.7850128409078658,0.8517488083697078,True,selected_by_signal_liquidity_risk_and_correlation,269,7,0.17020570985837627,0.36444261927564237,0.2380439628176704,full_budget_supported|retained_1_prior_candidates,True,19.88731669402874,0.029858210000611018,0.0,optimization_expected_return,enforced,False,TVB,2,,0.08739338313360596,0.0,0.08739338313360596,0.000145195783442851,VN000000TVB8,Công ty Cổ phần Chứng khoán T-Cap,0.08739338313360596,0.0,True,14519.578344285099,0.005210299836250667,selected_by_xy_qaoa_then_classical_weighting
28,2024-08-30,ILB,0.8763842281879195,0.5343165397644043,0.8541946308724833,-0.014464326319532816,0.0064565419076896835,0.0015312726220361506,19.88754767465187,433563000.0,0.009496064955061351,2.308732261464384,-1.0347395997988527,-1.4591350205434728,0.7802042977376762,True,selected_by_signal_liquidity_risk_and_correlation,269,7,0.17020570985837627,0.36444261927564237,0.2380439628176704,full_budget_supported|retained_1_prior_candidates,True,19.88731669402874,0.029858210000611018,0.0,optimization_expected_return,enforced,False,ILB,2,,0.0346,0.0,0.0346,5.881151164383258e-05,VN000000ILB2,Công ty Cổ phần ICD Tân Cảng - Long Bình,0.0346,0.0,True,5881.151164383257,0.007980385780151904,selected_by_xy_qaoa_then_classical_weighting
28,2024-08-30,THG,0.8385067114093959,0.5285840630531311,0.8540268456375838,-0.01551653163166998,0.003800081310587275,0.002173967039458404,20.964681620295213,1273050237.375,0.013171471034017956,2.086192625104253,-0.5883840902943381,-0.9820994045164824,0.7758575291161552,True,selected_by_signal_liquidity_risk_and_correlation,269,7,0.17020570985837627,0.36444261927564237,0.2380439628176704,full_budget_supported|retained_1_prior_candidates,True,19.88731669402874,0.029858210000611018,0.0,optimization_expected_return,enforced,False,THG,2,,0.073,0.0,0.073,0.00012186079834137642,VN000000THG6,Công ty Cổ phần Đầu tư và Xây dựng Tiền Giang,0.073,0.0,True,12186.079834137641,0.005734259171933725,selected_by_xy_qaoa_then_classical_weighting
29,2024-09-27,GVR,0.9386325503355706,0.5915939807891846,0.7947986577181207,-0.012514932283858443,-0.016848406668396182,0.0021365634200970845,25.198710589888645,87833656000.0,0.012219509044845088,1.8358618377217455,1.271318886295873,-0.19182928419613846,1.4080807379216747,True,selected_by_signal_liquidity_risk_and_correlation,269,8,0.23704390254266508,0.49385009495808463,0.2385857583302193,liquidity_risk_threshold_relaxed_for_feasibility|retained_4_prior_candidates,True,19.748044757016796,0.02133254311886745,0.0,optimization_expected_return,insufficient_positive_defensive_topk,True,ADS,2,,,,0.0,,VN000000GVR1,Tập đoàn Công nghiệp Cao su Việt Nam - Công ty Cổ phần,0.0,0.0,False,0.0,0.0,aur_candidate_not_selected_by_xy_qaoa
29,2024-09-27,MBB,0.7942533557046979,0.5479175448417664,0.8414429530201342,-0.01990175671333093,-0.019945613103858287,0.002336659919852998,26.46840814788909,312668120758.07477,0.010128000101443805,1.226779751738635,1.8078004879144653,-0.4814876850842882,1.39566522422816,True,selected_by_signal_liquidity_risk_and_correlation,269,8,0.23704390254266508,0.49385009495808463,0.2385857583302193,liquidity_risk_threshold_relaxed_for_feasibility|retained_4_prior_candidates,True,19.748044757016796,0.02133254311886745,0.0,optimization_expected_return,insufficient_positive_defensive_topk,True,ACB,2,,0.0,0.016928777231277534,-0.016928777231277534,4.342325005232152e-05,VN000000MBB5,Ngân hàng Thương mại Cổ phần Quân Đội,0.0,0.016928777231277534,False,4342.325005232152,5.414295896311119e-06,aur_candidate_not_selected_by_xy_qaoa
29,2024-09-27,KDH,0.8057885906040269,0.5486543774604797,0.837248322147651,-0.019777139100417257,-0.019698160526940192,0.0019188108459811623,25.47291861261139,115544157816.74219,0.007911178127278137,1.2754426145060251,1.3871792014394535,-0.7885010067898599,1.3139649173246977,True,selected_by_signal_liquidity_risk_and_correlation,269,8,0.23704390254266508,0.49385009495808463,0.2385857583302193,liquidity_risk_threshold_relaxed_for_feasibility|retained_4_prior_candidates,True,19.748044757016796,0.02133254311886745,0.0,optimization_expected_return,insufficient_positive_defensive_topk,True,ADS,2,,0.06504132421875,0.0,0.06504132421875,9.865316298972623e-05,VN000000KDH2,Công ty Cổ phần Đầu tư và Kinh doanh nhà Khang Điền,0.06504132421875,0.0,True,9865.316298972622,5.629131359623412e-05,selected_by_xy_qaoa_then_classical_weighting
29,2024-09-27,ACB,0.8204278523489933,0.5490326285362244,0.8656040268456376,-0.01971316697846691,-0.01938412071114232,0.0021316967765372076,26.014166762897126,198522198666.12744,0.010651714355431278,1.3372002112544576,1.6158712019152788,-0.408957164088454,1.1617785797853986,True,selected_by_signal_liquidity_risk_and_correlation,269,8,0.23704390254266508,0.49385009495808463,0.2385857583302193,liquidity_risk_threshold_relaxed_for_feasibility|retained_4_prior_candidates,True,19.748044757016796,0.02133254311886745,0.0,optimization_expected_return,insufficient_positive_defensive_topk,True,ACB,2,,0.08003078125,0.0,0.08003078125,0.00012118240134336381,VN000000ACB8,Ngân hàng Thương mại Cổ phần Á Châu,0.08003078125,0.0,True,12118.240134336382,4.031326561348181e-05,selected_by_xy_qaoa_then_classical_weighting
29,2024-09-27,VPB,0.7326342281879195,0.5424305200576782,0.7862416107382549,-0.020829755709609363,-0.02126745977837712,0.001731785217077269,26.80255145284492,436717099500.0002,0.009902113772188427,0.9668315866284704,1.9489850828467736,-0.5127712581816151,1.145793102375001,True,selected_by_signal_liquidity_risk_and_correlation,269,8,0.23704390254266508,0.49385009495808463,0.2385857583302193,liquidity_risk_threshold_relaxed_for_feasibility|retained_4_prior_candidates,True,19.748044757016796,0.02133254311886745,0.0,optimization_expected_return,insufficient_positive_defensive_topk,True,VPB,2,,0.0196,0.0,0.0196,2.949284724265769e-05,VN000000VPB6,Ngân hàng Thương mại Cổ phần Việt Nam Thịnh Vượng,0.0196,0.0,True,2949.284724265769,4.488031272977437e-06,selected_by_xy_qaoa_then_classical_weighting
29,2024-09-27,STB,0.7864932885906041,0.5460128784179688,0.8708053691275167,-0.0202238854805738,-0.02011208120105773,0.003194786487769856,26.618168460898893,363181469000.0,0.014378684777115657,1.194042916786028,1.8710782756649031,0.10720046263769921,1.1164144938014724,True,selected_by_signal_liquidity_risk_and_correlation,269,8,0.23704390254266508,0.49385009495808463,0.2385857583302193,liquidity_risk_threshold_relaxed_for_feasibility|retained_4_prior_candidates,True,19.748044757016796,0.02133254311886745,0.0,optimization_expected_return,insufficient_positive_defensive_topk,True,STB,2,,,,0.0,,VN000000STB4,Ngân hàng Thương mại Cổ phần Sài Gòn Tài Lộc,0.0,0.0,False,0.0,0.0,aur_candidate_not_selected_by_xy_qaoa
29,2024-09-27,HDB,0.8248322147651006,0.5493015050888062,0.8731543624161076,-0.01966769294094438,-0.019289638818137233,0.003113399647733657,25.778486582461777,156839148060.74307,0.012267738763967086,1.3557805770383697,1.516289943470683,-0.18514982754822953,1.1007861851623213,True,selected_by_signal_liquidity_risk_and_correlation,269,8,0.23704390254266508,0.49385009495808463,0.2385857583302193,liquidity_risk_threshold_relaxed_for_feasibility|retained_4_prior_candidates,True,19.748044757016796,0.02133254311886745,0.0,optimization_expected_return,insufficient_positive_defensive_topk,True,HDB,2,,0.03636877734375,0.0,0.03636877734375,5.494477334946302e-05,VN000000HDB1,Ngân hàng Thương mại Cổ phần Phát triển Thành phố Hồ Chí Minh,0.03636877734375,0.0,True,5494.477334946302,2.318858384111124e-05,selected_by_xy_qaoa_then_classical_weighting
29,2024-09-27,LPB,0.7205536912751678,0.539648175239563,0.858724832214765,-0.021300322783772946,-0.021526610113476796,0.002757445271322648,24.903489251081147,65380458500.0,0.00864602162342895,0.9158682976211677,1.1465798760666543,-0.6867306592760922,1.0706598745632099,True,selected_by_signal_liquidity_risk_and_correlation,269,8,0.23704390254266508,0.49385009495808463,0.2385857583302193,liquidity_risk_threshold_relaxed_for_feasibility|retained_4_prior_candidates,True,19.748044757016796,0.02133254311886745,0.0,optimization_expected_return,insufficient_positive_defensive_topk,True,LPB,2,,,,0.0,,VN000000LPB7,Ngân hàng Thương mại Cổ phần Lộc Phát Việt Nam,0.0,0.0,False,0.0,0.0,aur_candidate_not_selected_by_xy_qaoa
30,2024-10-30,MBB,0.9489795918367347,0.5383852124214172,0.6137755102040817,0.008935336020552437,0.010638468521689759,0.0004200768477881406,26.51158214279867,326462897712.0753,0.009886568405060867,1.5521430052191039,1.756948605281461,-0.5613025687344,1.5199845992463128,True,selected_by_signal_liquidity_risk_and_correlation,265,8,0.2897150039759134,0.5755149403293874,0.20326636428558706,full_budget_supported|retained_4_prior_candidates,True,19.65437846299338,0.02368036938509662,0.0,optimization_expected_return,enforced,False,MBB,2,,,,0.0,,VN000000MBB5,Ngân hàng Thương mại Cổ phần Quân Đội,0.0,0.0,False,0.0,0.0,aur_candidate_not_selected_by_xy_qaoa
30,2024-10-30,VPB,0.8350340136054422,0.532325029373169,0.7581632653061224,0.007413851130077614,0.008286158486555856,0.001265107964557675,27.049588192296056,559096649500.0002,0.009467187785552724,1.1588407023795428,1.9764185399000151,-0.6179191495699445,1.447970642352314,True,selected_by_signal_liquidity_risk_and_correlation,265,8,0.2897150039759134,0.5755149403293874,0.20326636428558706,full_budget_supported|retained_4_prior_candidates,True,19.65437846299338,0.02368036938509662,0.0,optimization_expected_return,enforced,False,VPB,2,,0.06075,0.02022684237338702,0.040523157626612974,6.1028683998285257e-05,VN000000VPB6,Ngân hàng Thương mại Cổ phần Việt Nam Thịnh Vượng,0.06075,0.02022684237338702,True,6102.868399828526,7.247970035744769e-06,selected_by_xy_qaoa_then_classical_weighting
30,2024-10-30,ACB,0.8350340136054422,0.532325029373169,0.6047619047619048,0.007413851130077614,0.008286158486555856,0.000220718831034747,26.152850649202513,228054540314.08496,0.010447803363997208,1.1588407023795428,1.6106105157400585,-0.485535585373034,1.3000802992667928,True,selected_by_signal_liquidity_risk_and_correlation,265,8,0.2897150039759134,0.5755149403293874,0.20326636428558706,full_budget_supported|retained_4_prior_candidates,True,19.65437846299338,0.02368036938509662,0.0,optimization_expected_return,enforced,False,ACB,2,,0.0387841484375,0.07837398266838132,-0.03958983423088132,9.93434282543861e-05,VN000000ACB8,Ngân hàng Thương mại Cổ phần Á Châu,0.0387841484375,0.07837398266838132,True,9934.342825438609,1.735980970883402e-05,selected_by_xy_qaoa_then_classical_weighting
30,2024-10-30,HCM,0.9897959183673469,0.5470881462097168,0.4289115646258504,0.011120316598907748,0.011481087041737722,-0.00027731422875751344,26.367199685918493,282572131000.0,0.014835531624975239,1.6930274122064088,1.698050367239042,0.1068097930648519,1.2555071244565004,True,selected_by_signal_liquidity_risk_and_correlation,265,8,0.2897150039759134,0.5755149403293874,0.20326636428558706,full_budget_supported|retained_4_prior_candidates,True,19.65437846299338,0.02368036938509662,0.0,optimization_expected_return,enforced,False,AGR,2,,,,0.0,,VN000000HCM0,Công ty Cổ phần Chứng khoán Thành phố Hồ Chí Minh,0.0,0.0,False,0.0,0.0,aur_candidate_not_selected_by_xy_qaoa
30,2024-10-30,KDH,0.9047619047619048,0.534919798374176,0.49166666666666675,0.008065300401143088,0.009725631791637795,-0.0002291725324770286,25.31172614476876,98342895745.39697,0.012207018739993617,1.3995182309828562,1.2674888349214186,-0.24804068239194937,1.2406344869744312,True,selected_by_signal_liquidity_risk_and_correlation,265,8,0.2897150039759134,0.5755149403293874,0.20326636428558706,full_budget_supported|retained_4_prior_candidates,True,19.65437846299338,0.02368036938509662,0.0,optimization_expected_return,enforced,False,AGR,2,,0.091363634765625,0.061934615481002785,0.02942901928462221,4.450350794706751e-05,VN000000KDH2,Công ty Cổ phần Đầu tư và Kinh doanh nhà Khang Điền,0.091363634765625,0.061934615481002785,True,4450.350794706751,2.9924906178085223e-05,selected_by_xy_qaoa_then_classical_weighting
30,2024-10-30,HSG,0.9387755102040817,0.5371270179748535,0.49812925170068023,0.008619450539126355,0.010427813891677767,-0.00025105415346321274,25.925022187385043,181590899210.7412,0.011802448155394904,1.5169219034722774,1.5176719741269336,-0.30265790155071837,1.1833526375659456,True,selected_by_signal_liquidity_risk_and_correlation,265,8,0.2897150039759134,0.5755149403293874,0.20326636428558706,full_budget_supported|retained_4_prior_candidates,True,19.65437846299338,0.02368036938509662,0.0,optimization_expected_return,enforced,False,HPG,2,,,,0.0,,VN000000HSG8,Công ty Cổ phần Tập đoàn Hoa Sen,0.0,0.0,False,0.0,0.0,aur_candidate_not_selected_by_xy_qaoa
30,2024-10-30,HDB,0.7653061224489796,0.5303983688354492,0.7108843537414966,0.006930138860353013,0.006846685181473917,0.0010038809665900207,26.139159334353213,224953451235.2832,0.011688277517022954,0.9181631737762295,1.6050253889972923,-0.3180709914164642,1.1767348043720136,True,selected_by_signal_liquidity_risk_and_correlation,265,8,0.2897150039759134,0.5755149403293874,0.20326636428558706,full_budget_supported|retained_4_prior_candidates,True,19.65437846299338,0.02368036938509662,0.0,optimization_expected_return,enforced,False,HDB,2,,0.017541830078125,0.03531172515121104,-0.017769895073086038,4.4536415255671085e-05,VN000000HDB1,Ngân hàng Thương mại Cổ phần Phát triển Thành phố Hồ Chí Minh,0.017541830078125,0.03531172515121104,True,4453.641525567108,7.899365391153817e-06,selected_by_xy_qaoa_then_classical_weighting
30,2024-10-30,GVR,0.8860544217687075,0.5339788794517517,0.32176870748299324,0.007829070915625458,0.009339431636615814,-0.001461538289862235,25.32095074552418,99254266750.0,0.0154394844895791,1.3349462111136747,1.2712518456283906,0.1883437137782272,1.1506650733486725,True,selected_by_signal_liquidity_risk_and_correlation,265,8,0.2897150039759134,0.5755149403293874,0.20326636428558706,full_budget_supported|retained_4_prior_candidates,True,19.65437846299338,0.02368036938509662,0.0,optimization_expected_return,enforced,False,DPR,2,,,,0.0,,VN000000GVR1,Tập đoàn Công nghiệp Cao su Việt Nam - Công ty Cổ phần,0.0,0.0,False,0.0,0.0,aur_candidate_not_selected_by_xy_qaoa
31,2024-11-29,ACB,0.8949152542372881,0.5297054648399353,0.6935593220338984,-0.005321686445750633,0.0007052954314520701,0.00030380172575483343,25.725962354164363,148813897797.04248,0.00839023508772323,1.390026227707054,1.4822863497678216,-0.9059252197416231,1.4106994964628026,True,selected_by_signal_liquidity_risk_and_correlation,266,8,0.2910648248729745,0.6014999883527149,0.20924890919727857,full_budget_supported|retained_1_prior_candidates,True,19.7701026139557,0.02511355298188658,0.0,optimization_expected_return,enforced,False,ACB,2,,0.01935359765625,0.03909501455993478,-0.019741416903684784,4.95143217823879e-05,VN000000ACB8,Ngân hàng Thương mại Cổ phần Á Châu,0.01935359765625,0.03909501455993478,True,4951.43217823879,1.3265842233773629e-05,selected_by_xy_qaoa_then_classical_weighting
31,2024-11-29,TCB,0.9186440677966101,0.5302377939224243,0.6633898305084746,-0.005341502448920916,0.00102213226615527,0.00034547227310301556,26.963411255085052,512933095294.7042,0.011018764931018056,1.471550381543218,1.998532165179709,-0.5709044123503979,1.3737420722827451,True,selected_by_signal_liquidity_risk_and_correlation,266,8,0.2910648248729745,0.6014999883527149,0.20924890919727857,full_budget_supported|retained_1_prior_candidates,True,19.7701026139557,0.02511355298188658,0.0,optimization_expected_return,enforced,False,TCB,2,,,,0.0,,VN000000TCB8,Ngân hàng Thương mại Cổ phần Kỹ Thương Việt Nam,0.0,0.0,False,0.0,0.0,aur_candidate_not_selected_by_xy_qaoa
31,2024-11-29,VIB,0.9423728813559322,0.5317519903182983,0.7381355932203388,-0.00539786856072675,0.0013389691008584715,0.000697962710998767,25.688742689034694,143376903549.7169,0.009313813208050794,1.5530745353793822,1.4667588428461802,-0.7882100306406467,1.2528269137440131,True,selected_by_signal_liquidity_risk_and_correlation,266,8,0.2910648248729745,0.6014999883527149,0.20924890919727857,full_budget_supported|retained_1_prior_candidates,True,19.7701026139557,0.02511355298188658,0.0,optimization_expected_return,enforced,False,VIB,2,,0.049736841796875,0.0,0.049736841796875,7.526029498808375e-05,VN000000VIB1,Ngân hàng Thương mại Cổ phần Quốc tế Việt Nam,0.049736841796875,0.0,True,7526.029498808374,3.468957730673018e-05,selected_by_xy_qaoa_then_classical_weighting
31,2024-11-29,HPG,0.8542372881355932,0.528150200843811,0.5788135593220339,-0.005263791588430933,0.00016214657196086772,-2.815963142388411e-05,26.946317474508252,504239643177.21326,0.012748322374265006,1.2502705354164871,1.9914008867198254,-0.3504626576013711,1.2496679231587393,True,selected_by_signal_liquidity_risk_and_correlation,266,8,0.2910648248729745,0.6014999883527149,0.20924890919727857,full_budget_supported|retained_1_prior_candidates,True,19.7701026139557,0.02511355298188658,0.0,optimization_expected_return,enforced,False,HPG,2,,,,0.0,,VN000000HPG4,Công ty Cổ phần Tập đoàn Hòa Phát,0.0,0.0,False,0.0,0.0,aur_candidate_not_selected_by_xy_qaoa
31,2024-11-29,VPI,0.9457627118644067,0.531976580619812,0.6311864406779661,-0.005406228957092852,0.001384231505816071,1.6273361790097377e-05,24.96444707534775,69489887500.0,0.008791113701719946,1.5647208430702626,1.1645931700585044,-0.8548310017057692,1.161720597004447,True,selected_by_signal_liquidity_risk_and_correlation,266,8,0.2910648248729745,0.6014999883527149,0.20924890919727857,full_budget_supported|retained_1_prior_candidates,True,19.7701026139557,0.02511355298188658,0.0,optimization_expected_return,enforced,False,VPI,2,,0.0577,0.0,0.0577,8.772567671715565e-05,VN000000VPI1,Công ty Cổ phần Phát triển Bất động sản Văn Phú,0.0577,0.0,True,8772.567671715566,8.303366443066986e-05,selected_by_xy_qaoa_then_classical_weighting
31,2024-11-29,CTG,0.8610169491525423,0.5286792516708374,0.6889830508474577,-0.0052834855582147705,0.0002526713818760667,0.0006309129167545682,25.987444877090294,193287562303.75372,0.0136976227742335,1.2735631507982483,1.5913730830975128,-0.22946902031566885,1.1008261924507792,True,selected_by_signal_liquidity_risk_and_correlation,266,8,0.2910648248729745,0.6014999883527149,0.20924890919727857,full_budget_supported|retained_1_prior_candidates,True,19.7701026139557,0.02511355298188658,0.0,optimization_expected_return,enforced,False,CTG,2,,,,0.0,,VN000000CTG7,Ngân hàng Thương mại Cổ phần Công Thương Việt Nam,0.0,0.0,False,0.0,0.0,aur_candidate_not_selected_by_xy_qaoa
31,2024-11-29,LPB,0.9559322033898305,0.5328611135482788,0.6545762711864407,-0.0054391557835453234,0.0015200187206888729,0.0005978588881026504,24.28607566865629,35262138750.0,0.007576029554530358,1.5996597661429046,0.8815864133843668,-1.0097002618277948,1.0998741904158593,True,selected_by_signal_liquidity_risk_and_correlation,266,8,0.2910648248729745,0.6014999883527149,0.20924890919727857,full_budget_supported|retained_1_prior_candidates,True,19.7701026139557,0.02511355298188658,0.0,optimization_expected_return,enforced,False,LPB,2,,0.064,0.0,0.064,9.792797162629426e-05,VN000000LPB7,Ngân hàng Thương mại Cổ phần Lộc Phát Việt Nam,0.064,0.0,True,9792.797162629426,0.00018149778280252498,selected_by_xy_qaoa_then_classical_weighting
31,2024-11-29,TCM,0.8508474576271187,0.5280893445014954,0.7361016949152543,-0.005261526205020694,0.00011688416700326824,0.0003780250172511814,25.17957494858256,86168881725.12637,0.010645390705776348,1.2386242277256068,1.2543414127966888,-0.6184930424428583,1.0272431419355126,True,selected_by_signal_liquidity_risk_and_correlation,266,8,0.2910648248729745,0.6014999883527149,0.20924890919727857,full_budget_supported|retained_1_prior_candidates,True,19.7701026139557,0.02511355298188658,0.0,optimization_expected_return,enforced,False,TCM,2,,,,0.0,,VN000000TCM5,Công ty Cổ phần Dệt may - Đầu tư - Thương mại Thành Công,0.0,0.0,False,0.0,0.0,aur_candidate_not_selected_by_xy_qaoa
32,2024-12-30,CTG,0.8484848484848485,0.5476805567741394,0.8270202020202021,-0.006782074791660753,-0.003771918987520506,0.0029220960614350405,26.086884401776175,213496099851.01532,0.015017635458578734,1.2606160526263532,1.593611593799484,-0.1666814739105247,1.2870126999669393,True,selected_by_signal_liquidity_risk_and_correlation,267,8,0.2826672591397892,0.5672444321915467,0.2093315151406051,liquidity_risk_threshold_relaxed_for_feasibility|retained_4_prior_candidates,True,19.938655232280254,0.026212020423807426,0.0,optimization_expected_return,insufficient_positive_defensive_topk,True,CTG,2,,,,0.0,,VN000000CTG7,Ngân hàng Thương mại Cổ phần Công Thương Việt Nam,0.0,0.0,False,0.0,0.0,aur_candidate_not_selected_by_xy_qaoa
32,2024-12-30,KDH,0.9528619528619529,0.560379147529602,0.7644781144781144,-0.007261587297543504,-0.0033549718620556343,0.0016966205454337585,25.258315028434108,93228101219.62305,0.007392487301673859,1.6298739026312483,1.238825549561614,-1.0872199591411464,1.2486214972702363,True,selected_by_signal_liquidity_risk_and_correlation,267,8,0.2826672591397892,0.5672444321915467,0.2093315151406051,liquidity_risk_threshold_relaxed_for_feasibility|retained_4_prior_candidates,True,19.938655232280254,0.026212020423807426,0.0,optimization_expected_return,insufficient_positive_defensive_topk,True,KDH,2,,0.097636365234375,0.0,0.097636365234375,0.0001486887835550161,VN000000KDH2,Công ty Cổ phần Đầu tư và Kinh doanh nhà Khang Điền,0.097636365234375,0.0,True,14868.87835550161,0.00010472847130541374,selected_by_xy_qaoa_then_classical_weighting
32,2024-12-30,VIB,0.7845117845117845,0.5422509908676147,0.7534511784511784,-0.0065770485171843356,-0.004027467225708653,0.002109340272925723,25.815711830690507,162787552815.4576,0.010638755668499887,1.0342967252039978,1.4774979080941615,-0.695317414618903,1.235140570107391,True,selected_by_signal_liquidity_risk_and_correlation,267,8,0.2826672591397892,0.5672444321915467,0.2093315151406051,liquidity_risk_threshold_relaxed_for_feasibility|retained_4_prior_candidates,True,19.938655232280254,0.026212020423807426,0.0,optimization_expected_return,insufficient_positive_defensive_topk,True,VIB,2,,0.0351754375,0.05261928657367306,-0.017443849073673065,4.373730709757982e-05,VN000000VIB1,Ngân hàng Thương mại Cổ phần Quốc tế Việt Nam,0.0351754375,0.05261928657367306,True,4373.730709757982,1.0715714298775718e-05,selected_by_xy_qaoa_then_classical_weighting
32,2024-12-30,TCM,0.7744107744107744,0.5415430665016174,0.5308080808080808,-0.006550316528316294,-0.004067816947527834,0.000837693745773367,25.556222739783582,125581745215.3754,0.008266108791950885,0.998562094558363,1.3663869847994605,-0.9817528669907738,1.2249232125517724,True,selected_by_signal_liquidity_risk_and_correlation,267,8,0.2826672591397892,0.5672444321915467,0.2093315151406051,liquidity_risk_threshold_relaxed_for_feasibility|retained_4_prior_candidates,True,19.938655232280254,0.026212020423807426,0.0,optimization_expected_return,insufficient_positive_defensive_topk,True,TCM,2,,0.04186147265625,0.0,0.04186147265625,6.333264402346768e-05,VN000000TCM5,Công ty Cổ phần Dệt may - Đầu tư - Thương mại Thành Công,0.04186147265625,0.0,True,6333.264402346767,3.333404276589458e-05,selected_by_xy_qaoa_then_classical_weighting
32,2024-12-30,HPG,0.6902356902356902,0.5338844656944275,0.41380471380471384,-0.006261119487846939,-0.004404064629354344,0.00013543193294907497,26.9433873892377,502764340462.7894,0.013764317358021048,0.7007735058447375,1.9603585634270233,-0.3179870645769494,1.2141329592238956,True,selected_by_signal_liquidity_risk_and_correlation,267,8,0.2826672591397892,0.5672444321915467,0.2093315151406051,liquidity_risk_threshold_relaxed_for_feasibility|retained_4_prior_candidates,True,19.938655232280254,0.026212020423807426,0.0,optimization_expected_return,insufficient_positive_defensive_topk,True,AGR,2,,,,0.0,,VN000000HPG4,Công ty Cổ phần Tập đoàn Hòa Phát,0.0,0.0,False,0.0,0.0,aur_candidate_not_selected_by_xy_qaoa
32,2024-12-30,DPM,0.8922558922558923,0.5538561940193176,0.515993265993266,-0.007015273525904895,-0.003597070192970721,0.000586069615762358,25.49272610086013,117855613862.25235,0.006789140817114841,1.4154661187574382,1.3391982881485258,-1.1600583679873064,1.2089146035530554,True,selected_by_signal_liquidity_risk_and_correlation,267,8,0.2826672591397892,0.5672444321915467,0.2093315151406051,liquidity_risk_threshold_relaxed_for_feasibility|retained_4_prior_candidates,True,19.938655232280254,0.026212020423807426,0.0,optimization_expected_return,insufficient_positive_defensive_topk,True,AGR,2,,0.040978984375,0.0,0.040978984375,6.200879731853263e-05,VN000000DPM1,Tổng Công ty Phân bón và Hóa chất Dầu khí - Công ty Cổ phần,0.040978984375,0.0,True,6200.8797318532625,3.477049843624381e-05,selected_by_xy_qaoa_then_classical_weighting
32,2024-12-30,TCB,0.6464646464646465,0.5300490260124207,0.6739057239057239,-0.006116289141826842,-0.004578913423904129,0.0012518279499251729,26.830202298464812,448961196301.3418,0.01016083744337485,0.5459234397136528,1.9118937131513678,-0.753013620642431,1.2004842185848044,True,selected_by_signal_liquidity_risk_and_correlation,267,8,0.2826672591397892,0.5672444321915467,0.2093315151406051,liquidity_risk_threshold_relaxed_for_feasibility|retained_4_prior_candidates,True,19.938655232280254,0.026212020423807426,0.0,optimization_expected_return,insufficient_positive_defensive_topk,True,TCB,2,,,,0.0,,VN000000TCB8,Ngân hàng Thương mại Cổ phần Kỹ Thương Việt Nam,0.0,0.0,False,0.0,0.0,aur_candidate_not_selected_by_xy_qaoa
32,2024-12-30,DXG,0.98989898989899,0.5685151815414429,0.28973063973063967,-0.007568812731616716,-0.00320702288205197,-0.0019034053289626422,26.329929697137487,272234508973.14853,0.02469046859500606,1.7609008816652436,1.697681429936507,1.0010617594104245,1.1483895892323113,True,selected_by_signal_liquidity_risk_and_correlation,267,8,0.2826672591397892,0.5672444321915467,0.2093315151406051,liquidity_risk_threshold_relaxed_for_feasibility|retained_4_prior_candidates,True,19.938655232280254,0.026212020423807426,0.0,optimization_expected_return,insufficient_positive_defensive_topk,True,DIG,2,,,,0.0,,VN000000DXG7,Công ty Cổ phần Bluemarq Group,0.0,0.0,False,0.0,0.0,aur_candidate_not_selected_by_xy_qaoa
33,2025-01-30,HPG,0.9389830508474576,0.5692206621170044,0.5583050847457628,0.020796942004939298,0.022529380518444445,4.9639569330907394e-05,26.335491410211027,273752817485.1551,0.010814406083728925,1.5501175496401989,1.8801795445462688,-0.5772964289819139,1.5647043247945607,True,selected_by_signal_liquidity_risk_and_correlation,264,8,0.2870037654917507,0.5839042125509946,0.14932199738030535,full_budget_supported|retained_4_prior_candidates,True,19.570260623010512,0.025721543164058117,0.0,optimization_expected_return,enforced,False,AGR,2,,0.06034091015625,0.0,0.06034091015625,9.114483149439147e-05,VN000000HPG4,Công ty Cổ phần Tập đoàn Hòa Phát,0.06034091015625,0.0,True,9114.483149439147,2.204211474810561e-05,selected_by_xy_qaoa_then_classical_weighting
33,2025-01-30,CTG,0.8033898305084746,0.5485340356826782,0.7322033898305085,0.019517907563811082,0.020647628278113384,0.0012571262546054536,25.93116989686512,182710705899.56024,0.010126128692976568,1.0776735031093603,1.706474720141356,-0.6633662339306076,1.3278404883828097,True,selected_by_signal_liquidity_risk_and_correlation,264,8,0.2870037654917507,0.5839042125509946,0.14932199738030535,full_budget_supported|retained_4_prior_candidates,True,19.570260623010512,0.025721543164058117,0.0,optimization_expected_return,enforced,False,CTG,2,,,,0.0,,VN000000CTG7,Ngân hàng Thương mại Cổ phần Công Thương Việt Nam,0.0,0.0,False,0.0,0.0,aur_candidate_not_selected_by_xy_qaoa
33,2025-01-30,STB,0.911864406779661,0.5621640682220459,0.7401694915254238,0.020360639514663242,0.022153030070378235,0.002002040558722948,26.145147349620903,226304517000.0,0.012521211024334875,1.4556287403340311,1.798403827623091,-0.3638586925442265,1.2662716396833282,True,selected_by_signal_liquidity_risk_and_correlation,264,8,0.2870037654917507,0.5839042125509946,0.14932199738030535,full_budget_supported|retained_4_prior_candidates,True,19.570260623010512,0.025721543164058117,0.0,optimization_expected_return,enforced,False,STB,2,,,,0.0,,VN000000STB4,Ngân hàng Thương mại Cổ phần Sài Gòn Tài Lộc,0.0,0.0,False,0.0,0.0,aur_candidate_not_selected_by_xy_qaoa
33,2025-01-30,SHB,0.9050847457627119,0.5611482262611389,0.5637288135593221,0.020297830972203786,0.02205894245836168,-3.760571572665339e-05,24.94955200905075,68462501504.798294,0.004625711110735886,1.4320065380074896,1.2847515191559047,-1.3511991844250655,1.225145524571322,True,selected_by_signal_liquidity_risk_and_correlation,264,8,0.2870037654917507,0.5839042125509946,0.14932199738030535,full_budget_supported|retained_4_prior_candidates,True,19.570260623010512,0.025721543164058117,0.0,optimization_expected_return,enforced,False,SHB,2,,0.0985410234375,0.0,0.0985410234375,0.00015045506503351934,VN000000SHB9,Ngân hàng Thương mại Cổ phần Sài Gòn – Hà Nội,0.0985410234375,0.0,True,15045.506503351933,0.00014393430165649673,selected_by_xy_qaoa_then_classical_weighting
33,2025-01-30,TCB,0.6813559322033899,0.536885678768158,0.7291525423728813,0.01879770073243022,0.01895405126181543,0.001142260577838732,26.614440348776434,361830008526.1619,0.013413726967245616,0.6524738612316054,2.0000217364456314,-0.2522486438166978,1.1988344488211178,True,selected_by_signal_liquidity_risk_and_correlation,264,8,0.2870037654917507,0.5839042125509946,0.14932199738030535,full_budget_supported|retained_4_prior_candidates,True,19.570260623010512,0.025721543164058117,0.0,optimization_expected_return,enforced,False,TCB,2,,,,0.0,,VN000000TCB8,Ngân hàng Thương mại Cổ phần Kỹ Thương Việt Nam,0.0,0.0,False,0.0,0.0,aur_candidate_not_selected_by_xy_qaoa
33,2025-01-30,SSI,0.8440677966101695,0.5508266687393188,0.4088135593220339,0.01965965888559483,0.021212153950212705,-0.000214110706097212,26.184696949058317,235434116000.0,0.014092421257351473,1.219406717068612,1.8153951476463797,-0.16737721559013705,1.1482575708421983,True,selected_by_signal_liquidity_risk_and_correlation,264,8,0.2870037654917507,0.5839042125509946,0.14932199738030535,full_budget_supported|retained_4_prior_candidates,True,19.570260623010512,0.025721543164058117,0.0,optimization_expected_return,enforced,False,SSI,2,,,,0.0,,VN000000SSI1,Công ty Cổ phần Chứng khoán SSI,0.0,0.0,False,0.0,0.0,aur_candidate_not_selected_by_xy_qaoa
33,2025-01-30,VIB,0.7254237288135593,0.5407437086105347,0.8477966101694914,0.01903623904891049,0.019565620739923024,0.0021409090447326007,25.48352144338833,116775770722.81992,0.010495987801028102,0.806018176354128,1.5141557525879459,-0.6171149670486665,1.1449290290047323,True,selected_by_signal_liquidity_risk_and_correlation,264,8,0.2870037654917507,0.5839042125509946,0.14932199738030535,full_budget_supported|retained_4_prior_candidates,True,19.570260623010512,0.025721543164058117,0.0,optimization_expected_return,enforced,False,VIB,2,,0.01811403515625,0.03707231049487677,-0.01895827533862677,4.7566495820758296e-05,VN000000VIB1,Ngân hàng Thương mại Cổ phần Quốc tế Việt Nam,0.01811403515625,0.03707231049487677,True,4756.64958207583,1.623476789857916e-05,selected_by_xy_qaoa_then_classical_weighting
33,2025-01-30,VPI,0.8576271186440678,0.5542405247688293,0.5913559322033899,0.019870734357598896,0.021400329174245808,0.0002765483357918203,25.03651868775243,74683027000.0,0.006562709261495237,1.2666511217216958,1.3221141900856364,-1.1089755471796245,1.1357467472955947,True,selected_by_signal_liquidity_risk_and_correlation,264,8,0.2870037654917507,0.5839042125509946,0.14932199738030535,full_budget_supported|retained_4_prior_candidates,True,19.570260623010512,0.025721543164058117,0.0,optimization_expected_return,enforced,False,VPI,2,,0.059,0.0,0.059,8.967260586904565e-05,VN000000VPI1,Công ty Cổ phần Phát triển Bất động sản Văn Phú,0.059,0.0,True,8967.260586904566,7.900054720599367e-05,selected_by_xy_qaoa_then_classical_weighting
34,2025-02-27,VIB,0.9163879598662207,0.5517593026161194,0.48060200668896325,0.00750146393257662,0.00872196679583161,0.0011304172679969017,25.665525145413014,140086390662.87128,0.008066936529657159,1.445046975949475,1.4187373755451245,-0.9564067883068043,1.4180378900666042,True,selected_by_signal_liquidity_risk_and_correlation,267,8,0.2881353876877922,0.5743498727898543,0.13401771050333455,full_budget_supported|retained_4_prior_candidates,True,20.16383725916685,0.026960243109172395,0.0,optimization_expected_return,enforced,False,VIB,2,,0.23491228515625,0.017886821863147835,0.21702546329310218,0.0003315784192548251,VN000000VIB1,Ngân hàng Thương mại Cổ phần Quốc tế Việt Nam,0.23491228515625,0.017886821863147835,True,33157.84192548251,0.0001549225890296444,selected_by_xy_qaoa_then_classical_weighting
34,2025-02-27,STB,0.8528428093645485,0.5461730360984802,0.6431438127090302,0.006842621432839625,0.007660085146679462,0.00188424994142646,26.44925400429155,306736222250.0,0.010447652468836647,1.2245077668943702,1.770666334631257,-0.6648656213630458,1.4092661670831448,True,selected_by_signal_liquidity_risk_and_correlation,267,8,0.2881353876877922,0.5743498727898543,0.13401771050333455,full_budget_supported|retained_4_prior_candidates,True,20.16383725916685,0.026960243109172395,0.0,optimization_expected_return,enforced,False,STB,2,,,,0.0,,VN000000STB4,Ngân hàng Thương mại Cổ phần Sài Gòn Tài Lộc,0.0,0.0,False,0.0,0.0,aur_candidate_not_selected_by_xy_qaoa
34,2025-02-27,CTG,0.882943143812709,0.5492671728134155,0.7284280936454849,0.0072075429347692385,0.008163081717330479,0.0025418095100061392,26.361335754134434,280919996037.2419,0.012754135509595678,1.3289737080257356,1.7311871475221556,-0.38241497440739497,1.3948672310041579,True,selected_by_signal_liquidity_risk_and_correlation,267,8,0.2881353876877922,0.5743498727898543,0.13401771050333455,full_budget_supported|retained_4_prior_candidates,True,20.16383725916685,0.026960243109172395,0.0,optimization_expected_return,enforced,False,CTG,2,,,,0.0,,VN000000CTG7,Ngân hàng Thương mại Cổ phần Công Thương Việt Nam,0.0,0.0,False,0.0,0.0,aur_candidate_not_selected_by_xy_qaoa
34,2025-02-27,ACB,0.9832775919732442,0.5572912693023682,0.48110367892976585,0.008153902327436853,0.009839736952833873,0.0007290856021953278,25.805490881482246,161132183639.5573,0.005035729010855497,1.677193511796954,1.4815881883543582,-1.3276067969834822,1.3885742901903293,True,selected_by_signal_liquidity_risk_and_correlation,267,8,0.2881353876877922,0.5743498727898543,0.13401771050333455,full_budget_supported|retained_4_prior_candidates,True,20.16383725916685,0.026960243109172395,0.0,optimization_expected_return,enforced,False,ACB,2,,0.239630625,0.0,0.239630625,0.00036598036188197666,VN000000ACB8,Ngân hàng Thương mại Cổ phần Á Châu,0.239630625,0.0,True,36598.036188197664,0.00014871679858571198,selected_by_xy_qaoa_then_classical_weighting
34,2025-02-27,VCI,0.903010033444816,0.5502611398696899,0.7173913043478262,0.007324771093852635,0.008498412764431158,0.002250535602458585,26.38212467922257,286821147560.97217,0.005755258295224447,1.3986176687799792,1.740522295365578,-1.2394936358276705,1.3545539162640945,True,selected_by_signal_liquidity_risk_and_correlation,267,8,0.2881353876877922,0.5743498727898543,0.13401771050333455,full_budget_supported|retained_4_prior_candidates,True,20.16383725916685,0.026960243109172395,0.0,optimization_expected_return,enforced,False,AGR,2,,0.05422222265625,0.0,0.05422222265625,8.186049755593899e-05,VN000000VCI9,Công ty Cổ phần Chứng khoán Vietcap,0.05422222265625,0.0,True,8186.049755593899,1.8904541424974076e-05,selected_by_xy_qaoa_then_classical_weighting
34,2025-02-27,TCB,0.7090301003344481,0.5369637608528137,0.6593645484949835,0.005756482433838701,0.005256879309124601,0.002005008976912438,27.256987070033084,687953489436.677,0.010664291249386474,0.7253927148222906,2.133374245441933,-0.6383361552275196,1.3325884951177207,True,selected_by_signal_liquidity_risk_and_correlation,267,8,0.2881353876877922,0.5743498727898543,0.13401771050333455,full_budget_supported|retained_4_prior_candidates,True,20.16383725916685,0.026960243109172395,0.0,optimization_expected_return,enforced,False,ACB,2,,,,0.0,,VN000000TCB8,Ngân hàng Thương mại Cổ phần Kỹ Thương Việt Nam,0.0,0.0,False,0.0,0.0,aur_candidate_not_selected_by_xy_qaoa
34,2025-02-27,SHB,0.8060200668896321,0.5426521301269531,0.7144648829431438,0.006427366900264943,0.00687764603677788,0.0020902505900426563,25.897786768008597,176711936794.0166,0.00817753645225562,1.062005191801135,1.5230331280234544,-0.9428627825026689,1.2992930889040633,True,selected_by_signal_liquidity_risk_and_correlation,267,8,0.2881353876877922,0.5743498727898543,0.13401771050333455,full_budget_supported|retained_4_prior_candidates,True,20.16383725916685,0.026960243109172395,0.0,optimization_expected_return,enforced,False,SHB,2,,0.062566369140625,0.10538695847656283,-0.04282058933593784,0.00010752280978169964,VN000000SHB9,Ngân hàng Thương mại Cổ phần Sài Gòn – Hà Nội,0.062566369140625,0.10538695847656283,True,10752.280978169963,2.4231860118114965e-05,selected_by_xy_qaoa_then_classical_weighting
34,2025-02-27,HPG,0.7993311036789298,0.5420703887939453,0.5464882943143814,0.006358756512123066,0.006765869021077653,0.001574576433945261,27.050802254510202,559775839822.4437,0.01775178096896477,1.0387905382163873,2.0407881339515814,0.22959394493381874,1.2953529704295357,True,selected_by_signal_liquidity_risk_and_correlation,267,8,0.2881353876877922,0.5743498727898543,0.13401771050333455,full_budget_supported|retained_4_prior_candidates,True,20.16383725916685,0.026960243109172395,0.0,optimization_expected_return,enforced,False,AGR,2,,0.0,0.06384804331903146,-0.06384804331903146,0.00016768672447531032,VN000000HPG4,Công ty Cổ phần Tập đoàn Hòa Phát,0.0,0.06384804331903146,False,16768.672447531033,1.1406001970232143e-05,aur_candidate_not_selected_by_xy_qaoa
35,2025-03-28,ACB,0.9494949494949495,0.5607270002365112,0.6031986531986533,0.03837928629043856,0.039695258112249915,0.0002592259297061568,26.008450132058773,197390558210.31357,0.0059590174112552135,1.5334985341444538,1.411664422087317,-1.1948939391586242,1.486716052262136,True,selected_by_signal_liquidity_risk_and_correlation,267,8,0.29075308580935605,0.5834707194946315,0.129886786895632,full_budget_supported|retained_4_prior_candidates,True,20.291511613412837,0.023523702438551154,0.0,optimization_expected_return,enforced,False,ACB,2,,0.08003078125,0.23625654677792932,-0.15622576552792933,0.0003936721976787405,VN000000ACB8,Ngân hàng Thương mại Cổ phần Á Châu,0.08003078125,0.23625654677792932,True,39367.21976787405,7.914551078044755e-05,selected_by_xy_qaoa_then_classical_weighting
35,2025-03-28,CTG,0.8956228956228957,0.5465395450592041,0.709090909090909,0.0367483935374672,0.038819534047150994,0.00124296758003976,26.410601178061665,295106214624.4303,0.008677806237954406,1.3482139868733307,1.5827451669333954,-0.8105499360030626,1.4148288935764801,True,selected_by_signal_liquidity_risk_and_correlation,267,8,0.29075308580935605,0.5834707194946315,0.129886786895632,full_budget_supported|retained_4_prior_candidates,True,20.291511613412837,0.023523702438551154,0.0,optimization_expected_return,enforced,False,CTG,2,,0.0287617421875,0.0,0.0287617421875,4.3343392429754445e-05,VN000000CTG7,Ngân hàng Thương mại Cổ phần Công Thương Việt Nam,0.0287617421875,0.0,True,4334.339242975445,9.746233987008339e-06,selected_by_xy_qaoa_then_classical_weighting
35,2025-03-28,STB,0.8855218855218855,0.545373260974884,0.6139730639730641,0.03661432550079309,0.03865533578494494,0.0005418073578868552,26.583384710293686,350765838250.0,0.00935151187917196,1.3134731342599948,1.6562497261909088,-0.715310938199616,1.4123732986007584,True,selected_by_signal_liquidity_risk_and_correlation,267,8,0.29075308580935605,0.5834707194946315,0.129886786895632,full_budget_supported|retained_4_prior_candidates,True,20.291511613412837,0.023523702438551154,0.0,optimization_expected_return,enforced,False,STB,2,,0.03825,0.0,0.03825,5.765743825291617e-05,VN000000STB4,Ngân hàng Thương mại Cổ phần Sài Gòn Tài Lộc,0.03825,0.0,True,5765.743825291617,1.09047107297656e-05,selected_by_xy_qaoa_then_classical_weighting
35,2025-03-28,VCI,0.9326599326599326,0.5549626350402832,0.7301346801346801,0.037716654316873224,0.0394215943419065,0.0017712103488817135,26.60513295265771,358477937036.209,0.01336719741388066,1.4755971131222276,1.6655017361998627,-0.14762997722640628,1.395308949502804,True,selected_by_signal_liquidity_risk_and_correlation,267,8,0.29075308580935605,0.5834707194946315,0.129886786895632,full_budget_supported|retained_4_prior_candidates,True,20.291511613412837,0.023523702438551154,0.0,optimization_expected_return,enforced,False,AGR,2,,0.0,0.055851773163883955,-0.055851773163883955,0.0001462291520292984,VN000000VCI9,Công ty Cổ phần Chứng khoán Vietcap,0.0,0.055851773163883955,False,14622.91520292984,1.5580254011069726e-05,aur_candidate_not_selected_by_xy_qaoa
35,2025-03-28,VIB,0.7205387205387206,0.5269289612770081,0.4920875420875421,0.034494095034161426,0.035973430835579495,-0.0003226074323140214,26.220822308203065,244094750406.12363,0.007377271177953813,0.7460392082421801,1.5020105505892103,-0.9944012326893316,1.1732795609064952,True,selected_by_signal_liquidity_risk_and_correlation,267,8,0.29075308580935605,0.5834707194946315,0.129886786895632,full_budget_supported|retained_4_prior_candidates,True,20.291511613412837,0.023523702438551154,0.0,optimization_expected_return,enforced,False,VIB,2,,0.052631578125,0.2251771687328319,-0.1725455906078319,0.0004346078326213505,VN000000VIB1,Ngân hàng Thương mại Cổ phần Quốc tế Việt Nam,0.052631578125,0.2251771687328319,True,43460.783262135046,7.068795634512884e-05,selected_by_xy_qaoa_then_classical_weighting
35,2025-03-28,TPB,0.9057239057239057,0.547124445438385,0.05185185185185185,0.03681562968219469,0.03898373230935704,-0.003864417164979883,26.580322035603505,349693200004.45605,0.016964738174681724,1.382954839486666,1.6549468210451304,0.36093957548882816,1.0782723868371378,True,selected_by_signal_liquidity_risk_and_correlation,267,8,0.29075308580935605,0.5834707194946315,0.129886786895632,full_budget_supported|retained_4_prior_candidates,True,20.291511613412837,0.023523702438551154,0.0,optimization_expected_return,enforced,False,TPB,2,,,,0.0,,VN000000TPB0,Ngân hàng Thương mại Cổ phần Tiên Phong,0.0,0.0,False,0.0,0.0,aur_candidate_not_selected_by_xy_qaoa
35,2025-03-28,HCM,0.8585858585858586,0.5415617823600769,0.4557239057239057,0.036176184003723424,0.03821747375239548,0.0003708725369119902,26.52774321997478,331781753250.0,0.01446590796131357,1.2208308606244331,1.632579048959758,0.007690217546604241,1.0585814787536978,True,selected_by_signal_liquidity_risk_and_correlation,267,8,0.29075308580935605,0.5834707194946315,0.129886786895632,full_budget_supported|retained_4_prior_candidates,True,20.291511613412837,0.023523702438551154,0.0,optimization_expected_return,enforced,False,AGR,2,,,,0.0,,VN000000HCM0,Công ty Cổ phần Chứng khoán Thành phố Hồ Chí Minh,0.0,0.0,False,0.0,0.0,aur_candidate_not_selected_by_xy_qaoa
35,2025-03-28,PDR,0.9090909090909091,0.5471435189247131,0.34781144781144785,0.0368178222396504,0.03903846506342572,-0.00033910216775737606,25.9974889700602,195238743066.44296,0.01674004685242058,1.3945351236911112,1.4070013886879686,0.3291758866638265,1.0008881525176596,True,selected_by_signal_liquidity_risk_and_correlation,267,8,0.29075308580935605,0.5834707194946315,0.129886786895632,full_budget_supported|retained_4_prior_candidates,True,20.291511613412837,0.023523702438551154,0.0,optimization_expected_return,enforced,False,DIG,2,,,,0.0,,VN000000PDR0,Công ty Cổ phần Phát triển Bất động sản Phát Đạt,0.0,0.0,False,0.0,0.0,aur_candidate_not_selected_by_xy_qaoa
36,2025-04-29,HCM,0.9697986577181208,0.645301103591919,0.22718120805369127,0.02400507515713827,0.00864846292391605,-0.0034266321281318617,26.658325143937013,378062417250.0,0.03929350844185392,1.6479769710954904,1.7046411661118306,0.4072247098086171,1.3947314901060441,True,selected_by_signal_liquidity_risk_and_correlation,276,8,0.2889197886879035,0.587700321015837,0.37439425294221695,full_budget_supported|retained_2_prior_candidates,True,20.51556137086595,0.044667177473312246,0.0,optimization_expected_return,enforced,False,AAA,2,,0.02525,0.0,0.02525,3.8020913448772905e-05,VN000000HCM0,Công ty Cổ phần Chứng khoán Thành phố Hồ Chí Minh,0.02525,0.0,True,3802.0913448772903,6.678791344473424e-06,selected_by_xy_qaoa_then_classical_weighting
36,2025-04-29,PDR,0.9932885906040269,0.7130155563354492,0.14781879194630876,0.032401325538092766,0.008712222016031456,-0.004452604132648659,25.538680759940807,123398002357.1209,0.0392943258140229,1.7292795810430528,1.218526822099456,0.4073231804304769,1.2570977430874593,True,selected_by_signal_liquidity_risk_and_correlation,276,8,0.2889197886879035,0.587700321015837,0.37439425294221695,full_budget_supported|retained_2_prior_candidates,True,20.51556137086595,0.044667177473312246,0.0,optimization_expected_return,enforced,False,AAA,2,,,,0.0,,VN000000PDR0,Công ty Cổ phần Phát triển Bất động sản Phát Đạt,0.0,0.0,False,0.0,0.0,aur_candidate_not_selected_by_xy_qaoa
36,2025-04-29,KOS,0.6073825503355704,0.5032997131347656,0.7322147651006711,0.0063976194306964995,0.007664751216992652,-0.00011310305468827673,23.334756109373398,13619332250.0,0.001853539393610062,0.39359384619024357,0.26165212056305504,-4.103250658073039,0.8645033793841225,True,selected_by_signal_liquidity_risk_and_correlation,276,8,0.2889197886879035,0.587700321015837,0.37439425294221695,full_budget_supported|retained_2_prior_candidates,True,20.51556137086595,0.044667177473312246,0.0,optimization_expected_return,enforced,False,KOS,2,,0.0773,0.0,0.0773,0.0001200679051175824,VN000000KOS6,Công ty Cổ phần KOSY,0.0773,0.0,True,12006.790511758241,0.0005675755505560854,selected_by_xy_qaoa_then_classical_weighting
36,2025-04-29,TDM,0.8087248322147651,0.5332801342010498,0.737751677852349,0.010115040329782422,0.008211257720838984,0.00015571146175921195,21.715514144060563,2697292000.0,0.0118570902741132,1.090473360026492,-0.44137176542825246,-2.898100894735383,0.7164243603210159,True,selected_by_signal_liquidity_risk_and_correlation,276,8,0.2889197886879035,0.587700321015837,0.37439425294221695,full_budget_supported|retained_2_prior_candidates,True,20.51556137086595,0.044667177473312246,0.0,optimization_expected_return,enforced,False,TDM,2,,0.0526,0.0,0.0526,8.409397238478143e-05,VN000000TDM3,Công ty Cổ phần Nước Thủ Dầu Một,0.0526,0.0,True,8409.397238478143,0.0019501040302644281,selected_by_xy_qaoa_then_classical_weighting
36,2025-04-29,IJC,0.785234899328859,0.5275964140892029,0.2645973154362416,0.00941028772201815,0.008147498628723578,-0.003562505944153295,24.197345683618405,32268123250.0,0.035540101572772965,1.0091707500789295,0.6361613585225299,-0.04495646605754043,0.6330682454230884,True,selected_by_signal_liquidity_risk_and_correlation,276,8,0.2889197886879035,0.587700321015837,0.37439425294221695,full_budget_supported|retained_2_prior_candidates,True,20.51556137086595,0.044667177473312246,0.0,optimization_expected_return,enforced,False,IJC,2,,,,0.0,,VN000000IJC4,Công ty Cổ phần Phát triển Hạ tầng Kỹ thuật,0.0,0.0,False,0.0,0.0,aur_candidate_not_selected_by_xy_qaoa
36,2025-04-29,BVH,0.8322147651006712,0.5450029969215393,0.44228187919463086,0.011568616141073178,0.00827501681295439,-0.001809920377510032,24.31053670037117,36135323000.0,0.04066215639996612,1.1717759699740542,0.6853053346307961,0.572108737741759,0.6227509444491365,True,selected_by_signal_liquidity_risk_and_correlation,276,8,0.2889197886879035,0.587700321015837,0.37439425294221695,full_budget_supported|retained_2_prior_candidates,True,20.51556137086595,0.044667177473312246,0.0,optimization_expected_return,enforced,False,BMI,2,,,,0.0,,VN000000BVH3,Tập đoàn Bảo Việt,0.0,0.0,False,0.0,0.0,aur_candidate_not_selected_by_xy_qaoa
36,2025-04-29,TLG,0.8590604026845637,0.5606288909912109,0.22416107382550335,0.013506148140809686,0.008347884346800567,-0.003805519846109089,23.856367225189864,22945030754.421875,0.039983603652965716,1.2646932384855538,0.48811924621385727,0.4903619967866588,0.6031647320510728,True,selected_by_signal_liquidity_risk_and_correlation,276,8,0.2889197886879035,0.587700321015837,0.37439425294221695,full_budget_supported|retained_2_prior_candidates,True,20.51556137086595,0.044667177473312246,0.0,optimization_expected_return,enforced,False,TLG,2,,,,0.0,,VN000000TLG8,Công ty Cổ phần Tập đoàn Thiên Long,0.0,0.0,False,0.0,0.0,aur_candidate_not_selected_by_xy_qaoa
36,2025-04-29,ACC,0.5671140939597316,0.49855631589889526,0.6629194630872484,0.005809462113682669,0.007555449916223386,-0.0006337302717282307,22.14028185572545,4124793750.0,0.004699207374131595,0.25421794342299414,-0.25695099713338454,-3.7604267814086976,0.5758183455838177,True,selected_by_signal_liquidity_risk_and_correlation,276,8,0.2889197886879035,0.587700321015837,0.37439425294221695,full_budget_supported|retained_2_prior_candidates,True,20.51556137086595,0.044667177473312246,0.0,optimization_expected_return,enforced,False,ACC,2,,0.0705,0.0,0.0705,0.0001122672976925261,VN000000ACC6,Công ty Cổ phần Đầu tư và Xây dựng Bình Dương ACC,0.0705,0.0,True,11226.72976925261,0.0017091763679093043,selected_by_xy_qaoa_then_classical_weighting
37,2025-05-30,VIC,0.9194188963210703,0.5226059556007385,0.9494147157190637,-0.04822809382406118,-0.02713466805514523,0.012903993303701369,26.981422372326463,522255293000.0,0.025883678009173145,2.568083823391521,1.8339648634970824,0.8092591261498583,1.5477323626581085,True,selected_by_signal_liquidity_risk_and_correlation,271,8,0.16088921689677174,0.32399983736008,0.35859762346243024,liquidity_risk_threshold_relaxed_for_feasibility|retained_4_prior_candidates,True,20.021004247889966,0.028995617244458705,0.0,optimization_expected_return,insufficient_positive_defensive_topk,True,VIC,2,,0.0485,0.0,0.0485,7.30804883729321e-05,VN000000VIC9,Tập đoàn Vingroup - Công ty Cổ phần,0.0485,0.0,True,7308.0488372932095,9.286645946927722e-06,selected_by_xy_qaoa_then_classical_weighting
37,2025-05-30,HVN,0.8823160535117056,0.5262688994407654,0.8954849498327758,-0.04726280326662333,-0.029306645467636054,0.007417674929256431,25.313529404313794,98520393500.0,0.02489736001008889,2.3374727014980023,1.154436611406068,0.7074085829839069,1.2329306071437387,True,selected_by_signal_liquidity_risk_and_correlation,271,8,0.16088921689677174,0.32399983736008,0.35859762346243024,liquidity_risk_threshold_relaxed_for_feasibility|retained_4_prior_candidates,True,20.021004247889966,0.028995617244458705,0.0,optimization_expected_return,insufficient_positive_defensive_topk,True,HVN,2,,0.03955,0.0,0.03955,5.9885327148471155e-05,VN000000HVN8,Tổng Công ty Hàng không Việt Nam - CTCP,0.03955,0.0,True,5988.532714847115,4.0143972831371204e-05,selected_by_xy_qaoa_then_classical_weighting
37,2025-05-30,SBT,0.8257316053511706,0.5584747195243835,0.7810200668896322,-0.03877564774937381,-0.032619063977840354,0.003967365253776235,24.139207087050632,30445592861.587303,0.009294985011836124,1.9857745003905383,0.6759975227203457,-0.9037455982500437,1.1664707728458428,True,selected_by_signal_liquidity_risk_and_correlation,271,8,0.16088921689677174,0.32399983736008,0.35859762346243024,liquidity_risk_threshold_relaxed_for_feasibility|retained_4_prior_candidates,True,20.021004247889966,0.028995617244458705,0.0,optimization_expected_return,insufficient_positive_defensive_topk,True,SBT,2,,0.08537736328125,0.0,0.08537736328125,0.00013126300263593512,VN000000SBT4,Công ty Cổ phần Thành Thành Công - Biên Hòa,0.08537736328125,0.0,True,13126.300263593512,0.0002804260165646805,selected_by_xy_qaoa_then_classical_weighting
37,2025-05-30,SHB,0.6515259197324416,0.44436758756637573,0.8029264214046823,-0.06884614345606549,-0.04281695679795216,0.004201123192083138,27.621048489057365,990076934880.7239,0.016197029600656478,0.9030065624409207,2.094559533196902,-0.19101705534639093,1.1229510198972426,True,selected_by_signal_liquidity_risk_and_correlation,271,8,0.16088921689677174,0.32399983736008,0.35859762346243024,liquidity_risk_threshold_relaxed_for_feasibility|retained_4_prior_candidates,True,20.021004247889966,0.028995617244458705,0.0,optimization_expected_return,insufficient_positive_defensive_topk,True,SHB,2,,,,0.0,,VN000000SHB9,Ngân hàng Thương mại Cổ phần Sài Gòn – Hà Nội,0.0,0.0,False,0.0,0.0,aur_candidate_not_selected_by_xy_qaoa
37,2025-05-30,BVH,0.6395484949832776,0.49659568071365356,0.6331103678929766,-0.05508254582807606,-0.043518107816181595,0.0024730090300955033,24.104781430045094,29415319000.0,0.016418789506544795,0.8285613946409285,0.6619719185714585,-0.16811737503220664,0.7883323356112129,True,selected_by_signal_liquidity_risk_and_correlation,271,8,0.16088921689677174,0.32399983736008,0.35859762346243024,liquidity_risk_threshold_relaxed_for_feasibility|retained_4_prior_candidates,True,20.021004247889966,0.028995617244458705,0.0,optimization_expected_return,insufficient_positive_defensive_topk,True,BVH,2,,,,0.0,,VN000000BVH3,Tập đoàn Bảo Việt,0.0,0.0,False,0.0,0.0,aur_candidate_not_selected_by_xy_qaoa
37,2025-05-30,KOS,0.4626045150501673,0.4788910150527954,0.44958193979933114,-0.05974823204424676,-0.05387629868758145,-0.00010101711384916351,23.375816277365036,14190183750.0,0.0009379156059532123,-0.2712262937132243,0.3649789906462559,-1.7667249406680032,0.48426087034110027,True,selected_by_signal_liquidity_risk_and_correlation,271,8,0.16088921689677174,0.32399983736008,0.35859762346243024,liquidity_risk_threshold_relaxed_for_feasibility|retained_4_prior_candidates,True,20.021004247889966,0.028995617244458705,0.0,optimization_expected_return,insufficient_positive_defensive_topk,True,KOS,2,,0.0386,0.07704782499627363,-0.03844782499627363,9.753470004935967e-05,VN000000KOS6,Công ty Cổ phần KOSY,0.0386,0.07704782499627363,True,9753.470004935967,0.00027094663235966647,selected_by_xy_qaoa_then_classical_weighting
37,2025-05-30,PDR,0.35267558528428095,0.3797590732574463,0.46020066889632105,-0.08587233646262846,-0.06031147007478665,0.00045910000988531603,25.62292494435279,134244009094.5123,0.0191637787820455,-0.9544848233121016,1.280489670301066,0.1153395313144605,0.2490765255833633,True,selected_by_signal_liquidity_risk_and_correlation,271,8,0.16088921689677174,0.32399983736008,0.35859762346243024,liquidity_risk_threshold_relaxed_for_feasibility|retained_4_prior_candidates,True,20.021004247889966,0.028995617244458705,0.0,optimization_expected_return,insufficient_positive_defensive_topk,True,AAA,2,,,,0.0,,VN000000PDR0,Công ty Cổ phần Phát triển Bất động sản Phát Đạt,0.0,0.0,False,0.0,0.0,aur_candidate_not_selected_by_xy_qaoa
37,2025-05-30,HCM,0.2740384615384615,0.4503515064716339,0.28846153846153844,-0.06726920952860531,-0.06491483854002071,-0.000685750177813151,26.169466538773463,231875526000.0,0.012549985063287267,-1.4432504799675447,1.503160106278883,-0.5676232487103411,0.23394933251714237,True,selected_by_signal_liquidity_risk_and_correlation,271,8,0.16088921689677174,0.32399983736008,0.35859762346243024,liquidity_risk_threshold_relaxed_for_feasibility|retained_4_prior_candidates,True,20.021004247889966,0.028995617244458705,0.0,optimization_expected_return,insufficient_positive_defensive_topk,True,AAA,2,,0.0,0.026289774349408518,-0.026289774349408518,6.78557638813753e-05,VN000000HCM0,Công ty Cổ phần Chứng khoán Thành phố Hồ Chí Minh,0.0,0.026289774349408518,False,6785.576388137531,1.1337882355643052e-05,aur_candidate_not_selected_by_xy_qaoa
38,2025-06-27,SHB,0.9393939393939394,0.5385618209838867,0.6449494949494949,0.0430134700279976,0.04532355497830025,0.001733618682985262,27.313482759345558,727938758994.4021,0.008397540165344828,1.5396119410777684,1.9714339094123152,-0.8820524857430581,1.6381545175868764,True,selected_by_signal_liquidity_risk_and_correlation,268,8,0.2879100573796362,0.5836811402155536,0.3433192839663979,full_budget_supported|retained_4_prior_candidates,True,20.20522097238549,0.02821917684961823,0.0,optimization_expected_return,enforced,False,SHB,2,,0.04619469140625,0.0,0.04619469140625,6.955224812965662e-05,VN000000SHB9,Ngân hàng Thương mại Cổ phần Sài Gòn – Hà Nội,0.04619469140625,0.0,True,6955.224812965662,6.345958480087642e-06,selected_by_xy_qaoa_then_classical_weighting
38,2025-06-27,BAF,0.9730639730639731,0.5398699045181274,0.6868686868686869,0.04331672228527629,0.04609859902197255,0.0012040960033001201,25.76951644865195,155438570989.12335,0.009401747128774356,1.6565583026476236,1.3222427414290767,-0.7791913019909081,1.2422869758578625,True,selected_by_signal_liquidity_risk_and_correlation,268,8,0.2879100573796362,0.5836811402155536,0.3433192839663979,full_budget_supported|retained_4_prior_candidates,True,20.20522097238549,0.02821917684961823,0.0,optimization_expected_return,enforced,False,BAF,2,,0.087892564453125,0.0,0.087892564453125,0.00013331670842968495,VN000000BAF1,Công ty Cổ phần Nông nghiệp BAF Việt Nam,0.087892564453125,0.0,True,13331.670842968495,5.6544887085506715e-05,selected_by_xy_qaoa_then_classical_weighting
38,2025-06-27,STB,0.8434343434343434,0.5276629328727722,0.8942760942760942,0.04048678703336611,0.04311467945383418,0.004156214424400696,26.754178742570943,416094711250.0,0.014559617383097785,1.2063148106036805,1.7362634750622856,-0.2508692933605206,1.1278485345173503,True,selected_by_signal_liquidity_risk_and_correlation,268,8,0.2879100573796362,0.5836811402155536,0.3433192839663979,full_budget_supported|retained_4_prior_candidates,True,20.20522097238549,0.02821917684961823,0.0,optimization_expected_return,enforced,False,STB,2,,,,0.0,,VN000000STB4,Ngân hàng Thương mại Cổ phần Sài Gòn Tài Lộc,0.0,0.0,False,0.0,0.0,aur_candidate_not_selected_by_xy_qaoa
38,2025-06-27,VNM,0.7878787878787878,0.5233375430107117,0.603030303030303,0.03948403437656302,0.04183585678177487,0.0004363551778037877,26.026165662975814,200918595000.0,0.009608715688095435,1.0133533140134192,1.4301559789491627,-0.7579914579482641,1.0195946369298143,True,selected_by_signal_liquidity_risk_and_correlation,268,8,0.2879100573796362,0.5836811402155536,0.3433192839663979,full_budget_supported|retained_4_prior_candidates,True,20.20522097238549,0.02821917684961823,0.0,optimization_expected_return,enforced,False,VNM,2,,0.0568,0.0,0.0568,8.587530107251823e-05,VN000000VNM8,Công ty Cổ phần Sữa Việt Nam,0.0568,0.0,True,8587.530107251823,2.8270155880793413e-05,selected_by_xy_qaoa_then_classical_weighting
38,2025-06-27,ACB,0.7070707070707071,0.5169674158096313,0.5097643097643098,0.03800725143242073,0.039975751076961344,0.0009681414189690116,25.753683934914598,152996967045.15155,0.004394865021196897,0.7326820462457665,1.3155856479328825,-1.292047554982843,0.9473349285222419,True,selected_by_signal_liquidity_risk_and_correlation,268,8,0.2879100573796362,0.5836811402155536,0.3433192839663979,full_budget_supported|retained_4_prior_candidates,True,20.20522097238549,0.02821917684961823,0.0,optimization_expected_return,enforced,False,ACB,2,,,,0.0,,VN000000ACB8,Ngân hàng Thương mại Cổ phần Á Châu,0.0,0.0,False,0.0,0.0,aur_candidate_not_selected_by_xy_qaoa
38,2025-06-27,KOS,0.6734006734006734,0.5154784321784973,0.6139730639730641,0.03766206120918737,0.03920070703328904,6.247316647991659e-05,23.38712861257705,14351619250.0,0.001990052091091447,0.6157356846759113,0.3205206629235426,-1.5383731767932536,0.7892324824125925,True,selected_by_signal_liquidity_risk_and_correlation,268,8,0.2879100573796362,0.5836811402155536,0.3433192839663979,full_budget_supported|retained_4_prior_candidates,True,20.20522097238549,0.02821917684961823,0.0,optimization_expected_return,enforced,False,KOS,2,,0.0388,0.038706993973046146,9.300602695385546e-05,1.396764580605046e-07,VN000000KOS6,Công ty Cổ phần KOSY,0.0388,0.038706993973046146,True,13.96764580605046,6.480524973086605e-07,selected_by_xy_qaoa_then_classical_weighting
38,2025-06-27,PDR,0.49158249158249157,0.502869725227356,0.4956228956228955,0.03473899189120326,0.0350154691974586,0.0005975559005034183,26.010319635811022,197759925758.97772,0.01710376647979277,-0.01577466780130753,1.4234932034651668,0.009728568692020342,0.6904534687884822,True,selected_by_signal_liquidity_risk_and_correlation,268,8,0.2879100573796362,0.5836811402155536,0.3433192839663979,full_budget_supported|retained_4_prior_candidates,True,20.20522097238549,0.02821917684961823,0.0,optimization_expected_return,enforced,False,AAA,2,,,,0.0,,VN000000PDR0,Công ty Cổ phần Phát triển Bất động sản Phát Đạt,0.0,0.0,False,0.0,0.0,aur_candidate_not_selected_by_xy_qaoa
38,2025-06-27,BVH,0.6094276094276094,0.5100870728492737,0.6309764309764309,0.036412185460742416,0.037728123350311664,0.002000171508362963,23.894863621850906,23845554000.0,0.02069343346985403,0.39353759769318614,0.5340078882687624,0.37741910393060624,0.4877049343817504,True,selected_by_signal_liquidity_risk_and_correlation,268,8,0.2879100573796362,0.5836811402155536,0.3433192839663979,full_budget_supported|retained_4_prior_candidates,True,20.20522097238549,0.02821917684961823,0.0,optimization_expected_return,enforced,False,AAA,2,,,,0.0,,VN000000BVH3,Tập đoàn Bảo Việt,0.0,0.0,False,0.0,0.0,aur_candidate_not_selected_by_xy_qaoa
39,2025-07-30,CTG,0.9931740614334471,0.5435050129890442,0.5213310580204779,0.041174964784800275,0.03244712254445706,0.002938563925957083,26.565984106766408,344715096913.2294,0.011928860128063903,1.779721627686722,1.4502894440507048,-0.8013027399025573,1.339685367477819,True,selected_by_signal_liquidity_risk_and_correlation,259,8,0.2873733959318201,0.6237067037617818,0.3318392189073198,full_budget_supported|retained_4_prior_candidates,True,20.815816227146165,0.03371610008381491,0.0,optimization_expected_return,enforced,False,AAA,2,,,,0.0,,VN000000CTG7,Ngân hàng Thương mại Cổ phần Công Thương Việt Nam,0.0,0.0,False,0.0,0.0,aur_candidate_not_selected_by_xy_qaoa
39,2025-07-30,STB,0.8020477815699659,0.5249302983283997,0.5114334470989761,0.03694663983576771,0.03143109099598547,0.003086295711576085,26.917247726143952,489792528000.0,0.011736210155597015,1.1146416913791828,1.5999143561926161,-0.8208206946043626,1.3289498054097433,True,selected_by_signal_liquidity_risk_and_correlation,259,8,0.2873733959318201,0.6237067037617818,0.3318392189073198,full_budget_supported|retained_4_prior_candidates,True,20.815816227146165,0.03371610008381491,0.0,optimization_expected_return,enforced,False,STB,2,,0.0982,0.0,0.0982,0.00014828320970364407,VN000000STB4,Ngân hàng Thương mại Cổ phần Sài Gòn Tài Lộc,0.0982,0.0,True,14828.320970364408,2.0049305447958976e-05,selected_by_xy_qaoa_then_classical_weighting
39,2025-07-30,BAF,0.8805460750853242,0.5344253182411194,0.27030716723549486,0.03910807436232752,0.03184838966767916,0.0006671400664924615,25.47975651377046,116336944757.76054,0.010053095894339116,1.3877995223626363,0.9875978950194011,-0.9913421200088762,1.2494803902031764,True,selected_by_signal_liquidity_risk_and_correlation,259,8,0.2873733959318201,0.6237067037617818,0.3318392189073198,full_budget_supported|retained_4_prior_candidates,True,20.815816227146165,0.03371610008381491,0.0,optimization_expected_return,enforced,False,BAF,2,,0.115206609375,0.08581609793465295,0.02939051144034706,4.441608869731101e-05,VN000000BAF1,Công ty Cổ phần Nông nghiệp BAF Việt Nam,0.115206609375,0.08581609793465295,True,4441.608869731101,2.5263265681890356e-05,selected_by_xy_qaoa_then_classical_weighting
39,2025-07-30,ACB,0.7508532423208191,0.5213958621025085,0.5651877133105802,0.036142065168122114,0.03115893968835915,0.003341594520325647,26.485733225010062,318132317199.5635,0.01126551782354347,0.9364952798682344,1.4161056274818782,-0.8685079664885419,1.2005112765392325,True,selected_by_signal_liquidity_risk_and_correlation,259,8,0.2873733959318201,0.6237067037617818,0.3318392189073198,full_budget_supported|retained_4_prior_candidates,True,20.815816227146165,0.03371610008381491,0.0,optimization_expected_return,enforced,False,ACB,2,,,,0.0,,VN000000ACB8,Ngân hàng Thương mại Cổ phần Á Châu,0.0,0.0,False,0.0,0.0,aur_candidate_not_selected_by_xy_qaoa
39,2025-07-30,SAB,0.9249146757679181,0.5365586876869202,0.39377133105802054,0.03959371193027873,0.032084254134288635,0.0015390452470528905,25.153119186714537,83919109250.0,0.007798493872927897,1.5421930790054579,0.8484628446842235,-1.2197627087118732,1.0968036335484423,True,selected_by_signal_liquidity_risk_and_correlation,259,8,0.2873733959318201,0.6237067037617818,0.3318392189073198,full_budget_supported|retained_4_prior_candidates,True,20.815816227146165,0.03371610008381491,0.0,optimization_expected_return,enforced,False,SAB,2,,0.1972,0.0,0.1972,0.00030255950564946624,VN000000SAB4,Tổng Công ty Cổ phần Bia – Rượu – Nước giải khát Sài Gòn,0.1972,0.0,True,30255.950564946623,0.00023498819489674218,selected_by_xy_qaoa_then_classical_weighting
39,2025-07-30,BVH,0.8737201365187713,0.5335929989814758,0.21672354948805458,0.038918606240991166,0.03181210282666232,0.0004920490621587567,23.950163500698174,25201352500.0,0.011570892601050695,1.3640466674945098,0.3360495775495129,-0.837569518908518,0.988871446976411,True,selected_by_signal_liquidity_risk_and_correlation,259,8,0.2873733959318201,0.6237067037617818,0.3318392189073198,full_budget_supported|retained_4_prior_candidates,True,20.815816227146165,0.03371610008381491,0.0,optimization_expected_return,enforced,False,AAA,2,,,,0.0,,VN000000BVH3,Tập đoàn Bảo Việt,0.0,0.0,False,0.0,0.0,aur_candidate_not_selected_by_xy_qaoa
39,2025-07-30,SHB,0.4880546075085324,0.4933137595653534,0.8263651877133106,0.029749490264631043,0.02976189630921071,0.006457267665658875,27.942053264381908,1364833097753.061,0.022656153304221605,0.022010367445368106,2.0364424512259633,0.28551196141393065,0.8787322106951447,True,selected_by_signal_liquidity_risk_and_correlation,259,8,0.2873733959318201,0.6237067037617818,0.3318392189073198,full_budget_supported|retained_4_prior_candidates,True,20.815816227146165,0.03371610008381491,0.0,optimization_expected_return,enforced,False,SHB,2,,0.0,0.05583000141716807,-0.05583000141716807,0.00014617086405423505,VN000000SHB9,Ngân hàng Thương mại Cổ phần Sài Gòn – Hà Nội,0.0,0.05583000141716807,False,14617.086405423506,4.090610163915396e-06,aur_candidate_not_selected_by_xy_qaoa
39,2025-07-30,SSB,0.9010238907849829,0.5351660847663879,0.6209044368600682,0.03927670153304996,0.03195725019072969,0.0036931699687678316,24.6114263558192,48820998568.99966,0.015718944086932418,1.4590580869670153,0.617722347349932,-0.4173178055784744,0.8624237271960534,True,selected_by_signal_liquidity_risk_and_correlation,259,8,0.2873733959318201,0.6237067037617818,0.3318392189073198,full_budget_supported|retained_4_prior_candidates,True,20.815816227146165,0.03371610008381491,0.0,optimization_expected_return,enforced,False,SSB,2,,0.10504463671875,0.0,0.10504463671875,0.00016101237767974117,VN000000SSB6,Ngân hàng Thương mại Cổ phần Đông Nam Á,0.10504463671875,0.0,True,16101.237767974117,0.0002151628188642811,selected_by_xy_qaoa_then_classical_weighting
40,2025-08-29,HPG,0.8561872909698997,0.5322795510292053,0.6011705685618729,0.054752655089083405,0.04567949324149928,0.0020870240593444753,28.4305319692935,2224452578838.123,0.025497089657799135,1.255294262695074,2.042091182132159,0.06075312009475741,1.2077366508100715,True,selected_by_signal_liquidity_risk_and_correlation,265,8,0.2878148725049625,0.5894290882110107,0.3293293069765794,full_budget_supported|retained_4_prior_candidates,True,20.92603583691201,0.04095194037675224,0.0,optimization_expected_return,enforced,False,AAA,2,,,,0.0,,VN000000HPG4,Công ty Cổ phần Tập đoàn Hòa Phát,0.0,0.0,False,0.0,0.0,aur_candidate_not_selected_by_xy_qaoa
40,2025-08-29,VNM,0.8595317725752508,0.5326365232467651,0.4334448160535117,0.054756215883332,0.045597832857115043,0.000656716408194778,26.52277944976426,330138945500.0,0.012565816883679037,1.2669145155896908,1.2761232725174196,-0.9819744803164466,1.10070512366444,True,selected_by_signal_liquidity_risk_and_correlation,265,8,0.2878148725049625,0.5894290882110107,0.3293293069765794,full_budget_supported|retained_4_prior_candidates,True,20.92603583691201,0.04095194037675224,0.0,optimization_expected_return,enforced,False,VNM,2,,0.0605,0.0,0.0605,9.132912149434812e-05,VN000000VNM8,Công ty Cổ phần Sữa Việt Nam,0.0605,0.0,True,9132.912149434811,1.832561738766443e-05,selected_by_xy_qaoa_then_classical_weighting
40,2025-08-29,HAG,0.9431438127090301,0.555334746837616,0.79247491638796,0.05498263043337257,0.043556323247509146,0.0047577496337152395,26.683564790542448,387726019000.0,0.0263084740982695,1.5574208379551104,1.3406790312501884,0.12618000926500916,1.0732789947298589,True,selected_by_signal_liquidity_risk_and_correlation,265,8,0.2878148725049625,0.5894290882110107,0.3293293069765794,full_budget_supported|retained_4_prior_candidates,True,20.92603583691201,0.04095194037675224,0.0,optimization_expected_return,enforced,False,HAG,2,,,,0.0,,VN000000HAG6,Công ty Cổ phần Hoàng Anh Gia Lai,0.0,0.0,False,0.0,0.0,aur_candidate_not_selected_by_xy_qaoa
40,2025-08-29,CTG,0.6622073578595318,0.5035277009010315,0.7692307692307693,0.054465855675748326,0.05041579553578497,0.004321054224893442,27.248370968648686,682051475113.1985,0.021739776054502766,0.5813195948073007,1.5674502728828716,-0.24222205226403512,1.0174687412715306,True,selected_by_signal_liquidity_risk_and_correlation,265,8,0.2878148725049625,0.5894290882110107,0.3293293069765794,full_budget_supported|retained_4_prior_candidates,True,20.92603583691201,0.04095194037675224,0.0,optimization_expected_return,enforced,False,AAA,2,,0.03532992578125,0.0,0.03532992578125,5.317468901390584e-05,VN000000CTG7,Ngân hàng Thương mại Cổ phần Công Thương Việt Nam,0.03532992578125,0.0,True,5317.4689013905845,5.179950058078296e-06,selected_by_xy_qaoa_then_classical_weighting
40,2025-08-29,BAF,0.7993311036789298,0.5231812596321106,0.2648829431438127,0.054661899724701424,0.04706771977603129,-0.00026434470967624595,26.168664722105543,231689678855.9955,0.025073435787908962,1.0577499634865888,1.1339452305901192,0.026591317859821578,1.015992118422204,True,selected_by_signal_liquidity_risk_and_correlation,265,8,0.2878148725049625,0.5894290882110107,0.3293293069765794,full_budget_supported|retained_4_prior_candidates,True,20.92603583691201,0.04095194037675224,0.0,optimization_expected_return,enforced,False,BAF,2,,0.0,0.11188705150858794,-0.11188705150858794,0.00029843047066817135,VN000000BAF1,Công ty Cổ phần Nông nghiệp BAF Việt Nam,0.0,0.11188705150858794,False,29843.047066817137,4.829177202068213e-05,aur_candidate_not_selected_by_xy_qaoa
40,2025-08-29,SBT,0.9899665551839465,0.5788868069648743,0.7013377926421405,0.05521756199420146,0.04241307786612984,0.004096093637374359,24.325128792175168,36666478863.310745,0.009461836133195654,1.7201043784797452,0.3937604591938355,-1.2322674295264937,1.0106980265387147,True,selected_by_signal_liquidity_risk_and_correlation,265,8,0.2878148725049625,0.5894290882110107,0.3293293069765794,full_budget_supported|retained_4_prior_candidates,True,20.92603583691201,0.04095194037675224,0.0,optimization_expected_return,enforced,False,SBT,2,,0.023207546875,0.0,0.023207546875,3.5224172180201934e-05,VN000000SBT4,Công ty Cổ phần Thành Thành Công - Biên Hòa,0.023207546875,0.0,True,3522.4172180201936,6.329363384336848e-05,selected_by_xy_qaoa_then_classical_weighting
40,2025-08-29,STB,0.7224080267558528,0.5097166895866394,0.7610367892976587,0.054527590775098694,0.04894590861686872,0.004546168964837349,27.46428843072586,846425843250.0,0.03200641958712621,0.7904841469104026,1.6541417307022444,0.5856401978057836,1.007297234839079,True,selected_by_signal_liquidity_risk_and_correlation,265,8,0.2878148725049625,0.5894290882110107,0.3293293069765794,full_budget_supported|retained_4_prior_candidates,True,20.92603583691201,0.04095194037675224,0.0,optimization_expected_return,enforced,False,STB,2,,0.0,0.11191800811615057,-0.11191800811615057,0.0002985156288521498,VN000000STB4,Ngân hàng Thương mại Cổ phần Sài Gòn Tài Lộc,0.0,0.11191800811615057,False,29851.56288521498,1.3222423323751768e-05,aur_candidate_not_selected_by_xy_qaoa
40,2025-08-29,SAB,0.5618729096989966,0.4927400052547455,0.29448160535117057,0.05435824852112002,0.052865607067312054,-0.0007884392428553882,24.737574762321366,55385007000.0,0.008070882748915117,0.2327120079687971,0.5593586562072844,-1.3444285067854471,0.6905246088778855,True,selected_by_signal_liquidity_risk_and_correlation,265,8,0.2878148725049625,0.5894290882110107,0.3293293069765794,full_budget_supported|retained_4_prior_candidates,True,20.92603583691201,0.04095194037675224,0.0,optimization_expected_return,enforced,False,SAB,2,,0.092,0.1884949473619592,-0.09649494736195921,0.0002440854062438109,VN000000SAB4,Tổng Công ty Cổ phần Bia – Rượu – Nước giải khát Sài Gòn,0.092,0.1884949473619592,True,24408.54062438109,0.00017422575637114068,selected_by_xy_qaoa_then_classical_weighting
41,2025-09-29,HPG,0.7152265100671141,0.5300992131233215,0.690771812080537,0.06433429833572724,0.08480289800250604,0.002356964588447397,28.429667112485255,2222529577560.9287,0.02243548858775554,1.421959418395149,2.327271629978196,0.22903280030853557,1.548973917804148,True,selected_by_signal_liquidity_risk_and_correlation,267,8,0.1515628391934033,0.2958776683887718,0.17380750938665224,full_budget_supported|retained_4_prior_candidates,True,20.453845057012742,0.03456984923507621,0.0,optimization_expected_return,enforced,False,HPG,2,,0.026181818359375,0.0,0.026181818359375,3.933626954719838e-05,VN000000HPG4,Công ty Cổ phần Tập đoàn Hòa Phát,0.026181818359375,0.0,True,3933.626954719838,1.178018894493531e-06,selected_by_xy_qaoa_then_classical_weighting
41,2025-09-29,STB,0.6768875838926174,0.49915173649787903,0.7313758389261744,0.062159850065660785,0.08076890303915707,0.0031269148714364956,26.745737299896916,412597055000.0,0.017877052788592446,1.1690021210900952,1.6302878905592149,-0.19820230897369095,1.2679319564778169,True,selected_by_signal_liquidity_risk_and_correlation,267,8,0.1515628391934033,0.2958776683887718,0.17380750938665224,full_budget_supported|retained_4_prior_candidates,True,20.453845057012742,0.03456984923507621,0.0,optimization_expected_return,enforced,False,STB,2,,,,0.0,,VN000000STB4,Ngân hàng Thương mại Cổ phần Sài Gòn Tài Lộc,0.0,0.0,False,0.0,0.0,aur_candidate_not_selected_by_xy_qaoa
41,2025-09-29,SBT,0.740729865771812,0.5797210931777954,0.6598993288590603,0.06782085759701413,0.0874863432297666,0.001670864097017619,23.78776282537037,21423682914.901955,0.006159562459100653,1.5902286052238925,0.4059731388698515,-1.2964130729276242,1.1726440016331485,True,selected_by_signal_liquidity_risk_and_correlation,267,8,0.1515628391934033,0.2958776683887718,0.17380750938665224,full_budget_supported|retained_4_prior_candidates,True,20.453845057012742,0.03456984923507621,0.0,optimization_expected_return,enforced,False,SBT,2,,0.0909433984375,0.02277549806131353,0.06816790037618647,0.00010497084183088936,VN000000SBT4,Công ty Cổ phần Thành Thành Công - Biên Hòa,0.0909433984375,0.02277549806131353,True,10497.084183088937,0.00031818945718604724,selected_by_xy_qaoa_then_classical_weighting
41,2025-09-29,LPB,0.7645553691275166,0.5043578743934631,0.8303691275167784,0.06252564653035457,0.08999324600786529,0.006002969859388617,25.357178397339034,102915942250.0,0.020617436557911154,1.7474274508139034,1.0555590811555045,0.05863758320490885,1.0596210212492516,True,selected_by_signal_liquidity_risk_and_correlation,267,8,0.1515628391934033,0.2958776683887718,0.17380750938665224,full_budget_supported|retained_4_prior_candidates,True,20.453845057012742,0.03456984923507621,0.0,optimization_expected_return,enforced,False,LPB,2,,0.04795,0.0,0.04795,7.265685760841351e-05,VN000000LPB7,Ngân hàng Thương mại Cổ phần Lộc Phát Việt Nam,0.04795,0.0,True,7265.685760841351,4.659142106819704e-05,selected_by_xy_qaoa_then_classical_weighting
41,2025-09-29,MBB,0.6296560402684563,0.5480988025665283,0.5464765100671141,0.0655989951832405,0.07579923309525015,0.0031120411990321326,27.333170586170436,742412300000.0,0.019729235805991546,0.8573720152197563,1.8734283382580228,-0.0246081971525986,1.0023399540511002,True,selected_by_signal_liquidity_risk_and_correlation,267,8,0.1515628391934033,0.2958776683887718,0.17380750938665224,full_budget_supported|retained_4_prior_candidates,True,20.453845057012742,0.03456984923507621,0.0,optimization_expected_return,enforced,False,MBB,2,,,,0.0,,VN000000MBB5,Ngân hàng Thương mại Cổ phần Quân Đội,0.0,0.0,False,0.0,0.0,aur_candidate_not_selected_by_xy_qaoa
41,2025-09-29,SSI,0.6043624161073825,0.5448189377784729,0.519463087248322,0.0653685435570625,0.0731378556741348,0.003907777379329487,28.10091797541272,1599829177500.0,0.02351166352456894,0.6904866210458535,2.1912013489161946,0.32989628440557595,0.993630677878173,True,selected_by_signal_liquidity_risk_and_correlation,267,8,0.1515628391934033,0.2958776683887718,0.17380750938665224,full_budget_supported|retained_4_prior_candidates,True,20.453845057012742,0.03456984923507621,0.0,optimization_expected_return,enforced,False,SSI,2,,,,0.0,,VN000000SSI1,Công ty Cổ phần Chứng khoán SSI,0.0,0.0,False,0.0,0.0,aur_candidate_not_selected_by_xy_qaoa
41,2025-09-29,BAF,0.6065436241610739,0.5296297073364258,0.5503355704697986,0.06430130966726623,0.07336736085804527,0.00048426587443760446,24.958977917727776,69110873740.0039,0.006363355729395413,0.7048780646562073,0.890742675362863,-1.2773127402825206,0.9853080732818631,True,selected_by_signal_liquidity_risk_and_correlation,267,8,0.1515628391934033,0.2958776683887718,0.17380750938665224,full_budget_supported|retained_4_prior_candidates,True,20.453845057012742,0.03456984923507621,0.0,optimization_expected_return,enforced,False,BAF,2,,,,0.0,,VN000000BAF1,Công ty Cổ phần Nông nghiệp BAF Việt Nam,0.0,0.0,False,0.0,0.0,aur_candidate_not_selected_by_xy_qaoa
41,2025-09-29,VNM,0.5783557046979866,0.544421374797821,0.48590604026845646,0.0653406097728001,0.07040144771212567,0.0005820515512746734,26.363450315147674,281514647000.0,0.015549909925827204,0.5188963318454894,1.4720581293364583,-0.4163115857285372,0.9852256158652368,True,selected_by_signal_liquidity_risk_and_correlation,267,8,0.1515628391934033,0.2958776683887718,0.17380750938665224,full_budget_supported|retained_4_prior_candidates,True,20.453845057012742,0.03456984923507621,0.0,optimization_expected_return,enforced,False,VNM,2,,0.0615,0.060405156707768366,0.0010948432922316328,1.6437916690774753e-06,VN000000VNM8,Công ty Cổ phần Sữa Việt Nam,0.0615,0.060405156707768366,True,164.37916690774753,3.8891166193268544e-07,selected_by_xy_qaoa_then_classical_weighting
42,2025-10-30,SSI,0.8455685618729097,0.5671532154083252,0.4424749163879599,0.022806336165563774,0.021645978996809055,-0.0006179857330003927,28.232337040156832,1824518149000.0,0.031566408109100684,1.6860199842566048,2.2487453862461257,0.8792421721770961,1.5295825530622214,True,selected_by_signal_liquidity_risk_and_correlation,265,8,0.20700897326963738,0.4309909165810268,0.1948100859549212,full_budget_supported|retained_4_prior_candidates,True,20.2193615944027,0.03485530818803559,0.0,optimization_expected_return,enforced,False,AGR,2,,,,0.0,,VN000000SSI1,Công ty Cổ phần Chứng khoán SSI,0.0,0.0,False,0.0,0.0,aur_candidate_not_selected_by_xy_qaoa
42,2025-10-30,MBB,0.7871655518394648,0.5405710339546204,0.4295986622073578,0.019001676719711445,0.02000534868941766,-0.001421369758126091,27.7078079958356,1079811922250.0,0.02254830820326659,1.403892069168158,2.0374985188791412,0.04881160914339751,1.467359567903453,True,selected_by_signal_liquidity_risk_and_correlation,265,8,0.20700897326963738,0.4309909165810268,0.1948100859549212,full_budget_supported|retained_4_prior_candidates,True,20.2193615944027,0.03485530818803559,0.0,optimization_expected_return,enforced,False,MBB,2,,0.048,0.0,0.048,7.222629387493152e-05,VN000000MBB5,Ngân hàng Thương mại Cổ phần Quân Đội,0.048,0.0,True,7222.629387493152,4.445218561764218e-06,selected_by_xy_qaoa_then_classical_weighting
42,2025-10-30,HPG,0.6620819397993312,0.5162015557289124,0.5112040133779263,0.01551371747590715,0.016491557794847136,-0.0004915713455063481,28.05289215984089,1524811878228.9443,0.022583968676194385,0.7996496053566834,2.1764764256572224,0.05209539917906988,1.2738122812458408,True,selected_by_signal_liquidity_risk_and_correlation,265,8,0.20700897326963738,0.4309909165810268,0.1948100859549212,full_budget_supported|retained_4_prior_candidates,True,20.2193615944027,0.03485530818803559,0.0,optimization_expected_return,enforced,False,HPG,2,,0.02436363671875,0.024355920549297087,7.716169452914867e-06,1.157464231142018e-08,VN000000HPG4,Công ty Cổ phần Tập đoàn Hòa Phát,0.02436363671875,0.024355920549297087,True,1.157464231142018,5.06040749228497e-10,selected_by_xy_qaoa_then_classical_weighting
42,2025-10-30,VIX,0.84435618729097,0.5788188576698303,0.4275919732441471,0.02447601839610109,0.021611921531587613,0.0005484859890580978,28.02911999855946,1488991258000.0,0.03481047703497722,1.6801633560980043,2.16690251424924,1.177971839486832,1.253785446503411,True,selected_by_signal_liquidity_risk_and_correlation,265,8,0.20700897326963738,0.4309909165810268,0.1948100859549212,full_budget_supported|retained_4_prior_candidates,True,20.2193615944027,0.03485530818803559,0.0,optimization_expected_return,enforced,False,VIX,2,,,,0.0,,VN000000VIX5,Công ty Cổ phần Chứng khoán VIX,0.0,0.0,False,0.0,0.0,aur_candidate_not_selected_by_xy_qaoa
42,2025-10-30,VNM,0.8183528428093645,0.5439714789390564,0.5342809364548495,0.01948837624633485,0.02088144762235537,-0.00016025574415969376,26.381722609003326,286705848500.0,0.031201408381607502,1.5545487797307787,1.5034358452059244,0.8456312194958977,1.2211773747900003,True,selected_by_signal_liquidity_risk_and_correlation,265,8,0.20700897326963738,0.4309909165810268,0.1948100859549212,full_budget_supported|retained_4_prior_candidates,True,20.2193615944027,0.03485530818803559,0.0,optimization_expected_return,enforced,False,VNM,2,,0.0574,0.0608483197275676,-0.0034483197275676017,8.629255572856406e-06,VN000000VNM8,Công ty Cổ phần Sữa Việt Nam,0.0574,0.0608483197275676,True,862.9255572856406,1.2027378393599815e-06,selected_by_xy_qaoa_then_classical_weighting
42,2025-10-30,VPB,0.8139632107023411,0.5441591143608093,0.5066889632107023,0.019515232164122938,0.02075813611034671,0.0005903804738406313,27.79066944338878,1173098252000.0002,0.0345309850942019,1.5333437467427424,2.070869828648563,1.1522348602822352,1.1653067096817589,True,selected_by_signal_liquidity_risk_and_correlation,265,8,0.20700897326963738,0.4309909165810268,0.1948100859549212,full_budget_supported|retained_4_prior_candidates,True,20.2193615944027,0.03485530818803559,0.0,optimization_expected_return,enforced,False,BID,2,,,,0.0,,VN000000VPB6,Ngân hàng Thương mại Cổ phần Việt Nam Thịnh Vượng,0.0,0.0,False,0.0,0.0,aur_candidate_not_selected_by_xy_qaoa
42,2025-10-30,NVL,0.7461538461538462,0.5501842498779297,0.13511705685618727,0.02037759888890344,0.018853266848651056,-0.004487862445542308,26.5707942153757,346377208231.9227,0.028658049390255447,1.2057764752513613,1.5795818374757955,0.6114263358464126,0.9434502828401111,True,selected_by_signal_liquidity_risk_and_correlation,265,8,0.20700897326963738,0.4309909165810268,0.1948100859549212,full_budget_supported|retained_4_prior_candidates,True,20.2193615944027,0.03485530818803559,0.0,optimization_expected_return,enforced,False,NVL,2,,0.0623255810546875,0.0,0.0623255810546875,9.407953813222071e-05,VN000000NVL0,Công ty Cổ phần Tập đoàn Đầu tư Địa ốc No Va,0.0623255810546875,0.0,True,9407.953813222071,1.7993557189523956e-05,selected_by_xy_qaoa_then_classical_weighting
42,2025-10-30,HCM,0.7142140468227425,0.5376626253128052,0.16789297658862878,0.01858540146289129,0.01795602879936901,-0.0026977322789922924,26.499417169698287,322515543750.0,0.023633255618517496,1.051484616176506,1.5508357128054726,0.14871885150227818,0.941078518227176,True,selected_by_signal_liquidity_risk_and_correlation,265,8,0.20700897326963738,0.4309909165810268,0.1948100859549212,full_budget_supported|retained_4_prior_candidates,True,20.2193615944027,0.03485530818803559,0.0,optimization_expected_return,enforced,False,HCM,2,,,,0.0,,VN000000HCM0,Công ty Cổ phần Chứng khoán Thành phố Hồ Chí Minh,0.0,0.0,False,0.0,0.0,aur_candidate_not_selected_by_xy_qaoa
43,2025-11-28,SAB,0.8552675585284282,0.5355135202407837,0.6668896321070235,-0.0004318445315648345,0.0034878264163738307,0.00011181140724990432,24.238077889833175,33609610500.0,0.006796249150332638,1.6308501535529463,0.7756313711725931,-1.126363086629189,1.0927655043259645,True,selected_by_signal_liquidity_risk_and_correlation,266,8,0.223155121049903,0.47087777836118705,0.20215619602480003,full_budget_supported,True,20.011078540344677,0.03268288609183373,0.0,optimization_expected_return,enforced,False,SAB,2,,,,0.0,,VN000000SAB4,Tổng Công ty Cổ phần Bia – Rượu – Nước giải khát Sài Gòn,0.0,0.0,False,0.0,0.0,aur_candidate_not_selected_by_xy_qaoa
43,2025-11-28,SBT,0.8494983277591972,0.5339241027832031,0.6789297658862876,-0.0011419084974821359,0.0031295154868053177,0.0006244876334305031,23.721335561866464,20046803705.705273,0.003343161046550256,1.604997147168589,0.5643984399693319,-1.4588683764952675,1.0583685693309919,True,selected_by_signal_liquidity_risk_and_correlation,266,8,0.223155121049903,0.47087777836118705,0.20215619602480003,full_budget_supported,True,20.011078540344677,0.03268288609183373,0.0,optimization_expected_return,enforced,False,SBT,2,,,,0.0,,VN000000SBT4,Công ty Cổ phần Thành Thành Công - Biên Hòa,0.0,0.0,False,0.0,0.0,aur_candidate_not_selected_by_xy_qaoa
43,2025-11-28,KOS,0.8627926421404684,0.5359115600585938,0.6618729096989966,-0.0002540223173446432,0.003955188498419707,3.498168830753871e-05,23.49168002988833,15933346750.0,0.004490137280827714,1.6645714662281936,0.470520294980383,-1.3484235648409733,1.0327742244605576,True,selected_by_signal_liquidity_risk_and_correlation,266,8,0.223155121049903,0.47087777836118705,0.20215619602480003,full_budget_supported,True,20.011078540344677,0.03268288609183373,0.0,optimization_expected_return,enforced,False,KOS,2,,0.03895,0.0,0.03895,5.978673528634741e-05,VN000000KOS6,Công ty Cổ phần KOSY,0.03895,0.0,True,5978.673528634741,0.0002444558611014977,selected_by_xy_qaoa_then_classical_weighting
43,2025-11-28,REE,0.8442725752508361,0.5323956608772278,0.6881270903010034,-0.0018247319534941686,0.002804958485384583,0.0004660853061836215,23.973692007987434,25801333354.58008,0.010819993041419888,1.58157956892189,0.6675562208151937,-0.7389081220751927,0.9771127231653528,True,selected_by_signal_liquidity_risk_and_correlation,266,8,0.223155121049903,0.47087777836118705,0.20215619602480003,full_budget_supported,True,20.011078540344677,0.03268288609183373,0.0,optimization_expected_return,enforced,False,REE,2,,,,0.0,,VN000000REE2,Công ty Cổ phần Cơ Điện Lạnh,0.0,0.0,False,0.0,0.0,aur_candidate_not_selected_by_xy_qaoa
43,2025-11-28,PHR,0.8985785953177258,0.5473378300666809,0.7247491638795985,0.004850604260706437,0.006177754844148953,0.0008862902901721344,23.018784370619308,9929583500.0,0.01339396084437196,1.8249350420615909,0.2772109203569651,-0.491055219194129,0.9006561218286935,True,selected_by_signal_liquidity_risk_and_correlation,266,8,0.223155121049903,0.47087777836118705,0.20215619602480003,full_budget_supported,True,20.011078540344677,0.03268288609183373,0.0,optimization_expected_return,enforced,False,PHR,2,,,,0.0,,VN000000PHR1,Công ty Cổ phần Cao su Phước Hòa,0.0,0.0,False,0.0,0.0,aur_candidate_not_selected_by_xy_qaoa
43,2025-11-28,TLD,0.9036789297658863,0.5473689436912537,0.7351170568561872,0.00486450411033551,0.006494522477535597,0.0007835422048737439,21.376867370087655,1922452150.0,0.006281494143415565,1.8477905984303693,-0.393968741234664,-1.1759299547891688,0.7776166731583907,True,selected_by_signal_liquidity_risk_and_correlation,266,8,0.223155121049903,0.47087777836118705,0.20215619602480003,full_budget_supported,True,20.011078540344677,0.03268288609183373,0.0,optimization_expected_return,enforced,False,TLD,2,,0.03276,0.0,0.03276,5.216393932126198e-05,VN000000TLD5,Công ty Cổ phần Đầu tư Xây dựng và Phát triển Đô thị Thăng Long,0.03276,0.0,True,5216.393932126198,0.0017040736228467375,selected_by_xy_qaoa_then_classical_weighting
43,2025-11-28,HTG,0.9145066889632107,0.5547259449958801,0.7232441471571905,0.008151206102129216,0.007167004584479379,0.0005462477902822405,21.10015689994438,1457745497.296875,0.008998986461768813,1.8963118205575307,-0.5070819130024738,-0.9142567672347766,0.7181845737573629,True,selected_by_signal_liquidity_risk_and_correlation,266,8,0.223155121049903,0.47087777836118705,0.20215619602480003,full_budget_supported,True,20.011078540344677,0.03268288609183373,0.0,optimization_expected_return,enforced,False,HTG,2,,0.03891666796875,0.0,0.03891666796875,6.287122266039438e-05,VN000000HTG6,Tổng Công ty Cổ phần Dệt may Hòa Thọ,0.03891666796875,0.0,True,6287.122266039439,0.0026696476196231725,selected_by_xy_qaoa_then_classical_weighting
43,2025-11-28,SMB,0.9175167224080267,0.5547259449958801,0.7352842809364548,0.008151206102129216,0.007353949417297723,0.0008748567862987835,20.685291347973095,962737500.0,0.006030016045917498,1.9098003456276293,-0.6766698523976746,-1.2001453223646366,0.7071074882665611,True,selected_by_signal_liquidity_risk_and_correlation,266,8,0.223155121049903,0.47087777836118705,0.20215619602480003,full_budget_supported,True,20.011078540344677,0.03268288609183373,0.0,optimization_expected_return,enforced,False,SMB,2,,0.0804,0.0,0.0804,0.00013702915137073706,VN000000SMB9,Công ty Cổ phần Bia Sài Gòn - Miền Trung,0.0804,0.0,True,13702.915137073705,0.008351186070969501,selected_by_xy_qaoa_then_classical_weighting
