config_id,fold,date,method,return
P_K10P6_CP30_NONE,0,2022-04-04,AUR,-0.01353468204359572
P_K10P6_CP30_NONE,0,2022-04-05,AUR,0.01501651045994661
P_K10P6_CP30_NONE,0,2022-04-06,AUR,-0.009980919655612215
P_K10P6_CP30_NONE,0,2022-04-07,AUR,-0.02723972463307282
P_K10P6_CP30_NONE,0,2022-04-08,AUR,-0.005281592754161615
P_K10P6_CP30_NONE,0,2022-04-12,AUR,-0.005409125362594665
P_K10P6_CP30_NONE,0,2022-04-13,AUR,0.01844025304842581
P_K10P6_CP30_NONE,0,2022-04-14,AUR,0.009932643909121505
P_K10P6_CP30_NONE,0,2022-04-15,AUR,0.00842807031058014
P_K10P6_CP30_NONE,0,2022-04-18,AUR,-0.002028409775142197
P_K10P6_CP30_NONE,0,2022-04-19,AUR,-0.02351410491959545
P_K10P6_CP30_NONE,0,2022-04-20,AUR,-0.03125768691832879
P_K10P6_CP30_NONE,0,2022-04-21,AUR,-0.038560151100347106
P_K10P6_CP30_NONE,0,2022-04-22,AUR,-0.009230331722252894
P_K10P6_CP30_NONE,0,2022-04-25,AUR,-0.045500946762981824
P_K10P6_CP30_NONE,0,2022-04-26,AUR,0.01976604762604577
P_K10P6_CP30_NONE,0,2022-04-27,AUR,0.0063591506590578994
P_K10P6_CP30_NONE,0,2022-04-28,AUR,-0.011685237542390786
P_K10P6_CP30_NONE,0,2022-04-29,AUR,0.014428256748104131
P_K10P6_CP30_NONE,0,2022-04-04,QAUR,-0.005226134433260442
P_K10P6_CP30_NONE,0,2022-04-05,QAUR,0.01765713855341907
P_K10P6_CP30_NONE,0,2022-04-06,QAUR,-0.016624703469473815
P_K10P6_CP30_NONE,0,2022-04-07,QAUR,-0.02613781442654869
P_K10P6_CP30_NONE,0,2022-04-08,QAUR,-0.000751655511366172
P_K10P6_CP30_NONE,0,2022-04-12,QAUR,-0.005397429281314226
P_K10P6_CP30_NONE,0,2022-04-13,QAUR,0.020689125293594873
P_K10P6_CP30_NONE,0,2022-04-14,QAUR,-0.00412464636522268
P_K10P6_CP30_NONE,0,2022-04-15,QAUR,0.011546089102687401
P_K10P6_CP30_NONE,0,2022-04-18,QAUR,-0.011309463607827034
P_K10P6_CP30_NONE,0,2022-04-19,QAUR,-0.02531497622882664
P_K10P6_CP30_NONE,0,2022-04-20,QAUR,-0.033853187004809895
P_K10P6_CP30_NONE,0,2022-04-21,QAUR,-0.031562233970005384
P_K10P6_CP30_NONE,0,2022-04-22,QAUR,-0.002085906548847099
P_K10P6_CP30_NONE,0,2022-04-25,QAUR,-0.05820057159673703
P_K10P6_CP30_NONE,0,2022-04-26,QAUR,0.03281635733717844
P_K10P6_CP30_NONE,0,2022-04-27,QAUR,0.008956986032410137
P_K10P6_CP30_NONE,0,2022-04-28,QAUR,-0.009823605766181433
P_K10P6_CP30_NONE,0,2022-04-29,QAUR,0.02526217147730849
P_K10P6_CP30_NONE,1,2022-05-04,AUR,-0.029492058267769225
P_K10P6_CP30_NONE,1,2022-05-05,AUR,-0.010831867640126634
P_K10P6_CP30_NONE,1,2022-05-06,AUR,-0.048171247901906286
P_K10P6_CP30_NONE,1,2022-05-09,AUR,-0.06367469394856538
P_K10P6_CP30_NONE,1,2022-05-10,AUR,0.009514841221222252
P_K10P6_CP30_NONE,1,2022-05-11,AUR,-0.001586636798740746
P_K10P6_CP30_NONE,1,2022-05-12,AUR,-0.06272218274012209
P_K10P6_CP30_NONE,1,2022-05-13,AUR,-0.05994618344262793
P_K10P6_CP30_NONE,1,2022-05-16,AUR,-0.031913760252940834
P_K10P6_CP30_NONE,1,2022-05-17,AUR,0.04906456671686452
P_K10P6_CP30_NONE,1,2022-05-18,AUR,0.02596225470682399
P_K10P6_CP30_NONE,1,2022-05-19,AUR,-0.0092646932064683
P_K10P6_CP30_NONE,1,2022-05-20,AUR,0.013430721737494237
P_K10P6_CP30_NONE,1,2022-05-23,AUR,-0.01744405941813275
P_K10P6_CP30_NONE,1,2022-05-24,AUR,0.020382847834042338
P_K10P6_CP30_NONE,1,2022-05-25,AUR,0.043128818607037774
P_K10P6_CP30_NONE,1,2022-05-26,AUR,0.009151910463119344
P_K10P6_CP30_NONE,1,2022-05-27,AUR,0.021353300046135122
P_K10P6_CP30_NONE,1,2022-05-30,AUR,-0.0040155112005111964
P_K10P6_CP30_NONE,1,2022-05-31,AUR,0.0061272951262317105
P_K10P6_CP30_NONE,1,2022-06-01,AUR,0.003330306713642751
P_K10P6_CP30_NONE,1,2022-05-04,QAUR,-0.02949205826776922
P_K10P6_CP30_NONE,1,2022-05-05,QAUR,-0.010831867640126634
P_K10P6_CP30_NONE,1,2022-05-06,QAUR,-0.048171247901906286
P_K10P6_CP30_NONE,1,2022-05-09,QAUR,-0.06367469394856538
P_K10P6_CP30_NONE,1,2022-05-10,QAUR,0.009514841221222252
P_K10P6_CP30_NONE,1,2022-05-11,QAUR,-0.001586636798740746
P_K10P6_CP30_NONE,1,2022-05-12,QAUR,-0.06272218274012209
P_K10P6_CP30_NONE,1,2022-05-13,QAUR,-0.05994618344262793
P_K10P6_CP30_NONE,1,2022-05-16,QAUR,-0.031913760252940834
P_K10P6_CP30_NONE,1,2022-05-17,QAUR,0.04906456671686452
P_K10P6_CP30_NONE,1,2022-05-18,QAUR,0.02596225470682399
P_K10P6_CP30_NONE,1,2022-05-19,QAUR,-0.0092646932064683
P_K10P6_CP30_NONE,1,2022-05-20,QAUR,0.013430721737494237
P_K10P6_CP30_NONE,1,2022-05-23,QAUR,-0.01744405941813275
P_K10P6_CP30_NONE,1,2022-05-24,QAUR,0.020382847834042338
P_K10P6_CP30_NONE,1,2022-05-25,QAUR,0.043128818607037774
P_K10P6_CP30_NONE,1,2022-05-26,QAUR,0.009151910463119344
P_K10P6_CP30_NONE,1,2022-05-27,QAUR,0.021353300046135122
P_K10P6_CP30_NONE,1,2022-05-30,QAUR,-0.0040155112005111964
P_K10P6_CP30_NONE,1,2022-05-31,QAUR,0.0061272951262317105
P_K10P6_CP30_NONE,1,2022-06-01,QAUR,0.003330306713642751
P_K10P6_CP30_NONE,2,2022-06-02,AUR,-0.005831686237223802
P_K10P6_CP30_NONE,2,2022-06-03,AUR,-0.0043782963393321096
P_K10P6_CP30_NONE,2,2022-06-06,AUR,0.002111922399421498
P_K10P6_CP30_NONE,2,2022-06-07,AUR,-0.011016826603322262
P_K10P6_CP30_NONE,2,2022-06-08,AUR,0.0032254297391836094
P_K10P6_CP30_NONE,2,2022-06-09,AUR,0.0125741226092047
P_K10P6_CP30_NONE,2,2022-06-10,AUR,0.0012183974433585334
P_K10P6_CP30_NONE,2,2022-06-13,AUR,-0.02433213254614619
P_K10P6_CP30_NONE,2,2022-06-14,AUR,-0.007429323445231267
P_K10P6_CP30_NONE,2,2022-06-15,AUR,0.0029932710576900086
P_K10P6_CP30_NONE,2,2022-06-16,AUR,0.015393720283267995
P_K10P6_CP30_NONE,2,2022-06-17,AUR,-0.004010651684331752
P_K10P6_CP30_NONE,2,2022-06-20,AUR,-0.003943186660429816
P_K10P6_CP30_NONE,2,2022-06-21,AUR,0.014876264608287806
P_K10P6_CP30_NONE,2,2022-06-22,AUR,-0.023710272452554006
P_K10P6_CP30_NONE,2,2022-06-23,AUR,0.011172527267025344
P_K10P6_CP30_NONE,2,2022-06-24,AUR,-0.008198964044237268
P_K10P6_CP30_NONE,2,2022-06-27,AUR,0.019785637726677203
P_K10P6_CP30_NONE,2,2022-06-28,AUR,-0.007194746766236258
P_K10P6_CP30_NONE,2,2022-06-29,AUR,0.022423984371082516
P_K10P6_CP30_NONE,2,2022-06-30,AUR,0.0020439235005421928
P_K10P6_CP30_NONE,2,2022-07-01,AUR,0.006744287790524561
P_K10P6_CP30_NONE,2,2022-06-02,QAUR,-0.005831686237223802
P_K10P6_CP30_NONE,2,2022-06-03,QAUR,-0.0043782963393321096
P_K10P6_CP30_NONE,2,2022-06-06,QAUR,0.002111922399421498
P_K10P6_CP30_NONE,2,2022-06-07,QAUR,-0.011016826603322262
P_K10P6_CP30_NONE,2,2022-06-08,QAUR,0.0032254297391836094
P_K10P6_CP30_NONE,2,2022-06-09,QAUR,0.0125741226092047
P_K10P6_CP30_NONE,2,2022-06-10,QAUR,0.0012183974433585334
P_K10P6_CP30_NONE,2,2022-06-13,QAUR,-0.02433213254614619
P_K10P6_CP30_NONE,2,2022-06-14,QAUR,-0.007429323445231267
P_K10P6_CP30_NONE,2,2022-06-15,QAUR,0.0029932710576900086
P_K10P6_CP30_NONE,2,2022-06-16,QAUR,0.015393720283267995
P_K10P6_CP30_NONE,2,2022-06-17,QAUR,-0.004010651684331752
P_K10P6_CP30_NONE,2,2022-06-20,QAUR,-0.003943186660429816
P_K10P6_CP30_NONE,2,2022-06-21,QAUR,0.014876264608287806
P_K10P6_CP30_NONE,2,2022-06-22,QAUR,-0.023710272452554006
P_K10P6_CP30_NONE,2,2022-06-23,QAUR,0.011172527267025344
P_K10P6_CP30_NONE,2,2022-06-24,QAUR,-0.008198964044237268
P_K10P6_CP30_NONE,2,2022-06-27,QAUR,0.019785637726677203
P_K10P6_CP30_NONE,2,2022-06-28,QAUR,-0.007194746766236258
P_K10P6_CP30_NONE,2,2022-06-29,QAUR,0.022423984371082516
P_K10P6_CP30_NONE,2,2022-06-30,QAUR,0.0020439235005421928
P_K10P6_CP30_NONE,2,2022-07-01,QAUR,0.006744287790524561
P_K10P6_CP30_NONE,3,2022-07-04,AUR,-0.006409756559828972
P_K10P6_CP30_NONE,3,2022-07-05,AUR,-0.018003320954122517
P_K10P6_CP30_NONE,3,2022-07-06,AUR,0.008906428905748148
P_K10P6_CP30_NONE,3,2022-07-07,AUR,0.003285131160710575
P_K10P6_CP30_NONE,3,2022-07-08,AUR,0.010704042738440963
P_K10P6_CP30_NONE,3,2022-07-11,AUR,-0.013682707507465006
P_K10P6_CP30_NONE,3,2022-07-12,AUR,0.004414771451161357
P_K10P6_CP30_NONE,3,2022-07-13,AUR,0.01616801167383941
P_K10P6_CP30_NONE,3,2022-07-14,AUR,-0.0031886364845057262
P_K10P6_CP30_NONE,3,2022-07-15,AUR,0.00046369216597872515
P_K10P6_CP30_NONE,3,2022-07-18,AUR,-0.008000398675890865
P_K10P6_CP30_NONE,3,2022-07-19,AUR,0.0033369264766974346
P_K10P6_CP30_NONE,3,2022-07-20,AUR,-0.015533612652004614
P_K10P6_CP30_NONE,3,2022-07-21,AUR,-0.009723705818825173
P_K10P6_CP30_NONE,3,2022-07-22,AUR,0.003926690378036087
P_K10P6_CP30_NONE,3,2022-07-25,AUR,0.0011012867997697113
P_K10P6_CP30_NONE,3,2022-07-26,AUR,-0.006191247659737046
P_K10P6_CP30_NONE,3,2022-07-27,AUR,-0.01642169941309799
P_K10P6_CP30_NONE,3,2022-07-28,AUR,-0.0021578093061262295
P_K10P6_CP30_NONE,3,2022-07-29,AUR,0.0013507270382138192
P_K10P6_CP30_NONE,3,2022-08-01,AUR,0.020627649354406637
P_K10P6_CP30_NONE,3,2022-07-04,QAUR,0.005890303486277912
P_K10P6_CP30_NONE,3,2022-07-05,QAUR,-0.024563395308869734
P_K10P6_CP30_NONE,3,2022-07-06,QAUR,0.00014846271711913082
P_K10P6_CP30_NONE,3,2022-07-07,QAUR,0.01758507929184395
P_K10P6_CP30_NONE,3,2022-07-08,QAUR,0.021122164074265534
P_K10P6_CP30_NONE,3,2022-07-11,QAUR,0.009124906281143723
P_K10P6_CP30_NONE,3,2022-07-12,QAUR,0.01014307337353731
P_K10P6_CP30_NONE,3,2022-07-13,QAUR,0.015320686623792962
P_K10P6_CP30_NONE,3,2022-07-14,QAUR,0.011183152344930683
P_K10P6_CP30_NONE,3,2022-07-15,QAUR,-0.0057902236079624214
P_K10P6_CP30_NONE,3,2022-07-18,QAUR,0.0002484385600524377
P_K10P6_CP30_NONE,3,2022-07-19,QAUR,0.01686802122571529
P_K10P6_CP30_NONE,3,2022-07-20,QAUR,-0.03581602934359558
P_K10P6_CP30_NONE,3,2022-07-21,QAUR,-0.010839459079443368
P_K10P6_CP30_NONE,3,2022-07-22,QAUR,-0.004221209135363243
P_K10P6_CP30_NONE,3,2022-07-25,QAUR,0.0006741395027776043
P_K10P6_CP30_NONE,3,2022-07-26,QAUR,0.003378597381546554
P_K10P6_CP30_NONE,3,2022-07-27,QAUR,-0.007546484462558631
P_K10P6_CP30_NONE,3,2022-07-28,QAUR,0.013871952194219968
P_K10P6_CP30_NONE,3,2022-07-29,QAUR,-0.004078023901531911
P_K10P6_CP30_NONE,3,2022-08-01,QAUR,0.015999554380859787
P_K10P6_CP30_NONE,4,2022-08-02,AUR,0.0025568296218021016
P_K10P6_CP30_NONE,4,2022-08-03,AUR,0.0027329546313059677
P_K10P6_CP30_NONE,4,2022-08-04,AUR,0.0015609710410345186
P_K10P6_CP30_NONE,4,2022-08-05,AUR,-0.0017812997973412283
P_K10P6_CP30_NONE,4,2022-08-08,AUR,0.0019057338840763336
P_K10P6_CP30_NONE,4,2022-08-09,AUR,0.0035076017713620827
P_K10P6_CP30_NONE,4,2022-08-10,AUR,0.01710059563714951
P_K10P6_CP30_NONE,4,2022-08-11,AUR,0.009377262038358983
P_K10P6_CP30_NONE,4,2022-08-12,AUR,0.0005954113257445115
P_K10P6_CP30_NONE,4,2022-08-15,AUR,-0.006846587955657476
P_K10P6_CP30_NONE,4,2022-08-16,AUR,0.0033882116387632857
P_K10P6_CP30_NONE,4,2022-08-17,AUR,-0.003988093040123995
P_K10P6_CP30_NONE,4,2022-08-18,AUR,0.0010654826639634135
P_K10P6_CP30_NONE,4,2022-08-19,AUR,-0.007379450957306559
P_K10P6_CP30_NONE,4,2022-08-22,AUR,0.0009422061029278153
P_K10P6_CP30_NONE,4,2022-08-23,AUR,0.00017411615808495863
P_K10P6_CP30_NONE,4,2022-08-24,AUR,0.0032572669690590812
P_K10P6_CP30_NONE,4,2022-08-25,AUR,-0.0007134113738662865
P_K10P6_CP30_NONE,4,2022-08-26,AUR,0.004080689094597998
P_K10P6_CP30_NONE,4,2022-08-29,AUR,-0.005871300571245448
P_K10P6_CP30_NONE,4,2022-08-30,AUR,0.00218168607755963
P_K10P6_CP30_NONE,4,2022-08-31,AUR,0.004499216651695882
P_K10P6_CP30_NONE,4,2022-08-02,QAUR,0.0019113398628177645
P_K10P6_CP30_NONE,4,2022-08-03,QAUR,0.00245941533161991
P_K10P6_CP30_NONE,4,2022-08-04,QAUR,0.0015553432987646804
P_K10P6_CP30_NONE,4,2022-08-05,QAUR,-0.0007910295461751533
P_K10P6_CP30_NONE,4,2022-08-08,QAUR,-0.006934921629615202
P_K10P6_CP30_NONE,4,2022-08-09,QAUR,0.0063287193124615185
P_K10P6_CP30_NONE,4,2022-08-10,QAUR,0.01615101336435126
P_K10P6_CP30_NONE,4,2022-08-11,QAUR,0.015168626397506279
P_K10P6_CP30_NONE,4,2022-08-12,QAUR,-0.001486613185017884
P_K10P6_CP30_NONE,4,2022-08-15,QAUR,-0.00895429390932554
P_K10P6_CP30_NONE,4,2022-08-16,QAUR,0.0023274295195633075
P_K10P6_CP30_NONE,4,2022-08-17,QAUR,-0.0024452962515807263
P_K10P6_CP30_NONE,4,2022-08-18,QAUR,0.004134243292365331
P_K10P6_CP30_NONE,4,2022-08-19,QAUR,-0.004209829374366928
P_K10P6_CP30_NONE,4,2022-08-22,QAUR,0.0014348765861000787
P_K10P6_CP30_NONE,4,2022-08-23,QAUR,0.0011301391509340709
P_K10P6_CP30_NONE,4,2022-08-24,QAUR,0.0007795755512605578
P_K10P6_CP30_NONE,4,2022-08-25,QAUR,0.01479856181330794
P_K10P6_CP30_NONE,4,2022-08-26,QAUR,0.0035112402704120717
P_K10P6_CP30_NONE,4,2022-08-29,QAUR,-0.007633428404193416
P_K10P6_CP30_NONE,4,2022-08-30,QAUR,-0.008149573140677834
P_K10P6_CP30_NONE,4,2022-08-31,QAUR,0.014016523239201568
P_K10P6_CP30_NONE,5,2022-09-05,AUR,0.00036191515347925706
P_K10P6_CP30_NONE,5,2022-09-06,AUR,-2.665892482231263e-05
P_K10P6_CP30_NONE,5,2022-09-07,AUR,-0.013579088323664603
P_K10P6_CP30_NONE,5,2022-09-08,AUR,-0.008365985583323306
P_K10P6_CP30_NONE,5,2022-09-09,AUR,0.004032458371189309
P_K10P6_CP30_NONE,5,2022-09-12,AUR,-0.0004263392043249483
P_K10P6_CP30_NONE,5,2022-09-13,AUR,0.0033739610099068895
P_K10P6_CP30_NONE,5,2022-09-14,AUR,-0.005553405781206502
P_K10P6_CP30_NONE,5,2022-09-15,AUR,0.0035442026646478057
P_K10P6_CP30_NONE,5,2022-09-16,AUR,0.006372815968770273
P_K10P6_CP30_NONE,5,2022-09-19,AUR,-0.007029913237058029
P_K10P6_CP30_NONE,5,2022-09-20,AUR,0.007561072501278399
P_K10P6_CP30_NONE,5,2022-09-21,AUR,-0.008857609906978484
P_K10P6_CP30_NONE,5,2022-09-22,AUR,-0.0019256974061713777
P_K10P6_CP30_NONE,5,2022-09-23,AUR,-0.009904416391195506
P_K10P6_CP30_NONE,5,2022-09-26,AUR,-0.013249842621739602
P_K10P6_CP30_NONE,5,2022-09-27,AUR,-0.0048214479452604025
P_K10P6_CP30_NONE,5,2022-09-28,AUR,-0.003172168257053187
P_K10P6_CP30_NONE,5,2022-09-29,AUR,-0.0028634417101938
P_K10P6_CP30_NONE,5,2022-09-30,AUR,-0.004151913569542729
P_K10P6_CP30_NONE,5,2022-09-05,QAUR,-0.005682409716644748
P_K10P6_CP30_NONE,5,2022-09-06,QAUR,-0.002448387448981727
P_K10P6_CP30_NONE,5,2022-09-07,QAUR,-0.020378335190618664
P_K10P6_CP30_NONE,5,2022-09-08,QAUR,-0.00980412485427337
P_K10P6_CP30_NONE,5,2022-09-09,QAUR,0.00671712303199127
P_K10P6_CP30_NONE,5,2022-09-12,QAUR,-0.0013563621879561765
P_K10P6_CP30_NONE,5,2022-09-13,QAUR,0.0023913598807983783
P_K10P6_CP30_NONE,5,2022-09-14,QAUR,-0.002866991310426306
P_K10P6_CP30_NONE,5,2022-09-15,QAUR,0.008159149297520315
P_K10P6_CP30_NONE,5,2022-09-16,QAUR,0.0016214363917068124
P_K10P6_CP30_NONE,5,2022-09-19,QAUR,-0.008491312011089113
P_K10P6_CP30_NONE,5,2022-09-20,QAUR,0.0018313895719998762
P_K10P6_CP30_NONE,5,2022-09-21,QAUR,-0.002865524454962767
P_K10P6_CP30_NONE,5,2022-09-22,QAUR,-0.006409839860756349
P_K10P6_CP30_NONE,5,2022-09-23,QAUR,-0.010928114008155805
P_K10P6_CP30_NONE,5,2022-09-26,QAUR,-0.01652922864385408
P_K10P6_CP30_NONE,5,2022-09-27,QAUR,0.0014965625759263434
P_K10P6_CP30_NONE,5,2022-09-28,QAUR,-0.011142721514476532
P_K10P6_CP30_NONE,5,2022-09-29,QAUR,-0.0023406866295118435
P_K10P6_CP30_NONE,5,2022-09-30,QAUR,-6.577506170240503e-05
P_K10P6_CP30_NONE,6,2022-10-03,AUR,-0.014571748243456428
P_K10P6_CP30_NONE,6,2022-10-04,AUR,-0.0004924076842983838
P_K10P6_CP30_NONE,6,2022-10-05,AUR,-0.0038861713463690098
P_K10P6_CP30_NONE,6,2022-10-06,AUR,-0.04201657278985633
P_K10P6_CP30_NONE,6,2022-10-07,AUR,0.01975091113871775
P_K10P6_CP30_NONE,6,2022-10-10,AUR,0.02235891886546973
P_K10P6_CP30_NONE,6,2022-10-11,AUR,-0.01378133135129075
P_K10P6_CP30_NONE,6,2022-10-12,AUR,0.02348904786768881
P_K10P6_CP30_NONE,6,2022-10-13,AUR,0.003115746474891012
P_K10P6_CP30_NONE,6,2022-10-14,AUR,-0.0115257339783306
P_K10P6_CP30_NONE,6,2022-10-17,AUR,-0.00037415315929422593
P_K10P6_CP30_NONE,6,2022-10-18,AUR,-0.0015241488573073789
P_K10P6_CP30_NONE,6,2022-10-19,AUR,0.008708086531465802
P_K10P6_CP30_NONE,6,2022-10-20,AUR,-0.00245418748171682
P_K10P6_CP30_NONE,6,2022-10-21,AUR,-0.014750470596575993
P_K10P6_CP30_NONE,6,2022-10-24,AUR,-0.02546240767193243
P_K10P6_CP30_NONE,6,2022-10-25,AUR,-0.006502952237958123
P_K10P6_CP30_NONE,6,2022-10-26,AUR,-0.0062361174066136215
P_K10P6_CP30_NONE,6,2022-10-27,AUR,0.009382370276908573
P_K10P6_CP30_NONE,6,2022-10-28,AUR,0.02419153694815626
P_K10P6_CP30_NONE,6,2022-10-31,AUR,-0.025565285506096165
P_K10P6_CP30_NONE,6,2022-11-01,AUR,0.023083765084357822
P_K10P6_CP30_NONE,6,2022-10-03,QAUR,-0.015768728626327343
P_K10P6_CP30_NONE,6,2022-10-04,QAUR,-0.004414854452504138
P_K10P6_CP30_NONE,6,2022-10-05,QAUR,-0.0032368177939575507
P_K10P6_CP30_NONE,6,2022-10-06,QAUR,-0.04061133704900396
P_K10P6_CP30_NONE,6,2022-10-07,QAUR,0.02098308102246814
P_K10P6_CP30_NONE,6,2022-10-10,QAUR,0.021287299641751106
P_K10P6_CP30_NONE,6,2022-10-11,QAUR,-0.01433973359952632
P_K10P6_CP30_NONE,6,2022-10-12,QAUR,0.022340848505957175
P_K10P6_CP30_NONE,6,2022-10-13,QAUR,0.0021478161051763905
P_K10P6_CP30_NONE,6,2022-10-14,QAUR,-0.01123611641576162
P_K10P6_CP30_NONE,6,2022-10-17,QAUR,-0.0014335611622720023
P_K10P6_CP30_NONE,6,2022-10-18,QAUR,-0.0018546651167207513
P_K10P6_CP30_NONE,6,2022-10-19,QAUR,0.008265168944678953
P_K10P6_CP30_NONE,6,2022-10-20,QAUR,-0.0008163702655213105
P_K10P6_CP30_NONE,6,2022-10-21,QAUR,-0.014660344054456792
P_K10P6_CP30_NONE,6,2022-10-24,QAUR,-0.025510248965685836
P_K10P6_CP30_NONE,6,2022-10-25,QAUR,-0.005355006141410041
P_K10P6_CP30_NONE,6,2022-10-26,QAUR,-0.005115429246488825
P_K10P6_CP30_NONE,6,2022-10-27,QAUR,0.010879945208057814
P_K10P6_CP30_NONE,6,2022-10-28,QAUR,0.028393326174534272
P_K10P6_CP30_NONE,6,2022-10-31,QAUR,-0.026788343278062572
P_K10P6_CP30_NONE,6,2022-11-01,QAUR,0.023299686132077897
P_K10P6_CP30_NONE,7,2022-11-02,AUR,-0.012117667997977555
P_K10P6_CP30_NONE,7,2022-11-03,AUR,-0.00542423290744074
P_K10P6_CP30_NONE,7,2022-11-04,AUR,-0.01258444039860832
P_K10P6_CP30_NONE,7,2022-11-07,AUR,-0.001808843483211826
P_K10P6_CP30_NONE,7,2022-11-08,AUR,-0.011833673550306914
P_K10P6_CP30_NONE,7,2022-11-09,AUR,0.00109909740659285
P_K10P6_CP30_NONE,7,2022-11-10,AUR,-0.025352756325030763
P_K10P6_CP30_NONE,7,2022-11-11,AUR,0.0011606806212287992
P_K10P6_CP30_NONE,7,2022-11-14,AUR,-0.0034605245194662213
P_K10P6_CP30_NONE,7,2022-11-15,AUR,-0.028600987327821265
P_K10P6_CP30_NONE,7,2022-11-16,AUR,0.009758031832148493
P_K10P6_CP30_NONE,7,2022-11-17,AUR,0.024161775663867312
P_K10P6_CP30_NONE,7,2022-11-18,AUR,0.005601169552042044
P_K10P6_CP30_NONE,7,2022-11-21,AUR,-0.0032722364365515948
P_K10P6_CP30_NONE,7,2022-11-22,AUR,0.000812232907760127
P_K10P6_CP30_NONE,7,2022-11-23,AUR,-0.002635563436894931
P_K10P6_CP30_NONE,7,2022-11-24,AUR,-0.00027396379103482847
P_K10P6_CP30_NONE,7,2022-11-25,AUR,-0.009827062184756187
P_K10P6_CP30_NONE,7,2022-11-28,AUR,0.011555589924747204
P_K10P6_CP30_NONE,7,2022-11-29,AUR,0.0010156381458097316
P_K10P6_CP30_NONE,7,2022-11-30,AUR,0.005501906766873047
P_K10P6_CP30_NONE,7,2022-12-01,AUR,0.007062596600075955
P_K10P6_CP30_NONE,7,2022-11-02,QAUR,-0.002892530995307819
P_K10P6_CP30_NONE,7,2022-11-03,QAUR,0.0008713190379701874
P_K10P6_CP30_NONE,7,2022-11-04,QAUR,-0.007017552935869614
P_K10P6_CP30_NONE,7,2022-11-07,QAUR,-0.01375481406698052
P_K10P6_CP30_NONE,7,2022-11-08,QAUR,-0.006120777358034727
P_K10P6_CP30_NONE,7,2022-11-09,QAUR,0.010027393610573502
P_K10P6_CP30_NONE,7,2022-11-10,QAUR,-0.011780488572452688
P_K10P6_CP30_NONE,7,2022-11-11,QAUR,0.002326232429938219
P_K10P6_CP30_NONE,7,2022-11-14,QAUR,-0.007774758008032409
P_K10P6_CP30_NONE,7,2022-11-15,QAUR,-0.02646762350732225
P_K10P6_CP30_NONE,7,2022-11-16,QAUR,0.0077384277412099
P_K10P6_CP30_NONE,7,2022-11-17,QAUR,0.015461308403844184
P_K10P6_CP30_NONE,7,2022-11-18,QAUR,-0.009316996057150662
P_K10P6_CP30_NONE,7,2022-11-21,QAUR,0.002464268471636345
P_K10P6_CP30_NONE,7,2022-11-22,QAUR,-0.006163403714362848
P_K10P6_CP30_NONE,7,2022-11-23,QAUR,0.001261542840037523
P_K10P6_CP30_NONE,7,2022-11-24,QAUR,-0.005379384696509794
P_K10P6_CP30_NONE,7,2022-11-25,QAUR,0.009662127192228982
P_K10P6_CP30_NONE,7,2022-11-28,QAUR,0.00996351419526018
P_K10P6_CP30_NONE,7,2022-11-29,QAUR,-0.002909097825326403
P_K10P6_CP30_NONE,7,2022-11-30,QAUR,-0.0025037648821909057
P_K10P6_CP30_NONE,7,2022-12-01,QAUR,-0.009723957102126968
P_K10P6_CP30_NONE,8,2022-12-02,AUR,0.022741127774615223
P_K10P6_CP30_NONE,8,2022-12-05,AUR,0.007109681843710971
P_K10P6_CP30_NONE,8,2022-12-06,AUR,-0.015366477935161438
P_K10P6_CP30_NONE,8,2022-12-07,AUR,-0.0016301629977052408
P_K10P6_CP30_NONE,8,2022-12-08,AUR,0.005576925052001051
P_K10P6_CP30_NONE,8,2022-12-09,AUR,0.013825755771110664
P_K10P6_CP30_NONE,8,2022-12-12,AUR,-0.0007051655303808475
P_K10P6_CP30_NONE,8,2022-12-13,AUR,0.008316209819244767
P_K10P6_CP30_NONE,8,2022-12-14,AUR,-0.002932214042733386
P_K10P6_CP30_NONE,8,2022-12-15,AUR,0.006344141949580681
P_K10P6_CP30_NONE,8,2022-12-16,AUR,-0.0009196352535059474
P_K10P6_CP30_NONE,8,2022-12-19,AUR,-0.007661094256911893
P_K10P6_CP30_NONE,8,2022-12-20,AUR,-0.0035216265858485194
P_K10P6_CP30_NONE,8,2022-12-21,AUR,0.0010362108594624158
P_K10P6_CP30_NONE,8,2022-12-22,AUR,0.00530849595149665
P_K10P6_CP30_NONE,8,2022-12-23,AUR,-0.002216707603231055
P_K10P6_CP30_NONE,8,2022-12-26,AUR,-0.013669027045160102
P_K10P6_CP30_NONE,8,2022-12-27,AUR,-0.0026514105251455315
P_K10P6_CP30_NONE,8,2022-12-28,AUR,0.01351501328109761
P_K10P6_CP30_NONE,8,2022-12-29,AUR,-0.0015532094784606347
P_K10P6_CP30_NONE,8,2022-12-30,AUR,0.015058484055918319
P_K10P6_CP30_NONE,8,2022-12-02,QAUR,0.022691127774615186
P_K10P6_CP30_NONE,8,2022-12-05,QAUR,0.0071096818437110226
P_K10P6_CP30_NONE,8,2022-12-06,QAUR,-0.015366477935161375
P_K10P6_CP30_NONE,8,2022-12-07,QAUR,-0.0016301629977052273
P_K10P6_CP30_NONE,8,2022-12-08,QAUR,0.005576925052001031
P_K10P6_CP30_NONE,8,2022-12-09,QAUR,0.01382575577111066
P_K10P6_CP30_NONE,8,2022-12-12,QAUR,-0.0007051655303808532
P_K10P6_CP30_NONE,8,2022-12-13,QAUR,0.008316209819244769
P_K10P6_CP30_NONE,8,2022-12-14,QAUR,-0.002932214042733405
P_K10P6_CP30_NONE,8,2022-12-15,QAUR,0.006344141949580707
P_K10P6_CP30_NONE,8,2022-12-16,QAUR,-0.0009196352535059487
P_K10P6_CP30_NONE,8,2022-12-19,QAUR,-0.007661094256911907
P_K10P6_CP30_NONE,8,2022-12-20,QAUR,-0.0035216265858485428
P_K10P6_CP30_NONE,8,2022-12-21,QAUR,0.0010362108594624189
P_K10P6_CP30_NONE,8,2022-12-22,QAUR,0.0053084959514966956
P_K10P6_CP30_NONE,8,2022-12-23,QAUR,-0.0022167076032310095
P_K10P6_CP30_NONE,8,2022-12-26,QAUR,-0.013669027045160143
P_K10P6_CP30_NONE,8,2022-12-27,QAUR,-0.002651410525145544
P_K10P6_CP30_NONE,8,2022-12-28,QAUR,0.013515013281097589
P_K10P6_CP30_NONE,8,2022-12-29,QAUR,-0.0015532094784606112
P_K10P6_CP30_NONE,8,2022-12-30,QAUR,0.015058484055918347
P_K10P6_CP30_NONE,9,2023-01-03,AUR,0.012481388731246847
P_K10P6_CP30_NONE,9,2023-01-04,AUR,0.01546919334137458
P_K10P6_CP30_NONE,9,2023-01-05,AUR,0.01098585245175964
P_K10P6_CP30_NONE,9,2023-01-06,AUR,-0.01886260173097243
P_K10P6_CP30_NONE,9,2023-01-09,AUR,0.005327344789719703
P_K10P6_CP30_NONE,9,2023-01-10,AUR,-0.002998942932582779
P_K10P6_CP30_NONE,9,2023-01-11,AUR,0.009298686867449299
P_K10P6_CP30_NONE,9,2023-01-12,AUR,-0.0027615292502737275
P_K10P6_CP30_NONE,9,2023-01-13,AUR,-0.0037555765881751224
P_K10P6_CP30_NONE,9,2023-01-16,AUR,0.004659474915454668
P_K10P6_CP30_NONE,9,2023-01-17,AUR,0.00706357596909433
P_K10P6_CP30_NONE,9,2023-01-18,AUR,0.005932398404234305
P_K10P6_CP30_NONE,9,2023-01-19,AUR,0.011108717740282308
P_K10P6_CP30_NONE,9,2023-01-27,AUR,0.01245129783688478
P_K10P6_CP30_NONE,9,2023-01-30,AUR,-0.007439240188902277
P_K10P6_CP30_NONE,9,2023-01-31,AUR,0.017463731517459335
P_K10P6_CP30_NONE,9,2023-02-01,AUR,-0.009530050555051132
P_K10P6_CP30_NONE,9,2023-01-03,QAUR,0.011237890005797247
P_K10P6_CP30_NONE,9,2023-01-04,QAUR,0.0015956390310153234
P_K10P6_CP30_NONE,9,2023-01-05,QAUR,0.008849674114638027
P_K10P6_CP30_NONE,9,2023-01-06,QAUR,-0.00584096407913371
P_K10P6_CP30_NONE,9,2023-01-09,QAUR,0.0009207020860166823
P_K10P6_CP30_NONE,9,2023-01-10,QAUR,-0.00314321339079571
P_K10P6_CP30_NONE,9,2023-01-11,QAUR,0.014045791796582469
P_K10P6_CP30_NONE,9,2023-01-12,QAUR,0.000818880873958639
P_K10P6_CP30_NONE,9,2023-01-13,QAUR,-0.005497679504713212
P_K10P6_CP30_NONE,9,2023-01-16,QAUR,-0.008988304267877369
P_K10P6_CP30_NONE,9,2023-01-17,QAUR,0.007766448884905921
P_K10P6_CP30_NONE,9,2023-01-18,QAUR,0.009241027308416395
P_K10P6_CP30_NONE,9,2023-01-19,QAUR,0.012473706709816079
P_K10P6_CP30_NONE,9,2023-01-27,QAUR,0.012087190598700129
P_K10P6_CP30_NONE,9,2023-01-30,QAUR,-0.0018206982027344238
P_K10P6_CP30_NONE,9,2023-01-31,QAUR,0.01177346672510151
P_K10P6_CP30_NONE,9,2023-02-01,QAUR,0.001189323850043571
P_K10P6_CP30_NONE,10,2023-02-02,AUR,-0.00010174921968056708
P_K10P6_CP30_NONE,10,2023-02-03,AUR,-0.008734462931642022
P_K10P6_CP30_NONE,10,2023-02-06,AUR,0.0018852951502298476
P_K10P6_CP30_NONE,10,2023-02-07,AUR,0.004490578627761393
P_K10P6_CP30_NONE,10,2023-02-08,AUR,0.008171066642143274
P_K10P6_CP30_NONE,10,2023-02-09,AUR,-0.0009605341590702412
P_K10P6_CP30_NONE,10,2023-02-10,AUR,-0.003313025524842087
P_K10P6_CP30_NONE,10,2023-02-13,AUR,-0.0077500483452612725
P_K10P6_CP30_NONE,10,2023-02-14,AUR,0.003963763525408741
P_K10P6_CP30_NONE,10,2023-02-15,AUR,-0.0025233638668113504
P_K10P6_CP30_NONE,10,2023-02-16,AUR,0.0011144192705812416
P_K10P6_CP30_NONE,10,2023-02-17,AUR,0.017841757445722806
P_K10P6_CP30_NONE,10,2023-02-20,AUR,-0.004412162618303177
P_K10P6_CP30_NONE,10,2023-02-21,AUR,-0.004988277128819363
P_K10P6_CP30_NONE,10,2023-02-22,AUR,0.0030808456401816
P_K10P6_CP30_NONE,10,2023-02-23,AUR,-0.005529317132342195
P_K10P6_CP30_NONE,10,2023-02-24,AUR,0.0024146086473435546
P_K10P6_CP30_NONE,10,2023-02-27,AUR,-0.0014365757883396842
P_K10P6_CP30_NONE,10,2023-02-28,AUR,0.007345845851117477
P_K10P6_CP30_NONE,10,2023-03-01,AUR,-0.0040769127528681275
P_K10P6_CP30_NONE,10,2023-02-02,QAUR,-0.0027791483548434497
P_K10P6_CP30_NONE,10,2023-02-03,QAUR,-0.005002823801035953
P_K10P6_CP30_NONE,10,2023-02-06,QAUR,0.0038665787322787588
P_K10P6_CP30_NONE,10,2023-02-07,QAUR,0.010741956729182727
P_K10P6_CP30_NONE,10,2023-02-08,QAUR,0.02079235822258038
P_K10P6_CP30_NONE,10,2023-02-09,QAUR,-0.009257544674260123
P_K10P6_CP30_NONE,10,2023-02-10,QAUR,0.005972889505876679
P_K10P6_CP30_NONE,10,2023-02-13,QAUR,-0.0037983800592376075
P_K10P6_CP30_NONE,10,2023-02-14,QAUR,0.0016740009731115056
P_K10P6_CP30_NONE,10,2023-02-15,QAUR,-0.0014845767183417672
P_K10P6_CP30_NONE,10,2023-02-16,QAUR,-0.0060953943739318565
P_K10P6_CP30_NONE,10,2023-02-17,QAUR,0.0014058179455636892
P_K10P6_CP30_NONE,10,2023-02-20,QAUR,5.001073449120282e-06
P_K10P6_CP30_NONE,10,2023-02-21,QAUR,0.0025249230223982917
P_K10P6_CP30_NONE,10,2023-02-22,QAUR,-0.006761206345490003
P_K10P6_CP30_NONE,10,2023-02-23,QAUR,-0.0076942365943564696
P_K10P6_CP30_NONE,10,2023-02-24,QAUR,-0.008258002036131923
P_K10P6_CP30_NONE,10,2023-02-27,QAUR,0.0014384336421152675
P_K10P6_CP30_NONE,10,2023-02-28,QAUR,0.008376972293086933
P_K10P6_CP30_NONE,10,2023-03-01,QAUR,0.005504460654136217
P_K10P6_CP30_NONE,11,2023-03-02,AUR,-0.004108065825738947
P_K10P6_CP30_NONE,11,2023-03-03,AUR,0.0026134625150040806
P_K10P6_CP30_NONE,11,2023-03-06,AUR,0.004890837157228482
P_K10P6_CP30_NONE,11,2023-03-07,AUR,0.005870241488836955
P_K10P6_CP30_NONE,11,2023-03-08,AUR,-0.010190960192097276
P_K10P6_CP30_NONE,11,2023-03-09,AUR,0.00038382046863089667
P_K10P6_CP30_NONE,11,2023-03-10,AUR,0.0017487982703386462
P_K10P6_CP30_NONE,11,2023-03-13,AUR,0.0019388783257124043
P_K10P6_CP30_NONE,11,2023-03-14,AUR,-0.012226270068133248
P_K10P6_CP30_NONE,11,2023-03-15,AUR,0.01890493502874237
P_K10P6_CP30_NONE,11,2023-03-16,AUR,0.008596482401378804
P_K10P6_CP30_NONE,11,2023-03-17,AUR,0.0038640780717391016
P_K10P6_CP30_NONE,11,2023-03-20,AUR,0.00663704332892158
P_K10P6_CP30_NONE,11,2023-03-21,AUR,-0.006048647365008618
P_K10P6_CP30_NONE,11,2023-03-22,AUR,-0.0019377264697542414
P_K10P6_CP30_NONE,11,2023-03-23,AUR,-0.005131650134582614
P_K10P6_CP30_NONE,11,2023-03-24,AUR,-0.0002827812505006564
P_K10P6_CP30_NONE,11,2023-03-27,AUR,-0.002271330816404859
P_K10P6_CP30_NONE,11,2023-03-28,AUR,0.003514416530644355
P_K10P6_CP30_NONE,11,2023-03-29,AUR,0.007678917746220867
P_K10P6_CP30_NONE,11,2023-03-30,AUR,-0.0064311552315142245
P_K10P6_CP30_NONE,11,2023-03-31,AUR,-0.012819208371446046
P_K10P6_CP30_NONE,11,2023-03-02,QAUR,-0.0004589536963645754
P_K10P6_CP30_NONE,11,2023-03-03,QAUR,-0.0021297492354005717
P_K10P6_CP30_NONE,11,2023-03-06,QAUR,0.001485572388327347
P_K10P6_CP30_NONE,11,2023-03-07,QAUR,0.005628695712954856
P_K10P6_CP30_NONE,11,2023-03-08,QAUR,-0.010190960192097268
P_K10P6_CP30_NONE,11,2023-03-09,QAUR,-0.00038264893538211223
P_K10P6_CP30_NONE,11,2023-03-10,QAUR,0.0017487982703386436
P_K10P6_CP30_NONE,11,2023-03-13,QAUR,0.004185983749234647
P_K10P6_CP30_NONE,11,2023-03-14,QAUR,-0.004779776058112002
P_K10P6_CP30_NONE,11,2023-03-15,QAUR,0.012718341844203038
P_K10P6_CP30_NONE,11,2023-03-16,QAUR,0.003685004009949638
P_K10P6_CP30_NONE,11,2023-03-17,QAUR,0.006950497824825521
P_K10P6_CP30_NONE,11,2023-03-20,QAUR,0.010510165012606426
P_K10P6_CP30_NONE,11,2023-03-21,QAUR,-0.009392912184291426
P_K10P6_CP30_NONE,11,2023-03-22,QAUR,-0.004102523067545187
P_K10P6_CP30_NONE,11,2023-03-23,QAUR,-0.005992430705289636
P_K10P6_CP30_NONE,11,2023-03-24,QAUR,-0.0010779266784144677
P_K10P6_CP30_NONE,11,2023-03-27,QAUR,-7.81055991579847e-05
P_K10P6_CP30_NONE,11,2023-03-28,QAUR,0.0009422420834699578
P_K10P6_CP30_NONE,11,2023-03-29,QAUR,0.006032827211241456
P_K10P6_CP30_NONE,11,2023-03-30,QAUR,-0.0072671485435677535
P_K10P6_CP30_NONE,11,2023-03-31,QAUR,-0.009977443164773444
P_K10P6_CP30_NONE,12,2023-04-03,AUR,0.005445528575049196
P_K10P6_CP30_NONE,12,2023-04-04,AUR,0.0012344820559237264
P_K10P6_CP30_NONE,12,2023-04-05,AUR,-0.001362384571136161
P_K10P6_CP30_NONE,12,2023-04-06,AUR,0.0059097735872722336
P_K10P6_CP30_NONE,12,2023-04-07,AUR,-0.010796814081662144
P_K10P6_CP30_NONE,12,2023-04-10,AUR,0.000521992678060303
P_K10P6_CP30_NONE,12,2023-04-11,AUR,0.0008530691928123903
P_K10P6_CP30_NONE,12,2023-04-12,AUR,0.00654532739881299
P_K10P6_CP30_NONE,12,2023-04-13,AUR,2.8917965176336038e-05
P_K10P6_CP30_NONE,12,2023-04-14,AUR,-0.00017329809710026328
P_K10P6_CP30_NONE,12,2023-04-17,AUR,0.0017898721996656524
P_K10P6_CP30_NONE,12,2023-04-18,AUR,-0.009149584016112898
P_K10P6_CP30_NONE,12,2023-04-19,AUR,-0.0011605509591129841
P_K10P6_CP30_NONE,12,2023-04-20,AUR,-0.006547710286178935
P_K10P6_CP30_NONE,12,2023-04-21,AUR,0.002150306547084181
P_K10P6_CP30_NONE,12,2023-04-24,AUR,-0.00016526067102439444
P_K10P6_CP30_NONE,12,2023-04-25,AUR,-0.0012680811798368408
P_K10P6_CP30_NONE,12,2023-04-26,AUR,0.005429800652024424
P_K10P6_CP30_NONE,12,2023-04-27,AUR,0.0040883014379493095
P_K10P6_CP30_NONE,12,2023-04-28,AUR,-0.006461060326263736
P_K10P6_CP30_NONE,12,2023-04-03,QAUR,0.0038356973447757664
P_K10P6_CP30_NONE,12,2023-04-04,QAUR,0.005761213316990056
P_K10P6_CP30_NONE,12,2023-04-05,QAUR,-0.004549950170312237
P_K10P6_CP30_NONE,12,2023-04-06,QAUR,0.00624761142511008
P_K10P6_CP30_NONE,12,2023-04-07,QAUR,-0.009137688893125311
P_K10P6_CP30_NONE,12,2023-04-10,QAUR,0.00268992506479812
P_K10P6_CP30_NONE,12,2023-04-11,QAUR,0.0002468264469990848
P_K10P6_CP30_NONE,12,2023-04-12,QAUR,0.006475149457823309
P_K10P6_CP30_NONE,12,2023-04-13,QAUR,2.8917965176422774e-05
P_K10P6_CP30_NONE,12,2023-04-14,QAUR,-0.0011192097801436818
P_K10P6_CP30_NONE,12,2023-04-17,QAUR,-0.0009860135858006137
P_K10P6_CP30_NONE,12,2023-04-18,QAUR,-0.0049169839421876645
P_K10P6_CP30_NONE,12,2023-04-19,QAUR,0.005502724988875345
P_K10P6_CP30_NONE,12,2023-04-20,QAUR,-0.00660973774114038
P_K10P6_CP30_NONE,12,2023-04-21,QAUR,-0.0023090254839516827
P_K10P6_CP30_NONE,12,2023-04-24,QAUR,0.0036738254196327447
P_K10P6_CP30_NONE,12,2023-04-25,QAUR,-0.004075660907429278
P_K10P6_CP30_NONE,12,2023-04-26,QAUR,0.011264507587385262
P_K10P6_CP30_NONE,12,2023-04-27,QAUR,0.004407688215336735
P_K10P6_CP30_NONE,12,2023-04-28,QAUR,-0.011816111354475366
P_K10P6_CP30_NONE,13,2023-05-04,AUR,0.0032220051367925877
P_K10P6_CP30_NONE,13,2023-05-05,AUR,0.005773491828647557
P_K10P6_CP30_NONE,13,2023-05-08,AUR,0.007897314573725833
P_K10P6_CP30_NONE,13,2023-05-09,AUR,0.018444940729280816
P_K10P6_CP30_NONE,13,2023-05-10,AUR,0.0019628087965826327
P_K10P6_CP30_NONE,13,2023-05-11,AUR,0.012353287059035543
P_K10P6_CP30_NONE,13,2023-05-12,AUR,0.002031134542984417
P_K10P6_CP30_NONE,13,2023-05-15,AUR,0.007980176016352094
P_K10P6_CP30_NONE,13,2023-05-16,AUR,0.003854335407194918
P_K10P6_CP30_NONE,13,2023-05-17,AUR,0.002995832919542285
P_K10P6_CP30_NONE,13,2023-05-18,AUR,-0.007626037864327338
P_K10P6_CP30_NONE,13,2023-05-19,AUR,0.0017719826011166444
P_K10P6_CP30_NONE,13,2023-05-22,AUR,0.00800003807259019
P_K10P6_CP30_NONE,13,2023-05-23,AUR,-0.0028491981239313364
P_K10P6_CP30_NONE,13,2023-05-24,AUR,0.005645604958203247
P_K10P6_CP30_NONE,13,2023-05-25,AUR,-0.009304071917977963
P_K10P6_CP30_NONE,13,2023-05-26,AUR,0.014687926530284882
P_K10P6_CP30_NONE,13,2023-05-29,AUR,0.002692157074260618
P_K10P6_CP30_NONE,13,2023-05-30,AUR,0.0016607255879050598
P_K10P6_CP30_NONE,13,2023-05-31,AUR,0.00879617923355047
P_K10P6_CP30_NONE,13,2023-06-01,AUR,0.0024109563688534835
P_K10P6_CP30_NONE,13,2023-05-04,QAUR,0.003351391052452129
P_K10P6_CP30_NONE,13,2023-05-05,QAUR,0.006934277541085914
P_K10P6_CP30_NONE,13,2023-05-08,QAUR,0.008010265502731916
P_K10P6_CP30_NONE,13,2023-05-09,QAUR,0.017688825086481053
P_K10P6_CP30_NONE,13,2023-05-10,QAUR,0.0026171349925861007
P_K10P6_CP30_NONE,13,2023-05-11,QAUR,0.015366934330085385
P_K10P6_CP30_NONE,13,2023-05-12,QAUR,0.0016420192343788646
P_K10P6_CP30_NONE,13,2023-05-15,QAUR,0.007795939346027284
P_K10P6_CP30_NONE,13,2023-05-16,QAUR,0.0046116035808602945
P_K10P6_CP30_NONE,13,2023-05-17,QAUR,0.004391635497890272
P_K10P6_CP30_NONE,13,2023-05-18,QAUR,-0.008872030544475657
P_K10P6_CP30_NONE,13,2023-05-19,QAUR,0.0019416552418710827
P_K10P6_CP30_NONE,13,2023-05-22,QAUR,0.007607949831619969
P_K10P6_CP30_NONE,13,2023-05-23,QAUR,-0.0022083787258113134
P_K10P6_CP30_NONE,13,2023-05-24,QAUR,0.0076747454591677595
P_K10P6_CP30_NONE,13,2023-05-25,QAUR,-0.009672418465537255
P_K10P6_CP30_NONE,13,2023-05-26,QAUR,0.017178135194161573
P_K10P6_CP30_NONE,13,2023-05-29,QAUR,0.004279762762888411
P_K10P6_CP30_NONE,13,2023-05-30,QAUR,0.0016425557022499686
P_K10P6_CP30_NONE,13,2023-05-31,QAUR,0.007881980303522128
P_K10P6_CP30_NONE,13,2023-06-01,QAUR,0.002205953913230075
P_K10P6_CP30_NONE,14,2023-06-02,AUR,0.00014713881671657133
P_K10P6_CP30_NONE,14,2023-06-05,AUR,-0.0017812972385521878
P_K10P6_CP30_NONE,14,2023-06-06,AUR,-0.0012213207870840413
P_K10P6_CP30_NONE,14,2023-06-07,AUR,0.009206930129352905
P_K10P6_CP30_NONE,14,2023-06-08,AUR,-0.0002630843364147529
P_K10P6_CP30_NONE,14,2023-06-09,AUR,-0.007285479443437692
P_K10P6_CP30_NONE,14,2023-06-12,AUR,0.010335860645294974
P_K10P6_CP30_NONE,14,2023-06-13,AUR,0.0018501929669177619
P_K10P6_CP30_NONE,14,2023-06-14,AUR,-0.0035793773785608492
P_K10P6_CP30_NONE,14,2023-06-15,AUR,0.004723910723969164
P_K10P6_CP30_NONE,14,2023-06-16,AUR,0.00015823087821354516
P_K10P6_CP30_NONE,14,2023-06-19,AUR,-0.0021042139908254882
P_K10P6_CP30_NONE,14,2023-06-20,AUR,-0.0024889152380196495
P_K10P6_CP30_NONE,14,2023-06-21,AUR,0.002285855749567972
P_K10P6_CP30_NONE,14,2023-06-22,AUR,-0.00047939910960782144
P_K10P6_CP30_NONE,14,2023-06-23,AUR,0.00012467182984599262
P_K10P6_CP30_NONE,14,2023-06-26,AUR,-0.0011551808174617116
P_K10P6_CP30_NONE,14,2023-06-27,AUR,0.01012183829747171
P_K10P6_CP30_NONE,14,2023-06-28,AUR,0.001283036032675917
P_K10P6_CP30_NONE,14,2023-06-29,AUR,-0.005157719687742834
P_K10P6_CP30_NONE,14,2023-06-30,AUR,-0.0026589120157626137
P_K10P6_CP30_NONE,14,2023-06-02,QAUR,0.00014713881585269855
P_K10P6_CP30_NONE,14,2023-06-05,QAUR,-0.0017812972786108781
P_K10P6_CP30_NONE,14,2023-06-06,QAUR,-0.0012213206672749286
P_K10P6_CP30_NONE,14,2023-06-07,QAUR,0.009206930146347488
P_K10P6_CP30_NONE,14,2023-06-08,QAUR,-0.0002630843594056025
P_K10P6_CP30_NONE,14,2023-06-09,QAUR,-0.007285479433866836
P_K10P6_CP30_NONE,14,2023-06-12,QAUR,0.010335860492766634
P_K10P6_CP30_NONE,14,2023-06-13,QAUR,0.0018501929212520521
P_K10P6_CP30_NONE,14,2023-06-14,QAUR,-0.0035793773992172217
P_K10P6_CP30_NONE,14,2023-06-15,QAUR,0.004723910704635106
P_K10P6_CP30_NONE,14,2023-06-16,QAUR,0.00015823074003006835
P_K10P6_CP30_NONE,14,2023-06-19,QAUR,-0.002104214035595987
P_K10P6_CP30_NONE,14,2023-06-20,QAUR,-0.0024889152197624907
P_K10P6_CP30_NONE,14,2023-06-21,QAUR,0.0022858557523495323
P_K10P6_CP30_NONE,14,2023-06-22,QAUR,-0.0004793991000582694
P_K10P6_CP30_NONE,14,2023-06-23,QAUR,0.00012467175737913003
P_K10P6_CP30_NONE,14,2023-06-26,QAUR,-0.001155180848630598
P_K10P6_CP30_NONE,14,2023-06-27,QAUR,0.01012183816744043
P_K10P6_CP30_NONE,14,2023-06-28,QAUR,0.0012830360353877311
P_K10P6_CP30_NONE,14,2023-06-29,QAUR,-0.005157719694245236
P_K10P6_CP30_NONE,14,2023-06-30,QAUR,-0.0026589120060841903
P_K10P6_CP30_NONE,15,2023-07-03,AUR,-0.000988058023981597
P_K10P6_CP30_NONE,15,2023-07-04,AUR,0.0005093000275388291
P_K10P6_CP30_NONE,15,2023-07-05,AUR,0.0012205138485780766
P_K10P6_CP30_NONE,15,2023-07-06,AUR,-0.0045870911752347214
P_K10P6_CP30_NONE,15,2023-07-07,AUR,0.007021432461787665
P_K10P6_CP30_NONE,15,2023-07-10,AUR,0.006166551023859882
P_K10P6_CP30_NONE,15,2023-07-11,AUR,0.0007767386134948
P_K10P6_CP30_NONE,15,2023-07-12,AUR,0.000901900229788337
P_K10P6_CP30_NONE,15,2023-07-13,AUR,0.002561455202058128
P_K10P6_CP30_NONE,15,2023-07-14,AUR,-0.0028680446805008785
P_K10P6_CP30_NONE,15,2023-07-17,AUR,0.00044551403616098083
P_K10P6_CP30_NONE,15,2023-07-18,AUR,0.006684029230596146
P_K10P6_CP30_NONE,15,2023-07-19,AUR,-0.0035373584842159564
P_K10P6_CP30_NONE,15,2023-07-20,AUR,-0.0037399370801599564
P_K10P6_CP30_NONE,15,2023-07-21,AUR,0.004635839008290836
P_K10P6_CP30_NONE,15,2023-07-24,AUR,0.0015389216770781019
P_K10P6_CP30_NONE,15,2023-07-25,AUR,-0.0017108894278657434
P_K10P6_CP30_NONE,15,2023-07-26,AUR,-0.0006529093187115715
P_K10P6_CP30_NONE,15,2023-07-27,AUR,0.0015658942039658893
P_K10P6_CP30_NONE,15,2023-07-28,AUR,-0.0007356484784807561
P_K10P6_CP30_NONE,15,2023-07-31,AUR,-0.0033757655650168005
P_K10P6_CP30_NONE,15,2023-08-01,AUR,0.0006659284577834254
P_K10P6_CP30_NONE,15,2023-07-03,QAUR,0.0009587592457807664
P_K10P6_CP30_NONE,15,2023-07-04,QAUR,-0.002212655883609708
P_K10P6_CP30_NONE,15,2023-07-05,QAUR,0.0008358796774803022
P_K10P6_CP30_NONE,15,2023-07-06,QAUR,1.498569939266392e-05
P_K10P6_CP30_NONE,15,2023-07-07,QAUR,0.004446428983382718
P_K10P6_CP30_NONE,15,2023-07-10,QAUR,0.005829351295784667
P_K10P6_CP30_NONE,15,2023-07-11,QAUR,0.0034101188761604642
P_K10P6_CP30_NONE,15,2023-07-12,QAUR,-0.0016912808038550724
P_K10P6_CP30_NONE,15,2023-07-13,QAUR,0.0018079099865554555
P_K10P6_CP30_NONE,15,2023-07-14,QAUR,0.0007135246729524236
P_K10P6_CP30_NONE,15,2023-07-17,QAUR,1.6343435151195658e-05
P_K10P6_CP30_NONE,15,2023-07-18,QAUR,0.003297924130759148
P_K10P6_CP30_NONE,15,2023-07-19,QAUR,0.0020118805136529884
P_K10P6_CP30_NONE,15,2023-07-20,QAUR,-0.0032021526243965343
P_K10P6_CP30_NONE,15,2023-07-21,QAUR,0.009044130374364093
P_K10P6_CP30_NONE,15,2023-07-24,QAUR,-0.00041411859721431684
P_K10P6_CP30_NONE,15,2023-07-25,QAUR,-0.000517861981756261
P_K10P6_CP30_NONE,15,2023-07-26,QAUR,0.00041160593027695356
P_K10P6_CP30_NONE,15,2023-07-27,QAUR,-0.0024647097848465756
P_K10P6_CP30_NONE,15,2023-07-28,QAUR,-0.0014165860963102398
P_K10P6_CP30_NONE,15,2023-07-31,QAUR,-0.004342186737699375
P_K10P6_CP30_NONE,15,2023-08-01,QAUR,0.005563266009373021
P_K10P6_CP30_NONE,16,2023-08-02,AUR,-0.004791351486303903
P_K10P6_CP30_NONE,16,2023-08-03,AUR,-0.0017022412120692052
P_K10P6_CP30_NONE,16,2023-08-04,AUR,0.003108414803787487
P_K10P6_CP30_NONE,16,2023-08-07,AUR,0.015606187586787106
P_K10P6_CP30_NONE,16,2023-08-08,AUR,-0.0017501740148311213
P_K10P6_CP30_NONE,16,2023-08-09,AUR,-0.0018480805734133227
P_K10P6_CP30_NONE,16,2023-08-10,AUR,-0.012965595038633636
P_K10P6_CP30_NONE,16,2023-08-11,AUR,-0.007872863549366562
P_K10P6_CP30_NONE,16,2023-08-14,AUR,0.0023439373392982192
P_K10P6_CP30_NONE,16,2023-08-15,AUR,-0.002309745687109649
P_K10P6_CP30_NONE,16,2023-08-16,AUR,-0.0005308306042062007
P_K10P6_CP30_NONE,16,2023-08-17,AUR,-0.00433061575174848
P_K10P6_CP30_NONE,16,2023-08-18,AUR,-0.009566929931672916
P_K10P6_CP30_NONE,16,2023-08-21,AUR,0.001466634870261619
P_K10P6_CP30_NONE,16,2023-08-22,AUR,-0.0014043331209911637
P_K10P6_CP30_NONE,16,2023-08-23,AUR,0.004950607641747876
P_K10P6_CP30_NONE,16,2023-08-24,AUR,0.0005586011374529454
P_K10P6_CP30_NONE,16,2023-08-25,AUR,0.00924838513048434
P_K10P6_CP30_NONE,16,2023-08-28,AUR,0.0013276861966677682
P_K10P6_CP30_NONE,16,2023-08-29,AUR,-0.008605840217518437
P_K10P6_CP30_NONE,16,2023-08-30,AUR,0.002095516161208451
P_K10P6_CP30_NONE,16,2023-08-31,AUR,-0.0051312505416254055
P_K10P6_CP30_NONE,16,2023-08-02,QAUR,-0.0055534309446214555
P_K10P6_CP30_NONE,16,2023-08-03,QAUR,-0.003028077062737246
P_K10P6_CP30_NONE,16,2023-08-04,QAUR,0.003299736629850414
P_K10P6_CP30_NONE,16,2023-08-07,QAUR,0.01573985617836379
P_K10P6_CP30_NONE,16,2023-08-08,QAUR,-0.0010397252247506652
P_K10P6_CP30_NONE,16,2023-08-09,QAUR,-0.0026275634839980607
P_K10P6_CP30_NONE,16,2023-08-10,QAUR,-0.011840372407843231
P_K10P6_CP30_NONE,16,2023-08-11,QAUR,-0.00660554207095757
P_K10P6_CP30_NONE,16,2023-08-14,QAUR,0.002148135064335265
P_K10P6_CP30_NONE,16,2023-08-15,QAUR,-0.001581294143580799
P_K10P6_CP30_NONE,16,2023-08-16,QAUR,-0.0011668795648935833
P_K10P6_CP30_NONE,16,2023-08-17,QAUR,-0.002740100749908042
P_K10P6_CP30_NONE,16,2023-08-18,QAUR,-0.011010125212669608
P_K10P6_CP30_NONE,16,2023-08-21,QAUR,0.001151762256217174
P_K10P6_CP30_NONE,16,2023-08-22,QAUR,-0.0017017153002283156
P_K10P6_CP30_NONE,16,2023-08-23,QAUR,0.006472996897218603
P_K10P6_CP30_NONE,16,2023-08-24,QAUR,-0.0009665188151235854
P_K10P6_CP30_NONE,16,2023-08-25,QAUR,0.00847860871697996
P_K10P6_CP30_NONE,16,2023-08-28,QAUR,0.0030874718302031125
P_K10P6_CP30_NONE,16,2023-08-29,QAUR,-0.00944255681119829
P_K10P6_CP30_NONE,16,2023-08-30,QAUR,0.0019794274872803473
P_K10P6_CP30_NONE,16,2023-08-31,QAUR,-0.0026533621754176668
P_K10P6_CP30_NONE,17,2023-09-05,AUR,0.0015508281541619564
P_K10P6_CP30_NONE,17,2023-09-06,AUR,-0.0014244988092016182
P_K10P6_CP30_NONE,17,2023-09-07,AUR,0.0027689624170343136
P_K10P6_CP30_NONE,17,2023-09-08,AUR,0.003427843154731419
P_K10P6_CP30_NONE,17,2023-09-11,AUR,0.0037177529874226904
P_K10P6_CP30_NONE,17,2023-09-12,AUR,-0.003519283721222964
P_K10P6_CP30_NONE,17,2023-09-13,AUR,0.0077636441750127735
P_K10P6_CP30_NONE,17,2023-09-14,AUR,-0.0016977817475193626
P_K10P6_CP30_NONE,17,2023-09-15,AUR,-0.0031651031045967252
P_K10P6_CP30_NONE,17,2023-09-18,AUR,-0.005455051398870372
P_K10P6_CP30_NONE,17,2023-09-19,AUR,-0.0001317310881277546
P_K10P6_CP30_NONE,17,2023-09-20,AUR,0.005968814829987682
P_K10P6_CP30_NONE,17,2023-09-21,AUR,-0.00902558281669812
P_K10P6_CP30_NONE,17,2023-09-22,AUR,-0.004279638637829239
P_K10P6_CP30_NONE,17,2023-09-25,AUR,6.017221007004756e-05
P_K10P6_CP30_NONE,17,2023-09-26,AUR,-0.007330407949869228
P_K10P6_CP30_NONE,17,2023-09-27,AUR,0.0047308465500175275
P_K10P6_CP30_NONE,17,2023-09-28,AUR,0.004385033573238089
P_K10P6_CP30_NONE,17,2023-09-29,AUR,0.0023745612268223993
P_K10P6_CP30_NONE,17,2023-09-05,QAUR,0.002672238671136226
P_K10P6_CP30_NONE,17,2023-09-06,QAUR,0.007087648362208133
P_K10P6_CP30_NONE,17,2023-09-07,QAUR,-0.004021638161632044
P_K10P6_CP30_NONE,17,2023-09-08,QAUR,-0.0024005572745448476
P_K10P6_CP30_NONE,17,2023-09-11,QAUR,0.003796967549350621
P_K10P6_CP30_NONE,17,2023-09-12,QAUR,-0.004141448348707843
P_K10P6_CP30_NONE,17,2023-09-13,QAUR,0.009708477815665464
P_K10P6_CP30_NONE,17,2023-09-14,QAUR,0.00523432476788974
P_K10P6_CP30_NONE,17,2023-09-15,QAUR,0.010824916868525748
P_K10P6_CP30_NONE,17,2023-09-18,QAUR,-0.0067903460756628085
P_K10P6_CP30_NONE,17,2023-09-19,QAUR,0.000477741665255852
P_K10P6_CP30_NONE,17,2023-09-20,QAUR,0.00013300882977646498
P_K10P6_CP30_NONE,17,2023-09-21,QAUR,-0.0030123376354932114
P_K10P6_CP30_NONE,17,2023-09-22,QAUR,0.005388376557054063
P_K10P6_CP30_NONE,17,2023-09-25,QAUR,-0.014047742741590966
P_K10P6_CP30_NONE,17,2023-09-26,QAUR,-0.006541680957922242
P_K10P6_CP30_NONE,17,2023-09-27,QAUR,0.006107916491132631
P_K10P6_CP30_NONE,17,2023-09-28,QAUR,0.0029319269400898463
P_K10P6_CP30_NONE,17,2023-09-29,QAUR,0.00546916139250631
P_K10P6_CP30_NONE,18,2023-10-02,AUR,-0.0009162822811761549
P_K10P6_CP30_NONE,18,2023-10-03,AUR,-0.005814246717427019
P_K10P6_CP30_NONE,18,2023-10-04,AUR,-0.002258089169411373
P_K10P6_CP30_NONE,18,2023-10-05,AUR,0.003208078190425444
P_K10P6_CP30_NONE,18,2023-10-06,AUR,0.004810046175923161
P_K10P6_CP30_NONE,18,2023-10-09,AUR,-0.00122679590479738
P_K10P6_CP30_NONE,18,2023-10-10,AUR,0.0019090245653574044
P_K10P6_CP30_NONE,18,2023-10-11,AUR,0.0036957412977128064
P_K10P6_CP30_NONE,18,2023-10-12,AUR,0.007932388021840367
P_K10P6_CP30_NONE,18,2023-10-13,AUR,-0.0021493264475997273
P_K10P6_CP30_NONE,18,2023-10-16,AUR,-0.0017493330102149188
P_K10P6_CP30_NONE,18,2023-10-17,AUR,0.00031359363736490394
P_K10P6_CP30_NONE,18,2023-10-18,AUR,-0.008877362779976044
P_K10P6_CP30_NONE,18,2023-10-19,AUR,-0.002111377310005823
P_K10P6_CP30_NONE,18,2023-10-20,AUR,0.0026337305065561815
P_K10P6_CP30_NONE,18,2023-10-23,AUR,-0.007932296165917082
P_K10P6_CP30_NONE,18,2023-10-24,AUR,-0.004689356881280723
P_K10P6_CP30_NONE,18,2023-10-25,AUR,0.0030453366175783843
P_K10P6_CP30_NONE,18,2023-10-26,AUR,-0.030312075530713675
P_K10P6_CP30_NONE,18,2023-10-27,AUR,-0.0008163397962354306
P_K10P6_CP30_NONE,18,2023-10-30,AUR,0.01122250341955363
P_K10P6_CP30_NONE,18,2023-10-31,AUR,-0.011388892458089791
P_K10P6_CP30_NONE,18,2023-11-01,AUR,-0.011649792865321385
P_K10P6_CP30_NONE,18,2023-10-02,QAUR,-0.000580501021357501
P_K10P6_CP30_NONE,18,2023-10-03,QAUR,-7.917852966681828e-05
P_K10P6_CP30_NONE,18,2023-10-04,QAUR,-0.0002265555872168934
P_K10P6_CP30_NONE,18,2023-10-05,QAUR,0.003562597987030046
P_K10P6_CP30_NONE,18,2023-10-06,QAUR,0.009835096479432523
P_K10P6_CP30_NONE,18,2023-10-09,QAUR,-0.0003147661023981507
P_K10P6_CP30_NONE,18,2023-10-10,QAUR,-0.0005966951111185609
P_K10P6_CP30_NONE,18,2023-10-11,QAUR,-0.0011875017330419575
P_K10P6_CP30_NONE,18,2023-10-12,QAUR,0.01092726041297432
P_K10P6_CP30_NONE,18,2023-10-13,QAUR,-0.006669461193907887
P_K10P6_CP30_NONE,18,2023-10-16,QAUR,0.0011385763189261612
P_K10P6_CP30_NONE,18,2023-10-17,QAUR,-0.00019625684178251182
P_K10P6_CP30_NONE,18,2023-10-18,QAUR,-0.009375483853741835
P_K10P6_CP30_NONE,18,2023-10-19,QAUR,-0.009442543440211271
P_K10P6_CP30_NONE,18,2023-10-20,QAUR,0.010380719692830281
P_K10P6_CP30_NONE,18,2023-10-23,QAUR,-0.012570529050478577
P_K10P6_CP30_NONE,18,2023-10-24,QAUR,-0.004555058047375224
P_K10P6_CP30_NONE,18,2023-10-25,QAUR,0.00196976284541778
P_K10P6_CP30_NONE,18,2023-10-26,QAUR,-0.02082014350086789
P_K10P6_CP30_NONE,18,2023-10-27,QAUR,-0.005720862678606109
P_K10P6_CP30_NONE,18,2023-10-30,QAUR,0.007710139845802864
P_K10P6_CP30_NONE,18,2023-10-31,QAUR,-0.013263241800863666
P_K10P6_CP30_NONE,18,2023-11-01,QAUR,-0.011020156213854122
P_K10P6_CP30_NONE,19,2023-11-02,AUR,0.003420777076876224
P_K10P6_CP30_NONE,19,2023-11-03,AUR,0.0025830403135461487
P_K10P6_CP30_NONE,19,2023-11-06,AUR,-0.00200887556929917
P_K10P6_CP30_NONE,19,2023-11-07,AUR,0.003275080598526705
P_K10P6_CP30_NONE,19,2023-11-08,AUR,0.0068778034615723975
P_K10P6_CP30_NONE,19,2023-11-09,AUR,-0.009862205535671973
P_K10P6_CP30_NONE,19,2023-11-10,AUR,0.00667772482414975
P_K10P6_CP30_NONE,19,2023-11-13,AUR,0.0016745647127480812
P_K10P6_CP30_NONE,19,2023-11-14,AUR,-0.003543474376265521
P_K10P6_CP30_NONE,19,2023-11-15,AUR,-0.00013177510507782805
P_K10P6_CP30_NONE,19,2023-11-16,AUR,0.0016201947034455025
P_K10P6_CP30_NONE,19,2023-11-17,AUR,-0.00634711117099972
P_K10P6_CP30_NONE,19,2023-11-20,AUR,0.001668916857310097
P_K10P6_CP30_NONE,19,2023-11-21,AUR,-0.0073804501611169065
P_K10P6_CP30_NONE,19,2023-11-22,AUR,0.004420992044648065
P_K10P6_CP30_NONE,19,2023-11-23,AUR,-0.0006247162980318463
P_K10P6_CP30_NONE,19,2023-11-24,AUR,-0.0033365370907368114
P_K10P6_CP30_NONE,19,2023-11-27,AUR,-0.0021761129554027474
P_K10P6_CP30_NONE,19,2023-11-28,AUR,0.0040061863402419745
P_K10P6_CP30_NONE,19,2023-11-29,AUR,-0.0014504012863947114
P_K10P6_CP30_NONE,19,2023-11-30,AUR,-6.13814092666129e-05
P_K10P6_CP30_NONE,19,2023-12-01,AUR,-0.001359958476136519
P_K10P6_CP30_NONE,19,2023-11-02,QAUR,0.0036228490538806877
P_K10P6_CP30_NONE,19,2023-11-03,QAUR,0.0025830403127475115
P_K10P6_CP30_NONE,19,2023-11-06,QAUR,-0.0020088755338890114
P_K10P6_CP30_NONE,19,2023-11-07,QAUR,0.003275080576645749
P_K10P6_CP30_NONE,19,2023-11-08,QAUR,0.006877803434308662
P_K10P6_CP30_NONE,19,2023-11-09,QAUR,-0.009862205505450427
P_K10P6_CP30_NONE,19,2023-11-10,QAUR,0.00667772479792758
P_K10P6_CP30_NONE,19,2023-11-13,QAUR,0.0016745647061058445
P_K10P6_CP30_NONE,19,2023-11-14,QAUR,-0.0035434743434010515
P_K10P6_CP30_NONE,19,2023-11-15,QAUR,-0.00013177510061289474
P_K10P6_CP30_NONE,19,2023-11-16,QAUR,0.0016201946685255588
P_K10P6_CP30_NONE,19,2023-11-17,QAUR,-0.0063471111538588275
P_K10P6_CP30_NONE,19,2023-11-20,QAUR,0.001668916861224552
P_K10P6_CP30_NONE,19,2023-11-21,QAUR,-0.007380450138026739
P_K10P6_CP30_NONE,19,2023-11-22,QAUR,0.004420992022627466
P_K10P6_CP30_NONE,19,2023-11-23,QAUR,-0.0006247163072847555
P_K10P6_CP30_NONE,19,2023-11-24,QAUR,-0.0033365370532742774
P_K10P6_CP30_NONE,19,2023-11-27,QAUR,-0.0021761129206272368
P_K10P6_CP30_NONE,19,2023-11-28,QAUR,0.0040061863093562005
P_K10P6_CP30_NONE,19,2023-11-29,QAUR,-0.0014504013015479906
P_K10P6_CP30_NONE,19,2023-11-30,QAUR,-6.138143178574317e-05
P_K10P6_CP30_NONE,19,2023-12-01,QAUR,-0.0013599584767267925
P_K10P6_CP30_NONE,20,2023-12-04,AUR,0.0005848275814552926
P_K10P6_CP30_NONE,20,2023-12-05,AUR,0.009648666919630454
P_K10P6_CP30_NONE,20,2023-12-06,AUR,-0.004176325690078428
P_K10P6_CP30_NONE,20,2023-12-07,AUR,-0.004434500113039337
P_K10P6_CP30_NONE,20,2023-12-08,AUR,0.009656149959482555
P_K10P6_CP30_NONE,20,2023-12-11,AUR,-4.3956043956043846e-05
P_K10P6_CP30_NONE,20,2023-12-12,AUR,0.0028877382794150214
P_K10P6_CP30_NONE,20,2023-12-13,AUR,0.002809478882647823
P_K10P6_CP30_NONE,20,2023-12-14,AUR,0.0008561225987739913
P_K10P6_CP30_NONE,20,2023-12-15,AUR,0.0027198454228383067
P_K10P6_CP30_NONE,20,2023-12-18,AUR,-0.010392058173320442
P_K10P6_CP30_NONE,20,2023-12-19,AUR,0.0034527490790184595
P_K10P6_CP30_NONE,20,2023-12-20,AUR,0.010298388180680884
P_K10P6_CP30_NONE,20,2023-12-21,AUR,-0.0029519223506093493
P_K10P6_CP30_NONE,20,2023-12-22,AUR,0.00271900384259936
P_K10P6_CP30_NONE,20,2023-12-25,AUR,-8.302407779242166e-05
P_K10P6_CP30_NONE,20,2023-12-26,AUR,-0.001991376057786378
P_K10P6_CP30_NONE,20,2023-12-27,AUR,0.002947852035121815
P_K10P6_CP30_NONE,20,2023-12-28,AUR,0.0035176679530824822
P_K10P6_CP30_NONE,20,2023-12-29,AUR,0.0025904863700759347
P_K10P6_CP30_NONE,20,2023-12-04,QAUR,0.0005848275814552921
P_K10P6_CP30_NONE,20,2023-12-05,QAUR,0.009648666919630454
P_K10P6_CP30_NONE,20,2023-12-06,QAUR,-0.004176325690078428
P_K10P6_CP30_NONE,20,2023-12-07,QAUR,-0.004434500113039337
P_K10P6_CP30_NONE,20,2023-12-08,QAUR,0.009656149959482555
P_K10P6_CP30_NONE,20,2023-12-11,QAUR,-4.3956043956043846e-05
P_K10P6_CP30_NONE,20,2023-12-12,QAUR,0.0028877382794150214
P_K10P6_CP30_NONE,20,2023-12-13,QAUR,0.002809478882647823
P_K10P6_CP30_NONE,20,2023-12-14,QAUR,0.0008561225987739913
P_K10P6_CP30_NONE,20,2023-12-15,QAUR,0.0027198454228383067
P_K10P6_CP30_NONE,20,2023-12-18,QAUR,-0.010392058173320442
P_K10P6_CP30_NONE,20,2023-12-19,QAUR,0.0034527490790184595
P_K10P6_CP30_NONE,20,2023-12-20,QAUR,0.010298388180680884
P_K10P6_CP30_NONE,20,2023-12-21,QAUR,-0.0029519223506093493
P_K10P6_CP30_NONE,20,2023-12-22,QAUR,0.00271900384259936
P_K10P6_CP30_NONE,20,2023-12-25,QAUR,-8.302407779242166e-05
P_K10P6_CP30_NONE,20,2023-12-26,QAUR,-0.001991376057786378
P_K10P6_CP30_NONE,20,2023-12-27,QAUR,0.002947852035121815
P_K10P6_CP30_NONE,20,2023-12-28,QAUR,0.0035176679530824822
P_K10P6_CP30_NONE,20,2023-12-29,QAUR,0.0025904863700759347
P_K10P6_CP30_NONE,21,2024-01-02,AUR,-0.0024280114831841133
P_K10P6_CP30_NONE,21,2024-01-03,AUR,-0.009316058011954686
P_K10P6_CP30_NONE,21,2024-01-04,AUR,0.005003276628382786
P_K10P6_CP30_NONE,21,2024-01-05,AUR,-0.0008788794303847493
P_K10P6_CP30_NONE,21,2024-01-08,AUR,-0.003811492437253199
P_K10P6_CP30_NONE,21,2024-01-09,AUR,-0.0009428752899441401
P_K10P6_CP30_NONE,21,2024-01-10,AUR,0.0024558723908734066
P_K10P6_CP30_NONE,21,2024-01-11,AUR,0.0010210929906112405
P_K10P6_CP30_NONE,21,2024-01-12,AUR,-0.006380042411198666
P_K10P6_CP30_NONE,21,2024-01-15,AUR,0.008614395779827087
P_K10P6_CP30_NONE,21,2024-01-16,AUR,0.004109909983357075
P_K10P6_CP30_NONE,21,2024-01-17,AUR,-0.0025137325239667748
P_K10P6_CP30_NONE,21,2024-01-18,AUR,-0.0005606926372420572
P_K10P6_CP30_NONE,21,2024-01-19,AUR,0.008724622271533306
P_K10P6_CP30_NONE,21,2024-01-22,AUR,0.00034252542846966935
P_K10P6_CP30_NONE,21,2024-01-23,AUR,0.006365297750015719
P_K10P6_CP30_NONE,21,2024-01-24,AUR,3.581119900161311e-05
P_K10P6_CP30_NONE,21,2024-01-25,AUR,-0.00780880456624535
P_K10P6_CP30_NONE,21,2024-01-26,AUR,0.0018698821856577422
P_K10P6_CP30_NONE,21,2024-01-29,AUR,0.002550296132391124
P_K10P6_CP30_NONE,21,2024-01-30,AUR,0.013923146621103031
P_K10P6_CP30_NONE,21,2024-01-31,AUR,-0.001094239200868006
P_K10P6_CP30_NONE,21,2024-02-01,AUR,-0.0008080689558078741
P_K10P6_CP30_NONE,21,2024-01-02,QAUR,-0.0024280114831841133
P_K10P6_CP30_NONE,21,2024-01-03,QAUR,-0.009316058011954686
P_K10P6_CP30_NONE,21,2024-01-04,QAUR,0.005003276628382786
P_K10P6_CP30_NONE,21,2024-01-05,QAUR,-0.0008788794303847493
P_K10P6_CP30_NONE,21,2024-01-08,QAUR,-0.003811492437253199
P_K10P6_CP30_NONE,21,2024-01-09,QAUR,-0.0009428752899441401
P_K10P6_CP30_NONE,21,2024-01-10,QAUR,0.0024558723908734066
P_K10P6_CP30_NONE,21,2024-01-11,QAUR,0.0010210929906112405
P_K10P6_CP30_NONE,21,2024-01-12,QAUR,-0.006380042411198666
P_K10P6_CP30_NONE,21,2024-01-15,QAUR,0.008614395779827087
P_K10P6_CP30_NONE,21,2024-01-16,QAUR,0.004109909983357075
P_K10P6_CP30_NONE,21,2024-01-17,QAUR,-0.0025137325239667748
P_K10P6_CP30_NONE,21,2024-01-18,QAUR,-0.0005606926372420572
P_K10P6_CP30_NONE,21,2024-01-19,QAUR,0.008724622271533306
P_K10P6_CP30_NONE,21,2024-01-22,QAUR,0.00034252542846966935
P_K10P6_CP30_NONE,21,2024-01-23,QAUR,0.006365297750015719
P_K10P6_CP30_NONE,21,2024-01-24,QAUR,3.581119900161311e-05
P_K10P6_CP30_NONE,21,2024-01-25,QAUR,-0.00780880456624535
P_K10P6_CP30_NONE,21,2024-01-26,QAUR,0.0018698821856577422
P_K10P6_CP30_NONE,21,2024-01-29,QAUR,0.002550296132391124
P_K10P6_CP30_NONE,21,2024-01-30,QAUR,0.013923146621103031
P_K10P6_CP30_NONE,21,2024-01-31,QAUR,-0.001094239200868006
P_K10P6_CP30_NONE,21,2024-02-01,QAUR,-0.0008080689558078741
P_K10P6_CP30_NONE,22,2024-02-02,AUR,-0.0008899938196138125
P_K10P6_CP30_NONE,22,2024-02-05,AUR,-0.0003473830781048672
P_K10P6_CP30_NONE,22,2024-02-06,AUR,-0.0023458123356794535
P_K10P6_CP30_NONE,22,2024-02-07,AUR,0.0023785075450488387
P_K10P6_CP30_NONE,22,2024-02-15,AUR,0.0010144435773253324
P_K10P6_CP30_NONE,22,2024-02-16,AUR,0.0014234146179018387
P_K10P6_CP30_NONE,22,2024-02-19,AUR,0.0023677980401314554
P_K10P6_CP30_NONE,22,2024-02-20,AUR,0.003958738944146217
P_K10P6_CP30_NONE,22,2024-02-21,AUR,0.0006166508114897206
P_K10P6_CP30_NONE,22,2024-02-22,AUR,-0.00416740427610552
P_K10P6_CP30_NONE,22,2024-02-23,AUR,-0.002589273546821602
P_K10P6_CP30_NONE,22,2024-02-26,AUR,0.006764307106498498
P_K10P6_CP30_NONE,22,2024-02-27,AUR,0.006060085726304941
P_K10P6_CP30_NONE,22,2024-02-28,AUR,0.014185354920844568
P_K10P6_CP30_NONE,22,2024-02-29,AUR,0.0005654159406175514
P_K10P6_CP30_NONE,22,2024-03-01,AUR,0.001537512793647028
P_K10P6_CP30_NONE,22,2024-02-02,QAUR,-0.0008899938196138125
P_K10P6_CP30_NONE,22,2024-02-05,QAUR,-0.0003473830781048672
P_K10P6_CP30_NONE,22,2024-02-06,QAUR,-0.0023458123356794535
P_K10P6_CP30_NONE,22,2024-02-07,QAUR,0.0023785075450488387
P_K10P6_CP30_NONE,22,2024-02-15,QAUR,0.0010144435773253324
P_K10P6_CP30_NONE,22,2024-02-16,QAUR,0.0014234146179018387
P_K10P6_CP30_NONE,22,2024-02-19,QAUR,0.0023677980401314554
P_K10P6_CP30_NONE,22,2024-02-20,QAUR,0.003958738944146217
P_K10P6_CP30_NONE,22,2024-02-21,QAUR,0.0006166508114897206
P_K10P6_CP30_NONE,22,2024-02-22,QAUR,-0.00416740427610552
P_K10P6_CP30_NONE,22,2024-02-23,QAUR,-0.002589273546821602
P_K10P6_CP30_NONE,22,2024-02-26,QAUR,0.006764307106498498
P_K10P6_CP30_NONE,22,2024-02-27,QAUR,0.006060085726304941
P_K10P6_CP30_NONE,22,2024-02-28,QAUR,0.014185354920844568
P_K10P6_CP30_NONE,22,2024-02-29,QAUR,0.0005654159406175514
P_K10P6_CP30_NONE,22,2024-03-01,QAUR,0.001537512793647028
P_K10P6_CP30_NONE,23,2024-03-04,AUR,0.01757165137682975
P_K10P6_CP30_NONE,23,2024-03-05,AUR,-0.002807441957111602
P_K10P6_CP30_NONE,23,2024-03-06,AUR,-0.006214525547479591
P_K10P6_CP30_NONE,23,2024-03-07,AUR,0.004199433057817878
P_K10P6_CP30_NONE,23,2024-03-08,AUR,-0.0011700790585642239
P_K10P6_CP30_NONE,23,2024-03-11,AUR,6.0975609756100326e-05
P_K10P6_CP30_NONE,23,2024-03-12,AUR,4.979766563057781e-05
P_K10P6_CP30_NONE,23,2024-03-13,AUR,0.014092171934008402
P_K10P6_CP30_NONE,23,2024-03-14,AUR,0.004326739128897606
P_K10P6_CP30_NONE,23,2024-03-15,AUR,0.005662238841324425
P_K10P6_CP30_NONE,23,2024-03-18,AUR,-0.0066673829655210445
P_K10P6_CP30_NONE,23,2024-03-19,AUR,0.003027613090494001
P_K10P6_CP30_NONE,23,2024-03-20,AUR,0.0010600695653917276
P_K10P6_CP30_NONE,23,2024-03-21,AUR,0.0024719217233978605
P_K10P6_CP30_NONE,23,2024-03-22,AUR,0.004518074757736323
P_K10P6_CP30_NONE,23,2024-03-25,AUR,-0.0032913512341435237
P_K10P6_CP30_NONE,23,2024-03-26,AUR,0.0026098515818416563
P_K10P6_CP30_NONE,23,2024-03-27,AUR,0.001631560949450134
P_K10P6_CP30_NONE,23,2024-03-28,AUR,-0.0013688436494255773
P_K10P6_CP30_NONE,23,2024-03-29,AUR,0.0007079042511182222
P_K10P6_CP30_NONE,23,2024-04-01,AUR,0.008607428932510862
P_K10P6_CP30_NONE,23,2024-03-04,QAUR,0.01757165137682975
P_K10P6_CP30_NONE,23,2024-03-05,QAUR,-0.002807441957111602
P_K10P6_CP30_NONE,23,2024-03-06,QAUR,-0.006214525547479591
P_K10P6_CP30_NONE,23,2024-03-07,QAUR,0.004199433057817878
P_K10P6_CP30_NONE,23,2024-03-08,QAUR,-0.0011700790585642239
P_K10P6_CP30_NONE,23,2024-03-11,QAUR,6.0975609756100326e-05
P_K10P6_CP30_NONE,23,2024-03-12,QAUR,4.979766563057781e-05
P_K10P6_CP30_NONE,23,2024-03-13,QAUR,0.014092171934008402
P_K10P6_CP30_NONE,23,2024-03-14,QAUR,0.004326739128897606
P_K10P6_CP30_NONE,23,2024-03-15,QAUR,0.005662238841324425
P_K10P6_CP30_NONE,23,2024-03-18,QAUR,-0.0066673829655210445
P_K10P6_CP30_NONE,23,2024-03-19,QAUR,0.003027613090494001
P_K10P6_CP30_NONE,23,2024-03-20,QAUR,0.0010600695653917276
P_K10P6_CP30_NONE,23,2024-03-21,QAUR,0.0024719217233978605
P_K10P6_CP30_NONE,23,2024-03-22,QAUR,0.004518074757736323
P_K10P6_CP30_NONE,23,2024-03-25,QAUR,-0.0032913512341435237
P_K10P6_CP30_NONE,23,2024-03-26,QAUR,0.0026098515818416563
P_K10P6_CP30_NONE,23,2024-03-27,QAUR,0.001631560949450134
P_K10P6_CP30_NONE,23,2024-03-28,QAUR,-0.0013688436494255773
P_K10P6_CP30_NONE,23,2024-03-29,QAUR,0.0007079042511182222
P_K10P6_CP30_NONE,23,2024-04-01,QAUR,0.008607428932510862
P_K10P6_CP30_NONE,24,2024-04-02,AUR,-0.0032621145785205518
P_K10P6_CP30_NONE,24,2024-04-03,AUR,-0.0001282230885301743
P_K10P6_CP30_NONE,24,2024-04-04,AUR,-0.0011845770463212466
P_K10P6_CP30_NONE,24,2024-04-05,AUR,-0.0044552172535487315
P_K10P6_CP30_NONE,24,2024-04-08,AUR,-0.005360005905120043
P_K10P6_CP30_NONE,24,2024-04-09,AUR,0.0024805321157260565
P_K10P6_CP30_NONE,24,2024-04-10,AUR,-0.0006553170377586473
P_K10P6_CP30_NONE,24,2024-04-11,AUR,-0.003824876237039986
P_K10P6_CP30_NONE,24,2024-04-12,AUR,0.0009218426568162175
P_K10P6_CP30_NONE,24,2024-04-15,AUR,-0.007907680970906078
P_K10P6_CP30_NONE,24,2024-04-16,AUR,-0.005835989005454668
P_K10P6_CP30_NONE,24,2024-04-17,AUR,0.0014418091945439474
P_K10P6_CP30_NONE,24,2024-04-19,AUR,-0.008331351237134384
P_K10P6_CP30_NONE,24,2024-04-22,AUR,0.006315701785088142
P_K10P6_CP30_NONE,24,2024-04-23,AUR,-0.008147486243511788
P_K10P6_CP30_NONE,24,2024-04-24,AUR,0.006116215139869966
P_K10P6_CP30_NONE,24,2024-04-25,AUR,0.0018682836187230091
P_K10P6_CP30_NONE,24,2024-04-26,AUR,1.7159515816426454e-05
P_K10P6_CP30_NONE,24,2024-04-02,QAUR,-0.0032621145785205518
P_K10P6_CP30_NONE,24,2024-04-03,QAUR,-0.0001282230885301743
P_K10P6_CP30_NONE,24,2024-04-04,QAUR,-0.0011845770463212466
P_K10P6_CP30_NONE,24,2024-04-05,QAUR,-0.0044552172535487315
P_K10P6_CP30_NONE,24,2024-04-08,QAUR,-0.005360005905120043
P_K10P6_CP30_NONE,24,2024-04-09,QAUR,0.0024805321157260565
P_K10P6_CP30_NONE,24,2024-04-10,QAUR,-0.0006553170377586473
P_K10P6_CP30_NONE,24,2024-04-11,QAUR,-0.003824876237039986
P_K10P6_CP30_NONE,24,2024-04-12,QAUR,0.0009218426568162175
P_K10P6_CP30_NONE,24,2024-04-15,QAUR,-0.007907680970906078
P_K10P6_CP30_NONE,24,2024-04-16,QAUR,-0.005835989005454668
P_K10P6_CP30_NONE,24,2024-04-17,QAUR,0.0014418091945439474
P_K10P6_CP30_NONE,24,2024-04-19,QAUR,-0.008331351237134384
P_K10P6_CP30_NONE,24,2024-04-22,QAUR,0.006315701785088142
P_K10P6_CP30_NONE,24,2024-04-23,QAUR,-0.008147486243511788
P_K10P6_CP30_NONE,24,2024-04-24,QAUR,0.006116215139869966
P_K10P6_CP30_NONE,24,2024-04-25,QAUR,0.0018682836187230091
P_K10P6_CP30_NONE,24,2024-04-26,QAUR,1.7159515816426454e-05
P_K10P6_CP30_NONE,25,2024-05-02,AUR,0.004128101240033195
P_K10P6_CP30_NONE,25,2024-05-03,AUR,0.00023746921921908735
P_K10P6_CP30_NONE,25,2024-05-06,AUR,0.007131845005284023
P_K10P6_CP30_NONE,25,2024-05-07,AUR,0.01592399527987407
P_K10P6_CP30_NONE,25,2024-05-08,AUR,0.0008016918150839982
P_K10P6_CP30_NONE,25,2024-05-09,AUR,-0.008182629545648508
P_K10P6_CP30_NONE,25,2024-05-10,AUR,-0.002841171983056106
P_K10P6_CP30_NONE,25,2024-05-13,AUR,-0.004755084752061312
P_K10P6_CP30_NONE,25,2024-05-14,AUR,-0.0009383052035128161
P_K10P6_CP30_NONE,25,2024-05-15,AUR,0.003397736504238042
P_K10P6_CP30_NONE,25,2024-05-16,AUR,0.004681224110807823
P_K10P6_CP30_NONE,25,2024-05-17,AUR,-0.0012426114299181274
P_K10P6_CP30_NONE,25,2024-05-20,AUR,0.0014861294868426479
P_K10P6_CP30_NONE,25,2024-05-21,AUR,0.000874977461222939
P_K10P6_CP30_NONE,25,2024-05-22,AUR,-0.000977723235785184
P_K10P6_CP30_NONE,25,2024-05-23,AUR,-0.0012036989592912818
P_K10P6_CP30_NONE,25,2024-05-24,AUR,-0.006205485671903552
P_K10P6_CP30_NONE,25,2024-05-27,AUR,0.0005227507666879872
P_K10P6_CP30_NONE,25,2024-05-28,AUR,-0.00013940485710216234
P_K10P6_CP30_NONE,25,2024-05-29,AUR,-0.005224151375899863
P_K10P6_CP30_NONE,25,2024-05-30,AUR,-0.0020229390722671927
P_K10P6_CP30_NONE,25,2024-05-31,AUR,-0.005183213128250121
P_K10P6_CP30_NONE,25,2024-05-02,QAUR,0.004128101240033195
P_K10P6_CP30_NONE,25,2024-05-03,QAUR,0.00023746921921908735
P_K10P6_CP30_NONE,25,2024-05-06,QAUR,0.007131845005284023
P_K10P6_CP30_NONE,25,2024-05-07,QAUR,0.01592399527987407
P_K10P6_CP30_NONE,25,2024-05-08,QAUR,0.0008016918150839982
P_K10P6_CP30_NONE,25,2024-05-09,QAUR,-0.008182629545648508
P_K10P6_CP30_NONE,25,2024-05-10,QAUR,-0.002841171983056106
P_K10P6_CP30_NONE,25,2024-05-13,QAUR,-0.004755084752061312
P_K10P6_CP30_NONE,25,2024-05-14,QAUR,-0.0009383052035128161
P_K10P6_CP30_NONE,25,2024-05-15,QAUR,0.003397736504238042
P_K10P6_CP30_NONE,25,2024-05-16,QAUR,0.004681224110807823
P_K10P6_CP30_NONE,25,2024-05-17,QAUR,-0.0012426114299181274
P_K10P6_CP30_NONE,25,2024-05-20,QAUR,0.0014861294868426479
P_K10P6_CP30_NONE,25,2024-05-21,QAUR,0.000874977461222939
P_K10P6_CP30_NONE,25,2024-05-22,QAUR,-0.000977723235785184
P_K10P6_CP30_NONE,25,2024-05-23,QAUR,-0.0012036989592912818
P_K10P6_CP30_NONE,25,2024-05-24,QAUR,-0.006205485671903552
P_K10P6_CP30_NONE,25,2024-05-27,QAUR,0.0005227507666879872
P_K10P6_CP30_NONE,25,2024-05-28,QAUR,-0.00013940485710216234
P_K10P6_CP30_NONE,25,2024-05-29,QAUR,-0.005224151375899863
P_K10P6_CP30_NONE,25,2024-05-30,QAUR,-0.0020229390722671927
P_K10P6_CP30_NONE,25,2024-05-31,QAUR,-0.005183213128250121
P_K10P6_CP30_NONE,26,2024-06-03,AUR,0.010001018714612597
P_K10P6_CP30_NONE,26,2024-06-04,AUR,0.004988889742081877
P_K10P6_CP30_NONE,26,2024-06-05,AUR,-0.001041633685065658
P_K10P6_CP30_NONE,26,2024-06-06,AUR,0.00788982104330463
P_K10P6_CP30_NONE,26,2024-06-07,AUR,0.004830045328387303
P_K10P6_CP30_NONE,26,2024-06-10,AUR,0.010526873406040011
P_K10P6_CP30_NONE,26,2024-06-11,AUR,-0.00047665211940740035
P_K10P6_CP30_NONE,26,2024-06-12,AUR,0.005902165608338582
P_K10P6_CP30_NONE,26,2024-06-13,AUR,0.0011102227834771882
P_K10P6_CP30_NONE,26,2024-06-14,AUR,-0.0008798631997523113
P_K10P6_CP30_NONE,26,2024-06-17,AUR,-0.0009748553462557084
P_K10P6_CP30_NONE,26,2024-06-18,AUR,0.0017812234159803408
P_K10P6_CP30_NONE,26,2024-06-19,AUR,-0.00037308860114295046
P_K10P6_CP30_NONE,26,2024-06-20,AUR,0.001430129783643531
P_K10P6_CP30_NONE,26,2024-06-21,AUR,0.006777098220269604
P_K10P6_CP30_NONE,26,2024-06-24,AUR,0.0019308145103787702
P_K10P6_CP30_NONE,26,2024-06-25,AUR,-0.002760987234973544
P_K10P6_CP30_NONE,26,2024-06-26,AUR,-0.004047784739658578
P_K10P6_CP30_NONE,26,2024-06-27,AUR,-0.0012125833186187257
P_K10P6_CP30_NONE,26,2024-06-28,AUR,-0.00036683422049399076
P_K10P6_CP30_NONE,26,2024-07-01,AUR,0.004892547218399185
P_K10P6_CP30_NONE,26,2024-06-03,QAUR,0.010028130055267738
P_K10P6_CP30_NONE,26,2024-06-04,QAUR,0.004701538758381414
P_K10P6_CP30_NONE,26,2024-06-05,QAUR,0.0004995030108828839
P_K10P6_CP30_NONE,26,2024-06-06,QAUR,0.010277019531671483
P_K10P6_CP30_NONE,26,2024-06-07,QAUR,0.005588618979953673
P_K10P6_CP30_NONE,26,2024-06-10,QAUR,0.010364943559049261
P_K10P6_CP30_NONE,26,2024-06-11,QAUR,0.000851016418554764
P_K10P6_CP30_NONE,26,2024-06-12,QAUR,0.009573991644878242
P_K10P6_CP30_NONE,26,2024-06-13,QAUR,0.0011894814152637436
P_K10P6_CP30_NONE,26,2024-06-14,QAUR,0.0006961301533635989
P_K10P6_CP30_NONE,26,2024-06-17,QAUR,-0.0012432771653122766
P_K10P6_CP30_NONE,26,2024-06-18,QAUR,0.0019496469031274003
P_K10P6_CP30_NONE,26,2024-06-19,QAUR,-7.983498207924148e-05
P_K10P6_CP30_NONE,26,2024-06-20,QAUR,0.0030732625514017864
P_K10P6_CP30_NONE,26,2024-06-21,QAUR,0.00419903691783608
P_K10P6_CP30_NONE,26,2024-06-24,QAUR,0.003735099924364377
P_K10P6_CP30_NONE,26,2024-06-25,QAUR,-0.004972723200445969
P_K10P6_CP30_NONE,26,2024-06-26,QAUR,-0.00437885611121288
P_K10P6_CP30_NONE,26,2024-06-27,QAUR,-0.0010771153383231672
P_K10P6_CP30_NONE,26,2024-06-28,QAUR,-0.00010877084715566658
P_K10P6_CP30_NONE,26,2024-07-01,QAUR,0.0032954620295956643
P_K10P6_CP30_NONE,27,2024-07-02,AUR,0.014456840764615689
P_K10P6_CP30_NONE,27,2024-07-03,AUR,0.001989780365917736
P_K10P6_CP30_NONE,27,2024-07-04,AUR,-9.594664569956816e-05
P_K10P6_CP30_NONE,27,2024-07-05,AUR,-0.0027011720131619606
P_K10P6_CP30_NONE,27,2024-07-08,AUR,-0.001767590441224918
P_K10P6_CP30_NONE,27,2024-07-09,AUR,0.001317721999676082
P_K10P6_CP30_NONE,27,2024-07-10,AUR,0.0084603620071892
P_K10P6_CP30_NONE,27,2024-07-11,AUR,-0.0030533747726942365
P_K10P6_CP30_NONE,27,2024-07-12,AUR,7.44290912573967e-05
P_K10P6_CP30_NONE,27,2024-07-15,AUR,0.0068917613478377705
P_K10P6_CP30_NONE,27,2024-07-16,AUR,0.006294488451344999
P_K10P6_CP30_NONE,27,2024-07-17,AUR,-0.005813873509580711
P_K10P6_CP30_NONE,27,2024-07-18,AUR,-0.0017176382901315024
P_K10P6_CP30_NONE,27,2024-07-19,AUR,-0.0006242620034821559
P_K10P6_CP30_NONE,27,2024-07-22,AUR,-0.0021366756769258216
P_K10P6_CP30_NONE,27,2024-07-23,AUR,-0.009934540463616593
P_K10P6_CP30_NONE,27,2024-07-24,AUR,-0.006732278490267485
P_K10P6_CP30_NONE,27,2024-07-25,AUR,-0.002168008856010006
P_K10P6_CP30_NONE,27,2024-07-26,AUR,0.00559350064427611
P_K10P6_CP30_NONE,27,2024-07-29,AUR,0.004659311624151099
P_K10P6_CP30_NONE,27,2024-07-30,AUR,0.0009725397127009292
P_K10P6_CP30_NONE,27,2024-07-31,AUR,-0.0041582396113979715
P_K10P6_CP30_NONE,27,2024-08-01,AUR,0.006444934205125601
P_K10P6_CP30_NONE,27,2024-07-02,QAUR,0.0189278042358618
P_K10P6_CP30_NONE,27,2024-07-03,QAUR,0.0027487956791447036
P_K10P6_CP30_NONE,27,2024-07-04,QAUR,-0.0028500310346250826
P_K10P6_CP30_NONE,27,2024-07-05,QAUR,-0.005120058767806134
P_K10P6_CP30_NONE,27,2024-07-08,QAUR,0.001774372944617966
P_K10P6_CP30_NONE,27,2024-07-09,QAUR,0.0016291347506789333
P_K10P6_CP30_NONE,27,2024-07-10,QAUR,0.0047236541623805785
P_K10P6_CP30_NONE,27,2024-07-11,QAUR,-0.003847044800806257
P_K10P6_CP30_NONE,27,2024-07-12,QAUR,-0.001772113967006678
P_K10P6_CP30_NONE,27,2024-07-15,QAUR,0.00978803054416162
P_K10P6_CP30_NONE,27,2024-07-16,QAUR,0.0038319775346404897
P_K10P6_CP30_NONE,27,2024-07-17,QAUR,-0.000838172170078386
P_K10P6_CP30_NONE,27,2024-07-18,QAUR,0.000709246076614924
P_K10P6_CP30_NONE,27,2024-07-19,QAUR,-0.0041563400527987945
P_K10P6_CP30_NONE,27,2024-07-22,QAUR,-0.0018218178663980487
P_K10P6_CP30_NONE,27,2024-07-23,QAUR,-0.010166879187738035
P_K10P6_CP30_NONE,27,2024-07-24,QAUR,-0.0003938272499586243
P_K10P6_CP30_NONE,27,2024-07-25,QAUR,-0.0036218111344979527
P_K10P6_CP30_NONE,27,2024-07-26,QAUR,0.002566193606786384
P_K10P6_CP30_NONE,27,2024-07-29,QAUR,0.0009355497941323224
P_K10P6_CP30_NONE,27,2024-07-30,QAUR,0.00015440388973164416
P_K10P6_CP30_NONE,27,2024-07-31,QAUR,0.006062250924653613
P_K10P6_CP30_NONE,27,2024-08-01,QAUR,-0.0024557857124429205
P_K10P6_CP30_NONE,28,2024-08-02,AUR,-0.006701214737642765
P_K10P6_CP30_NONE,28,2024-08-05,AUR,-0.00790507217548323
P_K10P6_CP30_NONE,28,2024-08-06,AUR,0.007759603149477432
P_K10P6_CP30_NONE,28,2024-08-07,AUR,0.0017072044677852998
P_K10P6_CP30_NONE,28,2024-08-08,AUR,-0.0030361802849321363
P_K10P6_CP30_NONE,28,2024-08-09,AUR,0.004058614412163515
P_K10P6_CP30_NONE,28,2024-08-12,AUR,0.004314982589601387
P_K10P6_CP30_NONE,28,2024-08-13,AUR,0.0047676265646591585
P_K10P6_CP30_NONE,28,2024-08-14,AUR,-0.005231816302489737
P_K10P6_CP30_NONE,28,2024-08-15,AUR,-0.003074406608130561
P_K10P6_CP30_NONE,28,2024-08-16,AUR,0.004663048568482233
P_K10P6_CP30_NONE,28,2024-08-19,AUR,0.004358725923749678
P_K10P6_CP30_NONE,28,2024-08-20,AUR,0.0029262368617732066
P_K10P6_CP30_NONE,28,2024-08-21,AUR,0.007839926826937417
P_K10P6_CP30_NONE,28,2024-08-22,AUR,-0.0009777117417304408
P_K10P6_CP30_NONE,28,2024-08-23,AUR,-0.000540477200671305
P_K10P6_CP30_NONE,28,2024-08-26,AUR,0.005326159172638473
P_K10P6_CP30_NONE,28,2024-08-27,AUR,0.0006564133390867728
P_K10P6_CP30_NONE,28,2024-08-28,AUR,0.003246292720833325
P_K10P6_CP30_NONE,28,2024-08-29,AUR,0.0020298046869772
P_K10P6_CP30_NONE,28,2024-08-30,AUR,0.006823761686601552
P_K10P6_CP30_NONE,28,2024-08-02,QAUR,-0.006431261931897416
P_K10P6_CP30_NONE,28,2024-08-05,QAUR,-0.007905072118751815
P_K10P6_CP30_NONE,28,2024-08-06,QAUR,0.00775960327262701
P_K10P6_CP30_NONE,28,2024-08-07,QAUR,0.0017072044963251857
P_K10P6_CP30_NONE,28,2024-08-08,QAUR,-0.003036180335685798
P_K10P6_CP30_NONE,28,2024-08-09,QAUR,0.00405861441216351
P_K10P6_CP30_NONE,28,2024-08-12,QAUR,0.00431498281611878
P_K10P6_CP30_NONE,28,2024-08-13,QAUR,0.004767626510683678
P_K10P6_CP30_NONE,28,2024-08-14,QAUR,-0.0052318164775223795
P_K10P6_CP30_NONE,28,2024-08-15,QAUR,-0.003074406685344757
P_K10P6_CP30_NONE,28,2024-08-16,QAUR,0.004663048668023177
P_K10P6_CP30_NONE,28,2024-08-19,QAUR,0.004358726203545198
P_K10P6_CP30_NONE,28,2024-08-20,QAUR,0.0029262368351389307
P_K10P6_CP30_NONE,28,2024-08-21,QAUR,0.007839926839664668
P_K10P6_CP30_NONE,28,2024-08-22,QAUR,-0.0009777118852285097
P_K10P6_CP30_NONE,28,2024-08-23,QAUR,-0.0005404771091040439
P_K10P6_CP30_NONE,28,2024-08-26,QAUR,0.005326159117197672
P_K10P6_CP30_NONE,28,2024-08-27,QAUR,0.0006564132836541624
P_K10P6_CP30_NONE,28,2024-08-28,QAUR,0.0032462926637665673
P_K10P6_CP30_NONE,28,2024-08-29,QAUR,0.002029804458433965
P_K10P6_CP30_NONE,28,2024-08-30,QAUR,0.006823761814605048
P_K10P6_CP30_NONE,29,2024-09-04,AUR,-0.005105490914374242
P_K10P6_CP30_NONE,29,2024-09-05,AUR,-0.0024002642458491753
P_K10P6_CP30_NONE,29,2024-09-06,AUR,0.007129492365793979
P_K10P6_CP30_NONE,29,2024-09-09,AUR,-0.003622394610942875
P_K10P6_CP30_NONE,29,2024-09-10,AUR,-0.00447318359997207
P_K10P6_CP30_NONE,29,2024-09-11,AUR,0.0014267914860554803
P_K10P6_CP30_NONE,29,2024-09-12,AUR,0.004545453195082127
P_K10P6_CP30_NONE,29,2024-09-13,AUR,0.00021549018756939192
P_K10P6_CP30_NONE,29,2024-09-16,AUR,-0.005094327337646244
P_K10P6_CP30_NONE,29,2024-09-17,AUR,0.012642640949613518
P_K10P6_CP30_NONE,29,2024-09-18,AUR,0.004845392467784066
P_K10P6_CP30_NONE,29,2024-09-19,AUR,0.015402130440498199
P_K10P6_CP30_NONE,29,2024-09-20,AUR,0.00031073776486740656
P_K10P6_CP30_NONE,29,2024-09-23,AUR,-0.0006189138329258785
P_K10P6_CP30_NONE,29,2024-09-24,AUR,0.01183042570984148
P_K10P6_CP30_NONE,29,2024-09-25,AUR,0.012543289728965443
P_K10P6_CP30_NONE,29,2024-09-26,AUR,-0.011904781553544712
P_K10P6_CP30_NONE,29,2024-09-27,AUR,-0.001531531531531538
P_K10P6_CP30_NONE,29,2024-09-30,AUR,-0.007877117047511662
P_K10P6_CP30_NONE,29,2024-10-01,AUR,0.002630216563730482
P_K10P6_CP30_NONE,29,2024-09-04,QAUR,-0.005105490937759103
P_K10P6_CP30_NONE,29,2024-09-05,QAUR,-0.0024002642458491614
P_K10P6_CP30_NONE,29,2024-09-06,QAUR,0.007129492365793942
P_K10P6_CP30_NONE,29,2024-09-09,QAUR,-0.003622394610942852
P_K10P6_CP30_NONE,29,2024-09-10,QAUR,-0.004473183599972051
P_K10P6_CP30_NONE,29,2024-09-11,QAUR,0.0014267914860554625
P_K10P6_CP30_NONE,29,2024-09-12,QAUR,0.004545453195082128
P_K10P6_CP30_NONE,29,2024-09-13,QAUR,0.00021549018756939842
P_K10P6_CP30_NONE,29,2024-09-16,QAUR,-0.005094327337646235
P_K10P6_CP30_NONE,29,2024-09-17,QAUR,0.012642640949613515
P_K10P6_CP30_NONE,29,2024-09-18,QAUR,0.004845392467784073
P_K10P6_CP30_NONE,29,2024-09-19,QAUR,0.015402130440498225
P_K10P6_CP30_NONE,29,2024-09-20,QAUR,0.00031073776486742477
P_K10P6_CP30_NONE,29,2024-09-23,QAUR,-0.0006189138329258941
P_K10P6_CP30_NONE,29,2024-09-24,QAUR,0.011830425709841483
P_K10P6_CP30_NONE,29,2024-09-25,QAUR,0.012543289728965462
P_K10P6_CP30_NONE,29,2024-09-26,QAUR,-0.01190478155354473
P_K10P6_CP30_NONE,29,2024-09-27,QAUR,-0.001531531531531529
P_K10P6_CP30_NONE,29,2024-09-30,QAUR,-0.00787711704751167
P_K10P6_CP30_NONE,29,2024-10-01,QAUR,0.0026302165637304797
P_K10P6_CP30_NONE,30,2024-10-02,AUR,0.0010913263972038522
P_K10P6_CP30_NONE,30,2024-10-03,AUR,0.0010265941824108228
P_K10P6_CP30_NONE,30,2024-10-04,AUR,-0.0112528465262818
P_K10P6_CP30_NONE,30,2024-10-07,AUR,0.001473236912130828
P_K10P6_CP30_NONE,30,2024-10-08,AUR,-0.0014828639130228848
P_K10P6_CP30_NONE,30,2024-10-09,AUR,0.00376357956286358
P_K10P6_CP30_NONE,30,2024-10-10,AUR,-0.0008592387711134585
P_K10P6_CP30_NONE,30,2024-10-11,AUR,0.003221884768179195
P_K10P6_CP30_NONE,30,2024-10-14,AUR,-0.010891149559242322
P_K10P6_CP30_NONE,30,2024-10-15,AUR,-0.00022320958772103344
P_K10P6_CP30_NONE,30,2024-10-16,AUR,0.0031633102189916173
P_K10P6_CP30_NONE,30,2024-10-17,AUR,0.00872773590597657
P_K10P6_CP30_NONE,30,2024-10-18,AUR,0.014562824664542246
P_K10P6_CP30_NONE,30,2024-10-21,AUR,0.010836288001703488
P_K10P6_CP30_NONE,30,2024-10-22,AUR,0.00719772315294889
P_K10P6_CP30_NONE,30,2024-10-23,AUR,-0.00033721685245762206
P_K10P6_CP30_NONE,30,2024-10-24,AUR,-0.0025792683058260945
P_K10P6_CP30_NONE,30,2024-10-25,AUR,-0.005930574214394208
P_K10P6_CP30_NONE,30,2024-10-28,AUR,-0.008678605150570695
P_K10P6_CP30_NONE,30,2024-10-29,AUR,0.001442415859682766
P_K10P6_CP30_NONE,30,2024-10-30,AUR,0.0016373013726410947
P_K10P6_CP30_NONE,30,2024-10-31,AUR,0.0017239874274962068
P_K10P6_CP30_NONE,30,2024-11-01,AUR,-0.0025447059397261064
P_K10P6_CP30_NONE,30,2024-10-02,QAUR,0.0010913263573839938
P_K10P6_CP30_NONE,30,2024-10-03,QAUR,0.0010265941792061287
P_K10P6_CP30_NONE,30,2024-10-04,QAUR,-0.01125284653003549
P_K10P6_CP30_NONE,30,2024-10-07,QAUR,0.0014732369209996667
P_K10P6_CP30_NONE,30,2024-10-08,QAUR,-0.001482863928103754
P_K10P6_CP30_NONE,30,2024-10-09,QAUR,0.0037635796030512786
P_K10P6_CP30_NONE,30,2024-10-10,QAUR,-0.000859238744942072
P_K10P6_CP30_NONE,30,2024-10-11,QAUR,0.0032218848438678614
P_K10P6_CP30_NONE,30,2024-10-14,QAUR,-0.010891149588756296
P_K10P6_CP30_NONE,30,2024-10-15,QAUR,-0.00022320962234128022
P_K10P6_CP30_NONE,30,2024-10-16,QAUR,0.0031633102202629007
P_K10P6_CP30_NONE,30,2024-10-17,QAUR,0.008727735876060341
P_K10P6_CP30_NONE,30,2024-10-18,QAUR,0.014562824666065788
P_K10P6_CP30_NONE,30,2024-10-21,QAUR,0.010836288030727077
P_K10P6_CP30_NONE,30,2024-10-22,QAUR,0.007197723085183491
P_K10P6_CP30_NONE,30,2024-10-23,QAUR,-0.00033721691974191207
P_K10P6_CP30_NONE,30,2024-10-24,QAUR,-0.002579268310027795
P_K10P6_CP30_NONE,30,2024-10-25,QAUR,-0.005930574119958124
P_K10P6_CP30_NONE,30,2024-10-28,QAUR,-0.008678605166996744
P_K10P6_CP30_NONE,30,2024-10-29,QAUR,0.0014424158963515217
P_K10P6_CP30_NONE,30,2024-10-30,QAUR,0.0016373013325307142
P_K10P6_CP30_NONE,30,2024-10-31,QAUR,0.0017239874511375947
P_K10P6_CP30_NONE,30,2024-11-01,QAUR,-0.0025447058939892355
P_K10P6_CP30_NONE,31,2024-11-04,AUR,-0.006431901398096887
P_K10P6_CP30_NONE,31,2024-11-05,AUR,0.0005280655274585656
P_K10P6_CP30_NONE,31,2024-11-06,AUR,0.0029820417212058727
P_K10P6_CP30_NONE,31,2024-11-07,AUR,-0.00028734199459005315
P_K10P6_CP30_NONE,31,2024-11-08,AUR,0.0007555093063913767
P_K10P6_CP30_NONE,31,2024-11-11,AUR,0.0012360737568753257
P_K10P6_CP30_NONE,31,2024-11-12,AUR,9.700144671720621e-05
P_K10P6_CP30_NONE,31,2024-11-13,AUR,-0.0011523667426386935
P_K10P6_CP30_NONE,31,2024-11-14,AUR,-0.002225915083290828
P_K10P6_CP30_NONE,31,2024-11-15,AUR,-0.01161322596750065
P_K10P6_CP30_NONE,31,2024-11-18,AUR,0.0019490438364031196
P_K10P6_CP30_NONE,31,2024-11-19,AUR,0.002958712422533856
P_K10P6_CP30_NONE,31,2024-11-20,AUR,0.0021328116571805128
P_K10P6_CP30_NONE,31,2024-11-21,AUR,-0.0009044020228516804
P_K10P6_CP30_NONE,31,2024-11-22,AUR,-0.001864885789171682
P_K10P6_CP30_NONE,31,2024-11-25,AUR,0.004509183056421366
P_K10P6_CP30_NONE,31,2024-11-26,AUR,0.0022242008817364898
P_K10P6_CP30_NONE,31,2024-11-27,AUR,0.00012764593109940414
P_K10P6_CP30_NONE,31,2024-11-28,AUR,0.0013935120942383042
P_K10P6_CP30_NONE,31,2024-11-29,AUR,0.01361330034872603
P_K10P6_CP30_NONE,31,2024-11-04,QAUR,-0.006431901407412158
P_K10P6_CP30_NONE,31,2024-11-05,QAUR,0.0005280655277054799
P_K10P6_CP30_NONE,31,2024-11-06,QAUR,0.0029820417222131195
P_K10P6_CP30_NONE,31,2024-11-07,QAUR,-0.00028734199661861775
P_K10P6_CP30_NONE,31,2024-11-08,QAUR,0.0007555093042413386
P_K10P6_CP30_NONE,31,2024-11-11,QAUR,0.001236073756311277
P_K10P6_CP30_NONE,31,2024-11-12,QAUR,9.700145154810903e-05
P_K10P6_CP30_NONE,31,2024-11-13,QAUR,-0.001152366737953063
P_K10P6_CP30_NONE,31,2024-11-14,QAUR,-0.002225915081735623
P_K10P6_CP30_NONE,31,2024-11-15,QAUR,-0.011613225965507543
P_K10P6_CP30_NONE,31,2024-11-18,QAUR,0.0019490438383355656
P_K10P6_CP30_NONE,31,2024-11-19,QAUR,0.0029587124181445676
P_K10P6_CP30_NONE,31,2024-11-20,QAUR,0.0021328116522279545
P_K10P6_CP30_NONE,31,2024-11-21,QAUR,-0.0009044020233211901
P_K10P6_CP30_NONE,31,2024-11-22,QAUR,-0.0018648857888491285
P_K10P6_CP30_NONE,31,2024-11-25,QAUR,0.004509183056384129
P_K10P6_CP30_NONE,31,2024-11-26,QAUR,0.0022242008803645004
P_K10P6_CP30_NONE,31,2024-11-27,QAUR,0.00012764593001466466
P_K10P6_CP30_NONE,31,2024-11-28,QAUR,0.0013935120985555031
P_K10P6_CP30_NONE,31,2024-11-29,QAUR,0.013613300333273229
P_K10P6_CP30_NONE,32,2024-12-02,AUR,-0.0027526193840721695
P_K10P6_CP30_NONE,32,2024-12-03,AUR,-0.00733964226425129
P_K10P6_CP30_NONE,32,2024-12-04,AUR,0.003928145841959645
P_K10P6_CP30_NONE,32,2024-12-05,AUR,0.006368666977295014
P_K10P6_CP30_NONE,32,2024-12-06,AUR,0.001676364766902983
P_K10P6_CP30_NONE,32,2024-12-09,AUR,0.01706536554568039
P_K10P6_CP30_NONE,32,2024-12-10,AUR,0.013804447458874658
P_K10P6_CP30_NONE,32,2024-12-11,AUR,-0.01049672603495375
P_K10P6_CP30_NONE,32,2024-12-12,AUR,0.0007736157141518865
P_K10P6_CP30_NONE,32,2024-12-13,AUR,0.0007057355571167979
P_K10P6_CP30_NONE,32,2024-12-16,AUR,0.0007383902424822344
P_K10P6_CP30_NONE,32,2024-12-17,AUR,-0.0035712720921784267
P_K10P6_CP30_NONE,32,2024-12-18,AUR,0.004372417109754041
P_K10P6_CP30_NONE,32,2024-12-19,AUR,-0.006244582708664981
P_K10P6_CP30_NONE,32,2024-12-20,AUR,0.009931336792902179
P_K10P6_CP30_NONE,32,2024-12-23,AUR,0.0036153225879986925
P_K10P6_CP30_NONE,32,2024-12-24,AUR,-0.002447672753909888
P_K10P6_CP30_NONE,32,2024-12-25,AUR,0.009704031984550839
P_K10P6_CP30_NONE,32,2024-12-26,AUR,-0.007616861752326896
P_K10P6_CP30_NONE,32,2024-12-27,AUR,-0.003224476578649462
P_K10P6_CP30_NONE,32,2024-12-30,AUR,0.0021929433328086246
P_K10P6_CP30_NONE,32,2024-12-31,AUR,-0.00237526055843485
P_K10P6_CP30_NONE,32,2024-12-02,QAUR,-0.002571761792970321
P_K10P6_CP30_NONE,32,2024-12-03,QAUR,-0.007407316159060803
P_K10P6_CP30_NONE,32,2024-12-04,QAUR,0.004048193304865657
P_K10P6_CP30_NONE,32,2024-12-05,QAUR,0.006226117868405397
P_K10P6_CP30_NONE,32,2024-12-06,QAUR,0.0017742619715445315
P_K10P6_CP30_NONE,32,2024-12-09,QAUR,0.016899561092537096
P_K10P6_CP30_NONE,32,2024-12-10,QAUR,0.014042875562280949
P_K10P6_CP30_NONE,32,2024-12-11,QAUR,-0.010517342669987946
P_K10P6_CP30_NONE,32,2024-12-12,QAUR,0.0007276919920880054
P_K10P6_CP30_NONE,32,2024-12-13,QAUR,0.0006592018087712983
P_K10P6_CP30_NONE,32,2024-12-16,QAUR,0.0008802354245341183
P_K10P6_CP30_NONE,32,2024-12-17,QAUR,-0.003731405917048753
P_K10P6_CP30_NONE,32,2024-12-18,QAUR,0.0044956899833970805
P_K10P6_CP30_NONE,32,2024-12-19,QAUR,-0.006309572987806159
P_K10P6_CP30_NONE,32,2024-12-20,QAUR,0.009698989207438011
P_K10P6_CP30_NONE,32,2024-12-23,QAUR,0.0036901554725817095
P_K10P6_CP30_NONE,32,2024-12-24,QAUR,-0.0024316515694715506
P_K10P6_CP30_NONE,32,2024-12-25,QAUR,0.009767776668129368
P_K10P6_CP30_NONE,32,2024-12-26,QAUR,-0.007472765253752557
P_K10P6_CP30_NONE,32,2024-12-27,QAUR,-0.0033835524282879144
P_K10P6_CP30_NONE,32,2024-12-30,QAUR,0.0021634191442018048
P_K10P6_CP30_NONE,32,2024-12-31,QAUR,-0.0017055044018672726
P_K10P6_CP30_NONE,33,2025-01-02,AUR,-0.0064015603893291285
P_K10P6_CP30_NONE,33,2025-01-03,AUR,-0.006496484694336965
P_K10P6_CP30_NONE,33,2025-01-06,AUR,-0.0012113861277029117
P_K10P6_CP30_NONE,33,2025-01-07,AUR,0.005968343242090263
P_K10P6_CP30_NONE,33,2025-01-08,AUR,-0.0023740071178205697
P_K10P6_CP30_NONE,33,2025-01-09,AUR,0.000850966998959226
P_K10P6_CP30_NONE,33,2025-01-10,AUR,-0.003676278999397972
P_K10P6_CP30_NONE,33,2025-01-13,AUR,-0.002773992907545392
P_K10P6_CP30_NONE,33,2025-01-14,AUR,-0.00017450741525895002
P_K10P6_CP30_NONE,33,2025-01-15,AUR,0.0025372185339797983
P_K10P6_CP30_NONE,33,2025-01-16,AUR,-0.0003398755307957185
P_K10P6_CP30_NONE,33,2025-01-17,AUR,0.0021816245624363957
P_K10P6_CP30_NONE,33,2025-01-20,AUR,-0.0007874295386629873
P_K10P6_CP30_NONE,33,2025-01-21,AUR,0.003349194691351195
P_K10P6_CP30_NONE,33,2025-01-22,AUR,0.004073697931746856
P_K10P6_CP30_NONE,33,2025-01-23,AUR,-0.0011996488744782563
P_K10P6_CP30_NONE,33,2025-01-24,AUR,0.016168070429220412
P_K10P6_CP30_NONE,33,2025-01-02,QAUR,-0.006401224335976112
P_K10P6_CP30_NONE,33,2025-01-03,QAUR,-0.006496484693754103
P_K10P6_CP30_NONE,33,2025-01-06,QAUR,-0.001211386127361649
P_K10P6_CP30_NONE,33,2025-01-07,QAUR,0.005968343241793488
P_K10P6_CP30_NONE,33,2025-01-08,QAUR,-0.0023740071178876107
P_K10P6_CP30_NONE,33,2025-01-09,QAUR,0.0008509669986963952
P_K10P6_CP30_NONE,33,2025-01-10,QAUR,-0.0036762789992081427
P_K10P6_CP30_NONE,33,2025-01-13,QAUR,-0.0027739929076366233
P_K10P6_CP30_NONE,33,2025-01-14,QAUR,-0.0001745074150704015
P_K10P6_CP30_NONE,33,2025-01-15,QAUR,0.0025372185337790903
P_K10P6_CP30_NONE,33,2025-01-16,QAUR,-0.0003398755304202766
P_K10P6_CP30_NONE,33,2025-01-17,QAUR,0.002181624562322178
P_K10P6_CP30_NONE,33,2025-01-20,QAUR,-0.0007874295391755749
P_K10P6_CP30_NONE,33,2025-01-21,QAUR,0.003349194691152025
P_K10P6_CP30_NONE,33,2025-01-22,QAUR,0.004073697931732444
P_K10P6_CP30_NONE,33,2025-01-23,QAUR,-0.0011996488738507023
P_K10P6_CP30_NONE,33,2025-01-24,QAUR,0.016168070429350687
P_K10P6_CP30_NONE,34,2025-02-03,AUR,-0.00804644185923215
P_K10P6_CP30_NONE,34,2025-02-04,AUR,0.00033503632420770477
P_K10P6_CP30_NONE,34,2025-02-05,AUR,0.0017886929361089284
P_K10P6_CP30_NONE,34,2025-02-06,AUR,0.0034204138936735854
P_K10P6_CP30_NONE,34,2025-02-07,AUR,-0.002313537878913417
P_K10P6_CP30_NONE,34,2025-02-10,AUR,-0.004189853395941014
P_K10P6_CP30_NONE,34,2025-02-11,AUR,-0.003176041831943543
P_K10P6_CP30_NONE,34,2025-02-12,AUR,-0.0006079796490167992
P_K10P6_CP30_NONE,34,2025-02-13,AUR,0.006101429553601584
P_K10P6_CP30_NONE,34,2025-02-14,AUR,0.0016497358817972874
P_K10P6_CP30_NONE,34,2025-02-17,AUR,0.0005797984015174747
P_K10P6_CP30_NONE,34,2025-02-18,AUR,-0.0009087980357895945
P_K10P6_CP30_NONE,34,2025-02-19,AUR,0.007942360866129273
P_K10P6_CP30_NONE,34,2025-02-20,AUR,0.00040837345195917746
P_K10P6_CP30_NONE,34,2025-02-21,AUR,0.009392981437085373
P_K10P6_CP30_NONE,34,2025-02-24,AUR,0.002139848421715123
P_K10P6_CP30_NONE,34,2025-02-25,AUR,-0.003887821427624249
P_K10P6_CP30_NONE,34,2025-02-26,AUR,0.002519660767417065
P_K10P6_CP30_NONE,34,2025-02-27,AUR,0.006980414110241907
P_K10P6_CP30_NONE,34,2025-02-28,AUR,-0.004101241461810002
P_K10P6_CP30_NONE,34,2025-02-03,QAUR,-0.008179943151830411
P_K10P6_CP30_NONE,34,2025-02-04,QAUR,0.0002273809277973728
P_K10P6_CP30_NONE,34,2025-02-05,QAUR,0.001647679075437736
P_K10P6_CP30_NONE,34,2025-02-06,QAUR,0.0035316549471197966
P_K10P6_CP30_NONE,34,2025-02-07,QAUR,-0.002309382727207878
P_K10P6_CP30_NONE,34,2025-02-10,QAUR,-0.004508098386801171
P_K10P6_CP30_NONE,34,2025-02-11,QAUR,-0.003041403037882532
P_K10P6_CP30_NONE,34,2025-02-12,QAUR,-0.0007686524268169105
P_K10P6_CP30_NONE,34,2025-02-13,QAUR,0.006214989683395555
P_K10P6_CP30_NONE,34,2025-02-14,QAUR,0.0016654860466891672
P_K10P6_CP30_NONE,34,2025-02-17,QAUR,0.0005468622803087974
P_K10P6_CP30_NONE,34,2025-02-18,QAUR,-0.0008053863737660736
P_K10P6_CP30_NONE,34,2025-02-19,QAUR,0.008093004447932997
P_K10P6_CP30_NONE,34,2025-02-20,QAUR,0.0001989571604089448
P_K10P6_CP30_NONE,34,2025-02-21,QAUR,0.009352457787320786
P_K10P6_CP30_NONE,34,2025-02-24,QAUR,0.0021129560360483093
P_K10P6_CP30_NONE,34,2025-02-25,QAUR,-0.003780320272630664
P_K10P6_CP30_NONE,34,2025-02-26,QAUR,0.0025435258556538425
P_K10P6_CP30_NONE,34,2025-02-27,QAUR,0.006975504002309087
P_K10P6_CP30_NONE,34,2025-02-28,QAUR,-0.004165351085704653
P_K10P6_CP30_NONE,35,2025-03-03,AUR,0.0012779591812456291
P_K10P6_CP30_NONE,35,2025-03-04,AUR,-0.0026829580005697123
P_K10P6_CP30_NONE,35,2025-03-05,AUR,0.003596665287118852
P_K10P6_CP30_NONE,35,2025-03-06,AUR,0.009092636095417248
P_K10P6_CP30_NONE,35,2025-03-07,AUR,-0.0023548554708942592
P_K10P6_CP30_NONE,35,2025-03-10,AUR,-0.00044839047646541325
P_K10P6_CP30_NONE,35,2025-03-11,AUR,-0.0018224542199555209
P_K10P6_CP30_NONE,35,2025-03-12,AUR,0.0045042547299451886
P_K10P6_CP30_NONE,35,2025-03-13,AUR,-0.011325158351970597
P_K10P6_CP30_NONE,35,2025-03-14,AUR,0.007876289443808466
P_K10P6_CP30_NONE,35,2025-03-17,AUR,0.005186889459894458
P_K10P6_CP30_NONE,35,2025-03-18,AUR,-0.002033056439757563
P_K10P6_CP30_NONE,35,2025-03-19,AUR,-0.0003364047846696448
P_K10P6_CP30_NONE,35,2025-03-20,AUR,0.0034592056358242382
P_K10P6_CP30_NONE,35,2025-03-21,AUR,-0.0022037174994554982
P_K10P6_CP30_NONE,35,2025-03-24,AUR,0.006762089120070812
P_K10P6_CP30_NONE,35,2025-03-25,AUR,-0.0007533961370277654
P_K10P6_CP30_NONE,35,2025-03-26,AUR,-0.0018153801431243892
P_K10P6_CP30_NONE,35,2025-03-27,AUR,-0.004781301745211785
P_K10P6_CP30_NONE,35,2025-03-28,AUR,-0.002032172484334547
P_K10P6_CP30_NONE,35,2025-03-31,AUR,-0.00945618990289536
P_K10P6_CP30_NONE,35,2025-04-01,AUR,0.005398206285330274
P_K10P6_CP30_NONE,35,2025-03-03,QAUR,0.0023255465402069555
P_K10P6_CP30_NONE,35,2025-03-04,QAUR,-0.001571056998509809
P_K10P6_CP30_NONE,35,2025-03-05,QAUR,0.004326988844649134
P_K10P6_CP30_NONE,35,2025-03-06,QAUR,0.001363538234848616
P_K10P6_CP30_NONE,35,2025-03-07,QAUR,-0.002980167659369401
P_K10P6_CP30_NONE,35,2025-03-10,QAUR,0.0011138830965935554
P_K10P6_CP30_NONE,35,2025-03-11,QAUR,-0.0005341553469367173
P_K10P6_CP30_NONE,35,2025-03-12,QAUR,0.009081748698102802
P_K10P6_CP30_NONE,35,2025-03-13,QAUR,-0.011138498673094438
P_K10P6_CP30_NONE,35,2025-03-14,QAUR,0.007344002033558055
P_K10P6_CP30_NONE,35,2025-03-17,QAUR,0.00680571336784682
P_K10P6_CP30_NONE,35,2025-03-18,QAUR,-0.007199254407327493
P_K10P6_CP30_NONE,35,2025-03-19,QAUR,0.0004055568353659863
P_K10P6_CP30_NONE,35,2025-03-20,QAUR,0.002690972247732673
P_K10P6_CP30_NONE,35,2025-03-21,QAUR,-0.002319155618314471
P_K10P6_CP30_NONE,35,2025-03-24,QAUR,0.006550005520870154
P_K10P6_CP30_NONE,35,2025-03-25,QAUR,-0.0008870748574512618
P_K10P6_CP30_NONE,35,2025-03-26,QAUR,0.0009413908011848748
P_K10P6_CP30_NONE,35,2025-03-27,QAUR,-0.006685841091194452
P_K10P6_CP30_NONE,35,2025-03-28,QAUR,-0.004581057566687891
P_K10P6_CP30_NONE,35,2025-03-31,QAUR,-0.007041285054229565
P_K10P6_CP30_NONE,35,2025-04-01,QAUR,0.004357929828298751
P_K10P6_CP30_NONE,36,2025-04-02,AUR,0.0021055416814008397
P_K10P6_CP30_NONE,36,2025-04-03,AUR,-0.05217568996392257
P_K10P6_CP30_NONE,36,2025-04-04,AUR,-0.004522459460087568
P_K10P6_CP30_NONE,36,2025-04-08,AUR,-0.04287435360900563
P_K10P6_CP30_NONE,36,2025-04-09,AUR,-0.019355001685239282
P_K10P6_CP30_NONE,36,2025-04-10,AUR,0.0628061847983378
P_K10P6_CP30_NONE,36,2025-04-11,AUR,0.024917286169882875
P_K10P6_CP30_NONE,36,2025-04-14,AUR,-0.0008727911576562556
P_K10P6_CP30_NONE,36,2025-04-15,AUR,0.0018264739312483982
P_K10P6_CP30_NONE,36,2025-04-16,AUR,-0.002544749254964193
P_K10P6_CP30_NONE,36,2025-04-17,AUR,-0.01083268887682923
P_K10P6_CP30_NONE,36,2025-04-18,AUR,0.00037008782378922895
P_K10P6_CP30_NONE,36,2025-04-21,AUR,-0.001959904727962508
P_K10P6_CP30_NONE,36,2025-04-22,AUR,-0.010053973746870929
P_K10P6_CP30_NONE,36,2025-04-23,AUR,0.0035425805893543726
P_K10P6_CP30_NONE,36,2025-04-24,AUR,0.00570711827979751
P_K10P6_CP30_NONE,36,2025-04-25,AUR,-0.00347603834421357
P_K10P6_CP30_NONE,36,2025-04-28,AUR,-0.004589014133562181
P_K10P6_CP30_NONE,36,2025-04-29,AUR,0.0019210392591316296
P_K10P6_CP30_NONE,36,2025-04-02,QAUR,0.0019658246290116966
P_K10P6_CP30_NONE,36,2025-04-03,QAUR,-0.05445025967180872
P_K10P6_CP30_NONE,36,2025-04-04,QAUR,-0.010971752723872245
P_K10P6_CP30_NONE,36,2025-04-08,QAUR,-0.043142279213240056
P_K10P6_CP30_NONE,36,2025-04-09,QAUR,-0.013953367843173097
P_K10P6_CP30_NONE,36,2025-04-10,QAUR,0.06295798721947904
P_K10P6_CP30_NONE,36,2025-04-11,QAUR,0.029653404065757793
P_K10P6_CP30_NONE,36,2025-04-14,QAUR,0.0027386137044945833
P_K10P6_CP30_NONE,36,2025-04-15,QAUR,-0.0005051076704836442
P_K10P6_CP30_NONE,36,2025-04-16,QAUR,-0.004879425757595587
P_K10P6_CP30_NONE,36,2025-04-17,QAUR,-0.008160152990717925
P_K10P6_CP30_NONE,36,2025-04-18,QAUR,0.003594732166675898
P_K10P6_CP30_NONE,36,2025-04-21,QAUR,-0.0049296948890486525
P_K10P6_CP30_NONE,36,2025-04-22,QAUR,-0.010368818589617598
P_K10P6_CP30_NONE,36,2025-04-23,QAUR,0.0037725935830962205
P_K10P6_CP30_NONE,36,2025-04-24,QAUR,0.0101402835436195
P_K10P6_CP30_NONE,36,2025-04-25,QAUR,-0.0011738393199901772
P_K10P6_CP30_NONE,36,2025-04-28,QAUR,-0.008131042667703684
P_K10P6_CP30_NONE,36,2025-04-29,QAUR,-0.0008006968231427372
P_K10P6_CP30_NONE,37,2025-05-05,AUR,0.015933461935644874
P_K10P6_CP30_NONE,37,2025-05-06,AUR,0.0017228001523478579
P_K10P6_CP30_NONE,37,2025-05-07,AUR,0.0025410541716811863
P_K10P6_CP30_NONE,37,2025-05-08,AUR,-0.003913876026128108
P_K10P6_CP30_NONE,37,2025-05-09,AUR,-0.0011105454547172924
P_K10P6_CP30_NONE,37,2025-05-12,AUR,-0.006010375561824921
P_K10P6_CP30_NONE,37,2025-05-13,AUR,-0.000500274681840234
P_K10P6_CP30_NONE,37,2025-05-14,AUR,0.009139274089797802
P_K10P6_CP30_NONE,37,2025-05-15,AUR,0.00572691160795296
P_K10P6_CP30_NONE,37,2025-05-16,AUR,-0.004082681697410391
P_K10P6_CP30_NONE,37,2025-05-19,AUR,-0.00034248559716913577
P_K10P6_CP30_NONE,37,2025-05-20,AUR,-0.00043182208686751145
P_K10P6_CP30_NONE,37,2025-05-21,AUR,0.006516195201302403
P_K10P6_CP30_NONE,37,2025-05-22,AUR,-0.005998353156544052
P_K10P6_CP30_NONE,37,2025-05-23,AUR,0.002040683276557409
P_K10P6_CP30_NONE,37,2025-05-26,AUR,0.002328594480836007
P_K10P6_CP30_NONE,37,2025-05-27,AUR,0.006411826532688153
P_K10P6_CP30_NONE,37,2025-05-28,AUR,0.007303119579540878
P_K10P6_CP30_NONE,37,2025-05-29,AUR,0.002379308818763532
P_K10P6_CP30_NONE,37,2025-05-30,AUR,-0.01670505061835483
P_K10P6_CP30_NONE,37,2025-05-05,QAUR,0.01910890680196078
P_K10P6_CP30_NONE,37,2025-05-06,QAUR,0.0027199938997683865
P_K10P6_CP30_NONE,37,2025-05-07,QAUR,0.004522721684642244
P_K10P6_CP30_NONE,37,2025-05-08,QAUR,-0.002277271005821725
P_K10P6_CP30_NONE,37,2025-05-09,QAUR,0.0006946001365379281
P_K10P6_CP30_NONE,37,2025-05-12,QAUR,-0.007173086089946075
P_K10P6_CP30_NONE,37,2025-05-13,QAUR,-0.0028072169959868507
P_K10P6_CP30_NONE,37,2025-05-14,QAUR,-0.0018152186758079573
P_K10P6_CP30_NONE,37,2025-05-15,QAUR,0.017284445626583305
P_K10P6_CP30_NONE,37,2025-05-16,QAUR,-0.0071812732291639935
P_K10P6_CP30_NONE,37,2025-05-19,QAUR,0.0030972550329774065
P_K10P6_CP30_NONE,37,2025-05-20,QAUR,0.00071201560676864
P_K10P6_CP30_NONE,37,2025-05-21,QAUR,0.004890996407931047
P_K10P6_CP30_NONE,37,2025-05-22,QAUR,-0.009773244395829273
P_K10P6_CP30_NONE,37,2025-05-23,QAUR,0.0013382924000740338
P_K10P6_CP30_NONE,37,2025-05-26,QAUR,0.002325894359848012
P_K10P6_CP30_NONE,37,2025-05-27,QAUR,0.011874880752581186
P_K10P6_CP30_NONE,37,2025-05-28,QAUR,0.00718178498464243
P_K10P6_CP30_NONE,37,2025-05-29,QAUR,-0.0009966325978304877
P_K10P6_CP30_NONE,37,2025-05-30,QAUR,-0.016695994151730283
P_K10P6_CP30_NONE,38,2025-06-02,AUR,-0.0028480233793331177
P_K10P6_CP30_NONE,38,2025-06-03,AUR,0.004432006384366684
P_K10P6_CP30_NONE,38,2025-06-04,AUR,0.010422580881460057
P_K10P6_CP30_NONE,38,2025-06-05,AUR,-0.0022025691933653816
P_K10P6_CP30_NONE,38,2025-06-06,AUR,-0.0020668492371536326
P_K10P6_CP30_NONE,38,2025-06-09,AUR,-0.013833750013640865
P_K10P6_CP30_NONE,38,2025-06-10,AUR,0.0006088637714122482
P_K10P6_CP30_NONE,38,2025-06-11,AUR,0.008640972644321822
P_K10P6_CP30_NONE,38,2025-06-12,AUR,-0.000143216635351136
P_K10P6_CP30_NONE,38,2025-06-13,AUR,3.0834190778932674e-05
P_K10P6_CP30_NONE,38,2025-06-16,AUR,0.0056150589680700755
P_K10P6_CP30_NONE,38,2025-06-17,AUR,-0.001790255776204253
P_K10P6_CP30_NONE,38,2025-06-18,AUR,0.004401734326541386
P_K10P6_CP30_NONE,38,2025-06-19,AUR,0.0003552528837697279
P_K10P6_CP30_NONE,38,2025-06-20,AUR,0.009332108192382782
P_K10P6_CP30_NONE,38,2025-06-23,AUR,0.006308141663782416
P_K10P6_CP30_NONE,38,2025-06-24,AUR,-0.0026366771164367674
P_K10P6_CP30_NONE,38,2025-06-25,AUR,-0.007257334246490147
P_K10P6_CP30_NONE,38,2025-06-26,AUR,0.002977601329900812
P_K10P6_CP30_NONE,38,2025-06-27,AUR,-0.004704552787952372
P_K10P6_CP30_NONE,38,2025-06-30,AUR,0.008838202570623689
P_K10P6_CP30_NONE,38,2025-07-01,AUR,0.01058521110569399
P_K10P6_CP30_NONE,38,2025-06-02,QAUR,-0.008550003626715595
P_K10P6_CP30_NONE,38,2025-06-03,QAUR,0.006888152627342995
P_K10P6_CP30_NONE,38,2025-06-04,QAUR,0.0043204023534291055
P_K10P6_CP30_NONE,38,2025-06-05,QAUR,-0.01253854264873971
P_K10P6_CP30_NONE,38,2025-06-06,QAUR,0.0006398728615628984
P_K10P6_CP30_NONE,38,2025-06-09,QAUR,-0.01148946607543628
P_K10P6_CP30_NONE,38,2025-06-10,QAUR,0.009606769960241734
P_K10P6_CP30_NONE,38,2025-06-11,QAUR,0.006909945682032567
P_K10P6_CP30_NONE,38,2025-06-12,QAUR,0.002006925501443214
P_K10P6_CP30_NONE,38,2025-06-13,QAUR,-0.0026650356458525017
P_K10P6_CP30_NONE,38,2025-06-16,QAUR,0.0010464808509711642
P_K10P6_CP30_NONE,38,2025-06-17,QAUR,0.004231845235349498
P_K10P6_CP30_NONE,38,2025-06-18,QAUR,0.001964791120936872
P_K10P6_CP30_NONE,38,2025-06-19,QAUR,0.0031235053394115843
P_K10P6_CP30_NONE,38,2025-06-20,QAUR,0.012758370830850574
P_K10P6_CP30_NONE,38,2025-06-23,QAUR,-0.0029451732429121302
P_K10P6_CP30_NONE,38,2025-06-24,QAUR,0.0022362907764024442
P_K10P6_CP30_NONE,38,2025-06-25,QAUR,-0.003612492799076338
P_K10P6_CP30_NONE,38,2025-06-26,QAUR,0.004761757750689877
P_K10P6_CP30_NONE,38,2025-06-27,QAUR,-0.006896547227002716
P_K10P6_CP30_NONE,38,2025-06-30,QAUR,0.0064394826199474006
P_K10P6_CP30_NONE,38,2025-07-01,QAUR,0.009207920506786003
P_K10P6_CP30_NONE,39,2025-07-02,AUR,0.012501671577794131
P_K10P6_CP30_NONE,39,2025-07-03,AUR,-0.004622358463637696
P_K10P6_CP30_NONE,39,2025-07-04,AUR,-0.0064037030892961574
P_K10P6_CP30_NONE,39,2025-07-07,AUR,-0.0021075695187636055
P_K10P6_CP30_NONE,39,2025-07-08,AUR,0.01168008536026435
P_K10P6_CP30_NONE,39,2025-07-09,AUR,-0.004376554419316692
P_K10P6_CP30_NONE,39,2025-07-10,AUR,0.0012276912134167998
P_K10P6_CP30_NONE,39,2025-07-11,AUR,-0.007488748340703023
P_K10P6_CP30_NONE,39,2025-07-14,AUR,-0.007092774301837643
P_K10P6_CP30_NONE,39,2025-07-15,AUR,-0.007175201750131038
P_K10P6_CP30_NONE,39,2025-07-16,AUR,0.003963459679825626
P_K10P6_CP30_NONE,39,2025-07-17,AUR,-0.007878903159276002
P_K10P6_CP30_NONE,39,2025-07-18,AUR,-0.00037137707981357414
P_K10P6_CP30_NONE,39,2025-07-21,AUR,0.009497109990722277
P_K10P6_CP30_NONE,39,2025-07-22,AUR,0.0036124153030133175
P_K10P6_CP30_NONE,39,2025-07-23,AUR,0.0019994708906333506
P_K10P6_CP30_NONE,39,2025-07-24,AUR,0.0001769450527616976
P_K10P6_CP30_NONE,39,2025-07-25,AUR,0.005909599393094261
P_K10P6_CP30_NONE,39,2025-07-28,AUR,0.0006038862719086043
P_K10P6_CP30_NONE,39,2025-07-29,AUR,0.005975730309833601
P_K10P6_CP30_NONE,39,2025-07-30,AUR,0.01922636163463299
P_K10P6_CP30_NONE,39,2025-07-31,AUR,0.010074832214372607
P_K10P6_CP30_NONE,39,2025-08-01,AUR,0.010701351265296744
P_K10P6_CP30_NONE,39,2025-07-02,QAUR,0.012096213357646738
P_K10P6_CP30_NONE,39,2025-07-03,QAUR,0.0014836569317520773
P_K10P6_CP30_NONE,39,2025-07-04,QAUR,-0.013668490479276695
P_K10P6_CP30_NONE,39,2025-07-07,QAUR,-0.004929434317313677
P_K10P6_CP30_NONE,39,2025-07-08,QAUR,0.006243053737579538
P_K10P6_CP30_NONE,39,2025-07-09,QAUR,-0.006556850613592603
P_K10P6_CP30_NONE,39,2025-07-10,QAUR,0.00260481405506467
P_K10P6_CP30_NONE,39,2025-07-11,QAUR,-0.006929287219130044
P_K10P6_CP30_NONE,39,2025-07-14,QAUR,-0.0069095197191693155
P_K10P6_CP30_NONE,39,2025-07-15,QAUR,-0.0010522889419863767
P_K10P6_CP30_NONE,39,2025-07-16,QAUR,0.002865671278679661
P_K10P6_CP30_NONE,39,2025-07-17,QAUR,-0.005297650911631216
P_K10P6_CP30_NONE,39,2025-07-18,QAUR,0.0073529639486206565
P_K10P6_CP30_NONE,39,2025-07-21,QAUR,-0.0005308560976401382
P_K10P6_CP30_NONE,39,2025-07-22,QAUR,0.0011965463942533892
P_K10P6_CP30_NONE,39,2025-07-23,QAUR,-0.005520157773915979
P_K10P6_CP30_NONE,39,2025-07-24,QAUR,0.000346936928449566
P_K10P6_CP30_NONE,39,2025-07-25,QAUR,0.0032270768880101005
P_K10P6_CP30_NONE,39,2025-07-28,QAUR,0.007104961388807756
P_K10P6_CP30_NONE,39,2025-07-29,QAUR,-0.003064993450988392
P_K10P6_CP30_NONE,39,2025-07-30,QAUR,0.022067167219624748
P_K10P6_CP30_NONE,39,2025-07-31,QAUR,0.02347097645926156
P_K10P6_CP30_NONE,39,2025-08-01,QAUR,0.01109927335368895
P_K10P6_CP30_NONE,40,2025-08-04,AUR,0.01044659705409684
P_K10P6_CP30_NONE,40,2025-08-05,AUR,-0.019808125541377456
P_K10P6_CP30_NONE,40,2025-08-06,AUR,0.027566315824394883
P_K10P6_CP30_NONE,40,2025-08-07,AUR,0.009273942666767182
P_K10P6_CP30_NONE,40,2025-08-08,AUR,0.011568873740084558
P_K10P6_CP30_NONE,40,2025-08-11,AUR,0.0016664901314327246
P_K10P6_CP30_NONE,40,2025-08-12,AUR,0.01463338454598287
P_K10P6_CP30_NONE,40,2025-08-13,AUR,-0.0015808573293534492
P_K10P6_CP30_NONE,40,2025-08-14,AUR,0.0026605063376894805
P_K10P6_CP30_NONE,40,2025-08-15,AUR,0.015213234918571576
P_K10P6_CP30_NONE,40,2025-08-18,AUR,0.03198981880743999
P_K10P6_CP30_NONE,40,2025-08-19,AUR,0.008452018843406624
P_K10P6_CP30_NONE,40,2025-08-20,AUR,-0.0008057338306196433
P_K10P6_CP30_NONE,40,2025-08-21,AUR,-0.008445682453383337
P_K10P6_CP30_NONE,40,2025-08-22,AUR,-0.03400505059939465
P_K10P6_CP30_NONE,40,2025-08-25,AUR,-0.019646757400144294
P_K10P6_CP30_NONE,40,2025-08-26,AUR,0.021471030419887432
P_K10P6_CP30_NONE,40,2025-08-27,AUR,0.000741183602955015
P_K10P6_CP30_NONE,40,2025-08-28,AUR,-0.003394772563050721
P_K10P6_CP30_NONE,40,2025-08-29,AUR,-0.0015764725538511583
P_K10P6_CP30_NONE,40,2025-08-04,QAUR,-0.0004919432893562387
P_K10P6_CP30_NONE,40,2025-08-05,QAUR,-0.013090304399645586
P_K10P6_CP30_NONE,40,2025-08-06,QAUR,0.014771395364014247
P_K10P6_CP30_NONE,40,2025-08-07,QAUR,0.0003586337591710816
P_K10P6_CP30_NONE,40,2025-08-08,QAUR,0.007929630551318984
P_K10P6_CP30_NONE,40,2025-08-11,QAUR,0.0057842726229696325
P_K10P6_CP30_NONE,40,2025-08-12,QAUR,0.011102745716698007
P_K10P6_CP30_NONE,40,2025-08-13,QAUR,-0.0005178496366811771
P_K10P6_CP30_NONE,40,2025-08-14,QAUR,0.007916418882146262
P_K10P6_CP30_NONE,40,2025-08-15,QAUR,0.010033746468926276
P_K10P6_CP30_NONE,40,2025-08-18,QAUR,0.016513302324846515
P_K10P6_CP30_NONE,40,2025-08-19,QAUR,0.015296110840188594
P_K10P6_CP30_NONE,40,2025-08-20,QAUR,0.0035986464489117702
P_K10P6_CP30_NONE,40,2025-08-21,QAUR,-0.010112967895457898
P_K10P6_CP30_NONE,40,2025-08-22,QAUR,-0.025818648510973208
P_K10P6_CP30_NONE,40,2025-08-25,QAUR,-0.008771798725419219
P_K10P6_CP30_NONE,40,2025-08-26,QAUR,0.0033839773409745652
P_K10P6_CP30_NONE,40,2025-08-27,QAUR,0.012031981087028229
P_K10P6_CP30_NONE,40,2025-08-28,QAUR,-0.002738626369831464
P_K10P6_CP30_NONE,40,2025-08-29,QAUR,-0.004826943901958097
P_K10P6_CP30_NONE,41,2025-09-03,AUR,0.002817422544849818
P_K10P6_CP30_NONE,41,2025-09-04,AUR,-0.003498493801358551
P_K10P6_CP30_NONE,41,2025-09-05,AUR,0.0025739234405553995
P_K10P6_CP30_NONE,41,2025-09-08,AUR,0.0031399045369937435
P_K10P6_CP30_NONE,41,2025-09-09,AUR,-0.006663576104628411
P_K10P6_CP30_NONE,41,2025-09-10,AUR,0.010020153079022945
P_K10P6_CP30_NONE,41,2025-09-11,AUR,0.0014240428557017746
P_K10P6_CP30_NONE,41,2025-09-12,AUR,-0.001702648884846889
P_K10P6_CP30_NONE,41,2025-09-15,AUR,0.0037311248941960555
P_K10P6_CP30_NONE,41,2025-09-16,AUR,-0.00466956337329217
P_K10P6_CP30_NONE,41,2025-09-17,AUR,-0.0011499771996877517
P_K10P6_CP30_NONE,41,2025-09-18,AUR,-0.0055243742392763985
P_K10P6_CP30_NONE,41,2025-09-19,AUR,-0.0027021016136950567
P_K10P6_CP30_NONE,41,2025-09-22,AUR,-0.0023309445289108957
P_K10P6_CP30_NONE,41,2025-09-23,AUR,0.0023843574082498126
P_K10P6_CP30_NONE,41,2025-09-24,AUR,0.012296967258281725
P_K10P6_CP30_NONE,41,2025-09-25,AUR,0.0025230941463796367
P_K10P6_CP30_NONE,41,2025-09-26,AUR,-0.003379132463380663
P_K10P6_CP30_NONE,41,2025-09-29,AUR,-0.005761653159258613
P_K10P6_CP30_NONE,41,2025-09-30,AUR,0.0011241236912381712
P_K10P6_CP30_NONE,41,2025-10-01,AUR,0.0030103096479134075
P_K10P6_CP30_NONE,41,2025-09-03,QAUR,0.004686026447293618
P_K10P6_CP30_NONE,41,2025-09-04,QAUR,0.003053081224894167
P_K10P6_CP30_NONE,41,2025-09-05,QAUR,0.0004662926531747727
P_K10P6_CP30_NONE,41,2025-09-08,QAUR,-0.0009576783361889135
P_K10P6_CP30_NONE,41,2025-09-09,QAUR,-0.007021761243865854
P_K10P6_CP30_NONE,41,2025-09-10,QAUR,0.011539485600040854
P_K10P6_CP30_NONE,41,2025-09-11,QAUR,-0.0030819321441908007
P_K10P6_CP30_NONE,41,2025-09-12,QAUR,1.8897945179236018e-05
P_K10P6_CP30_NONE,41,2025-09-15,QAUR,0.007833542723356152
P_K10P6_CP30_NONE,41,2025-09-16,QAUR,-0.005430186114590889
P_K10P6_CP30_NONE,41,2025-09-17,QAUR,-0.0015910396936351591
P_K10P6_CP30_NONE,41,2025-09-18,QAUR,-0.009226623229060777
P_K10P6_CP30_NONE,41,2025-09-19,QAUR,0.004562218733548658
P_K10P6_CP30_NONE,41,2025-09-22,QAUR,-0.0026976856445616935
P_K10P6_CP30_NONE,41,2025-09-23,QAUR,0.0036625075650552636
P_K10P6_CP30_NONE,41,2025-09-24,QAUR,0.0037598635456488104
P_K10P6_CP30_NONE,41,2025-09-25,QAUR,0.0057369211275727534
P_K10P6_CP30_NONE,41,2025-09-26,QAUR,-0.003571468912034231
P_K10P6_CP30_NONE,41,2025-09-29,QAUR,0.00043215999664332667
P_K10P6_CP30_NONE,41,2025-09-30,QAUR,-0.0019508082344889773
P_K10P6_CP30_NONE,41,2025-10-01,QAUR,0.0031682729874207205
P_K10P6_CP30_NONE,42,2025-10-02,AUR,-0.00495795753617201
P_K10P6_CP30_NONE,42,2025-10-03,AUR,0.002915824105648339
P_K10P6_CP30_NONE,42,2025-10-06,AUR,0.008786788284126545
P_K10P6_CP30_NONE,42,2025-10-07,AUR,-0.0047078508540182576
P_K10P6_CP30_NONE,42,2025-10-08,AUR,-0.0014412353875810093
P_K10P6_CP30_NONE,42,2025-10-09,AUR,0.007043649330939871
P_K10P6_CP30_NONE,42,2025-10-10,AUR,0.0016097227269441974
P_K10P6_CP30_NONE,42,2025-10-13,AUR,-0.005248933194072723
P_K10P6_CP30_NONE,42,2025-10-14,AUR,-0.007331800744564641
P_K10P6_CP30_NONE,42,2025-10-15,AUR,-0.0029106768625787307
P_K10P6_CP30_NONE,42,2025-10-16,AUR,0.0007905275835677454
P_K10P6_CP30_NONE,42,2025-10-17,AUR,0.002718409102592032
P_K10P6_CP30_NONE,42,2025-10-20,AUR,-0.016630208847672065
P_K10P6_CP30_NONE,42,2025-10-21,AUR,0.008565038709539017
P_K10P6_CP30_NONE,42,2025-10-22,AUR,0.0023419926816724075
P_K10P6_CP30_NONE,42,2025-10-23,AUR,0.006268974807178521
P_K10P6_CP30_NONE,42,2025-10-24,AUR,-0.0031043198093581017
P_K10P6_CP30_NONE,42,2025-10-27,AUR,0.00014493911561155697
P_K10P6_CP30_NONE,42,2025-10-28,AUR,0.0012236162421751036
P_K10P6_CP30_NONE,42,2025-10-29,AUR,0.011884260427332097
P_K10P6_CP30_NONE,42,2025-10-30,AUR,-0.0017281399162288975
P_K10P6_CP30_NONE,42,2025-10-31,AUR,-0.0006598604139711287
P_K10P6_CP30_NONE,42,2025-10-02,QAUR,-0.004727063370199652
P_K10P6_CP30_NONE,42,2025-10-03,QAUR,0.002915824370415197
P_K10P6_CP30_NONE,42,2025-10-06,QAUR,0.008786787795313116
P_K10P6_CP30_NONE,42,2025-10-07,QAUR,-0.0047078513562594185
P_K10P6_CP30_NONE,42,2025-10-08,QAUR,-0.0014412359387940897
P_K10P6_CP30_NONE,42,2025-10-09,QAUR,0.0070436514347551726
P_K10P6_CP30_NONE,42,2025-10-10,QAUR,0.0016097202241513427
P_K10P6_CP30_NONE,42,2025-10-13,QAUR,-0.0052489315054609865
P_K10P6_CP30_NONE,42,2025-10-14,QAUR,-0.007331801982216166
P_K10P6_CP30_NONE,42,2025-10-15,QAUR,-0.002910675975160543
P_K10P6_CP30_NONE,42,2025-10-16,QAUR,0.0007905288954564085
P_K10P6_CP30_NONE,42,2025-10-17,QAUR,0.0027184100966695514
P_K10P6_CP30_NONE,42,2025-10-20,QAUR,-0.016630208301139694
P_K10P6_CP30_NONE,42,2025-10-21,QAUR,0.008565037750354708
P_K10P6_CP30_NONE,42,2025-10-22,QAUR,0.0023419936987779185
P_K10P6_CP30_NONE,42,2025-10-23,QAUR,0.006268974427249474
P_K10P6_CP30_NONE,42,2025-10-24,QAUR,-0.0031043206836268056
P_K10P6_CP30_NONE,42,2025-10-27,QAUR,0.00014493910761600873
P_K10P6_CP30_NONE,42,2025-10-28,QAUR,0.0012236158573023645
P_K10P6_CP30_NONE,42,2025-10-29,QAUR,0.011884258468477332
P_K10P6_CP30_NONE,42,2025-10-30,QAUR,-0.001728139445999873
P_K10P6_CP30_NONE,42,2025-10-31,QAUR,-0.0006598598079024452
P_K10P6_CP30_NONE,43,2025-11-03,AUR,-0.0085901693359227
P_K10P6_CP30_NONE,43,2025-11-04,AUR,-0.007064889374326632
P_K10P6_CP30_NONE,43,2025-11-05,AUR,-0.00037535512661000976
P_K10P6_CP30_NONE,43,2025-11-06,AUR,0.001924215436452345
P_K10P6_CP30_NONE,43,2025-11-07,AUR,0.0005730711594968463
P_K10P6_CP30_NONE,43,2025-11-10,AUR,-0.012789366843540807
P_K10P6_CP30_NONE,43,2025-11-11,AUR,0.0033215916488370262
P_K10P6_CP30_NONE,43,2025-11-12,AUR,-0.0012078116391845226
P_K10P6_CP30_NONE,43,2025-11-13,AUR,0.004264755528521612
P_K10P6_CP30_NONE,43,2025-11-14,AUR,-0.0002800808785594312
P_K10P6_CP30_NONE,43,2025-11-17,AUR,0.011258781501359692
P_K10P6_CP30_NONE,43,2025-11-18,AUR,0.0032195025747589817
P_K10P6_CP30_NONE,43,2025-11-19,AUR,0.0010204915579094835
P_K10P6_CP30_NONE,43,2025-11-20,AUR,-0.0056492288863064
P_K10P6_CP30_NONE,43,2025-11-21,AUR,-0.009855016210208255
P_K10P6_CP30_NONE,43,2025-11-24,AUR,0.008096850754829816
P_K10P6_CP30_NONE,43,2025-11-25,AUR,-0.010847142001651579
P_K10P6_CP30_NONE,43,2025-11-26,AUR,0.002483247361322155
P_K10P6_CP30_NONE,43,2025-11-27,AUR,0.00032998796424528855
P_K10P6_CP30_NONE,43,2025-11-28,AUR,-0.00905188558613926
P_K10P6_CP30_NONE,43,2025-12-01,AUR,0.010610772525941637
P_K10P6_CP30_NONE,43,2025-11-03,QAUR,-0.010508512392896269
P_K10P6_CP30_NONE,43,2025-11-04,QAUR,-0.004334670135592712
P_K10P6_CP30_NONE,43,2025-11-05,QAUR,-0.0014906660530119163
P_K10P6_CP30_NONE,43,2025-11-06,QAUR,-0.0024010781600636716
P_K10P6_CP30_NONE,43,2025-11-07,QAUR,-0.0015381749392139547
P_K10P6_CP30_NONE,43,2025-11-10,QAUR,-0.012487959910669305
P_K10P6_CP30_NONE,43,2025-11-11,QAUR,0.0018510544522684347
P_K10P6_CP30_NONE,43,2025-11-12,QAUR,-0.002378774130143929
P_K10P6_CP30_NONE,43,2025-11-13,QAUR,0.004108847996797296
P_K10P6_CP30_NONE,43,2025-11-14,QAUR,0.0035750317433834856
P_K10P6_CP30_NONE,43,2025-11-17,QAUR,0.009999564635861035
P_K10P6_CP30_NONE,43,2025-11-18,QAUR,0.002812216372103424
P_K10P6_CP30_NONE,43,2025-11-19,QAUR,0.0008743486715877607
P_K10P6_CP30_NONE,43,2025-11-20,QAUR,0.005173499456878099
P_K10P6_CP30_NONE,43,2025-11-21,QAUR,-0.0020479384869396366
P_K10P6_CP30_NONE,43,2025-11-24,QAUR,0.010753246221175395
P_K10P6_CP30_NONE,43,2025-11-25,QAUR,0.002153386464388833
P_K10P6_CP30_NONE,43,2025-11-26,QAUR,-0.003974329725172889
P_K10P6_CP30_NONE,43,2025-11-27,QAUR,-0.004030271968714743
P_K10P6_CP30_NONE,43,2025-11-28,QAUR,-0.005139171408994052
P_K10P6_CP30_NONE,43,2025-12-01,QAUR,0.0029069191125425664
