config_id,fold,date,method,return,market_gate_exposure,market_gate_growth,market_gate_lookback
C1_IV_X,0,2022-04-04,AUR,0.006176288919469496,1.0,0.09147315131480638,30
C1_IV_X,0,2022-04-05,AUR,0.005724773841951497,1.0,0.09147315131480638,30
C1_IV_X,0,2022-04-06,AUR,-0.00777075432808021,1.0,0.09147315131480638,30
C1_IV_X,0,2022-04-07,AUR,-0.010947378581202793,1.0,0.09147315131480638,30
C1_IV_X,0,2022-04-08,AUR,-0.0201365550696571,1.0,0.09147315131480638,30
C1_IV_X,0,2022-04-12,AUR,-0.04624077398911834,1.0,0.09147315131480638,30
C1_IV_X,0,2022-04-13,AUR,0.017745374351185707,1.0,0.09147315131480638,30
C1_IV_X,0,2022-04-14,AUR,-0.016128933591280398,1.0,0.09147315131480638,30
C1_IV_X,0,2022-04-15,AUR,-0.0005889711108326163,1.0,0.09147315131480638,30
C1_IV_X,0,2022-04-18,AUR,-0.035649629833999566,1.0,0.09147315131480638,30
C1_IV_X,0,2022-04-19,AUR,-0.014299498711810675,1.0,0.09147315131480638,30
C1_IV_X,0,2022-04-20,AUR,-0.004854138479844905,1.0,0.09147315131480638,30
C1_IV_X,0,2022-04-21,AUR,-0.002658046848672195,1.0,0.09147315131480638,30
C1_IV_X,0,2022-04-22,AUR,0.004182678361821972,1.0,0.09147315131480638,30
C1_IV_X,0,2022-04-25,AUR,-0.025040151236351872,1.0,0.09147315131480638,30
C1_IV_X,0,2022-04-26,AUR,0.026520161534029446,1.0,0.09147315131480638,30
C1_IV_X,0,2022-04-27,AUR,-0.00042186601724544456,1.0,0.09147315131480638,30
C1_IV_X,0,2022-04-28,AUR,-0.009998667360871334,1.0,0.09147315131480638,30
C1_IV_X,0,2022-04-29,AUR,0.008967434754280332,1.0,0.09147315131480638,30
C1_IV_X,0,2022-04-04,QAUR,0.006176288919469496,1.0,0.09147315131480638,30
C1_IV_X,0,2022-04-05,QAUR,0.005724773841951497,1.0,0.09147315131480638,30
C1_IV_X,0,2022-04-06,QAUR,-0.00777075432808021,1.0,0.09147315131480638,30
C1_IV_X,0,2022-04-07,QAUR,-0.010947378581202793,1.0,0.09147315131480638,30
C1_IV_X,0,2022-04-08,QAUR,-0.0201365550696571,1.0,0.09147315131480638,30
C1_IV_X,0,2022-04-12,QAUR,-0.04624077398911834,1.0,0.09147315131480638,30
C1_IV_X,0,2022-04-13,QAUR,0.017745374351185707,1.0,0.09147315131480638,30
C1_IV_X,0,2022-04-14,QAUR,-0.016128933591280398,1.0,0.09147315131480638,30
C1_IV_X,0,2022-04-15,QAUR,-0.0005889711108326163,1.0,0.09147315131480638,30
C1_IV_X,0,2022-04-18,QAUR,-0.035649629833999566,1.0,0.09147315131480638,30
C1_IV_X,0,2022-04-19,QAUR,-0.014299498711810675,1.0,0.09147315131480638,30
C1_IV_X,0,2022-04-20,QAUR,-0.004854138479844905,1.0,0.09147315131480638,30
C1_IV_X,0,2022-04-21,QAUR,-0.002658046848672195,1.0,0.09147315131480638,30
C1_IV_X,0,2022-04-22,QAUR,0.004182678361821972,1.0,0.09147315131480638,30
C1_IV_X,0,2022-04-25,QAUR,-0.025040151236351872,1.0,0.09147315131480638,30
C1_IV_X,0,2022-04-26,QAUR,0.026520161534029446,1.0,0.09147315131480638,30
C1_IV_X,0,2022-04-27,QAUR,-0.00042186601724544456,1.0,0.09147315131480638,30
C1_IV_X,0,2022-04-28,QAUR,-0.009998667360871334,1.0,0.09147315131480638,30
C1_IV_X,0,2022-04-29,QAUR,0.008967434754280332,1.0,0.09147315131480638,30
C1_IV_X,1,2022-05-04,AUR,-0.0025,0.0,-0.130001579832126,30
C1_IV_X,1,2022-05-05,AUR,-0.0,0.0,-0.130001579832126,30
C1_IV_X,1,2022-05-06,AUR,-0.0,0.0,-0.130001579832126,30
C1_IV_X,1,2022-05-09,AUR,-0.0,0.0,-0.130001579832126,30
C1_IV_X,1,2022-05-10,AUR,0.0,0.0,-0.130001579832126,30
C1_IV_X,1,2022-05-11,AUR,0.0,0.0,-0.130001579832126,30
C1_IV_X,1,2022-05-12,AUR,-0.0,0.0,-0.130001579832126,30
C1_IV_X,1,2022-05-13,AUR,-0.0,0.0,-0.130001579832126,30
C1_IV_X,1,2022-05-16,AUR,-0.0,0.0,-0.130001579832126,30
C1_IV_X,1,2022-05-17,AUR,0.0,0.0,-0.130001579832126,30
C1_IV_X,1,2022-05-18,AUR,0.0,0.0,-0.130001579832126,30
C1_IV_X,1,2022-05-19,AUR,0.0,0.0,-0.130001579832126,30
C1_IV_X,1,2022-05-20,AUR,0.0,0.0,-0.130001579832126,30
C1_IV_X,1,2022-05-23,AUR,-0.0,0.0,-0.130001579832126,30
C1_IV_X,1,2022-05-24,AUR,-0.0,0.0,-0.130001579832126,30
C1_IV_X,1,2022-05-25,AUR,0.0,0.0,-0.130001579832126,30
C1_IV_X,1,2022-05-26,AUR,0.0,0.0,-0.130001579832126,30
C1_IV_X,1,2022-05-27,AUR,0.0,0.0,-0.130001579832126,30
C1_IV_X,1,2022-05-30,AUR,0.0,0.0,-0.130001579832126,30
C1_IV_X,1,2022-05-31,AUR,0.0,0.0,-0.130001579832126,30
C1_IV_X,1,2022-06-01,AUR,-0.0,0.0,-0.130001579832126,30
C1_IV_X,1,2022-05-04,QAUR,-0.0025,0.0,-0.130001579832126,30
C1_IV_X,1,2022-05-05,QAUR,-0.0,0.0,-0.130001579832126,30
C1_IV_X,1,2022-05-06,QAUR,-0.0,0.0,-0.130001579832126,30
C1_IV_X,1,2022-05-09,QAUR,-0.0,0.0,-0.130001579832126,30
C1_IV_X,1,2022-05-10,QAUR,0.0,0.0,-0.130001579832126,30
C1_IV_X,1,2022-05-11,QAUR,0.0,0.0,-0.130001579832126,30
C1_IV_X,1,2022-05-12,QAUR,-0.0,0.0,-0.130001579832126,30
C1_IV_X,1,2022-05-13,QAUR,-0.0,0.0,-0.130001579832126,30
C1_IV_X,1,2022-05-16,QAUR,-0.0,0.0,-0.130001579832126,30
C1_IV_X,1,2022-05-17,QAUR,0.0,0.0,-0.130001579832126,30
C1_IV_X,1,2022-05-18,QAUR,0.0,0.0,-0.130001579832126,30
C1_IV_X,1,2022-05-19,QAUR,0.0,0.0,-0.130001579832126,30
C1_IV_X,1,2022-05-20,QAUR,0.0,0.0,-0.130001579832126,30
C1_IV_X,1,2022-05-23,QAUR,-0.0,0.0,-0.130001579832126,30
C1_IV_X,1,2022-05-24,QAUR,-0.0,0.0,-0.130001579832126,30
C1_IV_X,1,2022-05-25,QAUR,0.0,0.0,-0.130001579832126,30
C1_IV_X,1,2022-05-26,QAUR,0.0,0.0,-0.130001579832126,30
C1_IV_X,1,2022-05-27,QAUR,0.0,0.0,-0.130001579832126,30
C1_IV_X,1,2022-05-30,QAUR,0.0,0.0,-0.130001579832126,30
C1_IV_X,1,2022-05-31,QAUR,0.0,0.0,-0.130001579832126,30
C1_IV_X,1,2022-06-01,QAUR,-0.0,0.0,-0.130001579832126,30
C1_IV_X,2,2022-06-02,AUR,-0.0,0.0,-0.14080594425139403,30
C1_IV_X,2,2022-06-03,AUR,-0.0,0.0,-0.14080594425139403,30
C1_IV_X,2,2022-06-06,AUR,-0.0,0.0,-0.14080594425139403,30
C1_IV_X,2,2022-06-07,AUR,-0.0,0.0,-0.14080594425139403,30
C1_IV_X,2,2022-06-08,AUR,0.0,0.0,-0.14080594425139403,30
C1_IV_X,2,2022-06-09,AUR,-0.0,0.0,-0.14080594425139403,30
C1_IV_X,2,2022-06-10,AUR,-0.0,0.0,-0.14080594425139403,30
C1_IV_X,2,2022-06-13,AUR,-0.0,0.0,-0.14080594425139403,30
C1_IV_X,2,2022-06-14,AUR,-0.0,0.0,-0.14080594425139403,30
C1_IV_X,2,2022-06-15,AUR,-0.0,0.0,-0.14080594425139403,30
C1_IV_X,2,2022-06-16,AUR,0.0,0.0,-0.14080594425139403,30
C1_IV_X,2,2022-06-17,AUR,-0.0,0.0,-0.14080594425139403,30
C1_IV_X,2,2022-06-20,AUR,-0.0,0.0,-0.14080594425139403,30
C1_IV_X,2,2022-06-21,AUR,-0.0,0.0,-0.14080594425139403,30
C1_IV_X,2,2022-06-22,AUR,0.0,0.0,-0.14080594425139403,30
C1_IV_X,2,2022-06-23,AUR,0.0,0.0,-0.14080594425139403,30
C1_IV_X,2,2022-06-24,AUR,0.0,0.0,-0.14080594425139403,30
C1_IV_X,2,2022-06-27,AUR,0.0,0.0,-0.14080594425139403,30
C1_IV_X,2,2022-06-28,AUR,0.0,0.0,-0.14080594425139403,30
C1_IV_X,2,2022-06-29,AUR,-0.0,0.0,-0.14080594425139403,30
C1_IV_X,2,2022-06-30,AUR,-0.0,0.0,-0.14080594425139403,30
C1_IV_X,2,2022-07-01,AUR,0.0,0.0,-0.14080594425139403,30
C1_IV_X,2,2022-06-02,QAUR,-0.0,0.0,-0.14080594425139403,30
C1_IV_X,2,2022-06-03,QAUR,-0.0,0.0,-0.14080594425139403,30
C1_IV_X,2,2022-06-06,QAUR,-0.0,0.0,-0.14080594425139403,30
C1_IV_X,2,2022-06-07,QAUR,-0.0,0.0,-0.14080594425139403,30
C1_IV_X,2,2022-06-08,QAUR,0.0,0.0,-0.14080594425139403,30
C1_IV_X,2,2022-06-09,QAUR,-0.0,0.0,-0.14080594425139403,30
C1_IV_X,2,2022-06-10,QAUR,-0.0,0.0,-0.14080594425139403,30
C1_IV_X,2,2022-06-13,QAUR,-0.0,0.0,-0.14080594425139403,30
C1_IV_X,2,2022-06-14,QAUR,-0.0,0.0,-0.14080594425139403,30
C1_IV_X,2,2022-06-15,QAUR,-0.0,0.0,-0.14080594425139403,30
C1_IV_X,2,2022-06-16,QAUR,0.0,0.0,-0.14080594425139403,30
C1_IV_X,2,2022-06-17,QAUR,-0.0,0.0,-0.14080594425139403,30
C1_IV_X,2,2022-06-20,QAUR,-0.0,0.0,-0.14080594425139403,30
C1_IV_X,2,2022-06-21,QAUR,-0.0,0.0,-0.14080594425139403,30
C1_IV_X,2,2022-06-22,QAUR,0.0,0.0,-0.14080594425139403,30
C1_IV_X,2,2022-06-23,QAUR,0.0,0.0,-0.14080594425139403,30
C1_IV_X,2,2022-06-24,QAUR,0.0,0.0,-0.14080594425139403,30
C1_IV_X,2,2022-06-27,QAUR,0.0,0.0,-0.14080594425139403,30
C1_IV_X,2,2022-06-28,QAUR,0.0,0.0,-0.14080594425139403,30
C1_IV_X,2,2022-06-29,QAUR,-0.0,0.0,-0.14080594425139403,30
C1_IV_X,2,2022-06-30,QAUR,-0.0,0.0,-0.14080594425139403,30
C1_IV_X,2,2022-07-01,QAUR,0.0,0.0,-0.14080594425139403,30
C1_IV_X,3,2022-07-04,AUR,-0.0,0.0,-0.09177477008190527,30
C1_IV_X,3,2022-07-05,AUR,-0.0,0.0,-0.09177477008190527,30
C1_IV_X,3,2022-07-06,AUR,-0.0,0.0,-0.09177477008190527,30
C1_IV_X,3,2022-07-07,AUR,0.0,0.0,-0.09177477008190527,30
C1_IV_X,3,2022-07-08,AUR,0.0,0.0,-0.09177477008190527,30
C1_IV_X,3,2022-07-11,AUR,-0.0,0.0,-0.09177477008190527,30
C1_IV_X,3,2022-07-12,AUR,0.0,0.0,-0.09177477008190527,30
C1_IV_X,3,2022-07-13,AUR,-0.0,0.0,-0.09177477008190527,30
C1_IV_X,3,2022-07-14,AUR,-0.0,0.0,-0.09177477008190527,30
C1_IV_X,3,2022-07-15,AUR,0.0,0.0,-0.09177477008190527,30
C1_IV_X,3,2022-07-18,AUR,0.0,0.0,-0.09177477008190527,30
C1_IV_X,3,2022-07-19,AUR,-0.0,0.0,-0.09177477008190527,30
C1_IV_X,3,2022-07-20,AUR,0.0,0.0,-0.09177477008190527,30
C1_IV_X,3,2022-07-21,AUR,-0.0,0.0,-0.09177477008190527,30
C1_IV_X,3,2022-07-22,AUR,-0.0,0.0,-0.09177477008190527,30
C1_IV_X,3,2022-07-25,AUR,0.0,0.0,-0.09177477008190527,30
C1_IV_X,3,2022-07-26,AUR,-0.0,0.0,-0.09177477008190527,30
C1_IV_X,3,2022-07-27,AUR,0.0,0.0,-0.09177477008190527,30
C1_IV_X,3,2022-07-28,AUR,0.0,0.0,-0.09177477008190527,30
C1_IV_X,3,2022-07-29,AUR,-0.0,0.0,-0.09177477008190527,30
C1_IV_X,3,2022-08-01,AUR,0.0,0.0,-0.09177477008190527,30
C1_IV_X,3,2022-07-04,QAUR,-0.0,0.0,-0.09177477008190527,30
C1_IV_X,3,2022-07-05,QAUR,-0.0,0.0,-0.09177477008190527,30
C1_IV_X,3,2022-07-06,QAUR,-0.0,0.0,-0.09177477008190527,30
C1_IV_X,3,2022-07-07,QAUR,0.0,0.0,-0.09177477008190527,30
C1_IV_X,3,2022-07-08,QAUR,0.0,0.0,-0.09177477008190527,30
C1_IV_X,3,2022-07-11,QAUR,-0.0,0.0,-0.09177477008190527,30
C1_IV_X,3,2022-07-12,QAUR,0.0,0.0,-0.09177477008190527,30
C1_IV_X,3,2022-07-13,QAUR,-0.0,0.0,-0.09177477008190527,30
C1_IV_X,3,2022-07-14,QAUR,-0.0,0.0,-0.09177477008190527,30
C1_IV_X,3,2022-07-15,QAUR,0.0,0.0,-0.09177477008190527,30
C1_IV_X,3,2022-07-18,QAUR,0.0,0.0,-0.09177477008190527,30
C1_IV_X,3,2022-07-19,QAUR,-0.0,0.0,-0.09177477008190527,30
C1_IV_X,3,2022-07-20,QAUR,0.0,0.0,-0.09177477008190527,30
C1_IV_X,3,2022-07-21,QAUR,-0.0,0.0,-0.09177477008190527,30
C1_IV_X,3,2022-07-22,QAUR,-0.0,0.0,-0.09177477008190527,30
C1_IV_X,3,2022-07-25,QAUR,0.0,0.0,-0.09177477008190527,30
C1_IV_X,3,2022-07-26,QAUR,-0.0,0.0,-0.09177477008190527,30
C1_IV_X,3,2022-07-27,QAUR,0.0,0.0,-0.09177477008190527,30
C1_IV_X,3,2022-07-28,QAUR,0.0,0.0,-0.09177477008190527,30
C1_IV_X,3,2022-07-29,QAUR,-0.0,0.0,-0.09177477008190527,30
C1_IV_X,3,2022-08-01,QAUR,0.0,0.0,-0.09177477008190527,30
C1_IV_X,4,2022-08-02,AUR,0.0019738521735040665,1.0,0.11409139778866861,30
C1_IV_X,4,2022-08-03,AUR,0.003581308095089734,1.0,0.11409139778866861,30
C1_IV_X,4,2022-08-04,AUR,0.011490450099927241,1.0,0.11409139778866861,30
C1_IV_X,4,2022-08-05,AUR,-0.006825778256628232,1.0,0.11409139778866861,30
C1_IV_X,4,2022-08-08,AUR,0.003947512501783827,1.0,0.11409139778866861,30
C1_IV_X,4,2022-08-09,AUR,0.004262579792030977,1.0,0.11409139778866861,30
C1_IV_X,4,2022-08-10,AUR,-0.002655614751224011,1.0,0.11409139778866861,30
C1_IV_X,4,2022-08-11,AUR,-0.00857039172797717,1.0,0.11409139778866861,30
C1_IV_X,4,2022-08-12,AUR,-0.0008374380739560635,1.0,0.11409139778866861,30
C1_IV_X,4,2022-08-15,AUR,0.0045352255539577455,1.0,0.11409139778866861,30
C1_IV_X,4,2022-08-16,AUR,0.0003802045947813896,1.0,0.11409139778866861,30
C1_IV_X,4,2022-08-17,AUR,-0.0030973140652727263,1.0,0.11409139778866861,30
C1_IV_X,4,2022-08-18,AUR,-0.0030441726405919353,1.0,0.11409139778866861,30
C1_IV_X,4,2022-08-19,AUR,-0.008178353023581497,1.0,0.11409139778866861,30
C1_IV_X,4,2022-08-22,AUR,0.00040331236967075415,1.0,0.11409139778866861,30
C1_IV_X,4,2022-08-23,AUR,-0.0011748596650707234,1.0,0.11409139778866861,30
C1_IV_X,4,2022-08-24,AUR,0.0044642727975473355,1.0,0.11409139778866861,30
C1_IV_X,4,2022-08-25,AUR,0.0001825806560366691,1.0,0.11409139778866861,30
C1_IV_X,4,2022-08-26,AUR,0.0090542720266228,1.0,0.11409139778866861,30
C1_IV_X,4,2022-08-29,AUR,-0.004379541094383313,1.0,0.11409139778866861,30
C1_IV_X,4,2022-08-30,AUR,0.008501777200556697,1.0,0.11409139778866861,30
C1_IV_X,4,2022-08-31,AUR,-0.009120474320579669,1.0,0.11409139778866861,30
C1_IV_X,4,2022-08-02,QAUR,0.0019738521735040665,1.0,0.11409139778866861,30
C1_IV_X,4,2022-08-03,QAUR,0.003581308095089734,1.0,0.11409139778866861,30
C1_IV_X,4,2022-08-04,QAUR,0.011490450099927241,1.0,0.11409139778866861,30
C1_IV_X,4,2022-08-05,QAUR,-0.006825778256628232,1.0,0.11409139778866861,30
C1_IV_X,4,2022-08-08,QAUR,0.003947512501783827,1.0,0.11409139778866861,30
C1_IV_X,4,2022-08-09,QAUR,0.004262579792030977,1.0,0.11409139778866861,30
C1_IV_X,4,2022-08-10,QAUR,-0.002655614751224011,1.0,0.11409139778866861,30
C1_IV_X,4,2022-08-11,QAUR,-0.00857039172797717,1.0,0.11409139778866861,30
C1_IV_X,4,2022-08-12,QAUR,-0.0008374380739560635,1.0,0.11409139778866861,30
C1_IV_X,4,2022-08-15,QAUR,0.0045352255539577455,1.0,0.11409139778866861,30
C1_IV_X,4,2022-08-16,QAUR,0.0003802045947813896,1.0,0.11409139778866861,30
C1_IV_X,4,2022-08-17,QAUR,-0.0030973140652727263,1.0,0.11409139778866861,30
C1_IV_X,4,2022-08-18,QAUR,-0.0030441726405919353,1.0,0.11409139778866861,30
C1_IV_X,4,2022-08-19,QAUR,-0.008178353023581497,1.0,0.11409139778866861,30
C1_IV_X,4,2022-08-22,QAUR,0.00040331236967075415,1.0,0.11409139778866861,30
C1_IV_X,4,2022-08-23,QAUR,-0.0011748596650707234,1.0,0.11409139778866861,30
C1_IV_X,4,2022-08-24,QAUR,0.0044642727975473355,1.0,0.11409139778866861,30
C1_IV_X,4,2022-08-25,QAUR,0.0001825806560366691,1.0,0.11409139778866861,30
C1_IV_X,4,2022-08-26,QAUR,0.0090542720266228,1.0,0.11409139778866861,30
C1_IV_X,4,2022-08-29,QAUR,-0.004379541094383313,1.0,0.11409139778866861,30
C1_IV_X,4,2022-08-30,QAUR,0.008501777200556697,1.0,0.11409139778866861,30
C1_IV_X,4,2022-08-31,QAUR,-0.009120474320579669,1.0,0.11409139778866861,30
C1_IV_X,5,2022-09-05,AUR,-0.0056667334025230914,1.0,0.07103619050972099,30
C1_IV_X,5,2022-09-06,AUR,-0.0026446892500078,1.0,0.07103619050972099,30
C1_IV_X,5,2022-09-07,AUR,-0.018521540902243137,1.0,0.07103619050972099,30
C1_IV_X,5,2022-09-08,AUR,-0.002240268238752978,1.0,0.07103619050972099,30
C1_IV_X,5,2022-09-09,AUR,0.010106735317966511,1.0,0.07103619050972099,30
C1_IV_X,5,2022-09-12,AUR,-0.002100590491504419,1.0,0.07103619050972099,30
C1_IV_X,5,2022-09-13,AUR,0.001607005962569612,1.0,0.07103619050972099,30
C1_IV_X,5,2022-09-14,AUR,0.011160994373274797,1.0,0.07103619050972099,30
C1_IV_X,5,2022-09-15,AUR,0.016428752594303084,1.0,0.07103619050972099,30
C1_IV_X,5,2022-09-16,AUR,-0.010930424190686069,1.0,0.07103619050972099,30
C1_IV_X,5,2022-09-19,AUR,0.0029679160375959564,1.0,0.07103619050972099,30
C1_IV_X,5,2022-09-20,AUR,0.0063246734956370785,1.0,0.07103619050972099,30
C1_IV_X,5,2022-09-21,AUR,-0.010074244214168675,1.0,0.07103619050972099,30
C1_IV_X,5,2022-09-22,AUR,0.004977893619984673,1.0,0.07103619050972099,30
C1_IV_X,5,2022-09-23,AUR,-0.014450563196242395,1.0,0.07103619050972099,30
C1_IV_X,5,2022-09-26,AUR,-0.007059487340098914,1.0,0.07103619050972099,30
C1_IV_X,5,2022-09-27,AUR,0.007132066175182123,1.0,0.07103619050972099,30
C1_IV_X,5,2022-09-28,AUR,-0.006467093658254144,1.0,0.07103619050972099,30
C1_IV_X,5,2022-09-29,AUR,0.008080433425863313,1.0,0.07103619050972099,30
C1_IV_X,5,2022-09-30,AUR,-0.018251762135251048,1.0,0.07103619050972099,30
C1_IV_X,5,2022-09-05,QAUR,-0.0056667334025230914,1.0,0.07103619050972099,30
C1_IV_X,5,2022-09-06,QAUR,-0.0026446892500078,1.0,0.07103619050972099,30
C1_IV_X,5,2022-09-07,QAUR,-0.018521540902243137,1.0,0.07103619050972099,30
C1_IV_X,5,2022-09-08,QAUR,-0.002240268238752978,1.0,0.07103619050972099,30
C1_IV_X,5,2022-09-09,QAUR,0.010106735317966511,1.0,0.07103619050972099,30
C1_IV_X,5,2022-09-12,QAUR,-0.002100590491504419,1.0,0.07103619050972099,30
C1_IV_X,5,2022-09-13,QAUR,0.001607005962569612,1.0,0.07103619050972099,30
C1_IV_X,5,2022-09-14,QAUR,0.011160994373274797,1.0,0.07103619050972099,30
C1_IV_X,5,2022-09-15,QAUR,0.016428752594303084,1.0,0.07103619050972099,30
C1_IV_X,5,2022-09-16,QAUR,-0.010930424190686069,1.0,0.07103619050972099,30
C1_IV_X,5,2022-09-19,QAUR,0.0029679160375959564,1.0,0.07103619050972099,30
C1_IV_X,5,2022-09-20,QAUR,0.0063246734956370785,1.0,0.07103619050972099,30
C1_IV_X,5,2022-09-21,QAUR,-0.010074244214168675,1.0,0.07103619050972099,30
C1_IV_X,5,2022-09-22,QAUR,0.004977893619984673,1.0,0.07103619050972099,30
C1_IV_X,5,2022-09-23,QAUR,-0.014450563196242395,1.0,0.07103619050972099,30
C1_IV_X,5,2022-09-26,QAUR,-0.007059487340098914,1.0,0.07103619050972099,30
C1_IV_X,5,2022-09-27,QAUR,0.007132066175182123,1.0,0.07103619050972099,30
C1_IV_X,5,2022-09-28,QAUR,-0.006467093658254144,1.0,0.07103619050972099,30
C1_IV_X,5,2022-09-29,QAUR,0.008080433425863313,1.0,0.07103619050972099,30
C1_IV_X,5,2022-09-30,QAUR,-0.018251762135251048,1.0,0.07103619050972099,30
C1_IV_X,6,2022-10-03,AUR,-0.0025,0.0,-0.10817215022286031,30
C1_IV_X,6,2022-10-04,AUR,0.0,0.0,-0.10817215022286031,30
C1_IV_X,6,2022-10-05,AUR,0.0,0.0,-0.10817215022286031,30
C1_IV_X,6,2022-10-06,AUR,-0.0,0.0,-0.10817215022286031,30
C1_IV_X,6,2022-10-07,AUR,0.0,0.0,-0.10817215022286031,30
C1_IV_X,6,2022-10-10,AUR,-0.0,0.0,-0.10817215022286031,30
C1_IV_X,6,2022-10-11,AUR,-0.0,0.0,-0.10817215022286031,30
C1_IV_X,6,2022-10-12,AUR,0.0,0.0,-0.10817215022286031,30
C1_IV_X,6,2022-10-13,AUR,-0.0,0.0,-0.10817215022286031,30
C1_IV_X,6,2022-10-14,AUR,0.0,0.0,-0.10817215022286031,30
C1_IV_X,6,2022-10-17,AUR,-0.0,0.0,-0.10817215022286031,30
C1_IV_X,6,2022-10-18,AUR,0.0,0.0,-0.10817215022286031,30
C1_IV_X,6,2022-10-19,AUR,-0.0,0.0,-0.10817215022286031,30
C1_IV_X,6,2022-10-20,AUR,0.0,0.0,-0.10817215022286031,30
C1_IV_X,6,2022-10-21,AUR,-0.0,0.0,-0.10817215022286031,30
C1_IV_X,6,2022-10-24,AUR,-0.0,0.0,-0.10817215022286031,30
C1_IV_X,6,2022-10-25,AUR,-0.0,0.0,-0.10817215022286031,30
C1_IV_X,6,2022-10-26,AUR,-0.0,0.0,-0.10817215022286031,30
C1_IV_X,6,2022-10-27,AUR,0.0,0.0,-0.10817215022286031,30
C1_IV_X,6,2022-10-28,AUR,0.0,0.0,-0.10817215022286031,30
C1_IV_X,6,2022-10-31,AUR,-0.0,0.0,-0.10817215022286031,30
C1_IV_X,6,2022-11-01,AUR,0.0,0.0,-0.10817215022286031,30
C1_IV_X,6,2022-10-03,QAUR,-0.0025,0.0,-0.10817215022286031,30
C1_IV_X,6,2022-10-04,QAUR,0.0,0.0,-0.10817215022286031,30
C1_IV_X,6,2022-10-05,QAUR,0.0,0.0,-0.10817215022286031,30
C1_IV_X,6,2022-10-06,QAUR,-0.0,0.0,-0.10817215022286031,30
C1_IV_X,6,2022-10-07,QAUR,0.0,0.0,-0.10817215022286031,30
C1_IV_X,6,2022-10-10,QAUR,-0.0,0.0,-0.10817215022286031,30
C1_IV_X,6,2022-10-11,QAUR,-0.0,0.0,-0.10817215022286031,30
C1_IV_X,6,2022-10-12,QAUR,0.0,0.0,-0.10817215022286031,30
C1_IV_X,6,2022-10-13,QAUR,-0.0,0.0,-0.10817215022286031,30
C1_IV_X,6,2022-10-14,QAUR,0.0,0.0,-0.10817215022286031,30
C1_IV_X,6,2022-10-17,QAUR,-0.0,0.0,-0.10817215022286031,30
C1_IV_X,6,2022-10-18,QAUR,0.0,0.0,-0.10817215022286031,30
C1_IV_X,6,2022-10-19,QAUR,-0.0,0.0,-0.10817215022286031,30
C1_IV_X,6,2022-10-20,QAUR,0.0,0.0,-0.10817215022286031,30
C1_IV_X,6,2022-10-21,QAUR,-0.0,0.0,-0.10817215022286031,30
C1_IV_X,6,2022-10-24,QAUR,-0.0,0.0,-0.10817215022286031,30
C1_IV_X,6,2022-10-25,QAUR,-0.0,0.0,-0.10817215022286031,30
C1_IV_X,6,2022-10-26,QAUR,-0.0,0.0,-0.10817215022286031,30
C1_IV_X,6,2022-10-27,QAUR,0.0,0.0,-0.10817215022286031,30
C1_IV_X,6,2022-10-28,QAUR,0.0,0.0,-0.10817215022286031,30
C1_IV_X,6,2022-10-31,QAUR,-0.0,0.0,-0.10817215022286031,30
C1_IV_X,6,2022-11-01,QAUR,0.0,0.0,-0.10817215022286031,30
C1_IV_X,7,2022-11-02,AUR,-0.0,0.0,-0.2008003722511168,30
C1_IV_X,7,2022-11-03,AUR,0.0,0.0,-0.2008003722511168,30
C1_IV_X,7,2022-11-04,AUR,-0.0,0.0,-0.2008003722511168,30
C1_IV_X,7,2022-11-07,AUR,-0.0,0.0,-0.2008003722511168,30
C1_IV_X,7,2022-11-08,AUR,-0.0,0.0,-0.2008003722511168,30
C1_IV_X,7,2022-11-09,AUR,-0.0,0.0,-0.2008003722511168,30
C1_IV_X,7,2022-11-10,AUR,-0.0,0.0,-0.2008003722511168,30
C1_IV_X,7,2022-11-11,AUR,-0.0,0.0,-0.2008003722511168,30
C1_IV_X,7,2022-11-14,AUR,-0.0,0.0,-0.2008003722511168,30
C1_IV_X,7,2022-11-15,AUR,-0.0,0.0,-0.2008003722511168,30
C1_IV_X,7,2022-11-16,AUR,-0.0,0.0,-0.2008003722511168,30
C1_IV_X,7,2022-11-17,AUR,-0.0,0.0,-0.2008003722511168,30
C1_IV_X,7,2022-11-18,AUR,-0.0,0.0,-0.2008003722511168,30
C1_IV_X,7,2022-11-21,AUR,-0.0,0.0,-0.2008003722511168,30
C1_IV_X,7,2022-11-22,AUR,-0.0,0.0,-0.2008003722511168,30
C1_IV_X,7,2022-11-23,AUR,-0.0,0.0,-0.2008003722511168,30
C1_IV_X,7,2022-11-24,AUR,-0.0,0.0,-0.2008003722511168,30
C1_IV_X,7,2022-11-25,AUR,-0.0,0.0,-0.2008003722511168,30
C1_IV_X,7,2022-11-28,AUR,-0.0,0.0,-0.2008003722511168,30
C1_IV_X,7,2022-11-29,AUR,-0.0,0.0,-0.2008003722511168,30
C1_IV_X,7,2022-11-30,AUR,0.0,0.0,-0.2008003722511168,30
C1_IV_X,7,2022-12-01,AUR,0.0,0.0,-0.2008003722511168,30
C1_IV_X,7,2022-11-02,QAUR,-0.0,0.0,-0.2008003722511168,30
C1_IV_X,7,2022-11-03,QAUR,0.0,0.0,-0.2008003722511168,30
C1_IV_X,7,2022-11-04,QAUR,-0.0,0.0,-0.2008003722511168,30
C1_IV_X,7,2022-11-07,QAUR,-0.0,0.0,-0.2008003722511168,30
C1_IV_X,7,2022-11-08,QAUR,-0.0,0.0,-0.2008003722511168,30
C1_IV_X,7,2022-11-09,QAUR,-0.0,0.0,-0.2008003722511168,30
C1_IV_X,7,2022-11-10,QAUR,-0.0,0.0,-0.2008003722511168,30
C1_IV_X,7,2022-11-11,QAUR,-0.0,0.0,-0.2008003722511168,30
C1_IV_X,7,2022-11-14,QAUR,-0.0,0.0,-0.2008003722511168,30
C1_IV_X,7,2022-11-15,QAUR,-0.0,0.0,-0.2008003722511168,30
C1_IV_X,7,2022-11-16,QAUR,-0.0,0.0,-0.2008003722511168,30
C1_IV_X,7,2022-11-17,QAUR,-0.0,0.0,-0.2008003722511168,30
C1_IV_X,7,2022-11-18,QAUR,-0.0,0.0,-0.2008003722511168,30
C1_IV_X,7,2022-11-21,QAUR,-0.0,0.0,-0.2008003722511168,30
C1_IV_X,7,2022-11-22,QAUR,-0.0,0.0,-0.2008003722511168,30
C1_IV_X,7,2022-11-23,QAUR,-0.0,0.0,-0.2008003722511168,30
C1_IV_X,7,2022-11-24,QAUR,-0.0,0.0,-0.2008003722511168,30
C1_IV_X,7,2022-11-25,QAUR,-0.0,0.0,-0.2008003722511168,30
C1_IV_X,7,2022-11-28,QAUR,-0.0,0.0,-0.2008003722511168,30
C1_IV_X,7,2022-11-29,QAUR,-0.0,0.0,-0.2008003722511168,30
C1_IV_X,7,2022-11-30,QAUR,0.0,0.0,-0.2008003722511168,30
C1_IV_X,7,2022-12-01,QAUR,0.0,0.0,-0.2008003722511168,30
C1_IV_X,8,2022-12-02,AUR,0.0,0.0,-0.09764707062324074,30
C1_IV_X,8,2022-12-05,AUR,-0.0,0.0,-0.09764707062324074,30
C1_IV_X,8,2022-12-06,AUR,-0.0,0.0,-0.09764707062324074,30
C1_IV_X,8,2022-12-07,AUR,-0.0,0.0,-0.09764707062324074,30
C1_IV_X,8,2022-12-08,AUR,-0.0,0.0,-0.09764707062324074,30
C1_IV_X,8,2022-12-09,AUR,0.0,0.0,-0.09764707062324074,30
C1_IV_X,8,2022-12-12,AUR,0.0,0.0,-0.09764707062324074,30
C1_IV_X,8,2022-12-13,AUR,0.0,0.0,-0.09764707062324074,30
C1_IV_X,8,2022-12-14,AUR,-0.0,0.0,-0.09764707062324074,30
C1_IV_X,8,2022-12-15,AUR,-0.0,0.0,-0.09764707062324074,30
C1_IV_X,8,2022-12-16,AUR,-0.0,0.0,-0.09764707062324074,30
C1_IV_X,8,2022-12-19,AUR,-0.0,0.0,-0.09764707062324074,30
C1_IV_X,8,2022-12-20,AUR,-0.0,0.0,-0.09764707062324074,30
C1_IV_X,8,2022-12-21,AUR,-0.0,0.0,-0.09764707062324074,30
C1_IV_X,8,2022-12-22,AUR,0.0,0.0,-0.09764707062324074,30
C1_IV_X,8,2022-12-23,AUR,-0.0,0.0,-0.09764707062324074,30
C1_IV_X,8,2022-12-26,AUR,-0.0,0.0,-0.09764707062324074,30
C1_IV_X,8,2022-12-27,AUR,-0.0,0.0,-0.09764707062324074,30
C1_IV_X,8,2022-12-28,AUR,0.0,0.0,-0.09764707062324074,30
C1_IV_X,8,2022-12-29,AUR,-0.0,0.0,-0.09764707062324074,30
C1_IV_X,8,2022-12-30,AUR,0.0,0.0,-0.09764707062324074,30
C1_IV_X,8,2022-12-02,QAUR,0.0,0.0,-0.09764707062324074,30
C1_IV_X,8,2022-12-05,QAUR,-0.0,0.0,-0.09764707062324074,30
C1_IV_X,8,2022-12-06,QAUR,-0.0,0.0,-0.09764707062324074,30
C1_IV_X,8,2022-12-07,QAUR,-0.0,0.0,-0.09764707062324074,30
C1_IV_X,8,2022-12-08,QAUR,-0.0,0.0,-0.09764707062324074,30
C1_IV_X,8,2022-12-09,QAUR,0.0,0.0,-0.09764707062324074,30
C1_IV_X,8,2022-12-12,QAUR,0.0,0.0,-0.09764707062324074,30
C1_IV_X,8,2022-12-13,QAUR,0.0,0.0,-0.09764707062324074,30
C1_IV_X,8,2022-12-14,QAUR,-0.0,0.0,-0.09764707062324074,30
C1_IV_X,8,2022-12-15,QAUR,-0.0,0.0,-0.09764707062324074,30
C1_IV_X,8,2022-12-16,QAUR,-0.0,0.0,-0.09764707062324074,30
C1_IV_X,8,2022-12-19,QAUR,-0.0,0.0,-0.09764707062324074,30
C1_IV_X,8,2022-12-20,QAUR,-0.0,0.0,-0.09764707062324074,30
C1_IV_X,8,2022-12-21,QAUR,-0.0,0.0,-0.09764707062324074,30
C1_IV_X,8,2022-12-22,QAUR,0.0,0.0,-0.09764707062324074,30
C1_IV_X,8,2022-12-23,QAUR,-0.0,0.0,-0.09764707062324074,30
C1_IV_X,8,2022-12-26,QAUR,-0.0,0.0,-0.09764707062324074,30
C1_IV_X,8,2022-12-27,QAUR,-0.0,0.0,-0.09764707062324074,30
C1_IV_X,8,2022-12-28,QAUR,0.0,0.0,-0.09764707062324074,30
C1_IV_X,8,2022-12-29,QAUR,-0.0,0.0,-0.09764707062324074,30
C1_IV_X,8,2022-12-30,QAUR,0.0,0.0,-0.09764707062324074,30
C1_IV_X,9,2023-01-03,AUR,0.004845306153491333,1.0,0.09512151824426729,30
C1_IV_X,9,2023-01-04,AUR,-0.003751049265242544,1.0,0.09512151824426729,30
C1_IV_X,9,2023-01-05,AUR,0.0038396516604148933,1.0,0.09512151824426729,30
C1_IV_X,9,2023-01-06,AUR,-0.003144489562231349,1.0,0.09512151824426729,30
C1_IV_X,9,2023-01-09,AUR,0.001312430213931337,1.0,0.09512151824426729,30
C1_IV_X,9,2023-01-10,AUR,0.0017093330749106206,1.0,0.09512151824426729,30
C1_IV_X,9,2023-01-11,AUR,-0.00143755480555711,1.0,0.09512151824426729,30
C1_IV_X,9,2023-01-12,AUR,0.0007940611244797485,1.0,0.09512151824426729,30
C1_IV_X,9,2023-01-13,AUR,-0.0014979804600599852,1.0,0.09512151824426729,30
C1_IV_X,9,2023-01-16,AUR,0.002223533625165892,1.0,0.09512151824426729,30
C1_IV_X,9,2023-01-17,AUR,0.011455724424398113,1.0,0.09512151824426729,30
C1_IV_X,9,2023-01-18,AUR,0.008733027424718591,1.0,0.09512151824426729,30
C1_IV_X,9,2023-01-19,AUR,0.013764191400694174,1.0,0.09512151824426729,30
C1_IV_X,9,2023-01-27,AUR,0.00595671420866685,1.0,0.09512151824426729,30
C1_IV_X,9,2023-01-30,AUR,-0.016948499259587226,1.0,0.09512151824426729,30
C1_IV_X,9,2023-01-31,AUR,0.015740794697842987,1.0,0.09512151824426729,30
C1_IV_X,9,2023-02-01,AUR,-0.009996487226978249,1.0,0.09512151824426729,30
C1_IV_X,9,2023-01-03,QAUR,0.004845306153491333,1.0,0.09512151824426729,30
C1_IV_X,9,2023-01-04,QAUR,-0.003751049265242544,1.0,0.09512151824426729,30
C1_IV_X,9,2023-01-05,QAUR,0.0038396516604148933,1.0,0.09512151824426729,30
C1_IV_X,9,2023-01-06,QAUR,-0.003144489562231349,1.0,0.09512151824426729,30
C1_IV_X,9,2023-01-09,QAUR,0.001312430213931337,1.0,0.09512151824426729,30
C1_IV_X,9,2023-01-10,QAUR,0.0017093330749106206,1.0,0.09512151824426729,30
C1_IV_X,9,2023-01-11,QAUR,-0.00143755480555711,1.0,0.09512151824426729,30
C1_IV_X,9,2023-01-12,QAUR,0.0007940611244797485,1.0,0.09512151824426729,30
C1_IV_X,9,2023-01-13,QAUR,-0.0014979804600599852,1.0,0.09512151824426729,30
C1_IV_X,9,2023-01-16,QAUR,0.002223533625165892,1.0,0.09512151824426729,30
C1_IV_X,9,2023-01-17,QAUR,0.011455724424398113,1.0,0.09512151824426729,30
C1_IV_X,9,2023-01-18,QAUR,0.008733027424718591,1.0,0.09512151824426729,30
C1_IV_X,9,2023-01-19,QAUR,0.013764191400694174,1.0,0.09512151824426729,30
C1_IV_X,9,2023-01-27,QAUR,0.00595671420866685,1.0,0.09512151824426729,30
C1_IV_X,9,2023-01-30,QAUR,-0.016948499259587226,1.0,0.09512151824426729,30
C1_IV_X,9,2023-01-31,QAUR,0.015740794697842987,1.0,0.09512151824426729,30
C1_IV_X,9,2023-02-01,QAUR,-0.009996487226978249,1.0,0.09512151824426729,30
C1_IV_X,10,2023-02-02,AUR,0.00105404404847391,1.0,0.03170827193265624,30
C1_IV_X,10,2023-02-03,AUR,-0.005769103306850626,1.0,0.03170827193265624,30
C1_IV_X,10,2023-02-06,AUR,0.003011319418707401,1.0,0.03170827193265624,30
C1_IV_X,10,2023-02-07,AUR,0.01740286154284837,1.0,0.03170827193265624,30
C1_IV_X,10,2023-02-08,AUR,0.018854812930341375,1.0,0.03170827193265624,30
C1_IV_X,10,2023-02-09,AUR,-0.01142442284748381,1.0,0.03170827193265624,30
C1_IV_X,10,2023-02-10,AUR,0.0036752596681500407,1.0,0.03170827193265624,30
C1_IV_X,10,2023-02-13,AUR,-0.0026100225153357233,1.0,0.03170827193265624,30
C1_IV_X,10,2023-02-14,AUR,-0.006266808650817811,1.0,0.03170827193265624,30
C1_IV_X,10,2023-02-15,AUR,0.0005333377281746541,1.0,0.03170827193265624,30
C1_IV_X,10,2023-02-16,AUR,0.003992391473466467,1.0,0.03170827193265624,30
C1_IV_X,10,2023-02-17,AUR,0.017375199991521397,1.0,0.03170827193265624,30
C1_IV_X,10,2023-02-20,AUR,-0.004158768616184122,1.0,0.03170827193265624,30
C1_IV_X,10,2023-02-21,AUR,-0.005075018404817936,1.0,0.03170827193265624,30
C1_IV_X,10,2023-02-22,AUR,0.003901121293365846,1.0,0.03170827193265624,30
C1_IV_X,10,2023-02-23,AUR,-0.013462137854682263,1.0,0.03170827193265624,30
C1_IV_X,10,2023-02-24,AUR,-0.006908987027614824,1.0,0.03170827193265624,30
C1_IV_X,10,2023-02-27,AUR,0.0005799639485903948,1.0,0.03170827193265624,30
C1_IV_X,10,2023-02-28,AUR,0.01642691446448765,1.0,0.03170827193265624,30
C1_IV_X,10,2023-03-01,AUR,0.0003353723254068074,1.0,0.03170827193265624,30
C1_IV_X,10,2023-02-02,QAUR,0.00105404404847391,1.0,0.03170827193265624,30
C1_IV_X,10,2023-02-03,QAUR,-0.005769103306850626,1.0,0.03170827193265624,30
C1_IV_X,10,2023-02-06,QAUR,0.003011319418707401,1.0,0.03170827193265624,30
C1_IV_X,10,2023-02-07,QAUR,0.01740286154284837,1.0,0.03170827193265624,30
C1_IV_X,10,2023-02-08,QAUR,0.018854812930341375,1.0,0.03170827193265624,30
C1_IV_X,10,2023-02-09,QAUR,-0.01142442284748381,1.0,0.03170827193265624,30
C1_IV_X,10,2023-02-10,QAUR,0.0036752596681500407,1.0,0.03170827193265624,30
C1_IV_X,10,2023-02-13,QAUR,-0.0026100225153357233,1.0,0.03170827193265624,30
C1_IV_X,10,2023-02-14,QAUR,-0.006266808650817811,1.0,0.03170827193265624,30
C1_IV_X,10,2023-02-15,QAUR,0.0005333377281746541,1.0,0.03170827193265624,30
C1_IV_X,10,2023-02-16,QAUR,0.003992391473466467,1.0,0.03170827193265624,30
C1_IV_X,10,2023-02-17,QAUR,0.017375199991521397,1.0,0.03170827193265624,30
C1_IV_X,10,2023-02-20,QAUR,-0.004158768616184122,1.0,0.03170827193265624,30
C1_IV_X,10,2023-02-21,QAUR,-0.005075018404817936,1.0,0.03170827193265624,30
C1_IV_X,10,2023-02-22,QAUR,0.003901121293365846,1.0,0.03170827193265624,30
C1_IV_X,10,2023-02-23,QAUR,-0.013462137854682263,1.0,0.03170827193265624,30
C1_IV_X,10,2023-02-24,QAUR,-0.006908987027614824,1.0,0.03170827193265624,30
C1_IV_X,10,2023-02-27,QAUR,0.0005799639485903948,1.0,0.03170827193265624,30
C1_IV_X,10,2023-02-28,QAUR,0.01642691446448765,1.0,0.03170827193265624,30
C1_IV_X,10,2023-03-01,QAUR,0.0003353723254068074,1.0,0.03170827193265624,30
C1_IV_X,11,2023-03-02,AUR,-0.004493001384760494,1.0,0.03592080452651669,30
C1_IV_X,11,2023-03-03,AUR,0.0014035512246334376,1.0,0.03592080452651669,30
C1_IV_X,11,2023-03-06,AUR,0.008127026817159669,1.0,0.03592080452651669,30
C1_IV_X,11,2023-03-07,AUR,0.0007633547617930991,1.0,0.03592080452651669,30
C1_IV_X,11,2023-03-08,AUR,-0.003942348268998362,1.0,0.03592080452651669,30
C1_IV_X,11,2023-03-09,AUR,-0.0011668091487688549,1.0,0.03592080452651669,30
C1_IV_X,11,2023-03-10,AUR,-0.0024052333635399604,1.0,0.03592080452651669,30
C1_IV_X,11,2023-03-13,AUR,-0.0004146158937616928,1.0,0.03592080452651669,30
C1_IV_X,11,2023-03-14,AUR,-0.006178722827934597,1.0,0.03592080452651669,30
C1_IV_X,11,2023-03-15,AUR,0.01831045613653904,1.0,0.03592080452651669,30
C1_IV_X,11,2023-03-16,AUR,-0.002360448461317646,1.0,0.03592080452651669,30
C1_IV_X,11,2023-03-17,AUR,0.019445339626503987,1.0,0.03592080452651669,30
C1_IV_X,11,2023-03-20,AUR,-0.006946891737019985,1.0,0.03592080452651669,30
C1_IV_X,11,2023-03-21,AUR,0.0064808405690998305,1.0,0.03592080452651669,30
C1_IV_X,11,2023-03-22,AUR,-0.001820014059738807,1.0,0.03592080452651669,30
C1_IV_X,11,2023-03-23,AUR,0.0006218408036167822,1.0,0.03592080452651669,30
C1_IV_X,11,2023-03-24,AUR,0.017560244655045673,1.0,0.03592080452651669,30
C1_IV_X,11,2023-03-27,AUR,-0.009550239448290466,1.0,0.03592080452651669,30
C1_IV_X,11,2023-03-28,AUR,-0.0005793805012228675,1.0,0.03592080452651669,30
C1_IV_X,11,2023-03-29,AUR,0.009253599376431472,1.0,0.03592080452651669,30
C1_IV_X,11,2023-03-30,AUR,0.005499588029130987,1.0,0.03592080452651669,30
C1_IV_X,11,2023-03-31,AUR,-0.012222043619440707,1.0,0.03592080452651669,30
C1_IV_X,11,2023-03-02,QAUR,-0.004493001384760494,1.0,0.03592080452651669,30
C1_IV_X,11,2023-03-03,QAUR,0.0014035512246334376,1.0,0.03592080452651669,30
C1_IV_X,11,2023-03-06,QAUR,0.008127026817159669,1.0,0.03592080452651669,30
C1_IV_X,11,2023-03-07,QAUR,0.0007633547617930991,1.0,0.03592080452651669,30
C1_IV_X,11,2023-03-08,QAUR,-0.003942348268998362,1.0,0.03592080452651669,30
C1_IV_X,11,2023-03-09,QAUR,-0.0011668091487688549,1.0,0.03592080452651669,30
C1_IV_X,11,2023-03-10,QAUR,-0.0024052333635399604,1.0,0.03592080452651669,30
C1_IV_X,11,2023-03-13,QAUR,-0.0004146158937616928,1.0,0.03592080452651669,30
C1_IV_X,11,2023-03-14,QAUR,-0.006178722827934597,1.0,0.03592080452651669,30
C1_IV_X,11,2023-03-15,QAUR,0.01831045613653904,1.0,0.03592080452651669,30
C1_IV_X,11,2023-03-16,QAUR,-0.002360448461317646,1.0,0.03592080452651669,30
C1_IV_X,11,2023-03-17,QAUR,0.019445339626503987,1.0,0.03592080452651669,30
C1_IV_X,11,2023-03-20,QAUR,-0.006946891737019985,1.0,0.03592080452651669,30
C1_IV_X,11,2023-03-21,QAUR,0.0064808405690998305,1.0,0.03592080452651669,30
C1_IV_X,11,2023-03-22,QAUR,-0.001820014059738807,1.0,0.03592080452651669,30
C1_IV_X,11,2023-03-23,QAUR,0.0006218408036167822,1.0,0.03592080452651669,30
C1_IV_X,11,2023-03-24,QAUR,0.017560244655045673,1.0,0.03592080452651669,30
C1_IV_X,11,2023-03-27,QAUR,-0.009550239448290466,1.0,0.03592080452651669,30
C1_IV_X,11,2023-03-28,QAUR,-0.0005793805012228675,1.0,0.03592080452651669,30
C1_IV_X,11,2023-03-29,QAUR,0.009253599376431472,1.0,0.03592080452651669,30
C1_IV_X,11,2023-03-30,QAUR,0.005499588029130987,1.0,0.03592080452651669,30
C1_IV_X,11,2023-03-31,QAUR,-0.012222043619440707,1.0,0.03592080452651669,30
C1_IV_X,12,2023-04-03,AUR,-0.0025,0.0,-0.00391085762398069,30
C1_IV_X,12,2023-04-04,AUR,-0.0,0.0,-0.00391085762398069,30
C1_IV_X,12,2023-04-05,AUR,0.0,0.0,-0.00391085762398069,30
C1_IV_X,12,2023-04-06,AUR,0.0,0.0,-0.00391085762398069,30
C1_IV_X,12,2023-04-07,AUR,-0.0,0.0,-0.00391085762398069,30
C1_IV_X,12,2023-04-10,AUR,-0.0,0.0,-0.00391085762398069,30
C1_IV_X,12,2023-04-11,AUR,0.0,0.0,-0.00391085762398069,30
C1_IV_X,12,2023-04-12,AUR,0.0,0.0,-0.00391085762398069,30
C1_IV_X,12,2023-04-13,AUR,-0.0,0.0,-0.00391085762398069,30
C1_IV_X,12,2023-04-14,AUR,0.0,0.0,-0.00391085762398069,30
C1_IV_X,12,2023-04-17,AUR,-0.0,0.0,-0.00391085762398069,30
C1_IV_X,12,2023-04-18,AUR,-0.0,0.0,-0.00391085762398069,30
C1_IV_X,12,2023-04-19,AUR,0.0,0.0,-0.00391085762398069,30
C1_IV_X,12,2023-04-20,AUR,-0.0,0.0,-0.00391085762398069,30
C1_IV_X,12,2023-04-21,AUR,0.0,0.0,-0.00391085762398069,30
C1_IV_X,12,2023-04-24,AUR,-0.0,0.0,-0.00391085762398069,30
C1_IV_X,12,2023-04-25,AUR,-0.0,0.0,-0.00391085762398069,30
C1_IV_X,12,2023-04-26,AUR,0.0,0.0,-0.00391085762398069,30
C1_IV_X,12,2023-04-27,AUR,0.0,0.0,-0.00391085762398069,30
C1_IV_X,12,2023-04-28,AUR,-0.0,0.0,-0.00391085762398069,30
C1_IV_X,12,2023-04-03,QAUR,-0.0025,0.0,-0.00391085762398069,30
C1_IV_X,12,2023-04-04,QAUR,-0.0,0.0,-0.00391085762398069,30
C1_IV_X,12,2023-04-05,QAUR,0.0,0.0,-0.00391085762398069,30
C1_IV_X,12,2023-04-06,QAUR,0.0,0.0,-0.00391085762398069,30
C1_IV_X,12,2023-04-07,QAUR,-0.0,0.0,-0.00391085762398069,30
C1_IV_X,12,2023-04-10,QAUR,-0.0,0.0,-0.00391085762398069,30
C1_IV_X,12,2023-04-11,QAUR,0.0,0.0,-0.00391085762398069,30
C1_IV_X,12,2023-04-12,QAUR,0.0,0.0,-0.00391085762398069,30
C1_IV_X,12,2023-04-13,QAUR,-0.0,0.0,-0.00391085762398069,30
C1_IV_X,12,2023-04-14,QAUR,0.0,0.0,-0.00391085762398069,30
C1_IV_X,12,2023-04-17,QAUR,-0.0,0.0,-0.00391085762398069,30
C1_IV_X,12,2023-04-18,QAUR,-0.0,0.0,-0.00391085762398069,30
C1_IV_X,12,2023-04-19,QAUR,0.0,0.0,-0.00391085762398069,30
C1_IV_X,12,2023-04-20,QAUR,-0.0,0.0,-0.00391085762398069,30
C1_IV_X,12,2023-04-21,QAUR,0.0,0.0,-0.00391085762398069,30
C1_IV_X,12,2023-04-24,QAUR,-0.0,0.0,-0.00391085762398069,30
C1_IV_X,12,2023-04-25,QAUR,-0.0,0.0,-0.00391085762398069,30
C1_IV_X,12,2023-04-26,QAUR,0.0,0.0,-0.00391085762398069,30
C1_IV_X,12,2023-04-27,QAUR,0.0,0.0,-0.00391085762398069,30
C1_IV_X,12,2023-04-28,QAUR,-0.0,0.0,-0.00391085762398069,30
C1_IV_X,13,2023-05-04,AUR,-0.00013574641135427395,1.0,0.014897676467314103,30
C1_IV_X,13,2023-05-05,AUR,0.011315879973804972,1.0,0.014897676467314103,30
C1_IV_X,13,2023-05-08,AUR,0.009457000768230424,1.0,0.014897676467314103,30
C1_IV_X,13,2023-05-09,AUR,0.020416413955453457,1.0,0.014897676467314103,30
C1_IV_X,13,2023-05-10,AUR,-0.003381576948593888,1.0,0.014897676467314103,30
C1_IV_X,13,2023-05-11,AUR,0.012570524360846257,1.0,0.014897676467314103,30
C1_IV_X,13,2023-05-12,AUR,0.0024780204199899483,1.0,0.014897676467314103,30
C1_IV_X,13,2023-05-15,AUR,0.007970936145075757,1.0,0.014897676467314103,30
C1_IV_X,13,2023-05-16,AUR,0.005237872991425933,1.0,0.014897676467314103,30
C1_IV_X,13,2023-05-17,AUR,0.00901744699238274,1.0,0.014897676467314103,30
C1_IV_X,13,2023-05-18,AUR,-0.010272166359356391,1.0,0.014897676467314103,30
C1_IV_X,13,2023-05-19,AUR,0.0030344358376747137,1.0,0.014897676467314103,30
C1_IV_X,13,2023-05-22,AUR,0.00926885124961069,1.0,0.014897676467314103,30
C1_IV_X,13,2023-05-23,AUR,-0.0009502562837134269,1.0,0.014897676467314103,30
C1_IV_X,13,2023-05-24,AUR,0.011044495572497643,1.0,0.014897676467314103,30
C1_IV_X,13,2023-05-25,AUR,-0.002803740449778802,1.0,0.014897676467314103,30
C1_IV_X,13,2023-05-26,AUR,0.014290580761390049,1.0,0.014897676467314103,30
C1_IV_X,13,2023-05-29,AUR,0.011112701648899393,1.0,0.014897676467314103,30
C1_IV_X,13,2023-05-30,AUR,-0.0011690434818038763,1.0,0.014897676467314103,30
C1_IV_X,13,2023-05-31,AUR,0.006229423962407648,1.0,0.014897676467314103,30
C1_IV_X,13,2023-06-01,AUR,0.0014100789728658328,1.0,0.014897676467314103,30
C1_IV_X,13,2023-05-04,QAUR,-0.00013574641135427395,1.0,0.014897676467314103,30
C1_IV_X,13,2023-05-05,QAUR,0.011315879973804972,1.0,0.014897676467314103,30
C1_IV_X,13,2023-05-08,QAUR,0.009457000768230424,1.0,0.014897676467314103,30
C1_IV_X,13,2023-05-09,QAUR,0.020416413955453457,1.0,0.014897676467314103,30
C1_IV_X,13,2023-05-10,QAUR,-0.003381576948593888,1.0,0.014897676467314103,30
C1_IV_X,13,2023-05-11,QAUR,0.012570524360846257,1.0,0.014897676467314103,30
C1_IV_X,13,2023-05-12,QAUR,0.0024780204199899483,1.0,0.014897676467314103,30
C1_IV_X,13,2023-05-15,QAUR,0.007970936145075757,1.0,0.014897676467314103,30
C1_IV_X,13,2023-05-16,QAUR,0.005237872991425933,1.0,0.014897676467314103,30
C1_IV_X,13,2023-05-17,QAUR,0.00901744699238274,1.0,0.014897676467314103,30
C1_IV_X,13,2023-05-18,QAUR,-0.010272166359356391,1.0,0.014897676467314103,30
C1_IV_X,13,2023-05-19,QAUR,0.0030344358376747137,1.0,0.014897676467314103,30
C1_IV_X,13,2023-05-22,QAUR,0.00926885124961069,1.0,0.014897676467314103,30
C1_IV_X,13,2023-05-23,QAUR,-0.0009502562837134269,1.0,0.014897676467314103,30
C1_IV_X,13,2023-05-24,QAUR,0.011044495572497643,1.0,0.014897676467314103,30
C1_IV_X,13,2023-05-25,QAUR,-0.002803740449778802,1.0,0.014897676467314103,30
C1_IV_X,13,2023-05-26,QAUR,0.014290580761390049,1.0,0.014897676467314103,30
C1_IV_X,13,2023-05-29,QAUR,0.011112701648899393,1.0,0.014897676467314103,30
C1_IV_X,13,2023-05-30,QAUR,-0.0011690434818038763,1.0,0.014897676467314103,30
C1_IV_X,13,2023-05-31,QAUR,0.006229423962407648,1.0,0.014897676467314103,30
C1_IV_X,13,2023-06-01,QAUR,0.0014100789728658328,1.0,0.014897676467314103,30
C1_IV_X,14,2023-06-02,AUR,-0.00030237453064691443,1.0,0.13620413433401857,30
C1_IV_X,14,2023-06-05,AUR,0.0011262676926910016,1.0,0.13620413433401857,30
C1_IV_X,14,2023-06-06,AUR,0.008681292841922424,1.0,0.13620413433401857,30
C1_IV_X,14,2023-06-07,AUR,0.005750314163426125,1.0,0.13620413433401857,30
C1_IV_X,14,2023-06-08,AUR,-0.002121398270699673,1.0,0.13620413433401857,30
C1_IV_X,14,2023-06-09,AUR,-0.0017152340082925506,1.0,0.13620413433401857,30
C1_IV_X,14,2023-06-12,AUR,0.002937644363262006,1.0,0.13620413433401857,30
C1_IV_X,14,2023-06-13,AUR,-0.00017727635354486008,1.0,0.13620413433401857,30
C1_IV_X,14,2023-06-14,AUR,-0.0009757422053219335,1.0,0.13620413433401857,30
C1_IV_X,14,2023-06-15,AUR,-0.000857222370635654,1.0,0.13620413433401857,30
C1_IV_X,14,2023-06-16,AUR,-0.004366586116158001,1.0,0.13620413433401857,30
C1_IV_X,14,2023-06-19,AUR,-0.0021709334764601763,1.0,0.13620413433401857,30
C1_IV_X,14,2023-06-20,AUR,-0.0007787908177969107,1.0,0.13620413433401857,30
C1_IV_X,14,2023-06-21,AUR,0.0030643601147525333,1.0,0.13620413433401857,30
C1_IV_X,14,2023-06-22,AUR,0.0004777196018961256,1.0,0.13620413433401857,30
C1_IV_X,14,2023-06-23,AUR,-0.0004658846597724751,1.0,0.13620413433401857,30
C1_IV_X,14,2023-06-26,AUR,0.000758124975750604,1.0,0.13620413433401857,30
C1_IV_X,14,2023-06-27,AUR,0.0017737766829606441,1.0,0.13620413433401857,30
C1_IV_X,14,2023-06-28,AUR,-0.0016077850932629941,1.0,0.13620413433401857,30
C1_IV_X,14,2023-06-29,AUR,0.005168510660526552,1.0,0.13620413433401857,30
C1_IV_X,14,2023-06-30,AUR,-0.00221814884643715,1.0,0.13620413433401857,30
C1_IV_X,14,2023-06-02,QAUR,-0.00030237453064691443,1.0,0.13620413433401857,30
C1_IV_X,14,2023-06-05,QAUR,0.0011262676926910016,1.0,0.13620413433401857,30
C1_IV_X,14,2023-06-06,QAUR,0.008681292841922424,1.0,0.13620413433401857,30
C1_IV_X,14,2023-06-07,QAUR,0.005750314163426125,1.0,0.13620413433401857,30
C1_IV_X,14,2023-06-08,QAUR,-0.002121398270699673,1.0,0.13620413433401857,30
C1_IV_X,14,2023-06-09,QAUR,-0.0017152340082925506,1.0,0.13620413433401857,30
C1_IV_X,14,2023-06-12,QAUR,0.002937644363262006,1.0,0.13620413433401857,30
C1_IV_X,14,2023-06-13,QAUR,-0.00017727635354486008,1.0,0.13620413433401857,30
C1_IV_X,14,2023-06-14,QAUR,-0.0009757422053219335,1.0,0.13620413433401857,30
C1_IV_X,14,2023-06-15,QAUR,-0.000857222370635654,1.0,0.13620413433401857,30
C1_IV_X,14,2023-06-16,QAUR,-0.004366586116158001,1.0,0.13620413433401857,30
C1_IV_X,14,2023-06-19,QAUR,-0.0021709334764601763,1.0,0.13620413433401857,30
C1_IV_X,14,2023-06-20,QAUR,-0.0007787908177969107,1.0,0.13620413433401857,30
C1_IV_X,14,2023-06-21,QAUR,0.0030643601147525333,1.0,0.13620413433401857,30
C1_IV_X,14,2023-06-22,QAUR,0.0004777196018961256,1.0,0.13620413433401857,30
C1_IV_X,14,2023-06-23,QAUR,-0.0004658846597724751,1.0,0.13620413433401857,30
C1_IV_X,14,2023-06-26,QAUR,0.000758124975750604,1.0,0.13620413433401857,30
C1_IV_X,14,2023-06-27,QAUR,0.0017737766829606441,1.0,0.13620413433401857,30
C1_IV_X,14,2023-06-28,QAUR,-0.0016077850932629941,1.0,0.13620413433401857,30
C1_IV_X,14,2023-06-29,QAUR,0.005168510660526552,1.0,0.13620413433401857,30
C1_IV_X,14,2023-06-30,QAUR,-0.00221814884643715,1.0,0.13620413433401857,30
C1_IV_X,15,2023-07-03,AUR,0.002401431642298818,1.0,0.0931364121141185,30
C1_IV_X,15,2023-07-04,AUR,-0.0018410771979167145,1.0,0.0931364121141185,30
C1_IV_X,15,2023-07-05,AUR,0.0006211280323283646,1.0,0.0931364121141185,30
C1_IV_X,15,2023-07-06,AUR,-0.0011163144021667294,1.0,0.0931364121141185,30
C1_IV_X,15,2023-07-07,AUR,0.005166581814562718,1.0,0.0931364121141185,30
C1_IV_X,15,2023-07-10,AUR,0.005606859370612417,1.0,0.0931364121141185,30
C1_IV_X,15,2023-07-11,AUR,0.0027506998659862563,1.0,0.0931364121141185,30
C1_IV_X,15,2023-07-12,AUR,-0.0020551574020623367,1.0,0.0931364121141185,30
C1_IV_X,15,2023-07-13,AUR,0.00253146453089248,1.0,0.0931364121141185,30
C1_IV_X,15,2023-07-14,AUR,0.0005189089738199741,1.0,0.0931364121141185,30
C1_IV_X,15,2023-07-17,AUR,-0.0008565967535200907,1.0,0.0931364121141185,30
C1_IV_X,15,2023-07-18,AUR,0.003980912111266925,1.0,0.0931364121141185,30
C1_IV_X,15,2023-07-19,AUR,0.0015565328173060627,1.0,0.0931364121141185,30
C1_IV_X,15,2023-07-20,AUR,-0.0030895152991599513,1.0,0.0931364121141185,30
C1_IV_X,15,2023-07-21,AUR,0.009450480330426942,1.0,0.0931364121141185,30
C1_IV_X,15,2023-07-24,AUR,0.00112760616216646,1.0,0.0931364121141185,30
C1_IV_X,15,2023-07-25,AUR,0.00035886975672109176,1.0,0.0931364121141185,30
C1_IV_X,15,2023-07-26,AUR,0.0,1.0,0.0931364121141185,30
C1_IV_X,15,2023-07-27,AUR,-0.0019158349205831854,1.0,0.0931364121141185,30
C1_IV_X,15,2023-07-28,AUR,-0.0027174193276274703,1.0,0.0931364121141185,30
C1_IV_X,15,2023-07-31,AUR,-0.005013971558592733,1.0,0.0931364121141185,30
C1_IV_X,15,2023-08-01,AUR,0.0053311683713306544,1.0,0.0931364121141185,30
C1_IV_X,15,2023-07-03,QAUR,0.002401431642298818,1.0,0.0931364121141185,30
C1_IV_X,15,2023-07-04,QAUR,-0.0018410771979167145,1.0,0.0931364121141185,30
C1_IV_X,15,2023-07-05,QAUR,0.0006211280323283646,1.0,0.0931364121141185,30
C1_IV_X,15,2023-07-06,QAUR,-0.0011163144021667294,1.0,0.0931364121141185,30
C1_IV_X,15,2023-07-07,QAUR,0.005166581814562718,1.0,0.0931364121141185,30
C1_IV_X,15,2023-07-10,QAUR,0.005606859370612417,1.0,0.0931364121141185,30
C1_IV_X,15,2023-07-11,QAUR,0.0027506998659862563,1.0,0.0931364121141185,30
C1_IV_X,15,2023-07-12,QAUR,-0.0020551574020623367,1.0,0.0931364121141185,30
C1_IV_X,15,2023-07-13,QAUR,0.00253146453089248,1.0,0.0931364121141185,30
C1_IV_X,15,2023-07-14,QAUR,0.0005189089738199741,1.0,0.0931364121141185,30
C1_IV_X,15,2023-07-17,QAUR,-0.0008565967535200907,1.0,0.0931364121141185,30
C1_IV_X,15,2023-07-18,QAUR,0.003980912111266925,1.0,0.0931364121141185,30
C1_IV_X,15,2023-07-19,QAUR,0.0015565328173060627,1.0,0.0931364121141185,30
C1_IV_X,15,2023-07-20,QAUR,-0.0030895152991599513,1.0,0.0931364121141185,30
C1_IV_X,15,2023-07-21,QAUR,0.009450480330426942,1.0,0.0931364121141185,30
C1_IV_X,15,2023-07-24,QAUR,0.00112760616216646,1.0,0.0931364121141185,30
C1_IV_X,15,2023-07-25,QAUR,0.00035886975672109176,1.0,0.0931364121141185,30
C1_IV_X,15,2023-07-26,QAUR,0.0,1.0,0.0931364121141185,30
C1_IV_X,15,2023-07-27,QAUR,-0.0019158349205831854,1.0,0.0931364121141185,30
C1_IV_X,15,2023-07-28,QAUR,-0.0027174193276274703,1.0,0.0931364121141185,30
C1_IV_X,15,2023-07-31,QAUR,-0.005013971558592733,1.0,0.0931364121141185,30
C1_IV_X,15,2023-08-01,QAUR,0.0053311683713306544,1.0,0.0931364121141185,30
C1_IV_X,16,2023-08-02,AUR,-0.008181131977761434,1.0,0.05271473013604533,30
C1_IV_X,16,2023-08-03,AUR,-0.002201955851428122,1.0,0.05271473013604533,30
C1_IV_X,16,2023-08-04,AUR,0.0045056404767479,1.0,0.05271473013604533,30
C1_IV_X,16,2023-08-07,AUR,0.013875632051168381,1.0,0.05271473013604533,30
C1_IV_X,16,2023-08-08,AUR,0.0019273414888210643,1.0,0.05271473013604533,30
C1_IV_X,16,2023-08-09,AUR,-0.007470982430260361,1.0,0.05271473013604533,30
C1_IV_X,16,2023-08-10,AUR,-0.006441489179938142,1.0,0.05271473013604533,30
C1_IV_X,16,2023-08-11,AUR,-0.006382543044145001,1.0,0.05271473013604533,30
C1_IV_X,16,2023-08-14,AUR,-0.007936521119726914,1.0,0.05271473013604533,30
C1_IV_X,16,2023-08-15,AUR,-0.0007351929682748562,1.0,0.05271473013604533,30
C1_IV_X,16,2023-08-16,AUR,-0.0003538554054626998,1.0,0.05271473013604533,30
C1_IV_X,16,2023-08-17,AUR,-0.002423911543348123,1.0,0.05271473013604533,30
C1_IV_X,16,2023-08-18,AUR,-0.011063359932587535,1.0,0.05271473013604533,30
C1_IV_X,16,2023-08-21,AUR,0.0012256652581942164,1.0,0.05271473013604533,30
C1_IV_X,16,2023-08-22,AUR,0.0030270452656709886,1.0,0.05271473013604533,30
C1_IV_X,16,2023-08-23,AUR,0.005633226549668845,1.0,0.05271473013604533,30
C1_IV_X,16,2023-08-24,AUR,0.0032857040407412302,1.0,0.05271473013604533,30
C1_IV_X,16,2023-08-25,AUR,0.006032831695713244,1.0,0.05271473013604533,30
C1_IV_X,16,2023-08-28,AUR,0.004681277365637811,1.0,0.05271473013604533,30
C1_IV_X,16,2023-08-29,AUR,-0.009349850666194238,1.0,0.05271473013604533,30
C1_IV_X,16,2023-08-30,AUR,0.0005864498339763289,1.0,0.05271473013604533,30
C1_IV_X,16,2023-08-31,AUR,-0.0016586577465355287,1.0,0.05271473013604533,30
C1_IV_X,16,2023-08-02,QAUR,-0.008181131977761434,1.0,0.05271473013604533,30
C1_IV_X,16,2023-08-03,QAUR,-0.002201955851428122,1.0,0.05271473013604533,30
C1_IV_X,16,2023-08-04,QAUR,0.0045056404767479,1.0,0.05271473013604533,30
C1_IV_X,16,2023-08-07,QAUR,0.013875632051168381,1.0,0.05271473013604533,30
C1_IV_X,16,2023-08-08,QAUR,0.0019273414888210643,1.0,0.05271473013604533,30
C1_IV_X,16,2023-08-09,QAUR,-0.007470982430260361,1.0,0.05271473013604533,30
C1_IV_X,16,2023-08-10,QAUR,-0.006441489179938142,1.0,0.05271473013604533,30
C1_IV_X,16,2023-08-11,QAUR,-0.006382543044145001,1.0,0.05271473013604533,30
C1_IV_X,16,2023-08-14,QAUR,-0.007936521119726914,1.0,0.05271473013604533,30
C1_IV_X,16,2023-08-15,QAUR,-0.0007351929682748562,1.0,0.05271473013604533,30
C1_IV_X,16,2023-08-16,QAUR,-0.0003538554054626998,1.0,0.05271473013604533,30
C1_IV_X,16,2023-08-17,QAUR,-0.002423911543348123,1.0,0.05271473013604533,30
C1_IV_X,16,2023-08-18,QAUR,-0.011063359932587535,1.0,0.05271473013604533,30
C1_IV_X,16,2023-08-21,QAUR,0.0012256652581942164,1.0,0.05271473013604533,30
C1_IV_X,16,2023-08-22,QAUR,0.0030270452656709886,1.0,0.05271473013604533,30
C1_IV_X,16,2023-08-23,QAUR,0.005633226549668845,1.0,0.05271473013604533,30
C1_IV_X,16,2023-08-24,QAUR,0.0032857040407412302,1.0,0.05271473013604533,30
C1_IV_X,16,2023-08-25,QAUR,0.006032831695713244,1.0,0.05271473013604533,30
C1_IV_X,16,2023-08-28,QAUR,0.004681277365637811,1.0,0.05271473013604533,30
C1_IV_X,16,2023-08-29,QAUR,-0.009349850666194238,1.0,0.05271473013604533,30
C1_IV_X,16,2023-08-30,QAUR,0.0005864498339763289,1.0,0.05271473013604533,30
C1_IV_X,16,2023-08-31,QAUR,-0.0016586577465355287,1.0,0.05271473013604533,30
C1_IV_X,17,2023-09-05,AUR,-0.0018127987698342144,1.0,0.04692701211276806,30
C1_IV_X,17,2023-09-06,AUR,0.0008384931741675585,1.0,0.04692701211276806,30
C1_IV_X,17,2023-09-07,AUR,0.0011491731538215923,1.0,0.04692701211276806,30
C1_IV_X,17,2023-09-08,AUR,-0.003948435355681674,1.0,0.04692701211276806,30
C1_IV_X,17,2023-09-11,AUR,0.006571363566947054,1.0,0.04692701211276806,30
C1_IV_X,17,2023-09-12,AUR,0.003414233698089056,1.0,0.04692701211276806,30
C1_IV_X,17,2023-09-13,AUR,0.00019539924672351766,1.0,0.04692701211276806,30
C1_IV_X,17,2023-09-14,AUR,-0.0006416398699940628,1.0,0.04692701211276806,30
C1_IV_X,17,2023-09-15,AUR,0.007292776923928223,1.0,0.04692701211276806,30
C1_IV_X,17,2023-09-18,AUR,-0.007241530183166838,1.0,0.04692701211276806,30
C1_IV_X,17,2023-09-19,AUR,-0.005825815523329336,1.0,0.04692701211276806,30
C1_IV_X,17,2023-09-20,AUR,0.006417597293281358,1.0,0.04692701211276806,30
C1_IV_X,17,2023-09-21,AUR,9.984193994478034e-05,1.0,0.04692701211276806,30
C1_IV_X,17,2023-09-22,AUR,-0.005561656441552758,1.0,0.04692701211276806,30
C1_IV_X,17,2023-09-25,AUR,-0.002424887824953732,1.0,0.04692701211276806,30
C1_IV_X,17,2023-09-26,AUR,-0.011751733289880788,1.0,0.04692701211276806,30
C1_IV_X,17,2023-09-27,AUR,0.011218862719288434,1.0,0.04692701211276806,30
C1_IV_X,17,2023-09-28,AUR,0.003261542045372723,1.0,0.04692701211276806,30
C1_IV_X,17,2023-09-29,AUR,-0.0022175905137323815,1.0,0.04692701211276806,30
C1_IV_X,17,2023-09-05,QAUR,-0.0018127987698342144,1.0,0.04692701211276806,30
C1_IV_X,17,2023-09-06,QAUR,0.0008384931741675585,1.0,0.04692701211276806,30
C1_IV_X,17,2023-09-07,QAUR,0.0011491731538215923,1.0,0.04692701211276806,30
C1_IV_X,17,2023-09-08,QAUR,-0.003948435355681674,1.0,0.04692701211276806,30
C1_IV_X,17,2023-09-11,QAUR,0.006571363566947054,1.0,0.04692701211276806,30
C1_IV_X,17,2023-09-12,QAUR,0.003414233698089056,1.0,0.04692701211276806,30
C1_IV_X,17,2023-09-13,QAUR,0.00019539924672351766,1.0,0.04692701211276806,30
C1_IV_X,17,2023-09-14,QAUR,-0.0006416398699940628,1.0,0.04692701211276806,30
C1_IV_X,17,2023-09-15,QAUR,0.007292776923928223,1.0,0.04692701211276806,30
C1_IV_X,17,2023-09-18,QAUR,-0.007241530183166838,1.0,0.04692701211276806,30
C1_IV_X,17,2023-09-19,QAUR,-0.005825815523329336,1.0,0.04692701211276806,30
C1_IV_X,17,2023-09-20,QAUR,0.006417597293281358,1.0,0.04692701211276806,30
C1_IV_X,17,2023-09-21,QAUR,9.984193994478034e-05,1.0,0.04692701211276806,30
C1_IV_X,17,2023-09-22,QAUR,-0.005561656441552758,1.0,0.04692701211276806,30
C1_IV_X,17,2023-09-25,QAUR,-0.002424887824953732,1.0,0.04692701211276806,30
C1_IV_X,17,2023-09-26,QAUR,-0.011751733289880788,1.0,0.04692701211276806,30
C1_IV_X,17,2023-09-27,QAUR,0.011218862719288434,1.0,0.04692701211276806,30
C1_IV_X,17,2023-09-28,QAUR,0.003261542045372723,1.0,0.04692701211276806,30
C1_IV_X,17,2023-09-29,QAUR,-0.0022175905137323815,1.0,0.04692701211276806,30
C1_IV_X,18,2023-10-02,AUR,-0.0025,0.0,-0.07638485168132958,30
C1_IV_X,18,2023-10-03,AUR,-0.0,0.0,-0.07638485168132958,30
C1_IV_X,18,2023-10-04,AUR,0.0,0.0,-0.07638485168132958,30
C1_IV_X,18,2023-10-05,AUR,0.0,0.0,-0.07638485168132958,30
C1_IV_X,18,2023-10-06,AUR,0.0,0.0,-0.07638485168132958,30
C1_IV_X,18,2023-10-09,AUR,-0.0,0.0,-0.07638485168132958,30
C1_IV_X,18,2023-10-10,AUR,0.0,0.0,-0.07638485168132958,30
C1_IV_X,18,2023-10-11,AUR,0.0,0.0,-0.07638485168132958,30
C1_IV_X,18,2023-10-12,AUR,0.0,0.0,-0.07638485168132958,30
C1_IV_X,18,2023-10-13,AUR,-0.0,0.0,-0.07638485168132958,30
C1_IV_X,18,2023-10-16,AUR,0.0,0.0,-0.07638485168132958,30
C1_IV_X,18,2023-10-17,AUR,0.0,0.0,-0.07638485168132958,30
C1_IV_X,18,2023-10-18,AUR,-0.0,0.0,-0.07638485168132958,30
C1_IV_X,18,2023-10-19,AUR,0.0,0.0,-0.07638485168132958,30
C1_IV_X,18,2023-10-20,AUR,-0.0,0.0,-0.07638485168132958,30
C1_IV_X,18,2023-10-23,AUR,-0.0,0.0,-0.07638485168132958,30
C1_IV_X,18,2023-10-24,AUR,0.0,0.0,-0.07638485168132958,30
C1_IV_X,18,2023-10-25,AUR,-0.0,0.0,-0.07638485168132958,30
C1_IV_X,18,2023-10-26,AUR,-0.0,0.0,-0.07638485168132958,30
C1_IV_X,18,2023-10-27,AUR,0.0,0.0,-0.07638485168132958,30
C1_IV_X,18,2023-10-30,AUR,-0.0,0.0,-0.07638485168132958,30
C1_IV_X,18,2023-10-31,AUR,-0.0,0.0,-0.07638485168132958,30
C1_IV_X,18,2023-11-01,AUR,-0.0,0.0,-0.07638485168132958,30
C1_IV_X,18,2023-10-02,QAUR,-0.0025,0.0,-0.07638485168132958,30
C1_IV_X,18,2023-10-03,QAUR,-0.0,0.0,-0.07638485168132958,30
C1_IV_X,18,2023-10-04,QAUR,0.0,0.0,-0.07638485168132958,30
C1_IV_X,18,2023-10-05,QAUR,0.0,0.0,-0.07638485168132958,30
C1_IV_X,18,2023-10-06,QAUR,0.0,0.0,-0.07638485168132958,30
C1_IV_X,18,2023-10-09,QAUR,-0.0,0.0,-0.07638485168132958,30
C1_IV_X,18,2023-10-10,QAUR,0.0,0.0,-0.07638485168132958,30
C1_IV_X,18,2023-10-11,QAUR,0.0,0.0,-0.07638485168132958,30
C1_IV_X,18,2023-10-12,QAUR,0.0,0.0,-0.07638485168132958,30
C1_IV_X,18,2023-10-13,QAUR,-0.0,0.0,-0.07638485168132958,30
C1_IV_X,18,2023-10-16,QAUR,0.0,0.0,-0.07638485168132958,30
C1_IV_X,18,2023-10-17,QAUR,0.0,0.0,-0.07638485168132958,30
C1_IV_X,18,2023-10-18,QAUR,-0.0,0.0,-0.07638485168132958,30
C1_IV_X,18,2023-10-19,QAUR,0.0,0.0,-0.07638485168132958,30
C1_IV_X,18,2023-10-20,QAUR,-0.0,0.0,-0.07638485168132958,30
C1_IV_X,18,2023-10-23,QAUR,-0.0,0.0,-0.07638485168132958,30
C1_IV_X,18,2023-10-24,QAUR,0.0,0.0,-0.07638485168132958,30
C1_IV_X,18,2023-10-25,QAUR,-0.0,0.0,-0.07638485168132958,30
C1_IV_X,18,2023-10-26,QAUR,-0.0,0.0,-0.07638485168132958,30
C1_IV_X,18,2023-10-27,QAUR,0.0,0.0,-0.07638485168132958,30
C1_IV_X,18,2023-10-30,QAUR,-0.0,0.0,-0.07638485168132958,30
C1_IV_X,18,2023-10-31,QAUR,-0.0,0.0,-0.07638485168132958,30
C1_IV_X,18,2023-11-01,QAUR,-0.0,0.0,-0.07638485168132958,30
C1_IV_X,19,2023-11-02,AUR,0.0,0.0,-0.14226807364052918,30
C1_IV_X,19,2023-11-03,AUR,0.0,0.0,-0.14226807364052918,30
C1_IV_X,19,2023-11-06,AUR,0.0,0.0,-0.14226807364052918,30
C1_IV_X,19,2023-11-07,AUR,0.0,0.0,-0.14226807364052918,30
C1_IV_X,19,2023-11-08,AUR,0.0,0.0,-0.14226807364052918,30
C1_IV_X,19,2023-11-09,AUR,0.0,0.0,-0.14226807364052918,30
C1_IV_X,19,2023-11-10,AUR,0.0,0.0,-0.14226807364052918,30
C1_IV_X,19,2023-11-13,AUR,0.0,0.0,-0.14226807364052918,30
C1_IV_X,19,2023-11-14,AUR,-0.0,0.0,-0.14226807364052918,30
C1_IV_X,19,2023-11-15,AUR,-0.0,0.0,-0.14226807364052918,30
C1_IV_X,19,2023-11-16,AUR,0.0,0.0,-0.14226807364052918,30
C1_IV_X,19,2023-11-17,AUR,-0.0,0.0,-0.14226807364052918,30
C1_IV_X,19,2023-11-20,AUR,0.0,0.0,-0.14226807364052918,30
C1_IV_X,19,2023-11-21,AUR,0.0,0.0,-0.14226807364052918,30
C1_IV_X,19,2023-11-22,AUR,0.0,0.0,-0.14226807364052918,30
C1_IV_X,19,2023-11-23,AUR,-0.0,0.0,-0.14226807364052918,30
C1_IV_X,19,2023-11-24,AUR,-0.0,0.0,-0.14226807364052918,30
C1_IV_X,19,2023-11-27,AUR,0.0,0.0,-0.14226807364052918,30
C1_IV_X,19,2023-11-28,AUR,-0.0,0.0,-0.14226807364052918,30
C1_IV_X,19,2023-11-29,AUR,-0.0,0.0,-0.14226807364052918,30
C1_IV_X,19,2023-11-30,AUR,-0.0,0.0,-0.14226807364052918,30
C1_IV_X,19,2023-12-01,AUR,0.0,0.0,-0.14226807364052918,30
C1_IV_X,19,2023-11-02,QAUR,0.0,0.0,-0.14226807364052918,30
C1_IV_X,19,2023-11-03,QAUR,0.0,0.0,-0.14226807364052918,30
C1_IV_X,19,2023-11-06,QAUR,0.0,0.0,-0.14226807364052918,30
C1_IV_X,19,2023-11-07,QAUR,0.0,0.0,-0.14226807364052918,30
C1_IV_X,19,2023-11-08,QAUR,0.0,0.0,-0.14226807364052918,30
C1_IV_X,19,2023-11-09,QAUR,0.0,0.0,-0.14226807364052918,30
C1_IV_X,19,2023-11-10,QAUR,0.0,0.0,-0.14226807364052918,30
C1_IV_X,19,2023-11-13,QAUR,0.0,0.0,-0.14226807364052918,30
C1_IV_X,19,2023-11-14,QAUR,-0.0,0.0,-0.14226807364052918,30
C1_IV_X,19,2023-11-15,QAUR,-0.0,0.0,-0.14226807364052918,30
C1_IV_X,19,2023-11-16,QAUR,0.0,0.0,-0.14226807364052918,30
C1_IV_X,19,2023-11-17,QAUR,-0.0,0.0,-0.14226807364052918,30
C1_IV_X,19,2023-11-20,QAUR,0.0,0.0,-0.14226807364052918,30
C1_IV_X,19,2023-11-21,QAUR,0.0,0.0,-0.14226807364052918,30
C1_IV_X,19,2023-11-22,QAUR,0.0,0.0,-0.14226807364052918,30
C1_IV_X,19,2023-11-23,QAUR,-0.0,0.0,-0.14226807364052918,30
C1_IV_X,19,2023-11-24,QAUR,-0.0,0.0,-0.14226807364052918,30
C1_IV_X,19,2023-11-27,QAUR,0.0,0.0,-0.14226807364052918,30
C1_IV_X,19,2023-11-28,QAUR,-0.0,0.0,-0.14226807364052918,30
C1_IV_X,19,2023-11-29,QAUR,-0.0,0.0,-0.14226807364052918,30
C1_IV_X,19,2023-11-30,QAUR,-0.0,0.0,-0.14226807364052918,30
C1_IV_X,19,2023-12-01,QAUR,0.0,0.0,-0.14226807364052918,30
C1_IV_X,20,2023-12-04,AUR,-0.0,0.0,-0.004822411899847223,30
C1_IV_X,20,2023-12-05,AUR,0.0,0.0,-0.004822411899847223,30
C1_IV_X,20,2023-12-06,AUR,0.0,0.0,-0.004822411899847223,30
C1_IV_X,20,2023-12-07,AUR,-0.0,0.0,-0.004822411899847223,30
C1_IV_X,20,2023-12-08,AUR,0.0,0.0,-0.004822411899847223,30
C1_IV_X,20,2023-12-11,AUR,-0.0,0.0,-0.004822411899847223,30
C1_IV_X,20,2023-12-12,AUR,0.0,0.0,-0.004822411899847223,30
C1_IV_X,20,2023-12-13,AUR,0.0,0.0,-0.004822411899847223,30
C1_IV_X,20,2023-12-14,AUR,0.0,0.0,-0.004822411899847223,30
C1_IV_X,20,2023-12-15,AUR,-0.0,0.0,-0.004822411899847223,30
C1_IV_X,20,2023-12-18,AUR,-0.0,0.0,-0.004822411899847223,30
C1_IV_X,20,2023-12-19,AUR,0.0,0.0,-0.004822411899847223,30
C1_IV_X,20,2023-12-20,AUR,0.0,0.0,-0.004822411899847223,30
C1_IV_X,20,2023-12-21,AUR,-0.0,0.0,-0.004822411899847223,30
C1_IV_X,20,2023-12-22,AUR,-0.0,0.0,-0.004822411899847223,30
C1_IV_X,20,2023-12-25,AUR,0.0,0.0,-0.004822411899847223,30
C1_IV_X,20,2023-12-26,AUR,0.0,0.0,-0.004822411899847223,30
C1_IV_X,20,2023-12-27,AUR,0.0,0.0,-0.004822411899847223,30
C1_IV_X,20,2023-12-28,AUR,0.0,0.0,-0.004822411899847223,30
C1_IV_X,20,2023-12-29,AUR,0.0,0.0,-0.004822411899847223,30
C1_IV_X,20,2023-12-04,QAUR,-0.0,0.0,-0.004822411899847223,30
C1_IV_X,20,2023-12-05,QAUR,0.0,0.0,-0.004822411899847223,30
C1_IV_X,20,2023-12-06,QAUR,0.0,0.0,-0.004822411899847223,30
C1_IV_X,20,2023-12-07,QAUR,-0.0,0.0,-0.004822411899847223,30
C1_IV_X,20,2023-12-08,QAUR,0.0,0.0,-0.004822411899847223,30
C1_IV_X,20,2023-12-11,QAUR,-0.0,0.0,-0.004822411899847223,30
C1_IV_X,20,2023-12-12,QAUR,0.0,0.0,-0.004822411899847223,30
C1_IV_X,20,2023-12-13,QAUR,0.0,0.0,-0.004822411899847223,30
C1_IV_X,20,2023-12-14,QAUR,0.0,0.0,-0.004822411899847223,30
C1_IV_X,20,2023-12-15,QAUR,-0.0,0.0,-0.004822411899847223,30
C1_IV_X,20,2023-12-18,QAUR,-0.0,0.0,-0.004822411899847223,30
C1_IV_X,20,2023-12-19,QAUR,0.0,0.0,-0.004822411899847223,30
C1_IV_X,20,2023-12-20,QAUR,0.0,0.0,-0.004822411899847223,30
C1_IV_X,20,2023-12-21,QAUR,-0.0,0.0,-0.004822411899847223,30
C1_IV_X,20,2023-12-22,QAUR,-0.0,0.0,-0.004822411899847223,30
C1_IV_X,20,2023-12-25,QAUR,0.0,0.0,-0.004822411899847223,30
C1_IV_X,20,2023-12-26,QAUR,0.0,0.0,-0.004822411899847223,30
C1_IV_X,20,2023-12-27,QAUR,0.0,0.0,-0.004822411899847223,30
C1_IV_X,20,2023-12-28,QAUR,0.0,0.0,-0.004822411899847223,30
C1_IV_X,20,2023-12-29,QAUR,0.0,0.0,-0.004822411899847223,30
C1_IV_X,21,2024-01-02,AUR,-0.0010220509372787234,1.0,0.03930371974382085,30
C1_IV_X,21,2024-01-03,AUR,0.007229239920324984,1.0,0.03930371974382085,30
C1_IV_X,21,2024-01-04,AUR,0.0041719452373060895,1.0,0.03930371974382085,30
C1_IV_X,21,2024-01-05,AUR,0.0003521549713903769,1.0,0.03930371974382085,30
C1_IV_X,21,2024-01-08,AUR,0.0036422221296018497,1.0,0.03930371974382085,30
C1_IV_X,21,2024-01-09,AUR,0.007210420582112192,1.0,0.03930371974382085,30
C1_IV_X,21,2024-01-10,AUR,0.01046228061360415,1.0,0.03930371974382085,30
C1_IV_X,21,2024-01-11,AUR,-0.001751462510374038,1.0,0.03930371974382085,30
C1_IV_X,21,2024-01-12,AUR,-0.00906844676618019,1.0,0.03930371974382085,30
C1_IV_X,21,2024-01-15,AUR,0.0011773146477922457,1.0,0.03930371974382085,30
C1_IV_X,21,2024-01-16,AUR,0.004589545183968763,1.0,0.03930371974382085,30
C1_IV_X,21,2024-01-17,AUR,0.0014179437147012605,1.0,0.03930371974382085,30
C1_IV_X,21,2024-01-18,AUR,0.0031312760401268763,1.0,0.03930371974382085,30
C1_IV_X,21,2024-01-19,AUR,0.004976869558434583,1.0,0.03930371974382085,30
C1_IV_X,21,2024-01-22,AUR,0.011727832380777289,1.0,0.03930371974382085,30
C1_IV_X,21,2024-01-23,AUR,-0.0015611837999828975,1.0,0.03930371974382085,30
C1_IV_X,21,2024-01-24,AUR,-0.001943395310193039,1.0,0.03930371974382085,30
C1_IV_X,21,2024-01-25,AUR,-0.0019385123725675266,1.0,0.03930371974382085,30
C1_IV_X,21,2024-01-26,AUR,0.0029655406057571138,1.0,0.03930371974382085,30
C1_IV_X,21,2024-01-29,AUR,-0.007160488760369567,1.0,0.03930371974382085,30
C1_IV_X,21,2024-01-30,AUR,0.011106760786377626,1.0,0.03930371974382085,30
C1_IV_X,21,2024-01-31,AUR,-0.003968081080616885,1.0,0.03930371974382085,30
C1_IV_X,21,2024-02-01,AUR,0.007695502838885476,1.0,0.03930371974382085,30
C1_IV_X,21,2024-01-02,QAUR,-0.0010220509372787234,1.0,0.03930371974382085,30
C1_IV_X,21,2024-01-03,QAUR,0.007229239920324984,1.0,0.03930371974382085,30
C1_IV_X,21,2024-01-04,QAUR,0.0041719452373060895,1.0,0.03930371974382085,30
C1_IV_X,21,2024-01-05,QAUR,0.0003521549713903769,1.0,0.03930371974382085,30
C1_IV_X,21,2024-01-08,QAUR,0.0036422221296018497,1.0,0.03930371974382085,30
C1_IV_X,21,2024-01-09,QAUR,0.007210420582112192,1.0,0.03930371974382085,30
C1_IV_X,21,2024-01-10,QAUR,0.01046228061360415,1.0,0.03930371974382085,30
C1_IV_X,21,2024-01-11,QAUR,-0.001751462510374038,1.0,0.03930371974382085,30
C1_IV_X,21,2024-01-12,QAUR,-0.00906844676618019,1.0,0.03930371974382085,30
C1_IV_X,21,2024-01-15,QAUR,0.0011773146477922457,1.0,0.03930371974382085,30
C1_IV_X,21,2024-01-16,QAUR,0.004589545183968763,1.0,0.03930371974382085,30
C1_IV_X,21,2024-01-17,QAUR,0.0014179437147012605,1.0,0.03930371974382085,30
C1_IV_X,21,2024-01-18,QAUR,0.0031312760401268763,1.0,0.03930371974382085,30
C1_IV_X,21,2024-01-19,QAUR,0.004976869558434583,1.0,0.03930371974382085,30
C1_IV_X,21,2024-01-22,QAUR,0.011727832380777289,1.0,0.03930371974382085,30
C1_IV_X,21,2024-01-23,QAUR,-0.0015611837999828975,1.0,0.03930371974382085,30
C1_IV_X,21,2024-01-24,QAUR,-0.001943395310193039,1.0,0.03930371974382085,30
C1_IV_X,21,2024-01-25,QAUR,-0.0019385123725675266,1.0,0.03930371974382085,30
C1_IV_X,21,2024-01-26,QAUR,0.0029655406057571138,1.0,0.03930371974382085,30
C1_IV_X,21,2024-01-29,QAUR,-0.007160488760369567,1.0,0.03930371974382085,30
C1_IV_X,21,2024-01-30,QAUR,0.011106760786377626,1.0,0.03930371974382085,30
C1_IV_X,21,2024-01-31,QAUR,-0.003968081080616885,1.0,0.03930371974382085,30
C1_IV_X,21,2024-02-01,QAUR,0.007695502838885476,1.0,0.03930371974382085,30
C1_IV_X,22,2024-02-02,AUR,0.0006200791830568064,1.0,0.020432119435934926,30
C1_IV_X,22,2024-02-05,AUR,0.0029170260825915543,1.0,0.020432119435934926,30
C1_IV_X,22,2024-02-06,AUR,0.0005975332819431064,1.0,0.020432119435934926,30
C1_IV_X,22,2024-02-07,AUR,0.0023046737449040496,1.0,0.020432119435934926,30
C1_IV_X,22,2024-02-15,AUR,-0.0008876643066734584,1.0,0.020432119435934926,30
C1_IV_X,22,2024-02-16,AUR,0.0010087430157005575,1.0,0.020432119435934926,30
C1_IV_X,22,2024-02-19,AUR,0.0029982042153437324,1.0,0.020432119435934926,30
C1_IV_X,22,2024-02-20,AUR,0.0017315409561665606,1.0,0.020432119435934926,30
C1_IV_X,22,2024-02-21,AUR,-0.0017596361295676216,1.0,0.020432119435934926,30
C1_IV_X,22,2024-02-22,AUR,0.001043833535212711,1.0,0.020432119435934926,30
C1_IV_X,22,2024-02-23,AUR,-0.007248391077109583,1.0,0.020432119435934926,30
C1_IV_X,22,2024-02-26,AUR,0.0028473076288771442,1.0,0.020432119435934926,30
C1_IV_X,22,2024-02-27,AUR,0.009138846946845032,1.0,0.020432119435934926,30
C1_IV_X,22,2024-02-28,AUR,0.026865036309624175,1.0,0.020432119435934926,30
C1_IV_X,22,2024-02-29,AUR,2.9917943681740246e-05,1.0,0.020432119435934926,30
C1_IV_X,22,2024-03-01,AUR,0.004481762135492963,1.0,0.020432119435934926,30
C1_IV_X,22,2024-02-02,QAUR,0.0006200791830568064,1.0,0.020432119435934926,30
C1_IV_X,22,2024-02-05,QAUR,0.0029170260825915543,1.0,0.020432119435934926,30
C1_IV_X,22,2024-02-06,QAUR,0.0005975332819431064,1.0,0.020432119435934926,30
C1_IV_X,22,2024-02-07,QAUR,0.0023046737449040496,1.0,0.020432119435934926,30
C1_IV_X,22,2024-02-15,QAUR,-0.0008876643066734584,1.0,0.020432119435934926,30
C1_IV_X,22,2024-02-16,QAUR,0.0010087430157005575,1.0,0.020432119435934926,30
C1_IV_X,22,2024-02-19,QAUR,0.0029982042153437324,1.0,0.020432119435934926,30
C1_IV_X,22,2024-02-20,QAUR,0.0017315409561665606,1.0,0.020432119435934926,30
C1_IV_X,22,2024-02-21,QAUR,-0.0017596361295676216,1.0,0.020432119435934926,30
C1_IV_X,22,2024-02-22,QAUR,0.001043833535212711,1.0,0.020432119435934926,30
C1_IV_X,22,2024-02-23,QAUR,-0.007248391077109583,1.0,0.020432119435934926,30
C1_IV_X,22,2024-02-26,QAUR,0.0028473076288771442,1.0,0.020432119435934926,30
C1_IV_X,22,2024-02-27,QAUR,0.009138846946845032,1.0,0.020432119435934926,30
C1_IV_X,22,2024-02-28,QAUR,0.026865036309624175,1.0,0.020432119435934926,30
C1_IV_X,22,2024-02-29,QAUR,2.9917943681740246e-05,1.0,0.020432119435934926,30
C1_IV_X,22,2024-03-01,QAUR,0.004481762135492963,1.0,0.020432119435934926,30
C1_IV_X,23,2024-03-04,AUR,0.025354534959624062,1.0,0.0377803398340526,30
C1_IV_X,23,2024-03-05,AUR,-0.004937458619245316,1.0,0.0377803398340526,30
C1_IV_X,23,2024-03-06,AUR,-0.008146408992168452,1.0,0.0377803398340526,30
C1_IV_X,23,2024-03-07,AUR,9.500454547685725e-05,1.0,0.0377803398340526,30
C1_IV_X,23,2024-03-08,AUR,-0.004947014682400601,1.0,0.0377803398340526,30
C1_IV_X,23,2024-03-11,AUR,0.002573420327850062,1.0,0.0377803398340526,30
C1_IV_X,23,2024-03-12,AUR,0.002820401114077423,1.0,0.0377803398340526,30
C1_IV_X,23,2024-03-13,AUR,0.0012743574004725811,1.0,0.0377803398340526,30
C1_IV_X,23,2024-03-14,AUR,0.004124051275244104,1.0,0.0377803398340526,30
C1_IV_X,23,2024-03-15,AUR,0.012867276394093189,1.0,0.0377803398340526,30
C1_IV_X,23,2024-03-18,AUR,0.004895227081435418,1.0,0.0377803398340526,30
C1_IV_X,23,2024-03-19,AUR,0.007852934457686984,1.0,0.0377803398340526,30
C1_IV_X,23,2024-03-20,AUR,-0.0008062976177109266,1.0,0.0377803398340526,30
C1_IV_X,23,2024-03-21,AUR,-0.00039409008788005755,1.0,0.0377803398340526,30
C1_IV_X,23,2024-03-22,AUR,0.005310361923175104,1.0,0.0377803398340526,30
C1_IV_X,23,2024-03-25,AUR,-0.005117363455682254,1.0,0.0377803398340526,30
C1_IV_X,23,2024-03-26,AUR,0.003624654475302963,1.0,0.0377803398340526,30
C1_IV_X,23,2024-03-27,AUR,-0.003564256174927188,1.0,0.0377803398340526,30
C1_IV_X,23,2024-03-28,AUR,0.0008478522510669626,1.0,0.0377803398340526,30
C1_IV_X,23,2024-03-29,AUR,-0.004892344801376135,1.0,0.0377803398340526,30
C1_IV_X,23,2024-04-01,AUR,0.007479687081675982,1.0,0.0377803398340526,30
C1_IV_X,23,2024-03-04,QAUR,0.025354534959624062,1.0,0.0377803398340526,30
C1_IV_X,23,2024-03-05,QAUR,-0.004937458619245316,1.0,0.0377803398340526,30
C1_IV_X,23,2024-03-06,QAUR,-0.008146408992168452,1.0,0.0377803398340526,30
C1_IV_X,23,2024-03-07,QAUR,9.500454547685725e-05,1.0,0.0377803398340526,30
C1_IV_X,23,2024-03-08,QAUR,-0.004947014682400601,1.0,0.0377803398340526,30
C1_IV_X,23,2024-03-11,QAUR,0.002573420327850062,1.0,0.0377803398340526,30
C1_IV_X,23,2024-03-12,QAUR,0.002820401114077423,1.0,0.0377803398340526,30
C1_IV_X,23,2024-03-13,QAUR,0.0012743574004725811,1.0,0.0377803398340526,30
C1_IV_X,23,2024-03-14,QAUR,0.004124051275244104,1.0,0.0377803398340526,30
C1_IV_X,23,2024-03-15,QAUR,0.012867276394093189,1.0,0.0377803398340526,30
C1_IV_X,23,2024-03-18,QAUR,0.004895227081435418,1.0,0.0377803398340526,30
C1_IV_X,23,2024-03-19,QAUR,0.007852934457686984,1.0,0.0377803398340526,30
C1_IV_X,23,2024-03-20,QAUR,-0.0008062976177109266,1.0,0.0377803398340526,30
C1_IV_X,23,2024-03-21,QAUR,-0.00039409008788005755,1.0,0.0377803398340526,30
C1_IV_X,23,2024-03-22,QAUR,0.005310361923175104,1.0,0.0377803398340526,30
C1_IV_X,23,2024-03-25,QAUR,-0.005117363455682254,1.0,0.0377803398340526,30
C1_IV_X,23,2024-03-26,QAUR,0.003624654475302963,1.0,0.0377803398340526,30
C1_IV_X,23,2024-03-27,QAUR,-0.003564256174927188,1.0,0.0377803398340526,30
C1_IV_X,23,2024-03-28,QAUR,0.0008478522510669626,1.0,0.0377803398340526,30
C1_IV_X,23,2024-03-29,QAUR,-0.004892344801376135,1.0,0.0377803398340526,30
C1_IV_X,23,2024-04-01,QAUR,0.007479687081675982,1.0,0.0377803398340526,30
C1_IV_X,24,2024-04-02,AUR,-0.0017702563855767587,1.0,0.04302761093162988,30
C1_IV_X,24,2024-04-03,AUR,-0.0026628589903705878,1.0,0.04302761093162988,30
C1_IV_X,24,2024-04-04,AUR,0.0010078719684330387,1.0,0.04302761093162988,30
C1_IV_X,24,2024-04-05,AUR,-0.0001466772631475992,1.0,0.04302761093162988,30
C1_IV_X,24,2024-04-08,AUR,0.0014710977374005237,1.0,0.04302761093162988,30
C1_IV_X,24,2024-04-09,AUR,-0.0032658825539441574,1.0,0.04302761093162988,30
C1_IV_X,24,2024-04-10,AUR,0.0014628081462797191,1.0,0.04302761093162988,30
C1_IV_X,24,2024-04-11,AUR,-0.004162702865888485,1.0,0.04302761093162988,30
C1_IV_X,24,2024-04-12,AUR,0.0009145675137801694,1.0,0.04302761093162988,30
C1_IV_X,24,2024-04-15,AUR,-0.007367260600579291,1.0,0.04302761093162988,30
C1_IV_X,24,2024-04-16,AUR,-0.009607030123619381,1.0,0.04302761093162988,30
C1_IV_X,24,2024-04-17,AUR,-0.0011907069012479874,1.0,0.04302761093162988,30
C1_IV_X,24,2024-04-19,AUR,-0.013464930688998969,1.0,0.04302761093162988,30
C1_IV_X,24,2024-04-22,AUR,0.0030475349082486293,1.0,0.04302761093162988,30
C1_IV_X,24,2024-04-23,AUR,-0.0075849450350251,1.0,0.04302761093162988,30
C1_IV_X,24,2024-04-24,AUR,0.00707226646456015,1.0,0.04302761093162988,30
C1_IV_X,24,2024-04-25,AUR,0.0004413125344352818,1.0,0.04302761093162988,30
C1_IV_X,24,2024-04-26,AUR,0.0022641898950913498,1.0,0.04302761093162988,30
C1_IV_X,24,2024-04-02,QAUR,-0.0017702563855767587,1.0,0.04302761093162988,30
C1_IV_X,24,2024-04-03,QAUR,-0.0026628589903705878,1.0,0.04302761093162988,30
C1_IV_X,24,2024-04-04,QAUR,0.0010078719684330387,1.0,0.04302761093162988,30
C1_IV_X,24,2024-04-05,QAUR,-0.0001466772631475992,1.0,0.04302761093162988,30
C1_IV_X,24,2024-04-08,QAUR,0.0014710977374005237,1.0,0.04302761093162988,30
C1_IV_X,24,2024-04-09,QAUR,-0.0032658825539441574,1.0,0.04302761093162988,30
C1_IV_X,24,2024-04-10,QAUR,0.0014628081462797191,1.0,0.04302761093162988,30
C1_IV_X,24,2024-04-11,QAUR,-0.004162702865888485,1.0,0.04302761093162988,30
C1_IV_X,24,2024-04-12,QAUR,0.0009145675137801694,1.0,0.04302761093162988,30
C1_IV_X,24,2024-04-15,QAUR,-0.007367260600579291,1.0,0.04302761093162988,30
C1_IV_X,24,2024-04-16,QAUR,-0.009607030123619381,1.0,0.04302761093162988,30
C1_IV_X,24,2024-04-17,QAUR,-0.0011907069012479874,1.0,0.04302761093162988,30
C1_IV_X,24,2024-04-19,QAUR,-0.013464930688998969,1.0,0.04302761093162988,30
C1_IV_X,24,2024-04-22,QAUR,0.0030475349082486293,1.0,0.04302761093162988,30
C1_IV_X,24,2024-04-23,QAUR,-0.0075849450350251,1.0,0.04302761093162988,30
C1_IV_X,24,2024-04-24,QAUR,0.00707226646456015,1.0,0.04302761093162988,30
C1_IV_X,24,2024-04-25,QAUR,0.0004413125344352818,1.0,0.04302761093162988,30
C1_IV_X,24,2024-04-26,QAUR,0.0022641898950913498,1.0,0.04302761093162988,30
C1_IV_X,25,2024-05-02,AUR,-0.0025,0.0,-0.044526337140654904,30
C1_IV_X,25,2024-05-03,AUR,0.0,0.0,-0.044526337140654904,30
C1_IV_X,25,2024-05-06,AUR,0.0,0.0,-0.044526337140654904,30
C1_IV_X,25,2024-05-07,AUR,0.0,0.0,-0.044526337140654904,30
C1_IV_X,25,2024-05-08,AUR,-0.0,0.0,-0.044526337140654904,30
C1_IV_X,25,2024-05-09,AUR,-0.0,0.0,-0.044526337140654904,30
C1_IV_X,25,2024-05-10,AUR,-0.0,0.0,-0.044526337140654904,30
C1_IV_X,25,2024-05-13,AUR,-0.0,0.0,-0.044526337140654904,30
C1_IV_X,25,2024-05-14,AUR,-0.0,0.0,-0.044526337140654904,30
C1_IV_X,25,2024-05-15,AUR,0.0,0.0,-0.044526337140654904,30
C1_IV_X,25,2024-05-16,AUR,0.0,0.0,-0.044526337140654904,30
C1_IV_X,25,2024-05-17,AUR,-0.0,0.0,-0.044526337140654904,30
C1_IV_X,25,2024-05-20,AUR,-0.0,0.0,-0.044526337140654904,30
C1_IV_X,25,2024-05-21,AUR,-0.0,0.0,-0.044526337140654904,30
C1_IV_X,25,2024-05-22,AUR,0.0,0.0,-0.044526337140654904,30
C1_IV_X,25,2024-05-23,AUR,0.0,0.0,-0.044526337140654904,30
C1_IV_X,25,2024-05-24,AUR,-0.0,0.0,-0.044526337140654904,30
C1_IV_X,25,2024-05-27,AUR,0.0,0.0,-0.044526337140654904,30
C1_IV_X,25,2024-05-28,AUR,0.0,0.0,-0.044526337140654904,30
C1_IV_X,25,2024-05-29,AUR,0.0,0.0,-0.044526337140654904,30
C1_IV_X,25,2024-05-30,AUR,-0.0,0.0,-0.044526337140654904,30
C1_IV_X,25,2024-05-31,AUR,-0.0,0.0,-0.044526337140654904,30
C1_IV_X,25,2024-05-02,QAUR,-0.0025,0.0,-0.044526337140654904,30
C1_IV_X,25,2024-05-03,QAUR,0.0,0.0,-0.044526337140654904,30
C1_IV_X,25,2024-05-06,QAUR,0.0,0.0,-0.044526337140654904,30
C1_IV_X,25,2024-05-07,QAUR,0.0,0.0,-0.044526337140654904,30
C1_IV_X,25,2024-05-08,QAUR,-0.0,0.0,-0.044526337140654904,30
C1_IV_X,25,2024-05-09,QAUR,-0.0,0.0,-0.044526337140654904,30
C1_IV_X,25,2024-05-10,QAUR,-0.0,0.0,-0.044526337140654904,30
C1_IV_X,25,2024-05-13,QAUR,-0.0,0.0,-0.044526337140654904,30
C1_IV_X,25,2024-05-14,QAUR,-0.0,0.0,-0.044526337140654904,30
C1_IV_X,25,2024-05-15,QAUR,0.0,0.0,-0.044526337140654904,30
C1_IV_X,25,2024-05-16,QAUR,0.0,0.0,-0.044526337140654904,30
C1_IV_X,25,2024-05-17,QAUR,-0.0,0.0,-0.044526337140654904,30
C1_IV_X,25,2024-05-20,QAUR,-0.0,0.0,-0.044526337140654904,30
C1_IV_X,25,2024-05-21,QAUR,-0.0,0.0,-0.044526337140654904,30
C1_IV_X,25,2024-05-22,QAUR,0.0,0.0,-0.044526337140654904,30
C1_IV_X,25,2024-05-23,QAUR,0.0,0.0,-0.044526337140654904,30
C1_IV_X,25,2024-05-24,QAUR,-0.0,0.0,-0.044526337140654904,30
C1_IV_X,25,2024-05-27,QAUR,0.0,0.0,-0.044526337140654904,30
C1_IV_X,25,2024-05-28,QAUR,0.0,0.0,-0.044526337140654904,30
C1_IV_X,25,2024-05-29,QAUR,0.0,0.0,-0.044526337140654904,30
C1_IV_X,25,2024-05-30,QAUR,-0.0,0.0,-0.044526337140654904,30
C1_IV_X,25,2024-05-31,QAUR,-0.0,0.0,-0.044526337140654904,30
C1_IV_X,26,2024-06-03,AUR,0.003441828510293786,1.0,0.05500683389223582,30
C1_IV_X,26,2024-06-04,AUR,0.005890632504187438,1.0,0.05500683389223582,30
C1_IV_X,26,2024-06-05,AUR,-0.0018288821385768596,1.0,0.05500683389223582,30
C1_IV_X,26,2024-06-06,AUR,0.0004457272303748696,1.0,0.05500683389223582,30
C1_IV_X,26,2024-06-07,AUR,0.0014389016614996123,1.0,0.05500683389223582,30
C1_IV_X,26,2024-06-10,AUR,0.000866647930382921,1.0,0.05500683389223582,30
C1_IV_X,26,2024-06-11,AUR,0.00080220612284395,1.0,0.05500683389223582,30
C1_IV_X,26,2024-06-12,AUR,0.005593561638313049,1.0,0.05500683389223582,30
C1_IV_X,26,2024-06-13,AUR,0.000310846899532243,1.0,0.05500683389223582,30
C1_IV_X,26,2024-06-14,AUR,0.0012217393593933943,1.0,0.05500683389223582,30
C1_IV_X,26,2024-06-17,AUR,-0.0014444574580979122,1.0,0.05500683389223582,30
C1_IV_X,26,2024-06-18,AUR,-0.00407942224587748,1.0,0.05500683389223582,30
C1_IV_X,26,2024-06-19,AUR,-0.0007013491121287663,1.0,0.05500683389223582,30
C1_IV_X,26,2024-06-20,AUR,0.0007850964141589624,1.0,0.05500683389223582,30
C1_IV_X,26,2024-06-21,AUR,0.014741491910005853,1.0,0.05500683389223582,30
C1_IV_X,26,2024-06-24,AUR,0.007036262746276738,1.0,0.05500683389223582,30
C1_IV_X,26,2024-06-25,AUR,-0.0058783148398695185,1.0,0.05500683389223582,30
C1_IV_X,26,2024-06-26,AUR,-0.0040771011033417185,1.0,0.05500683389223582,30
C1_IV_X,26,2024-06-27,AUR,0.00038540874414118656,1.0,0.05500683389223582,30
C1_IV_X,26,2024-06-28,AUR,-0.0012486918297641718,1.0,0.05500683389223582,30
C1_IV_X,26,2024-07-01,AUR,0.007071040658613555,1.0,0.05500683389223582,30
C1_IV_X,26,2024-06-03,QAUR,0.003441828510293786,1.0,0.05500683389223582,30
C1_IV_X,26,2024-06-04,QAUR,0.005890632504187438,1.0,0.05500683389223582,30
C1_IV_X,26,2024-06-05,QAUR,-0.0018288821385768596,1.0,0.05500683389223582,30
C1_IV_X,26,2024-06-06,QAUR,0.0004457272303748696,1.0,0.05500683389223582,30
C1_IV_X,26,2024-06-07,QAUR,0.0014389016614996123,1.0,0.05500683389223582,30
C1_IV_X,26,2024-06-10,QAUR,0.000866647930382921,1.0,0.05500683389223582,30
C1_IV_X,26,2024-06-11,QAUR,0.00080220612284395,1.0,0.05500683389223582,30
C1_IV_X,26,2024-06-12,QAUR,0.005593561638313049,1.0,0.05500683389223582,30
C1_IV_X,26,2024-06-13,QAUR,0.000310846899532243,1.0,0.05500683389223582,30
C1_IV_X,26,2024-06-14,QAUR,0.0012217393593933943,1.0,0.05500683389223582,30
C1_IV_X,26,2024-06-17,QAUR,-0.0014444574580979122,1.0,0.05500683389223582,30
C1_IV_X,26,2024-06-18,QAUR,-0.00407942224587748,1.0,0.05500683389223582,30
C1_IV_X,26,2024-06-19,QAUR,-0.0007013491121287663,1.0,0.05500683389223582,30
C1_IV_X,26,2024-06-20,QAUR,0.0007850964141589624,1.0,0.05500683389223582,30
C1_IV_X,26,2024-06-21,QAUR,0.014741491910005853,1.0,0.05500683389223582,30
C1_IV_X,26,2024-06-24,QAUR,0.007036262746276738,1.0,0.05500683389223582,30
C1_IV_X,26,2024-06-25,QAUR,-0.0058783148398695185,1.0,0.05500683389223582,30
C1_IV_X,26,2024-06-26,QAUR,-0.0040771011033417185,1.0,0.05500683389223582,30
C1_IV_X,26,2024-06-27,QAUR,0.00038540874414118656,1.0,0.05500683389223582,30
C1_IV_X,26,2024-06-28,QAUR,-0.0012486918297641718,1.0,0.05500683389223582,30
C1_IV_X,26,2024-07-01,QAUR,0.007071040658613555,1.0,0.05500683389223582,30
C1_IV_X,27,2024-07-02,AUR,0.005941418656191117,1.0,0.024261994919728913,30
C1_IV_X,27,2024-07-03,AUR,0.0036244685648165733,1.0,0.024261994919728913,30
C1_IV_X,27,2024-07-04,AUR,-0.0038668677165226172,1.0,0.024261994919728913,30
C1_IV_X,27,2024-07-05,AUR,-0.0004204571247231753,1.0,0.024261994919728913,30
C1_IV_X,27,2024-07-08,AUR,-0.0012433022475609292,1.0,0.024261994919728913,30
C1_IV_X,27,2024-07-09,AUR,0.0036934760868630456,1.0,0.024261994919728913,30
C1_IV_X,27,2024-07-10,AUR,0.0033043523373651757,1.0,0.024261994919728913,30
C1_IV_X,27,2024-07-11,AUR,-0.0033612284470894913,1.0,0.024261994919728913,30
C1_IV_X,27,2024-07-12,AUR,0.0015109105449202086,1.0,0.024261994919728913,30
C1_IV_X,27,2024-07-15,AUR,0.009439661837349279,1.0,0.024261994919728913,30
C1_IV_X,27,2024-07-16,AUR,0.0024840154234545297,1.0,0.024261994919728913,30
C1_IV_X,27,2024-07-17,AUR,-0.0019066549192582236,1.0,0.024261994919728913,30
C1_IV_X,27,2024-07-18,AUR,0.0024922784199448277,1.0,0.024261994919728913,30
C1_IV_X,27,2024-07-19,AUR,-0.0026409127328587425,1.0,0.024261994919728913,30
C1_IV_X,27,2024-07-22,AUR,-9.404120093714366e-05,1.0,0.024261994919728913,30
C1_IV_X,27,2024-07-23,AUR,-0.007264762469907333,1.0,0.024261994919728913,30
C1_IV_X,27,2024-07-24,AUR,0.002389761013251926,1.0,0.024261994919728913,30
C1_IV_X,27,2024-07-25,AUR,-0.0029665001694374068,1.0,0.024261994919728913,30
C1_IV_X,27,2024-07-26,AUR,-0.00015485324071388488,1.0,0.024261994919728913,30
C1_IV_X,27,2024-07-29,AUR,0.0024938397445303574,1.0,0.024261994919728913,30
C1_IV_X,27,2024-07-30,AUR,-0.0014864457196678159,1.0,0.024261994919728913,30
C1_IV_X,27,2024-07-31,AUR,0.002289138298385176,1.0,0.024261994919728913,30
C1_IV_X,27,2024-08-01,AUR,-0.0009941032326765192,1.0,0.024261994919728913,30
C1_IV_X,27,2024-07-02,QAUR,0.005941418656191117,1.0,0.024261994919728913,30
C1_IV_X,27,2024-07-03,QAUR,0.0036244685648165733,1.0,0.024261994919728913,30
C1_IV_X,27,2024-07-04,QAUR,-0.0038668677165226172,1.0,0.024261994919728913,30
C1_IV_X,27,2024-07-05,QAUR,-0.0004204571247231753,1.0,0.024261994919728913,30
C1_IV_X,27,2024-07-08,QAUR,-0.0012433022475609292,1.0,0.024261994919728913,30
C1_IV_X,27,2024-07-09,QAUR,0.0036934760868630456,1.0,0.024261994919728913,30
C1_IV_X,27,2024-07-10,QAUR,0.0033043523373651757,1.0,0.024261994919728913,30
C1_IV_X,27,2024-07-11,QAUR,-0.0033612284470894913,1.0,0.024261994919728913,30
C1_IV_X,27,2024-07-12,QAUR,0.0015109105449202086,1.0,0.024261994919728913,30
C1_IV_X,27,2024-07-15,QAUR,0.009439661837349279,1.0,0.024261994919728913,30
C1_IV_X,27,2024-07-16,QAUR,0.0024840154234545297,1.0,0.024261994919728913,30
C1_IV_X,27,2024-07-17,QAUR,-0.0019066549192582236,1.0,0.024261994919728913,30
C1_IV_X,27,2024-07-18,QAUR,0.0024922784199448277,1.0,0.024261994919728913,30
C1_IV_X,27,2024-07-19,QAUR,-0.0026409127328587425,1.0,0.024261994919728913,30
C1_IV_X,27,2024-07-22,QAUR,-9.404120093714366e-05,1.0,0.024261994919728913,30
C1_IV_X,27,2024-07-23,QAUR,-0.007264762469907333,1.0,0.024261994919728913,30
C1_IV_X,27,2024-07-24,QAUR,0.002389761013251926,1.0,0.024261994919728913,30
C1_IV_X,27,2024-07-25,QAUR,-0.0029665001694374068,1.0,0.024261994919728913,30
C1_IV_X,27,2024-07-26,QAUR,-0.00015485324071388488,1.0,0.024261994919728913,30
C1_IV_X,27,2024-07-29,QAUR,0.0024938397445303574,1.0,0.024261994919728913,30
C1_IV_X,27,2024-07-30,QAUR,-0.0014864457196678159,1.0,0.024261994919728913,30
C1_IV_X,27,2024-07-31,QAUR,0.002289138298385176,1.0,0.024261994919728913,30
C1_IV_X,27,2024-08-01,QAUR,-0.0009941032326765192,1.0,0.024261994919728913,30
C1_IV_X,28,2024-08-02,AUR,-0.0025,0.0,-0.06360496767309076,30
C1_IV_X,28,2024-08-05,AUR,-0.0,0.0,-0.06360496767309076,30
C1_IV_X,28,2024-08-06,AUR,0.0,0.0,-0.06360496767309076,30
C1_IV_X,28,2024-08-07,AUR,0.0,0.0,-0.06360496767309076,30
C1_IV_X,28,2024-08-08,AUR,-0.0,0.0,-0.06360496767309076,30
C1_IV_X,28,2024-08-09,AUR,0.0,0.0,-0.06360496767309076,30
C1_IV_X,28,2024-08-12,AUR,0.0,0.0,-0.06360496767309076,30
C1_IV_X,28,2024-08-13,AUR,0.0,0.0,-0.06360496767309076,30
C1_IV_X,28,2024-08-14,AUR,-0.0,0.0,-0.06360496767309076,30
C1_IV_X,28,2024-08-15,AUR,0.0,0.0,-0.06360496767309076,30
C1_IV_X,28,2024-08-16,AUR,0.0,0.0,-0.06360496767309076,30
C1_IV_X,28,2024-08-19,AUR,0.0,0.0,-0.06360496767309076,30
C1_IV_X,28,2024-08-20,AUR,0.0,0.0,-0.06360496767309076,30
C1_IV_X,28,2024-08-21,AUR,0.0,0.0,-0.06360496767309076,30
C1_IV_X,28,2024-08-22,AUR,0.0,0.0,-0.06360496767309076,30
C1_IV_X,28,2024-08-23,AUR,-0.0,0.0,-0.06360496767309076,30
C1_IV_X,28,2024-08-26,AUR,0.0,0.0,-0.06360496767309076,30
C1_IV_X,28,2024-08-27,AUR,0.0,0.0,-0.06360496767309076,30
C1_IV_X,28,2024-08-28,AUR,0.0,0.0,-0.06360496767309076,30
C1_IV_X,28,2024-08-29,AUR,0.0,0.0,-0.06360496767309076,30
C1_IV_X,28,2024-08-30,AUR,0.0,0.0,-0.06360496767309076,30
C1_IV_X,28,2024-08-02,QAUR,-0.0025,0.0,-0.06360496767309076,30
C1_IV_X,28,2024-08-05,QAUR,-0.0,0.0,-0.06360496767309076,30
C1_IV_X,28,2024-08-06,QAUR,0.0,0.0,-0.06360496767309076,30
C1_IV_X,28,2024-08-07,QAUR,0.0,0.0,-0.06360496767309076,30
C1_IV_X,28,2024-08-08,QAUR,-0.0,0.0,-0.06360496767309076,30
C1_IV_X,28,2024-08-09,QAUR,0.0,0.0,-0.06360496767309076,30
C1_IV_X,28,2024-08-12,QAUR,0.0,0.0,-0.06360496767309076,30
C1_IV_X,28,2024-08-13,QAUR,0.0,0.0,-0.06360496767309076,30
C1_IV_X,28,2024-08-14,QAUR,-0.0,0.0,-0.06360496767309076,30
C1_IV_X,28,2024-08-15,QAUR,0.0,0.0,-0.06360496767309076,30
C1_IV_X,28,2024-08-16,QAUR,0.0,0.0,-0.06360496767309076,30
C1_IV_X,28,2024-08-19,QAUR,0.0,0.0,-0.06360496767309076,30
C1_IV_X,28,2024-08-20,QAUR,0.0,0.0,-0.06360496767309076,30
C1_IV_X,28,2024-08-21,QAUR,0.0,0.0,-0.06360496767309076,30
C1_IV_X,28,2024-08-22,QAUR,0.0,0.0,-0.06360496767309076,30
C1_IV_X,28,2024-08-23,QAUR,-0.0,0.0,-0.06360496767309076,30
C1_IV_X,28,2024-08-26,QAUR,0.0,0.0,-0.06360496767309076,30
C1_IV_X,28,2024-08-27,QAUR,0.0,0.0,-0.06360496767309076,30
C1_IV_X,28,2024-08-28,QAUR,0.0,0.0,-0.06360496767309076,30
C1_IV_X,28,2024-08-29,QAUR,0.0,0.0,-0.06360496767309076,30
C1_IV_X,28,2024-08-30,QAUR,0.0,0.0,-0.06360496767309076,30
C1_IV_X,29,2024-09-04,AUR,-0.0,0.0,-0.042160670007913126,30
C1_IV_X,29,2024-09-05,AUR,0.0,0.0,-0.042160670007913126,30
C1_IV_X,29,2024-09-06,AUR,0.0,0.0,-0.042160670007913126,30
C1_IV_X,29,2024-09-09,AUR,-0.0,0.0,-0.042160670007913126,30
C1_IV_X,29,2024-09-10,AUR,-0.0,0.0,-0.042160670007913126,30
C1_IV_X,29,2024-09-11,AUR,0.0,0.0,-0.042160670007913126,30
C1_IV_X,29,2024-09-12,AUR,0.0,0.0,-0.042160670007913126,30
C1_IV_X,29,2024-09-13,AUR,0.0,0.0,-0.042160670007913126,30
C1_IV_X,29,2024-09-16,AUR,-0.0,0.0,-0.042160670007913126,30
C1_IV_X,29,2024-09-17,AUR,0.0,0.0,-0.042160670007913126,30
C1_IV_X,29,2024-09-18,AUR,0.0,0.0,-0.042160670007913126,30
C1_IV_X,29,2024-09-19,AUR,0.0,0.0,-0.042160670007913126,30
C1_IV_X,29,2024-09-20,AUR,0.0,0.0,-0.042160670007913126,30
C1_IV_X,29,2024-09-23,AUR,-0.0,0.0,-0.042160670007913126,30
C1_IV_X,29,2024-09-24,AUR,0.0,0.0,-0.042160670007913126,30
C1_IV_X,29,2024-09-25,AUR,0.0,0.0,-0.042160670007913126,30
C1_IV_X,29,2024-09-26,AUR,-0.0,0.0,-0.042160670007913126,30
C1_IV_X,29,2024-09-27,AUR,0.0,0.0,-0.042160670007913126,30
C1_IV_X,29,2024-09-30,AUR,-0.0,0.0,-0.042160670007913126,30
C1_IV_X,29,2024-10-01,AUR,0.0,0.0,-0.042160670007913126,30
C1_IV_X,29,2024-09-04,QAUR,-0.0,0.0,-0.042160670007913126,30
C1_IV_X,29,2024-09-05,QAUR,0.0,0.0,-0.042160670007913126,30
C1_IV_X,29,2024-09-06,QAUR,0.0,0.0,-0.042160670007913126,30
C1_IV_X,29,2024-09-09,QAUR,-0.0,0.0,-0.042160670007913126,30
C1_IV_X,29,2024-09-10,QAUR,-0.0,0.0,-0.042160670007913126,30
C1_IV_X,29,2024-09-11,QAUR,0.0,0.0,-0.042160670007913126,30
C1_IV_X,29,2024-09-12,QAUR,0.0,0.0,-0.042160670007913126,30
C1_IV_X,29,2024-09-13,QAUR,0.0,0.0,-0.042160670007913126,30
C1_IV_X,29,2024-09-16,QAUR,-0.0,0.0,-0.042160670007913126,30
C1_IV_X,29,2024-09-17,QAUR,0.0,0.0,-0.042160670007913126,30
C1_IV_X,29,2024-09-18,QAUR,0.0,0.0,-0.042160670007913126,30
C1_IV_X,29,2024-09-19,QAUR,0.0,0.0,-0.042160670007913126,30
C1_IV_X,29,2024-09-20,QAUR,0.0,0.0,-0.042160670007913126,30
C1_IV_X,29,2024-09-23,QAUR,-0.0,0.0,-0.042160670007913126,30
C1_IV_X,29,2024-09-24,QAUR,0.0,0.0,-0.042160670007913126,30
C1_IV_X,29,2024-09-25,QAUR,0.0,0.0,-0.042160670007913126,30
C1_IV_X,29,2024-09-26,QAUR,-0.0,0.0,-0.042160670007913126,30
C1_IV_X,29,2024-09-27,QAUR,0.0,0.0,-0.042160670007913126,30
C1_IV_X,29,2024-09-30,QAUR,-0.0,0.0,-0.042160670007913126,30
C1_IV_X,29,2024-10-01,QAUR,0.0,0.0,-0.042160670007913126,30
C1_IV_X,30,2024-10-02,AUR,-0.003634492099628975,1.0,0.00938647198194209,30
C1_IV_X,30,2024-10-03,AUR,0.001647890639638324,1.0,0.00938647198194209,30
C1_IV_X,30,2024-10-04,AUR,-0.0029457288514069336,1.0,0.00938647198194209,30
C1_IV_X,30,2024-10-07,AUR,-0.0023096860288620144,1.0,0.00938647198194209,30
C1_IV_X,30,2024-10-08,AUR,-0.0009373987702896826,1.0,0.00938647198194209,30
C1_IV_X,30,2024-10-09,AUR,-0.00024252263722338583,1.0,0.00938647198194209,30
C1_IV_X,30,2024-10-10,AUR,0.0026950906520725624,1.0,0.00938647198194209,30
C1_IV_X,30,2024-10-11,AUR,0.0037681479423361582,1.0,0.00938647198194209,30
C1_IV_X,30,2024-10-14,AUR,-0.002291382613468412,1.0,0.00938647198194209,30
C1_IV_X,30,2024-10-15,AUR,-0.0018946432784145758,1.0,0.00938647198194209,30
C1_IV_X,30,2024-10-16,AUR,-0.0008686328875310399,1.0,0.00938647198194209,30
C1_IV_X,30,2024-10-17,AUR,0.003987555661151649,1.0,0.00938647198194209,30
C1_IV_X,30,2024-10-18,AUR,0.00960886908282279,1.0,0.00938647198194209,30
C1_IV_X,30,2024-10-21,AUR,-0.010252990401619304,1.0,0.00938647198194209,30
C1_IV_X,30,2024-10-22,AUR,-0.0023089940115876817,1.0,0.00938647198194209,30
C1_IV_X,30,2024-10-23,AUR,0.003507611141537294,1.0,0.00938647198194209,30
C1_IV_X,30,2024-10-24,AUR,-0.000844995873707645,1.0,0.00938647198194209,30
C1_IV_X,30,2024-10-25,AUR,-0.004267872095969303,1.0,0.00938647198194209,30
C1_IV_X,30,2024-10-28,AUR,0.0030741876091471276,1.0,0.00938647198194209,30
C1_IV_X,30,2024-10-29,AUR,-0.0020771960260544315,1.0,0.00938647198194209,30
C1_IV_X,30,2024-10-30,AUR,0.0038667219861888077,1.0,0.00938647198194209,30
C1_IV_X,30,2024-10-31,AUR,0.0024508890681460707,1.0,0.00938647198194209,30
C1_IV_X,30,2024-11-01,AUR,-0.0016614749262305367,1.0,0.00938647198194209,30
C1_IV_X,30,2024-10-02,QAUR,-0.003634492099628975,1.0,0.00938647198194209,30
C1_IV_X,30,2024-10-03,QAUR,0.001647890639638324,1.0,0.00938647198194209,30
C1_IV_X,30,2024-10-04,QAUR,-0.0029457288514069336,1.0,0.00938647198194209,30
C1_IV_X,30,2024-10-07,QAUR,-0.0023096860288620144,1.0,0.00938647198194209,30
C1_IV_X,30,2024-10-08,QAUR,-0.0009373987702896826,1.0,0.00938647198194209,30
C1_IV_X,30,2024-10-09,QAUR,-0.00024252263722338583,1.0,0.00938647198194209,30
C1_IV_X,30,2024-10-10,QAUR,0.0026950906520725624,1.0,0.00938647198194209,30
C1_IV_X,30,2024-10-11,QAUR,0.0037681479423361582,1.0,0.00938647198194209,30
C1_IV_X,30,2024-10-14,QAUR,-0.002291382613468412,1.0,0.00938647198194209,30
C1_IV_X,30,2024-10-15,QAUR,-0.0018946432784145758,1.0,0.00938647198194209,30
C1_IV_X,30,2024-10-16,QAUR,-0.0008686328875310399,1.0,0.00938647198194209,30
C1_IV_X,30,2024-10-17,QAUR,0.003987555661151649,1.0,0.00938647198194209,30
C1_IV_X,30,2024-10-18,QAUR,0.00960886908282279,1.0,0.00938647198194209,30
C1_IV_X,30,2024-10-21,QAUR,-0.010252990401619304,1.0,0.00938647198194209,30
C1_IV_X,30,2024-10-22,QAUR,-0.0023089940115876817,1.0,0.00938647198194209,30
C1_IV_X,30,2024-10-23,QAUR,0.003507611141537294,1.0,0.00938647198194209,30
C1_IV_X,30,2024-10-24,QAUR,-0.000844995873707645,1.0,0.00938647198194209,30
C1_IV_X,30,2024-10-25,QAUR,-0.004267872095969303,1.0,0.00938647198194209,30
C1_IV_X,30,2024-10-28,QAUR,0.0030741876091471276,1.0,0.00938647198194209,30
C1_IV_X,30,2024-10-29,QAUR,-0.0020771960260544315,1.0,0.00938647198194209,30
C1_IV_X,30,2024-10-30,QAUR,0.0038667219861888077,1.0,0.00938647198194209,30
C1_IV_X,30,2024-10-31,QAUR,0.0024508890681460707,1.0,0.00938647198194209,30
C1_IV_X,30,2024-11-01,QAUR,-0.0016614749262305367,1.0,0.00938647198194209,30
C1_IV_X,31,2024-11-04,AUR,-0.006633893842213438,1.0,0.005396174323750946,30
C1_IV_X,31,2024-11-05,AUR,-1.4263524679831248e-05,1.0,0.005396174323750946,30
C1_IV_X,31,2024-11-06,AUR,0.0018794694472946045,1.0,0.005396174323750946,30
C1_IV_X,31,2024-11-07,AUR,0.0019295008899191106,1.0,0.005396174323750946,30
C1_IV_X,31,2024-11-08,AUR,-0.003925255342687314,1.0,0.005396174323750946,30
C1_IV_X,31,2024-11-11,AUR,0.0007250285422493542,1.0,0.005396174323750946,30
C1_IV_X,31,2024-11-12,AUR,-0.0017807321803046561,1.0,0.005396174323750946,30
C1_IV_X,31,2024-11-13,AUR,1.0341486681232507e-05,1.0,0.005396174323750946,30
C1_IV_X,31,2024-11-14,AUR,-0.002915503709598254,1.0,0.005396174323750946,30
C1_IV_X,31,2024-11-15,AUR,-0.007083960462916776,1.0,0.005396174323750946,30
C1_IV_X,31,2024-11-18,AUR,-0.002978637399956331,1.0,0.005396174323750946,30
C1_IV_X,31,2024-11-19,AUR,-0.0010813445806821136,1.0,0.005396174323750946,30
C1_IV_X,31,2024-11-20,AUR,0.0034276927683401645,1.0,0.005396174323750946,30
C1_IV_X,31,2024-11-21,AUR,0.00036192568428788485,1.0,0.005396174323750946,30
C1_IV_X,31,2024-11-22,AUR,0.000732754837121465,1.0,0.005396174323750946,30
C1_IV_X,31,2024-11-25,AUR,0.004438003385927974,1.0,0.005396174323750946,30
C1_IV_X,31,2024-11-26,AUR,0.003735689211389758,1.0,0.005396174323750946,30
C1_IV_X,31,2024-11-27,AUR,0.0006044444159485065,1.0,0.005396174323750946,30
C1_IV_X,31,2024-11-28,AUR,0.0007655691282511621,1.0,0.005396174323750946,30
C1_IV_X,31,2024-11-29,AUR,0.008841593775708145,1.0,0.005396174323750946,30
C1_IV_X,31,2024-11-04,QAUR,-0.006633893842213438,1.0,0.005396174323750946,30
C1_IV_X,31,2024-11-05,QAUR,-1.4263524679831248e-05,1.0,0.005396174323750946,30
C1_IV_X,31,2024-11-06,QAUR,0.0018794694472946045,1.0,0.005396174323750946,30
C1_IV_X,31,2024-11-07,QAUR,0.0019295008899191106,1.0,0.005396174323750946,30
C1_IV_X,31,2024-11-08,QAUR,-0.003925255342687314,1.0,0.005396174323750946,30
C1_IV_X,31,2024-11-11,QAUR,0.0007250285422493542,1.0,0.005396174323750946,30
C1_IV_X,31,2024-11-12,QAUR,-0.0017807321803046561,1.0,0.005396174323750946,30
C1_IV_X,31,2024-11-13,QAUR,1.0341486681232507e-05,1.0,0.005396174323750946,30
C1_IV_X,31,2024-11-14,QAUR,-0.002915503709598254,1.0,0.005396174323750946,30
C1_IV_X,31,2024-11-15,QAUR,-0.007083960462916776,1.0,0.005396174323750946,30
C1_IV_X,31,2024-11-18,QAUR,-0.002978637399956331,1.0,0.005396174323750946,30
C1_IV_X,31,2024-11-19,QAUR,-0.0010813445806821136,1.0,0.005396174323750946,30
C1_IV_X,31,2024-11-20,QAUR,0.0034276927683401645,1.0,0.005396174323750946,30
C1_IV_X,31,2024-11-21,QAUR,0.00036192568428788485,1.0,0.005396174323750946,30
C1_IV_X,31,2024-11-22,QAUR,0.000732754837121465,1.0,0.005396174323750946,30
C1_IV_X,31,2024-11-25,QAUR,0.004438003385927974,1.0,0.005396174323750946,30
C1_IV_X,31,2024-11-26,QAUR,0.003735689211389758,1.0,0.005396174323750946,30
C1_IV_X,31,2024-11-27,QAUR,0.0006044444159485065,1.0,0.005396174323750946,30
C1_IV_X,31,2024-11-28,QAUR,0.0007655691282511621,1.0,0.005396174323750946,30
C1_IV_X,31,2024-11-29,QAUR,0.008841593775708145,1.0,0.005396174323750946,30
C1_IV_X,32,2024-12-02,AUR,0.004188205096775601,1.0,0.010980076795036542,30
C1_IV_X,32,2024-12-03,AUR,-0.0016966714799182773,1.0,0.010980076795036542,30
C1_IV_X,32,2024-12-04,AUR,-0.001003513894482982,1.0,0.010980076795036542,30
C1_IV_X,32,2024-12-05,AUR,0.0047686934429254785,1.0,0.010980076795036542,30
C1_IV_X,32,2024-12-06,AUR,-0.00055815389295753,1.0,0.010980076795036542,30
C1_IV_X,32,2024-12-09,AUR,0.0021138441262117964,1.0,0.010980076795036542,30
C1_IV_X,32,2024-12-10,AUR,0.0010921706616027465,1.0,0.010980076795036542,30
C1_IV_X,32,2024-12-11,AUR,-0.0026060440377583052,1.0,0.010980076795036542,30
C1_IV_X,32,2024-12-12,AUR,-0.0008807001550679188,1.0,0.010980076795036542,30
C1_IV_X,32,2024-12-13,AUR,-0.001590194819069949,1.0,0.010980076795036542,30
C1_IV_X,32,2024-12-16,AUR,0.001202271978230782,1.0,0.010980076795036542,30
C1_IV_X,32,2024-12-17,AUR,0.0006716366450774623,1.0,0.010980076795036542,30
C1_IV_X,32,2024-12-18,AUR,0.0033185409341440456,1.0,0.010980076795036542,30
C1_IV_X,32,2024-12-19,AUR,-0.003961275917415226,1.0,0.010980076795036542,30
C1_IV_X,32,2024-12-20,AUR,0.0021545447067588975,1.0,0.010980076795036542,30
C1_IV_X,32,2024-12-23,AUR,0.004834321322537804,1.0,0.010980076795036542,30
C1_IV_X,32,2024-12-24,AUR,0.0008233400112496504,1.0,0.010980076795036542,30
C1_IV_X,32,2024-12-25,AUR,0.004116518327138253,1.0,0.010980076795036542,30
C1_IV_X,32,2024-12-26,AUR,0.0006132802722870867,1.0,0.010980076795036542,30
C1_IV_X,32,2024-12-27,AUR,-0.0013394023330283973,1.0,0.010980076795036542,30
C1_IV_X,32,2024-12-30,AUR,-0.002814084408669996,1.0,0.010980076795036542,30
C1_IV_X,32,2024-12-31,AUR,0.010963240595820975,1.0,0.010980076795036542,30
C1_IV_X,32,2024-12-02,QAUR,0.004188205096775601,1.0,0.010980076795036542,30
C1_IV_X,32,2024-12-03,QAUR,-0.0016966714799182773,1.0,0.010980076795036542,30
C1_IV_X,32,2024-12-04,QAUR,-0.001003513894482982,1.0,0.010980076795036542,30
C1_IV_X,32,2024-12-05,QAUR,0.0047686934429254785,1.0,0.010980076795036542,30
C1_IV_X,32,2024-12-06,QAUR,-0.00055815389295753,1.0,0.010980076795036542,30
C1_IV_X,32,2024-12-09,QAUR,0.0021138441262117964,1.0,0.010980076795036542,30
C1_IV_X,32,2024-12-10,QAUR,0.0010921706616027465,1.0,0.010980076795036542,30
C1_IV_X,32,2024-12-11,QAUR,-0.0026060440377583052,1.0,0.010980076795036542,30
C1_IV_X,32,2024-12-12,QAUR,-0.0008807001550679188,1.0,0.010980076795036542,30
C1_IV_X,32,2024-12-13,QAUR,-0.001590194819069949,1.0,0.010980076795036542,30
C1_IV_X,32,2024-12-16,QAUR,0.001202271978230782,1.0,0.010980076795036542,30
C1_IV_X,32,2024-12-17,QAUR,0.0006716366450774623,1.0,0.010980076795036542,30
C1_IV_X,32,2024-12-18,QAUR,0.0033185409341440456,1.0,0.010980076795036542,30
C1_IV_X,32,2024-12-19,QAUR,-0.003961275917415226,1.0,0.010980076795036542,30
C1_IV_X,32,2024-12-20,QAUR,0.0021545447067588975,1.0,0.010980076795036542,30
C1_IV_X,32,2024-12-23,QAUR,0.004834321322537804,1.0,0.010980076795036542,30
C1_IV_X,32,2024-12-24,QAUR,0.0008233400112496504,1.0,0.010980076795036542,30
C1_IV_X,32,2024-12-25,QAUR,0.004116518327138253,1.0,0.010980076795036542,30
C1_IV_X,32,2024-12-26,QAUR,0.0006132802722870867,1.0,0.010980076795036542,30
C1_IV_X,32,2024-12-27,QAUR,-0.0013394023330283973,1.0,0.010980076795036542,30
C1_IV_X,32,2024-12-30,QAUR,-0.002814084408669996,1.0,0.010980076795036542,30
C1_IV_X,32,2024-12-31,QAUR,0.010963240595820975,1.0,0.010980076795036542,30
C1_IV_X,33,2025-01-02,AUR,-0.0013639388413958725,1.0,0.0580317290338046,30
C1_IV_X,33,2025-01-03,AUR,-0.0052756244038653175,1.0,0.0580317290338046,30
C1_IV_X,33,2025-01-06,AUR,0.004779400613535729,1.0,0.0580317290338046,30
C1_IV_X,33,2025-01-07,AUR,-0.0009481564247875287,1.0,0.0580317290338046,30
C1_IV_X,33,2025-01-08,AUR,0.0008814612091661362,1.0,0.0580317290338046,30
C1_IV_X,33,2025-01-09,AUR,-0.0006711629806085016,1.0,0.0580317290338046,30
C1_IV_X,33,2025-01-10,AUR,-0.007528847533559931,1.0,0.0580317290338046,30
C1_IV_X,33,2025-01-13,AUR,0.0003995490850631628,1.0,0.0580317290338046,30
C1_IV_X,33,2025-01-14,AUR,-0.0007126009846324027,1.0,0.0580317290338046,30
C1_IV_X,33,2025-01-15,AUR,0.0010043973683964411,1.0,0.0580317290338046,30
C1_IV_X,33,2025-01-16,AUR,0.005014362434558085,1.0,0.0580317290338046,30
C1_IV_X,33,2025-01-17,AUR,-0.0003687151284217466,1.0,0.0580317290338046,30
C1_IV_X,33,2025-01-20,AUR,-0.0012632539867894594,1.0,0.0580317290338046,30
C1_IV_X,33,2025-01-21,AUR,0.0034831876689211633,1.0,0.0580317290338046,30
C1_IV_X,33,2025-01-22,AUR,0.0018786265596877493,1.0,0.0580317290338046,30
C1_IV_X,33,2025-01-23,AUR,0.0031366558909274866,1.0,0.0580317290338046,30
C1_IV_X,33,2025-01-24,AUR,0.0021390318498757236,1.0,0.0580317290338046,30
C1_IV_X,33,2025-01-02,QAUR,-0.0013639388413958725,1.0,0.0580317290338046,30
C1_IV_X,33,2025-01-03,QAUR,-0.0052756244038653175,1.0,0.0580317290338046,30
C1_IV_X,33,2025-01-06,QAUR,0.004779400613535729,1.0,0.0580317290338046,30
C1_IV_X,33,2025-01-07,QAUR,-0.0009481564247875287,1.0,0.0580317290338046,30
C1_IV_X,33,2025-01-08,QAUR,0.0008814612091661362,1.0,0.0580317290338046,30
C1_IV_X,33,2025-01-09,QAUR,-0.0006711629806085016,1.0,0.0580317290338046,30
C1_IV_X,33,2025-01-10,QAUR,-0.007528847533559931,1.0,0.0580317290338046,30
C1_IV_X,33,2025-01-13,QAUR,0.0003995490850631628,1.0,0.0580317290338046,30
C1_IV_X,33,2025-01-14,QAUR,-0.0007126009846324027,1.0,0.0580317290338046,30
C1_IV_X,33,2025-01-15,QAUR,0.0010043973683964411,1.0,0.0580317290338046,30
C1_IV_X,33,2025-01-16,QAUR,0.005014362434558085,1.0,0.0580317290338046,30
C1_IV_X,33,2025-01-17,QAUR,-0.0003687151284217466,1.0,0.0580317290338046,30
C1_IV_X,33,2025-01-20,QAUR,-0.0012632539867894594,1.0,0.0580317290338046,30
C1_IV_X,33,2025-01-21,QAUR,0.0034831876689211633,1.0,0.0580317290338046,30
C1_IV_X,33,2025-01-22,QAUR,0.0018786265596877493,1.0,0.0580317290338046,30
C1_IV_X,33,2025-01-23,QAUR,0.0031366558909274866,1.0,0.0580317290338046,30
C1_IV_X,33,2025-01-24,QAUR,0.0021390318498757236,1.0,0.0580317290338046,30
C1_IV_X,34,2025-02-03,AUR,-0.007077228522563487,1.0,0.008645211830568877,30
C1_IV_X,34,2025-02-04,AUR,-0.0006165361540103925,1.0,0.008645211830568877,30
C1_IV_X,34,2025-02-05,AUR,0.001989184643743803,1.0,0.008645211830568877,30
C1_IV_X,34,2025-02-06,AUR,0.0026874867049400827,1.0,0.008645211830568877,30
C1_IV_X,34,2025-02-07,AUR,-0.0020493866182100216,1.0,0.008645211830568877,30
C1_IV_X,34,2025-02-10,AUR,-0.003772781093945309,1.0,0.008645211830568877,30
C1_IV_X,34,2025-02-11,AUR,-0.0018539134835580291,1.0,0.008645211830568877,30
C1_IV_X,34,2025-02-12,AUR,-0.00046849818170253916,1.0,0.008645211830568877,30
C1_IV_X,34,2025-02-13,AUR,0.005860459247337254,1.0,0.008645211830568877,30
C1_IV_X,34,2025-02-14,AUR,0.0031879987337155974,1.0,0.008645211830568877,30
C1_IV_X,34,2025-02-17,AUR,0.00013957426435698452,1.0,0.008645211830568877,30
C1_IV_X,34,2025-02-18,AUR,-0.0009876422699375785,1.0,0.008645211830568877,30
C1_IV_X,34,2025-02-19,AUR,0.007597500908471653,1.0,0.008645211830568877,30
C1_IV_X,34,2025-02-20,AUR,0.0018345866003902451,1.0,0.008645211830568877,30
C1_IV_X,34,2025-02-21,AUR,0.011702101080591954,1.0,0.008645211830568877,30
C1_IV_X,34,2025-02-24,AUR,0.002225151552833993,1.0,0.008645211830568877,30
C1_IV_X,34,2025-02-25,AUR,-0.004625258975647261,1.0,0.008645211830568877,30
C1_IV_X,34,2025-02-26,AUR,0.0024579065386503003,1.0,0.008645211830568877,30
C1_IV_X,34,2025-02-27,AUR,0.007018430986372092,1.0,0.008645211830568877,30
C1_IV_X,34,2025-02-28,AUR,-0.004953115705561819,1.0,0.008645211830568877,30
C1_IV_X,34,2025-02-03,QAUR,-0.007077228522563487,1.0,0.008645211830568877,30
C1_IV_X,34,2025-02-04,QAUR,-0.0006165361540103925,1.0,0.008645211830568877,30
C1_IV_X,34,2025-02-05,QAUR,0.001989184643743803,1.0,0.008645211830568877,30
C1_IV_X,34,2025-02-06,QAUR,0.0026874867049400827,1.0,0.008645211830568877,30
C1_IV_X,34,2025-02-07,QAUR,-0.0020493866182100216,1.0,0.008645211830568877,30
C1_IV_X,34,2025-02-10,QAUR,-0.003772781093945309,1.0,0.008645211830568877,30
C1_IV_X,34,2025-02-11,QAUR,-0.0018539134835580291,1.0,0.008645211830568877,30
C1_IV_X,34,2025-02-12,QAUR,-0.00046849818170253916,1.0,0.008645211830568877,30
C1_IV_X,34,2025-02-13,QAUR,0.005860459247337254,1.0,0.008645211830568877,30
C1_IV_X,34,2025-02-14,QAUR,0.0031879987337155974,1.0,0.008645211830568877,30
C1_IV_X,34,2025-02-17,QAUR,0.00013957426435698452,1.0,0.008645211830568877,30
C1_IV_X,34,2025-02-18,QAUR,-0.0009876422699375785,1.0,0.008645211830568877,30
C1_IV_X,34,2025-02-19,QAUR,0.007597500908471653,1.0,0.008645211830568877,30
C1_IV_X,34,2025-02-20,QAUR,0.0018345866003902451,1.0,0.008645211830568877,30
C1_IV_X,34,2025-02-21,QAUR,0.011702101080591954,1.0,0.008645211830568877,30
C1_IV_X,34,2025-02-24,QAUR,0.002225151552833993,1.0,0.008645211830568877,30
C1_IV_X,34,2025-02-25,QAUR,-0.004625258975647261,1.0,0.008645211830568877,30
C1_IV_X,34,2025-02-26,QAUR,0.0024579065386503003,1.0,0.008645211830568877,30
C1_IV_X,34,2025-02-27,QAUR,0.007018430986372092,1.0,0.008645211830568877,30
C1_IV_X,34,2025-02-28,QAUR,-0.004953115705561819,1.0,0.008645211830568877,30
C1_IV_X,35,2025-03-03,AUR,-0.0026398032678780986,1.0,0.08754876887216367,30
C1_IV_X,35,2025-03-04,AUR,-0.0028949057637641822,1.0,0.08754876887216367,30
C1_IV_X,35,2025-03-05,AUR,0.0005860687338965801,1.0,0.08754876887216367,30
C1_IV_X,35,2025-03-06,AUR,0.007862239246184488,1.0,0.08754876887216367,30
C1_IV_X,35,2025-03-07,AUR,0.002836551118188953,1.0,0.08754876887216367,30
C1_IV_X,35,2025-03-10,AUR,-0.0013850351715388154,1.0,0.08754876887216367,30
C1_IV_X,35,2025-03-11,AUR,-0.006358730361949732,1.0,0.08754876887216367,30
C1_IV_X,35,2025-03-12,AUR,0.0038514021992949697,1.0,0.08754876887216367,30
C1_IV_X,35,2025-03-13,AUR,-0.007925770583410924,1.0,0.08754876887216367,30
C1_IV_X,35,2025-03-14,AUR,0.004989434054624784,1.0,0.08754876887216367,30
C1_IV_X,35,2025-03-17,AUR,0.0051597275719553175,1.0,0.08754876887216367,30
C1_IV_X,35,2025-03-18,AUR,-0.0014693002601633314,1.0,0.08754876887216367,30
C1_IV_X,35,2025-03-19,AUR,-0.0024596892830394774,1.0,0.08754876887216367,30
C1_IV_X,35,2025-03-20,AUR,6.6801799817464225e-06,1.0,0.08754876887216367,30
C1_IV_X,35,2025-03-21,AUR,0.0002831346532122655,1.0,0.08754876887216367,30
C1_IV_X,35,2025-03-24,AUR,0.009690546965681189,1.0,0.08754876887216367,30
C1_IV_X,35,2025-03-25,AUR,0.002389068358824986,1.0,0.08754876887216367,30
C1_IV_X,35,2025-03-26,AUR,-0.004030302492811185,1.0,0.08754876887216367,30
C1_IV_X,35,2025-03-27,AUR,-0.0007264728697462153,1.0,0.08754876887216367,30
C1_IV_X,35,2025-03-28,AUR,-0.00216806273624875,1.0,0.08754876887216367,30
C1_IV_X,35,2025-03-31,AUR,-0.010671262312237893,1.0,0.08754876887216367,30
C1_IV_X,35,2025-04-01,AUR,0.005501920344445197,1.0,0.08754876887216367,30
C1_IV_X,35,2025-03-03,QAUR,-0.0026398032678780986,1.0,0.08754876887216367,30
C1_IV_X,35,2025-03-04,QAUR,-0.0028949057637641822,1.0,0.08754876887216367,30
C1_IV_X,35,2025-03-05,QAUR,0.0005860687338965801,1.0,0.08754876887216367,30
C1_IV_X,35,2025-03-06,QAUR,0.007862239246184488,1.0,0.08754876887216367,30
C1_IV_X,35,2025-03-07,QAUR,0.002836551118188953,1.0,0.08754876887216367,30
C1_IV_X,35,2025-03-10,QAUR,-0.0013850351715388154,1.0,0.08754876887216367,30
C1_IV_X,35,2025-03-11,QAUR,-0.006358730361949732,1.0,0.08754876887216367,30
C1_IV_X,35,2025-03-12,QAUR,0.0038514021992949697,1.0,0.08754876887216367,30
C1_IV_X,35,2025-03-13,QAUR,-0.007925770583410924,1.0,0.08754876887216367,30
C1_IV_X,35,2025-03-14,QAUR,0.004989434054624784,1.0,0.08754876887216367,30
C1_IV_X,35,2025-03-17,QAUR,0.0051597275719553175,1.0,0.08754876887216367,30
C1_IV_X,35,2025-03-18,QAUR,-0.0014693002601633314,1.0,0.08754876887216367,30
C1_IV_X,35,2025-03-19,QAUR,-0.0024596892830394774,1.0,0.08754876887216367,30
C1_IV_X,35,2025-03-20,QAUR,6.6801799817464225e-06,1.0,0.08754876887216367,30
C1_IV_X,35,2025-03-21,QAUR,0.0002831346532122655,1.0,0.08754876887216367,30
C1_IV_X,35,2025-03-24,QAUR,0.009690546965681189,1.0,0.08754876887216367,30
C1_IV_X,35,2025-03-25,QAUR,0.002389068358824986,1.0,0.08754876887216367,30
C1_IV_X,35,2025-03-26,QAUR,-0.004030302492811185,1.0,0.08754876887216367,30
C1_IV_X,35,2025-03-27,QAUR,-0.0007264728697462153,1.0,0.08754876887216367,30
C1_IV_X,35,2025-03-28,QAUR,-0.00216806273624875,1.0,0.08754876887216367,30
C1_IV_X,35,2025-03-31,QAUR,-0.010671262312237893,1.0,0.08754876887216367,30
C1_IV_X,35,2025-04-01,QAUR,0.005501920344445197,1.0,0.08754876887216367,30
C1_IV_X,36,2025-04-02,AUR,0.0016695197118725001,1.0,0.00848867722709512,30
C1_IV_X,36,2025-04-03,AUR,-0.05325064849588387,1.0,0.00848867722709512,30
C1_IV_X,36,2025-04-04,AUR,-0.009976570332823839,1.0,0.00848867722709512,30
C1_IV_X,36,2025-04-08,AUR,-0.04495063944889631,1.0,0.00848867722709512,30
C1_IV_X,36,2025-04-09,AUR,-0.0189363784533367,1.0,0.00848867722709512,30
C1_IV_X,36,2025-04-10,AUR,0.06358625136088202,1.0,0.00848867722709512,30
C1_IV_X,36,2025-04-11,AUR,0.019543852113045136,1.0,0.00848867722709512,30
C1_IV_X,36,2025-04-14,AUR,0.0033501736833558026,1.0,0.00848867722709512,30
C1_IV_X,36,2025-04-15,AUR,0.0013474083938972803,1.0,0.00848867722709512,30
C1_IV_X,36,2025-04-16,AUR,-0.006446372276322285,1.0,0.00848867722709512,30
C1_IV_X,36,2025-04-17,AUR,-0.008319832242447273,1.0,0.00848867722709512,30
C1_IV_X,36,2025-04-18,AUR,0.002272799578048501,1.0,0.00848867722709512,30
C1_IV_X,36,2025-04-21,AUR,-0.00423484775004377,1.0,0.00848867722709512,30
C1_IV_X,36,2025-04-22,AUR,-0.010729563645306278,1.0,0.00848867722709512,30
C1_IV_X,36,2025-04-23,AUR,0.0059416552427692705,1.0,0.00848867722709512,30
C1_IV_X,36,2025-04-24,AUR,-0.00035553820910339386,1.0,0.00848867722709512,30
C1_IV_X,36,2025-04-25,AUR,-0.0016694487177924889,1.0,0.00848867722709512,30
C1_IV_X,36,2025-04-28,AUR,0.00014154981752073376,1.0,0.00848867722709512,30
C1_IV_X,36,2025-04-29,AUR,0.0005814778873456106,1.0,0.00848867722709512,30
C1_IV_X,36,2025-04-02,QAUR,0.0016695197118725001,1.0,0.00848867722709512,30
C1_IV_X,36,2025-04-03,QAUR,-0.05325064849588387,1.0,0.00848867722709512,30
C1_IV_X,36,2025-04-04,QAUR,-0.009976570332823839,1.0,0.00848867722709512,30
C1_IV_X,36,2025-04-08,QAUR,-0.04495063944889631,1.0,0.00848867722709512,30
C1_IV_X,36,2025-04-09,QAUR,-0.0189363784533367,1.0,0.00848867722709512,30
C1_IV_X,36,2025-04-10,QAUR,0.06358625136088202,1.0,0.00848867722709512,30
C1_IV_X,36,2025-04-11,QAUR,0.019543852113045136,1.0,0.00848867722709512,30
C1_IV_X,36,2025-04-14,QAUR,0.0033501736833558026,1.0,0.00848867722709512,30
C1_IV_X,36,2025-04-15,QAUR,0.0013474083938972803,1.0,0.00848867722709512,30
C1_IV_X,36,2025-04-16,QAUR,-0.006446372276322285,1.0,0.00848867722709512,30
C1_IV_X,36,2025-04-17,QAUR,-0.008319832242447273,1.0,0.00848867722709512,30
C1_IV_X,36,2025-04-18,QAUR,0.002272799578048501,1.0,0.00848867722709512,30
C1_IV_X,36,2025-04-21,QAUR,-0.00423484775004377,1.0,0.00848867722709512,30
C1_IV_X,36,2025-04-22,QAUR,-0.010729563645306278,1.0,0.00848867722709512,30
C1_IV_X,36,2025-04-23,QAUR,0.0059416552427692705,1.0,0.00848867722709512,30
C1_IV_X,36,2025-04-24,QAUR,-0.00035553820910339386,1.0,0.00848867722709512,30
C1_IV_X,36,2025-04-25,QAUR,-0.0016694487177924889,1.0,0.00848867722709512,30
C1_IV_X,36,2025-04-28,QAUR,0.00014154981752073376,1.0,0.00848867722709512,30
C1_IV_X,36,2025-04-29,QAUR,0.0005814778873456106,1.0,0.00848867722709512,30
C1_IV_X,37,2025-05-05,AUR,-0.0025,0.0,-0.08134507696186388,30
C1_IV_X,37,2025-05-06,AUR,-0.0,0.0,-0.08134507696186388,30
C1_IV_X,37,2025-05-07,AUR,0.0,0.0,-0.08134507696186388,30
C1_IV_X,37,2025-05-08,AUR,0.0,0.0,-0.08134507696186388,30
C1_IV_X,37,2025-05-09,AUR,-0.0,0.0,-0.08134507696186388,30
C1_IV_X,37,2025-05-12,AUR,-0.0,0.0,-0.08134507696186388,30
C1_IV_X,37,2025-05-13,AUR,0.0,0.0,-0.08134507696186388,30
C1_IV_X,37,2025-05-14,AUR,0.0,0.0,-0.08134507696186388,30
C1_IV_X,37,2025-05-15,AUR,0.0,0.0,-0.08134507696186388,30
C1_IV_X,37,2025-05-16,AUR,-0.0,0.0,-0.08134507696186388,30
C1_IV_X,37,2025-05-19,AUR,-0.0,0.0,-0.08134507696186388,30
C1_IV_X,37,2025-05-20,AUR,-0.0,0.0,-0.08134507696186388,30
C1_IV_X,37,2025-05-21,AUR,0.0,0.0,-0.08134507696186388,30
C1_IV_X,37,2025-05-22,AUR,-0.0,0.0,-0.08134507696186388,30
C1_IV_X,37,2025-05-23,AUR,0.0,0.0,-0.08134507696186388,30
C1_IV_X,37,2025-05-26,AUR,0.0,0.0,-0.08134507696186388,30
C1_IV_X,37,2025-05-27,AUR,0.0,0.0,-0.08134507696186388,30
C1_IV_X,37,2025-05-28,AUR,-0.0,0.0,-0.08134507696186388,30
C1_IV_X,37,2025-05-29,AUR,-0.0,0.0,-0.08134507696186388,30
C1_IV_X,37,2025-05-30,AUR,-0.0,0.0,-0.08134507696186388,30
C1_IV_X,37,2025-05-05,QAUR,-0.0025,0.0,-0.08134507696186388,30
C1_IV_X,37,2025-05-06,QAUR,-0.0,0.0,-0.08134507696186388,30
C1_IV_X,37,2025-05-07,QAUR,0.0,0.0,-0.08134507696186388,30
C1_IV_X,37,2025-05-08,QAUR,0.0,0.0,-0.08134507696186388,30
C1_IV_X,37,2025-05-09,QAUR,-0.0,0.0,-0.08134507696186388,30
C1_IV_X,37,2025-05-12,QAUR,-0.0,0.0,-0.08134507696186388,30
C1_IV_X,37,2025-05-13,QAUR,0.0,0.0,-0.08134507696186388,30
C1_IV_X,37,2025-05-14,QAUR,0.0,0.0,-0.08134507696186388,30
C1_IV_X,37,2025-05-15,QAUR,0.0,0.0,-0.08134507696186388,30
C1_IV_X,37,2025-05-16,QAUR,-0.0,0.0,-0.08134507696186388,30
C1_IV_X,37,2025-05-19,QAUR,-0.0,0.0,-0.08134507696186388,30
C1_IV_X,37,2025-05-20,QAUR,-0.0,0.0,-0.08134507696186388,30
C1_IV_X,37,2025-05-21,QAUR,0.0,0.0,-0.08134507696186388,30
C1_IV_X,37,2025-05-22,QAUR,-0.0,0.0,-0.08134507696186388,30
C1_IV_X,37,2025-05-23,QAUR,0.0,0.0,-0.08134507696186388,30
C1_IV_X,37,2025-05-26,QAUR,0.0,0.0,-0.08134507696186388,30
C1_IV_X,37,2025-05-27,QAUR,0.0,0.0,-0.08134507696186388,30
C1_IV_X,37,2025-05-28,QAUR,-0.0,0.0,-0.08134507696186388,30
C1_IV_X,37,2025-05-29,QAUR,-0.0,0.0,-0.08134507696186388,30
C1_IV_X,37,2025-05-30,QAUR,-0.0,0.0,-0.08134507696186388,30
C1_IV_X,38,2025-06-02,AUR,-0.004840892837675062,1.0,0.07268908997827261,30
C1_IV_X,38,2025-06-03,AUR,0.0038746994772908107,1.0,0.07268908997827261,30
C1_IV_X,38,2025-06-04,AUR,9.45736054142228e-06,1.0,0.07268908997827261,30
C1_IV_X,38,2025-06-05,AUR,-0.006037873892196389,1.0,0.07268908997827261,30
C1_IV_X,38,2025-06-06,AUR,-0.0033245060622978176,1.0,0.07268908997827261,30
C1_IV_X,38,2025-06-09,AUR,-0.0077830401019893325,1.0,0.07268908997827261,30
C1_IV_X,38,2025-06-10,AUR,0.0031540072515026368,1.0,0.07268908997827261,30
C1_IV_X,38,2025-06-11,AUR,0.007722893048359344,1.0,0.07268908997827261,30
C1_IV_X,38,2025-06-12,AUR,-7.403438979879649e-05,1.0,0.07268908997827261,30
C1_IV_X,38,2025-06-13,AUR,-0.0032634925450073953,1.0,0.07268908997827261,30
C1_IV_X,38,2025-06-16,AUR,0.0032206073490373697,1.0,0.07268908997827261,30
C1_IV_X,38,2025-06-17,AUR,0.002839576572705714,1.0,0.07268908997827261,30
C1_IV_X,38,2025-06-18,AUR,-0.001636630697339124,1.0,0.07268908997827261,30
C1_IV_X,38,2025-06-19,AUR,0.0012035353263634694,1.0,0.07268908997827261,30
C1_IV_X,38,2025-06-20,AUR,0.013090161444846869,1.0,0.07268908997827261,30
C1_IV_X,38,2025-06-23,AUR,0.003897903647312069,1.0,0.07268908997827261,30
C1_IV_X,38,2025-06-24,AUR,-0.004664606997673207,1.0,0.07268908997827261,30
C1_IV_X,38,2025-06-25,AUR,-0.0036201778072316444,1.0,0.07268908997827261,30
C1_IV_X,38,2025-06-26,AUR,0.0026184697163107494,1.0,0.07268908997827261,30
C1_IV_X,38,2025-06-27,AUR,-0.0028239063561163896,1.0,0.07268908997827261,30
C1_IV_X,38,2025-06-30,AUR,0.010356584507497352,1.0,0.07268908997827261,30
C1_IV_X,38,2025-07-01,AUR,0.010126100852509732,1.0,0.07268908997827261,30
C1_IV_X,38,2025-06-02,QAUR,-0.0010880665661117156,1.0,0.07268908997827261,30
C1_IV_X,38,2025-06-03,QAUR,0.0016599982953115757,1.0,0.07268908997827261,30
C1_IV_X,38,2025-06-04,QAUR,0.015830220213172458,1.0,0.07268908997827261,30
C1_IV_X,38,2025-06-05,QAUR,0.0005930593883477372,1.0,0.07268908997827261,30
C1_IV_X,38,2025-06-06,QAUR,-0.0033116954207360327,1.0,0.07268908997827261,30
C1_IV_X,38,2025-06-09,QAUR,-0.01305635529725804,1.0,0.07268908997827261,30
C1_IV_X,38,2025-06-10,QAUR,-0.0014727969759876615,1.0,0.07268908997827261,30
C1_IV_X,38,2025-06-11,QAUR,0.009051466226961511,1.0,0.07268908997827261,30
C1_IV_X,38,2025-06-12,QAUR,-0.002305800103024569,1.0,0.07268908997827261,30
C1_IV_X,38,2025-06-13,QAUR,0.00256867173597351,1.0,0.07268908997827261,30
C1_IV_X,38,2025-06-16,QAUR,0.007865577559323093,1.0,0.07268908997827261,30
C1_IV_X,38,2025-06-17,QAUR,-0.005622234430070996,1.0,0.07268908997827261,30
C1_IV_X,38,2025-06-18,QAUR,0.00733873512560776,1.0,0.07268908997827261,30
C1_IV_X,38,2025-06-19,QAUR,-0.0017146518516726052,1.0,0.07268908997827261,30
C1_IV_X,38,2025-06-20,QAUR,0.00865196868011715,1.0,0.07268908997827261,30
C1_IV_X,38,2025-06-23,QAUR,0.01082951781267728,1.0,0.07268908997827261,30
C1_IV_X,38,2025-06-24,QAUR,-0.0045228502650403925,1.0,0.07268908997827261,30
C1_IV_X,38,2025-06-25,QAUR,-0.008457328028217227,1.0,0.07268908997827261,30
C1_IV_X,38,2025-06-26,QAUR,0.0025269576207700073,1.0,0.07268908997827261,30
C1_IV_X,38,2025-06-27,QAUR,-0.004812391891139062,1.0,0.07268908997827261,30
C1_IV_X,38,2025-06-30,QAUR,0.009070542981008057,1.0,0.07268908997827261,30
C1_IV_X,38,2025-07-01,QAUR,0.013838444561598672,1.0,0.07268908997827261,30
C1_IV_X,39,2025-07-02,AUR,0.008252184930124903,1.0,0.04366618978347092,30
C1_IV_X,39,2025-07-03,AUR,-0.0012899388277769056,1.0,0.04366618978347092,30
C1_IV_X,39,2025-07-04,AUR,-0.0026973270498898273,1.0,0.04366618978347092,30
C1_IV_X,39,2025-07-07,AUR,-0.005300922168990635,1.0,0.04366618978347092,30
C1_IV_X,39,2025-07-08,AUR,0.0062479123585236825,1.0,0.04366618978347092,30
C1_IV_X,39,2025-07-09,AUR,0.0032068603396633545,1.0,0.04366618978347092,30
C1_IV_X,39,2025-07-10,AUR,0.0028194311027836434,1.0,0.04366618978347092,30
C1_IV_X,39,2025-07-11,AUR,-0.003299322875104956,1.0,0.04366618978347092,30
C1_IV_X,39,2025-07-14,AUR,-0.0030681899798391038,1.0,0.04366618978347092,30
C1_IV_X,39,2025-07-15,AUR,-0.007768842986371902,1.0,0.04366618978347092,30
C1_IV_X,39,2025-07-16,AUR,0.012908825616096437,1.0,0.04366618978347092,30
C1_IV_X,39,2025-07-17,AUR,0.013398011348804318,1.0,0.04366618978347092,30
C1_IV_X,39,2025-07-18,AUR,0.014329103661067752,1.0,0.04366618978347092,30
C1_IV_X,39,2025-07-21,AUR,0.015388886080008836,1.0,0.04366618978347092,30
C1_IV_X,39,2025-07-22,AUR,0.007096377641780641,1.0,0.04366618978347092,30
C1_IV_X,39,2025-07-23,AUR,-0.010173237512647792,1.0,0.04366618978347092,30
C1_IV_X,39,2025-07-24,AUR,0.007118400117910253,1.0,0.04366618978347092,30
C1_IV_X,39,2025-07-25,AUR,-2.1258686446801005e-05,1.0,0.04366618978347092,30
C1_IV_X,39,2025-07-28,AUR,0.008934851313212632,1.0,0.04366618978347092,30
C1_IV_X,39,2025-07-29,AUR,-0.01604853491804725,1.0,0.04366618978347092,30
C1_IV_X,39,2025-07-30,AUR,0.018380482944617003,1.0,0.04366618978347092,30
C1_IV_X,39,2025-07-31,AUR,0.011313776350246137,1.0,0.04366618978347092,30
C1_IV_X,39,2025-08-01,AUR,0.006155506024031381,1.0,0.04366618978347092,30
C1_IV_X,39,2025-07-02,QAUR,0.009114305956903506,1.0,0.04366618978347092,30
C1_IV_X,39,2025-07-03,QAUR,-0.010090702055696805,1.0,0.04366618978347092,30
C1_IV_X,39,2025-07-04,QAUR,0.005313816607840587,1.0,0.04366618978347092,30
C1_IV_X,39,2025-07-07,QAUR,-0.004894297064154253,1.0,0.04366618978347092,30
C1_IV_X,39,2025-07-08,QAUR,0.014198158513638315,1.0,0.04366618978347092,30
C1_IV_X,39,2025-07-09,QAUR,0.004875586682915077,1.0,0.04366618978347092,30
C1_IV_X,39,2025-07-10,QAUR,-0.004190810696169339,1.0,0.04366618978347092,30
C1_IV_X,39,2025-07-11,QAUR,0.004132813308345839,1.0,0.04366618978347092,30
C1_IV_X,39,2025-07-14,QAUR,-0.015753499500521222,1.0,0.04366618978347092,30
C1_IV_X,39,2025-07-15,QAUR,-0.009004705534710169,1.0,0.04366618978347092,30
C1_IV_X,39,2025-07-16,QAUR,0.006379170563336886,1.0,0.04366618978347092,30
C1_IV_X,39,2025-07-17,QAUR,0.01920794045941838,1.0,0.04366618978347092,30
C1_IV_X,39,2025-07-18,QAUR,0.02197278816111749,1.0,0.04366618978347092,30
C1_IV_X,39,2025-07-21,QAUR,0.02197238332399032,1.0,0.04366618978347092,30
C1_IV_X,39,2025-07-22,QAUR,0.0052407760324821905,1.0,0.04366618978347092,30
C1_IV_X,39,2025-07-23,QAUR,-0.009867747475947378,1.0,0.04366618978347092,30
C1_IV_X,39,2025-07-24,QAUR,0.010651844939962143,1.0,0.04366618978347092,30
C1_IV_X,39,2025-07-25,QAUR,-0.003514788119193607,1.0,0.04366618978347092,30
C1_IV_X,39,2025-07-28,QAUR,0.008298201944128423,1.0,0.04366618978347092,30
C1_IV_X,39,2025-07-29,QAUR,-0.017791964278796056,1.0,0.04366618978347092,30
C1_IV_X,39,2025-07-30,QAUR,0.01990767393216979,1.0,0.04366618978347092,30
C1_IV_X,39,2025-07-31,QAUR,0.010936581492444603,1.0,0.04366618978347092,30
C1_IV_X,39,2025-08-01,QAUR,0.006275848850882786,1.0,0.04366618978347092,30
C1_IV_X,40,2025-08-04,AUR,0.013696608969643845,1.0,0.10081369076385793,30
C1_IV_X,40,2025-08-05,AUR,-0.009470268174736542,1.0,0.10081369076385793,30
C1_IV_X,40,2025-08-06,AUR,0.018951279293667255,1.0,0.10081369076385793,30
C1_IV_X,40,2025-08-07,AUR,0.00988397372910062,1.0,0.10081369076385793,30
C1_IV_X,40,2025-08-08,AUR,0.009088957323554631,1.0,0.10081369076385793,30
C1_IV_X,40,2025-08-11,AUR,-0.0037090313503026304,1.0,0.10081369076385793,30
C1_IV_X,40,2025-08-12,AUR,0.003066402625142721,1.0,0.10081369076385793,30
C1_IV_X,40,2025-08-13,AUR,0.0009322230718242371,1.0,0.10081369076385793,30
C1_IV_X,40,2025-08-14,AUR,0.006319396506956653,1.0,0.10081369076385793,30
C1_IV_X,40,2025-08-15,AUR,-0.002732296672226817,1.0,0.10081369076385793,30
C1_IV_X,40,2025-08-18,AUR,0.012031930175134504,1.0,0.10081369076385793,30
C1_IV_X,40,2025-08-19,AUR,-0.005776008683239208,1.0,0.10081369076385793,30
C1_IV_X,40,2025-08-20,AUR,-0.01950835406873746,1.0,0.10081369076385793,30
C1_IV_X,40,2025-08-21,AUR,0.006215195997160047,1.0,0.10081369076385793,30
C1_IV_X,40,2025-08-22,AUR,-0.013903630764968922,1.0,0.10081369076385793,30
C1_IV_X,40,2025-08-25,AUR,-0.011410870896184004,1.0,0.10081369076385793,30
C1_IV_X,40,2025-08-26,AUR,0.01661325976252424,1.0,0.10081369076385793,30
C1_IV_X,40,2025-08-27,AUR,0.016192078805517096,1.0,0.10081369076385793,30
C1_IV_X,40,2025-08-28,AUR,-0.0018477614586820494,1.0,0.10081369076385793,30
C1_IV_X,40,2025-08-29,AUR,0.0012251762149735979,1.0,0.10081369076385793,30
C1_IV_X,40,2025-08-04,QAUR,0.014639101891884564,1.0,0.10081369076385793,30
C1_IV_X,40,2025-08-05,QAUR,-0.0059236993528751555,1.0,0.10081369076385793,30
C1_IV_X,40,2025-08-06,QAUR,0.021763641708046913,1.0,0.10081369076385793,30
C1_IV_X,40,2025-08-07,QAUR,0.010054216281203333,1.0,0.10081369076385793,30
C1_IV_X,40,2025-08-08,QAUR,0.009503895351530017,1.0,0.10081369076385793,30
C1_IV_X,40,2025-08-11,QAUR,0.00167628846465051,1.0,0.10081369076385793,30
C1_IV_X,40,2025-08-12,QAUR,0.003417951556021476,1.0,0.10081369076385793,30
C1_IV_X,40,2025-08-13,QAUR,0.003187416473193725,1.0,0.10081369076385793,30
C1_IV_X,40,2025-08-14,QAUR,0.011902669456400918,1.0,0.10081369076385793,30
C1_IV_X,40,2025-08-15,QAUR,-0.0047844593638471196,1.0,0.10081369076385793,30
C1_IV_X,40,2025-08-18,QAUR,0.012643108850835593,1.0,0.10081369076385793,30
C1_IV_X,40,2025-08-19,QAUR,-0.007837996185697358,1.0,0.10081369076385793,30
C1_IV_X,40,2025-08-20,QAUR,-0.01816399951614664,1.0,0.10081369076385793,30
C1_IV_X,40,2025-08-21,QAUR,0.005461763700213399,1.0,0.10081369076385793,30
C1_IV_X,40,2025-08-22,QAUR,-0.01640600865131679,1.0,0.10081369076385793,30
C1_IV_X,40,2025-08-25,QAUR,-0.013460357470317676,1.0,0.10081369076385793,30
C1_IV_X,40,2025-08-26,QAUR,0.018298361308823386,1.0,0.10081369076385793,30
C1_IV_X,40,2025-08-27,QAUR,0.013868184084327344,1.0,0.10081369076385793,30
C1_IV_X,40,2025-08-28,QAUR,-0.00036723207893234406,1.0,0.10081369076385793,30
C1_IV_X,40,2025-08-29,QAUR,0.003368912038281118,1.0,0.10081369076385793,30
C1_IV_X,41,2025-09-03,AUR,0.026561883105522346,1.0,0.06760704478325508,30
C1_IV_X,41,2025-09-04,AUR,0.020856161945496755,1.0,0.06760704478325508,30
C1_IV_X,41,2025-09-05,AUR,-0.011036642688083765,1.0,0.06760704478325508,30
C1_IV_X,41,2025-09-08,AUR,-0.0010279512812456726,1.0,0.06760704478325508,30
C1_IV_X,41,2025-09-09,AUR,-0.005010825444289855,1.0,0.06760704478325508,30
C1_IV_X,41,2025-09-10,AUR,-0.0029874483633844902,1.0,0.06760704478325508,30
C1_IV_X,41,2025-09-11,AUR,0.011655740195552983,1.0,0.06760704478325508,30
C1_IV_X,41,2025-09-12,AUR,0.005350154397323534,1.0,0.06760704478325508,30
C1_IV_X,41,2025-09-15,AUR,0.0055885686122630895,1.0,0.06760704478325508,30
C1_IV_X,41,2025-09-16,AUR,-0.011396283690090383,1.0,0.06760704478325508,30
C1_IV_X,41,2025-09-17,AUR,-0.011541645219739093,1.0,0.06760704478325508,30
C1_IV_X,41,2025-09-18,AUR,-0.009198310815279174,1.0,0.06760704478325508,30
C1_IV_X,41,2025-09-19,AUR,-0.013520901032456758,1.0,0.06760704478325508,30
C1_IV_X,41,2025-09-22,AUR,0.00030582658231664926,1.0,0.06760704478325508,30
C1_IV_X,41,2025-09-23,AUR,0.0027373657719002254,1.0,0.06760704478325508,30
C1_IV_X,41,2025-09-24,AUR,-0.001722564428801688,1.0,0.06760704478325508,30
C1_IV_X,41,2025-09-25,AUR,0.009429440559589454,1.0,0.06760704478325508,30
C1_IV_X,41,2025-09-26,AUR,-0.007604393459867314,1.0,0.06760704478325508,30
C1_IV_X,41,2025-09-29,AUR,-0.0029717923207118685,1.0,0.06760704478325508,30
C1_IV_X,41,2025-09-30,AUR,-0.00020642745407978736,1.0,0.06760704478325508,30
C1_IV_X,41,2025-10-01,AUR,0.003063605003759064,1.0,0.06760704478325508,30
C1_IV_X,41,2025-09-03,QAUR,0.027329270546821903,1.0,0.06760704478325508,30
C1_IV_X,41,2025-09-04,QAUR,0.025095332809945182,1.0,0.06760704478325508,30
C1_IV_X,41,2025-09-05,QAUR,-0.01100870657940428,1.0,0.06760704478325508,30
C1_IV_X,41,2025-09-08,QAUR,-0.0023890998712916356,1.0,0.06760704478325508,30
C1_IV_X,41,2025-09-09,QAUR,-0.008661999674952445,1.0,0.06760704478325508,30
C1_IV_X,41,2025-09-10,QAUR,-0.002995518872349914,1.0,0.06760704478325508,30
C1_IV_X,41,2025-09-11,QAUR,0.011654641029739614,1.0,0.06760704478325508,30
C1_IV_X,41,2025-09-12,QAUR,0.008221042530588873,1.0,0.06760704478325508,30
C1_IV_X,41,2025-09-15,QAUR,0.008479659339700074,1.0,0.06760704478325508,30
C1_IV_X,41,2025-09-16,QAUR,-0.013043341929271125,1.0,0.06760704478325508,30
C1_IV_X,41,2025-09-17,QAUR,-0.012225616659399766,1.0,0.06760704478325508,30
C1_IV_X,41,2025-09-18,QAUR,-0.009861358427261643,1.0,0.06760704478325508,30
C1_IV_X,41,2025-09-19,QAUR,-0.013437758677387784,1.0,0.06760704478325508,30
C1_IV_X,41,2025-09-22,QAUR,-0.00013323636597232721,1.0,0.06760704478325508,30
C1_IV_X,41,2025-09-23,QAUR,0.003255219776921229,1.0,0.06760704478325508,30
C1_IV_X,41,2025-09-24,QAUR,-0.001607206838877058,1.0,0.06760704478325508,30
C1_IV_X,41,2025-09-25,QAUR,0.009324462626835252,1.0,0.06760704478325508,30
C1_IV_X,41,2025-09-26,QAUR,-0.010560228543613766,1.0,0.06760704478325508,30
C1_IV_X,41,2025-09-29,QAUR,-3.778938035339449e-05,1.0,0.06760704478325508,30
C1_IV_X,41,2025-09-30,QAUR,-0.00047171693911716154,1.0,0.06760704478325508,30
C1_IV_X,41,2025-10-01,QAUR,0.00482906427870834,1.0,0.06760704478325508,30
C1_IV_X,42,2025-10-02,AUR,-0.006355264506907108,1.0,0.009747704049341,30
C1_IV_X,42,2025-10-03,AUR,0.001052584438249024,1.0,0.009747704049341,30
C1_IV_X,42,2025-10-06,AUR,0.012903227597532619,1.0,0.009747704049341,30
C1_IV_X,42,2025-10-07,AUR,-0.004304913393248627,1.0,0.009747704049341,30
C1_IV_X,42,2025-10-08,AUR,0.005231803701174197,1.0,0.009747704049341,30
C1_IV_X,42,2025-10-09,AUR,4.418095212378216e-05,1.0,0.009747704049341,30
C1_IV_X,42,2025-10-10,AUR,0.003172270482829923,1.0,0.009747704049341,30
C1_IV_X,42,2025-10-13,AUR,-0.008461091696853308,1.0,0.009747704049341,30
C1_IV_X,42,2025-10-14,AUR,-0.0067784412978419755,1.0,0.009747704049341,30
C1_IV_X,42,2025-10-15,AUR,-0.010159365570337971,1.0,0.009747704049341,30
C1_IV_X,42,2025-10-16,AUR,0.002074587301398213,1.0,0.009747704049341,30
C1_IV_X,42,2025-10-17,AUR,-0.008720602290162676,1.0,0.009747704049341,30
C1_IV_X,42,2025-10-20,AUR,-0.02988735026375496,1.0,0.009747704049341,30
C1_IV_X,42,2025-10-21,AUR,0.014420966543456,1.0,0.009747704049341,30
C1_IV_X,42,2025-10-22,AUR,0.0010123352667640278,1.0,0.009747704049341,30
C1_IV_X,42,2025-10-23,AUR,0.011723261656549452,1.0,0.009747704049341,30
C1_IV_X,42,2025-10-24,AUR,-0.0024470754184114335,1.0,0.009747704049341,30
C1_IV_X,42,2025-10-27,AUR,-0.003557788721723432,1.0,0.009747704049341,30
C1_IV_X,42,2025-10-28,AUR,0.0060599116654997355,1.0,0.009747704049341,30
C1_IV_X,42,2025-10-29,AUR,0.015382417525759827,1.0,0.009747704049341,30
C1_IV_X,42,2025-10-30,AUR,-0.002062256817557072,1.0,0.009747704049341,30
C1_IV_X,42,2025-10-31,AUR,0.008725518570468493,1.0,0.009747704049341,30
C1_IV_X,42,2025-10-02,QAUR,-0.0011864024971199442,1.0,0.009747704049341,30
C1_IV_X,42,2025-10-03,QAUR,0.004998994083899663,1.0,0.009747704049341,30
C1_IV_X,42,2025-10-06,QAUR,0.0061565642164793195,1.0,0.009747704049341,30
C1_IV_X,42,2025-10-07,QAUR,-0.0019138454539069218,1.0,0.009747704049341,30
C1_IV_X,42,2025-10-08,QAUR,0.001908619250076272,1.0,0.009747704049341,30
C1_IV_X,42,2025-10-09,QAUR,0.004316500200817346,1.0,0.009747704049341,30
C1_IV_X,42,2025-10-10,QAUR,0.005019149961314562,1.0,0.009747704049341,30
C1_IV_X,42,2025-10-13,QAUR,-0.009392352983083536,1.0,0.009747704049341,30
C1_IV_X,42,2025-10-14,QAUR,-0.0040254707560655,1.0,0.009747704049341,30
C1_IV_X,42,2025-10-15,QAUR,-0.006060771451695469,1.0,0.009747704049341,30
C1_IV_X,42,2025-10-16,QAUR,0.00020733700068720304,1.0,0.009747704049341,30
C1_IV_X,42,2025-10-17,QAUR,-0.0016561450563578337,1.0,0.009747704049341,30
C1_IV_X,42,2025-10-20,QAUR,-0.021586457215782895,1.0,0.009747704049341,30
C1_IV_X,42,2025-10-21,QAUR,0.004613867179759217,1.0,0.009747704049341,30
C1_IV_X,42,2025-10-22,QAUR,2.3120091776332613e-08,1.0,0.009747704049341,30
C1_IV_X,42,2025-10-23,QAUR,0.008285702789026968,1.0,0.009747704049341,30
C1_IV_X,42,2025-10-24,QAUR,-0.001457480911001726,1.0,0.009747704049341,30
C1_IV_X,42,2025-10-27,QAUR,-0.0030141748794679647,1.0,0.009747704049341,30
C1_IV_X,42,2025-10-28,QAUR,0.003529207533266461,1.0,0.009747704049341,30
C1_IV_X,42,2025-10-29,QAUR,0.010549176731430597,1.0,0.009747704049341,30
C1_IV_X,42,2025-10-30,QAUR,-0.00024133003281935237,1.0,0.009747704049341,30
C1_IV_X,42,2025-10-31,QAUR,-0.0036248464339607264,1.0,0.009747704049341,30
C1_IV_X,43,2025-11-03,AUR,-0.0025,0.0,-0.03173028365208308,30
C1_IV_X,43,2025-11-04,AUR,-0.0,0.0,-0.03173028365208308,30
C1_IV_X,43,2025-11-05,AUR,0.0,0.0,-0.03173028365208308,30
C1_IV_X,43,2025-11-06,AUR,-0.0,0.0,-0.03173028365208308,30
C1_IV_X,43,2025-11-07,AUR,-0.0,0.0,-0.03173028365208308,30
C1_IV_X,43,2025-11-10,AUR,-0.0,0.0,-0.03173028365208308,30
C1_IV_X,43,2025-11-11,AUR,0.0,0.0,-0.03173028365208308,30
C1_IV_X,43,2025-11-12,AUR,-0.0,0.0,-0.03173028365208308,30
C1_IV_X,43,2025-11-13,AUR,0.0,0.0,-0.03173028365208308,30
C1_IV_X,43,2025-11-14,AUR,0.0,0.0,-0.03173028365208308,30
C1_IV_X,43,2025-11-17,AUR,0.0,0.0,-0.03173028365208308,30
C1_IV_X,43,2025-11-18,AUR,0.0,0.0,-0.03173028365208308,30
C1_IV_X,43,2025-11-19,AUR,-0.0,0.0,-0.03173028365208308,30
C1_IV_X,43,2025-11-20,AUR,-0.0,0.0,-0.03173028365208308,30
C1_IV_X,43,2025-11-21,AUR,-0.0,0.0,-0.03173028365208308,30
C1_IV_X,43,2025-11-24,AUR,-0.0,0.0,-0.03173028365208308,30
C1_IV_X,43,2025-11-25,AUR,-0.0,0.0,-0.03173028365208308,30
C1_IV_X,43,2025-11-26,AUR,0.0,0.0,-0.03173028365208308,30
C1_IV_X,43,2025-11-27,AUR,-0.0,0.0,-0.03173028365208308,30
C1_IV_X,43,2025-11-28,AUR,-0.0,0.0,-0.03173028365208308,30
C1_IV_X,43,2025-12-01,AUR,-0.0,0.0,-0.03173028365208308,30
C1_IV_X,43,2025-11-03,QAUR,-0.0025,0.0,-0.03173028365208308,30
C1_IV_X,43,2025-11-04,QAUR,-0.0,0.0,-0.03173028365208308,30
C1_IV_X,43,2025-11-05,QAUR,0.0,0.0,-0.03173028365208308,30
C1_IV_X,43,2025-11-06,QAUR,-0.0,0.0,-0.03173028365208308,30
C1_IV_X,43,2025-11-07,QAUR,-0.0,0.0,-0.03173028365208308,30
C1_IV_X,43,2025-11-10,QAUR,0.0,0.0,-0.03173028365208308,30
C1_IV_X,43,2025-11-11,QAUR,0.0,0.0,-0.03173028365208308,30
C1_IV_X,43,2025-11-12,QAUR,0.0,0.0,-0.03173028365208308,30
C1_IV_X,43,2025-11-13,QAUR,-0.0,0.0,-0.03173028365208308,30
C1_IV_X,43,2025-11-14,QAUR,0.0,0.0,-0.03173028365208308,30
C1_IV_X,43,2025-11-17,QAUR,-0.0,0.0,-0.03173028365208308,30
C1_IV_X,43,2025-11-18,QAUR,0.0,0.0,-0.03173028365208308,30
C1_IV_X,43,2025-11-19,QAUR,-0.0,0.0,-0.03173028365208308,30
C1_IV_X,43,2025-11-20,QAUR,0.0,0.0,-0.03173028365208308,30
C1_IV_X,43,2025-11-21,QAUR,-0.0,0.0,-0.03173028365208308,30
C1_IV_X,43,2025-11-24,QAUR,-0.0,0.0,-0.03173028365208308,30
C1_IV_X,43,2025-11-25,QAUR,-0.0,0.0,-0.03173028365208308,30
C1_IV_X,43,2025-11-26,QAUR,-0.0,0.0,-0.03173028365208308,30
C1_IV_X,43,2025-11-27,QAUR,0.0,0.0,-0.03173028365208308,30
C1_IV_X,43,2025-11-28,QAUR,-0.0,0.0,-0.03173028365208308,30
C1_IV_X,43,2025-12-01,QAUR,-0.0,0.0,-0.03173028365208308,30
C1_IV_X,44,2025-12-02,AUR,0.00024826740759888903,1.0,0.03892282426212157,30
C1_IV_X,44,2025-12-03,AUR,0.008628862386750166,1.0,0.03892282426212157,30
C1_IV_X,44,2025-12-04,AUR,0.005108245061932257,1.0,0.03892282426212157,30
C1_IV_X,44,2025-12-05,AUR,-0.004814037500955277,1.0,0.03892282426212157,30
C1_IV_X,44,2025-12-08,AUR,-0.00971696473132094,1.0,0.03892282426212157,30
C1_IV_X,44,2025-12-09,AUR,-0.003835266730069805,1.0,0.03892282426212157,30
C1_IV_X,44,2025-12-10,AUR,0.0048719277600839574,1.0,0.03892282426212157,30
C1_IV_X,44,2025-12-11,AUR,-0.002491464710342845,1.0,0.03892282426212157,30
C1_IV_X,44,2025-12-12,AUR,-0.0029041850094758083,1.0,0.03892282426212157,30
C1_IV_X,44,2025-12-15,AUR,-0.00022846746932851078,1.0,0.03892282426212157,30
C1_IV_X,44,2025-12-16,AUR,-0.00245721446299,1.0,0.03892282426212157,30
C1_IV_X,44,2025-12-17,AUR,-0.004530510983699754,1.0,0.03892282426212157,30
C1_IV_X,44,2025-12-18,AUR,-0.0018620996503843933,1.0,0.03892282426212157,30
C1_IV_X,44,2025-12-19,AUR,-0.005312809593380704,1.0,0.03892282426212157,30
C1_IV_X,44,2025-12-22,AUR,0.002457885668465924,1.0,0.03892282426212157,30
C1_IV_X,44,2025-12-23,AUR,-0.004668083926186074,1.0,0.03892282426212157,30
C1_IV_X,44,2025-12-24,AUR,-0.008626112622448537,1.0,0.03892282426212157,30
C1_IV_X,44,2025-12-25,AUR,-0.003838192104664115,1.0,0.03892282426212157,30
C1_IV_X,44,2025-12-26,AUR,-0.010923588547625124,1.0,0.03892282426212157,30
C1_IV_X,44,2025-12-29,AUR,0.021798923302296325,1.0,0.03892282426212157,30
C1_IV_X,44,2025-12-30,AUR,0.02238510334019754,1.0,0.03892282426212157,30
C1_IV_X,44,2025-12-31,AUR,0.0006343107428439725,1.0,0.03892282426212157,30
C1_IV_X,44,2025-12-02,QAUR,-0.006687055675098402,1.0,0.03892282426212157,30
C1_IV_X,44,2025-12-03,QAUR,0.01780599701820738,1.0,0.03892282426212157,30
C1_IV_X,44,2025-12-04,QAUR,-0.0017119580378251588,1.0,0.03892282426212157,30
C1_IV_X,44,2025-12-05,QAUR,-0.007100714208681436,1.0,0.03892282426212157,30
C1_IV_X,44,2025-12-08,QAUR,-0.00023376644896869192,1.0,0.03892282426212157,30
C1_IV_X,44,2025-12-09,QAUR,-0.002580957749200529,1.0,0.03892282426212157,30
C1_IV_X,44,2025-12-10,QAUR,-0.0004716900165849155,1.0,0.03892282426212157,30
C1_IV_X,44,2025-12-11,QAUR,-0.0006636550227666418,1.0,0.03892282426212157,30
C1_IV_X,44,2025-12-12,QAUR,-0.0023064305084134493,1.0,0.03892282426212157,30
C1_IV_X,44,2025-12-15,QAUR,-0.0002059781613523033,1.0,0.03892282426212157,30
C1_IV_X,44,2025-12-16,QAUR,-0.003569159517544384,1.0,0.03892282426212157,30
C1_IV_X,44,2025-12-17,QAUR,-0.004208322498991176,1.0,0.03892282426212157,30
C1_IV_X,44,2025-12-18,QAUR,-0.004216354779811655,1.0,0.03892282426212157,30
C1_IV_X,44,2025-12-19,QAUR,-0.0024119343499510036,1.0,0.03892282426212157,30
C1_IV_X,44,2025-12-22,QAUR,0.003966017264640739,1.0,0.03892282426212157,30
C1_IV_X,44,2025-12-23,QAUR,-0.0008827179949556386,1.0,0.03892282426212157,30
C1_IV_X,44,2025-12-24,QAUR,-0.024890622731058635,1.0,0.03892282426212157,30
C1_IV_X,44,2025-12-25,QAUR,0.020412845475353106,1.0,0.03892282426212157,30
C1_IV_X,44,2025-12-26,QAUR,-0.015350635543220496,1.0,0.03892282426212157,30
C1_IV_X,44,2025-12-29,QAUR,0.004066690013934622,1.0,0.03892282426212157,30
C1_IV_X,44,2025-12-30,QAUR,0.028635211897678356,1.0,0.03892282426212157,30
C1_IV_X,44,2025-12-31,QAUR,-0.00287664497901285,1.0,0.03892282426212157,30
C1_IV_X,45,2026-01-05,AUR,-0.010983278915721612,1.0,0.007100792207989537,30
C1_IV_X,45,2026-01-06,AUR,-0.010260669704658472,1.0,0.007100792207989537,30
C1_IV_X,45,2026-01-07,AUR,0.03316282966184618,1.0,0.007100792207989537,30
C1_IV_X,45,2026-01-08,AUR,0.015448366753381534,1.0,0.007100792207989537,30
C1_IV_X,45,2026-01-09,AUR,0.01090460240215705,1.0,0.007100792207989537,30
C1_IV_X,45,2026-01-12,AUR,0.025202010345058153,1.0,0.007100792207989537,30
C1_IV_X,45,2026-01-13,AUR,-0.0028533850705891213,1.0,0.007100792207989537,30
C1_IV_X,45,2026-01-14,AUR,-0.005937778353910001,1.0,0.007100792207989537,30
C1_IV_X,45,2026-01-15,AUR,-0.0048454723045293704,1.0,0.007100792207989537,30
C1_IV_X,45,2026-01-16,AUR,0.0040367589705018365,1.0,0.007100792207989537,30
C1_IV_X,45,2026-01-19,AUR,-0.0028361895918511534,1.0,0.007100792207989537,30
C1_IV_X,45,2026-01-20,AUR,0.004569142353094584,1.0,0.007100792207989537,30
C1_IV_X,45,2026-01-21,AUR,-0.0022437377406328337,1.0,0.007100792207989537,30
C1_IV_X,45,2026-01-22,AUR,-0.0010392752151915608,1.0,0.007100792207989537,30
C1_IV_X,45,2026-01-23,AUR,-0.01129641062337064,1.0,0.007100792207989537,30
C1_IV_X,45,2026-01-26,AUR,-0.003019068295854881,1.0,0.007100792207989537,30
C1_IV_X,45,2026-01-27,AUR,-0.004678627443471566,1.0,0.007100792207989537,30
C1_IV_X,45,2026-01-28,AUR,-0.0017109000988423198,1.0,0.007100792207989537,30
C1_IV_X,45,2026-01-05,QAUR,-0.011041190184747106,1.0,0.007100792207989537,30
C1_IV_X,45,2026-01-06,QAUR,-0.010260669704658472,1.0,0.007100792207989537,30
C1_IV_X,45,2026-01-07,QAUR,0.03316282966184618,1.0,0.007100792207989537,30
C1_IV_X,45,2026-01-08,QAUR,0.015448366753381534,1.0,0.007100792207989537,30
C1_IV_X,45,2026-01-09,QAUR,0.01090460240215705,1.0,0.007100792207989537,30
C1_IV_X,45,2026-01-12,QAUR,0.025202010345058153,1.0,0.007100792207989537,30
C1_IV_X,45,2026-01-13,QAUR,-0.0028533850705891213,1.0,0.007100792207989537,30
C1_IV_X,45,2026-01-14,QAUR,-0.005937778353910001,1.0,0.007100792207989537,30
C1_IV_X,45,2026-01-15,QAUR,-0.0048454723045293704,1.0,0.007100792207989537,30
C1_IV_X,45,2026-01-16,QAUR,0.0040367589705018365,1.0,0.007100792207989537,30
C1_IV_X,45,2026-01-19,QAUR,-0.0028361895918511534,1.0,0.007100792207989537,30
C1_IV_X,45,2026-01-20,QAUR,0.004569142353094584,1.0,0.007100792207989537,30
C1_IV_X,45,2026-01-21,QAUR,-0.0022437377406328337,1.0,0.007100792207989537,30
C1_IV_X,45,2026-01-22,QAUR,-0.0010392752151915608,1.0,0.007100792207989537,30
C1_IV_X,45,2026-01-23,QAUR,-0.01129641062337064,1.0,0.007100792207989537,30
C1_IV_X,45,2026-01-26,QAUR,-0.003019068295854881,1.0,0.007100792207989537,30
C1_IV_X,45,2026-01-27,QAUR,-0.004678627443471566,1.0,0.007100792207989537,30
C1_IV_X,45,2026-01-28,QAUR,-0.0017109000988423198,1.0,0.007100792207989537,30
C1_IV_X,46,2026-02-02,AUR,0.02369913402114682,1.0,0.028277882195941517,30
C1_IV_X,46,2026-02-03,AUR,-0.002914445028239063,1.0,0.028277882195941517,30
C1_IV_X,46,2026-02-04,AUR,-0.00998067265209122,1.0,0.028277882195941517,30
C1_IV_X,46,2026-02-05,AUR,0.007218466464024836,1.0,0.028277882195941517,30
C1_IV_X,46,2026-02-06,AUR,-0.008665577371261198,1.0,0.028277882195941517,30
C1_IV_X,46,2026-02-09,AUR,0.002369403838966052,1.0,0.028277882195941517,30
C1_IV_X,46,2026-02-10,AUR,0.0031873305204347903,1.0,0.028277882195941517,30
C1_IV_X,46,2026-02-11,AUR,0.0050129709088830654,1.0,0.028277882195941517,30
C1_IV_X,46,2026-02-12,AUR,-0.0035634955778315533,1.0,0.028277882195941517,30
C1_IV_X,46,2026-02-13,AUR,0.011326087410750155,1.0,0.028277882195941517,30
C1_IV_X,46,2026-02-23,AUR,0.004831751506695369,1.0,0.028277882195941517,30
C1_IV_X,46,2026-02-24,AUR,0.017930532733588737,1.0,0.028277882195941517,30
C1_IV_X,46,2026-02-25,AUR,-0.008595561875467221,1.0,0.028277882195941517,30
C1_IV_X,46,2026-02-26,AUR,0.0020629235586912082,1.0,0.028277882195941517,30
C1_IV_X,46,2026-02-27,AUR,0.0001927544941868588,1.0,0.028277882195941517,30
C1_IV_X,46,2026-02-02,QAUR,0.02369913402114682,1.0,0.028277882195941517,30
C1_IV_X,46,2026-02-03,QAUR,-0.002914445028239063,1.0,0.028277882195941517,30
C1_IV_X,46,2026-02-04,QAUR,-0.00998067265209122,1.0,0.028277882195941517,30
C1_IV_X,46,2026-02-05,QAUR,0.007218466464024836,1.0,0.028277882195941517,30
C1_IV_X,46,2026-02-06,QAUR,-0.008665577371261198,1.0,0.028277882195941517,30
C1_IV_X,46,2026-02-09,QAUR,0.002369403838966052,1.0,0.028277882195941517,30
C1_IV_X,46,2026-02-10,QAUR,0.0031873305204347903,1.0,0.028277882195941517,30
C1_IV_X,46,2026-02-11,QAUR,0.0050129709088830654,1.0,0.028277882195941517,30
C1_IV_X,46,2026-02-12,QAUR,-0.0035634955778315533,1.0,0.028277882195941517,30
C1_IV_X,46,2026-02-13,QAUR,0.011326087410750155,1.0,0.028277882195941517,30
C1_IV_X,46,2026-02-23,QAUR,0.004831751506695369,1.0,0.028277882195941517,30
C1_IV_X,46,2026-02-24,QAUR,0.017930532733588737,1.0,0.028277882195941517,30
C1_IV_X,46,2026-02-25,QAUR,-0.008595561875467221,1.0,0.028277882195941517,30
C1_IV_X,46,2026-02-26,QAUR,0.0020629235586912082,1.0,0.028277882195941517,30
C1_IV_X,46,2026-02-27,QAUR,0.0001927544941868588,1.0,0.028277882195941517,30
C1_IV_X,47,2026-03-02,AUR,0.0036451571382705695,1.0,0.0289756740436502,30
C1_IV_X,47,2026-03-03,AUR,-0.0016363074745105737,1.0,0.0289756740436502,30
C1_IV_X,47,2026-03-04,AUR,0.00038712380490141165,1.0,0.0289756740436502,30
C1_IV_X,47,2026-03-05,AUR,0.002158297527654117,1.0,0.0289756740436502,30
C1_IV_X,47,2026-03-06,AUR,-0.00014406413227534731,1.0,0.0289756740436502,30
C1_IV_X,47,2026-03-09,AUR,-0.03548728739444817,1.0,0.0289756740436502,30
C1_IV_X,47,2026-03-10,AUR,0.008745936060298488,1.0,0.0289756740436502,30
C1_IV_X,47,2026-03-11,AUR,0.00546859587365941,1.0,0.0289756740436502,30
C1_IV_X,47,2026-03-12,AUR,0.00209373025121937,1.0,0.0289756740436502,30
C1_IV_X,47,2026-03-13,AUR,0.009257245847206887,1.0,0.0289756740436502,30
C1_IV_X,47,2026-03-16,AUR,-0.008229011946801404,1.0,0.0289756740436502,30
C1_IV_X,47,2026-03-17,AUR,0.0026955678808548975,1.0,0.0289756740436502,30
C1_IV_X,47,2026-03-18,AUR,0.01915887014893576,1.0,0.0289756740436502,30
C1_IV_X,47,2026-03-19,AUR,-0.002050436686383458,1.0,0.0289756740436502,30
C1_IV_X,47,2026-03-20,AUR,0.0038346948061034943,1.0,0.0289756740436502,30
C1_IV_X,47,2026-03-23,AUR,-0.01815122273473802,1.0,0.0289756740436502,30
C1_IV_X,47,2026-03-24,AUR,0.006521956562795749,1.0,0.0289756740436502,30
C1_IV_X,47,2026-03-25,AUR,0.0022175527067186864,1.0,0.0289756740436502,30
C1_IV_X,47,2026-03-26,AUR,-0.007791402792147245,1.0,0.0289756740436502,30
C1_IV_X,47,2026-03-27,AUR,0.005295520639401667,1.0,0.0289756740436502,30
C1_IV_X,47,2026-03-30,AUR,0.0035452604438502627,1.0,0.0289756740436502,30
C1_IV_X,47,2026-03-31,AUR,0.003140134741181495,1.0,0.0289756740436502,30
C1_IV_X,47,2026-04-01,AUR,0.012584567793893914,1.0,0.0289756740436502,30
C1_IV_X,47,2026-03-02,QAUR,0.0036451571382705695,1.0,0.0289756740436502,30
C1_IV_X,47,2026-03-03,QAUR,-0.0016363074745105737,1.0,0.0289756740436502,30
C1_IV_X,47,2026-03-04,QAUR,0.00038712380490141165,1.0,0.0289756740436502,30
C1_IV_X,47,2026-03-05,QAUR,0.002158297527654117,1.0,0.0289756740436502,30
C1_IV_X,47,2026-03-06,QAUR,-0.00014406413227534731,1.0,0.0289756740436502,30
C1_IV_X,47,2026-03-09,QAUR,-0.03548728739444817,1.0,0.0289756740436502,30
C1_IV_X,47,2026-03-10,QAUR,0.008745936060298488,1.0,0.0289756740436502,30
C1_IV_X,47,2026-03-11,QAUR,0.00546859587365941,1.0,0.0289756740436502,30
C1_IV_X,47,2026-03-12,QAUR,0.00209373025121937,1.0,0.0289756740436502,30
C1_IV_X,47,2026-03-13,QAUR,0.009257245847206887,1.0,0.0289756740436502,30
C1_IV_X,47,2026-03-16,QAUR,-0.008229011946801404,1.0,0.0289756740436502,30
C1_IV_X,47,2026-03-17,QAUR,0.0026955678808548975,1.0,0.0289756740436502,30
C1_IV_X,47,2026-03-18,QAUR,0.01915887014893576,1.0,0.0289756740436502,30
C1_IV_X,47,2026-03-19,QAUR,-0.002050436686383458,1.0,0.0289756740436502,30
C1_IV_X,47,2026-03-20,QAUR,0.0038346948061034943,1.0,0.0289756740436502,30
C1_IV_X,47,2026-03-23,QAUR,-0.01815122273473802,1.0,0.0289756740436502,30
C1_IV_X,47,2026-03-24,QAUR,0.006521956562795749,1.0,0.0289756740436502,30
C1_IV_X,47,2026-03-25,QAUR,0.0022175527067186864,1.0,0.0289756740436502,30
C1_IV_X,47,2026-03-26,QAUR,-0.007791402792147245,1.0,0.0289756740436502,30
C1_IV_X,47,2026-03-27,QAUR,0.005295520639401667,1.0,0.0289756740436502,30
C1_IV_X,47,2026-03-30,QAUR,0.0035452604438502627,1.0,0.0289756740436502,30
C1_IV_X,47,2026-03-31,QAUR,0.003140134741181495,1.0,0.0289756740436502,30
C1_IV_X,47,2026-04-01,QAUR,0.012584567793893914,1.0,0.0289756740436502,30
C1_IV_X,48,2026-04-02,AUR,-0.0025,0.0,-0.023402721203916732,30
C1_IV_X,48,2026-04-03,AUR,-0.0,0.0,-0.023402721203916732,30
C1_IV_X,48,2026-04-06,AUR,-0.0,0.0,-0.023402721203916732,30
C1_IV_X,48,2026-04-07,AUR,0.0,0.0,-0.023402721203916732,30
C1_IV_X,48,2026-04-08,AUR,0.0,0.0,-0.023402721203916732,30
C1_IV_X,48,2026-04-09,AUR,-0.0,0.0,-0.023402721203916732,30
C1_IV_X,48,2026-04-10,AUR,0.0,0.0,-0.023402721203916732,30
C1_IV_X,48,2026-04-13,AUR,0.0,0.0,-0.023402721203916732,30
C1_IV_X,48,2026-04-14,AUR,0.0,0.0,-0.023402721203916732,30
C1_IV_X,48,2026-04-15,AUR,-0.0,0.0,-0.023402721203916732,30
C1_IV_X,48,2026-04-16,AUR,0.0,0.0,-0.023402721203916732,30
C1_IV_X,48,2026-04-17,AUR,0.0,0.0,-0.023402721203916732,30
C1_IV_X,48,2026-04-20,AUR,0.0,0.0,-0.023402721203916732,30
C1_IV_X,48,2026-04-21,AUR,-0.0,0.0,-0.023402721203916732,30
C1_IV_X,48,2026-04-22,AUR,-0.0,0.0,-0.023402721203916732,30
C1_IV_X,48,2026-04-23,AUR,0.0,0.0,-0.023402721203916732,30
C1_IV_X,48,2026-04-24,AUR,0.0,0.0,-0.023402721203916732,30
C1_IV_X,48,2026-04-28,AUR,0.0,0.0,-0.023402721203916732,30
C1_IV_X,48,2026-04-29,AUR,-0.0,0.0,-0.023402721203916732,30
C1_IV_X,48,2026-04-02,QAUR,-0.0025,0.0,-0.023402721203916732,30
C1_IV_X,48,2026-04-03,QAUR,-0.0,0.0,-0.023402721203916732,30
C1_IV_X,48,2026-04-06,QAUR,-0.0,0.0,-0.023402721203916732,30
C1_IV_X,48,2026-04-07,QAUR,0.0,0.0,-0.023402721203916732,30
C1_IV_X,48,2026-04-08,QAUR,0.0,0.0,-0.023402721203916732,30
C1_IV_X,48,2026-04-09,QAUR,-0.0,0.0,-0.023402721203916732,30
C1_IV_X,48,2026-04-10,QAUR,0.0,0.0,-0.023402721203916732,30
C1_IV_X,48,2026-04-13,QAUR,0.0,0.0,-0.023402721203916732,30
C1_IV_X,48,2026-04-14,QAUR,0.0,0.0,-0.023402721203916732,30
C1_IV_X,48,2026-04-15,QAUR,-0.0,0.0,-0.023402721203916732,30
C1_IV_X,48,2026-04-16,QAUR,0.0,0.0,-0.023402721203916732,30
C1_IV_X,48,2026-04-17,QAUR,0.0,0.0,-0.023402721203916732,30
C1_IV_X,48,2026-04-20,QAUR,0.0,0.0,-0.023402721203916732,30
C1_IV_X,48,2026-04-21,QAUR,-0.0,0.0,-0.023402721203916732,30
C1_IV_X,48,2026-04-22,QAUR,-0.0,0.0,-0.023402721203916732,30
C1_IV_X,48,2026-04-23,QAUR,0.0,0.0,-0.023402721203916732,30
C1_IV_X,48,2026-04-24,QAUR,0.0,0.0,-0.023402721203916732,30
C1_IV_X,48,2026-04-28,QAUR,0.0,0.0,-0.023402721203916732,30
C1_IV_X,48,2026-04-29,QAUR,-0.0,0.0,-0.023402721203916732,30
C1_IV_X,49,2026-05-04,AUR,0.0002725565453174281,1.0,0.008201866397478996,30
C1_IV_X,49,2026-05-05,AUR,0.00499856711220668,1.0,0.008201866397478996,30
C1_IV_X,49,2026-05-06,AUR,-0.00421043461022849,1.0,0.008201866397478996,30
C1_IV_X,49,2026-05-07,AUR,0.008800693364969773,1.0,0.008201866397478996,30
C1_IV_X,49,2026-05-08,AUR,0.0031807656133929123,1.0,0.008201866397478996,30
C1_IV_X,49,2026-05-11,AUR,-0.006669513761507163,1.0,0.008201866397478996,30
C1_IV_X,49,2026-05-12,AUR,0.006738664301105588,1.0,0.008201866397478996,30
C1_IV_X,49,2026-05-13,AUR,-0.008246786240820266,1.0,0.008201866397478996,30
C1_IV_X,49,2026-05-14,AUR,0.0016682797562593739,1.0,0.008201866397478996,30
C1_IV_X,49,2026-05-15,AUR,0.011505267372482062,1.0,0.008201866397478996,30
C1_IV_X,49,2026-05-18,AUR,0.009891785260192092,1.0,0.008201866397478996,30
C1_IV_X,49,2026-05-19,AUR,0.00035680217227662073,1.0,0.008201866397478996,30
C1_IV_X,49,2026-05-20,AUR,-0.014342967409115876,1.0,0.008201866397478996,30
C1_IV_X,49,2026-05-21,AUR,0.002347530139655984,1.0,0.008201866397478996,30
C1_IV_X,49,2026-05-22,AUR,0.004808666500829626,1.0,0.008201866397478996,30
C1_IV_X,49,2026-05-25,AUR,0.011167465518818627,1.0,0.008201866397478996,30
C1_IV_X,49,2026-05-26,AUR,-0.00018974146067722805,1.0,0.008201866397478996,30
C1_IV_X,49,2026-05-27,AUR,0.006711526205355535,1.0,0.008201866397478996,30
C1_IV_X,49,2026-05-28,AUR,-0.003004103820776349,1.0,0.008201866397478996,30
C1_IV_X,49,2026-05-29,AUR,-0.001374144490541325,1.0,0.008201866397478996,30
C1_IV_X,49,2026-06-01,AUR,-0.002393828487771898,1.0,0.008201866397478996,30
C1_IV_X,49,2026-05-04,QAUR,0.0002725565453174281,1.0,0.008201866397478996,30
C1_IV_X,49,2026-05-05,QAUR,0.00499856711220668,1.0,0.008201866397478996,30
C1_IV_X,49,2026-05-06,QAUR,-0.00421043461022849,1.0,0.008201866397478996,30
C1_IV_X,49,2026-05-07,QAUR,0.008800693364969773,1.0,0.008201866397478996,30
C1_IV_X,49,2026-05-08,QAUR,0.0031807656133929123,1.0,0.008201866397478996,30
C1_IV_X,49,2026-05-11,QAUR,-0.006669513761507163,1.0,0.008201866397478996,30
C1_IV_X,49,2026-05-12,QAUR,0.006738664301105588,1.0,0.008201866397478996,30
C1_IV_X,49,2026-05-13,QAUR,-0.008246786240820266,1.0,0.008201866397478996,30
C1_IV_X,49,2026-05-14,QAUR,0.0016682797562593739,1.0,0.008201866397478996,30
C1_IV_X,49,2026-05-15,QAUR,0.011505267372482062,1.0,0.008201866397478996,30
C1_IV_X,49,2026-05-18,QAUR,0.009891785260192092,1.0,0.008201866397478996,30
C1_IV_X,49,2026-05-19,QAUR,0.00035680217227662073,1.0,0.008201866397478996,30
C1_IV_X,49,2026-05-20,QAUR,-0.014342967409115876,1.0,0.008201866397478996,30
C1_IV_X,49,2026-05-21,QAUR,0.002347530139655984,1.0,0.008201866397478996,30
C1_IV_X,49,2026-05-22,QAUR,0.004808666500829626,1.0,0.008201866397478996,30
C1_IV_X,49,2026-05-25,QAUR,0.011167465518818627,1.0,0.008201866397478996,30
C1_IV_X,49,2026-05-26,QAUR,-0.00018974146067722805,1.0,0.008201866397478996,30
C1_IV_X,49,2026-05-27,QAUR,0.006711526205355535,1.0,0.008201866397478996,30
C1_IV_X,49,2026-05-28,QAUR,-0.003004103820776349,1.0,0.008201866397478996,30
C1_IV_X,49,2026-05-29,QAUR,-0.001374144490541325,1.0,0.008201866397478996,30
C1_IV_X,49,2026-06-01,QAUR,-0.002393828487771898,1.0,0.008201866397478996,30
C1_IV_X,50,2026-06-02,AUR,-0.0025,0.0,-0.008845996241597653,30
C1_IV_X,50,2026-06-03,AUR,-0.0,0.0,-0.008845996241597653,30
C1_IV_X,50,2026-06-04,AUR,-0.0,0.0,-0.008845996241597653,30
C1_IV_X,50,2026-06-05,AUR,-0.0,0.0,-0.008845996241597653,30
C1_IV_X,50,2026-06-08,AUR,-0.0,0.0,-0.008845996241597653,30
C1_IV_X,50,2026-06-09,AUR,-0.0,0.0,-0.008845996241597653,30
C1_IV_X,50,2026-06-10,AUR,0.0,0.0,-0.008845996241597653,30
C1_IV_X,50,2026-06-11,AUR,0.0,0.0,-0.008845996241597653,30
C1_IV_X,50,2026-06-12,AUR,0.0,0.0,-0.008845996241597653,30
C1_IV_X,50,2026-06-15,AUR,0.0,0.0,-0.008845996241597653,30
C1_IV_X,50,2026-06-16,AUR,0.0,0.0,-0.008845996241597653,30
C1_IV_X,50,2026-06-17,AUR,-0.0,0.0,-0.008845996241597653,30
C1_IV_X,50,2026-06-18,AUR,-0.0,0.0,-0.008845996241597653,30
C1_IV_X,50,2026-06-19,AUR,-0.0,0.0,-0.008845996241597653,30
C1_IV_X,50,2026-06-22,AUR,-0.0,0.0,-0.008845996241597653,30
C1_IV_X,50,2026-06-23,AUR,0.0,0.0,-0.008845996241597653,30
C1_IV_X,50,2026-06-24,AUR,0.0,0.0,-0.008845996241597653,30
C1_IV_X,50,2026-06-25,AUR,0.0,0.0,-0.008845996241597653,30
C1_IV_X,50,2026-06-26,AUR,-0.0,0.0,-0.008845996241597653,30
C1_IV_X,50,2026-06-29,AUR,0.0,0.0,-0.008845996241597653,30
C1_IV_X,50,2026-06-30,AUR,-0.0,0.0,-0.008845996241597653,30
C1_IV_X,50,2026-07-01,AUR,0.0,0.0,-0.008845996241597653,30
C1_IV_X,50,2026-06-02,QAUR,-0.0025,0.0,-0.008845996241597653,30
C1_IV_X,50,2026-06-03,QAUR,-0.0,0.0,-0.008845996241597653,30
C1_IV_X,50,2026-06-04,QAUR,-0.0,0.0,-0.008845996241597653,30
C1_IV_X,50,2026-06-05,QAUR,-0.0,0.0,-0.008845996241597653,30
C1_IV_X,50,2026-06-08,QAUR,-0.0,0.0,-0.008845996241597653,30
C1_IV_X,50,2026-06-09,QAUR,-0.0,0.0,-0.008845996241597653,30
C1_IV_X,50,2026-06-10,QAUR,0.0,0.0,-0.008845996241597653,30
C1_IV_X,50,2026-06-11,QAUR,0.0,0.0,-0.008845996241597653,30
C1_IV_X,50,2026-06-12,QAUR,0.0,0.0,-0.008845996241597653,30
C1_IV_X,50,2026-06-15,QAUR,0.0,0.0,-0.008845996241597653,30
C1_IV_X,50,2026-06-16,QAUR,0.0,0.0,-0.008845996241597653,30
C1_IV_X,50,2026-06-17,QAUR,-0.0,0.0,-0.008845996241597653,30
C1_IV_X,50,2026-06-18,QAUR,-0.0,0.0,-0.008845996241597653,30
C1_IV_X,50,2026-06-19,QAUR,-0.0,0.0,-0.008845996241597653,30
C1_IV_X,50,2026-06-22,QAUR,-0.0,0.0,-0.008845996241597653,30
C1_IV_X,50,2026-06-23,QAUR,0.0,0.0,-0.008845996241597653,30
C1_IV_X,50,2026-06-24,QAUR,0.0,0.0,-0.008845996241597653,30
C1_IV_X,50,2026-06-25,QAUR,0.0,0.0,-0.008845996241597653,30
C1_IV_X,50,2026-06-26,QAUR,-0.0,0.0,-0.008845996241597653,30
C1_IV_X,50,2026-06-29,QAUR,0.0,0.0,-0.008845996241597653,30
C1_IV_X,50,2026-06-30,QAUR,-0.0,0.0,-0.008845996241597653,30
C1_IV_X,50,2026-07-01,QAUR,0.0,0.0,-0.008845996241597653,30
C1_IV_X,51,2026-07-02,AUR,-0.0021023821623858733,1.0,0.002656941114178135,30
C1_IV_X,51,2026-07-03,AUR,-0.005388276114261976,1.0,0.002656941114178135,30
C1_IV_X,51,2026-07-06,AUR,-0.009346580252095489,1.0,0.002656941114178135,30
C1_IV_X,51,2026-07-07,AUR,0.002799934562171292,1.0,0.002656941114178135,30
C1_IV_X,51,2026-07-08,AUR,0.008609306009152945,1.0,0.002656941114178135,30
C1_IV_X,51,2026-07-09,AUR,-0.0006627409185904626,1.0,0.002656941114178135,30
C1_IV_X,51,2026-07-10,AUR,-0.009939538184591935,1.0,0.002656941114178135,30
C1_IV_X,51,2026-07-13,AUR,-0.01387740048794367,1.0,0.002656941114178135,30
C1_IV_X,51,2026-07-14,AUR,0.010796931331550515,1.0,0.002656941114178135,30
C1_IV_X,51,2026-07-15,AUR,-0.005619542644736477,1.0,0.002656941114178135,30
C1_IV_X,51,2026-07-16,AUR,0.0021493545900677057,1.0,0.002656941114178135,30
C1_IV_X,51,2026-07-17,AUR,-0.012410168543211978,1.0,0.002656941114178135,30
C1_IV_X,51,2026-07-20,AUR,-0.014380974005927985,1.0,0.002656941114178135,30
C1_IV_X,51,2026-07-21,AUR,-0.002779014107045952,1.0,0.002656941114178135,30
C1_IV_X,51,2026-07-22,AUR,-0.01891550478080207,1.0,0.002656941114178135,30
C1_IV_X,51,2026-07-23,AUR,0.011750134463841298,1.0,0.002656941114178135,30
C1_IV_X,51,2026-07-24,AUR,-0.0009260888937863464,1.0,0.002656941114178135,30
C1_IV_X,51,2026-07-27,AUR,-0.00843724970942704,1.0,0.002656941114178135,30
C1_IV_X,51,2026-07-28,AUR,0.005444760197756077,1.0,0.002656941114178135,30
C1_IV_X,51,2026-07-29,AUR,0.017176005067390032,1.0,0.002656941114178135,30
C1_IV_X,51,2026-07-30,AUR,0.008434980994271144,1.0,0.002656941114178135,30
C1_IV_X,51,2026-07-31,AUR,0.00931856733269567,1.0,0.002656941114178135,30
C1_IV_X,51,2026-07-02,QAUR,-0.0021023821623858733,1.0,0.002656941114178135,30
C1_IV_X,51,2026-07-03,QAUR,-0.005388276114261976,1.0,0.002656941114178135,30
C1_IV_X,51,2026-07-06,QAUR,-0.009346580252095489,1.0,0.002656941114178135,30
C1_IV_X,51,2026-07-07,QAUR,0.002799934562171292,1.0,0.002656941114178135,30
C1_IV_X,51,2026-07-08,QAUR,0.008609306009152945,1.0,0.002656941114178135,30
C1_IV_X,51,2026-07-09,QAUR,-0.0006627409185904626,1.0,0.002656941114178135,30
C1_IV_X,51,2026-07-10,QAUR,-0.009939538184591935,1.0,0.002656941114178135,30
C1_IV_X,51,2026-07-13,QAUR,-0.01387740048794367,1.0,0.002656941114178135,30
C1_IV_X,51,2026-07-14,QAUR,0.010796931331550515,1.0,0.002656941114178135,30
C1_IV_X,51,2026-07-15,QAUR,-0.005619542644736477,1.0,0.002656941114178135,30
C1_IV_X,51,2026-07-16,QAUR,0.0021493545900677057,1.0,0.002656941114178135,30
C1_IV_X,51,2026-07-17,QAUR,-0.012410168543211978,1.0,0.002656941114178135,30
C1_IV_X,51,2026-07-20,QAUR,-0.014380974005927985,1.0,0.002656941114178135,30
C1_IV_X,51,2026-07-21,QAUR,-0.002779014107045952,1.0,0.002656941114178135,30
C1_IV_X,51,2026-07-22,QAUR,-0.01891550478080207,1.0,0.002656941114178135,30
C1_IV_X,51,2026-07-23,QAUR,0.011750134463841298,1.0,0.002656941114178135,30
C1_IV_X,51,2026-07-24,QAUR,-0.0009260888937863464,1.0,0.002656941114178135,30
C1_IV_X,51,2026-07-27,QAUR,-0.00843724970942704,1.0,0.002656941114178135,30
C1_IV_X,51,2026-07-28,QAUR,0.005444760197756077,1.0,0.002656941114178135,30
C1_IV_X,51,2026-07-29,QAUR,0.017176005067390032,1.0,0.002656941114178135,30
C1_IV_X,51,2026-07-30,QAUR,0.008434980994271144,1.0,0.002656941114178135,30
C1_IV_X,51,2026-07-31,QAUR,0.00931856733269567,1.0,0.002656941114178135,30
C1_IV_X,52,2026-08-03,AUR,-0.0025,0.0,-0.040424827419010434,30
C1_IV_X,52,2026-08-04,AUR,0.0,0.0,-0.040424827419010434,30
C1_IV_X,52,2026-08-05,AUR,0.0,0.0,-0.040424827419010434,30
C1_IV_X,52,2026-08-06,AUR,-0.0,0.0,-0.040424827419010434,30
C1_IV_X,52,2026-08-07,AUR,-0.0,0.0,-0.040424827419010434,30
C1_IV_X,52,2026-08-10,AUR,0.0,0.0,-0.040424827419010434,30
C1_IV_X,52,2026-08-11,AUR,-0.0,0.0,-0.040424827419010434,30
C1_IV_X,52,2026-08-12,AUR,-0.0,0.0,-0.040424827419010434,30
C1_IV_X,52,2026-08-13,AUR,0.0,0.0,-0.040424827419010434,30
C1_IV_X,52,2026-08-14,AUR,-0.0,0.0,-0.040424827419010434,30
C1_IV_X,52,2026-08-17,AUR,0.0,0.0,-0.040424827419010434,30
C1_IV_X,52,2026-08-18,AUR,0.0,0.0,-0.040424827419010434,30
C1_IV_X,52,2026-08-19,AUR,0.0,0.0,-0.040424827419010434,30
C1_IV_X,52,2026-08-20,AUR,0.0,0.0,-0.040424827419010434,30
C1_IV_X,52,2026-08-21,AUR,0.0,0.0,-0.040424827419010434,30
C1_IV_X,52,2026-08-24,AUR,-0.0,0.0,-0.040424827419010434,30
C1_IV_X,52,2026-08-25,AUR,-0.0,0.0,-0.040424827419010434,30
C1_IV_X,52,2026-08-26,AUR,0.0,0.0,-0.040424827419010434,30
C1_IV_X,52,2026-08-27,AUR,-0.0,0.0,-0.040424827419010434,30
C1_IV_X,52,2026-08-28,AUR,0.0,0.0,-0.040424827419010434,30
C1_IV_X,52,2026-08-03,QAUR,-0.0025,0.0,-0.040424827419010434,30
C1_IV_X,52,2026-08-04,QAUR,0.0,0.0,-0.040424827419010434,30
C1_IV_X,52,2026-08-05,QAUR,0.0,0.0,-0.040424827419010434,30
C1_IV_X,52,2026-08-06,QAUR,-0.0,0.0,-0.040424827419010434,30
C1_IV_X,52,2026-08-07,QAUR,-0.0,0.0,-0.040424827419010434,30
C1_IV_X,52,2026-08-10,QAUR,0.0,0.0,-0.040424827419010434,30
C1_IV_X,52,2026-08-11,QAUR,-0.0,0.0,-0.040424827419010434,30
C1_IV_X,52,2026-08-12,QAUR,-0.0,0.0,-0.040424827419010434,30
C1_IV_X,52,2026-08-13,QAUR,0.0,0.0,-0.040424827419010434,30
C1_IV_X,52,2026-08-14,QAUR,-0.0,0.0,-0.040424827419010434,30
C1_IV_X,52,2026-08-17,QAUR,0.0,0.0,-0.040424827419010434,30
C1_IV_X,52,2026-08-18,QAUR,0.0,0.0,-0.040424827419010434,30
C1_IV_X,52,2026-08-19,QAUR,0.0,0.0,-0.040424827419010434,30
C1_IV_X,52,2026-08-20,QAUR,0.0,0.0,-0.040424827419010434,30
C1_IV_X,52,2026-08-21,QAUR,0.0,0.0,-0.040424827419010434,30
C1_IV_X,52,2026-08-24,QAUR,-0.0,0.0,-0.040424827419010434,30
C1_IV_X,52,2026-08-25,QAUR,-0.0,0.0,-0.040424827419010434,30
C1_IV_X,52,2026-08-26,QAUR,0.0,0.0,-0.040424827419010434,30
C1_IV_X,52,2026-08-27,QAUR,-0.0,0.0,-0.040424827419010434,30
C1_IV_X,52,2026-08-28,QAUR,0.0,0.0,-0.040424827419010434,30
