fold,decision_time,ticker,xgb_signal,momentum_signal,liquidity_20d,volatility_20d,return_20d,return_60d
0,2022-04-01,AAM,0.38181818181818183,0.8090909090909091,1810177159.8513012,0.04343682907069215,0.12468619246861934,0.1872791519434629
0,2022-04-01,ASM,0.8181818181818182,0.9636363636363636,176441982532.8947,0.03348574647741231,0.404585798816568,0.47782101167315183
0,2022-04-01,ASP,0.6545454545454545,0.23636363636363636,7332226988.826816,0.03817195937603324,-0.14438502673796794,-0.010819165378670781
0,2022-04-01,AST,0.5,0.6090909090909091,1309028645.1612904,0.01018205493843909,0.00855470508779832,0.13734450368113738
0,2022-04-01,BKG,0.35454545454545455,0.26363636363636367,9831545659.708736,0.02124678398151005,-0.013333333333333308,-0.13644524236983846
0,2022-04-01,BMP,0.3181818181818182,0.6681818181818182,5191841123.061531,0.0206952758588809,0.043185222166749915,0.11857601713062094
0,2022-04-01,BTP,0.8636363636363636,0.46136363636363636,145652905.2808047,0.01541530898663823,0.0,0.005766062602965416
0,2022-04-01,BWE,0.7454545454545455,0.7772727272727272,15460545123.932764,0.018480055881848426,0.06087849987156435,0.20760233918128645
0,2022-04-01,CCI,0.7090909090909091,0.7363636363636363,215269281.1083123,0.0361666573508583,0.011888431641517982,0.43421905379131553
0,2022-04-01,CCL,0.42727272727272725,0.16363636363636364,10053280038.602942,0.022360082889662253,-0.06523605150214595,-0.11964430072756671
0,2022-04-01,CIG,0.19090909090909092,0.8227272727272728,14553160000.0,0.03988374778170512,0.17647058823529416,0.16788321167883202
0,2022-04-01,CLC,0.2545454545454545,0.6772727272727272,853072007.5456712,0.017545883284846353,0.0661386138613862,0.0965376782077394
0,2022-04-01,CLL,0.17272727272727273,0.5636363636363637,3097562914.1104293,0.02260070933227079,0.024858264282599185,0.049107142857142794
0,2022-04-01,CSM,0.5909090909090909,0.3318181818181818,789367049.522673,0.012059238058428866,-0.026423957721667612,-0.05202973127501431
0,2022-04-01,CTI,0.41818181818181815,0.5045454545454545,32063609171.511627,0.023619412991991055,0.08908467939304954,-0.08586688578471646
0,2022-04-01,DAH,0.34545454545454546,0.4090909090909091,27443748000.0,0.03233046604514316,-0.0404411764705882,0.05668016194331993
0,2022-04-01,DCL,0.37272727272727274,0.15454545454545454,4854625000.0,0.021542147562447923,-0.06578947368421051,-0.12345679012345678
0,2022-04-01,DCM,0.44545454545454544,0.8181818181818181,417707904492.9245,0.041331850654477906,0.09421768707482991,0.21167608286252348
0,2022-04-01,DGW,0.12727272727272726,0.8545454545454545,95855862418.05879,0.03578105652624963,0.2152187435206303,0.1869177804779263
0,2022-04-01,DHC,0.6727272727272727,0.5181818181818182,22534945239.525692,0.021535224171792475,0.05344655344655336,-0.0482851985559567
0,2022-04-01,DLG,0.9818181818181818,0.2,64530523300.0,0.03655301862571019,-0.02533333333333332,-0.2502564102564102
0,2022-04-01,DMC,0.23636363636363636,0.5181818181818182,1505211739.1304348,0.012412921867942125,-0.008653652646407717,0.09661620658949244
0,2022-04-01,DQC,0.8454545454545455,0.48636363636363633,31162425821.675373,0.05267087864363913,-0.14868804664723034,0.4604868289429811
0,2022-04-01,DSN,0.6,0.40909090909090906,541401463.4146341,0.01608597571914847,0.0008314855875830585,-0.04344370860927149
0,2022-04-01,DTA,0.8,0.6363636363636364,1373313613.5857463,0.03044758072716274,0.15858310626702998,-0.011162790697674452
0,2022-04-01,DTL,0.9090909090909091,0.6454545454545455,102555000.0,0.03175767092869936,-0.02930402930402931,0.536231884057971
0,2022-04-01,DXV,0.4636363636363636,0.65,953454000.0,0.034388341283448816,0.11382113821138207,0.022388059701492713
0,2022-04-01,EIB,0.45454545454545453,0.7681818181818182,24809894969.11701,0.02233492884871813,0.1812408402540302,0.10059171597633143
0,2022-04-01,FDC,0.02727272727272727,0.990909090909091,3746090000.0,0.04248194675777661,0.4624505928853755,1.3197492163009406
0,2022-04-01,FTM,0.9636363636363636,0.3818181818181818,8820838800.0,0.04154138333419095,0.07299270072992692,-0.302491103202847
0,2022-04-01,GTA,0.7,0.4818181818181818,725543274.2355238,0.031115529772593447,0.00832177531206657,0.016783216783216703
0,2022-04-01,GVR,0.5818181818181818,0.2681818181818182,62297118023.25581,0.01720410692132568,-0.04039204039204025,-0.06618497109826582
0,2022-04-01,HAG,0.05454545454545454,0.5363636363636364,309413195750.0,0.034009329791568545,0.10504201680672276,-0.07719298245614037
0,2022-04-01,HAR,0.9,0.2,32591983750.0,0.03840208144224554,-0.01834862385321101,-0.2818791946308725
0,2022-04-01,HBC,0.20909090909090908,0.3545454545454545,163578387065.56018,0.02561544178424251,-0.007390120575651471,-0.07536231884057976
0,2022-04-01,HNG,0.7818181818181819,0.26590909090909093,135461697600.0,0.02843765665069603,0.0,-0.22307692307692306
0,2022-04-01,HPX,0.7545454545454545,0.2636363636363636,14412781000.0,0.014788065363838334,-0.030794165316045397,-0.09667673716012082
0,2022-04-01,HQC,0.9545454545454546,0.6590909090909091,230809672000.0,0.04903330313414443,0.17165149544863456,-0.0055187637969095205
0,2022-04-01,HSG,0.045454545454545456,0.21363636363636362,448356164381.42126,0.025634136290714683,-0.12369845897542686,-0.03086135421464764
0,2022-04-01,HSL,0.6181818181818182,0.35909090909090907,2170966822.3140497,0.022165018426273168,-0.03546099290780147,0.0012269938650306678
0,2022-04-01,HTI,0.13636363636363635,0.55,483125746.2932455,0.008077774070196986,0.03088480801335569,0.036073825503355694
0,2022-04-01,HTL,0.1,0.49090909090909096,88778279.50819673,0.025063817374126,0.031147540983606614,-0.02024922118380057
0,2022-04-01,HTV,0.11818181818181818,0.7863636363636364,422269454.10235584,0.02497846554338815,0.16317991631799167,0.1319218241042346
0,2022-04-01,HU1,0.6818181818181818,0.759090909090909,790371722.4149896,0.041092987769478506,0.05380852550663873,0.19777601270849887
0,2022-04-01,ICT,0.5181818181818182,0.6,3750909456.0,0.021557529733404666,0.046984572230013955,0.036805555555555536
0,2022-04-01,ITC,0.990909090909091,0.3045454545454545,18262416189.665653,0.02974728555142667,0.016274864376130127,-0.23363636363636364
0,2022-04-01,JVC,0.6090909090909091,0.8363636363636364,82687043000.0,0.04272859090914803,0.1502347417840375,0.2068965517241379
0,2022-04-01,KMR,0.6454545454545455,0.33636363636363636,3979838700.0,0.02917531783678103,-0.0011049723756906271,-0.09145728643216078
0,2022-04-01,LDG,0.06363636363636363,0.21363636363636362,211784400470.3437,0.04073390941752785,-0.06222222222222218,-0.07725947521865895
0,2022-04-01,LGL,0.6272727272727273,0.15454545454545454,5382584500.0,0.029814248278151018,-0.04385964912280704,-0.19259259259259254
0,2022-04-01,LM8,0.5272727272727272,0.4772727272727273,206659532.00371057,0.023784635478837947,0.020220588235294157,-0.015957446808510634
0,2022-04-01,MCG,0.5636363636363636,0.40454545454545454,15857354400.0,0.03650096798407463,-0.010101010101010055,-0.015075376884422065
0,2022-04-01,MDG,0.5545454545454546,0.7772727272727272,236655685.66775244,0.028127069241141837,0.049518569463548934,0.22275641025641035
0,2022-04-01,MHC,0.8727272727272727,0.11818181818181818,8955119843.212238,0.018894580785860846,-0.06909090909090909,-0.15650741350906094
0,2022-04-01,NAF,0.8909090909090909,0.4590909090909091,6683484427.302997,0.021445106015898618,0.03331542181622793,-0.05503685503685507
0,2022-04-01,NBB,0.9272727272727272,0.09545454545454546,59735780750.0,0.03645193364208259,-0.05899705014749268,-0.28635346756152125
0,2022-04-01,NCT,0.7363636363636363,0.48636363636363633,879886554.6666666,0.006503045183360591,-0.0058211324748632665,0.03793738489871079
0,2022-04-01,NVT,0.00909090909090909,0.9954545454545455,3693968500.0,0.04854621905461184,0.9146757679180888,1.2991803278688523
0,2022-04-01,OGC,0.01818181818181818,0.9818181818181819,70614764750.0,0.04963580530399978,0.6280991735537189,0.7433628318584071
0,2022-04-01,PAN,0.43636363636363634,0.19545454545454544,78519472941.9585,0.01734076597943323,-0.03319502074688796,-0.17022792022792022
0,2022-04-01,PET,0.22727272727272727,0.9636363636363636,60041896452.32816,0.04009501225668411,0.24611398963730569,0.8040318799812471
0,2022-04-01,PGC,0.4727272727272727,0.19545454545454546,3557574202.5989366,0.023222774489419857,-0.14710743801652892,-0.03551401869158877
0,2022-04-01,PHR,0.36363636363636365,0.5681818181818181,47502781180.20095,0.018162220307131063,-0.008575297126523274,0.1411255411255412
0,2022-04-01,PIT,0.2,0.8590909090909091,1542307500.0,0.052999295485115346,0.13942307692307687,0.22543950361944165
0,2022-04-01,PTL,0.39090909090909093,0.07727272727272727,11504391250.0,0.027877533857714108,-0.12292358803986714,-0.21194029850746265
0,2022-04-01,PVD,0.09090909090909091,0.4136363636363637,316969860074.6813,0.03196281639698021,-0.051347881899871606,0.10463378176382654
0,2022-04-01,PXI,0.9727272727272728,0.031818181818181815,3388403000.0,0.03534264590683383,-0.15917843388960207,-0.2539863325740319
0,2022-04-01,PXS,0.32727272727272727,0.3136363636363636,15224284000.0,0.03998815790028232,-0.11913357400722024,0.042735042735042805
0,2022-04-01,QBS,0.6363636363636364,0.4409090909090909,19449682000.0,0.032322692503992334,0.061196105702364445,-0.128
0,2022-04-01,QCG,0.8545454545454545,0.6181818181818182,19144920000.0,0.042140806582033535,0.16058394160583944,-0.030487804878048808
0,2022-04-01,SC5,0.8818181818181818,0.35909090909090907,55594975.1984127,0.028239539055405126,-0.06244087038789026,0.04978813559322037
0,2022-04-01,SCR,0.9454545454545454,0.29545454545454547,237970437901.74567,0.034091457694710454,-0.044433827042522744,-0.020568070519098924
0,2022-04-01,SFG,0.4909090909090909,0.4409090909090909,3599061315.761162,0.04466312615818745,-0.0694294940796556,0.17220338983050842
0,2022-04-01,SFI,0.18181818181818182,0.790909090909091,1063771323.7410072,0.026049747058369835,0.12102728731942225,0.16789297658862878
0,2022-04-01,SGN,0.5727272727272728,0.49090909090909085,355173240.91580504,0.006845242176440113,-0.03144471815678884,0.12943562014193977
0,2022-04-01,SHA,0.7181818181818181,0.3181818181818182,1494150617.2839506,0.01405767559472006,-0.017881705639614887,-0.0798969072164949
0,2022-04-01,SKG,0.2636363636363636,0.85,32328265115.30055,0.03175644393834975,0.10228640192539107,0.283812193412754
0,2022-04-01,SPM,0.6909090909090909,0.40909090909090906,418379914.92537314,0.024822612832263894,-0.023497267759562845,0.005061867266591635
0,2022-04-01,SRC,0.9181818181818182,0.38636363636363635,207484503.84024578,0.012290588330295624,0.02086553323029361,-0.09706083390293918
0,2022-04-01,SRF,0.21818181818181817,0.8681818181818182,1080306000.0,0.03007677838979024,0.21580547112462,0.19760479041916157
0,2022-04-01,ST8,0.8363636363636363,0.32272727272727275,63213437.17948718,0.028067481135545008,0.008536585365853666,-0.13584117032392895
0,2022-04-01,STB,0.10909090909090909,0.5272727272727273,522553576750.0,0.017906165145764912,0.006250000000000089,0.05573770491803298
0,2022-04-01,STG,0.2818181818181818,0.6090909090909091,379756000.0,0.018056157522432226,0.03571428571428581,0.07046979865771807
0,2022-04-01,TCR,0.8272727272727273,0.13181818181818183,389391000.0,0.026749264150005808,-0.08010680907877166,-0.1278481012658228
0,2022-04-01,TDC,0.509090909090909,0.15,17470664007.744434,0.024725439608659028,-0.047530288909599205,-0.16842961757526442
0,2022-04-01,TDG,0.33636363636363636,0.36818181818181817,7892041318.696121,0.028593826300284703,-0.03687635574837311,0.0183486238532109
0,2022-04-01,TLG,0.14545454545454545,0.5818181818181818,2657798455.263158,0.016845151559853184,0.043082311733800394,0.0347463516330786
0,2022-04-01,TMT,0.08181818181818182,0.8409090909090909,1162209477.7070065,0.034256935588101396,0.2601476014760147,0.14405360134003353
0,2022-04-01,TNC,0.07272727272727272,0.9454545454545454,453262799.34558266,0.0559807562106498,0.3095464636853791,0.426744989633725
0,2022-04-01,TNI,0.4,0.20454545454545453,17950112000.0,0.03161726839163596,-0.03488372093023251,-0.14959016393442626
0,2022-04-01,TNT,0.3090909090909091,0.5,9327480000.0,0.03654461364679946,0.05014749262536866,-0.06315789473684208
0,2022-04-01,TRC,0.5363636363636364,0.42272727272727273,1249217172.1607316,0.023305408158990282,-0.037439613526570104,0.06636339309606631
0,2022-04-01,TTA,0.7909090909090909,0.2,12542120560.456272,0.01840128961114131,-0.04470588235294115,-0.10243183492999264
0,2022-04-01,TTF,0.4090909090909091,0.8272727272727273,145887975000.0,0.02790939309085866,0.0732484076433122,0.22992700729927007
0,2022-04-01,TVT,0.6636363636363637,0.6545454545454545,644450401.5625,0.025191918694708187,0.038591413410516084,0.13018372703412084
0,2022-04-01,UDC,0.9363636363636364,0.9181818181818182,4622000000.0,0.042536762089679145,0.19767441860465107,0.40454545454545454
0,2022-04-01,VCB,0.24545454545454545,0.46818181818181814,96354796062.05862,0.015406075111595963,-0.024889263868382194,0.05596162631338508
0,2022-04-01,VGC,0.16363636363636364,0.8636363636363636,71330328047.0914,0.029763335349587867,0.19447779111644659,0.20576829859428014
0,2022-04-01,VID,0.7636363636363637,0.16818181818181818,1105863627.3209548,0.014976011772569154,-0.08364544319600498,-0.08020050125313283
0,2022-04-01,VJC,0.2909090909090909,0.5954545454545455,140021412844.26923,0.020978599295024075,0.010818877075172484,0.1182418489475856
0,2022-04-01,VMD,0.7272727272727273,0.12272727272727273,1080953626.3498921,0.02785919289413348,-0.13735875706214684,-0.1180505415162455
0,2022-04-01,VNG,0.4818181818181818,0.4363636363636364,4126313500.0,0.014908306455428394,-0.06818181818181823,0.1590106007067138
0,2022-04-01,VOS,0.5454545454545454,0.75,84852612213.41165,0.03681452737514418,0.041297935103244754,0.2165422171165996
0,2022-04-01,VPD,0.15454545454545454,0.5727272727272728,613938840.7494146,0.00909139192445402,0.04275534441805218,0.03132341425215346
0,2022-04-01,VPH,0.03636363636363636,0.7636363636363637,15996427400.08688,0.036924827827296364,0.03933910306845001,0.2392120075046904
0,2022-04-01,VPI,0.3,0.5,84306110478.17715,0.013925569668494444,-0.03680727874276257,0.14419061655612864
0,2022-04-01,VPS,0.8090909090909091,0.30454545454545456,229293751.97889185,0.011111210151638733,-0.02951388888888884,-0.06988352745424298
0,2022-04-01,VRC,1.0,0.022727272727272728,13478777000.0,0.039921146849042584,-0.27884615384615385,-0.25619834710743805
0,2022-04-01,VRE,0.2727272727272727,0.5863636363636364,162817441278.44604,0.015691634892885158,0.00889843510279209,0.11608961303462317
0,2022-04-01,VTO,0.7727272727272727,0.7954545454545454,17664453906.3093,0.028434939907616513,0.06815869786368256,0.2110726643598615
1,2022-04-29,AAM,0.5909090909090909,0.8772727272727272,1136000000.0,0.04632860026372815,-0.009516837481698404,0.21019677996422192
1,2022-04-29,ASM,0.5818181818181818,0.6409090909090909,180146000000.0,0.05293629111749586,-0.21385706492089473,0.3354958294717332
1,2022-04-29,ASP,0.9545454545454546,0.2318181818181818,2916500000.0,0.03781217742901085,-0.2950075642965204,-0.1012536162005786
1,2022-04-29,AST,0.12727272727272726,0.9090909090909091,3443500000.0,0.027929027341911234,0.0365716849899036,0.1794740873117182
1,2022-04-29,BKG,0.7636363636363637,0.3181818181818182,3365500000.0,0.03289208756493855,-0.20803295571575697,-0.13009049773755654
1,2022-04-29,BMP,0.18636363636363637,0.7863636363636364,5431500000.0,0.023102855032887566,0.003303684879288449,0.03350785340314144
1,2022-04-29,BTP,0.2,0.8136363636363637,1842500000.0,0.01892745844392307,0.016380016380016293,0.0419815281276239
1,2022-04-29,BWE,0.22727272727272727,0.9181818181818182,23790000000.0,0.029141856221735284,0.027139364303178537,0.20338012030936703
1,2022-04-29,CCI,0.2727272727272727,0.8954545454545455,305500000.0,0.039291395131410056,-0.00928505106778088,0.24868344060854297
1,2022-04-29,CCL,0.7727272727272727,0.2727272727272727,4963500000.0,0.034510919296694954,-0.23169601482854496,-0.14799588900308325
1,2022-04-29,CIG,0.6363636363636364,0.5272727272727272,7287000000.0,0.055099934684957656,-0.31034482758620685,0.3173652694610778
1,2022-04-29,CLC,0.2636363636363636,0.6772727272727272,896500000.0,0.012708392701121212,-0.06085043988269789,0.038087520259319385
1,2022-04-29,CLL,0.2909090909090909,0.6590909090909092,2854000000.0,0.023986065883672473,-0.033242258652094736,-0.006086142322097365
1,2022-04-29,CSM,0.15454545454545454,0.6681818181818182,3524500000.0,0.03148280185977805,-0.04693140794223827,0.011494252873563315
1,2022-04-29,CTI,1.0,0.18181818181818182,18174500000.0,0.03802482982735867,-0.30573248407643316,-0.15127919911012233
1,2022-04-29,DAH,0.6272727272727273,0.7454545454545454,11932500000.0,0.04216632828672082,-0.09375,0.20707596253902194
1,2022-04-29,DCL,0.10909090909090909,0.32272727272727275,4051000000.0,0.028406163923294817,-0.1491477272727273,-0.20345744680851063
1,2022-04-29,DCM,0.7272727272727273,0.7818181818181819,260398000000.0,0.04431857529364696,-0.10022342802425788,0.4367991845056065
1,2022-04-29,DGW,0.6727272727272727,0.8909090909090909,141130500000.0,0.04193663255318077,-0.021076868579525287,0.3900905432595574
1,2022-04-29,DHC,0.21818181818181817,0.8227272727272728,40936500000.0,0.026827298919350415,0.011330049261083719,0.05770221535291098
1,2022-04-29,DLG,0.8090909090909091,0.25,22769000000.0,0.04853089004483878,-0.24723756906077343,-0.1484375
1,2022-04-29,DMC,0.11818181818181818,0.6954545454545454,3064000000.0,0.029494561804620744,-0.05230769230769228,0.026438569206842955
1,2022-04-29,DQC,0.9363636363636364,0.1409090909090909,9593500000.0,0.05077019433129999,-0.31646489104116227,-0.18785960874568475
1,2022-04-29,DSN,0.23636363636363636,0.6409090909090909,511500000.0,0.010064333999739038,-0.0569962182603998,0.010419681620839283
1,2022-04-29,DTA,0.05454545454545454,0.03636363636363636,885500000.0,0.02666823625140159,-0.40093023255813953,-0.3381294964028777
1,2022-04-29,DTL,0.6545454545454545,0.45,43500000.0,0.015909686505868565,-0.14814814814814814,-0.05154639175257736
1,2022-04-29,DXV,0.509090909090909,0.5272727272727272,227500000.0,0.03709191215947244,-0.2157575757575757,0.06942148760330569
1,2022-04-29,EIB,0.13636363636363635,0.33636363636363636,9223500000.0,0.020867015575487452,-0.18682235195996666,-0.14995640802092414
1,2022-04-29,FDC,0.41818181818181815,0.6590909090909092,1613500000.0,0.021050201046675706,-0.21657754010695185,0.8198757763975153
1,2022-04-29,FTM,0.7545454545454545,0.06818181818181818,2889000000.0,0.05176961903039406,-0.3515901060070671,-0.28180039138943247
1,2022-04-29,GTA,0.4909090909090909,0.6909090909090909,200500000.0,0.012444201744258705,-0.03112033195020747,0.012283236994219626
1,2022-04-29,GVR,0.6909090909090909,0.4318181818181818,105217500000.0,0.04041007036961468,-0.15157232704402512,-0.06025774991292232
1,2022-04-29,HAG,0.6181818181818182,0.23636363636363636,205358500000.0,0.04725900032906117,-0.22137404580152675,-0.19367588932806323
1,2022-04-29,HAR,0.8818181818181818,0.40909090909090906,9464500000.0,0.05016686021014924,-0.24117647058823533,0.0038910505836575737
1,2022-04-29,HBC,0.7454545454545455,0.2363636363636364,136066500000.0,0.04596917898315551,-0.20016077170418012,-0.2667649226234341
1,2022-04-29,HNG,0.8454545454545455,0.15454545454545454,82724000000.0,0.038253068712651765,-0.2722772277227723,-0.21808510638297873
1,2022-04-29,HPX,0.3,0.40454545454545454,8994500000.0,0.01249339449336758,-0.09999999999999998,-0.17050691244239635
1,2022-04-29,HQC,0.9181818181818182,0.21363636363636362,114175500000.0,0.053543294117987195,-0.32413793103448274,-0.0953846153846154
1,2022-04-29,HSG,0.01818181818181818,0.3909090909090909,195481500000.0,0.027154101455031963,-0.191747572815534,-0.06618059450364555
1,2022-04-29,HSL,0.5727272727272728,0.5045454545454545,1430000000.0,0.041570480502178604,-0.1115196078431373,-0.047306176084099816
1,2022-04-29,HTI,0.35454545454545455,0.7181818181818183,790000000.0,0.01801654817673399,-0.02786885245901638,0.018900343642611617
1,2022-04-29,HTL,0.4727272727272727,0.5545454545454546,93059550.0,0.030348367220769275,-0.05655737704918029,-0.06498781478472782
1,2022-04-29,HTV,0.36363636363636365,0.6181818181818182,531500000.0,0.04003151767798474,-0.07674597083653112,0.01347935973041281
1,2022-04-29,HU1,0.37272727272727274,0.8454545454545455,211642200.0,0.04082325175473696,-0.02012491325468424,0.1835708298407377
1,2022-04-29,ICT,0.7363636363636363,0.40909090909090906,4729500000.0,0.03450781795057118,-0.1599203715992037,-0.06774668630338732
1,2022-04-29,ITC,0.6818181818181818,0.3772727272727273,9040500000.0,0.028492804564989645,-0.20604229607250757,-0.06142857142857139
1,2022-04-29,JVC,0.9272727272727272,0.40454545454545454,30750000000.0,0.0473062830750528,-0.3458333333333333,0.07240437158469937
1,2022-04-29,KMR,0.6454545454545455,0.2863636363636364,2084500000.0,0.03763270235933134,-0.2530521642619312,-0.07427785419532329
1,2022-04-29,LDG,0.8636363636363636,0.42272727272727273,95487500000.0,0.05443460788330117,-0.21046707934721443,-0.013361462728551321
1,2022-04-29,LGL,0.990909090909091,0.09090909090909091,2103500000.0,0.04107745960830699,-0.3127962085308057,-0.30952380952380953
1,2022-04-29,LM8,0.5,0.6545454545454545,140500000.0,0.012485190026101824,-0.05750224618149147,0.01352657004830915
1,2022-04-29,MCG,0.9454545454545454,0.03636363636363636,5982000000.0,0.04842387366191134,-0.3879837067209776,-0.3395604395604396
1,2022-04-29,MDG,0.4090909090909091,0.8545454545454545,93500000.0,0.03464794807906215,-0.03734707018673533,0.3160211267605635
1,2022-04-29,MHC,0.7090909090909091,0.2681818181818182,8071500000.0,0.039272487511900704,-0.22047244094488194,-0.1574468085106383
1,2022-04-29,NAF,0.5545454545454546,0.5318181818181819,6021000000.0,0.03354582893397202,-0.1716692996313849,0.018782383419689186
1,2022-04-29,NBB,0.00909090909090909,0.06363636363636363,29118000000.0,0.04515718340500771,-0.34959349593495936,-0.32659932659932656
1,2022-04-29,NCT,0.2818181818181818,0.8681818181818182,2533500000.0,0.016144526942480173,0.049325762952448615,0.07723132969034618
1,2022-04-29,NVT,0.8272727272727273,0.5,2239500000.0,0.05344615334274926,-0.4129353233830846,0.5391304347826087
1,2022-04-29,OGC,0.8909090909090909,0.7318181818181818,55115000000.0,0.055196015066789485,-0.16839378238341973,1.1485943775100402
1,2022-04-29,PAN,0.16363636363636364,0.35,55625000000.0,0.027110632326937344,-0.19361793876670974,-0.11709159584513695
1,2022-04-29,PET,0.5636363636363636,0.6545454545454545,59657000000.0,0.053469728243621076,-0.21323324993049764,0.4142928535732133
1,2022-04-29,PGC,0.44545454545454544,0.6272727272727273,1907000000.0,0.03089333307061157,-0.04387688277668633,-0.01550910316925147
1,2022-04-29,PHR,0.5181818181818182,0.41363636363636364,88385500000.0,0.045878002413939044,-0.1336874051593323,-0.11392208598478981
1,2022-04-29,PIT,0.5454545454545454,0.709090909090909,460000000.0,0.03845901717099326,-0.13793103448275867,0.2195121951219512
1,2022-04-29,PTL,0.8363636363636363,0.03636363636363636,6823000000.0,0.05082284977741492,-0.3517241379310345,-0.34923076923076923
1,2022-04-29,PVD,0.9727272727272728,0.13181818181818183,181516500000.0,0.04254464887211245,-0.2885375494071146,-0.25671025464556085
1,2022-04-29,PXI,0.9090909090909091,0.11363636363636363,1526000000.0,0.05349666059684871,-0.3421461897356143,-0.20934579439252332
1,2022-04-29,PXS,0.8545454545454545,0.01818181818181818,5167000000.0,0.05232286870728666,-0.4321285140562249,-0.34838709677419355
1,2022-04-29,QBS,0.8,0.7090909090909091,22964500000.0,0.05270202806212336,-0.1449864498644986,0.232421875
1,2022-04-29,QCG,0.6,0.5,8518000000.0,0.05194754475022656,-0.2247557003257329,0.053097345132743445
1,2022-04-29,SC5,0.20909090909090908,0.6,49694300.0,0.03236183198653564,-0.06695992179863153,-0.006763787721123848
1,2022-04-29,SCR,0.7818181818181819,0.45,109299500000.0,0.04036888488509618,-0.19822639540949405,-0.012210796915167133
1,2022-04-29,SFG,0.39090909090909093,0.5045454545454545,974000000.0,0.027459806643223336,-0.11757648470305937,-0.0460440985732814
1,2022-04-29,SFI,0.14545454545454545,0.8681818181818182,477000000.0,0.023586834039539054,-0.008335728657660302,0.171875
1,2022-04-29,SGN,0.17272727272727273,0.6818181818181818,680000000.0,0.0149753083057821,-0.07430711610486895,0.04569301066170239
1,2022-04-29,SHA,0.45454545454545453,0.6181818181818182,538000000.0,0.03188394469494695,-0.09636871508379885,0.023734177215189778
1,2022-04-29,SKG,0.6090909090909091,0.6318181818181818,17137500000.0,0.03867847226104712,-0.17773131207527448,0.16864784546805356
1,2022-04-29,SPM,0.43636363636363634,0.7272727272727273,144585700.0,0.034032146579924136,-0.0497787610619469,0.052696078431372584
1,2022-04-29,SRC,0.4,0.5181818181818182,242500000.0,0.0256262643781409,-0.08089368258859786,-0.05317460317460321
1,2022-04-29,SRF,0.32727272727272727,0.5045454545454545,317000000.0,0.03562218627692017,-0.12189054726368154,-0.019444444444444486
1,2022-04-29,ST8,0.03636363636363636,0.8863636363636364,214500000.0,0.02842400075534427,0.07709750566893425,0.11241217798594838
1,2022-04-29,STB,0.02727272727272727,0.3363636363636363,326449500000.0,0.02744932712903201,-0.12618296529968454,-0.21751412429378536
1,2022-04-29,STG,0.3181818181818182,0.6772727272727272,1200500000.0,0.03558853964235352,-0.02515723270440251,-0.0016103059581320522
1,2022-04-29,TCR,0.5272727272727272,0.35,171500000.0,0.04791927354587174,-0.14729729729729735,-0.18051948051948052
1,2022-04-29,TDC,0.07272727272727272,0.16363636363636364,9812500000.0,0.043717094775432216,-0.25830441249380265,-0.23282051282051286
1,2022-04-29,TDG,0.9818181818181818,0.13181818181818183,3668000000.0,0.040503133162748235,-0.27941176470588236,-0.26016260162601623
1,2022-04-29,TLG,0.18636363636363637,0.8181818181818181,4318000000.0,0.024529970085671194,-0.01692665117822767,0.13312930374904353
1,2022-04-29,TMT,0.3090909090909091,0.7954545454545454,1600500000.0,0.035822834902472726,-0.05660377358490565,0.1955855303494789
1,2022-04-29,TNC,0.045454545454545456,0.9636363636363636,416604200.0,0.05971090324271374,0.020177165354330784,0.4286698828394211
1,2022-04-29,TNI,0.9,0.18181818181818182,6159500000.0,0.04795380058219797,-0.27649208282582216,-0.1863013698630137
1,2022-04-29,TNT,0.8727272727272727,0.30454545454545456,2683000000.0,0.04200952350554491,-0.19760479041916168,-0.17791411042944782
1,2022-04-29,TRC,0.34545454545454546,0.75,4520000000.0,0.034214866473288655,-0.008662420382165581,0.018053375196232402
1,2022-04-29,TTA,0.4636363636363636,0.5227272727272727,5230000000.0,0.023695515218969086,-0.09359605911330049,-0.04909560723514217
1,2022-04-29,TTF,0.5363636363636364,0.5136363636363637,88184500000.0,0.04211076568482616,-0.2425149700598802,0.10000000000000009
1,2022-04-29,TVT,0.33636363636363636,0.85,1081000000.0,0.031050370501144738,-0.009206488382288436,0.15778688524590168
1,2022-04-29,UDC,0.7909090909090909,0.34545454545454546,1950500000.0,0.03940919509588524,-0.2564102564102564,-0.016949152542372836
1,2022-04-29,VCB,0.1,0.5818181818181818,102502000000.0,0.01646243906294296,-0.014616055846422338,-0.11100177130486122
1,2022-04-29,VGC,0.42727272727272725,0.34545454545454546,77846500000.0,0.04387244566167412,-0.2715559960356789,-0.012362268207471105
1,2022-04-29,VID,0.38181818181818183,0.45454545454545453,673500000.0,0.029313605539377702,-0.09128065395095364,-0.1235216819973719
1,2022-04-29,VJC,0.09090909090909091,0.7045454545454546,96589500000.0,0.01962951886482347,-0.07541408346442124,0.07267847557702622
1,2022-04-29,VMD,0.7,0.34545454545454546,416500000.0,0.025926354958602276,-0.2388980263157895,-0.05125576627370576
1,2022-04-29,VNG,0.2545454545454545,0.6863636363636363,1862500000.0,0.026886178386738586,-0.11111111111111116,0.13409961685823757
1,2022-04-29,VOS,0.7181818181818181,0.5045454545454545,43342500000.0,0.04365225043972154,-0.2646920545369065,0.15084621044885949
1,2022-04-29,VPD,0.24545454545454545,0.85,642500000.0,0.024521182981990516,0.014051522248243575,0.09068010075566746
1,2022-04-29,VPH,0.9636363636363636,0.09545454545454546,10122500000.0,0.05117025877044151,-0.3643410852713178,-0.20542635658914732
1,2022-04-29,VPI,0.08181818181818182,0.790909090909091,66149000000.0,0.018693618285806162,0.0,0.040979853479853556
1,2022-04-29,VPS,0.4818181818181818,0.5681818181818181,94665300.0,0.018891622845187653,-0.06068601583113453,-0.048128342245989275
1,2022-04-29,VRC,0.8181818181818182,0.07727272727272727,4350500000.0,0.04708542022429488,-0.30365296803652964,-0.47048611111111116
1,2022-04-29,VRE,0.06363636363636363,0.49090909090909096,130613500000.0,0.02699369432300862,-0.07616099071207427,-0.09657886769603385
1,2022-04-29,VTO,0.6636363636363637,0.39090909090909093,7079500000.0,0.030975958963636075,-0.24928366762177645,0.0
2,2022-06-01,AAM,0.6698113207547169,0.5188679245283019,409000000.0,0.033319187333747516,-0.1224806201550388,-0.052719665271966476
2,2022-06-01,ASM,0.8773584905660378,0.7735849056603774,78366500000.0,0.044656498442476246,-0.04274084124830391,0.043639053254437954
2,2022-06-01,ASP,0.9528301886792453,0.25943396226415094,1287000000.0,0.03738075536668328,-0.08586387434554976,-0.41644385026737973
2,2022-06-01,AST,0.4056603773584906,0.5094339622641509,1573000000.0,0.03220507847042751,-0.10961287516311435,-0.07834308869878437
2,2022-06-01,BKG,0.14150943396226415,0.16509433962264153,1237500000.0,0.036526467744102245,-0.17350993377483448,-0.36
2,2022-06-01,BMP,0.29245283018867924,0.8349056603773586,1966000000.0,0.020424652526474983,0.008224106913389928,-0.020718921617573605
2,2022-06-01,BTP,0.4528301886792453,0.75,63617400.0,0.030589174633809446,-0.03394039735099341,-0.04422604422604426
2,2022-06-01,BWE,0.660377358490566,0.7783018867924528,12252500000.0,0.035249310170928735,-0.04087901701323249,0.04264063704084253
2,2022-06-01,CCI,0.6132075471698113,0.7358490566037736,176000000.0,0.03242320400103437,-0.02700142112742776,-0.060813900320073166
2,2022-06-01,CCL,0.22641509433962265,0.25943396226415094,2087000000.0,0.03959569053584497,-0.10061349693251531,-0.37081545064377686
2,2022-06-01,CIG,0.8207547169811321,0.14622641509433962,1599000000.0,0.03990574323148257,-0.2155172413793104,-0.3308823529411765
2,2022-06-01,CLC,0.39622641509433965,0.9386792452830188,486000000.0,0.014116510723843524,0.048770816812053974,0.04752475247524757
2,2022-06-01,CLL,0.49056603773584906,0.5566037735849056,787500000.0,0.019737557184019115,-0.06799809795530198,-0.14522459659834275
2,2022-06-01,CSM,0.7452830188679245,0.7547169811320755,735500000.0,0.03528952669623725,0.0,-0.08573106283029952
2,2022-06-01,CTI,0.25471698113207547,0.22169811320754718,4860500000.0,0.03846307844663872,-0.1528384279475984,-0.3352912383749388
2,2022-06-01,DAH,0.8915094339622641,0.16037735849056603,5451000000.0,0.03965445545824859,-0.2093617021276596,-0.31691176470588234
2,2022-06-01,DCL,0.1792452830188679,0.37735849056603776,1830000000.0,0.021385556630174305,-0.09013605442176875,-0.29605263157894735
2,2022-06-01,DCM,0.9150943396226415,0.8962264150943396,195434500000.0,0.053470006539037954,0.09038901601830673,-0.027551020408163263
2,2022-06-01,DGW,0.8490566037735849,0.7452830188679245,77789000000.0,0.047479662520253915,-0.060025777941447256,0.05846983205473766
2,2022-06-01,DHC,0.5943396226415094,0.6273584905660377,13316500000.0,0.01890535657583049,-0.06853111615016372,-0.07667332667332671
2,2022-06-01,DLG,0.7783018867924528,0.5707547169811321,15428000000.0,0.04597196474228994,-0.009328358208955279,-0.29200000000000004
2,2022-06-01,DMC,0.42452830188679247,0.5801886792452831,1144711850.0,0.03224178585679906,-0.05799648506151145,-0.13704970819078288
2,2022-06-01,DQC,0.7641509433962265,0.45754716981132076,6064000000.0,0.04728319357576592,0.018681318681318615,-0.4594752186588922
2,2022-06-01,DSN,0.7075471698113207,0.7783018867924529,282000000.0,0.01268301714409531,-0.011554015020219577,-0.051552106430155176
2,2022-06-01,DTA,0.2358490566037736,0.36792452830188677,351500000.0,0.03989853822073821,-0.0494233937397035,-0.3711171662125341
2,2022-06-01,DTL,0.9056603773584906,0.20754716981132076,40000000.0,0.030963054087065855,-0.17582417582417587,-0.3131868131868132
2,2022-06-01,DXV,0.8584905660377359,0.4528301886792453,100500000.0,0.03813986208316143,-0.08387096774193548,-0.23035230352303526
2,2022-06-01,EIB,0.3490566037735849,0.9245283018867925,6124000000.0,0.0245984525281117,0.10691823899371067,0.03175378602833412
2,2022-06-01,FDC,0.5377358490566038,0.3915094339622641,280127500.0,0.03123706289939142,-0.1808873720136519,-0.1061452513966481
2,2022-06-01,GTA,0.5754716981132075,0.5896226415094339,100500000.0,0.03390986023197182,-0.06403574087862995,-0.1282940360610264
2,2022-06-01,GVR,0.2169811320754717,0.33490566037735847,43598000000.0,0.03720911163080955,-0.1033168128097598,-0.3014553014553014
2,2022-06-01,HAG,0.6320754716981132,0.5,106545000000.0,0.04265791687213094,-0.06754032258064513,-0.2226890756302521
2,2022-06-01,HAR,0.7783018867924528,0.4764150943396226,5183500000.0,0.047206828400949453,-0.02578018995929443,-0.3412844036697248
2,2022-06-01,HBC,0.7358490566037735,0.5801886792452831,93873000000.0,0.045154487252082744,-0.03712517848643504,-0.2131466355503695
2,2022-06-01,HNG,0.44339622641509435,0.22641509433962265,30454500000.0,0.0351900983705987,-0.11033519553072624,-0.3693069306930693
2,2022-06-01,HPX,0.16037735849056603,0.5754716981132075,10100500000.0,0.021136155641095465,-0.050000000000000044,-0.16855753646677474
2,2022-06-01,HQC,0.8113207547169812,0.6886792452830188,66492500000.0,0.04609141026772763,0.021630615640598982,-0.20156046814044215
2,2022-06-01,HSG,0.018867924528301886,0.14622641509433962,211035000000.0,0.04680879161406873,-0.14193548387096777,-0.4460641399416909
2,2022-06-01,HSL,0.9433962264150944,0.27358490566037735,1519000000.0,0.04920543891803154,-0.1424418604651163,-0.30260047281323876
2,2022-06-01,HTI,0.6509433962264151,0.7122641509433962,266117000.0,0.02004802233994949,-0.04424040066777968,-0.0466278101582015
2,2022-06-01,HTL,0.5188679245283019,0.5613207547169812,65665600.0,0.025562402397956322,-0.08156329651656757,-0.11755102040816323
2,2022-06-01,HTV,0.7169811320754716,0.4386792452830188,206000000.0,0.03168629869358886,-0.1557120500782473,-0.09707112970711296
2,2022-06-01,ICT,0.5471698113207547,0.7405660377358491,781000000.0,0.021078063029339567,0.009740259740259827,-0.12762973352033657
2,2022-06-01,ITC,0.0660377358490566,0.30660377358490565,3917000000.0,0.03551951205723802,-0.10199203187250994,-0.32067510548523204
2,2022-06-01,JVC,0.9292452830188679,0.34905660377358494,8046000000.0,0.04092769973008271,-0.0806878306878307,-0.3474178403755869
2,2022-06-01,KMR,0.11320754716981132,0.3207547169811321,831500000.0,0.04298378218083525,-0.09242424242424241,-0.338121546961326
2,2022-06-01,LDG,0.6415094339622641,0.32547169811320753,52919500000.0,0.04686728164883191,-0.07275426874536006,-0.3832098765432099
2,2022-06-01,LGL,0.12264150943396226,0.4292452830188679,1320500000.0,0.04356103925070086,-0.023943661971830954,-0.39210526315789473
2,2022-06-01,LM8,0.3867924528301887,0.5141509433962264,84862650.0,0.03742032627468805,-0.0892337536372454,-0.13694852941176472
2,2022-06-01,MCG,0.03773584905660377,0.11320754716981132,1735000000.0,0.03978613530573597,-0.15284552845528454,-0.4737373737373738
2,2022-06-01,MDG,0.27358490566037735,0.9386792452830188,69224850.0,0.04588731989039649,0.02941176470588225,0.13136176066024752
2,2022-06-01,MHC,0.1320754716981132,0.34905660377358494,1748000000.0,0.041086889705518305,-0.0732984293193717,-0.3563636363636363
2,2022-06-01,NAF,0.10377358490566038,0.14622641509433962,2733500000.0,0.0396376521698246,-0.18909825033647376,-0.35249865663621704
2,2022-06-01,NBB,0.009433962264150943,0.33962264150943394,19345000000.0,0.047207536125741266,-0.04500000000000004,-0.4365781710914455
2,2022-06-01,NCT,0.3584905660377358,0.9433962264150944,1541000000.0,0.022166414248937834,0.0380453161988501,0.08290703827835588
2,2022-06-01,NVT,0.6226415094339622,0.4811320754716981,920000000.0,0.048022747263150575,-0.19312169312169314,0.04095563139931735
2,2022-06-01,OGC,0.7547169811320755,0.5,21750500000.0,0.049084063902613,-0.20923076923076922,0.06198347107438007
2,2022-06-01,PAN,0.09433962264150944,0.3018867924528302,32459000000.0,0.03943082352401562,-0.12609366958311885,-0.29543568464730285
2,2022-06-01,PET,0.9905660377358491,0.2830188679245283,36227000000.0,0.04859349228097902,-0.16952177016416847,-0.24643782383419688
2,2022-06-01,PGC,0.3018867924528302,0.7311320754716981,941500000.0,0.03331509474604409,0.026224982746721803,-0.18071625344352615
2,2022-06-01,PHR,0.8018867924528302,0.6037735849056604,26636500000.0,0.037392410579872165,-0.03966971818345,-0.19512562058071314
2,2022-06-01,PIT,0.5094339622641509,0.3867924528301887,67500000.0,0.030738461771327174,-0.13264248704663217,-0.19519230769230766
2,2022-06-01,PTL,0.05660377358490566,0.014150943396226415,1214000000.0,0.03526997663893888,-0.26034063260340634,-0.5960132890365448
2,2022-06-01,PVD,0.32075471698113206,0.7641509433962264,151857000000.0,0.04690595306379754,0.15596330275229353,-0.19127086007702188
2,2022-06-01,PXS,0.04716981132075472,0.03773584905660377,2834000000.0,0.048772525845255245,-0.1955555555555556,-0.607942238267148
2,2022-06-01,QBS,0.9292452830188679,0.30188679245283023,4572000000.0,0.04256193581287283,-0.15000000000000002,-0.2906815020862309
2,2022-06-01,QCG,0.5660377358490566,0.4009433962264151,3536500000.0,0.038829238078156116,-0.09734513274336287,-0.25547445255474455
2,2022-06-01,SC5,0.4339622641509434,0.49056603773584906,64195600.0,0.02664507523934672,-0.10005002501250626,-0.13675623800383874
2,2022-06-01,SCR,0.19811320754716982,0.11320754716981132,56998500000.0,0.04470054908971575,-0.17370892018779338,-0.41137123745819393
2,2022-06-01,SFG,0.6981132075471698,0.589622641509434,374500000.0,0.026239245517160753,-0.008701957940536631,-0.26426264800861143
2,2022-06-01,SFI,0.5566037735849056,0.4764150943396226,777500000.0,0.022405400111741604,-0.15217391304347827,-0.0609951845906902
2,2022-06-01,SGN,0.4716981132075472,0.6367924528301887,478500000.0,0.01717499375779462,-0.04165336737950842,-0.12983625561512824
2,2022-06-01,SHA,0.46226415094339623,0.4056603773584906,288500000.0,0.03274822265942618,-0.10575427682737171,-0.2090784044016506
2,2022-06-01,SKG,0.8915094339622641,0.27358490566037735,6117000000.0,0.04336164080312749,-0.1758530183727034,-0.24428399518652222
2,2022-06-01,SPM,0.3113207547169811,0.9433962264150944,66347900.0,0.027295178400861993,0.040162980209546006,0.06686567164179102
2,2022-06-01,SRC,0.8301886792452831,0.7169811320754716,32406950.0,0.015066552036811363,-0.022632020117351215,-0.09891808346213293
2,2022-06-01,SRF,1.0,0.25,129000000.0,0.036825644207348365,-0.23529411764705888,-0.21921921921921927
2,2022-06-01,ST8,0.2641509433962264,1.0,731000000.0,0.0438648943229915,0.3117709437963945,0.5085365853658537
2,2022-06-01,STB,0.16981132075471697,0.24056603773584906,445166000000.0,0.046616635002671526,-0.16822429906542058,-0.3046875
2,2022-06-01,STG,0.6886792452830188,0.7216981132075472,560500000.0,0.019282233539240617,-0.04881889763779523,-0.01948051948051943
2,2022-06-01,TCR,0.9716981132075472,0.2688679245283019,35000000.0,0.04169755982924323,-0.16901408450704225,-0.29105473965287054
2,2022-06-01,TDC,0.07547169811320754,0.22169811320754718,4152000000.0,0.03811500323331846,-0.10648464163822524,-0.3900279589934762
2,2022-06-01,TDG,0.18867924528301888,0.2830188679245283,2770500000.0,0.034856660998367435,-0.09800918836140893,-0.3611713665943601
2,2022-06-01,TLG,0.41509433962264153,0.8113207547169812,1278000000.0,0.029317500433782805,-0.027406199021207223,0.04413309982486857
2,2022-06-01,TMT,0.2830188679245283,0.9905660377358491,1247000000.0,0.041281926929220426,0.17505995203836933,0.5067650676506763
2,2022-06-01,TNC,0.1509433962264151,0.9339622641509434,133233450.0,0.0587301574669569,0.022913651712493932,0.3450681890263241
2,2022-06-01,TNI,0.02830188679245283,0.2028301886792453,1754500000.0,0.0418694556897752,-0.10801393728222997,-0.4046511627906977
2,2022-06-01,TNT,0.08490566037735849,0.3443396226415094,4204000000.0,0.03781603855913459,-0.10447761194029848,-0.2920353982300885
2,2022-06-01,TTA,0.37735849056603776,0.7971698113207547,6898000000.0,0.030106560990855256,0.04558139534883732,-0.11843137254901959
2,2022-06-01,TTF,0.9811320754716981,0.0660377358490566,45993500000.0,0.038117592448339545,-0.248,-0.4012738853503185
2,2022-06-01,TVT,0.36792452830188677,0.679245283018868,270103950.0,0.02524683326249101,-0.08008849557522124,0.024642681123706156
2,2022-06-01,UDC,0.4811320754716981,0.41509433962264153,1012500000.0,0.03833985185865226,-0.11764705882352944,-0.18604651162790697
2,2022-06-01,VCB,0.33962264150943394,0.7971698113207548,80959500000.0,0.020907000387560777,0.007621609504595339,-0.05188778738662725
2,2022-06-01,VGC,0.7924528301886793,0.49528301886792453,45663000000.0,0.05219883189704816,-0.08140814081408143,-0.19807923169267705
2,2022-06-01,VID,0.5849056603773585,0.44339622641509435,367000000.0,0.033327000387259366,-0.09985935302391002,-0.20099875156054936
2,2022-06-01,VJC,0.330188679245283,0.7924528301886793,81822500000.0,0.0188067298655633,0.007782877669127997,-0.0580115650065286
2,2022-06-01,VMD,0.20754716981132076,0.5660377358490566,397500000.0,0.0541459467487728,0.009875259875259834,-0.31391242937853103
2,2022-06-01,VNG,0.9622641509433962,0.19811320754716982,898500000.0,0.03511640250973719,-0.18243243243243246,-0.3125
2,2022-06-01,VOS,0.8679245283018868,0.5377358490566038,19054500000.0,0.04334918292628794,-0.04334365325077394,-0.24041297935103245
2,2022-06-01,VPD,0.6792452830188679,0.7783018867924528,380000000.0,0.011907978660800737,-0.033102386451116295,-0.005542359461599422
2,2022-06-01,VPH,0.5283018867924528,0.25943396226415094,2856500000.0,0.03562679159677994,-0.08524173027989823,-0.43430369787568845
2,2022-06-01,VPI,0.24528301886792453,0.8679245283018868,75732000000.0,0.02131421617596074,0.03608589771972559,-0.032258064516129004
2,2022-06-01,VPS,0.5,0.7311320754716981,27699800.0,0.013398052652174286,-0.021535580524344566,-0.09288194444444442
2,2022-06-01,VRC,0.7264150943396226,0.44339622641509435,1543500000.0,0.036918145923458066,0.01760563380281699,-0.5368589743589743
2,2022-06-01,VRE,0.6037735849056604,0.7358490566037736,109480000000.0,0.031310770235466724,0.003457814661134151,-0.10954280454127041
2,2022-06-01,VTO,0.839622641509434,0.5141509433962264,3940500000.0,0.0389637705360665,-0.04878048780487809,-0.24618514750762965
3,2022-07-01,AAM,0.8878504672897196,0.4859813084112149,253000000.0,0.03422888757831735,-0.16096747289407842,-0.25148809523809523
3,2022-07-01,ASM,0.9439252336448598,0.35046728971962615,88395000000.0,0.04175233322744677,-0.20687186828919113,-0.39552645935624664
3,2022-07-01,ASP,0.27102803738317754,0.10747663551401869,859000000.0,0.03452926581139935,-0.2723970944309927,-0.5436598329536826
3,2022-07-01,AST,0.5046728971962616,0.8785046728971962,1581000000.0,0.01897103868208461,0.04509995124329591,-0.10238693467336679
3,2022-07-01,BKG,0.1542056074766355,0.26635514018691586,914500000.0,0.04326638629231244,-0.22185970636215335,-0.5041580041580042
3,2022-07-01,BMP,0.5514018691588785,0.780373831775701,1288500000.0,0.023959515628070513,-0.04187946884576099,-0.0781326781326781
3,2022-07-01,BTP,0.6261682242990654,0.808411214953271,769173750.0,0.01837503403001015,-0.02570694087403602,-0.06879606879606881
3,2022-07-01,BWE,0.7383177570093458,0.733644859813084,20517000000.0,0.030766476814333626,-0.07595227168425889,-0.0359109408666507
3,2022-07-01,CCI,0.8598130841121495,0.5654205607476634,222500000.0,0.0362881943998747,-0.1061343719571568,-0.21504916631038906
3,2022-07-01,CCL,0.2803738317757009,0.5654205607476636,2310500000.0,0.0434215403130264,-0.027338129496402908,-0.3832116788321168
3,2022-07-01,CIG,0.34579439252336447,0.08411214953271028,1030000000.0,0.06051804014363455,-0.2517401392111369,-0.6205882352941177
3,2022-07-01,CLC,0.616822429906542,0.8271028037383177,543500000.0,0.02054294911381511,-0.0117647058823529,-0.03840472673559825
3,2022-07-01,CLL,0.6635514018691588,0.7009345794392523,483000000.0,0.016552377259228125,-0.03604060913705587,-0.1919148936170213
3,2022-07-01,CSM,0.5887850467289719,0.8785046728971962,1094000000.0,0.031769433148982916,0.05493050959629375,-0.10750279955207165
3,2022-07-01,CTI,0.1308411214953271,0.3878504672897196,4015000000.0,0.03113924515039712,-0.13517441860465118,-0.4727514399645547
3,2022-07-01,DAH,0.411214953271028,0.308411214953271,2931000000.0,0.04920627928740375,-0.21250000000000002,-0.4789473684210527
3,2022-07-01,DCL,0.37383177570093457,0.5654205607476634,1313000000.0,0.014479250908025742,-0.07407407407407407,-0.2927864214992928
3,2022-07-01,DCM,0.9626168224299065,0.40186915887850466,260604000000.0,0.047637104364761984,-0.22600202088245203,-0.2570320077594569
3,2022-07-01,DGW,0.8317757009345794,0.5747663551401869,94288500000.0,0.03647847654172287,-0.10486233157586411,-0.21358723623262998
3,2022-07-01,DHC,0.5700934579439252,0.6588785046728971,9838500000.0,0.02315540975498885,-0.05480195333695059,-0.19538106235565822
3,2022-07-01,DLG,0.21495327102803738,0.17757009345794392,9978500000.0,0.04961763005589354,-0.27606177606177607,-0.5026525198938991
3,2022-07-01,DMC,0.6728971962616822,0.7897196261682242,814500000.0,0.011228109576076853,0.02651696129956993,-0.18401063425750097
3,2022-07-01,DQC,0.7850467289719626,0.21962616822429906,4347500000.0,0.04100964603576483,-0.231680236861584,-0.5152930189119775
3,2022-07-01,DSN,0.6542056074766355,0.8271028037383177,294000000.0,0.01402647118083557,-0.00855709648863967,-0.07438016528925617
3,2022-07-01,DTA,0.35514018691588783,0.04672897196261682,199000000.0,0.03171546864650708,-0.28136531365313655,-0.6313298627543776
3,2022-07-01,DTL,1.0,0.14018691588785046,29160000.0,0.014940305053315938,-0.31200000000000006,-0.5104364326375712
3,2022-07-01,DXV,0.3925233644859813,0.5327102803738317,90500000.0,0.021606740853631567,-0.06702898550724634,-0.36732186732186745
3,2022-07-01,EIB,0.4205607476635514,0.8551401869158879,10166500000.0,0.02323654391107714,0.028822667318026296,-0.10724883425180165
3,2022-07-01,FDC,0.9906542056074766,0.6214953271028038,467620500.0,0.04231661081885533,-0.020408163265306145,-0.3513513513513513
3,2022-07-01,GTA,0.7242990654205608,0.7850467289719626,63827600.0,0.0298546850689757,0.003172085646312439,-0.13296778615490057
3,2022-07-01,GVR,0.32710280373831774,0.48130841121495327,43419000000.0,0.03507767226362861,-0.09580838323353291,-0.37896592244418337
3,2022-07-01,HAG,0.22429906542056074,0.6822429906542056,97077000000.0,0.04309576759488629,0.020642201834862428,-0.3257575757575758
3,2022-07-01,HAR,0.0514018691588785,0.10280373831775699,2873000000.0,0.04595756660453198,-0.28487518355359764,-0.5361904761904762
3,2022-07-01,HBC,0.102803738317757,0.3037383177570093,90471500000.0,0.046218635570140686,-0.234360410830999,-0.38206480783722685
3,2022-07-01,HNG,0.18691588785046728,0.35514018691588783,23806000000.0,0.04430898461979259,-0.14191419141914197,-0.4975845410628019
3,2022-07-01,HPX,0.5233644859813084,0.8738317757009346,9722500000.0,0.012173270624201623,0.03802281368821303,-0.085427135678392
3,2022-07-01,HQC,0.06542056074766354,0.08878504672897196,38693500000.0,0.049178385172037056,-0.3293918918918919,-0.5318396226415094
3,2022-07-01,HSG,0.009345794392523364,0.19158878504672897,146476500000.0,0.05195320870372847,-0.23538461538461541,-0.5262154432793136
3,2022-07-01,HSL,0.7757009345794392,0.4485981308411215,1307000000.0,0.031834918903331955,-0.12925170068027214,-0.3816425120772947
3,2022-07-01,HTI,0.6448598130841121,0.7102803738317757,251057250.0,0.02074550308547946,-0.05938864628820961,-0.12581168831168832
3,2022-07-01,HTL,0.4953271028037383,0.9345794392523364,40721250.0,0.033895087405335006,0.0714285714285714,-0.034653465346534684
3,2022-07-01,HTV,0.8411214953271028,0.5887850467289719,78027500.0,0.017740149547567894,-0.07241063244729606,-0.25642909625275534
3,2022-07-01,HU1,0.9065420560747663,0.3130841121495327,123904100.0,0.053543298461827794,-0.22401433691756267,-0.42572944297082227
3,2022-07-01,ICT,0.6822429906542056,0.7757009345794392,627500000.0,0.010568786522397195,0.01768488745980701,-0.1599203715992037
3,2022-07-01,ITC,0.09345794392523364,0.3317757009345794,2581000000.0,0.0335876694167528,-0.19316081330868762,-0.48097502972651607
3,2022-07-01,JVC,0.07476635514018691,0.13551401869158877,5840000000.0,0.05151478488471012,-0.2376681614349776,-0.5584415584415585
3,2022-07-01,KMR,0.308411214953271,0.14018691588785046,690500000.0,0.0362816069057906,-0.2991869918699187,-0.5135440180586908
3,2022-07-01,LDG,0.028037383177570093,0.06542056074766354,35705000000.0,0.05686773797310073,-0.28695652173913044,-0.5593766792047287
3,2022-07-01,LGL,0.2616822429906542,0.205607476635514,863500000.0,0.04215082050380586,-0.23283582089552235,-0.5173708920187794
3,2022-07-01,LM8,0.8037383177570093,0.5934579439252337,80622700.0,0.029093736741312964,-0.07362637362637359,-0.25
3,2022-07-01,MCG,0.17757009345794392,0.0794392523364486,995500000.0,0.048580676057773144,-0.255578093306288,-0.6136842105263158
3,2022-07-01,MDG,0.794392523364486,0.7710280373831775,96077600.0,0.03664682080029157,-0.06345475910693299,-0.013613861386138626
3,2022-07-01,MHC,0.2523364485981308,0.14953271028037382,733500000.0,0.04047831049899149,-0.24122137404580157,-0.5415129151291513
3,2022-07-01,NAF,0.20093457943925233,0.2289719626168224,1360000000.0,0.04226041730634731,-0.21981681931723562,-0.5310310310310311
3,2022-07-01,NBB,0.2336448598130841,0.3691588785046729,13266500000.0,0.041017236539012084,-0.13736263736263732,-0.4967948717948718
3,2022-07-01,NCT,0.5327102803738317,0.9299065420560748,1833500000.0,0.019041958651138915,0.033284624127293494,0.09196980096087848
3,2022-07-01,NVT,0.9532710280373832,0.29439252336448596,424500000.0,0.05440586461205947,-0.15333333333333332,-0.5296296296296297
3,2022-07-01,OGC,0.897196261682243,0.6355140186915887,8988000000.0,0.048530446147909315,0.007843137254901933,-0.37317073170731707
3,2022-07-01,PAN,0.3177570093457944,0.5093457943925234,49840500000.0,0.04015194033775575,-0.09068923821039898,-0.3583617747440273
3,2022-07-01,PET,0.8785046728971962,0.34579439252336447,38823000000.0,0.046532580933581424,-0.19567779960707266,-0.44071038251366124
3,2022-07-01,PGC,0.5794392523364486,0.6448598130841121,468000000.0,0.022310020658644406,-0.07943925233644855,-0.14981504315659666
3,2022-07-01,PHR,0.6915887850467289,0.6355140186915887,37873500000.0,0.037133908168934145,-0.04706094482509915,-0.2285797693767333
3,2022-07-01,PIT,0.9252336448598131,0.3925233644859813,37609500.0,0.04089095070295531,-0.13749999999999996,-0.43442622950819676
3,2022-07-01,PTL,0.1542056074766355,0.07009345794392523,975000000.0,0.04540152903633584,-0.25257731958762886,-0.6547619047619048
3,2022-07-01,PVD,0.12149532710280374,0.2383177570093458,181803500000.0,0.04379605261995307,-0.26982829108748974,-0.4090006618133686
3,2022-07-01,QBS,0.08411214953271028,0.1308411214953271,3080000000.0,0.05298846885563264,-0.25,-0.544924154025671
3,2022-07-01,QCG,0.16822429906542055,0.24299065420560745,2087500000.0,0.04570186451646568,-0.22505307855626322,-0.5149501661129567
3,2022-07-01,SC5,0.7663551401869159,0.5934579439252337,51089900.0,0.026312785731006795,-0.09561752988047811,-0.19828456104944503
3,2022-07-01,SCR,0.018691588785046728,0.09345794392523364,41559500000.0,0.0491921637408783,-0.26105810928013873,-0.5701311806256306
3,2022-07-01,SFG,0.9345794392523364,0.44859813084112143,94290700.0,0.02275266712168265,-0.1612665684830633,-0.32363420427553447
3,2022-07-01,SFI,0.9158878504672897,0.5280373831775701,584500000.0,0.02853949662682917,-0.11882933709449928,-0.2884396355353075
3,2022-07-01,SGN,0.6355140186915887,0.7570093457943925,270000000.0,0.012403805812335356,-0.024410494852208586,-0.1289844329132691
3,2022-07-01,SHA,0.40186915887850466,0.40654205607476634,299500000.0,0.025909438789491725,-0.19859402460456943,-0.3622377622377623
3,2022-07-01,SKG,0.8130841121495327,0.6682242990654206,5077500000.0,0.03541602004419652,0.010000000000000009,-0.32666666666666666
3,2022-07-01,SPM,0.4392523364485981,0.7102803738317757,49519750.0,0.040314415886950124,-0.06160867084997146,-0.11748927038626611
3,2022-07-01,SRC,0.7242990654205608,0.7149532710280373,41175150.0,0.024226907066120195,-0.04030874785591765,-0.15291445874337628
3,2022-07-01,SRF,0.8504672897196262,0.5373831775700935,45594750.0,0.022236350565383606,-0.05860805860805862,-0.37922705314009664
3,2022-07-01,ST8,0.5420560747663551,0.985981308411215,168617200.0,0.024897857675570005,0.09515260323159791,0.4169570267131242
3,2022-07-01,STB,0.24299065420560748,0.7242990654205608,310337000000.0,0.039239307801039375,0.04018912529550822,-0.30817610062893086
3,2022-07-01,STG,0.48598130841121495,0.9485981308411215,489922750.0,0.035564414292036314,0.06499999999999995,-0.0015625000000000222
3,2022-07-01,TCR,0.38317757009345793,0.40186915887850466,26041400.0,0.028481190988451,-0.1466666666666666,-0.387140902872777
3,2022-07-01,TDC,0.0514018691588785,0.1822429906542056,3429500000.0,0.03390981846153584,-0.23244929797191882,-0.5338702036949313
3,2022-07-01,TDG,0.14018691588785046,0.2570093457943925,1989500000.0,0.0375961672348042,-0.2145454545454546,-0.5151515151515151
3,2022-07-01,TLG,0.3364485981308411,0.9766355140186915,2720500000.0,0.024686890820668026,0.10995292535305978,0.11595672751859354
3,2022-07-01,TMT,0.7570093457943925,0.7009345794392523,1300500000.0,0.030180787930969455,-0.1456310679611651,0.11902339776195325
3,2022-07-01,TNC,0.4485981308411215,0.9252336448598131,44348850.0,0.0511077546525042,0.02240037726951183,0.14105263157894732
3,2022-07-01,TNI,0.20093457943925233,0.205607476635514,1438000000.0,0.0423897296451214,-0.22515212981744426,-0.5312883435582823
3,2022-07-01,TNT,0.037383177570093455,0.028037383177570093,1817500000.0,0.04234278265110124,-0.4042735042735043,-0.5947674418604652
3,2022-07-01,TTA,0.7476635514018691,0.5420560747663551,7462000000.0,0.03208455183298798,-0.13090909090909086,-0.22022838499184338
3,2022-07-01,TTE,0.9719626168224299,0.4719626168224299,31363500.0,0.03419442561038234,-0.21301775147928992,-0.21301775147928992
3,2022-07-01,TTF,0.29906542056074764,0.21962616822429906,28115000000.0,0.039701790431454886,-0.19999999999999996,-0.5478260869565218
3,2022-07-01,TVT,0.7009345794392523,0.8574766355140186,158307150.0,0.022787055248981978,0.0,-0.01949317738791423
3,2022-07-01,UDC,0.9813084112149533,0.37383177570093457,896000000.0,0.037085889440499016,-0.15728155339805827,-0.4308196721311476
3,2022-07-01,VCB,0.45794392523364486,0.7383177570093458,74030000000.0,0.018589306007454835,-0.045065865495724555,-0.1083297367285283
3,2022-07-01,VGC,0.3644859813084112,0.8738317757009346,83162000000.0,0.033746536456407294,0.276218611521418,-0.1448931116389549
3,2022-07-01,VID,0.5607476635514018,0.6214953271028036,344000000.0,0.018819269009700483,-0.08769230769230774,-0.18878248974008205
3,2022-07-01,VJC,0.4672897196261682,0.8598130841121495,85079000000.0,0.012203262728403778,0.024362780223154967,-0.08057699375229699
3,2022-07-01,VMD,0.42990654205607476,0.514018691588785,133000000.0,0.02853831656625676,-0.1218014329580348,-0.2964329643296433
3,2022-07-01,VNG,0.8691588785046729,0.5934579439252337,593000000.0,0.03202606679379667,-0.042735042735042694,-0.3372781065088757
3,2022-07-01,VOS,0.822429906542056,0.8317757009345794,29501500000.0,0.04760610865901564,0.12002652519893897,-0.19340974212034379
3,2022-07-01,VPD,0.6074766355140186,0.9345794392523364,728500000.0,0.01720317651471218,0.04881889763779523,-0.0022471910112359383
3,2022-07-01,VPH,0.11214953271028037,0.10747663551401869,2159000000.0,0.04308861927123074,-0.24495677233429392,-0.5912636505460218
3,2022-07-01,VPI,0.514018691588785,0.8761682242990654,63299500000.0,0.016006061183088848,0.0,0.008059246351557414
3,2022-07-01,VPS,0.7102803738317757,0.7757009345794392,38500000.0,0.019430284482756282,-0.011144883485309065,-0.12701252236135963
3,2022-07-01,VRC,0.2897196261682243,0.06074766355140186,533000000.0,0.04677346268653435,-0.28602941176470587,-0.5741228070175439
3,2022-07-01,VRE,0.4766355140186916,0.7102803738317757,53875000000.0,0.01963182607118303,-0.043222683264177,-0.1486153846153846
3,2022-07-01,VTO,0.5981308411214953,0.32710280373831774,2900500000.0,0.02809411893589223,-0.20480225988700562,-0.44586614173228345
4,2022-08-01,AAM,0.9514563106796117,0.4320388349514563,178000000.0,0.01817148864387462,0.0302734375,-0.0713028169014085
4,2022-08-01,ASM,0.36893203883495146,0.441747572815534,41061000000.0,0.031368740167186465,0.05758683729433267,-0.12282031842304775
4,2022-08-01,ASP,0.1941747572815534,0.3106796116504854,446000000.0,0.018659212709314414,0.05775577557755773,-0.24588235294117644
4,2022-08-01,AST,0.42718446601941745,0.7378640776699029,1288500000.0,0.012283568527201524,0.07710501419110694,0.07710501419110694
4,2022-08-01,BKG,0.0970873786407767,0.5097087378640777,688000000.0,0.020058771363506995,0.12552301255230125,-0.18731117824773413
4,2022-08-01,BMP,0.4368932038834951,0.7718446601941749,1608000000.0,0.01407686396557443,0.07688200747463969,0.13410177115546817
4,2022-08-01,BTP,0.7961165048543689,0.31553398058252424,947234500.0,0.011813524128028906,-0.006211180124223614,-0.09750201450443186
4,2022-08-01,BWE,0.6699029126213593,0.3737864077669903,9481000000.0,0.015941836208289182,-0.06939281288723664,0.0115840517241379
4,2022-08-01,CCL,0.7378640776699029,0.6407766990291262,775000000.0,0.017820943183566102,0.06983655274888556,-0.004149377593360981
4,2022-08-01,CIG,0.8737864077669902,0.4514563106796116,1035000000.0,0.04687482503260589,0.13385826771653542,-0.24843423799582465
4,2022-08-01,CLC,0.912621359223301,0.4368932038834952,206000000.0,0.009099913330103338,-0.017767477790652797,0.016386890487609884
4,2022-08-01,CLL,0.7038834951456311,0.529126213592233,400500000.0,0.012424536436826176,0.032292218104817305,-0.026460309535696447
4,2022-08-01,CSM,0.7475728155339806,0.49514563106796117,262740450.0,0.02228250411648882,-0.006273525721455453,0.029239766081871288
4,2022-08-01,CTI,0.5922330097087378,0.7669902912621359,3254500000.0,0.017711775073554894,0.15095913261050886,-0.006479481641468721
4,2022-08-01,DAH,0.33980582524271846,0.5339805825242718,2605500000.0,0.02725861609673344,0.14104372355430184,-0.18775100401606426
4,2022-08-01,DCL,0.30097087378640774,0.3349514563106796,1060000000.0,0.005812824827755626,0.0040000000000000036,-0.10357142857142854
4,2022-08-01,DCM,0.8640776699029126,0.4029126213592233,114203500000.0,0.039289144827362926,-0.0047129391602399595,-0.04363935776039518
4,2022-08-01,DGW,0.941747572815534,0.35436893203883496,34326500000.0,0.04208295192918935,-0.01765363128491615,-0.04600694444444442
4,2022-08-01,DHC,0.5436893203883495,0.22330097087378642,6733500000.0,0.02112786560223382,-0.060562571756601624,-0.10890280424720933
4,2022-08-01,DLG,0.2524271844660194,0.5728155339805825,9442500000.0,0.030363784196137073,0.08080808080808088,-0.05934065934065935
4,2022-08-01,DMC,0.8349514563106796,0.4271844660194175,262435600.0,0.010990486489406068,0.013730509657900791,-0.04828490277474329
4,2022-08-01,DQC,0.1262135922330097,0.3932038834951456,2129000000.0,0.028004628864864694,0.031026252983293645,-0.13703555733120254
4,2022-08-01,DSN,0.2912621359223301,0.9368932038834952,730500000.0,0.020014887565018694,0.2124999999999999,0.19437115215479328
4,2022-08-01,DTA,0.07766990291262135,0.3106796116504854,156000000.0,0.035517229788605234,0.06675392670157065,-0.3696829079659706
4,2022-08-01,DTL,0.21359223300970873,0.04854368932038834,68000000.0,0.02103188057827365,-0.05769230769230771,-0.4017094017094017
4,2022-08-01,DXV,0.6407766990291263,0.6262135922330097,48000000.0,0.025603200843018956,0.08514851485148522,-0.035211267605633756
4,2022-08-01,EIB,0.7669902912621359,0.4029126213592233,5753500000.0,0.008554889159556833,-0.06932573599240266,0.02564102564102555
4,2022-08-01,FDC,0.3592233009708738,0.412621359223301,54137750.0,0.033971948400135295,0.04583333333333339,-0.14334470989761094
4,2022-08-01,GTA,0.4854368932038835,0.5339805825242718,71076900.0,0.0277914313299659,0.02337858220211153,0.01042442293373047
4,2022-08-01,GVR,0.44660194174757284,0.6941747572815534,37963000000.0,0.02583040655955103,0.10262529832935563,-0.009858551221603062
4,2022-08-01,HAG,0.46601941747572817,0.941747572815534,224137500000.0,0.03360722649439175,0.1922268907563025,0.29714285714285715
4,2022-08-01,HAR,0.23300970873786409,0.4854368932038835,2863500000.0,0.02810713218989816,0.08600000000000008,-0.15420560747663548
4,2022-08-01,HBC,0.49514563106796117,0.883495145631068,109050500000.0,0.028223656144724822,0.1858087793144918,0.1029082774049217
4,2022-08-01,HNG,0.10679611650485436,0.6407766990291262,83460500000.0,0.0434365875203633,0.125925925925926,-0.0602782071097373
4,2022-08-01,HPX,0.6504854368932039,0.37378640776699024,9023500000.0,0.005009751095168934,-0.029629629629629672,-0.026022304832713727
4,2022-08-01,HQC,0.5728155339805825,0.7864077669902914,40817000000.0,0.03220705391350551,0.24271844660194164,-0.013487475915221592
4,2022-08-01,HSG,0.009708737864077669,0.34466019417475724,123510000000.0,0.028815483791260737,0.0714285714285714,-0.2521067415730337
4,2022-08-01,HSL,0.5631067961165048,0.8349514563106796,1124500000.0,0.022866183761137433,0.16310679611650492,0.05830388692579502
4,2022-08-01,HTI,0.7038834951456311,0.5631067961165048,576109000.0,0.01360508473093807,0.06313834726090994,-0.03942953020134232
4,2022-08-01,HTL,0.8155339805825242,0.36893203883495146,17349150.0,0.049946138422540476,0.00818181818181829,-0.06884970612930308
4,2022-08-01,HTV,0.5339805825242718,0.5194174757281553,59806600.0,0.025912175441067064,0.0662055335968379,-0.060922541340295955
4,2022-08-01,HU1,0.8058252427184466,0.27184466019417475,79947750.0,0.03327293603156824,0.0452380952380953,-0.31083202511773944
4,2022-08-01,ICT,0.4174757281553398,0.6213592233009709,327500000.0,0.005005866392039613,0.020344287949921824,0.10602205258693798
4,2022-08-01,ITC,0.24271844660194175,0.7766990291262136,2581500000.0,0.0275886946378526,0.25964912280701746,-0.03321364452423703
4,2022-08-01,JVC,0.22330097087378642,0.44174757281553395,5433500000.0,0.03422193926585426,0.07326732673267333,-0.16228748068006182
4,2022-08-01,KMR,0.18446601941747573,0.30097087378640774,406000000.0,0.018032939092731595,0.029017857142857206,-0.19405594405594406
4,2022-08-01,LDG,0.11650485436893204,0.32524271844660196,30350000000.0,0.03253733705915346,0.04519119351100809,-0.196078431372549
4,2022-08-01,LGL,0.1650485436893204,0.45145631067961167,786000000.0,0.025714944037512504,0.0653465346534654,-0.13782051282051277
4,2022-08-01,LM8,0.9902912621359223,0.21359223300970875,19368900.0,0.01891495168900319,-0.0036057692307692735,-0.19592628516003885
4,2022-08-01,MCG,0.038834951456310676,0.1699029126213592,718500000.0,0.02412190528213866,0.0025974025974024872,-0.2956204379562044
4,2022-08-01,MDG,0.8543689320388349,0.5097087378640777,31500150.0,0.04024315371841595,-0.051445086705202314,0.1531974701335208
4,2022-08-01,MHC,0.06796116504854369,0.6116504854368933,809000000.0,0.028617368940440688,0.1884920634920635,-0.13936781609195403
4,2022-08-01,NAF,0.1553398058252427,0.2669902912621359,1484500000.0,0.02122876857784875,0.03014553014553023,-0.23297213622291024
4,2022-08-01,NBB,0.20388349514563106,0.8300970873786407,12903500000.0,0.030844849532795617,0.139240506329114,0.07462686567164178
4,2022-08-01,NCT,0.47572815533980584,0.6747572815533981,839500000.0,0.009799164843084253,0.029221292054967707,0.1783001808318263
4,2022-08-01,NVT,0.4563106796116505,0.47572815533980584,321500000.0,0.03714482281212825,0.11023622047244097,-0.19428571428571428
4,2022-08-01,OGC,0.5145631067961165,0.25728155339805825,6828500000.0,0.03155067090614703,-0.08394160583941601,-0.05639097744360899
4,2022-08-01,PAN,0.5825242718446602,0.7766990291262136,28638500000.0,0.023207481644933168,0.1343381389252949,0.021841794569067208
4,2022-08-01,PET,0.7864077669902912,0.2524271844660194,17935500000.0,0.03570559146598392,-0.009965122072745358,-0.14611087236785558
4,2022-08-01,PGC,0.7572815533980582,0.5776699029126213,282500000.0,0.013531947369401541,0.013081395348837122,0.08062015503875974
4,2022-08-01,PHR,0.6116504854368932,0.8106796116504855,29777000000.0,0.02138945836115987,0.09669764682618154,0.10742811501597438
4,2022-08-01,PIT,0.7766990291262136,0.043689320388349516,30698000.0,0.025944388982792017,-0.07670043415340089,-0.30952380952380953
4,2022-08-01,PTL,0.05825242718446602,0.2524271844660194,574000000.0,0.019076111923633437,0.04418604651162794,-0.3511560693641619
4,2022-08-01,PVD,0.6019417475728155,0.5097087378640777,76511000000.0,0.030947430772601855,0.024202420242024125,-0.0168954593453009
4,2022-08-01,QBS,0.2815533980582524,0.19902912621359223,2628500000.0,0.03249608501720083,0.0,-0.21875
4,2022-08-01,QCG,0.2621359223300971,0.49029126213592233,1500500000.0,0.028645248231767294,0.09333333333333327,-0.1581108829568788
4,2022-08-01,SC5,0.6893203883495146,0.587378640776699,23363250.0,0.03146788268830416,0.1088735053492762,-0.08704663212435237
4,2022-08-01,SCR,0.17475728155339806,0.6262135922330097,50560000000.0,0.03202094390440097,0.273972602739726,-0.15454545454545454
4,2022-08-01,SFG,0.5242718446601942,0.16019417475728154,88608800.0,0.019157709040196796,-0.047957371225577305,-0.1909433962264151
4,2022-08-01,SFI,0.39805825242718446,0.5485436893203883,342000000.0,0.02032314764889048,0.10358105506353477,-0.12595303446172612
4,2022-08-01,SGN,0.8446601941747572,0.645631067961165,250000000.0,0.018106364206053136,0.06041631409713988,0.02856204858831246
4,2022-08-01,SHA,0.9029126213592233,0.25728155339805825,210500000.0,0.014592242057630152,0.02188183807439814,-0.20307167235494883
4,2022-08-01,SKG,0.3106796116504854,0.9223300970873787,13306000000.0,0.025315653106786705,0.2116013071895424,0.15408560311284036
4,2022-08-01,SPM,0.883495145631068,0.2669902912621359,66644200.0,0.03712267073587252,-0.005821474773609281,-0.1480044345898004
4,2022-08-01,SRC,1.0,0.3106796116504854,22604100.0,0.017231058701309854,-0.017825311942959,-0.06052855924978684
4,2022-08-01,ST8,0.7281553398058253,0.9660194174757282,3046500000.0,0.04289178556681124,0.24581939799331098,0.3847583643122676
4,2022-08-01,STB,0.5533980582524272,0.8058252427184466,379570500000.0,0.019928374537523476,0.12751677852348986,0.06105263157894747
4,2022-08-01,TCR,0.3300970873786408,0.7330097087378641,27993600.0,0.03219139800063241,0.24761904761904763,-0.054151624548736454
4,2022-08-01,TDC,0.14563106796116504,0.8883495145631068,4278000000.0,0.035751293716629794,0.37044534412955477,0.030441400304414
4,2022-08-01,TDG,0.08737864077669903,0.46601941747572817,1708000000.0,0.0362969191496372,0.08796296296296302,-0.17832167832167833
4,2022-08-01,TLG,0.3786407766990291,0.8689320388349515,6435000000.0,0.02490860301490627,0.11797578391803798,0.2652846099789177
4,2022-08-01,TMT,0.9611650485436893,0.2524271844660194,1011500000.0,0.04597966318314651,-0.05251141552511418,-0.09388646288209612
4,2022-08-01,TNI,0.02912621359223301,0.3300970873786408,1450500000.0,0.022331311537241348,0.04427083333333326,-0.19477911646586343
4,2022-08-01,TNT,0.04854368932038835,0.16990291262135923,1032000000.0,0.02954695701573155,0.015514809590973178,-0.47058823529411764
4,2022-08-01,TRC,0.6796116504854369,0.3932038834951456,181503050.0,0.026625500338046625,-0.010841654778887322,-0.02748948106591864
4,2022-08-01,TTA,0.6310679611650486,0.7038834951456311,3721000000.0,0.014080370574062017,0.09100418410041833,0.012621359223300876
4,2022-08-01,TTF,0.27184466019417475,0.38349514563106796,17068500000.0,0.028538052014435274,0.08266666666666644,-0.23755868544600944
4,2022-08-01,TVT,0.7184466019417476,0.4077669902912622,114297450.0,0.018015759999880337,0.021653543307086576,-0.06233062330623307
4,2022-08-01,UDC,0.3883495145631068,0.12135922330097088,537500000.0,0.011158658646732197,-0.03504672897196259,-0.2244131455399061
4,2022-08-01,VCB,0.6213592233009708,0.5533980582524272,71945000000.0,0.015643352570725542,0.03914934751087484,-0.011494252873563204
4,2022-08-01,VGC,0.9223300970873787,0.9271844660194175,60069000000.0,0.03709159452607085,0.14506457564575648,0.5164935858277335
4,2022-08-01,VID,0.8932038834951457,0.13592233009708737,209500000.0,0.015079737717364405,-0.07986111111111116,-0.16666666666666663
4,2022-08-01,VJC,0.6601941747572816,0.4368932038834952,62216000000.0,0.012154785107243797,-0.019360016049754236,0.02495282029775625
4,2022-08-01,VMD,0.9320388349514563,0.558252427184466,115584650.0,0.017621564216951626,0.009389671361502261,0.06435643564356441
4,2022-08-01,VNG,0.8252427184466019,0.5679611650485437,589000000.0,0.015481904528335613,0.0663716814159292,-0.04365079365079361
4,2022-08-01,VOS,0.9805825242718447,0.4466019417475728,31547000000.0,0.040727787334343686,-0.07241172950329144,0.08467459762071372
4,2022-08-01,VPD,0.32038834951456313,0.8689320388349515,1185500000.0,0.020877409719277117,0.12142857142857144,0.24702144559173944
4,2022-08-01,VPH,0.13592233009708737,0.9320388349514563,5751000000.0,0.03607855175354734,0.4989858012170385,0.08516886930983847
4,2022-08-01,VPI,0.4077669902912621,0.7087378640776698,67102500000.0,0.014568729710554259,0.061518324607329866,0.1009049773755657
4,2022-08-01,VPS,0.970873786407767,0.28640776699029125,24742400.0,0.01947243677854825,-0.016528925619834656,-0.09848484848484851
4,2022-08-01,VRC,0.019417475728155338,0.7524271844660194,528000000.0,0.03062160784002103,0.29591836734693877,-0.048689138576779034
4,2022-08-01,VRE,0.5048543689320388,0.5533980582524272,43530000000.0,0.027892704631569874,0.017805232558139483,0.028644876973925815
4,2022-08-01,VTO,0.34951456310679613,0.17961165048543687,1395500000.0,0.014414760128202852,-0.0089126559714795,-0.19999999999999996
5,2022-08-31,AAM,0.9900990099009901,0.5099009900990099,205500000.0,0.011736994810259785,0.016775396085740857,-0.03194321206743567
5,2022-08-31,ASM,0.31683168316831684,0.13861386138613863,45781500000.0,0.02082853970255772,-0.03413821815154039,-0.23076923076923073
5,2022-08-31,ASP,0.10891089108910891,0.6633663366336634,1435500000.0,0.03266815031483397,0.1681818181818182,-0.06658595641646492
5,2022-08-31,AST,0.900990099009901,0.5990099009900991,1465500000.0,0.006536323960041875,-0.004952723998199016,0.07359727957250417
5,2022-08-31,BKG,0.2079207920792079,0.25742574257425743,1026000000.0,0.018228903481173175,-0.03411131059245964,-0.10033444816053516
5,2022-08-31,BMP,0.8118811881188119,0.7376237623762376,4893500000.0,0.017385693359405825,0.033446437227338865,0.09783728115345003
5,2022-08-31,BTP,0.6336633663366337,0.7821782178217822,825840250.0,0.01782294625628696,0.08392857142857135,0.03407155025553665
5,2022-08-31,BWE,0.33663366336633666,0.38613861386138615,12071000000.0,0.017733350615105836,0.027475375842405336,-0.1253309796999117
5,2022-08-31,CCI,0.39603960396039606,0.6831683168316831,37129550.0,0.02468409181119605,0.13615295480880651,-0.04527750730282376
5,2022-08-31,CCL,0.5841584158415841,0.5544554455445545,1708000000.0,0.019377713314277654,-0.016129032258064502,0.042735042735042805
5,2022-08-31,CIG,0.43564356435643564,0.896039603960396,1892000000.0,0.03354426961801433,0.19386331938633194,0.08905852417302795
5,2022-08-31,CLC,0.9554455445544554,0.5445544554455446,165632650.0,0.013920144447997194,0.01258356272119543,-0.022770398481973486
5,2022-08-31,CLL,0.6534653465346535,0.6633663366336633,427500000.0,0.006112816587911306,0.03608247422680422,0.003494757863205189
5,2022-08-31,CSM,0.9554455445544554,0.33168316831683164,220653900.0,0.013723760395226478,-0.02840909090909094,-0.055828220858895716
5,2022-08-31,CTI,0.38613861386138615,0.3613861386138614,4864000000.0,0.015793219398560054,-0.05488239486813973,-0.02356406480117823
5,2022-08-31,DAH,0.22772277227722773,0.18316831683168316,2515500000.0,0.014612894852792142,-0.06959706959706946,-0.10563380281690138
5,2022-08-31,DCL,0.8316831683168316,0.37623762376237624,1233500000.0,0.019638432569339174,-0.007936507936507908,-0.07063197026022305
5,2022-08-31,DCM,0.3613861386138614,0.6633663366336634,167075000000.0,0.028835232076895773,0.15734824281150162,-0.05970149253731338
5,2022-08-31,DGW,0.4158415841584158,0.6732673267326732,53674500000.0,0.022740702137430714,0.17720655141037311,-0.06436449105044295
5,2022-08-31,DHC,0.40594059405940597,0.21782178217821782,9302000000.0,0.012432832194473465,-0.035162170354652966,-0.1141107709435013
5,2022-08-31,DLG,0.09900990099009901,0.07425742574257425,11908000000.0,0.02137506063587124,-0.08256880733944949,-0.21722113502935425
5,2022-08-31,DMC,0.8811881188118812,0.5792079207920792,509500000.0,0.00712678396630934,0.0,0.03039658038470683
5,2022-08-31,DQC,0.019801980198019802,0.2722772277227723,3579000000.0,0.021652118502461067,0.0,-0.18078055964653905
5,2022-08-31,DSN,0.9306930693069307,0.6287128712871287,705000000.0,0.016690847480801244,-0.010975305562484383,0.1776061776061777
5,2022-08-31,DTA,0.1782178217821782,0.7920792079207921,331000000.0,0.030167448203553725,0.17730496453900702,-0.013861386138613874
5,2022-08-31,DTL,0.24752475247524752,0.4108910891089109,27633000.0,0.011226745860445838,0.06827309236947787,-0.2507042253521127
5,2022-08-31,DXV,0.9108910891089109,0.801980198019802,94500000.0,0.024158052005015817,0.0651408450704225,0.12453531598513012
5,2022-08-31,EIB,0.7722772277227723,0.4653465346534653,9758500000.0,0.011610505378134107,-0.014485514485514495,-0.02375061850569027
5,2022-08-31,FDC,0.8910891089108911,0.16336633663366337,166907000.0,0.02709574788560938,-0.1480769230769231,-0.09959349593495936
5,2022-08-31,GTA,0.8514851485148515,0.8663366336633664,118743600.0,0.032495784954609974,0.07881417208966024,0.2071197411003236
5,2022-08-31,GVR,0.5247524752475248,0.6584158415841584,53029000000.0,0.022081948472511836,0.06666666666666665,-0.02608695652173909
5,2022-08-31,HAG,0.37623762376237624,0.8267326732673268,263708500000.0,0.026916141217130245,0.05284552845528445,0.48
5,2022-08-31,HAR,0.04950495049504951,0.18811881188118812,4131000000.0,0.02291408146436272,-0.03275862068965518,-0.15892053973013498
5,2022-08-31,HBC,0.7326732673267327,0.46534653465346537,106875000000.0,0.019542954554243926,-0.0066225165562914245,-0.026946107784431184
5,2022-08-31,HNG,0.7524752475247525,0.504950495049505,83370500000.0,0.021284990863321022,-0.025936599423631135,0.03840245775729656
5,2022-08-31,HPX,0.7623762376237624,0.5544554455445545,12333000000.0,0.013229270533156161,0.0,0.0
5,2022-08-31,HQC,0.297029702970297,0.09900990099009901,39184500000.0,0.017085454608481123,-0.07779886148007586,-0.173469387755102
5,2022-08-31,HSG,0.009900990099009901,0.693069306930693,250606500000.0,0.0266159640700866,0.06434782608695655,-0.009708737864077666
5,2022-08-31,HSL,0.5742574257425742,0.400990099009901,2898000000.0,0.02558712275688568,-0.024752475247524774,-0.029556650246305383
5,2022-08-31,HTI,0.6831683168316832,0.7029702970297029,378500000.0,0.011422020479408601,0.049689440993788914,0.033187772925764136
5,2022-08-31,HU1,0.2376237623762376,0.7574257425742574,116337700.0,0.022960699563238724,0.1433607520564042,-0.019153225806451624
5,2022-08-31,ICT,0.5643564356435643,0.6188118811881188,412000000.0,0.008274637150218474,0.02004626060138781,0.023201856148491906
5,2022-08-31,ITC,0.49504950495049505,0.8762376237623762,12684500000.0,0.0346567519038085,0.09633418584825226,0.19850885368126758
5,2022-08-31,JVC,0.0891089108910891,0.15841584158415842,8124000000.0,0.024354798575457724,-0.05244755244755239,-0.15707620528771382
5,2022-08-31,KMR,0.2871287128712871,0.07920792079207921,644000000.0,0.01447228657041496,-0.05648535564853552,-0.2666666666666667
5,2022-08-31,LDG,0.039603960396039604,0.36633663366336633,50193500000.0,0.0261571563872312,0.019172552976791213,-0.11867364746945896
5,2022-08-31,LGL,0.1485148514851485,0.5742574257425743,1260500000.0,0.022881942670502444,0.07664884135472372,-0.08345978755690442
5,2022-08-31,LM8,0.8712871287128713,0.698019801980198,78899700.0,0.02934268373859004,0.0658823529411765,-0.013071895424836555
5,2022-08-31,MCG,0.15841584158415842,0.22277227722772275,1475500000.0,0.02843932333668824,-0.014962593516209433,-0.2036290322580645
5,2022-08-31,MHC,0.26732673267326734,0.6584158415841584,1365500000.0,0.03132727950052398,0.04612850082372333,-0.0078125
5,2022-08-31,NAF,0.16831683168316833,0.42574257425742573,2736000000.0,0.02046733370195823,0.043436293436293516,-0.12398703403565636
5,2022-08-31,NBB,0.21782178217821782,0.39603960396039606,28286000000.0,0.029952946103339855,-0.018617021276595702,-0.046511627906976716
5,2022-08-31,NCT,0.504950495049505,0.7029702970297029,735000000.0,0.0063496661241297485,0.030654900139340358,0.07735879592167016
5,2022-08-31,NVT,0.594059405940594,0.8613861386138614,1033500000.0,0.0419834781721968,0.13214285714285712,0.09688581314878886
5,2022-08-31,OGC,0.3465346534653465,0.9207920792079208,8731500000.0,0.030833262534630142,0.15873015873015883,0.2016460905349795
5,2022-08-31,PAN,0.45544554455445546,0.6435643564356435,44820000000.0,0.022204084923346357,0.05818596691386202,-0.024710830704521514
5,2022-08-31,PET,0.3613861386138614,0.7079207920792079,41763500000.0,0.02729864868546537,0.21852033317001474,-0.0525714285714286
5,2022-08-31,PGC,0.9702970297029703,0.5990099009900991,388000000.0,0.01619757164203606,0.048920863309352525,-0.02929427430093212
5,2022-08-31,PHR,0.6732673267326733,0.49504950495049505,56467500000.0,0.016957863763719737,0.011417530300368961,-0.03953294412010011
5,2022-08-31,PIT,0.27722772277227725,0.2524752475247525,255000000.0,0.018823613185215582,0.0016207455429497752,-0.25542168674698795
5,2022-08-31,PTL,0.19801980198019803,0.995049504950495,3556500000.0,0.04065338957428087,0.6747967479674797,0.5547169811320756
5,2022-08-31,PVD,0.42574257425742573,0.7079207920792079,213604500000.0,0.034848572769393904,0.28088701161562835,-0.055295950155763274
5,2022-08-31,QBS,0.07920792079207921,0.09405940594059406,3138000000.0,0.024601677726780766,-0.06746987951807226,-0.22132796780684105
5,2022-08-31,QCG,0.3069306930693069,0.09900990099009901,2443000000.0,0.019389972254559948,-0.08131868131868136,-0.16148445336008022
5,2022-08-31,SCR,0.13861386138613863,0.47029702970297027,61255500000.0,0.022938367057164868,-0.020444444444444487,-0.016949152542372836
5,2022-08-31,SFG,0.25742574257425743,0.3811881188118812,174000000.0,0.019949070209263394,0.030993618960802216,-0.15722801788375562
5,2022-08-31,SFI,0.9207920792079208,0.613861386138614,636500000.0,0.01761136519261327,0.023098791755508108,0.003135888501742068
5,2022-08-31,SGN,0.7821782178217822,0.7178217821782178,501500000.0,0.008663069276100322,0.03271624640919235,0.07760199833472092
5,2022-08-31,SHA,0.5445544554455446,0.3118811881188119,549500000.0,0.015838810590215198,0.0,-0.1451905626134301
5,2022-08-31,SKG,0.5148514851485149,0.9059405940594059,13679500000.0,0.026783049479613755,0.10394736842105257,0.37540983606557377
5,2022-08-31,SPM,0.8415841584158416,0.37623762376237624,96390600.0,0.02578498628177734,0.0,-0.09022118742724095
5,2022-08-31,SRF,0.9801980198019802,0.4554455445544554,77205250.0,0.01755087692007243,-0.022222222222222254,-0.022222222222222254
5,2022-08-31,ST8,0.6039603960396039,0.45544554455445546,1283500000.0,0.02499667124118454,-0.1849529780564263,0.18181818181818188
5,2022-08-31,STB,0.46534653465346537,0.5693069306930694,267931500000.0,0.010945917837708038,-0.025540275049115935,0.14814814814814814
5,2022-08-31,STG,0.8613861386138614,0.3366336633663366,102199750.0,0.018102757425102794,-0.02422145328719727,-0.06776859504132227
5,2022-08-31,TCR,0.32673267326732675,0.14356435643564355,159138000.0,0.015725630220196435,-0.09626719056974464,-0.11196911196911197
5,2022-08-31,TDC,0.6237623762376238,0.995049504950495,28286500000.0,0.02737102155014309,0.3827814569536423,0.6000000000000001
5,2022-08-31,TDG,0.12871287128712872,0.4257425742574257,1842500000.0,0.022522854547213738,0.027310924369747802,-0.10439560439560436
5,2022-08-31,TLG,0.48514851485148514,0.8613861386138614,24996000000.0,0.0219013911366567,0.07648183556405352,0.2519059720457433
5,2022-08-31,TMT,0.7029702970297029,0.054455445544554455,379500000.0,0.020090831295050387,-0.08894230769230771,-0.2465208747514911
5,2022-08-31,TNI,0.1188118811881188,0.44059405940594065,2996000000.0,0.031405419011465506,0.025882352941176467,-0.08977035490605423
5,2022-08-31,TNT,0.0297029702970297,0.27722772277227725,2775500000.0,0.037317159816697684,0.021052631578947434,-0.29454545454545455
5,2022-08-31,TTA,0.5544554455445545,0.37623762376237624,5349500000.0,0.014967109383285942,0.004734848484848397,-0.10464135021097043
5,2022-08-31,TTE,0.9405940594059405,0.09405940594059406,7570750.0,0.039127293992697265,-0.0429184549356223,-0.49318181818181817
5,2022-08-31,TTF,0.18811881188118812,0.10396039603960396,23094500000.0,0.018022752689658306,-0.10681818181818181,-0.1502702702702703
5,2022-08-31,TVT,0.801980198019802,0.7326732673267327,105211300.0,0.013875015054265437,0.05666003976143141,0.03910068426197455
5,2022-08-31,UDC,0.8217821782178217,0.6039603960396039,563000000.0,0.021773260017368724,0.10800970873786397,-0.08699999999999997
5,2022-08-31,VCB,0.7920792079207921,0.7425742574257426,94448000000.0,0.015854472700281404,0.05654426672674018,0.06060606060606055
5,2022-08-31,VGC,0.693069306930693,0.9257425742574257,82251500000.0,0.03169229198185813,0.1178592904389657,0.534672537149147
5,2022-08-31,VID,0.7227722772277227,0.48514851485148514,531500000.0,0.019759063597380284,0.057090239410681365,-0.11145510835913308
5,2022-08-31,VJC,0.7425742574257426,0.3366336633663366,75056500000.0,0.007887932442118318,-0.042583683079127854,-0.042583683079127854
5,2022-08-31,VMD,0.5346534653465347,0.6336633663366337,322000000.0,0.026304509729571605,0.08030040439052577,-0.050761421319796995
5,2022-08-31,VNG,0.6435643564356436,0.29207920792079206,563500000.0,0.011313176937088753,-0.07755102040816331,-0.0423728813559322
5,2022-08-31,VOS,0.6633663366336634,0.41089108910891087,37073000000.0,0.02415561331145823,-0.06403351286654702,0.02155453951665587
5,2022-08-31,VPD,0.4752475247524752,0.891089108910891,725000000.0,0.014019934804429408,0.08578745198463511,0.30965250965250957
5,2022-08-31,VPH,0.44554455445544555,0.7326732673267327,2919000000.0,0.031428385551874036,0.02754820936639124,0.1601866251944013
5,2022-08-31,VPI,0.7128712871287128,0.5940594059405941,62411500000.0,0.0071090155537187494,-0.003073140749846326,0.05644811115935733
5,2022-08-31,VPS,1.0,0.19801980198019803,39096600.0,0.009796993280490388,-0.04583333333333328,-0.11668273866923817
5,2022-08-31,VRC,0.06930693069306931,0.3069306930693069,1259500000.0,0.03507785914134028,-0.027450980392156876,-0.0780669144981413
5,2022-08-31,VRE,0.6138613861386139,0.24752475247524752,41646500000.0,0.011441798727987618,-0.04668567355666431,-0.08889645776566757
5,2022-08-31,VTO,0.0594059405940594,0.21782178217821782,2293000000.0,0.015112356248440921,-0.023140495867768562,-0.16051136363636365
6,2022-09-30,AAM,0.9854368932038835,0.587378640776699,112000000.0,0.014899418858831542,-0.036663611365719495,-0.012218045112781906
6,2022-09-30,ASM,0.5825242718446602,0.7427184466019418,85757500000.0,0.03594625363545154,-0.05689655172413788,0.1129196337741607
6,2022-09-30,ASP,0.10679611650485436,0.4684466019417476,697500000.0,0.028055042406895738,-0.18417639429312582,0.0625
6,2022-09-30,AST,0.7572815533980582,0.5922330097087378,1228000000.0,0.010079679227054049,-0.04524886877828049,-0.0018921475875117721
6,2022-09-30,BKG,0.34951456310679613,0.8009708737864077,663000000.0,0.01277979807652806,-0.03345724907063197,0.1206896551724137
6,2022-09-30,BMP,0.6019417475728155,0.49514563106796117,3458500000.0,0.014911698405734088,-0.11374296435272047,0.010698047606311878
6,2022-09-30,BTP,0.8737864077669902,0.7184466019417476,609500000.0,0.009616531791860436,-0.027182866556836882,0.045132743362831906
6,2022-09-30,BWE,0.5533980582524272,0.6844660194174756,14859500000.0,0.018536508294860844,-0.02573158425832489,0.008355091383811963
6,2022-09-30,CCI,0.7766990291262136,0.2815533980582524,206872050.0,0.04204529784055062,-0.0809151785714286,-0.20473201352003867
6,2022-09-30,CCL,0.3786407766990291,0.2524271844660194,606000000.0,0.017186236511233875,-0.1789617486338798,-0.06821705426356595
6,2022-09-30,CIG,0.02912621359223301,0.6504854368932039,2570500000.0,0.03159319516344562,-0.14719626168224298,0.2943262411347518
6,2022-09-30,CLC,0.9271844660194175,0.6310679611650486,200500000.0,0.0129437609528166,-0.016336056009334854,-0.023174971031286185
6,2022-09-30,CLL,0.8737864077669902,0.7815533980582524,505500000.0,0.015042156259512484,-0.01691542288557213,0.057249866238630265
6,2022-09-30,CSM,0.970873786407767,0.3398058252427184,174000000.0,0.01739373244021354,-0.0714749837556855,-0.11844540407156079
6,2022-09-30,CTI,0.27184466019417475,0.5825242718446602,8328500000.0,0.03140963742310296,-0.08220211161387636,0.047332185886402645
6,2022-09-30,DAH,0.05825242718446602,0.3883495145631068,1139000000.0,0.029886054023248537,-0.12729658792650922,-0.022058823529411797
6,2022-09-30,DCL,0.6893203883495146,0.5242718446601942,1463000000.0,0.005014931162999717,-0.04600000000000004,-0.036363636363636376
6,2022-09-30,DCM,0.6213592233009708,0.7038834951456311,239892000000.0,0.03399388154792691,-0.10110420979986201,0.27446183953033265
6,2022-09-30,DGW,0.6310679611650486,0.6796116504854369,90651000000.0,0.034918743550873245,-0.10183574879227053,0.19917440660474717
6,2022-09-30,DHC,0.5048543689320388,0.46116504854368934,4776000000.0,0.01167768503248596,-0.041470311027332674,-0.09733727810650883
6,2022-09-30,DLG,0.019417475728155338,0.04368932038834951,4926500000.0,0.026886077306968428,-0.25249999999999995,-0.1808219178082192
6,2022-09-30,DMC,0.9271844660194175,0.470873786407767,364000000.0,0.00866684989043981,-0.06130444802949986,-0.0595705379819903
6,2022-09-30,DQC,0.1941747572815534,0.13106796116504854,1458000000.0,0.01665613367526412,-0.21842696629213487,-0.10683102208525941
6,2022-09-30,DSN,0.8058252427184466,0.8203883495145631,387500000.0,0.011069163206804756,-0.02950819672131144,0.13543818235467686
6,2022-09-30,DTA,0.1650485436893204,0.6990291262135923,172182600.0,0.031673620189388574,-0.09136546184738958,0.2196765498652291
6,2022-09-30,DTL,0.17475728155339806,0.5048543689320388,11500000.0,0.0073420661843924305,-0.06015037593984962,-0.03100775193798455
6,2022-09-30,DXV,0.49514563106796117,0.38106796116504854,37529500.0,0.03657142378652378,-0.17355371900826444,0.0
6,2022-09-30,EIB,0.42718446601941745,0.8640776699029127,34004500000.0,0.03203116622639899,0.1267105930055752,0.06875000000000009
6,2022-09-30,GTA,0.7961165048543689,0.7621359223300971,21272250.0,0.023638249899065083,-0.024458420684835724,0.052790346907994
6,2022-09-30,GVR,0.30097087378640774,0.3300970873786408,48913000000.0,0.023977727133067162,-0.20657467532467533,0.002564102564102555
6,2022-09-30,HAG,0.23300970873786409,0.9611650485436893,330042000000.0,0.03301622229034146,0.02316602316602312,0.37305699481865284
6,2022-09-30,HAR,0.1553398058252427,0.23786407766990292,1704000000.0,0.02006587686652885,-0.19786096256684493,-0.04255319148936165
6,2022-09-30,HBC,0.44660194174757284,0.4077669902912622,75152000000.0,0.02745371599407426,-0.1615384615384614,0.002452483139178563
6,2022-09-30,HNG,0.32038834951456313,0.5631067961165048,41658500000.0,0.03162806781082917,-0.16863905325443784,0.11507936507936511
6,2022-09-30,HPX,0.5339805825242718,0.6165048543689321,14295000000.0,0.009182098226633727,-0.011538461538461497,-0.03745318352059923
6,2022-09-30,HQC,0.08737864077669903,0.11650485436893204,17841000000.0,0.023168951856023662,-0.2613168724279835,-0.0818414322250639
6,2022-09-30,HSG,0.2621359223300971,0.49029126213592233,212397000000.0,0.03265435193816431,-0.1462418300653595,0.03567888999008928
6,2022-09-30,HSL,0.6407766990291263,0.8543689320388349,1468000000.0,0.020157965505538746,-0.025380710659898442,0.1519999999999999
6,2022-09-30,HTI,0.7378640776699029,0.6796116504854369,1449500000.0,0.010764290735655881,-0.05663567202028741,0.04788732394366191
6,2022-09-30,HTV,0.8252427184466019,0.35436893203883496,26225700.0,0.02883419623802865,-0.11071428571428577,-0.06566604127579734
6,2022-09-30,HU1,0.2524271844660194,0.2038834951456311,131327050.0,0.04329335926236474,-0.18360995850622408,-0.09122401847575057
6,2022-09-30,ICT,0.9271844660194175,0.6796116504854368,194500000.0,0.0067214185385013605,-0.02569916855631138,0.00546021840873645
6,2022-09-30,ITC,0.6990291262135923,0.7621359223300971,17043500000.0,0.041278373226950126,-0.07853810264385697,0.38596491228070184
6,2022-09-30,JVC,0.009708737864077669,0.4854368932038835,3275000000.0,0.030265399518598364,-0.1254612546125461,0.02819956616052055
6,2022-09-30,KMR,0.21359223300970873,0.18932038834951456,274500000.0,0.015236467338513025,-0.17960088691796006,-0.10843373493975905
6,2022-09-30,LDG,0.06796116504854369,0.11650485436893203,23172500000.0,0.033811670593355145,-0.2594059405940594,-0.08220858895705518
6,2022-09-30,LGL,0.3300970873786408,0.6116504854368932,649500000.0,0.024731893922801635,-0.10596026490066224,0.08000000000000007
6,2022-09-30,LM8,0.9514563106796117,0.5436893203883495,57360350.0,0.031135085502984248,-0.06644880174291934,-0.00810185185185186
6,2022-09-30,MCG,0.20388349514563106,0.17475728155339804,384500000.0,0.022227958012871973,-0.17721518987341767,-0.1216216216216216
6,2022-09-30,MDG,0.4854368932038835,0.5825242718446602,23033300.0,0.04014661529257733,0.0025542784163474774,-0.0797186400937866
6,2022-09-30,MHC,0.2815533980582524,0.5242718446601942,616000000.0,0.027831368048198964,-0.1716535433070866,0.07346938775510203
6,2022-09-30,NAF,0.0970873786407767,0.6990291262135921,1522000000.0,0.022508362911870902,-0.0684551341350601,0.1090308370044053
6,2022-09-30,NBB,0.4368932038834951,0.9514563106796117,23905500000.0,0.034299096297658836,0.051490514905149,0.26797385620915026
6,2022-09-30,NCT,0.8932038834951457,0.5922330097087378,712000000.0,0.008855540208372939,-0.045666216013219185,-0.0006292276230926985
6,2022-09-30,NVT,0.3883495145631068,0.3786407766990291,297500000.0,0.030607430351101618,-0.2429022082018928,0.05726872246696035
6,2022-09-30,OGC,0.6601941747572816,0.8932038834951457,19806000000.0,0.03515184380385503,-0.006849315068493178,0.1507936507936507
6,2022-09-30,PAN,0.6796116504854369,0.616504854368932,90595500000.0,0.03216585983997827,-0.12183288409703508,0.12655601659751037
6,2022-09-30,PET,0.33980582524271846,0.3713592233009709,38133500000.0,0.03760685756383953,-0.25492561318858065,0.0625
6,2022-09-30,PGC,0.9271844660194175,0.529126213592233,254500000.0,0.016875344845362558,-0.07887517146776402,0.0052395209580837765
6,2022-09-30,PHR,0.4563106796116505,0.13106796116504854,49052000000.0,0.02780915755142425,-0.21952066689822858,-0.10263578274760388
6,2022-09-30,PIT,0.3106796116504854,0.058252427184466014,43750500.0,0.017025987865174546,-0.22330097087378642,-0.281437125748503
6,2022-09-30,PTL,0.36893203883495146,0.5679611650485437,3566500000.0,0.037179777019304534,-0.20873786407766992,0.5162790697674418
6,2022-09-30,PVD,0.7475728155339806,0.8640776699029127,244113000000.0,0.044672185847005025,-0.04369332234130252,0.4111922141119222
6,2022-09-30,QBS,0.14563106796116504,0.04368932038834951,1588500000.0,0.03500514518474287,-0.2506459948320413,-0.19444444444444442
6,2022-09-30,QCG,0.11650485436893204,0.23300970873786406,1475000000.0,0.029102187420005685,-0.2069377990430622,-0.041907514450867045
6,2022-09-30,SC5,0.7184466019417476,0.7572815533980582,12009900.0,0.031048961893220834,-0.015810276679841917,0.04433792690233673
6,2022-09-30,SCR,0.038834951456310676,0.2912621359223301,27715500000.0,0.03029395979785501,-0.2313974591651543,0.004744958481613271
6,2022-09-30,SFG,0.5436893203883495,0.31553398058252424,85000000.0,0.029530314183993656,-0.07515473032714415,-0.13266998341625202
6,2022-09-30,SFI,0.9029126213592233,0.645631067961165,509000000.0,0.018099144432650167,-0.06773185133726989,0.04925723221266609
6,2022-09-30,SGN,0.8737864077669902,0.7135922330097088,219000000.0,0.010133965558066263,-0.03424873737373735,0.047773972602739745
6,2022-09-30,SHA,0.7281553398058253,0.7427184466019418,294000000.0,0.014679939547796242,-0.014861995753715496,0.03111111111111109
6,2022-09-30,SKG,0.5145631067961165,0.5922330097087378,10035000000.0,0.027759314572623272,-0.1519666269368296,0.1329617834394905
6,2022-09-30,SRC,0.9854368932038835,0.6019417475728155,68389450.0,0.016452110975751985,-0.022202486678507993,-0.02738515901060068
6,2022-09-30,SRF,0.6504854368932039,0.34466019417475724,79014000.0,0.024094847375846752,-0.11111111111111116,-0.06614785992217898
6,2022-09-30,ST8,0.8349514563106796,0.5364077669902912,266500000.0,0.01729199144772744,-0.0692307692307692,0.0
6,2022-09-30,STB,0.39805825242718446,0.25728155339805825,223326500000.0,0.021063183457938874,-0.16935483870967738,-0.08444444444444443
6,2022-09-30,STG,0.7864077669902912,0.5679611650485437,381136000.0,0.01696317074449735,-0.021818181818181848,-0.06434782608695655
6,2022-09-30,TCR,0.3592233009708738,0.2669902912621359,27484250.0,0.030647390217546346,-0.15217391304347827,-0.08450704225352113
6,2022-09-30,TDC,1.0,0.6019417475728155,33070500000.0,0.03434225583450547,-0.18965517241379315,0.775445960125918
6,2022-09-30,TDG,0.24271844660194175,0.1941747572815534,677500000.0,0.02293454391670703,-0.22494887525562368,-0.047738693467336724
6,2022-09-30,TLG,0.7087378640776699,0.7233009708737864,40081000000.0,0.04024465699336281,-0.07612281146917022,0.18445022771633046
6,2022-09-30,TMT,0.8155339805825242,0.07766990291262135,242000000.0,0.026878964940153887,-0.2137203166226913,-0.2587064676616916
6,2022-09-30,TNI,0.07766990291262135,0.5388349514563107,1346500000.0,0.031068870745333696,-0.09403669724770647,0.031331592689294974
6,2022-09-30,TNT,0.13592233009708737,0.30097087378640774,1150500000.0,0.03071068801413051,-0.18170103092783507,-0.0260736196319018
6,2022-09-30,TRC,0.7669902912621359,0.5339805825242718,397675500.0,0.020327306099808345,-0.06737880032867705,-0.009310445155659042
6,2022-09-30,TTA,0.6116504854368932,0.7427184466019418,4286000000.0,0.012592062807296805,-0.04995287464655984,0.0815450643776825
6,2022-09-30,TTF,0.04854368932038835,0.14563106796116504,10557500000.0,0.024383568757332802,-0.19720101781170485,-0.11126760563380278
6,2022-09-30,TVT,0.9611650485436893,0.5388349514563107,209207600.0,0.019331249923841925,-0.058134083450539165,-0.020955165692007838
6,2022-09-30,UDC,0.22330097087378642,0.14563106796116504,595500000.0,0.018260763709982652,-0.1971522453450164,-0.11473429951690817
6,2022-09-30,VCB,0.46601941747572817,0.45145631067961167,80998500000.0,0.012976354974521284,-0.12857142857142856,0.005412054120541132
6,2022-09-30,VGC,0.6699029126213593,0.4611650485436893,79349000000.0,0.0386811641921392,-0.23399677245831096,0.13617021276595742
6,2022-09-30,VID,0.8543689320388349,0.38349514563106796,188000000.0,0.015346404904501584,-0.07317073170731703,-0.09059829059829061
6,2022-09-30,VJC,0.5631067961165048,0.2912621359223301,62759500000.0,0.014969154863143316,-0.08799315727574042,-0.12745499181669395
6,2022-09-30,VMD,0.8446601941747572,0.5242718446601942,90677550.0,0.012070009350438246,-0.0887700534759358,0.006497341996456019
6,2022-09-30,VNG,0.4174757281553398,0.28640776699029125,266000000.0,0.017712575756046782,-0.11504424778761058,-0.09909909909909909
6,2022-09-30,VOS,0.4077669902912621,0.19902912621359223,12217500000.0,0.025582272225039365,-0.17583120204603575,-0.10919143054595715
6,2022-09-30,VPD,0.47572815533980584,0.970873786407767,1008000000.0,0.02997468349136654,0.07665094339622636,0.30428571428571427
6,2022-09-30,VPH,0.1262135922330097,0.5631067961165048,1058000000.0,0.0286027020143549,-0.18900804289544237,0.2246963562753037
6,2022-09-30,VPI,0.5242718446601942,0.8398058252427185,60042500000.0,0.01354024374237971,0.005754212905877409,0.072775098640947
6,2022-09-30,VPS,0.5922330097087378,0.6699029126213593,46281800.0,0.02275020301194307,0.0387931034482758,-0.023302938196555267
6,2022-09-30,VRC,0.18446601941747573,0.2524271844660194,295000000.0,0.028648845722069098,-0.22580645161290325,-0.010309278350515427
6,2022-09-30,VRE,0.5728155339805825,0.854368932038835,40634500000.0,0.023455102215480864,0.01084112149532701,0.07686180804460374
6,2022-09-30,VTO,0.2912621359223301,0.616504854368932,2674500000.0,0.019040247169497086,-0.06768189509306266,0.03377110694183871
7,2022-11-01,AAM,0.7281553398058253,0.6456310679611651,79500000.0,0.02385454821462682,-0.06022944550669218,-0.10310218978102192
7,2022-11-01,ASM,0.30097087378640774,0.30097087378640774,34189500000.0,0.043203576431893896,-0.22138126773888367,-0.30840336134453783
7,2022-11-01,ASP,0.4077669902912621,0.470873786407767,226000000.0,0.028369818717014276,-0.1312292358803987,-0.21589205397301348
7,2022-11-01,AST,0.5922330097087378,0.6213592233009708,1993000000.0,0.014861271564815582,-0.08517274472168901,-0.12865630712979892
7,2022-11-01,BKG,0.32038834951456313,0.4854368932038835,376500000.0,0.04104315979484031,-0.119140625,-0.2183708838821491
7,2022-11-01,BMP,0.46601941747572817,0.970873786407767,4422500000.0,0.028148956592116286,0.2497228381374723,0.09282598158022304
7,2022-11-01,BTP,0.8932038834951457,0.7669902912621359,285000000.0,0.0344532792271496,-0.051126516464471417,-0.028393966282165062
7,2022-11-01,BWE,0.5145631067961165,0.6747572815533981,6502000000.0,0.03169598306399357,-0.0489718614718615,-0.097097354225533
7,2022-11-01,CCI,0.970873786407767,0.9368932038834952,52255500.0,0.046297930525932396,0.0854333128457283,0.023174971031286296
7,2022-11-01,CCL,0.06796116504854369,0.25728155339805825,574500000.0,0.040794089733732886,-0.1885397412199631,-0.40514905149051494
7,2022-11-01,CIG,0.14563106796116504,0.16504854368932037,596500000.0,0.04550972611117627,-0.30854430379746833,-0.3810198300283286
7,2022-11-01,CLC,0.8446601941747572,0.8640776699029127,242000000.0,0.01480848537764034,0.007211538461538547,-0.00435643564356436
7,2022-11-01,CLL,0.8640776699029126,0.6844660194174756,431000000.0,0.01787809837707545,-0.06871794871794867,-0.07014848950332819
7,2022-11-01,CSM,0.6213592233009708,0.8058252427184467,485366400.0,0.021874595825350146,0.04267425320056906,-0.08030112923462984
7,2022-11-01,CTI,0.11650485436893204,0.6893203883495145,3149000000.0,0.035573145061963594,0.012334801762114544,-0.1862606232294618
7,2022-11-01,DAH,0.1553398058252427,0.11650485436893204,811000000.0,0.0410393910088913,-0.26450511945392496,-0.47310513447432767
7,2022-11-01,DCL,0.7766990291262136,0.8058252427184466,2037000000.0,0.012732565604418275,-0.002096436058700246,-0.05555555555555558
7,2022-11-01,DCM,0.5339805825242718,0.9320388349514563,151981000000.0,0.04166857339458809,0.09473684210526323,-0.0031948881789137795
7,2022-11-01,DGW,0.6019417475728155,0.8300970873786407,76590500000.0,0.04611119436864192,0.03323629306162057,-0.06189427312775331
7,2022-11-01,DHC,0.39805825242718446,0.49514563106796117,7228000000.0,0.013847089031557885,-0.12070690230076697,-0.18636223387843254
7,2022-11-01,DLG,0.8737864077669902,0.1092233009708738,2376000000.0,0.03784133965190503,-0.24444444444444446,-0.5415730337078652
7,2022-11-01,DMC,0.9029126213592233,0.7330097087378641,376197150.0,0.014290656363493949,-0.01583312390047753,-0.09036004645760742
7,2022-11-01,DQC,0.23300970873786409,0.5194174757281553,691000000.0,0.03470502188916028,-0.02631578947368418,-0.3320738874895046
7,2022-11-01,DSN,0.7475728155339806,0.8786407766990292,920000000.0,0.016751523782850043,0.05817782656421522,-0.03624093976505871
7,2022-11-01,DTA,0.22330097087378642,0.19417475728155337,106228000.0,0.04833199758489882,-0.2828025477707007,-0.3453488372093023
7,2022-11-01,DTL,0.6504854368932039,0.45145631067961167,12910000.0,0.01249635208982632,-0.18000000000000005,-0.17670682730923692
7,2022-11-01,DXV,0.3786407766990291,0.48058252427184467,14616950.0,0.04183558322856147,-0.11468812877263579,-0.22535211267605637
7,2022-11-01,EIB,0.6310679611650486,0.9660194174757282,61431000000.0,0.036794362156035494,0.10795454545454541,0.18421052631578938
7,2022-11-01,GTA,0.8155339805825242,0.8640776699029127,27971100.0,0.02914935699917152,-0.015759312320916874,0.061003861003861015
7,2022-11-01,GVR,0.07766990291262135,0.2815533980582524,24109500000.0,0.04291576611034763,-0.18512009373169303,-0.39913606911447086
7,2022-11-01,HAG,0.3592233009708738,0.2669902912621359,168302500000.0,0.04722277596015424,-0.25762711864406784,-0.29638554216867474
7,2022-11-01,HAR,0.009708737864077669,0.3276699029126213,994000000.0,0.03965982133039085,-0.14388489208633093,-0.4
7,2022-11-01,HBC,0.24271844660194175,0.11165048543689321,28480000000.0,0.046577798454800534,-0.2768166089965398,-0.46873411286222677
7,2022-11-01,HNG,0.1262135922330097,0.24514563106796117,18823500000.0,0.040586363789366725,-0.22011385199240985,-0.4
7,2022-11-01,HPX,0.6893203883495146,0.8786407766990292,10775500000.0,0.010076597681856444,0.019685039370078705,-0.007662835249042099
7,2022-11-01,HQC,0.9514563106796117,0.04854368932038835,11547500000.0,0.043319148327201434,-0.2792792792792793,-0.5445920303605314
7,2022-11-01,HSG,0.27184466019417475,0.4271844660194175,146257500000.0,0.0516920012936375,-0.1073752711496746,-0.31757877280265345
7,2022-11-01,HSL,0.3883495145631068,0.23786407766990292,290000000.0,0.04003032337583101,-0.26306306306306304,-0.3250825082508251
7,2022-11-01,HTI,0.7961165048543689,0.8786407766990292,311000000.0,0.014018451492685276,0.008960573476702427,0.007155635062611854
7,2022-11-01,HTL,0.6601941747572816,0.5922330097087378,16663350.0,0.04481292360811517,-0.08650875386199797,-0.15038314176245215
7,2022-11-01,HTV,0.7087378640776699,0.9320388349514563,20689850.0,0.03337062853974736,0.06124497991967881,0.03525954946131238
7,2022-11-01,HU1,0.5825242718446602,0.5631067961165048,143691000.0,0.0506587719199413,-0.09619952494061756,-0.16004415011037532
7,2022-11-01,ICT,0.8252427184466019,0.7427184466019418,123500000.0,0.019826008394064034,-0.023980815347721784,-0.06935975609756095
7,2022-11-01,ITC,0.18446601941747573,0.3737864077669903,7237500000.0,0.045628276327435345,-0.1523809523809524,-0.3008641005498822
7,2022-11-01,JVC,0.08737864077669903,0.17961165048543687,2325500000.0,0.04528473991394544,-0.2417061611374408,-0.4482758620689655
7,2022-11-01,KMR,0.0970873786407767,0.3203883495145631,220500000.0,0.032122674494877955,-0.1647727272727273,-0.37843551797040165
7,2022-11-01,LDG,0.3106796116504854,0.1796116504854369,13524000000.0,0.051767897701926545,-0.20833333333333337,-0.4849397590361446
7,2022-11-01,LGL,0.4854368932038835,0.06310679611650485,814500000.0,0.03553624230740486,-0.3980582524271845,-0.4807370184254607
7,2022-11-01,LM8,0.7864077669902912,0.5631067961165048,28149500.0,0.029184486366945706,-0.13068181818181823,-0.0957446808510638
7,2022-11-01,MCG,0.5533980582524272,0.1553398058252427,233500000.0,0.03932186459078973,-0.24914675767918093,-0.46210268948655253
7,2022-11-01,MHC,0.05825242718446602,0.33009708737864074,267000000.0,0.03884351887267903,-0.15720524017467252,-0.36092715231788075
7,2022-11-01,NAF,0.5436893203883495,0.3737864077669903,634500000.0,0.026022826399467052,-0.18384697130712013,-0.25
7,2022-11-01,NBB,0.6699029126213593,0.7330097087378641,16846000000.0,0.04843902766951135,-0.04594594594594592,-0.06366047745358094
7,2022-11-01,NCT,0.8543689320388349,0.8203883495145631,1022000000.0,0.013515525660337487,0.0,-0.040344933785032344
7,2022-11-01,NVT,0.9611650485436893,0.06310679611650485,164285000.0,0.046356208062690286,-0.2870813397129187,-0.5033333333333334
7,2022-11-01,OGC,0.2815533980582524,0.33009708737864074,10614000000.0,0.04815362189142306,-0.26053639846743293,-0.21224489795918366
7,2022-11-01,PAN,0.2621359223300971,0.5339805825242718,34183000000.0,0.0416658544078632,-0.08613728129205922,-0.22043628013777272
7,2022-11-01,PET,0.1650485436893204,0.24271844660194175,23093000000.0,0.05000290226992485,-0.233890214797136,-0.38828013339685563
7,2022-11-01,PGC,0.7572815533980582,0.7233009708737864,250500000.0,0.025169471598783508,-0.04341317365269459,-0.07324147933284986
7,2022-11-01,PHR,0.10679611650485436,0.22815533980582525,25706500000.0,0.04149930515096866,-0.21452380952380956,-0.4197009674582234
7,2022-11-01,PIT,0.04854368932038835,0.5970873786407767,60000000.0,0.044025457649260254,-0.010964912280701733,-0.29199372056514916
7,2022-11-01,PTL,0.36893203883495146,0.31067961165048547,862000000.0,0.03615601386407372,-0.25217391304347825,-0.23487544483985767
7,2022-11-01,PVD,0.7378640776699029,0.6310679611650485,201433000000.0,0.048858708491797305,-0.13412408759124084,-0.03850050658561299
7,2022-11-01,QBS,0.941747572815534,0.1262135922330097,772000000.0,0.03871254792608019,-0.24264705882352944,-0.5048076923076923
7,2022-11-01,QCG,0.1941747572815534,0.2524271844660194,653000000.0,0.03694005639836211,-0.20451127819548875,-0.40022675736961455
7,2022-11-01,SC5,0.9320388349514563,0.7766990291262136,10643650.0,0.04179420269467899,-0.018968583283936025,-0.04057971014492756
7,2022-11-01,SCR,0.019417475728155338,0.2766990291262136,17745000000.0,0.04966646083837274,-0.1497975708502024,-0.44688323090430204
7,2022-11-01,SFG,0.6116504854368932,0.3980582524271845,107000000.0,0.015513155124007466,-0.18048780487804883,-0.23427529626253418
7,2022-11-01,SFI,0.6796116504854369,0.6019417475728155,204000000.0,0.038150670993384365,-0.07938931297709928,-0.1545741324921136
7,2022-11-01,SGN,0.7184466019417476,0.6893203883495146,174500000.0,0.030510874628908124,-0.05482383931511359,-0.07745460388879966
7,2022-11-01,SHA,0.6407766990291263,0.5776699029126213,257000000.0,0.02914156441600634,-0.09375,-0.1594202898550725
7,2022-11-01,SKG,0.17475728155339806,0.46601941747572817,3685000000.0,0.03292605892627822,-0.09897879025923018,-0.2835727670206122
7,2022-11-01,SPM,0.44660194174757284,0.6213592233009708,65483700.0,0.03521741364522836,-0.0465772759350741,-0.18170805572380377
7,2022-11-01,SRC,0.4174757281553398,0.9902912621359223,555500000.0,0.02607274615761306,0.29514207149404226,0.30230414746543777
7,2022-11-01,ST8,1.0,0.014563106796116504,281000000.0,0.037166799269657935,-0.42148760330578516,-0.542483660130719
7,2022-11-01,STB,0.9805825242718447,0.43203883495145634,343294000000.0,0.04561177128087264,-0.09866666666666668,-0.33069306930693065
7,2022-11-01,STG,0.34951456310679613,1.0,703500000.0,0.03961467310441191,0.49116607773851584,0.4501718213058419
7,2022-11-01,TCR,0.2524271844660194,0.14563106796116504,49846200.0,0.04152987417551232,-0.2676767676767676,-0.4257425742574258
7,2022-11-01,TDC,0.9902912621359223,0.24271844660194175,20452000000.0,0.04360545020471343,-0.3126477541371159,-0.24086161879895562
7,2022-11-01,TDG,0.21359223300970873,0.4077669902912621,773000000.0,0.04504165118093273,-0.10481586402266285,-0.35510204081632657
7,2022-11-01,TLG,0.47572815533980584,0.9077669902912622,25843500000.0,0.035858845977546155,0.07437518819632638,-0.009164121077478438
7,2022-11-01,TMT,0.5728155339805825,0.11407766990291263,277500000.0,0.04405417364232873,-0.24444444444444446,-0.5096153846153846
7,2022-11-01,TNI,0.2912621359223301,0.44660194174757284,564500000.0,0.04570522537866498,-0.126027397260274,-0.24764150943396224
7,2022-11-01,TNT,0.9223300970873787,0.04854368932038835,1087000000.0,0.037483141035955146,-0.34090909090909094,-0.5032938076416338
7,2022-11-01,TRC,0.5048543689320388,0.44660194174757284,608500000.0,0.0339271452061701,-0.16784073506891273,-0.18285714285714283
7,2022-11-01,TTA,0.5631067961165048,0.8398058252427185,5022000000.0,0.023804057178416674,0.03703703703703698,-0.05794392523364489
7,2022-11-01,TTF,0.33980582524271846,0.1553398058252427,6401000000.0,0.04477023402410734,-0.22968197879858654,-0.4971164936562861
7,2022-11-01,TVT,0.883495145631068,0.6941747572815533,67287150.0,0.023162326269057038,-0.07615729218516676,-0.062152602324406225
7,2022-11-01,UDC,0.3300970873786408,0.5388349514563107,309000000.0,0.04143600274429759,-0.052341597796143224,-0.25941872981700753
7,2022-11-01,VCB,0.4368932038834951,0.8058252427184467,80488500000.0,0.02600728208017421,0.051996985681989516,-0.0853898231054816
7,2022-11-01,VGC,0.42718446601941745,0.3883495145631068,60747500000.0,0.049226148380268175,-0.1518259129564783,-0.2925099102858335
7,2022-11-01,VID,0.912621359223301,0.8203883495145631,235500000.0,0.027401788867410036,-0.014842300556586308,-0.029250457038391242
7,2022-11-01,VJC,0.4563106796116505,0.6116504854368932,34093000000.0,0.014083606446822345,-0.05849838783970518,-0.15971223021582737
7,2022-11-01,VMD,0.8058252427184466,0.558252427184466,121679300.0,0.0350084211009257,-0.11421772754312909,-0.13980358174465624
7,2022-11-01,VNG,0.20388349514563106,0.15048543689320387,184000000.0,0.03270927484022129,-0.26315789473684215,-0.42622950819672134
7,2022-11-01,VOS,0.038834951456310676,0.22815533980582525,6801000000.0,0.036698450646669406,-0.20414937759336105,-0.43220840734162225
7,2022-11-01,VPD,0.49514563106796117,0.9757281553398058,1851000000.0,0.02471303703894123,0.11635944700460832,0.2204030226700251
7,2022-11-01,VPH,0.13592233009708737,0.07281553398058252,1038500000.0,0.043392764559369267,-0.3121693121693122,-0.4813829787234043
7,2022-11-01,VPI,0.6990291262135923,0.8155339805825242,63336500000.0,0.007944517460957038,-0.016896764887698312,-0.0181107223708582
7,2022-11-01,VPS,0.8349514563106796,0.5242718446601942,29639000.0,0.027731980733665958,-0.1440329218106996,-0.1333333333333333
7,2022-11-01,VRC,0.02912621359223301,0.3737864077669903,168704250.0,0.03334350619867286,-0.09730363423212196,-0.4054054054054054
7,2022-11-01,VRE,0.5242718446601942,0.7184466019417476,35585000000.0,0.040901278686045935,-0.017060876308646722,-0.0933476394849786
7,2022-11-01,VTO,0.7669902912621359,0.7427184466019418,1285000000.0,0.023480801754277972,0.017110266159695797,-0.13430420711974111
8,2022-12-01,AAM,0.7211538461538461,0.8365384615384615,79000000.0,0.03764914070778578,0.05443548387096775,-0.049090909090909074
8,2022-12-01,ASM,0.34615384615384615,0.25961538461538464,35034500000.0,0.04894608551176667,-0.08942065491183881,-0.3544642857142857
8,2022-12-01,ASP,0.3557692307692308,0.8269230769230769,308500000.0,0.028481551253042976,0.13026819923371646,-0.12850812407680945
8,2022-12-01,AST,0.7980769230769231,0.6201923076923077,705500000.0,0.026309258109981252,-0.02294654498044324,-0.14079339601008944
8,2022-12-01,BKG,0.375,0.46153846153846156,373000000.0,0.05014713391996568,-0.07095343680709532,-0.20342205323193918
8,2022-12-01,BMP,0.7596153846153846,0.6682692307692307,5856500000.0,0.03866131438857983,-0.04890665412649897,0.007471980074719831
8,2022-12-01,BTP,0.46153846153846156,0.47596153846153844,450104300.0,0.036432107720906264,-0.10090090090090087,-0.16204869857262805
8,2022-12-01,BWE,0.3942307692307692,0.7019230769230769,6386500000.0,0.03797265992184376,-0.002328288707799775,-0.09955345416338324
8,2022-12-01,CCL,0.125,0.5576923076923077,609000000.0,0.047583211432139984,0.09285714285714275,-0.3489361702127659
8,2022-12-01,CIG,0.019230769230769232,0.40865384615384615,500500000.0,0.05705087992088228,0.06024096385542177,-0.5170142700329308
8,2022-12-01,CLC,0.7692307692307693,0.4759615384615385,238500000.0,0.022135143007866516,-0.1177406523468576,-0.13864077669902908
8,2022-12-01,CLL,0.8076923076923077,0.7067307692307692,239500000.0,0.019969967744676305,-0.006020799124247356,-0.09199999999999997
8,2022-12-01,CSM,0.8365384615384616,0.6153846153846154,517500000.0,0.02982769604287034,-0.05047748976807642,-0.0978613091380428
8,2022-12-01,CTI,0.25,0.5192307692307693,3518500000.0,0.03159070059150972,-0.07369323050556986,-0.16782140107775212
8,2022-12-01,DAH,0.22115384615384615,0.4182692307692307,846000000.0,0.05066292766328678,0.03614457831325302,-0.3722627737226277
8,2022-12-01,DCL,0.875,0.6538461538461539,1521000000.0,0.01264493866916046,-0.03563941299790352,-0.07258064516129037
8,2022-12-01,DCM,0.6634615384615384,0.375,106211000000.0,0.04046685307480555,-0.09286618826509074,-0.24649368863955123
8,2022-12-01,DGW,0.9615384615384616,0.10576923076923077,56546500000.0,0.06046269932694854,-0.22925457102672298,-0.3656183677406907
8,2022-12-01,DHC,0.7788461538461539,0.16346153846153846,24908500000.0,0.052902661837498074,-0.22247275460353255,-0.35120727500783944
8,2022-12-01,DLG,0.1346153846153846,0.673076923076923,3419000000.0,0.05943035474944281,0.22815533980582514,-0.3068493150684931
8,2022-12-01,DMC,0.9134615384615384,0.6394230769230769,239500000.0,0.017302195278471558,-0.03177427554651757,-0.1221479603595298
8,2022-12-01,DQC,0.20192307692307693,0.40865384615384615,937000000.0,0.03839035189626415,-0.0417185554171855,-0.282851817334576
8,2022-12-01,DSN,0.8942307692307693,0.6778846153846154,507500000.0,0.0201230808772935,-0.031800262812089364,-0.0517374517374517
8,2022-12-01,DTA,0.15384615384615385,0.5144230769230769,112412200.0,0.04882904228504347,0.09734513274336276,-0.3627954779033916
8,2022-12-01,DTL,0.7307692307692307,0.9278846153846154,30857000.0,0.03867683761815301,0.20487804878048776,-0.057251908396946605
8,2022-12-01,DXV,0.5673076923076923,0.3125,21245200.0,0.047176861479024224,-0.09554140127388533,-0.29586776859504127
8,2022-12-01,EIB,0.2692307692307692,0.18269230769230768,135199500000.0,0.054953175477675704,-0.4,-0.31475903614457834
8,2022-12-01,FDC,0.5865384615384616,0.4567307692307692,50968000.0,0.04821971515621599,-0.08296943231441045,-0.1923076923076923
8,2022-12-01,GTA,0.5096153846153846,0.38461538461538464,97172450.0,0.042951651262490696,-0.13027656477438132,-0.18928086838534597
8,2022-12-01,GVR,0.4230769230769231,0.40865384615384615,30205000000.0,0.054137093875835665,0.038771031455742566,-0.3926432848588537
8,2022-12-01,HAG,0.3076923076923077,0.5240384615384616,121039000000.0,0.058536532132402556,0.001136363636363713,-0.25966386554621845
8,2022-12-01,HAR,0.0673076923076923,0.7163461538461539,1106500000.0,0.05108401897485215,0.1504178272980501,-0.2435897435897436
8,2022-12-01,HBC,0.9423076923076923,0.13942307692307693,29804500000.0,0.059926278030741284,-0.1071428571428571,-0.4736842105263158
8,2022-12-01,HNG,0.40384615384615385,0.6682692307692308,24291500000.0,0.03879709515290597,0.07380952380952377,-0.235593220338983
8,2022-12-01,HPX,1.0,0.009615384615384616,85282593000.0,0.04417530818410702,-0.619921875,-0.6257692307692307
8,2022-12-01,HQC,0.8846153846153846,0.5336538461538461,18267000000.0,0.06312307784890074,0.165289256198347,-0.3733333333333333
8,2022-12-01,HSG,0.6346153846153846,0.375,133219500000.0,0.06119245721517432,-0.03333333333333344,-0.3366013071895425
8,2022-12-01,HSL,0.11538461538461539,0.5384615384615385,279000000.0,0.03963816233063862,0.02857142857142847,-0.28648648648648645
8,2022-12-01,HTI,0.9326923076923077,0.7836538461538463,237778500.0,0.01115487882698839,0.018650088809946785,-0.044962531223979973
8,2022-12-01,HTL,0.5192307692307693,0.34134615384615385,15769400.0,0.048688918016490404,-0.16744621141253513,-0.19747520288548237
8,2022-12-01,HTV,0.4519230769230769,0.4375,21777050.0,0.04084259652388508,-0.10029498525073743,-0.18954827280779452
8,2022-12-01,HU1,0.6442307692307693,0.2980769230769231,35915600.0,0.05872539438670862,-0.12581913499344688,-0.2646085997794928
8,2022-12-01,ICT,0.49038461538461536,0.4615384615384615,153560050.0,0.023733003909263906,-0.10256410256410253,-0.1679447852760736
8,2022-12-01,ITC,0.6153846153846154,0.4471153846153846,5465500000.0,0.06053834425298312,-0.019384264538198415,-0.2915980230642504
8,2022-12-01,JVC,0.3173076923076923,0.5721153846153846,2305500000.0,0.05533350674415684,0.07499999999999996,-0.31881188118811876
8,2022-12-01,KMR,0.17307692307692307,0.6875,248000000.0,0.04554057520807094,0.12676056338028174,-0.2434988179669031
8,2022-12-01,LDG,0.9711538461538461,0.3894230769230769,22021000000.0,0.06509568956010306,0.02970297029702973,-0.4144144144144144
8,2022-12-01,LGL,0.038461538461538464,0.5240384615384616,490000000.0,0.05784143902377216,0.13548387096774195,-0.3691756272401434
8,2022-12-01,LM8,0.19230769230769232,0.6346153846153846,7125750.0,0.03525581640892769,-0.010457516339869244,-0.15229563269876822
8,2022-12-01,MCG,0.36538461538461536,0.75,405500000.0,0.06173701583120397,0.39234449760765555,-0.24415584415584413
8,2022-12-01,MDG,0.625,0.34615384615384615,9309850.0,0.05802258860330938,-0.08127721335268501,-0.2931323283082077
8,2022-12-01,MHC,0.08653846153846154,0.6682692307692308,237500000.0,0.03689973961459929,0.07070707070707072,-0.2332730560578662
8,2022-12-01,NAF,0.16346153846153846,0.6105769230769231,720500000.0,0.04254184869667828,0.04638472032742147,-0.2567829457364341
8,2022-12-01,NBB,0.8653846153846154,0.4423076923076923,14266500000.0,0.042412751490575544,-0.1610169491525424,-0.12903225806451613
8,2022-12-01,NCT,0.9038461538461539,0.7692307692307692,325000000.0,0.020788849126898337,0.001277751157962026,-0.016473172262315705
8,2022-12-01,NVT,0.07692307692307693,0.5913461538461539,107000000.0,0.055443697874209684,0.2753424657534247,-0.3601374570446736
8,2022-12-01,OGC,0.38461538461538464,0.04807692307692307,5525000000.0,0.05644792337631862,-0.23300970873786409,-0.488673139158576
8,2022-12-01,PAN,0.25961538461538464,0.14423076923076925,42417500000.0,0.05054801482288601,-0.18478260869565222,-0.3553008595988538
8,2022-12-01,PET,0.23076923076923078,0.057692307692307696,16127500000.0,0.06120539130803526,-0.16164584864070541,-0.5209907640638118
8,2022-12-01,PGC,0.8173076923076923,0.6586538461538463,204181950.0,0.024327179044113176,-0.014007782101167265,-0.1268090971743625
8,2022-12-01,PHR,0.5769230769230769,0.5048076923076923,30860500000.0,0.04429150744174391,0.048744019138756034,-0.353429203539823
8,2022-12-01,PIT,0.6538461538461539,0.2644230769230769,64760000.0,0.044810156276002,-0.16666666666666663,-0.27474402730375425
8,2022-12-01,PTL,0.028846153846153848,0.34134615384615385,496500000.0,0.04925400155594495,0.009615384615384581,-0.5
8,2022-12-01,PVD,0.7403846153846154,0.375,109016000000.0,0.05224975057937249,-0.11811023622047245,-0.2035555555555556
8,2022-12-01,QBS,0.27884615384615385,0.6634615384615384,1123000000.0,0.058813597919788685,0.20500000000000007,-0.3114285714285714
8,2022-12-01,QCG,0.28846153846153844,0.4519230769230769,1427500000.0,0.058252121305881886,0.020000000000000018,-0.35443037974683544
8,2022-12-01,SC5,0.9519230769230769,0.7740384615384616,17738800.0,0.046353376354102464,0.0029797377830751426,-0.04483541430192961
8,2022-12-01,SCR,0.6057692307692307,0.5336538461538461,24949500000.0,0.058821261654407785,0.05785123966942152,-0.34156378600823045
8,2022-12-01,SFG,0.4423076923076923,0.17788461538461536,64786400.0,0.02932902716839512,-0.13007159904534604,-0.35543766578249336
8,2022-12-01,SFI,0.5288461538461539,0.5673076923076923,227500000.0,0.04263251782280819,-0.0017636684303351524,-0.20839160839160842
8,2022-12-01,SGN,0.4326923076923077,0.5384615384615384,188000000.0,0.02602105230059935,-0.039533612679905294,-0.18301565163489852
8,2022-12-01,SHA,0.4807692307692308,0.5913461538461539,143000000.0,0.03330980491893232,-0.022556390977443663,-0.16844349680170578
8,2022-12-01,SKG,0.10576923076923077,0.47596153846153844,4676000000.0,0.03970411172754094,-0.060109289617486295,-0.2015915119363395
8,2022-12-01,SPM,0.7115384615384616,0.6875,8453950.0,0.025666957266848867,-0.002941176470588225,-0.11256544502617805
8,2022-12-01,SRC,0.8269230769230769,0.5240384615384616,97166950.0,0.03690846260937958,-0.17184115523465704,0.03147482014388481
8,2022-12-01,SRF,0.41346153846153844,0.2980769230769231,143500000.0,0.04305117535583697,-0.12142857142857144,-0.28175182481751826
8,2022-12-01,ST8,0.6730769230769231,0.548076923076923,446000000.0,0.052456979736674514,0.1333333333333333,-0.35748031496062993
8,2022-12-01,STB,0.009615384615384616,0.7644230769230769,501552000000.0,0.04193318219158684,0.13043478260869557,-0.18410041841004188
8,2022-12-01,TCR,0.3269230769230769,0.5144230769230769,13765250.0,0.04684618333685409,0.030100334448160515,-0.31858407079646023
8,2022-12-01,TDC,0.9230769230769231,0.10576923076923078,12278500000.0,0.06215395795992663,-0.12201365187713309,-0.4943488943488944
8,2022-12-01,TDG,0.057692307692307696,0.6009615384615384,690500000.0,0.04793803416059139,0.06645569620253156,-0.28297872340425534
8,2022-12-01,TLG,0.2980769230769231,0.3846153846153846,9204500000.0,0.04628157352199971,-0.08286358511837655,-0.25961319681456196
8,2022-12-01,TMT,0.9903846153846154,0.07211538461538462,122128850.0,0.042708681095804044,-0.13269230769230766,-0.5176470588235293
8,2022-12-01,TNI,0.21153846153846154,0.5240384615384615,1972500000.0,0.059336565765516575,-0.07967032967032972,-0.16040100250626566
8,2022-12-01,TNT,0.9807692307692307,0.40384615384615385,1137000000.0,0.04785260845242604,0.039787798408488007,-0.45174825174825173
8,2022-12-01,TRC,0.5480769230769231,0.2548076923076923,408638700.0,0.044977774296416834,-0.10957910014513783,-0.3278553820870994
8,2022-12-01,TTA,0.47115384615384615,0.4807692307692308,3332500000.0,0.03719973435129599,-0.1070707070707071,-0.14174757281553396
8,2022-12-01,TTF,0.33653846153846156,0.3125,9020500000.0,0.056764888057552976,-0.015283842794759805,-0.385558583106267
8,2022-12-01,TVT,0.5961538461538461,0.47115384615384615,90171100.0,0.04335173101430199,-0.09105098855359006,-0.17826904985888992
8,2022-12-01,UDC,0.09615384615384616,0.7355769230769231,285000000.0,0.04208085880398857,0.14402618657937816,-0.21106094808126408
8,2022-12-01,VCB,0.75,0.9038461538461539,107405500000.0,0.020017513198585375,0.09592737978410204,0.025717566016073556
8,2022-12-01,VGC,0.5576923076923077,0.2548076923076923,29949000000.0,0.051588849707742634,-0.06386917618019128,-0.3669935322345087
8,2022-12-01,VID,0.8461538461538461,0.6153846153846154,167553200.0,0.04123225933237129,-0.04933586337760909,-0.09892086330935257
8,2022-12-01,VJC,0.8557692307692307,0.7307692307692308,31968500000.0,0.011415777621767154,0.004810126582278418,-0.1026452633958852
8,2022-12-01,VMD,0.5384615384615384,0.5240384615384616,132223650.0,0.031704688080946855,-0.03505291005291,-0.1965859030837004
8,2022-12-01,VNG,0.04807692307692308,0.7259615384615385,291500000.0,0.03414032786736561,0.13698630136986312,-0.21327014218009477
8,2022-12-01,VOS,0.2403846153846154,0.423076923076923,5209000000.0,0.06085766277624999,0.0,-0.352044352044352
8,2022-12-01,VPD,0.7884615384615384,0.6971153846153846,1333500000.0,0.03546615859666761,-0.041214750542299394,0.04245283018867929
8,2022-12-01,VPH,0.14423076923076922,0.5769230769230769,1039500000.0,0.04886815950308521,0.16795865633074936,-0.3588652482269503
8,2022-12-01,VPI,0.6826923076923077,0.8461538461538461,33185000000.0,0.031699696759833265,0.04101276417660604,0.011590077267181753
8,2022-12-01,VPS,0.6923076923076923,0.5769230769230769,16195200.0,0.04352152728163993,-0.027027027027026973,-0.17826086956521736
8,2022-12-01,VRC,0.18269230769230768,0.375,119500000.0,0.04592025307789963,0.001335113484646211,-0.3697478991596639
8,2022-12-01,VRE,0.7019230769230769,0.9663461538461539,56868500000.0,0.03311473441435247,0.15372361608920748,0.09486016628873761
8,2022-12-01,VTO,0.5,0.7355769230769231,1411000000.0,0.03454799963250219,0.02814258911819878,-0.12319999999999998
9,2022-12-30,AAM,0.8613861386138614,0.6683168316831682,67426350.0,0.02732271036858728,-0.04967801287948481,0.04133064516129026
9,2022-12-30,ASM,0.26732673267326734,0.1782178217821782,34786500000.0,0.03451171004618486,-0.13469387755102036,-0.3503575076608785
9,2022-12-30,ASP,0.9108910891089109,0.4752475247524752,180000000.0,0.014515030269181571,-0.12542372881355934,-0.08672566371681412
9,2022-12-30,AST,0.504950495049505,0.8811881188118812,377705450.0,0.02836777037543657,0.13992436520799578,0.003328578221588163
9,2022-12-30,BKG,0.38613861386138615,0.18316831683168316,412000000.0,0.03835387541894869,-0.19158878504672894,-0.2746331236897275
9,2022-12-30,BMP,0.6831683168316832,0.8564356435643565,3951500000.0,0.019170485288529895,0.05251141552511407,0.12928688078388673
9,2022-12-30,BTP,0.7425742574257426,0.693069306930693,173200700.0,0.019551475535568186,0.05353535353535355,-0.0938314509122502
9,2022-12-30,BWE,0.33663366336633666,0.9653465346534653,3878500000.0,0.02425256879671074,0.13798133022170367,0.20886272079330626
9,2022-12-30,CCL,0.4158415841584158,0.24257425742574257,596000000.0,0.02846481927110752,-0.16000000000000003,-0.21764705882352942
9,2022-12-30,CIG,0.6633663366336634,0.20297029702970298,666500000.0,0.043284326493556555,-0.1477272727272727,-0.3144424131627057
9,2022-12-30,CLC,0.8811881188118812,0.6881188118811881,295611300.0,0.016889858311440128,0.028854824165915227,-0.08573717948717952
9,2022-12-30,CLL,0.9603960396039604,0.7079207920792079,261000000.0,0.00804253447030289,0.0038546255506608507,-0.005997818974918245
9,2022-12-30,CSM,0.8910891089108911,0.6782178217821782,144066800.0,0.03447756944425048,-0.006646971935007406,-0.02677279305354563
9,2022-12-30,CTI,0.693069306930693,0.8514851485148516,5378500000.0,0.03848789937634024,0.05393053016453386,0.06660499537465303
9,2022-12-30,DAH,0.0594059405940594,0.4801980198019802,823500000.0,0.029803777556071408,-0.002272727272727315,-0.1944954128440367
9,2022-12-30,DCL,0.801980198019802,0.7673267326732673,1541000000.0,0.011597690272960728,0.02083333333333326,0.042553191489361764
9,2022-12-30,DCM,0.7128712871287128,0.5495049504950495,83248000000.0,0.02810062687784822,-0.08652988403211415,-0.05360443622920519
9,2022-12-30,DGW,0.04950495049504951,0.1188118811881188,41407000000.0,0.0396891842991532,-0.19663915094339623,-0.3306312945222304
9,2022-12-30,DHC,0.0891089108910891,0.46039603960396036,10496500000.0,0.029226984146109303,0.021432050657574253,-0.2778925619834711
9,2022-12-30,DLG,0.44554455445544555,0.30198019801980197,4856500000.0,0.04619584608277269,-0.19259259259259254,-0.13833992094861658
9,2022-12-30,DMC,0.900990099009901,0.5891089108910892,311500000.0,0.012675154139757205,-0.028291909042834518,-0.08672962226640157
9,2022-12-30,DQC,0.7920792079207921,0.7277227722772277,883500000.0,0.031034890750709716,-0.01704199634814374,0.04938271604938249
9,2022-12-30,DSN,0.6534653465346535,0.8217821782178218,372500000.0,0.01029596371856302,0.036470903727540804,0.06473829201101933
9,2022-12-30,DTA,0.3465346534653465,0.034653465346534656,71447400.0,0.04020382900956545,-0.2885802469135802,-0.3934210526315789
9,2022-12-30,DTL,0.6039603960396039,0.8811881188118812,10330000.0,0.01337628520051952,0.07287449392712553,0.10416666666666674
9,2022-12-30,DXV,0.3564356435643564,0.40594059405940597,19999400.0,0.030265224587537987,-0.05868544600938963,-0.19799999999999995
9,2022-12-30,EIB,0.009900990099009901,0.6237623762376238,92991500000.0,0.044622165797483404,0.3006442376521117,-0.2485525227460711
9,2022-12-30,FDC,0.48514851485148514,0.6287128712871287,33893250.0,0.029533388663617176,0.030226700251889227,-0.1297872340425532
9,2022-12-30,GTA,0.297029702970297,0.43069306930693063,95692950.0,0.03072176587975224,-0.01949860724233987,-0.21893491124260356
9,2022-12-30,GVR,0.15841584158415842,0.3910891089108911,31590500000.0,0.03730333811990367,-0.10961667787491591,-0.14745653573728268
9,2022-12-30,HAG,0.12871287128712872,0.5346534653465347,169317500000.0,0.04276344795007365,0.005488474204171201,-0.14790697674418607
9,2022-12-30,HAR,0.6732673267326733,0.4059405940594059,884500000.0,0.03381905100116986,-0.15048543689320393,-0.09326424870466321
9,2022-12-30,HBC,0.5544554455445545,0.23267326732673266,40746000000.0,0.045493948808170065,-0.13521126760563384,-0.30490566037735845
9,2022-12-30,HNG,0.40594059405940597,0.42574257425742573,27775500000.0,0.039014203173516934,-0.09170305676855894,-0.14049586776859502
9,2022-12-30,HPX,1.0,0.009900990099009901,116034500000.0,0.04784056707008703,-0.49283351708930545,-0.8196078431372549
9,2022-12-30,HQC,0.19801980198019803,0.43069306930693074,26066500000.0,0.0444218375797421,-0.11627906976744184,-0.12211221122112215
9,2022-12-30,HSG,0.9306930693069307,0.6138613861386139,208150000000.0,0.05061755664704403,-0.05990783410138245,-0.020408163265306145
9,2022-12-30,HSL,0.07920792079207921,0.4752475247524753,209000000.0,0.02757509373575079,0.017766497461928932,-0.22586872586872586
9,2022-12-30,HTI,0.9504950495049505,0.7871287128712872,75232300.0,0.013069913413767216,0.023539668700959027,0.051971326164874654
9,2022-12-30,HTL,0.6435643564356436,0.6930693069306931,53825300.0,0.05300164891513315,0.11111111111111116,-0.1433724075743913
9,2022-12-30,HTV,0.7524752475247525,0.7227722772277227,41922850.0,0.03289284229833065,0.07950727883538633,-0.0956848030018762
9,2022-12-30,ICT,0.594059405940594,0.48514851485148514,106500000.0,0.0111028390725638,-0.021877848678213296,-0.15511811023622046
9,2022-12-30,ITC,0.019801980198019802,0.06435643564356436,4086500000.0,0.03403749712004123,-0.22247191011235956,-0.3956331877729258
9,2022-12-30,JVC,0.1782178217821782,0.30198019801980197,2466500000.0,0.04099432473568198,-0.12857142857142856,-0.2098445595854922
9,2022-12-30,KMR,0.5346534653465347,0.34158415841584155,180500000.0,0.02410834179936862,-0.1455108359133127,-0.1455108359133127
9,2022-12-30,LDG,0.9900990099009901,0.08415841584158415,21035500000.0,0.046140907391971506,-0.25512104283054005,-0.34318555008210183
9,2022-12-30,LGL,0.5643564356435643,0.12376237623762376,344500000.0,0.035279661487507656,-0.1634877384196185,-0.3734693877551021
9,2022-12-30,LM8,0.32673267326732675,0.24752475247524752,12434300.0,0.03617213751813097,-0.11673699015471173,-0.3159041394335512
9,2022-12-30,MCG,0.8415841584158416,0.8613861386138614,737500000.0,0.049234395919303946,0.03536977491961424,0.21052631578947367
9,2022-12-30,MHC,0.6138613861386139,0.3316831683168317,198500000.0,0.02393660560653806,-0.16509433962264153,-0.13658536585365855
9,2022-12-30,NAF,0.1485148514851485,0.603960396039604,1442000000.0,0.031991859628028835,0.015544041450777257,-0.12107623318385652
9,2022-12-30,NBB,0.1188118811881188,0.17326732673267325,8837500000.0,0.029039259938420124,-0.1573770491803279,-0.32722513089005234
9,2022-12-30,NCT,0.9702970297029703,0.7277227722772277,648500000.0,0.006254330062438331,0.011916264090177098,0.00834403080872903
9,2022-12-30,NVT,0.18811881188118812,0.49504950495049505,61719750.0,0.03584732690893419,-0.06888888888888889,-0.11228813559322037
9,2022-12-30,OGC,0.16831683168316833,0.5099009900990099,8702500000.0,0.06298368832636031,0.06329113924050622,-0.308641975308642
9,2022-12-30,PAN,0.13861386138613863,0.3910891089108911,37139000000.0,0.02701228799302218,-0.0714285714285714,-0.19409594095940963
9,2022-12-30,PET,0.24752475247524752,0.19801980198019803,20054500000.0,0.03974675907519214,-0.13382594417077176,-0.3373115577889447
9,2022-12-30,PGC,0.6336633663366337,0.7970297029702971,189679850.0,0.027775647485564235,0.037884767166535216,0.017801857585139302
9,2022-12-30,PHR,0.27722772277227725,0.5594059405940595,24924000000.0,0.029587892770668048,-0.06316631130063965,-0.07231459487991554
9,2022-12-30,PIT,0.8316831683168316,0.886138613861386,79000000.0,0.039714623119435695,0.0720930232558139,0.1382716049382715
9,2022-12-30,PTL,0.25742574257425743,0.054455445544554455,320000000.0,0.027631487469781717,-0.23349056603773588,-0.4014732965009208
9,2022-12-30,PVD,0.06930693069306931,0.7227722772277227,107561500000.0,0.021420351927035557,0.09185803757828803,-0.10750853242320824
9,2022-12-30,QBS,0.45544554455445546,0.1782178217821782,1003000000.0,0.041946339966765785,-0.20731707317073167,-0.23828125
9,2022-12-30,QCG,0.5445544554455446,0.07425742574257427,738500000.0,0.03407723287278792,-0.23461538461538467,-0.370253164556962
9,2022-12-30,SCR,0.49504950495049505,0.2376237623762376,29772000000.0,0.04607803196752091,-0.16666666666666663,-0.20174165457184323
9,2022-12-30,SFI,0.6237623762376238,0.5445544554455446,194611050.0,0.023197774075964378,-0.018992932862190837,-0.13242187500000002
9,2022-12-30,SGN,0.9207920792079208,0.7574257425742574,131000000.0,0.019150548803169458,0.0718892261001518,-0.06409407088439878
9,2022-12-30,SHA,0.36633663366336633,0.4108910891089109,81727400.0,0.023623681470447824,-0.07250000000000001,-0.15489749430523914
9,2022-12-30,SKG,0.5148514851485149,0.608910891089109,4774500000.0,0.03303724468791139,-0.030730897009966784,-0.06490384615384615
9,2022-12-30,SPM,0.2376237623762376,0.5742574257425743,11476700.0,0.027134435918784738,0.04234527687296419,-0.18367346938775508
9,2022-12-30,SRC,0.4752475247524752,0.9504950495049505,57289700.0,0.03276590817171471,0.13762287756925828,0.1447841726618706
9,2022-12-30,SRF,0.039603960396039604,0.6782178217821782,54869500.0,0.039439144151145585,0.2064965197215778,-0.19066147859922178
9,2022-12-30,ST8,0.5247524752475248,0.26732673267326734,116500000.0,0.01841678524876881,-0.07272727272727275,-0.32894736842105265
9,2022-12-30,STB,0.7326732673267327,0.9207920792079207,524067000000.0,0.04091055399120941,0.07913669064748197,0.34328358208955234
9,2022-12-30,STG,0.7623762376237624,0.8118811881188119,889335250.0,0.031429613951887085,0.0,0.509433962264151
9,2022-12-30,TCR,0.3069306930693069,0.6782178217821783,34167050.0,0.04158583203502261,0.09708737864077666,-0.14177215189873416
9,2022-12-30,TDC,0.0297029702970297,0.12376237623762376,11637500000.0,0.04459058567775784,-0.1473010064043916,-0.48987411056376573
9,2022-12-30,TDG,0.7029702970297029,0.3811881188118812,348500000.0,0.030317452829623184,-0.17159763313609466,-0.08794788273615639
9,2022-12-30,TLG,0.46534653465346537,0.8366336633663367,7605500000.0,0.028080075337776858,0.10491493383742911,-0.024207011686143587
9,2022-12-30,TMT,0.42574257425742573,0.36138613861386143,69972300.0,0.034227598397119224,-0.02797927461139893,-0.32028985507246377
9,2022-12-30,TNI,0.7821782178217822,0.6039603960396039,1113000000.0,0.035091698621549504,-0.0535714285714286,-0.0535714285714286
9,2022-12-30,TNT,0.9801980198019802,0.04455445544554455,1676000000.0,0.0370380440041105,-0.26491646778042954,-0.3739837398373984
9,2022-12-30,TRC,0.09900990099009901,0.6683168316831682,508793350.0,0.03925608864173138,0.12469437652811743,-0.16236722306525042
9,2022-12-30,TTA,0.2079207920792079,0.5099009900990099,2525500000.0,0.02065420754742334,-0.04524886877828049,-0.13168724279835387
9,2022-12-30,TTF,0.10891089108910891,0.3217821782178218,9837500000.0,0.036643513183492696,-0.11111111111111116,-0.21235521235521237
9,2022-12-30,TVT,0.31683168316831684,0.400990099009901,59440750.0,0.02612263755987477,-0.07197802197802194,-0.1832688588007737
9,2022-12-30,UDC,0.43564356435643564,0.15841584158415842,271500000.0,0.03858212924157628,-0.2590448625180898,-0.23695976154992549
9,2022-12-30,VCB,0.8118811881188119,0.7128712871287128,118489000000.0,0.015698660192248307,-0.058786346396965894,0.19951664876476904
9,2022-12-30,VGC,0.22772277227722773,0.2128712871287129,36313000000.0,0.036825366280303154,-0.13462723351817618,-0.32410972088546675
9,2022-12-30,VID,0.8712871287128713,0.5148514851485149,68270150.0,0.015005345020906277,-0.1027131782945736,-0.07768924302788849
9,2022-12-30,VJC,0.8514851485148515,0.7227722772277227,43150000000.0,0.013656930266984606,0.0281982421875,-0.047818222925616105
9,2022-12-30,VMD,0.21782178217821782,0.7970297029702971,92583100.0,0.016320835219662565,0.1672378341329679,-0.08930481283422465
9,2022-12-30,VNG,0.8217821782178217,0.905940594059406,441000000.0,0.0213669285994663,0.10227272727272729,0.07777777777777772
9,2022-12-30,VOS,0.2871287128712871,0.7871287128712872,13436500000.0,0.0348340946394577,0.08791208791208782,-0.05632582322357016
9,2022-12-30,VPD,0.5742574257425742,0.6287128712871287,5127500000.0,0.03643730639227361,-0.04242081447963797,-0.040249433106575916
9,2022-12-30,VPH,0.39603960396039606,0.06435643564356436,766500000.0,0.03582555194505962,-0.26280623608017817,-0.3509803921568627
9,2022-12-30,VPI,0.5841584158415841,0.4653465346534653,32915000000.0,0.008603558246084358,-0.10342717258261935,-0.09735058533579788
9,2022-12-30,VPS,0.37623762376237624,0.24752475247524752,35252350.0,0.03161371377095099,-0.12630208333333337,-0.3096707818930041
9,2022-12-30,VRC,0.7722772277227723,0.900990099009901,515000000.0,0.043081670983665124,0.10814419225634175,0.0613810741687979
9,2022-12-30,VRE,0.7227722772277227,0.4900990099009901,76185500000.0,0.03656547129910659,-0.16639317361339023,0.011549183592194368
9,2022-12-30,VTO,0.9405940594059405,0.6683168316831684,945500000.0,0.014679189012556413,-0.030852994555353952,0.011363636363636465
10,2023-02-01,AAM,0.8725490196078431,0.33333333333333337,67370550.0,0.02437689963703195,-0.025689819219790633,0.04170905391658186
10,2023-02-01,ASM,0.18627450980392157,0.5833333333333333,33202000000.0,0.03173791927621083,0.15821812596006146,-0.08383961117861483
10,2023-02-01,ASP,0.7647058823529411,0.7745098039215685,207500000.0,0.016498166448793632,0.113899613899614,0.10325047801147225
10,2023-02-01,AST,0.7941176470588235,0.5196078431372548,981000000.0,0.01912393809121843,0.03920080930703085,0.05711345510676624
10,2023-02-01,BKG,0.29411764705882354,0.42156862745098045,477500000.0,0.025053431522671636,0.0991253644314869,-0.16407982261640797
10,2023-02-01,BMP,0.5343137254901961,0.33333333333333337,8241000000.0,0.023791379422577905,0.01987072061288009,-0.055222887558216915
10,2023-02-01,BTP,0.9705882352941176,0.3480392156862745,193262550.0,0.01695479404132614,0.030518819938962327,-0.0748858447488584
10,2023-02-01,BWE,0.696078431372549,0.4950980392156863,4679000000.0,0.018460003111747326,0.014099494546421898,0.0844950213371265
10,2023-02-01,CCL,0.37254901960784315,0.4803921568627451,408000000.0,0.016942680806956715,0.05750000000000011,-0.036446469248291535
10,2023-02-01,CIG,0.4019607843137255,0.25980392156862747,278500000.0,0.01886927491917841,0.012658227848101333,-0.08466819221967958
10,2023-02-01,CLC,0.5882352941176471,0.642156862745098,388000000.0,0.013433378499780773,0.10517090271691498,0.024786672084518457
10,2023-02-01,CLL,0.6862745098039216,0.7941176470588235,253000000.0,0.012938133572073268,0.11995577667219459,0.11563876651982374
10,2023-02-01,CSM,0.9901960784313726,0.4019607843137255,67670800.0,0.016770523718309106,0.0546875,-0.07912687585266032
10,2023-02-01,CTI,0.6274509803921569,0.6127450980392157,8436500000.0,0.035871447276134116,0.08715596330275233,0.031331592689294974
10,2023-02-01,DAH,0.049019607843137254,0.8431372549019608,1119500000.0,0.027688621695579507,0.17142857142857149,0.14153132250580036
10,2023-02-01,DCL,0.8529411764705882,0.5,1783000000.0,0.014163682669474079,0.051724137931034475,0.025210084033613356
10,2023-02-01,DCM,0.5784313725490197,0.14705882352941177,61078000000.0,0.01879932812894029,0.009803921568627416,-0.17467948717948723
10,2023-02-01,DGW,0.19607843137254902,0.2990196078431373,27383000000.0,0.029406094408087273,0.06999282124910255,-0.30007043907020425
10,2023-02-01,DHC,0.24509803921568626,0.5784313725490196,6145500000.0,0.023157194696893986,0.2003027245206861,-0.09783845278725822
10,2023-02-01,DLG,0.00980392156862745,0.7549019607843137,2408500000.0,0.026809978392741553,0.08796296296296302,0.1519607843137254
10,2023-02-01,DMC,0.803921568627451,0.6666666666666666,435000000.0,0.013270236336906492,0.11266447368421062,0.029419223941161476
10,2023-02-01,DQC,0.9313725490196079,0.3872549019607843,472500000.0,0.017460789523089798,0.011764705882353121,0.027027027027026973
10,2023-02-01,DSN,0.8823529411764706,0.6225490196078431,471000000.0,0.013007308733071703,0.07350608143839232,0.05290456431535273
10,2023-02-01,DTA,0.3627450980392157,0.12745098039215685,34490900.0,0.03364808796129682,-0.006185567010309256,-0.1438721136767318
10,2023-02-01,DTL,0.8137254901960784,0.5637254901960784,11119500.0,0.02167648966936115,0.00746268656716409,0.2558139534883721
10,2023-02-01,DXV,0.8627450980392157,0.5343137254901961,15402250.0,0.0334002439624481,0.08974358974358965,-0.061810154525386296
10,2023-02-01,EIB,0.35294117647058826,0.029411764705882353,69788500000.0,0.029058086965690937,-0.05167518455423059,-0.2863247863247863
10,2023-02-01,GTA,0.5,0.0784313725490196,68686650.0,0.02663270486723013,-0.017191977077363862,-0.2489051094890511
10,2023-02-01,GVR,0.2647058823529412,0.7107843137254901,35697500000.0,0.02938452076055546,0.0914411119239209,0.07260963335729698
10,2023-02-01,HAG,0.4215686274509804,0.44607843137254904,145546500000.0,0.02948270377867914,0.03725261932479618,0.017123287671232834
10,2023-02-01,HAR,0.3431372549019608,0.8480392156862746,578500000.0,0.020078410074415822,0.19402985074626855,0.1204481792717087
10,2023-02-01,HBC,0.06862745098039216,0.4019607843137255,31122000000.0,0.03494006171230389,0.04105263157894745,-0.05358851674641152
10,2023-02-01,HNG,0.22549019607843138,0.5882352941176471,12565500000.0,0.021476801715077157,0.047281323877068626,0.07785888077858871
10,2023-02-01,HPX,0.9803921568627451,0.4264705882352941,46195500000.0,0.035957310281274246,0.1572052401746724,-0.7953667953667953
10,2023-02-01,HQC,0.0196078431372549,0.6568627450980392,14421000000.0,0.03304753731759359,0.04379562043795615,0.19166666666666665
10,2023-02-01,HSG,0.6078431372549019,0.9509803921568627,186196000000.0,0.03294085821604361,0.24578313253012052,0.2563791008505467
10,2023-02-01,HSL,0.6372549019607843,0.8872549019607843,328000000.0,0.01913976248095722,0.21963824289405687,0.15403422982885084
10,2023-02-01,HTI,0.9215686274509803,0.6029411764705882,57029500.0,0.010060996054799643,0.05729166666666674,0.06842105263157894
10,2023-02-01,HTL,0.9411764705882353,0.19607843137254904,27449900.0,0.05181262308988951,-0.03857868020304567,-0.08058252427184465
10,2023-02-01,HTV,0.9117647058823529,0.45588235294117646,33322000.0,0.030811833344491387,0.04347826086956519,0.0062893081761006275
10,2023-02-01,HU1,0.6176470588235294,0.47058823529411764,33365500.0,0.05430682406549091,0.1839080459770115,-0.2288770053475936
10,2023-02-01,ICT,0.9607843137254902,0.28431372549019607,78198600.0,0.014230301041277359,0.025233644859813165,-0.10155610155610151
10,2023-02-01,ITC,0.12745098039215685,0.5098039215686274,2024000000.0,0.027507062996108653,0.12857142857142856,-0.1123595505617978
10,2023-02-01,JVC,0.16666666666666666,0.4117647058823529,1450000000.0,0.027573794476463007,0.028753993610223683,0.006250000000000089
10,2023-02-01,KMR,0.43137254901960786,0.7696078431372548,195746500.0,0.023182574632292684,0.17803030303030298,0.05782312925170063
10,2023-02-01,LDG,0.1568627450980392,0.35784313725490197,9821500000.0,0.03275931699348273,0.0625,-0.13840155945419108
10,2023-02-01,LGL,0.058823529411764705,0.9411764705882353,989000000.0,0.0399644318553438,0.2575250836120402,0.2129032258064516
10,2023-02-01,LM8,0.47058823529411764,0.27941176470588236,22943450.0,0.03851737660652666,0.021592442645074206,-0.092326139088729
10,2023-02-01,MCG,0.7156862745098039,0.5294117647058824,409500000.0,0.03173849862080335,-0.025396825396825418,0.3954545454545455
10,2023-02-01,MHC,0.4803921568627451,0.29411764705882354,120500000.0,0.016714600676498517,0.014245014245014342,-0.07772020725388606
10,2023-02-01,NAF,0.7058823529411765,0.7843137254901961,960500000.0,0.019537435387722964,0.10641025641025648,0.12369791666666674
10,2023-02-01,NBB,0.2549019607843137,0.0784313725490196,4514000000.0,0.025163677326692308,-0.007751937984496138,-0.27478753541076484
10,2023-02-01,NCT,0.9019607843137255,0.47549019607843135,599500000.0,0.006367502027865416,0.03196787148594371,0.042518662771827254
10,2023-02-01,NVT,0.10784313725490197,0.5441176470588236,94584500.0,0.02643828747768232,0.024691358024691468,0.11409395973154357
10,2023-02-01,OGC,0.21568627450980393,0.17647058823529413,7220000000.0,0.03698479864872557,0.020000000000000018,-0.20725388601036265
10,2023-02-01,PAN,0.23529411764705882,0.37745098039215685,28618000000.0,0.02353153514280899,0.06893464637421665,-0.1207658321060383
10,2023-02-01,PET,0.11764705882352941,0.7303921568627452,14299500000.0,0.03218565656011293,0.23939679547596615,0.02414330218068539
10,2023-02-01,PGC,0.8921568627450981,0.47058823529411764,76679850.0,0.022603205798415488,0.055415617128463435,-0.005537974683544333
10,2023-02-01,PHR,0.27450980392156865,0.7990196078431373,18011500000.0,0.024140382894450238,0.09824957651044608,0.17914519551379215
10,2023-02-01,PIT,0.6666666666666666,0.4950980392156863,55306650.0,0.024773877252515293,0.010040160642570184,0.11529933481152987
10,2023-02-01,PTL,0.20588235294117646,0.5245098039215687,264000000.0,0.026332813881218723,0.1428571428571428,-0.10697674418604652
10,2023-02-01,PVD,0.46078431372549017,0.821078431372549,87673000000.0,0.028984177375810223,0.09695817490494307,0.21601685985247632
10,2023-02-01,QBS,0.08823529411764706,0.5098039215686274,908000000.0,0.02810069447365891,0.06153846153846154,0.004854368932038833
10,2023-02-01,QCG,0.3235294117647059,0.37254901960784315,526500000.0,0.0205785717686732,0.08749999999999991,-0.17769376181474483
10,2023-02-01,SC5,0.3137254901960784,0.9656862745098039,19867850.0,0.03918567830623562,0.32920024798512104,0.22026180990324407
10,2023-02-01,SCR,0.0784313725490196,0.5588235294117647,22611000000.0,0.03152400871442756,0.09090909090909083,-0.04761904761904767
10,2023-02-01,SFG,0.5098039215686274,0.18137254901960784,62000000.0,0.02653602751964226,-0.04298356510745893,-0.08464328899637241
10,2023-02-01,SFI,0.39215686274509803,0.9068627450980392,383111050.0,0.021463563666659583,0.2563160312356454,0.15988125530110264
10,2023-02-01,SGN,0.6470588235294118,0.5931372549019608,258000000.0,0.009773665771628543,0.06764495347172517,0.05239019227376973
10,2023-02-01,SHA,1.0,0.42647058823529416,53497600.0,0.018602531662663027,0.046070460704606964,-0.049261083743842415
10,2023-02-01,SKG,0.5490196078431373,0.5686274509803921,4942000000.0,0.028411225590240077,0.05686789151356075,0.053182214472537126
10,2023-02-01,SPM,0.7254901960784313,0.19607843137254902,11134400.0,0.041564849771592666,0.0031250000000000444,-0.10272536687631029
10,2023-02-01,SRC,0.5196078431372549,0.9411764705882353,436500000.0,0.03427253669422339,0.29352396972245587,0.2015625000000001
10,2023-02-01,SRF,0.7843137254901961,0.10294117647058823,27336800.0,0.04895053150149992,-0.058252427184465994,-0.11818181818181817
10,2023-02-01,ST8,0.6764705882352942,1.0,960000000.0,0.04269985892248181,0.5082382762991129,0.7
10,2023-02-01,STB,0.38235294117647056,0.9068627450980392,353831500000.0,0.02542638956599968,0.1399999999999999,0.5177514792899409
10,2023-02-01,TCR,0.28431372549019607,0.4852941176470589,13844200.0,0.029229335534182808,0.0,0.14478114478114468
10,2023-02-01,TDC,0.17647058823529413,0.27450980392156865,9406500000.0,0.030799519694509583,0.04293193717277477,-0.1435941530524506
10,2023-02-01,TDG,0.3333333333333333,0.5784313725490196,302500000.0,0.01808010782057423,0.11278195488721798,-0.06329113924050633
10,2023-02-01,TLG,0.5343137254901961,0.5735294117647058,6441500000.0,0.02574079103770924,0.08702198133092431,0.011771300448430555
10,2023-02-01,TMT,0.0392156862745098,0.7990196078431373,169704800.0,0.03598565919955633,0.3099041533546325,0.05128205128205132
10,2023-02-01,TNI,0.8431372549019608,0.37745098039215685,756500000.0,0.01753182295931767,0.02265372168284796,-0.009404388714733591
10,2023-02-01,TNT,0.14705882352941177,0.6911764705882353,466500000.0,0.021361187545319012,0.20447284345047922,0.0
10,2023-02-01,TRC,0.7352941176470589,0.25980392156862747,201558150.0,0.030727632075345977,0.001808318264014508,-0.07046979865771807
10,2023-02-01,TTA,0.45098039215686275,0.14215686274509803,4248500000.0,0.012664868151134882,0.004689331770222793,-0.14980158730158732
10,2023-02-01,TTF,0.029411764705882353,0.6029411764705882,6262500000.0,0.027993414926651753,0.07276995305164324,0.048165137614679
10,2023-02-01,TVT,0.5980392156862745,0.12745098039215685,117662300.0,0.026596770494504568,-0.020606754436176322,-0.13890286864620027
10,2023-02-01,UDC,0.4117647058823529,0.21568627450980393,204000000.0,0.016828568625116856,0.03675048355899424,-0.22093023255813948
10,2023-02-01,VCB,0.5686274509803921,0.8431372549019608,106583000000.0,0.019715401242405024,0.12633008829522296,0.18791786055396376
10,2023-02-01,VGC,0.13725490196078433,0.4068627450980392,32020000000.0,0.03229240467862152,0.06015812994156078,-0.09053376585078143
10,2023-02-01,VID,0.7745098039215687,0.09803921568627452,67500500.0,0.029692822543597088,-0.053608247422680444,-0.12404580152671751
10,2023-02-01,VJC,0.7450980392156863,0.5833333333333334,36872000000.0,0.01769519829343011,0.05465270254002652,0.07155088062622306
10,2023-02-01,VMD,0.7549019607843137,0.3823529411764706,86232200.0,0.02312718996293597,-0.04510837727006445,0.07236842105263164
10,2023-02-01,VNG,0.9509803921568627,0.6372549019607843,176000000.0,0.015333486320689226,0.021897810218978186,0.3999999999999999
10,2023-02-01,VOS,0.09803921568627451,0.46568627450980393,18264000000.0,0.03427770787186608,0.01798201798201804,0.06256517205422307
10,2023-02-01,VPD,0.8333333333333334,0.43137254901960786,600500000.0,0.019000684148369897,0.05702527924750145,-0.0722394220846233
10,2023-02-01,VPH,0.4411764705882353,0.4068627450980392,368500000.0,0.019218467326311033,0.07055214723926384,-0.10512820512820509
10,2023-02-01,VPI,0.8235294117647058,0.1519607843137255,29442000000.0,0.0062601648935532925,-0.05019815059445176,-0.09578704674072525
10,2023-02-01,VPS,0.5588235294117647,0.16176470588235295,47287200.0,0.03423846564522096,0.009735744089012455,-0.14386792452830188
10,2023-02-01,VRC,0.30392156862745096,0.7598039215686274,336000000.0,0.03027699036622669,0.07827102803738328,0.1987012987012986
10,2023-02-01,VRE,0.49019607843137253,0.6568627450980392,52496000000.0,0.02805247327345362,0.08507223113964679,0.06666666666666665
10,2023-02-01,VTO,0.6568627450980392,0.7279411764705883,1723000000.0,0.025678054484701843,0.09695817490494307,0.07850467289719631
11,2023-03-01,AAM,0.8350515463917526,0.5257731958762887,53604200.0,0.022769471271090184,-0.0224609375,0.005020080321285203
11,2023-03-01,ASM,0.1134020618556701,0.44329896907216493,24799500000.0,0.029327013787614296,-0.07029177718832891,0.03392330383480835
11,2023-03-01,ASP,0.6804123711340206,0.36597938144329895,244500000.0,0.018326971696022307,-0.04679376083188913,-0.054982817869415834
11,2023-03-01,AST,0.7319587628865979,0.8144329896907216,1509000000.0,0.011543901197755297,0.037965441713312176,0.13159989387105342
11,2023-03-01,BKG,0.4639175257731959,0.26804123711340205,264000000.0,0.02317302635506632,-0.050397877984084904,-0.13734939759036147
11,2023-03-01,BMP,0.6185567010309279,0.6958762886597938,8038500000.0,0.018532577404870805,-0.0065727699530516714,0.10265763418447116
11,2023-03-01,BTP,0.8247422680412371,0.41237113402061853,158702050.0,0.02039636956351129,-0.04837117472852914,-0.02626262626262621
11,2023-03-01,BWE,0.7628865979381443,0.5618556701030928,2347000000.0,0.012687408988752332,-0.04459601259181534,0.07719609582963627
11,2023-03-01,CCL,0.44329896907216493,0.23711340206185566,370000000.0,0.01961165254612649,-0.0685579196217494,-0.12444444444444447
11,2023-03-01,CIG,0.1958762886597938,0.08247422680412371,271000000.0,0.02822211346695095,-0.12749999999999995,-0.15903614457831328
11,2023-03-01,CLC,0.7010309278350515,0.8402061855670103,518500000.0,0.018259406111631137,0.07759699624530669,0.0991489361702127
11,2023-03-01,CLL,0.7422680412371134,0.7268041237113402,247201900.0,0.018952264568405472,-0.0014807502467917288,0.11398678414096919
11,2023-03-01,CSM,0.9742268041237113,0.5360824742268041,122698200.0,0.011858987726558698,-0.003016591251885359,-0.02363367799113736
11,2023-03-01,CTI,0.5979381443298969,0.5567010309278351,4407500000.0,0.025974971408109088,-0.03797468354430378,0.059479553903345694
11,2023-03-01,DAH,0.26804123711340205,0.3041237113402062,515500000.0,0.026891550798939064,-0.11991869918699183,0.00932400932400923
11,2023-03-01,DCL,0.5257731958762887,0.8865979381443299,3862500000.0,0.02895883839686975,0.10245901639344268,0.1350210970464134
11,2023-03-01,DCM,0.29896907216494845,0.0979381443298969,58667000000.0,0.017419851407851936,-0.11456310679611648,-0.18059299191374667
11,2023-03-01,DGW,0.13402061855670103,0.21649484536082475,30609500000.0,0.02373556684390606,-0.08587722240858775,-0.08801874163319945
11,2023-03-01,DHC,0.5360824742268041,0.8092783505154639,3991500000.0,0.020614504984963224,0.01345102984447255,0.2146095717884131
11,2023-03-01,DLG,0.05154639175257732,0.30927835051546393,3072000000.0,0.02798860030706592,-0.07234042553191489,-0.04385964912280704
11,2023-03-01,DMC,0.9587628865979382,0.6082474226804124,210702050.0,0.00487518030346843,-0.010840108401083959,0.05769230769230771
11,2023-03-01,DQC,0.6391752577319587,0.8917525773195876,2036500000.0,0.03198314755732621,0.07588739290085678,0.2090784044016507
11,2023-03-01,DSN,0.7731958762886598,0.6958762886597938,431000000.0,0.019568430939015946,0.0019704433497536034,0.07990443323599683
11,2023-03-01,DTA,0.20618556701030927,0.42783505154639173,38270550.0,0.03479923247620831,0.029880478087649376,-0.17147435897435892
11,2023-03-01,DTL,0.9072164948453608,0.8195876288659794,8330750.0,0.019992772552074548,0.0185185185185186,0.21145374449339216
11,2023-03-01,DXV,0.5876288659793815,0.35567010309278346,16355650.0,0.03066200622358193,-0.06823529411764706,-0.02941176470588236
11,2023-03-01,EIB,0.30927835051546393,0.31443298969072164,51110500000.0,0.036455184092864454,-0.1598802395209581,0.037721893491124314
11,2023-03-01,GTA,0.4948453608247423,0.6030927835051547,105105000.0,0.03141212861078788,0.030511811023621993,-0.024231127679403497
11,2023-03-01,GVR,0.10309278350515463,0.4072164948453608,24156000000.0,0.02822490927559073,-0.07372654155495983,0.01767304860088359
11,2023-03-01,HAG,0.17525773195876287,0.10309278350515463,82855000000.0,0.029714749034456166,-0.13580246913580252,-0.13677130044843044
11,2023-03-01,HAR,0.5670103092783505,0.32474226804123707,527000000.0,0.020171073860180605,-0.057499999999999996,-0.057499999999999996
11,2023-03-01,HBC,0.09278350515463918,0.15979381443298968,19257000000.0,0.034150465273710115,-0.14054600606673406,-0.05764966740576494
11,2023-03-01,HNG,0.31958762886597936,0.44329896907216493,10185500000.0,0.022202629932728864,-0.015801354401805856,-0.05422993492407813
11,2023-03-01,HPX,1.0,0.015463917525773196,30177500000.0,0.035338327858926905,-0.21320754716981127,-0.5099882491186839
11,2023-03-01,HQC,0.23711340206185566,0.9639175257731958,39351500000.0,0.045691508013183384,0.21678321678321688,0.4089068825910931
11,2023-03-01,HSG,0.6597938144329897,0.9226804123711341,270608500000.0,0.04032539921308764,0.061895551257253434,0.4259740259740259
11,2023-03-01,HSL,0.6082474226804123,0.9020618556701031,394500000.0,0.03598360284424581,0.06567796610169485,0.27341772151898724
11,2023-03-01,HTI,0.8762886597938144,0.6804123711340206,115421200.0,0.014674142236443043,-0.006568144499178974,0.09403254972875219
11,2023-03-01,HTV,0.8556701030927835,0.5412371134020618,22208250.0,0.0213693967504721,-0.005307855626326963,-0.009513742071881603
11,2023-03-01,ICT,0.9742268041237113,0.36082474226804123,95215400.0,0.011406698998313375,-0.0638103919781221,-0.03658536585365857
11,2023-03-01,ITC,0.14432989690721648,0.3865979381443299,2042000000.0,0.024651576736162473,-0.024050632911392422,-0.08104886769964248
11,2023-03-01,JVC,0.18556701030927836,0.654639175257732,3355500000.0,0.03463164451114661,0.052795031055900665,-0.0058651026392961825
11,2023-03-01,KMR,0.7216494845360825,0.5257731958762886,163500000.0,0.010227868746019095,-0.025723472668810254,0.013377926421404673
11,2023-03-01,LDG,0.12371134020618557,0.3247422680412371,15555500000.0,0.0380252683316161,-0.04977375565610864,-0.07894736842105265
11,2023-03-01,LGL,0.2268041237113402,0.4639175257731959,420000000.0,0.026314122944010046,-0.08510638297872342,0.08176100628930816
11,2023-03-01,MCG,0.4020618556701031,0.051546391752577324,674500000.0,0.04681378363449917,-0.2996742671009772,-0.1568627450980392
11,2023-03-01,MHC,0.3917525773195876,0.2422680412371134,132500000.0,0.02112272144011015,-0.0646067415730337,-0.12598425196850394
11,2023-03-01,NAF,0.7525773195876289,0.7628865979381443,1186000000.0,0.01623114695817583,0.0,0.16150740242261108
11,2023-03-01,NBB,0.21649484536082475,0.4845360824742268,2645500000.0,0.022966673154707372,0.0,-0.05535055350553508
11,2023-03-01,NCT,0.845360824742268,0.6907216494845361,546000000.0,0.006187659241868762,0.02179327521793284,0.05445783132530124
11,2023-03-01,NVT,0.3402061855670103,0.13917525773195877,50482500.0,0.03117088896390967,-0.11084337349397588,-0.14385150812064962
11,2023-03-01,OGC,0.010309278350515464,0.865979381443299,8094500000.0,0.03319071717358934,0.07320261437908493,0.13711911357340711
11,2023-03-01,PAN,0.16494845360824742,0.5412371134020619,18297500000.0,0.020513622295408276,-0.027638190954773822,0.03200000000000003
11,2023-03-01,PET,0.020618556701030927,0.8608247422680413,13440000000.0,0.03464752708814064,0.028136882129277563,0.35470941883767537
11,2023-03-01,PGC,0.9278350515463918,0.5824742268041236,54308200.0,0.016568618706157782,-0.0031923383878691425,0.017100977198696965
11,2023-03-01,PHR,0.28865979381443296,0.5103092783505154,19539000000.0,0.018047207199878738,-0.05964010282776344,0.06028985507246376
11,2023-03-01,PIT,0.41237113402061853,0.4072164948453608,18447950.0,0.026903943412157377,-0.12648221343873522,0.08599508599508576
11,2023-03-01,PTL,0.32989690721649484,0.12371134020618556,1289500000.0,0.051201114154700314,-0.11458333333333337,-0.15000000000000002
11,2023-03-01,PVD,0.5773195876288659,0.9742268041237113,98530500000.0,0.02772994410069895,0.1169844020797226,0.4386160714285714
11,2023-03-01,QBS,0.24742268041237114,0.29896907216494845,832500000.0,0.02074216442864571,-0.0531400966183575,-0.08837209302325577
11,2023-03-01,QCG,0.27835051546391754,0.12886597938144329,476000000.0,0.020035277357763226,-0.10574712643678164,-0.16702355460385443
11,2023-03-01,SCR,0.07216494845360824,0.8247422680412371,44655500000.0,0.037199462549192354,0.09666666666666668,0.08223684210526305
11,2023-03-01,SFG,0.6288659793814433,0.35051546391752575,26635600.0,0.015273716135680446,-0.07905138339920947,-0.014104372355430161
11,2023-03-01,SFI,0.7835051546391752,0.5051546391752577,265133300.0,0.019588104856168922,-0.08226691042047529,0.10184372256365237
11,2023-03-01,SGN,0.8144329896907216,0.8865979381443299,276500000.0,0.015300038863325325,0.04626152270399464,0.2903157894736843
11,2023-03-01,SHA,0.9484536082474226,0.6288659793814433,74000000.0,0.0063828946466304454,0.0,0.03208556149732611
11,2023-03-01,SKG,0.5051546391752577,0.5103092783505154,2623500000.0,0.017548326806641267,-0.03394039735099341,0.0209973753280841
11,2023-03-01,SPM,0.4742268041237113,0.07731958762886598,46154700.0,0.042153314800891524,-0.1204111600587372,-0.17265193370165743
11,2023-03-01,SRC,0.6907216494845361,0.8865979381443299,168034450.0,0.03485928430404465,0.031859557867360166,0.418230563002681
11,2023-03-01,SRF,0.8865979381443299,0.5412371134020618,89138700.0,0.04122943718366355,0.01317122593718345,-0.038461538461538436
11,2023-03-01,ST8,0.9175257731958762,1.0,3879000000.0,0.04728966190561368,0.6596638655462186,1.4085365853658538
11,2023-03-01,STB,0.3711340206185567,0.7577319587628866,477351500000.0,0.03030055792254511,-0.00974658869395717,0.2860759493670886
11,2023-03-01,STG,0.5154639175257731,0.5927835051546392,71563000.0,0.03269391147116274,0.0641025641025641,-0.0546697038724373
11,2023-03-01,TDC,0.08247422680412371,0.32989690721649484,4654000000.0,0.03309527722058117,-0.09839357429718876,-0.0055370985603543366
11,2023-03-01,TDG,0.4329896907216495,0.37628865979381443,310500000.0,0.019812125014636042,-0.030405405405405372,-0.06514657980456029
11,2023-03-01,TLG,0.6494845360824743,0.6546391752577319,4121500000.0,0.015262239048662654,-0.028531855955678642,0.12367830823454029
11,2023-03-01,TMT,0.9896907216494846,0.9896907216494846,859000000.0,0.042747732889939986,0.5487804878048781,1.38125
11,2023-03-01,TNI,0.5463917525773195,0.18556701030927836,508000000.0,0.0163031722279725,-0.08860759493670889,-0.12195121951219512
11,2023-03-01,TNT,0.041237113402061855,0.7886597938144331,1308000000.0,0.03928270947834376,0.05835543766578244,0.0842391304347827
11,2023-03-01,TRC,0.4536082474226804,0.3247422680412371,367804850.0,0.02957420942078596,-0.14746376811594208,0.04068996019460425
11,2023-03-01,TTA,0.25773195876288657,0.29896907216494845,8399500000.0,0.02938577426527657,-0.08168028004667449,-0.03907203907203893
11,2023-03-01,TTF,0.061855670103092786,0.29896907216494845,7955500000.0,0.029769792339039754,-0.06345733041575496,-0.06753812636165579
11,2023-03-01,UDC,0.422680412371134,0.02577319587628866,201500000.0,0.03171871974804165,-0.1623134328358209,-0.3237951807228916
11,2023-03-01,VCB,0.4845360824742268,0.845360824742268,81021000000.0,0.016857834355109666,0.04381909547738694,0.16539497307001794
11,2023-03-01,VGC,0.15463917525773196,0.36082474226804123,20907000000.0,0.035414875337821415,-0.05674448767833984,-0.0411997363216875
11,2023-03-01,VID,0.9381443298969072,0.422680412371134,42797550.0,0.01520271022723258,-0.0326797385620915,-0.038961038961038974
11,2023-03-01,VJC,0.711340206185567,0.3041237113402062,25738000000.0,0.018057417653261482,-0.10889167903207397,-0.012647021626406962
11,2023-03-01,VMD,0.8969072164948454,0.34020618556701027,118735950.0,0.016926597021317193,-0.11509101585437465,0.027266530334014938
11,2023-03-01,VNG,0.7938144329896907,0.4639175257731959,109500000.0,0.019830949393634792,-0.08163265306122447,0.061320754716981174
11,2023-03-01,VOS,0.030927835051546393,0.4329896907216495,8123500000.0,0.03938528976997384,-0.11874386653581948,0.09645909645909656
11,2023-03-01,VPD,0.865979381443299,0.6855670103092784,283500000.0,0.014537601019869006,0.01724137931034475,0.05661467359907557
11,2023-03-01,VPH,0.36082474226804123,0.12371134020618557,368000000.0,0.022152799918153488,-0.08595988538681953,-0.22384428223844277
11,2023-03-01,VPI,0.6701030927835051,0.39690721649484534,30886500000.0,0.005443548062104881,-0.0076495132127955,-0.10738115095913259
11,2023-03-01,VPS,0.8041237113402062,0.6082474226804124,34283350.0,0.026884172278756467,0.014044943820224809,-0.0013831258644536604
11,2023-03-01,VRC,0.35051546391752575,0.7164948453608248,227500000.0,0.03306102208303115,-0.026002166847237218,0.21650879566982417
11,2023-03-01,VRE,0.38144329896907214,0.31958762886597936,46620500000.0,0.02515635644606508,-0.04289940828402372,-0.12152070604209098
11,2023-03-01,VTO,0.5567010309278351,0.8917525773195876,2175500000.0,0.024468427923499417,0.09532062391681118,0.16176470588235303
12,2023-03-31,AAM,0.47,0.74,61446500.0,0.017278630435623485,0.09207920792079216,0.031805425631431294
12,2023-03-31,ASM,0.05,0.44999999999999996,15029000000.0,0.01616676183205861,-0.02911208151382827,0.03410852713178292
12,2023-03-31,ASP,0.86,0.695,90000000.0,0.014593371470765573,0.018181818181818077,0.09375
12,2023-03-31,AST,0.73,0.38,611000000.0,0.020251679625248056,-0.043083372147182164,0.02776388194097046
12,2023-03-31,BKG,0.78,0.665,274000000.0,0.006913325428630898,0.025495750708215192,0.04022988505747116
12,2023-03-31,BMP,0.61,0.34,3321500000.0,0.009991239240937068,-0.025108643167551903,-0.028392685274302165
12,2023-03-31,BTP,0.89,0.28,219242000.0,0.009622239846549458,-0.0264496439471007,-0.06906614785992216
12,2023-03-31,BWE,0.55,0.225,1220500000.0,0.008414226954634512,-0.03832268814218276,-0.08652070693748348
12,2023-03-31,CCI,0.85,0.94,86251600.0,0.04589783969655709,0.09502515371716047,0.2745608327911515
12,2023-03-31,CCL,0.84,0.49,304000000.0,0.010477879603038741,-0.005012531328320802,0.0
12,2023-03-31,CIG,0.1,0.35,161500000.0,0.030892825149720343,-0.011428571428571455,-0.06989247311827962
12,2023-03-31,CLC,0.9,0.645,363632850.0,0.012954022035753729,-0.0015576323987538387,0.10947641713543921
12,2023-03-31,CLL,0.71,0.86,224500000.0,0.011890076438066742,0.05899705014749257,0.18156884256719685
12,2023-03-31,CSM,0.75,0.21999999999999997,141395950.0,0.02040523395561106,-0.056732223903177004,-0.04297774366845741
12,2023-03-31,CTI,0.69,0.47,2011000000.0,0.01429416760966376,-0.011453744493392093,0.008992805755395628
12,2023-03-31,DAH,0.13,0.49,3140000000.0,0.03626342757924382,0.014388489208633004,-0.03424657534246578
12,2023-03-31,DCL,0.49,0.195,2456000000.0,0.01581977121499641,-0.09999999999999998,-0.03164556962025311
12,2023-03-31,DCM,0.51,0.445,67935000000.0,0.015038414984317886,0.014802631578947345,-0.07726819541375873
12,2023-03-31,DGW,0.04,0.015,47096000000.0,0.02883973016014192,-0.21987951807228912,-0.2446226759022968
12,2023-03-31,DHC,0.44,0.8200000000000001,5225000000.0,0.01537542062637317,0.02314445331205106,0.22269909394372922
12,2023-03-31,DLG,0.54,0.28,2079500000.0,0.017704677681251665,-0.027906976744186074,-0.058558558558558516
12,2023-03-31,DMC,0.93,0.35500000000000004,335896750.0,0.010528114928985144,-0.055666003976143186,0.03148751357220414
12,2023-03-31,DQC,0.67,0.585,628000000.0,0.020210670013134337,-0.010900745840504822,0.08359522313010692
12,2023-03-31,DSN,0.7,0.87,668000000.0,0.015921445180750192,0.09064039408866997,0.170809095716552
12,2023-03-31,DTA,0.24,0.305,30957600.0,0.02385837186343746,-0.058939096267190516,0.010548523206751037
12,2023-03-31,DTL,0.79,0.485,44687500.0,0.02168140265579146,-0.014285714285714235,0.029850746268656803
12,2023-03-31,DXV,0.68,0.245,17274150.0,0.035081339202045675,-0.045226130653266305,-0.050000000000000044
12,2023-03-31,EIB,0.07,0.45499999999999996,57680500000.0,0.026172235274073096,0.04989308624376343,-0.16068376068376067
12,2023-03-31,GTA,0.3,0.675,80112850.0,0.038537222405047505,0.2540365984930033,-0.025104602510460206
12,2023-03-31,GVR,0.35,0.85,29083000000.0,0.026494719484581868,0.09903917220990399,0.12311178247734134
12,2023-03-31,HAG,0.16,0.22999999999999998,47463500000.0,0.017523860267342043,-0.016107382550335614,-0.17640449438202244
12,2023-03-31,HAR,0.91,0.735,350000000.0,0.014936830816017883,0.02941176470588225,0.11594202898550732
12,2023-03-31,HBC,0.09,0.335,12013000000.0,0.01744170507634038,-0.00837320574162681,-0.10184182015167931
12,2023-03-31,HNG,0.58,0.7050000000000001,10618500000.0,0.01719070636461426,0.040476190476190554,0.04796163069544357
12,2023-03-31,HPX,0.02,0.27,13029500000.0,0.022600588773726612,-0.014527845036319431,-0.15208333333333313
12,2023-03-31,HQC,0.28,0.975,38064500000.0,0.029323218956563826,0.15506329113924044,0.3568773234200744
12,2023-03-31,HSG,0.22,0.905,279757500000.0,0.02584797162554133,0.05277777777777781,0.3933823529411764
12,2023-03-31,HSL,0.76,0.55,609000000.0,0.024148061670292462,-0.03138075313807531,0.1546134663341645
12,2023-03-31,HTI,0.98,0.49,111544800.0,0.01392947906055289,-0.018018018018018056,0.03362068965517251
12,2023-03-31,ICT,0.805,0.49,83551550.0,0.024499501597758377,0.00782013685239491,-0.029190207156308823
12,2023-03-31,ITC,0.15,0.915,1946500000.0,0.02124958845845093,0.11584553928095875,0.19543509272467907
12,2023-03-31,JVC,0.57,0.26,2367000000.0,0.012696526987948457,-0.08235294117647063,0.006451612903225712
12,2023-03-31,KMR,0.72,0.215,127500000.0,0.01606833547909236,-0.11803278688524588,-0.018248175182481785
12,2023-03-31,LDG,0.03,0.73,8729000000.0,0.0208508284267924,0.054187192118226646,0.04390243902439028
12,2023-03-31,LGL,0.21,0.565,172000000.0,0.01658562275719124,-0.014619883040935644,0.09771986970684043
12,2023-03-31,LM8,0.83,0.515,33047950.0,0.03511854268591215,-0.057001239157372985,0.20221169036334907
12,2023-03-31,MCG,0.2,0.034999999999999996,147000000.0,0.011718686088690953,-0.10313901345291476,-0.4169096209912536
12,2023-03-31,MHC,0.805,0.49,164238000.0,0.023637057435216356,0.005952380952380931,-0.025936599423631135
12,2023-03-31,NAF,0.95,0.51,568500000.0,0.009832596607064278,-0.023310023310023298,0.06345177664974622
12,2023-03-31,NBB,0.11,0.615,3131500000.0,0.018170178748200268,0.03149606299212593,0.01945525291828787
12,2023-03-31,NCT,0.96,0.65,410500000.0,0.009355073728983067,0.006703229737964556,0.060333761232349126
12,2023-03-31,NVT,0.62,0.53,53764700.0,0.038367697439860814,0.05914718019257226,-0.08224076281287251
12,2023-03-31,OGC,0.01,0.32999999999999996,4642000000.0,0.02252987617076536,-0.07411630558722926,0.03307888040712448
12,2023-03-31,PAN,0.48,0.755,22650500000.0,0.018816535205060547,0.04095563139931735,0.11010009099181084
12,2023-03-31,PET,0.27,0.645,7886000000.0,0.022986682848383705,-0.01920122887864828,0.20699432892249536
12,2023-03-31,PGC,0.94,0.51,766500000.0,0.008715712829811624,-0.019261637239165297,0.04982817869415812
12,2023-03-31,PHR,0.65,0.48,14101500000.0,0.0146491817851977,-0.008580127318018271,0.008729935229512709
12,2023-03-31,PIT,0.36,0.060000000000000005,12383750.0,0.024488758818185786,-0.1130063965884861,-0.16465863453815266
12,2023-03-31,PTL,0.19,0.55,356000000.0,0.01571379738939983,-0.0030030030030030463,0.03105590062111796
12,2023-03-31,PVD,0.39,0.455,75076500000.0,0.02590841431548011,-0.06230283911671919,0.13346043851286948
12,2023-03-31,QBS,0.08,0.13,1065500000.0,0.0328211428138574,-0.06349206349206349,-0.11055276381909551
12,2023-03-31,QCG,0.25,0.5499999999999999,706500000.0,0.01782165579276008,0.018041237113401998,-0.007537688442211032
12,2023-03-31,SC5,0.52,0.465,20721850.0,0.055991207494736836,-0.2059398202422822,0.2073677956030897
12,2023-03-31,SCR,0.34,0.91,31301500000.0,0.02731776254677797,0.08800000000000008,0.2142857142857142
12,2023-03-31,SFG,0.74,0.3575,21034450.0,0.01595060823094092,0.0,-0.13871374527112235
12,2023-03-31,SFI,0.88,0.715,213627300.0,0.011968633085357467,0.0031520882584712417,0.15727272727272723
12,2023-03-31,SGN,0.82,0.8,282000000.0,0.016927439405403668,0.05788712011577424,0.12307954933424381
12,2023-03-31,SHA,0.97,0.535,39612200.0,0.00879937195648478,-0.00527704485488123,0.030054644808743092
12,2023-03-31,SKG,0.32,0.625,3064000000.0,0.023660135871319595,0.03181427343078247,0.02127659574468077
12,2023-03-31,SRC,0.66,0.81,536232500.0,0.03335002889356734,0.010925449871465265,0.32296047098402014
12,2023-03-31,SRF,0.45,0.35,58160100.0,0.02913821207839896,-0.015625,-0.045454545454545414
12,2023-03-31,ST8,0.99,0.6,4897000000.0,0.041981574797095834,-0.04644808743169404,1.2574385510996118
12,2023-03-31,STB,0.23,0.825,526602000000.0,0.022834542956118923,0.04800000000000004,0.17225950782997757
12,2023-03-31,STG,0.29,0.87,315735000.0,0.02883002066001019,0.14792176039119798,0.12589928057553967
12,2023-03-31,TCR,0.64,0.155,26379900.0,0.031139768558250482,-0.053254437869822535,-0.12328767123287676
12,2023-03-31,TDC,0.06,0.385,1501500000.0,0.014791866725428105,-0.00790960451977396,-0.05793991416309008
12,2023-03-31,TDG,0.87,0.275,255000000.0,0.015940135750996117,-0.06930693069306926,0.0071428571428571175
12,2023-03-31,TLG,0.5,0.36,2908000000.0,0.008582735422415503,-0.031365839749073254,-0.005853087503658205
12,2023-03-31,TMT,0.92,0.6799999999999999,670000000.0,0.04198722188458561,-0.021220159151193685,0.9359916054564532
12,2023-03-31,TNI,0.63,0.16,404500000.0,0.012204671625780627,-0.045774647887323994,-0.14779874213836475
12,2023-03-31,TNT,0.6,0.565,351000000.0,0.01304583176071409,-0.03626943005181349,0.18095238095238098
12,2023-03-31,TRC,0.18,0.115,135113600.0,0.02008792769222402,-0.0556464811783961,-0.1652802893309222
12,2023-03-31,TTA,0.37,0.265,2394500000.0,0.01810605005460387,-0.023017902813299185,-0.08939213349225272
12,2023-03-31,TTF,0.38,0.31,5790500000.0,0.014631336913405077,-0.04523809523809519,-0.012315270935960632
12,2023-03-31,TVT,0.56,0.2,26580750.0,0.024222918507715,-0.04121863799283154,-0.1127694859038143
12,2023-03-31,UDC,0.31,0.135,80500000.0,0.018166570943382757,-0.046875,-0.1643835616438356
12,2023-03-31,VCB,0.46,0.7,80815500000.0,0.016895342506686905,0.005516154452324562,0.13271193963604078
12,2023-03-31,VGC,0.12,0.47,16954000000.0,0.023393954780061604,-0.0028818443804035088,-0.021908127208480566
12,2023-03-31,VID,0.17,0.03,54398300.0,0.024276239577184555,-0.12300683371298404,-0.217479674796748
12,2023-03-31,VJC,0.33,0.53,30114000000.0,0.02494772933557552,0.03854059609455285,-0.03761904761904766
12,2023-03-31,VMD,0.43,0.935,712000000.0,0.03315755630493456,0.3661971830985915,0.19332161687170468
12,2023-03-31,VNG,0.59,0.33,201500000.0,0.02619577372261105,-0.013407821229050265,-0.08116545265348596
12,2023-03-31,VOS,0.14,0.28500000000000003,4382500000.0,0.016687021195962735,-0.006888633754305373,-0.20569329660238755
12,2023-03-31,VPD,0.42,0.8400000000000001,1034000000.0,0.030012990274252548,0.08568329718004342,0.14925373134328357
12,2023-03-31,VPH,0.26,0.4875,302500000.0,0.013648168941115844,0.0,-0.021538461538461506
12,2023-03-31,VPI,0.53,0.745,33924000000.0,0.015842044557808285,0.08759635599159066,0.03443679182403914
12,2023-03-31,VPS,1.0,0.7250000000000001,11701500.0,0.014579367940015842,0.04237288135593231,0.05428571428571427
12,2023-03-31,VRC,0.77,0.255,46340300.0,0.01880436576130873,-0.043173862310385114,-0.04761904761904767
12,2023-03-31,VRE,0.4,0.845,93900500000.0,0.01669194740131482,0.13659896455595377,0.11527940601797582
12,2023-03-31,VTO,0.41,0.855,2885500000.0,0.018563389016545553,0.039453717754172946,0.26383763837638385
13,2023-04-28,AAM,0.8736842105263158,0.43157894736842106,44163200.0,0.016044216474525808,-0.035358114233907556,0.030009680542110395
13,2023-04-28,ASM,0.6842105263157895,0.6631578947368421,25451000000.0,0.016864630070545807,0.058470764617691184,-0.020804438280166426
13,2023-04-28,ASP,0.8315789473684211,0.6263157894736842,188000000.0,0.01797893502811434,0.03571428571428581,0.0
13,2023-04-28,AST,0.8210526315789474,0.7526315789473684,759000000.0,0.010988496910796381,0.054027743976636566,0.05788959452857845
13,2023-04-28,BKG,0.9368421052631579,0.3315789473684211,295000000.0,0.009101039777899849,-0.027624309392265234,-0.03296703296703296
13,2023-04-28,BMP,0.4,0.9789473684210526,21098000000.0,0.027547002763257243,0.325408618127786,0.29871390439213785
13,2023-04-28,BTP,0.9789473684210527,0.42105263157894735,315647450.0,0.007808247000667792,0.007284079084287187,-0.0546875
13,2023-04-28,BWE,0.3263157894736842,0.38421052631578945,2845500000.0,0.01385781846153088,0.007219174126479988,-0.08113804004214964
13,2023-04-28,CCI,0.24210526315789474,0.13157894736842105,49626150.0,0.04306762334684664,-0.14655172413793105,-0.0995184590690209
13,2023-04-28,CCL,0.2,0.8736842105263158,1301500000.0,0.023578742465456794,0.18891687657430722,0.11848341232227488
13,2023-04-28,CIG,0.4421052631578947,0.7947368421052632,308000000.0,0.031861231474613436,0.1445086705202312,0.03664921465968596
13,2023-04-28,CLC,0.8947368421052632,0.5894736842105264,263260850.0,0.013643651474937981,-0.004187285877426672,0.12516129032258072
13,2023-04-28,CLL,0.43157894736842106,0.7578947368421053,305000000.0,0.013459386892510718,0.04484732824427473,0.0906374501992031
13,2023-04-28,CSM,0.7157894736842105,0.3368421052631579,176564900.0,0.029148798924149514,-0.02470059880239517,-0.037666174298375155
13,2023-04-28,CTI,0.5473684210526316,0.3526315789473684,2809500000.0,0.017469417839494045,0.0,-0.07425742574257421
13,2023-04-28,DAH,0.031578947368421054,0.05789473684210526,9020000000.0,0.02501310454939882,-0.08037825059101655,-0.18958333333333333
13,2023-04-28,DCL,0.45263157894736844,0.5157894736842105,2244500000.0,0.01751844342914007,0.023965141612200425,-0.03292181069958844
13,2023-04-28,DCM,0.5684210526315789,0.2421052631578947,70516000000.0,0.014576064967750609,-0.010264721772015095,-0.11067961165048545
13,2023-04-28,DGW,0.021052631578947368,0.49473684210526314,72836500000.0,0.03272925240531157,0.19498069498069492,-0.16940623951694067
13,2023-04-28,DHC,0.6210526315789474,0.5842105263157895,6850000000.0,0.01569191496229293,0.0,0.08368554522400684
13,2023-04-28,DLG,0.25263157894736843,0.6947368421052631,5241500000.0,0.030240833462847727,0.07655502392344493,0.0044642857142858094
13,2023-04-28,DMC,0.9157894736842105,0.4631578947368421,693500000.0,0.009310218965076188,0.0189473684210526,-0.05028207014961983
13,2023-04-28,DQC,0.8421052631578947,0.47894736842105257,716000000.0,0.01606452618772253,-0.0139211136890951,0.010701545778834642
13,2023-04-28,DSN,0.47368421052631576,0.7789473684210526,807000000.0,0.01865053467841066,0.04155374887082197,0.1509857748939356
13,2023-04-28,DTA,0.8105263157894737,0.2736842105263158,58512400.0,0.019074428473261244,-0.04732510288065839,-0.03941908713692943
13,2023-04-28,DXV,0.3157894736842105,0.1631578947368421,32717250.0,0.026790022991809357,-0.03157894736842104,-0.12380952380952381
13,2023-04-28,EIB,0.14736842105263157,0.30526315789473685,64851000000.0,0.014573010332232954,0.0,-0.10401459854014594
13,2023-04-28,GVR,0.37894736842105264,0.5526315789473684,38907000000.0,0.019668470033464613,0.00336247478143914,0.009472259810554773
13,2023-04-28,HAG,0.08421052631578947,0.41578947368421054,96172500000.0,0.023291159045780125,0.0395634379263301,-0.1149825783972126
13,2023-04-28,HAR,0.968421052631579,0.46842105263157896,503000000.0,0.014506497531237455,0.0025974025974024872,-0.027707808564231717
13,2023-04-28,HBC,0.05263157894736842,0.17894736842105263,22631000000.0,0.017588747149922767,-0.014475271411338975,-0.1516095534787124
13,2023-04-28,HNG,0.06315789473684211,0.05263157894736842,19437000000.0,0.024156827318042775,-0.14874141876430202,-0.13689095127610207
13,2023-04-28,HPX,0.010526315789473684,0.3,23944500000.0,0.02224771102460397,0.022113022113021907,-0.20610687022900764
13,2023-04-28,HQC,0.4842105263157895,0.9894736842105263,73870000000.0,0.03667646067670591,0.23835616438356166,0.6085409252669038
13,2023-04-28,HSG,0.16842105263157894,0.4526315789473684,173827000000.0,0.02273798837780156,-0.03781882145998239,0.05394990366088637
13,2023-04-28,HSL,0.6736842105263158,0.7789473684210526,398500000.0,0.028204102310332994,0.07559395248380119,0.08496732026143783
13,2023-04-28,HTV,0.5052631578947369,0.1473684210526316,60016300.0,0.019276166687995505,-0.04239130434782612,-0.12250996015936255
13,2023-04-28,ICT,0.8842105263157894,0.2736842105263158,64000000.0,0.007136942508379736,-0.030067895247332665,-0.06542056074766356
13,2023-04-28,ITC,0.29473684210526313,0.8736842105263158,5215500000.0,0.025954959495234065,0.08830548926014314,0.17677419354838708
13,2023-04-28,JVC,0.22105263157894736,0.8736842105263158,5329500000.0,0.028850349495865707,0.16987179487179493,0.13354037267080754
13,2023-04-28,KMR,0.5368421052631579,0.4473684210526316,180500000.0,0.02344005627224203,0.044609665427509215,-0.10509554140127386
13,2023-04-28,LDG,0.21052631578947367,0.30526315789473685,28413000000.0,0.03284967643746544,-0.030373831775700966,-0.04597701149425293
13,2023-04-28,LGL,0.7684210526315789,0.10526315789473684,214500000.0,0.01723802287510689,-0.053412462908011826,-0.1355013550135501
13,2023-04-28,MCG,0.2631578947368421,0.031578947368421054,418500000.0,0.03375474997603525,-0.10999999999999999,-0.375438596491228
13,2023-04-28,MHC,0.8631578947368421,0.6263157894736842,200719050.0,0.01671077046726588,0.047337278106508895,-0.024793388429752095
13,2023-04-28,NAF,0.09473684210526316,0.9263157894736842,1595500000.0,0.022823092112466244,0.2159904534606205,0.17531718569780863
13,2023-04-28,NBB,0.11578947368421053,0.5157894736842106,6769000000.0,0.02167990190725013,0.0,0.007692307692307665
13,2023-04-28,NCT,0.9473684210526315,0.33684210526315794,665500000.0,0.00722259039314666,-0.0513014527845036,-0.02412826899128262
13,2023-04-28,NVT,0.5789473684210527,0.2894736842105263,85726800.0,0.024472031844053797,-0.01948051948051943,-0.07248157248157261
13,2023-04-28,OGC,0.5894736842105263,0.49473684210526314,7531500000.0,0.0187385342691736,-0.020935960591132896,0.051587301587301626
13,2023-04-28,PAN,0.35789473684210527,0.868421052631579,31594500000.0,0.015195782199850029,0.11311475409836058,0.15476190476190466
13,2023-04-28,PET,0.1368421052631579,0.9421052631578948,21891000000.0,0.033256486499297494,0.221613155833986,0.19266055045871555
13,2023-04-28,PGC,0.8,0.5210526315789474,1579562300.0,0.014386099570161112,0.012427506213753103,-0.024740622505985632
13,2023-04-28,PHR,0.6421052631578947,0.4894736842105263,17949500000.0,0.01702362559523909,0.02735901730876611,-0.05056759545923628
13,2023-04-28,PIT,0.631578947368421,0.5157894736842106,19897550.0,0.018946598474432988,0.08413461538461542,-0.1033797216699801
13,2023-04-28,PTL,0.3684210526315789,0.33157894736842103,601000000.0,0.029032991928862883,0.027108433734939652,-0.15594059405940597
13,2023-04-28,PVD,0.5263157894736842,0.7,73053000000.0,0.014281816577809171,0.03195962994112689,0.08488063660477452
13,2023-04-28,QBS,0.10526315789473684,0.49473684210526314,1077000000.0,0.024850422904098425,0.04519774011299438,-0.08866995073891626
13,2023-04-28,QCG,0.49473684210526314,0.5578947368421052,948500000.0,0.022963015267005556,0.032911392405063244,-0.02857142857142858
13,2023-04-28,SCR,0.18947368421052632,0.9052631578947369,58379000000.0,0.03053406896778805,0.12058823529411766,0.27
13,2023-04-28,SFG,0.7473684210526316,0.4894736842105263,21478600.0,0.02577625741485562,0.033674963396779,-0.06737120211360637
13,2023-04-28,SFI,0.7368421052631579,0.42105263157894735,700000000.0,0.0199340258028133,0.011390416339355891,-0.056085043988269745
13,2023-04-28,SGN,0.7894736842105263,0.6947368421052631,394000000.0,0.012313636280909935,0.013679890560875485,0.13844315466029355
13,2023-04-28,SHA,0.9578947368421052,0.43157894736842106,83205700.0,0.011841097840507015,-0.0026525198938992522,-0.025906735751295318
13,2023-04-28,SKG,0.28421052631578947,0.9684210526315788,11277500000.0,0.02508111273808034,0.2566666666666666,0.2736486486486487
13,2023-04-28,SRC,0.6105263157894737,0.22105263157894736,58352850.0,0.03192691202525995,-0.10832232496697491,-0.04929577464788737
13,2023-04-28,SRF,0.9052631578947369,0.7,28197350.0,0.013818490959381433,0.052688172043010795,0.01031991744066052
13,2023-04-28,ST8,0.30526315789473685,0.5210526315789474,4040000000.0,0.024896738249661793,-0.10028653295128942,0.48815165876777256
13,2023-04-28,STB,0.042105263157894736,0.3263157894736842,400835500000.0,0.014181767513977558,-0.03435114503816794,-0.028790786948176605
13,2023-04-28,STG,0.3473684210526316,0.9421052631578948,4106000000.0,0.023052249844153053,0.17145899893503724,0.41025641025641035
13,2023-04-28,TCR,0.6631578947368421,0.631578947368421,17947350.0,0.020737656780860845,0.033639143730886945,0.005952380952380931
13,2023-04-28,TDC,0.3368421052631579,0.736842105263158,6187000000.0,0.03329853871241236,0.08200455580865595,0.014957264957264904
13,2023-04-28,TDG,0.9894736842105263,0.37894736842105264,201500000.0,0.00999513885344315,-0.010638297872340385,-0.03125
13,2023-04-28,TLG,0.6526315789473685,0.7736842105263158,2865000000.0,0.017133832579217485,0.103032087135708,0.0339403973509933
13,2023-04-28,TMT,0.9263157894736842,0.7736842105263158,400000000.0,0.011600940897210076,0.01897018970189701,0.4920634920634921
13,2023-04-28,TNI,0.7578947368421053,0.2631578947368421,540000000.0,0.011968193353944131,0.0,-0.12580645161290327
13,2023-04-28,TNT,0.7789473684210526,0.7052631578947368,427000000.0,0.019774303098647365,0.029569892473118253,0.08498583569405094
13,2023-04-28,TRC,0.4105263157894737,0.49473684210526314,128590600.0,0.0167234241777514,0.08303571428571432,-0.10644567219152856
13,2023-04-28,TTA,0.23157894736842105,0.4,2699500000.0,0.011958885686310053,0.01308900523560208,-0.08833922261484095
13,2023-04-28,TTF,0.2736842105263158,0.6842105263157895,16160500000.0,0.02699505894948953,0.08478802992518708,-0.024663677130044803
13,2023-04-28,UDC,0.12631578947368421,0.010526315789473684,211500000.0,0.023844835112033405,-0.3044496487119438,-0.41420118343195267
13,2023-04-28,VCB,0.3894736842105263,0.4105263157894737,46998500000.0,0.007938279621393601,-0.00999216300940442,-0.026959368380512272
13,2023-04-28,VGC,0.15789473684210525,0.34210526315789475,30803500000.0,0.02320179862856811,0.0014450867052022698,-0.09736242266362749
13,2023-04-28,VID,0.17894736842105263,0.34210526315789475,206000000.0,0.026879392750426685,0.023376623376623273,-0.13406593406593403
13,2023-04-28,VJC,0.6,0.12105263157894736,19356500000.0,0.01184253661746061,-0.0770658090054428,-0.11093898951382264
13,2023-04-28,VMD,0.7263157894736842,0.7,576500000.0,0.017774068824493935,0.003927344133529687,0.2639060568603213
13,2023-04-28,VNG,0.8526315789473684,0.3157894736842105,137500000.0,0.011630766790242572,-0.0011325028312570984,-0.09352517985611508
13,2023-04-28,VOS,0.4631578947368421,0.763157894736842,15739000000.0,0.035500321118245144,0.1514450867052024,0.00911854103343468
13,2023-04-28,VPD,0.5578947368421052,0.5263157894736842,1165000000.0,0.01993075505295654,-0.005600814663951126,0.04662379421221874
13,2023-04-28,VPH,0.42105263157894735,0.8789473684210526,922500000.0,0.02917770634968768,0.19811320754716988,0.09482758620689657
13,2023-04-28,VPI,0.7052631578947368,0.3421052631578947,31110000000.0,0.006367030814549012,-0.071520618556701,0.0020862308762170656
13,2023-04-28,VPS,1.0,0.4052631578947368,26229200.0,0.010392320394854557,-0.02695417789757415,-0.0055096418732781816
13,2023-04-28,VRC,0.5157894736842106,0.29473684210526313,100954600.0,0.022008518312822443,-0.002421307506053294,-0.10239651416122009
13,2023-04-28,VRE,0.6947368421052632,0.23157894736842105,67889500000.0,0.010383460276494134,-0.06271899088997901,-0.0514184397163121
13,2023-04-28,VTO,0.07368421052631578,0.5157894736842105,9081500000.0,0.030526357495151684,-0.04379562043795615,0.1654804270462633
14,2023-06-01,AAM,0.9361702127659575,0.11702127659574467,56000000.0,0.013195571563489961,-0.022556390977443663,0.02970297029702973
14,2023-06-01,ASM,0.24468085106382978,0.574468085106383,44392500000.0,0.01875371277790752,0.13733905579399153,0.15217391304347827
14,2023-06-01,ASP,0.6702127659574468,0.425531914893617,274500000.0,0.014874043655102401,0.04915254237288136,0.12137681159420288
14,2023-06-01,AST,0.8829787234042553,0.2925531914893617,353000000.0,0.014236613780112024,0.021937842778793515,0.05596221959858316
14,2023-06-01,BKG,0.10638297872340426,0.7978723404255319,696000000.0,0.02409321273279136,0.27065527065527073,0.25988700564971756
14,2023-06-01,BMP,0.4148936170212766,0.5425531914893617,32473000000.0,0.023554410943808987,0.01597051597051591,0.40237403100775193
14,2023-06-01,BTP,0.2872340425531915,0.6382978723404256,252500000.0,0.021229916112326344,0.16096579476861161,0.17395727365208535
14,2023-06-01,BWE,0.7127659574468085,0.12765957446808512,4258500000.0,0.008420887062975021,0.0022014309301046087,0.009143807148794592
14,2023-06-01,CCI,0.5851063829787234,0.09574468085106383,39575550.0,0.041236636486143376,0.00871188550093338,-0.07529948659440955
14,2023-06-01,CCL,0.5638297872340425,0.7340425531914894,2252500000.0,0.02414460742276731,0.13627254509018027,0.4034653465346534
14,2023-06-01,CIG,0.776595744680851,0.9946808510638299,2398500000.0,0.03636657678196046,0.6919191919191918,0.9142857142857144
14,2023-06-01,CLC,0.925531914893617,0.2872340425531915,138631350.0,0.015402042999272643,0.020175104682147005,0.05845181674565558
14,2023-06-01,CLL,0.8085106382978723,0.3829787234042553,778500000.0,0.01500405930398678,0.03671408903166595,0.11061946902654873
14,2023-06-01,CSM,0.9574468085106383,0.07446808510638298,167065850.0,0.01035608807733265,-0.010703363914373099,-0.021180030257186067
14,2023-06-01,CTI,0.031914893617021274,0.6861702127659575,10358000000.0,0.020619659681042953,0.21206581352833642,0.18181818181818188
14,2023-06-01,DAH,0.11702127659574468,0.7340425531914894,9667500000.0,0.02299960575056643,0.2615384615384615,0.18554216867469875
14,2023-06-01,DCL,0.6063829787234043,0.07446808510638298,2012000000.0,0.008993134414953462,0.006521739130434856,-0.10617760617760619
14,2023-06-01,DCM,0.6808510638297872,0.2712765957446809,56920000000.0,0.012245021231945527,0.03213296398891963,0.03904071388733965
14,2023-06-01,DGW,0.3404255319148936,0.30319148936170215,51491000000.0,0.019619426179921753,0.0788604459124691,0.005773672055427337
14,2023-06-01,DHC,0.06382978723404255,0.4627659574468085,5859000000.0,0.008578064553985541,0.0881302104009527,0.0881302104009527
14,2023-06-01,DLG,0.6382978723404256,0.8776595744680851,14611500000.0,0.03640904011225739,0.3482142857142858,0.35426008968609857
14,2023-06-01,DMC,0.40425531914893614,0.7287234042553191,1180500000.0,0.01912290274760251,0.24447868515665117,0.1992081168027715
14,2023-06-01,DQC,0.9042553191489362,0.38829787234042556,724500000.0,0.011981670969297961,0.08136792452830188,0.04323094425483509
14,2023-06-01,DSN,0.8404255319148937,0.23404255319148937,707500000.0,0.0060500964620932894,-0.015604395604395638,0.0951100244498777
14,2023-06-01,DTA,0.30851063829787234,0.5851063829787234,90500000.0,0.03094041524079994,0.20518358531317493,0.09626719056974453
14,2023-06-01,DTL,0.5106382978723404,0.5212765957446809,9666000.0,0.0062792490193799315,0.050156739811912265,0.22262773722627727
14,2023-06-01,DXV,0.4574468085106383,0.3563829787234043,72800600.0,0.02248492297668047,0.09814323607427067,0.024752475247524774
14,2023-06-01,EIB,0.1595744680851064,0.5478723404255319,65527500000.0,0.014595500311832871,0.11225188227241611,0.14275668073136427
14,2023-06-01,GTA,0.35106382978723405,0.8617021276595744,84871450.0,0.0326682447589918,0.22425249169435224,0.4623015873015872
14,2023-06-01,GVR,0.3776595744680851,0.7712765957446808,64665500000.0,0.025583709368752445,0.197080291970803,0.3235509904622158
14,2023-06-01,HAG,0.5,0.43617021276595747,97990000000.0,0.021443214366419553,0.07692307692307687,0.08847184986595158
14,2023-06-01,HAR,0.19148936170212766,0.8085106382978724,2948000000.0,0.03327520221559702,0.2741514360313315,0.2609819121447028
14,2023-06-01,HBC,0.48936170212765956,0.2127659574468085,40487500000.0,0.03616482354009782,0.04244694132334592,-0.005952380952380931
14,2023-06-01,HNG,0.3617021276595745,0.3404255319148936,18723000000.0,0.023069169742020074,0.1514285714285717,-0.04952830188679225
14,2023-06-01,HPX,0.0425531914893617,0.05319148936170212,24544500000.0,0.020453158100106724,-0.00488997555012205,-0.07709750566893403
14,2023-06-01,HQC,0.4308510638297872,0.6276595744680851,66928000000.0,0.024282184081679526,0.06516853932584277,0.4023668639053255
14,2023-06-01,HSG,0.2978723404255319,0.06382978723404255,225457000000.0,0.017173412528926752,-0.019195612431444187,-0.01014760147601479
14,2023-06-01,HSL,0.6170212765957447,0.43617021276595747,194000000.0,0.026938187236042792,0.08368200836820083,0.08368200836820083
14,2023-06-01,HTI,0.9893617021276596,0.21808510638297873,143869600.0,0.010471737626862881,0.011494252873563315,0.033557046979865834
14,2023-06-01,HTV,0.7021276595744681,0.10638297872340426,94091100.0,0.01973725349894212,0.01252847380410027,-0.08633093525179858
14,2023-06-01,ICT,0.7659574468085106,0.07446808510638298,67099200.0,0.022305287037263602,0.0,-0.02639296187683282
14,2023-06-01,ITC,0.7872340425531915,0.9627659574468085,14435000000.0,0.03452858692456136,0.41053787047200885,0.6731770833333333
14,2023-06-01,JVC,0.3776595744680851,0.7712765957446809,7992500000.0,0.025588145295063026,0.2154696132596685,0.2865497076023391
14,2023-06-01,KMR,0.5531914893617021,0.8829787234042553,1041000000.0,0.028345703746014094,0.3902439024390243,0.33000000000000007
14,2023-06-01,LDG,0.44680851063829785,0.5531914893617021,38780000000.0,0.03570579675637198,0.15479115479115446,0.10328638497652576
14,2023-06-01,LGL,0.07446808510638298,0.8723404255319149,1560500000.0,0.03081150366287615,0.40694006309148256,0.3002915451895043
14,2023-06-01,MHC,0.5319148936170213,0.9308510638297873,977500000.0,0.041433098935018696,0.43909348441926355,0.41504178272980496
14,2023-06-01,NAF,0.46808510638297873,0.6808510638297872,2003500000.0,0.015548456754540698,0.1103448275862069,0.3135198135198136
14,2023-06-01,NBB,0.3191489361702128,0.5638297872340425,7530500000.0,0.019762187105961896,0.1400778210116731,0.1356589147286822
14,2023-06-01,NCT,1.0,0.25,305500000.0,0.004262803609369944,0.043547615249641014,0.013792034712536871
14,2023-06-01,NVT,0.18085106382978725,0.7021276595744681,108000000.0,0.02638157821353757,0.16794871794871802,0.2530949105914717
14,2023-06-01,OGC,0.2127659574468085,0.648936170212766,16990000000.0,0.02938035482412455,0.22166246851385396,0.14117647058823524
14,2023-06-01,PAN,0.648936170212766,0.3617021276595745,21964000000.0,0.011913339873502753,0.010558069381598756,0.14334470989761083
14,2023-06-01,PET,0.2765957446808511,0.5585106382978723,26676500000.0,0.017533807189553312,0.04834605597964381,0.27751937984496133
14,2023-06-01,PGC,0.9680851063829787,0.09574468085106383,361000000.0,0.008915003987995836,0.0024691358024691024,-0.022471910112359605
14,2023-06-01,PHR,0.09574468085106383,0.6170212765957447,28765000000.0,0.01802355636067704,0.15163043478260874,0.17007178354500274
14,2023-06-01,PIT,0.5957446808510638,0.324468085106383,59400900.0,0.02275339642682312,0.046666666666666634,0.04434589800443467
14,2023-06-01,PTL,0.23404255319148937,0.7659574468085106,1122500000.0,0.031186923608233837,0.24925816023738867,0.24556213017751483
14,2023-06-01,PVD,0.1276595744680851,0.5797872340425532,137228500000.0,0.01905381946180757,0.17746005046257363,0.10671936758893286
14,2023-06-01,QBS,0.7978723404255319,0.9734042553191489,6206500000.0,0.04156337356495594,0.6756756756756757,0.5897435897435896
14,2023-06-01,QCG,0.7553191489361702,0.9946808510638299,2277000000.0,0.03953530410220685,0.7444717444717441,0.8112244897959184
14,2023-06-01,SCR,0.2553191489361702,0.6117021276595744,53558500000.0,0.02239404000378797,0.10872483221476514,0.23652694610778435
14,2023-06-01,SFG,0.8617021276595744,0.2446808510638298,35535000.0,0.01888575054183736,0.03399433427762033,0.028169014084507005
14,2023-06-01,SFI,0.9148936170212766,0.2712765957446808,372000000.0,0.00800940621892225,0.0275728155339805,0.03927729772191668
14,2023-06-01,SHA,0.0851063829787234,0.6542553191489362,182500000.0,0.02258299664151797,0.17771883289124668,0.17150395778364125
14,2023-06-01,SKG,0.4308510638297872,0.6702127659574468,17537500000.0,0.023287496972869654,0.0703125,0.4233766233766234
14,2023-06-01,SRF,0.723404255319149,0.23936170212765956,164360300.0,0.023846076389196755,0.07025246981339195,-0.025000000000000022
14,2023-06-01,ST8,0.02127659574468085,0.9521276595744681,4046000000.0,0.04060866487655435,0.6233766233766234,0.4285714285714286
14,2023-06-01,STB,0.05319148936170213,0.5372340425531914,431814500000.0,0.013445820519807092,0.11332007952286283,0.12449799196787148
14,2023-06-01,TCR,0.8297872340425532,0.28191489361702127,14294300.0,0.015911859335863924,0.038922155688622784,0.035820895522387985
14,2023-06-01,TDC,0.6595744680851063,0.9148936170212766,17630000000.0,0.03423565977686887,0.37486457204767065,0.41787709497206693
14,2023-06-01,TDG,0.1702127659574468,0.7819148936170213,894500000.0,0.03104727022905295,0.3272727272727274,0.20860927152317887
14,2023-06-01,TLG,0.26595744680851063,0.44148936170212766,3375000000.0,0.020193727832555464,0.06970362239297478,0.11371428571428566
14,2023-06-01,TMT,0.010638297872340425,0.5425531914893617,849000000.0,0.02779248451100442,0.1715817694369972,0.08436724565756815
14,2023-06-01,TNI,0.22340425531914893,0.6808510638297873,1378500000.0,0.024408075875418555,0.22592592592592586,0.16549295774647876
14,2023-06-01,TNT,0.14893617021276595,0.7925531914893618,1662500000.0,0.02502376669108082,0.27937336814621405,0.24365482233502544
14,2023-06-01,TRC,0.7340425531914894,0.31382978723404253,789367550.0,0.016789856892509624,0.08426270136307301,0.0034403669724769603
14,2023-06-01,TTA,0.5425531914893617,0.44148936170212766,6533000000.0,0.018258225159046505,0.08496732026143783,0.0641025641025641
14,2023-06-01,TTF,0.20212765957446807,0.7180851063829787,28193500000.0,0.027262997455911122,0.20594965675057209,0.24
14,2023-06-01,TVT,0.7446808510638298,0.5904255319148937,157500000.0,0.02985147595077747,0.13795180722891565,0.16893564356435653
14,2023-06-01,VCB,0.6914893617021277,0.30319148936170215,57245000000.0,0.013622156067459158,0.06090651558073645,0.03188348750246006
14,2023-06-01,VGC,0.39361702127659576,0.8031914893617021,61509000000.0,0.027773729966853913,0.2701149425287357,0.27377521613832845
14,2023-06-01,VID,0.32978723404255317,0.4308510638297872,107883750.0,0.019865658296154203,0.14683544303797458,0.03189066059225509
14,2023-06-01,VJC,0.8191489361702128,0.19680851063829785,63265500000.0,0.007512915109607256,0.02096378981758784,0.012555690562980892
14,2023-06-01,VMD,0.8723404255319149,0.4627659574468085,283000000.0,0.006747348984144999,-0.009741841207988267,0.3562374916611073
14,2023-06-01,VNG,0.9787234042553191,0.14361702127659576,172000000.0,0.01071660533759409,0.009070294784580435,0.0
14,2023-06-01,VOS,0.5212765957446809,0.6170212765957447,22685000000.0,0.020427903729808752,0.07610789980732169,0.289838337182448
14,2023-06-01,VPD,0.9468085106382979,0.25,153500000.0,0.011656456283373471,0.0035842293906809264,0.06290672451193058
14,2023-06-01,VPH,0.574468085106383,0.9202127659574468,1584000000.0,0.02618500052707579,0.31720430107526876,0.5217391304347827
14,2023-06-01,VPI,0.851063829787234,0.2712765957446809,37316000000.0,0.006384916777751585,0.032916087158090024,0.036761284318287624
14,2023-06-01,VPS,0.8936170212765957,0.22340425531914893,11835450.0,0.018740979711518755,0.0027472527472527375,0.04734576757532283
14,2023-06-01,VRC,0.13829787234042554,0.7340425531914894,803000000.0,0.033727598813377384,0.25153374233128845,0.19019836639439913
14,2023-06-01,VRE,0.6276595744680851,0.12234042553191489,86789500000.0,0.008977833061047866,-0.014817629179331271,0.026930693069306955
14,2023-06-01,VTO,0.4787234042553192,0.3829787234042553,6863000000.0,0.01290048617472988,0.07228915662650603,0.05169867060561306
15,2023-06-30,AAM,0.9270833333333334,0.15104166666666669,105652400.0,0.009337732165095673,-0.02775119617224875,-0.08633093525179858
15,2023-06-30,ASM,0.22916666666666666,0.8333333333333333,74860000000.0,0.026303752828761653,0.10606060606060597,0.24255319148936172
15,2023-06-30,ASP,0.625,0.5416666666666667,833500000.0,0.018266859321619158,0.019736842105263053,0.1071428571428572
15,2023-06-30,AST,0.9583333333333334,0.4244791666666667,541720300.0,0.006892311589988299,0.0,0.07059110893991205
15,2023-06-30,BKG,0.2604166666666667,0.421875,2495000000.0,0.029103757698714244,-0.06512605042016806,0.22928176795580102
15,2023-06-30,BMP,0.21875,0.9895833333333333,30877500000.0,0.030849792017833333,0.21570026761819805,0.6534821645231741
15,2023-06-30,BTP,0.8229166666666666,0.5416666666666666,210558450.0,0.01708952869106104,-0.010195412064570974,0.19364754098360648
15,2023-06-30,BWE,0.8020833333333334,0.3385416666666667,3739500000.0,0.00888628846066274,-0.006679654884497621,0.027050359712230243
15,2023-06-30,CCI,0.4375,0.15104166666666666,46584500.0,0.024384394577113774,-0.029003021148036212,-0.07961053837342502
15,2023-06-30,CCL,0.6354166666666666,0.6145833333333334,1619500000.0,0.01719105514716276,-0.014440433212996373,0.318840579710145
15,2023-06-30,CIG,0.4895833333333333,0.7708333333333334,1718000000.0,0.034534119833755504,0.007936507936507908,0.7541436464088398
15,2023-06-30,CLC,0.8541666666666666,0.41145833333333337,267500000.0,0.009586752042495874,0.01716417910447765,0.028679245283018906
15,2023-06-30,CLL,0.17708333333333334,0.796875,686500000.0,0.009808336681460113,0.11365638766519814,0.18796992481203012
15,2023-06-30,CSM,0.9895833333333334,0.43229166666666663,110565400.0,0.011848210054168085,0.010819165378670892,0.0489174017642342
15,2023-06-30,CTI,0.4635416666666667,0.4635416666666667,9973500000.0,0.024377001665451637,-0.020224719101123556,0.15242290748898668
15,2023-06-30,DAH,0.4635416666666667,0.375,10820500000.0,0.022932114507290248,-0.021186440677966156,0.08705882352941186
15,2023-06-30,DCL,0.7708333333333334,0.5104166666666666,1880500000.0,0.0178695099716059,0.04347826086956519,0.0596026490066226
15,2023-06-30,DCM,0.19791666666666666,0.5885416666666666,121010500000.0,0.017232794175996848,0.06862231534834984,0.07311941083640194
15,2023-06-30,DGW,0.3125,0.890625,89894500000.0,0.02669614995423048,0.11387240356083095,0.30395136778115495
15,2023-06-30,DHC,0.7604166666666666,0.28125,5247000000.0,0.010036044509009261,-0.02614379084967322,0.048475371383893684
15,2023-06-30,DLG,0.08333333333333333,0.44270833333333337,14638500000.0,0.03500490610199757,-0.05666666666666664,0.24122807017543857
15,2023-06-30,DMC,0.6041666666666666,0.8177083333333333,1225500000.0,0.017041208535659724,0.05099429021460922,0.37861570247933884
15,2023-06-30,DQC,0.59375,0.359375,1728000000.0,0.024687624214488033,-0.005467468562055822,0.03469852104664395
15,2023-06-30,DSN,0.8645833333333334,0.203125,2154000000.0,0.012454679657092807,-0.03011775362318836,-0.005803156917362995
15,2023-06-30,DTA,0.7395833333333334,0.90625,277000000.0,0.04321125529327628,0.08710217755443894,0.40172786177105824
15,2023-06-30,DTL,0.041666666666666664,0.8177083333333333,9677000.0,0.017055985913372856,0.09487951807228923,0.23220338983050848
15,2023-06-30,DXV,0.7916666666666666,0.3463541666666667,86000000.0,0.03779879258996172,0.0,0.02244389027431426
15,2023-06-30,EIB,0.13541666666666666,0.4791666666666667,169518500000.0,0.016384306450575745,0.002421307506053294,0.08732764281024297
15,2023-06-30,GTA,0.5833333333333334,0.5364583333333333,93927300.0,0.045069254237918986,-0.0430183356840621,0.3290891283055828
15,2023-06-30,GVR,0.20833333333333334,0.6666666666666667,68760000000.0,0.02244630219703942,0.026460859977949225,0.21619856303069884
15,2023-06-30,HAG,0.4479166666666667,0.4583333333333333,111601500000.0,0.014961823928223452,0.014943960149439661,0.065359477124183
15,2023-06-30,HAR,0.5416666666666666,0.3020833333333333,1947500000.0,0.018429966556076333,-0.08067940552016983,0.12176165803108807
15,2023-06-30,HBC,0.16666666666666666,0.78125,36162000000.0,0.03062992304106489,0.1852300242130751,0.15176470588235302
15,2023-06-30,HNG,0.11458333333333333,0.34375,19343000000.0,0.019438500698488195,0.0303797468354432,-0.11135371179039277
15,2023-06-30,HPX,0.5,0.5833333333333333,27456500000.0,0.03202473984757109,0.08292682926829276,0.049645390070921946
15,2023-06-30,HQC,0.3645833333333333,0.13020833333333334,56048500000.0,0.019560682661388922,-0.09188034188034189,0.01918465227817756
15,2023-06-30,HSG,0.14583333333333334,0.5729166666666667,292025000000.0,0.02054486632745893,0.09323583180987205,0.029259896729776358
15,2023-06-30,HSL,0.3333333333333333,0.7291666666666667,907000000.0,0.03176051742851259,0.07969639468690692,0.17561983471074383
15,2023-06-30,HTI,0.9479166666666666,0.47395833333333337,133500000.0,0.006733808859050601,0.02411575562700974,0.05901911886949285
15,2023-06-30,HTV,1.0,0.3020833333333333,33772800.0,0.009477675514352028,-0.004479283314669624,-0.033695652173913015
15,2023-06-30,ICT,0.96875,0.22916666666666669,94500000.0,0.006669612051642956,-0.020000000000000018,-0.04946653734238604
15,2023-06-30,ITC,0.23958333333333334,0.5104166666666666,11358500000.0,0.03179658099233346,-0.06976744186046513,0.36830102622576977
15,2023-06-30,JVC,0.3020833333333333,0.46875,5337000000.0,0.020888153108135136,-0.049065420560747475,0.24464831804281384
15,2023-06-30,KMR,0.15625,0.5520833333333334,1398000000.0,0.03754968746489912,-0.04260651629072687,0.34982332155477036
15,2023-06-30,LDG,0.2916666666666667,0.5885416666666666,49464500000.0,0.03272723779705437,0.06493506493506485,0.07894736842105265
15,2023-06-30,LGL,0.052083333333333336,0.30729166666666663,4055500000.0,0.04504112209779565,-0.14675052410901446,0.16285714285714303
15,2023-06-30,MHC,0.125,0.45833333333333337,905500000.0,0.029176269966083156,-0.10567514677103718,0.32463768115942027
15,2023-06-30,NAF,0.6145833333333334,0.7239583333333333,2602500000.0,0.014867599555929907,0.018567639257294433,0.3226176808266361
15,2023-06-30,NBB,0.5104166666666666,0.41666666666666663,9722500000.0,0.026130026631365544,-0.006802721088435382,0.08148148148148149
15,2023-06-30,NCT,0.9791666666666666,0.5104166666666667,452000000.0,0.0074241044494407086,0.0534668721109397,0.04159049360146261
15,2023-06-30,NVT,0.7291666666666666,0.3802083333333333,258500000.0,0.023246626469558544,-0.025229357798165153,0.09395109395109391
15,2023-06-30,OGC,0.4166666666666667,0.140625,14114000000.0,0.02022188160126409,-0.1010752688172043,0.027027027027026973
15,2023-06-30,PAN,0.5208333333333334,0.6875,42567500000.0,0.015485296980958971,0.07068452380952372,0.13575374901341752
15,2023-06-30,PET,0.25,0.6822916666666666,20142000000.0,0.025974483500929398,0.018845700824499323,0.24460431654676262
15,2023-06-30,PGC,0.8854166666666666,0.34375,1048000000.0,0.007597891032521575,0.003284072249589487,-0.012924071082390909
15,2023-06-30,PHR,0.65625,0.47916666666666663,32836000000.0,0.013515129753274359,-0.009808612440191378,0.12748569871969484
15,2023-06-30,PIT,0.8125,0.7552083333333334,56653300.0,0.01617334597268695,0.07127882599580704,0.21377672209026133
15,2023-06-30,PTL,0.375,0.8385416666666666,3361500000.0,0.04895643172524685,0.09000000000000008,0.2785923753665689
15,2023-06-30,PVD,0.0625,0.5677083333333333,131514500000.0,0.018478385283147138,0.0077247191011236005,0.16100323624595458
15,2023-06-30,QBS,0.10416666666666667,0.5208333333333334,4785500000.0,0.0304903882543684,-0.0816993464052288,0.53551912568306
15,2023-06-30,QCG,0.6458333333333334,0.9322916666666667,16832000000.0,0.06641488106762641,0.08432147562582348,0.9595238095238094
15,2023-06-30,SCR,0.75,0.34375,48021500000.0,0.015186049816649387,-0.0233128834355828,0.07567567567567557
15,2023-06-30,SFG,0.71875,0.6822916666666667,57354750.0,0.03483923458432288,0.06712328767123288,0.14055636896046853
15,2023-06-30,SFI,0.8958333333333334,0.390625,278500000.0,0.0031492799363350686,0.0015117157974300355,0.03840125391849525
15,2023-06-30,SGN,0.9375,0.34375,632500000.0,0.009963118561439192,-0.0026990553306343035,0.02496532593619971
15,2023-06-30,SHA,0.84375,0.3125,221500000.0,0.016922634733063064,-0.04288939051918739,0.08717948717948709
15,2023-06-30,SKG,0.2708333333333333,0.84375,20840500000.0,0.020168880661387053,0.05548780487804872,0.3914790996784565
15,2023-06-30,SRC,0.34375,0.14583333333333334,76197250.0,0.026908198524171548,-0.026061057334326176,-0.17580340264650285
15,2023-06-30,SRF,0.5625,0.09375,122202500.0,0.029302151966091605,-0.10576923076923073,-0.015873015873015928
15,2023-06-30,ST8,0.010416666666666666,0.8229166666666666,2499000000.0,0.044004187656759806,0.046843177189409335,0.5207100591715976
15,2023-06-30,STB,0.03125,0.6041666666666666,468035000000.0,0.01603255200334717,0.053003533568904526,0.10780669144981414
15,2023-06-30,TCR,0.9166666666666666,0.5989583333333334,12283300.0,0.021736906959343223,0.04885057471264376,0.11620795107033643
15,2023-06-30,TDC,0.3958333333333333,0.46875,19594000000.0,0.03265148208534734,-0.06666666666666665,0.2810457516339868
15,2023-06-30,TDG,0.3854166666666667,0.765625,1822500000.0,0.03534994904162547,0.02997275204359684,0.3263157894736841
15,2023-06-30,TLG,0.4791666666666667,0.734375,4901000000.0,0.018939230223726938,0.05913705583756346,0.22375366568914945
15,2023-06-30,TMT,0.020833333333333332,0.875,747500000.0,0.025847872223658606,0.10681818181818192,0.3021390374331552
15,2023-06-30,TNI,0.5520833333333334,0.3125,1504500000.0,0.02309962440480205,-0.046875,0.09318996415770608
15,2023-06-30,TNT,0.07291666666666667,0.375,5143500000.0,0.040775402438939255,-0.07786885245901642,0.18421052631578938
15,2023-06-30,TRC,0.8333333333333334,0.6510416666666667,658422550.0,0.008337217309471045,0.0316846986089645,0.1798497569597879
15,2023-06-30,TTA,0.7083333333333334,0.2708333333333333,9490000000.0,0.01714839577397223,-0.017114914425428007,0.017721518987341645
15,2023-06-30,TTF,0.28125,0.5208333333333334,34564500000.0,0.028930741264878653,-0.022770398481973486,0.23205741626794252
15,2023-06-30,TVT,0.40625,0.0625,687500000.0,0.022029372693294125,-0.1185879757308329,-0.057783018867924474
15,2023-06-30,VCB,0.53125,0.578125,92420500000.0,0.015930503250266563,0.053783732779769666,0.08701576795795218
15,2023-06-30,VGC,0.3541666666666667,0.71875,105971500000.0,0.024403231136510575,0.026300904977375472,0.2805222300635144
15,2023-06-30,VID,0.78125,0.44791666666666663,131134100.0,0.02572006440049363,-0.013363028953229383,0.12151898734177213
15,2023-06-30,VJC,0.6875,0.18229166666666669,72421500000.0,0.00725616089058401,-0.025785656728444795,-0.07545245985215399
15,2023-06-30,VMD,0.875,0.16666666666666666,351000000.0,0.017847487109508363,-0.03984259714707328,-0.04547677261613692
15,2023-06-30,VNG,0.09375,0.796875,435500000.0,0.01924337496602978,0.13636363636363646,0.1811023622047243
15,2023-06-30,VOS,0.4270833333333333,0.78125,32408000000.0,0.02398847171832608,0.06227436823104693,0.24550264550264544
15,2023-06-30,VPD,0.90625,0.11979166666666666,231000000.0,0.009292773915011989,-0.051530612244897966,-0.0714285714285714
15,2023-06-30,VPH,0.5729166666666666,0.96875,2627000000.0,0.03868768730007504,0.14807302231237318,0.6453488372093024
15,2023-06-30,VPI,0.6770833333333334,0.14583333333333331,36468500000.0,0.008250090844716989,-0.03905378263780401,-0.0783390410958904
15,2023-06-30,VPS,0.3229166666666667,0.7604166666666666,23927150.0,0.01365781507798611,0.15068493150684925,0.12903225806451624
15,2023-06-30,VRC,0.1875,0.27083333333333337,1528500000.0,0.038922092709153935,-0.13240740740740742,0.12215568862275439
15,2023-06-30,VRE,0.6666666666666666,0.21875,97264000000.0,0.010207199755622457,-0.011081390905617106,-0.09001406469760898
15,2023-06-30,VTO,0.6979166666666666,0.25,6045500000.0,0.01386327810113326,-0.01538461538461533,-0.04087193460490468
16,2023-08-01,AAM,0.9789473684210527,0.15789473684210525,102000000.0,0.007073104091936576,0.0,-0.027488151658767723
16,2023-08-01,ASM,0.42105263157894735,0.6105263157894737,71272500000.0,0.02062260272528257,0.03630363036303641,0.33427762039660047
16,2023-08-01,ASP,0.968421052631579,0.3315789473684211,486500000.0,0.007595228019691753,0.019169329073482455,0.08135593220338988
16,2023-08-01,AST,0.9947368421052631,0.30526315789473685,701500000.0,0.005327931713200634,0.03067765567765557,0.028793418647166336
16,2023-08-01,BKG,0.8,0.4894736842105263,928500000.0,0.013123647992131962,0.004484304932735439,0.24791086350974934
16,2023-08-01,BMP,0.43157894736842106,0.6631578947368422,28665500000.0,0.01979607906581743,0.056690349319123756,0.2761887736860922
16,2023-08-01,BTP,0.8631578947368421,0.3894736842105263,349500000.0,0.013812510262070329,-0.01274426508071369,0.19057377049180335
16,2023-08-01,BWE,0.7684210526315789,0.31842105263157894,8060000000.0,0.011729858075517739,0.04803370786516847,0.0
16,2023-08-01,CCL,0.22105263157894736,0.6789473684210526,3819000000.0,0.019458750604664066,0.07065217391304346,0.19878296146044616
16,2023-08-01,CIG,0.25263157894736843,0.9421052631578948,2142000000.0,0.02959991945954197,0.14848484848484844,0.7505773672055427
16,2023-08-01,CLC,0.8842105263157894,0.2789473684210526,356500000.0,0.007994526527726977,0.00880410858400582,0.046821469356680634
16,2023-08-01,CLL,0.5789473684210527,0.6578947368421053,775000000.0,0.011232677916516033,0.06170886075949378,0.2216659080564407
16,2023-08-01,CSM,0.9578947368421052,0.18421052631578946,160500000.0,0.006289851049516198,-0.007645259938837912,0.006982156710628296
16,2023-08-01,CTI,0.23157894736842105,0.8368421052631578,17166500000.0,0.023695605485863015,0.10247093023255816,0.38034576888080074
16,2023-08-01,DAH,0.5157894736842106,0.6157894736842106,8308500000.0,0.020951037041981174,0.05319148936170204,0.23134328358208944
16,2023-08-01,DCL,0.8421052631578947,0.1842105263157895,2861500000.0,0.012327302623585277,-0.004149377593360981,0.004184100418409997
16,2023-08-01,DCM,0.021052631578947368,0.8526315789473684,145708000000.0,0.014504053642212711,0.1589403973509933,0.3373362445414847
16,2023-08-01,DGW,0.4631578947368421,0.9578947368421054,131210500000.0,0.02762887981478584,0.25548640681297075,0.5924387203988368
16,2023-08-01,DHC,0.8736842105263158,0.32105263157894737,9213500000.0,0.010445967662848919,0.019962335216572535,0.06279434850863419
16,2023-08-01,DLG,0.21052631578947367,0.8052631578947369,11057500000.0,0.026795702587860463,0.08053691275167796,0.39393939393939403
16,2023-08-01,DMC,0.49473684210526314,0.8315789473684211,2033500000.0,0.026752779036789225,0.09342954804405612,0.40165530671859795
16,2023-08-01,DQC,0.5052631578947369,0.6473684210526316,1798000000.0,0.022517134634454417,0.09373326191751463,0.15563101301641202
16,2023-08-01,DSN,0.7578947368421053,0.15789473684210528,1892000000.0,0.015867675250245527,0.005624560581204641,-0.0485587583148559
16,2023-08-01,DTA,0.17894736842105263,0.9736842105263158,195500000.0,0.03346995450208943,0.2157434402332361,0.7557894736842106
16,2023-08-01,DXV,0.7473684210526316,0.4789473684210526,23724950.0,0.01642599193839206,0.036319612590798966,0.1567567567567567
16,2023-08-01,EIB,0.06315789473684211,0.49473684210526314,150831000000.0,0.015779094084444834,0.05689001264222493,0.12365591397849451
16,2023-08-01,GTA,0.16842105263157894,0.5473684210526316,101743600.0,0.034178952776388036,0.04789977892409736,0.18106312292358795
16,2023-08-01,GVR,0.29473684210526313,0.7789473684210526,65235500000.0,0.014096942185177954,0.08367556468172488,0.36193548387096763
16,2023-08-01,HAG,0.28421052631578947,0.5263157894736842,150143500000.0,0.020286948170125038,0.06078665077473189,0.14395886889460163
16,2023-08-01,HAR,0.3157894736842105,0.6789473684210526,5729000000.0,0.02984313791488587,0.068888888888889,0.20854271356783927
16,2023-08-01,HBC,0.37894736842105264,0.5210526315789473,34471500000.0,0.03231774374191301,0.022267206477732726,0.22128174123337363
16,2023-08-01,HNG,0.6526315789473685,0.5368421052631579,18793500000.0,0.012078948363441862,0.045685279187817285,0.180515759312321
16,2023-08-01,HPX,0.2,0.5631578947368421,19454000000.0,0.03769576598282746,0.06108597285067874,0.1637717121588087
16,2023-08-01,HQC,0.45263157894736844,0.42105263157894735,42905000000.0,0.024599856262210503,0.06888361045130642,0.008968609865470878
16,2023-08-01,HSG,0.042105263157894736,0.7631578947368421,277349500000.0,0.019482732098200783,0.12013256006627993,0.20071047957371224
16,2023-08-01,HSL,0.6947368421052632,0.08157894736842106,804000000.0,0.018149846144790305,-0.07760141093474426,0.0
16,2023-08-01,HTI,0.9947368421052631,0.30526315789473685,251255900.0,0.00383839150208402,0.008634222919937207,0.08074011774600498
16,2023-08-01,HTV,0.8210526315789474,0.13684210526315788,105869050.0,0.016350395136921863,-0.01449275362318836,0.0034052213393871433
16,2023-08-01,ICT,0.8526315789473684,0.39473684210526316,220000000.0,0.01022151716194888,0.05635245901639352,0.03931451612903225
16,2023-08-01,ITC,0.18947368421052632,0.8,16016000000.0,0.02543529850718006,0.0859375,0.36274509803921573
16,2023-08-01,JVC,0.6736842105263158,0.4526315789473684,4803500000.0,0.015018555885387346,0.03685503685503666,0.14054054054054044
16,2023-08-01,KMR,0.6842105263157895,0.6263157894736842,755500000.0,0.009756858300286518,0.030927835051546282,0.3793103448275863
16,2023-08-01,LDG,0.5473684210526316,0.9157894736842105,54008500000.0,0.032080782448371974,0.17647058823529416,0.41176470588235303
16,2023-08-01,LGL,0.3263157894736842,0.9315789473684211,3001000000.0,0.03618488466107977,0.14628820960698685,0.64576802507837
16,2023-08-01,MHC,0.2736842105263158,0.9736842105263157,1148000000.0,0.034870114328920815,0.3340563991323211,0.6399999999999999
16,2023-08-01,NAF,0.7263157894736842,0.41578947368421054,2250500000.0,0.011853201641934303,0.02491408934707895,0.14711538461538454
16,2023-08-01,NBB,0.3684210526315789,0.9473684210526316,12643000000.0,0.023043996067922703,0.265993265993266,0.4135338345864661
16,2023-08-01,NCT,0.7894736842105263,0.4,1962000000.0,0.008710248279648124,0.031422752400349196,0.09616573902288184
16,2023-08-01,NVT,0.11578947368421053,0.8263157894736842,232000000.0,0.025002094392294116,0.1459521094640821,0.2951030927835052
16,2023-08-01,OGC,0.4421052631578947,0.41578947368421054,14553500000.0,0.020533203817363697,0.03971962616822422,0.08801955990220045
16,2023-08-01,PAN,0.08421052631578947,0.7789473684210526,50187000000.0,0.02056161907050337,0.10970744680851063,0.23538119911176913
16,2023-08-01,PET,0.4842105263157895,0.5157894736842106,21822500000.0,0.018332149024688583,0.042808219178082085,0.16666666666666674
16,2023-08-01,PGC,0.9368421052631579,0.30526315789473685,1164000000.0,0.006529151124333252,0.028455284552845628,0.035188216039279796
16,2023-08-01,PHR,0.10526315789473684,0.7578947368421052,30398500000.0,0.011578621155115055,0.08476146364057424,0.2530765115034779
16,2023-08-01,PIT,0.7052631578947368,0.4631578947368421,45037200.0,0.02139880075045054,0.013645224171539905,0.184510250569476
16,2023-08-01,PTL,0.6210526315789474,0.42105263157894735,1694500000.0,0.0245088054719634,-0.008849557522123908,0.19786096256684482
16,2023-08-01,PVD,0.05263157894736842,0.33684210526315794,127719000000.0,0.013807324799495717,-0.013210039630118908,0.16445830085736546
16,2023-08-01,QBS,0.4105263157894737,0.5842105263157895,3043500000.0,0.02149454741393657,0.006802721088435382,0.4095238095238096
16,2023-08-01,QCG,0.010526315789473684,0.968421052631579,10569500000.0,0.036755906058747484,0.16959064327485374,1.3310023310023311
16,2023-08-01,SC5,0.14736842105263157,0.34736842105263155,224000000.0,0.030332257755588177,0.06679035250463805,-0.05582922824302139
16,2023-08-01,SCR,0.2631578947368421,0.6,66668000000.0,0.021390868114815272,0.07653701380175648,0.14859437751004023
16,2023-08-01,SFG,0.6631578947368421,0.23157894736842105,56199200.0,0.027407443369709402,-0.053075995174909574,0.11664295874822184
16,2023-08-01,SFI,0.9263157894736842,0.1842105263157895,206500000.0,0.008389177791105595,-0.00905660377358486,0.026182102383743633
16,2023-08-01,SGN,0.7157894736842105,0.3105263157894737,2027000000.0,0.01618643574695057,0.031273492707863504,0.028490028490028463
16,2023-08-01,SHA,0.47368421052631576,0.5789473684210527,134000000.0,0.008546695399539114,0.058548009367681564,0.18015665796344638
16,2023-08-01,SKG,0.3473684210526316,0.052631578947368425,29720500000.0,0.023216914069252886,-0.13296089385474863,-0.0025706940874036244
16,2023-08-01,SRF,0.5684210526315789,0.17368421052631577,40556300.0,0.020592089700905813,-0.010752688172043001,0.01098901098901095
16,2023-08-01,ST8,0.24210526315789474,0.5,1923000000.0,0.017510051926643663,-0.047131147540983576,0.4133738601823709
16,2023-08-01,STB,0.031578947368421054,0.2736842105263158,700737000000.0,0.017256109945111578,-0.03015075376884424,0.12427184466019425
16,2023-08-01,STG,0.6421052631578947,0.09473684210526316,58477500.0,0.02552241346571876,-0.03885480572597133,-0.030927835051546393
16,2023-08-01,TCR,0.7789473684210526,0.19473684210526315,25087350.0,0.023708032420069042,-0.04878048780487809,0.08000000000000007
16,2023-08-01,TDC,0.15789473684210525,0.8421052631578947,20622500000.0,0.029446856975990227,0.11001642036124792,0.3629032258064515
16,2023-08-01,TDG,0.5894736842105263,0.7421052631578947,1305500000.0,0.027931706346190594,0.0557029177718833,0.4368231046931408
16,2023-08-01,TLG,0.5263157894736842,0.25263157894736843,4956000000.0,0.016379032126486656,-0.04936268829663959,0.13408902405308276
16,2023-08-01,TMT,0.5368421052631579,0.20526315789473684,412000000.0,0.019130743886650238,-0.0848214285714286,0.10810810810810811
16,2023-08-01,TNI,0.6105263157894737,0.6210526315789473,1353000000.0,0.025965639587930037,0.06209150326797386,0.19047619047619047
16,2023-08-01,TNT,0.09473684210526316,0.8421052631578947,5046500000.0,0.033510250527745054,0.12371134020618557,0.36250000000000004
16,2023-08-01,TRC,0.8947368421052632,0.3263157894736842,301270200.0,0.014006382059088916,0.006741573033707926,0.09983633387888702
16,2023-08-01,TTA,0.8105263157894737,0.16842105263157894,5888000000.0,0.011516485729993137,0.003754693366708306,-0.024330900243308973
16,2023-08-01,TTF,0.4,0.5052631578947369,28128000000.0,0.02178272180281385,0.028037383177569986,0.19565217391304346
16,2023-08-01,TVT,0.3894736842105263,0.015789473684210527,222500000.0,0.01666682325305308,-0.11860174781523092,-0.16052318668252086
16,2023-08-01,VCB,0.30526315789473685,0.6368421052631579,100095000000.0,0.016718108460312082,0.07664756446991405,0.16647264260768346
16,2023-08-01,VGC,0.1368421052631579,0.8789473684210526,64569000000.0,0.016415802614222347,0.10932475884244375,0.42121524201853755
16,2023-08-01,VID,0.9473684210526315,0.26315789473684215,49178800.0,0.012314513843174257,-0.009029345372460473,0.08395061728395059
16,2023-08-01,VJC,0.631578947368421,0.48947368421052634,89563500000.0,0.013363438719111515,0.07543520309477758,0.06077950395203047
16,2023-08-01,VMD,0.9157894736842105,0.042105263157894736,461500000.0,0.010302742397526973,-0.06724845995893225,-0.11495372625426203
16,2023-08-01,VNG,0.7368421052631579,0.15789473684210528,267000000.0,0.021907906638977077,-0.08333333333333337,0.0625
16,2023-08-01,VOS,0.5578947368421052,0.2263157894736842,34506500000.0,0.018819633139224377,-0.039134054954204855,0.08765315739868051
16,2023-08-01,VPD,0.8315789473684211,0.18947368421052632,156500000.0,0.016035401998132973,0.011739594450373536,-0.040000000000000036
16,2023-08-01,VPH,0.3368421052631579,0.9736842105263157,4994500000.0,0.02842870390803861,0.18801996672212984,0.8989361702127661
16,2023-08-01,VPI,0.9052631578947369,0.3894736842105263,37605500000.0,0.007222518486463901,0.05379819903024696,0.04177128509472716
16,2023-08-01,VPS,0.6,0.6000000000000001,34203400.0,0.026282144117314103,0.06565656565656575,0.17222222222222228
16,2023-08-01,VRC,0.07368421052631578,0.7736842105263158,872000000.0,0.029742746563682223,0.10215053763440851,0.25152625152625174
16,2023-08-01,VRE,0.12631578947368421,0.4842105263157894,199206500000.0,0.015195787472947097,0.06966121050628082,0.06198034769463345
16,2023-08-01,VTO,0.35789473684210527,0.5736842105263158,9242500000.0,0.01968693328992535,0.06713286713286704,0.14909638554216875
17,2023-08-31,AAM,0.9787234042553191,0.5212765957446808,144500000.0,0.015192865314807406,0.014691478942213454,-0.008612440191387516
17,2023-08-31,ASM,0.5159574468085106,0.3723404255319149,61523000000.0,0.024970337339282472,-0.051797040169133224,0.033410138248847865
17,2023-08-31,ASP,0.8404255319148937,0.2712765957446808,701500000.0,0.021279760056909985,-0.03968253968253965,-0.04423380726698267
17,2023-08-31,AST,0.9574468085106383,0.40957446808510634,583000000.0,0.009546014844719493,-0.02461743180306053,-0.004977375565610842
17,2023-08-31,BKG,0.7127659574468085,0.4414893617021276,2251000000.0,0.02205118154368237,-0.010845986984815648,-0.01935483870967747
17,2023-08-31,BMP,0.2978723404255319,0.5585106382978724,26891000000.0,0.022962763393873892,-0.015755188607786685,0.06648063033486529
17,2023-08-31,BTP,0.7446808510638298,0.6276595744680851,176500000.0,0.013948011667209192,0.045060658578856216,0.011744966442952975
17,2023-08-31,BWE,0.2765957446808511,0.7925531914893618,8330000000.0,0.01381931287979485,0.07266898209991979,0.11745059838575012
17,2023-08-31,CCL,0.43617021276595747,0.7659574468085106,3072000000.0,0.02317183633224216,0.036727879799666185,0.12296564195298365
17,2023-08-31,CIG,0.09574468085106383,0.6808510638297872,2143500000.0,0.030596753807914406,-0.0013755158184318717,0.14873417721518978
17,2023-08-31,CLC,0.9574468085106383,0.4521276595744681,487000000.0,0.005584940064178692,-0.017090909090909046,0.008582089552238825
17,2023-08-31,CLL,0.7872340425531915,0.7127659574468086,301000000.0,0.018001904874625097,0.004098360655737654,0.18565772107347112
17,2023-08-31,CSM,0.9042553191489362,0.22340425531914893,980000000.0,0.013013563130745816,-0.05315110098709186,-0.03258339798293253
17,2023-08-31,CTI,0.4574468085106383,0.38829787234042556,12967000000.0,0.02153369220866855,-0.09802673456397204,0.08333333333333326
17,2023-08-31,DAH,0.5851063829787234,0.22340425531914893,9605000000.0,0.022220672672323995,-0.09999999999999998,-0.010373443983402453
17,2023-08-31,DCL,0.6276595744680851,0.3191489361702128,2673000000.0,0.017786428322094268,-0.05835010060362178,0.02183406113537112
17,2023-08-31,DCM,0.32978723404255317,0.8191489361702128,131579000000.0,0.024638233105836474,0.02377240841777084,0.3646753246753247
17,2023-08-31,DGW,0.35106382978723405,0.8617021276595744,121823500000.0,0.029826097133611482,0.03389411182582869,0.5604929051530994
17,2023-08-31,DHC,0.7340425531914894,0.5425531914893618,5252000000.0,0.012951820675106722,0.041714504401071606,-0.023322569070685306
17,2023-08-31,DLG,0.3829787234042553,0.1595744680851064,13295000000.0,0.026689162100423373,-0.05521472392638038,-0.07507507507507505
17,2023-08-31,DMC,0.5957446808510638,0.8617021276595744,1760500000.0,0.017059344313943663,0.07763204537398094,0.20134360798261208
17,2023-08-31,DQC,0.574468085106383,0.13829787234042554,764500000.0,0.02062057839726441,-0.10009813542688906,-0.04179728317659348
17,2023-08-31,DSN,0.851063829787234,0.2925531914893617,1245000000.0,0.0069447516155728755,-0.02230046948356812,-0.08138509042787823
17,2023-08-31,DTA,0.7553191489361702,0.6436170212765957,306500000.0,0.017427110106045307,-0.034912718204488824,0.2857142857142858
17,2023-08-31,DTL,0.18085106382978725,0.07446808510638298,14488500.0,0.028798695610359606,-0.059523809523809534,-0.28072837632776937
17,2023-08-31,DXV,0.8085106382978723,0.23936170212765956,36142800.0,0.020654746582560658,-0.050000000000000044,-0.03855421686746985
17,2023-08-31,EIB,0.11702127659574468,0.9095744680851063,223953500000.0,0.0278634876560192,0.15573302909298348,0.24984577421344856
17,2023-08-31,GVR,0.22340425531914893,0.7234042553191489,59320500000.0,0.027710421892574076,0.002390057361376652,0.21424435437174294
17,2023-08-31,HAG,0.3723404255319149,0.7446808510638298,187764500000.0,0.03362967322913071,0.03146067415730336,0.12224938875305624
17,2023-08-31,HAR,0.5531914893617021,0.36170212765957444,5819000000.0,0.029744845309009584,-0.03541666666666665,-0.01698513800424628
17,2023-08-31,HBC,0.425531914893617,0.7074468085106382,36378500000.0,0.028889400360014455,0.006036217303822866,0.13636363636363646
17,2023-08-31,HNG,0.6063829787234043,0.4148936170212766,22617000000.0,0.0214627634485298,-0.04597701149425293,0.027227722772277252
17,2023-08-31,HPX,0.7659574468085106,0.9680851063829787,70347500000.0,0.04326979706081551,0.45319148936170217,0.5177777777777777
17,2023-08-31,HQC,0.4148936170212766,0.2712765957446809,89842000000.0,0.03158927426442822,-0.0393013100436681,-0.05982905982905984
17,2023-08-31,HSG,0.19148936170212766,0.8670212765957447,242782500000.0,0.026314050764296784,0.0691176470588235,0.25996533795493937
17,2023-08-31,HSL,0.2872340425531915,0.9468085106382979,3739000000.0,0.05382635806066143,0.39534883720930236,0.32879045996592837
17,2023-08-31,HTI,0.9148936170212766,0.6329787234042553,171257200.0,0.014681292938015041,0.020280811232449292,0.05144694533762051
17,2023-08-31,HTV,0.9361702127659575,0.5638297872340425,120000000.0,0.00845078205939596,0.025142857142857133,0.004479283314669624
17,2023-08-31,ICT,1.0,0.5372340425531915,222000000.0,0.01193294849246205,-0.011684518013631906,0.03571428571428581
17,2023-08-31,ITC,0.1276595744680851,0.13829787234042554,12791000000.0,0.030673322963539865,-0.10507246376811596,-0.03891050583657585
17,2023-08-31,JVC,0.5,0.26595744680851063,7182500000.0,0.027173334980172756,-0.051162790697674376,-0.021582733812949617
17,2023-08-31,KMR,0.20212765957446807,0.14893617021276595,936500000.0,0.023880027671241276,-0.05778894472361806,-0.07635467980295563
17,2023-08-31,LDG,0.07446808510638298,0.25,48695000000.0,0.033937678797089525,-0.13235294117647056,0.019193857965451144
17,2023-08-31,LGL,0.39361702127659576,0.648936170212766,3225000000.0,0.02955258323214137,0.03041825095057038,0.03831417624521083
17,2023-08-31,MHC,0.010638297872340425,0.9946808510638299,16778500000.0,0.039095394558862226,0.5220483641536273,1.0
17,2023-08-31,NAF,0.2127659574468085,0.9361702127659575,5939000000.0,0.028781028408452886,0.19851116625310183,0.29029385574354416
17,2023-08-31,NBB,0.3191489361702128,0.9202127659574468,12643000000.0,0.023552250795671033,0.10256410256410264,0.4726027397260273
17,2023-08-31,NCT,0.9893617021276596,0.5425531914893618,408500000.0,0.011075707436722157,-0.013293310463121766,0.03992166315155177
17,2023-08-31,NVT,0.723404255319149,0.2925531914893617,282500000.0,0.023406332705779458,-0.08997955010224945,0.021814006888633664
17,2023-08-31,OGC,0.0851063829787234,0.0425531914893617,16327500000.0,0.028123968676524298,-0.12568306010928965,-0.1208791208791209
17,2023-08-31,PAN,0.44680851063829785,0.5,38084000000.0,0.01958030197130931,-0.05371900826446274,0.19626865671641802
17,2023-08-31,PET,0.24468085106382978,0.7659574468085106,18629500000.0,0.027170674912352987,0.02071465561885044,0.20036540803897696
17,2023-08-31,PGC,0.9574468085106383,0.5425531914893618,672000000.0,0.008568545867863025,0.0056542810985460434,0.015497553017944643
17,2023-08-31,PHR,0.3617021276595745,0.5585106382978723,23756500000.0,0.019675688965873676,-0.026789541363051894,0.10406029662047178
17,2023-08-31,PIT,0.13829787234042554,0.9946808510638299,452500000.0,0.0564203498352253,0.5343915343915344,0.7261904761904763
17,2023-08-31,PTL,0.30851063829787234,0.3882978723404255,1962500000.0,0.029116377676493863,-0.0495495495495496,0.024271844660194164
17,2023-08-31,PVD,0.46808510638297873,0.6542553191489362,101781000000.0,0.019084337446743118,0.012195121951219523,0.07870036101083033
17,2023-08-31,QBS,0.10638297872340426,0.19680851063829788,4121000000.0,0.028391927915217847,-0.043771043771043794,-0.10126582278481011
17,2023-08-31,QCG,0.02127659574468085,0.9095744680851063,16263000000.0,0.040352526352557545,0.14155251141552516,0.26008064516129026
17,2023-08-31,SCR,0.5425531914893617,0.6063829787234043,66817500000.0,0.026277392247030965,0.0034883720930232176,0.06543209876543199
17,2023-08-31,SFG,0.8297872340425532,0.30851063829787234,41355400.0,0.021169342640637988,-0.03797468354430378,-0.0330788804071247
17,2023-08-31,SFI,0.7978723404255319,0.48404255319148937,284000000.0,0.02339879948290196,0.00891818534315636,-0.019593067068575776
17,2023-08-31,SGN,0.8936170212765957,0.4308510638297872,804000000.0,0.00783524201876934,-0.023861806470502178,0.0066425120772946045
17,2023-08-31,SHA,0.6808510638297872,0.7978723404255319,886500000.0,0.03124482954631225,0.06345733041575485,0.125
17,2023-08-31,SKG,0.06382978723404255,0.2180851063829787,17534000000.0,0.024547791668092143,-0.040155440414507804,-0.08462013588634976
17,2023-08-31,SRF,0.648936170212766,0.5425531914893617,22191950.0,0.024981713074861488,0.05726872246696035,-0.029322548028311468
17,2023-08-31,ST8,0.1702127659574468,0.324468085106383,2055000000.0,0.027692662424676967,-0.011261261261261257,-0.08350730688935282
17,2023-08-31,STB,0.0425531914893617,0.8723404255319149,823662000000.0,0.025188043402262814,0.14160839160839167,0.18297101449275366
17,2023-08-31,STG,0.5319148936170213,0.4521276595744681,26940500.0,0.024574938922748115,0.027083333333333348,-0.06273764258555137
17,2023-08-31,TCR,0.925531914893617,0.4095744680851064,16057900.0,0.014997729060528531,-0.02452316076294281,-0.005555555555555536
17,2023-08-31,TDC,0.05319148936170213,0.06914893617021275,18219000000.0,0.026246800232777815,-0.16800000000000004,-0.0818619582664526
17,2023-08-31,TDG,0.1595744680851064,0.10638297872340426,2385000000.0,0.029867746746733707,-0.06015037593984962,-0.08536585365853655
17,2023-08-31,TLG,0.26595744680851063,0.6276595744680851,4028500000.0,0.016066523486382055,0.001700680272108901,0.08243633499606196
17,2023-08-31,TMT,0.40425531914893614,0.03723404255319149,177500000.0,0.017077113583389463,-0.10948905109489049,-0.17567567567567566
17,2023-08-31,TNI,0.6914893617021277,0.4042553191489362,1754000000.0,0.027591909547639605,-0.015243902439024404,-0.021212121212121238
17,2023-08-31,TNT,0.23404255319148937,0.7872340425531915,6348000000.0,0.03933522401259154,0.12244897959183665,0.0803571428571428
17,2023-08-31,TRC,0.8191489361702128,0.7074468085106382,821500000.0,0.02147166847932494,0.03396789846957815,0.07364341085271309
17,2023-08-31,TTA,0.5638297872340425,0.18085106382978725,9736000000.0,0.017514920079550095,-0.04932182490752146,-0.09187279151943462
17,2023-08-31,TTF,0.5159574468085106,0.42021276595744683,38033000000.0,0.02536115198694955,-0.0018214936247723523,-0.026642984014209614
17,2023-08-31,TVT,0.14893617021276595,0.05851063829787234,632000000.0,0.024520908126570238,-0.08877840909090906,-0.289196675900277
17,2023-08-31,VCB,0.6382978723404256,0.5319148936170213,120781000000.0,0.01160723883343261,-0.016409912926992676,0.05193409742120347
17,2023-08-31,VGC,0.2553191489361702,0.7021276595744681,45564000000.0,0.024514583854706617,0.016911216115394145,0.11874145006839942
17,2023-08-31,VID,0.8617021276595744,0.7234042553191489,399500000.0,0.023078440685334295,0.05909090909090908,0.06636155606407312
17,2023-08-31,VJC,0.776595744680851,0.4148936170212766,88689000000.0,0.011438271319278817,-0.029733556442270603,0.008293204922418473
17,2023-08-31,VMD,0.6595744680851063,0.1702127659574468,371500000.0,0.00923413286600082,-0.04764542936288085,-0.1387775551102205
17,2023-08-31,VNG,0.8829787234042553,0.2978723404255319,315500000.0,0.01375654064488168,-0.050793650793650835,-0.01211453744493396
17,2023-08-31,VOS,0.4787234042553192,0.26595744680851063,19071500000.0,0.02409972663197959,-0.047945205479452024,-0.036395147313691534
17,2023-08-31,VPD,0.8723404255319149,0.15957446808510636,104000000.0,0.014692507995362496,-0.04968287526427062,-0.10189810189810189
17,2023-08-31,VPH,0.031914893617021274,0.9468085106382979,8242000000.0,0.033319679189512334,0.1311258278145695,0.5612431444241317
17,2023-08-31,VPI,0.7021276595744681,0.19148936170212766,42867000000.0,0.014104484764899016,-0.05161719096145323,-0.06364829396325455
17,2023-08-31,VPS,0.6702127659574468,0.44680851063829785,58158700.0,0.021177331106061657,-0.052631578947368474,0.10400000000000009
17,2023-08-31,VRC,0.48936170212765956,0.7074468085106382,1111500000.0,0.03160748818105472,0.10000000000000009,0.028037383177569986
17,2023-08-31,VRE,0.3404255319148936,0.8085106382978724,226942000000.0,0.025222756467450255,0.0667152752460809,0.12625096227867583
17,2023-08-31,VTO,0.6170212765957447,0.5531914893617021,4750500000.0,0.017884089932082074,-0.01464713715046606,0.05563480741797422
18,2023-09-29,AAM,0.8804347826086957,0.4945652173913043,107000000.0,0.02136198563576471,-0.036363636363636376,-0.013712047012732653
18,2023-09-29,ASM,0.10869565217391304,0.23369565217391305,52337500000.0,0.02737329720322092,-0.07880133185349614,-0.12997903563941304
18,2023-09-29,ASP,0.8695652173913043,0.5815217391304348,531000000.0,0.017684067172311482,-0.0016694490818029983,-0.03858520900321538
18,2023-09-29,AST,0.9782608695652174,0.5054347826086957,361000000.0,0.011941948763555229,-0.030090497737556565,-0.023684809838305676
18,2023-09-29,BKG,0.6521739130434783,0.30434782608695654,933000000.0,0.011719974506241328,-0.08114035087719296,-0.0647321428571429
18,2023-09-29,BMP,0.2826086956521739,0.40760869565217395,25861500000.0,0.025393025427946008,-0.03587716631194893,-0.06016597510373445
18,2023-09-29,BTP,0.8152173913043478,0.3532608695652174,379500000.0,0.01741820588917682,-0.07628524046434493,-0.05352591333899748
18,2023-09-29,BWE,0.7065217391304348,0.5978260869565217,9320000000.0,0.009359696304268344,-0.057121288374433865,0.05371203599550056
18,2023-09-29,CCL,0.2608695652173913,0.5054347826086957,2972500000.0,0.030678563488936016,-0.0834670947030498,0.032549728752260476
18,2023-09-29,CIG,0.29347826086956524,0.46739130434782605,2296000000.0,0.028403024763277388,-0.0889487870619946,0.01807228915662651
18,2023-09-29,CLC,0.8478260869565217,0.7173913043478262,161500000.0,0.00876613195076198,0.01738808731039576,0.0029175784099197966
18,2023-09-29,CLL,0.6304347826086957,0.9239130434782609,1571500000.0,0.023752063342402242,0.0897774424745379,0.14642857142857135
18,2023-09-29,CSM,0.9130434782608695,0.3532608695652174,292000000.0,0.00894309723366412,-0.051968503937007915,-0.08231707317073167
18,2023-09-29,CTI,0.391304347826087,0.5217391304347827,11370500000.0,0.02694274914582724,-0.03505007153075823,-0.013167520117044584
18,2023-09-29,DAH,0.6739130434782609,0.7010869565217391,5066000000.0,0.01470359074086597,0.002096436058700135,0.017021276595744705
18,2023-09-29,DCL,0.9021739130434783,0.4945652173913043,2126000000.0,0.009273007522063097,-0.01521739130434785,-0.05427974947807934
18,2023-09-29,DCM,0.40217391304347827,0.9510869565217391,162409500000.0,0.026954165444640712,0.07763975155279512,0.3057384760112889
18,2023-09-29,DGW,0.3695652173913043,0.8369565217391304,132661000000.0,0.030094082670568824,-0.005236848369435831,0.33856502242152464
18,2023-09-29,DHC,0.41304347826086957,0.9184782608695652,23420000000.0,0.029603669722540242,0.12086277426552616,0.1352165725047081
18,2023-09-29,DLG,0.16304347826086957,0.1576086956521739,10969000000.0,0.029346014527784566,-0.14657980456026054,-0.11486486486486491
18,2023-09-29,DMC,0.7934782608695652,0.7826086956521738,581000000.0,0.01844627205665912,-0.009239747122710362,0.160653247246487
18,2023-09-29,DQC,0.6195652173913043,0.5489130434782609,595000000.0,0.017290601232947202,-0.007799442896935904,-0.046063202999464425
18,2023-09-29,DSN,0.8913043478260869,0.6521739130434783,811500000.0,0.005048296308932289,0.007455507455507382,-0.01827982188891497
18,2023-09-29,DTA,0.6413043478260869,0.6413043478260869,227679500.0,0.015235722089205924,-0.0368421052631579,0.10240963855421681
18,2023-09-29,DTL,0.13043478260869565,0.17391304347826086,8899000.0,0.01360614033223737,-0.07627118644067798,-0.36811594202898545
18,2023-09-29,DXV,0.5978260869565217,0.33695652173913043,35575200.0,0.015085249723871664,-0.055276381909547756,-0.08958837772397099
18,2023-09-29,EIB,0.30434782608695654,0.43478260869565216,194058500000.0,0.029568872308853383,-0.16328600405679516,0.04828462515883092
18,2023-09-29,GVR,0.2717391304347826,0.42391304347826086,90783500000.0,0.036661370050369936,-0.057905337361530695,-0.030067392431311513
18,2023-09-29,HAG,0.22826086956521738,0.22282608695652173,127858000000.0,0.025979615141704306,-0.13258426966292136,-0.0665054413542926
18,2023-09-29,HAR,0.32608695652173914,0.10326086956521739,2343500000.0,0.02839211405460965,-0.17391304347826086,-0.13832199546485258
18,2023-09-29,HBC,0.11956521739130435,0.08152173913043478,19291500000.0,0.025999444624513104,-0.18606965174129353,-0.14613778705636749
18,2023-09-29,HNG,0.358695652173913,0.3967391304347826,13380500000.0,0.017711661747304284,-0.07317073170731703,-0.0330788804071247
18,2023-09-29,HQC,0.1793478260869565,0.19565217391304346,31257000000.0,0.026885985026363843,-0.11954022988505753,-0.10514018691588789
18,2023-09-29,HSG,0.03260869565217391,0.8695652173913043,330880000000.0,0.0379053245773404,0.015363128491620026,0.1976935749588138
18,2023-09-29,HSL,0.45652173913043476,0.9619565217391304,2379500000.0,0.04207592769136466,0.06359102244389025,0.5204991087344029
18,2023-09-29,HTI,0.8586956521739131,0.5163043478260869,152252250.0,0.022890903091789254,-0.023622047244094446,-0.029733959311424085
18,2023-09-29,HTV,0.782608695652174,0.8369565217391304,81500000.0,0.01419835206462867,0.04161979752530942,0.03695408734602457
18,2023-09-29,ICT,0.967391304347826,0.6358695652173914,226000000.0,0.009451418022740146,-0.014836795252225476,0.01632653061224487
18,2023-09-29,ITC,0.06521739130434782,0.15760869565217392,7419000000.0,0.030195822002400143,-0.11885245901639341,-0.14342629482071712
18,2023-09-29,JVC,0.1956521739130435,0.19021739130434784,3350500000.0,0.021886312453612482,-0.11822660098522164,-0.12039312039312056
18,2023-09-29,KMR,0.5108695652173914,0.2608695652173913,356000000.0,0.014600799811692489,-0.07027027027027022,-0.12690355329949243
18,2023-09-29,LDG,0.08695652173913043,0.043478260869565216,27066500000.000004,0.027221724270241276,-0.23106060606060608,-0.19284294234592447
18,2023-09-29,LGL,0.33695652173913043,0.19021739130434784,1632500000.0,0.033230273109887055,-0.206831119544592,-0.058558558558558516
18,2023-09-29,MHC,0.043478260869565216,0.5054347826086957,11280500000.0,0.04468568936525333,-0.2519011406844106,0.7334801762114538
18,2023-09-29,NAF,0.5434782608695652,0.6847826086956521,3172500000.0,0.021487328501287928,-0.03576642335766422,0.14273356401384074
18,2023-09-29,NBB,0.25,0.5815217391304348,10658500000.0,0.031245752104092632,-0.1169724770642202,0.2962962962962963
18,2023-09-29,NCT,0.9565217391304348,0.6358695652173914,429000000.0,0.007893914152594774,-0.0056431775430473285,-0.0002909514111143485
18,2023-09-29,NVT,0.5543478260869565,0.46195652173913043,85500000.0,0.017042862282660193,-0.05084745762711862,-0.02665121668597914
18,2023-09-29,OGC,0.05434782608695652,0.03260869565217391,8477000000.0,0.02711652165807133,-0.22560202788339667,-0.2777777777777778
18,2023-09-29,PAN,0.42391304347826086,0.46195652173913043,46278500000.0,0.022658367202645684,-0.06246056782334386,-0.007348029392117539
18,2023-09-29,PET,0.5,0.6847826086956521,27337500000.0,0.03135277850192245,-0.026370217166494347,0.07293447293447297
18,2023-09-29,PGC,0.8260869565217391,0.7989130434782609,883000000.0,0.011954781171835545,0.022562449637389292,0.03507340946166404
18,2023-09-29,PHR,0.532608695652174,0.5706521739130435,26489500000.0,0.026071755690377146,-0.02050367728994873,-0.004755434782608647
18,2023-09-29,PIT,0.3804347826086957,0.5978260869565217,179075900.0,0.03614724842001298,-0.11784897025171626,0.5117647058823529
18,2023-09-29,PTL,0.8043478260869565,0.9619565217391304,8040000000.0,0.05359215780146924,0.334916864608076,0.2600896860986548
18,2023-09-29,PVD,0.5217391304347826,0.75,127662500000.0,0.02469666714932674,0.027891156462585,0.011378848728246238
18,2023-09-29,QBS,0.2391304347826087,0.3695652173913043,3006000000.0,0.029872912681240434,-0.03597122302158273,-0.08843537414965985
18,2023-09-29,QCG,0.010869565217391304,0.8152173913043478,23945500000.0,0.05448333178036677,-0.012820512820512775,0.3508771929824561
18,2023-09-29,SCR,0.1793478260869565,0.22282608695652176,39128500000.0,0.02680817383972472,-0.12941176470588234,-0.07499999999999996
18,2023-09-29,SFG,0.6847826086956522,0.7934782608695652,257500000.0,0.03576662436690564,0.04066073697585759,0.018656716417910557
18,2023-09-29,SFI,0.9456521739130435,0.5108695652173914,244000000.0,0.007605850653311994,-0.016551193225558092,-0.0412757973733584
18,2023-09-29,SGN,0.9347826086956522,0.5163043478260869,645500000.0,0.006772448744250096,-0.02918838421444525,-0.019846639603067207
18,2023-09-29,SHA,0.7717391304347826,0.5108695652173914,181000000.0,0.012402182235377852,-0.09696969696969693,0.04683840749414525
18,2023-09-29,SKG,0.15217391304347827,0.17391304347826086,11162000000.0,0.022403470225133084,-0.0789106145251397,-0.25056818181818186
18,2023-09-29,SRF,0.7608695652173914,0.6630434782608696,346873400.0,0.03600153001049359,-0.005296610169491567,0.015135135135135203
18,2023-09-29,ST8,0.08695652173913043,0.05434782608695652,3673500000.0,0.027961747040819544,-0.17361111111111116,-0.280241935483871
18,2023-09-29,STB,0.021739130434782608,0.5543478260869565,722310000000.0,0.018555695091659483,-0.056923076923076965,0.025083612040133874
18,2023-09-29,TCR,0.7282608695652174,0.5706521739130435,20722750.0,0.026093387522311978,0.00561797752808979,-0.0554089709762533
18,2023-09-29,TDC,0.08695652173913043,0.05434782608695652,8940000000.0,0.027882111934214776,-0.1908856405846947,-0.21583333333333332
18,2023-09-29,TDG,0.34782608695652173,0.30434782608695654,1801000000.0,0.027381754146802006,-0.0668449197860963,-0.09350649350649354
18,2023-09-29,TLG,0.6086956521739131,0.41847826086956524,4144000000.0,0.016681224419993097,-0.015992003998001048,-0.09782359679266894
18,2023-09-29,TMT,0.6956521739130435,0.4565217391304348,180270500.0,0.020729857326631053,0.016901408450704203,-0.17954545454545456
18,2023-09-29,TNI,0.44565217391304346,0.2934782608695652,862500000.0,0.01940228910924981,-0.11585365853658536,-0.058441558441558406
18,2023-09-29,TNT,0.21195652173913043,0.5054347826086957,4619500000.0,0.03871224810806222,-0.12191103789126856,0.13163481953290868
18,2023-09-29,TRC,0.7391304347826086,0.8641304347826086,796644800.0,0.02480546464318205,0.02714134649277411,0.11009523809523802
18,2023-09-29,TTA,0.5869565217391305,0.6793478260869565,5317000000.0,0.018727438520680716,0.011658031088082943,-0.005095541401273884
18,2023-09-29,TTF,0.14130434782608695,0.13043478260869565,17494500000.0,0.02497960618805397,-0.15055762081784385,-0.13446969696969702
18,2023-09-29,TVT,0.5652173913043478,0.5163043478260869,432000000.0,0.011200957004270564,0.06474820143884896,-0.16015132408575028
18,2023-09-29,VCB,0.4782608695652174,0.5978260869565217,132232500000.0,0.01145641480840855,-0.018045624787197845,0.012818261633011474
18,2023-09-29,VGC,0.4891304347826087,0.8423913043478262,57914000000.0,0.03184615049801063,0.025660569105691033,0.06714247951361352
18,2023-09-29,VID,0.8369565217391305,0.7255434782608696,308500000.0,0.014702796267810936,0.0,0.028953229398663627
18,2023-09-29,VJC,0.5760869565217391,0.8260869565217391,112193000000.0,0.014473368647991251,0.02482221924057426,0.052936311000827185
18,2023-09-29,VMD,1.0,0.3695652173913043,270500000.0,0.006400746744117362,-0.028504944735311177,-0.11075612353567621
18,2023-09-29,VNG,0.9891304347826086,0.3804347826086957,230500000.0,0.00493725477642604,-0.01452513966480451,-0.14368932038834947
18,2023-09-29,VOS,0.4673913043478261,0.8369565217391304,38233500000.0,0.03395052296602935,0.1621112158341187,0.01900826446281001
18,2023-09-29,VPD,0.9239130434782609,0.5271739130434783,138173800.0,0.009698547286034363,0.0044868199663488095,-0.0810672139558748
18,2023-09-29,VPH,0.21195652173913043,0.5760869565217391,6770500000.0,0.04309500997464873,-0.11453201970443339,0.19237147595356552
18,2023-09-29,VPI,0.6630434782608695,0.6413043478260869,44687000000.0,0.012465685018696491,-0.01495201963847359,0.017285088730122133
18,2023-09-29,VPS,0.75,0.5733695652173914,38444150.0,0.02296846818417699,0.0,-0.050000000000000044
18,2023-09-29,VRC,0.43478260869565216,0.16304347826086957,460000000.0,0.025634404413878056,-0.15576923076923077,-0.09948717948717944
18,2023-09-29,VRE,0.31521739130434784,0.28260869565217395,139197500000.0,0.01963610522712292,-0.12099023709902368,-0.05082831325301207
18,2023-09-29,VTO,0.717391304347826,0.7663043478260869,6145500000.0,0.015422696797763641,0.013736263736263687,0.032167832167832255
19,2023-11-01,AAM,0.5416666666666666,0.43229166666666663,88518300.0,0.03405926462527714,-0.10526315789473684,-0.12609117361784672
19,2023-11-01,ASM,0.09375,0.11979166666666666,18062500000.0,0.029129663849519715,-0.19810201660735471,-0.3123092573753815
19,2023-11-01,ASP,0.6145833333333334,0.41666666666666663,210500000.0,0.0193647024735819,-0.0893470790378007,-0.16535433070866146
19,2023-11-01,AST,0.875,0.796875,268000000.0,0.023714991454551696,-0.005213270142180093,-0.06294642857142863
19,2023-11-01,BKG,0.4791666666666667,0.5572916666666667,1179000000.0,0.04065846686261715,-0.04784688995215314,-0.1385281385281385
19,2023-11-01,BMP,0.4375,0.6197916666666666,19462000000.0,0.024401015005866975,-0.04962381943332794,-0.10059081957279203
19,2023-11-01,BTP,0.8333333333333334,0.7083333333333334,53779500.0,0.0163194832942169,-0.032315978456014416,-0.0658578856152513
19,2023-11-01,BWE,0.8125,0.6666666666666666,9898000000.0,0.0076657455532994564,-0.062383859835412836,-0.059387483355526016
19,2023-11-01,CCI,0.22916666666666666,0.9010416666666666,34970650.0,0.05295500694437007,0.08417266187050365,-0.041348600508905875
19,2023-11-01,CCL,0.53125,0.5052083333333334,676000000.0,0.027080302578115407,-0.06272401433691754,-0.15372168284789645
19,2023-11-01,CIG,0.4583333333333333,0.328125,809000000.0,0.024877535164549307,-0.11463046757164408,-0.22251655629139078
19,2023-11-01,CLC,1.0,0.890625,175772850.0,0.013500720765879031,-0.0029006526468455807,0.0
19,2023-11-01,CLL,0.9375,0.6666666666666666,339000000.0,0.014260869328854535,-0.0970578288806222,0.007167106752169028
19,2023-11-01,CSM,0.7916666666666666,0.5677083333333334,89560900.0,0.014967304285172135,-0.047775947281713305,-0.1347305389221557
19,2023-11-01,CTI,0.3020833333333333,0.39583333333333337,6271500000.0,0.02529872615805889,-0.09084406294706726,-0.1842105263157895
19,2023-11-01,DAH,0.40625,0.11979166666666667,1597500000.0,0.02416873540218896,-0.20128479657387577,-0.302803738317757
19,2023-11-01,DCL,0.84375,0.7239583333333334,2946500000.0,0.00975961190097536,-0.008810572687224627,-0.092741935483871
19,2023-11-01,DCM,0.3645833333333333,0.3854166666666667,182975000000.0,0.03501085279807955,-0.19993256911665547,-0.06977655821246564
19,2023-11-01,DGW,0.19791666666666666,0.234375,100390500000.0,0.03876443959495209,-0.19885372539247448,-0.20754251910278532
19,2023-11-01,DHC,0.23958333333333334,0.4895833333333333,15755500000.0,0.023351692485622914,-0.14658634538152615,-0.04672897196261683
19,2023-11-01,DLG,0.052083333333333336,0.052083333333333336,6714000000.0,0.04122325986279475,-0.19999999999999996,-0.4285714285714286
19,2023-11-01,DMC,0.9479166666666666,0.75,230000000.0,0.013425555733763998,-0.06380890052356025,0.014179369018078702
19,2023-11-01,DQC,0.5729166666666666,0.22916666666666669,516000000.0,0.02470527050115383,-0.13941176470588235,-0.27177700348432055
19,2023-11-01,DSN,0.90625,0.8177083333333334,885500000.0,0.0064657444119526454,-0.022439723084268337,-0.040309350831966295
19,2023-11-01,DTA,0.2708333333333333,0.24479166666666669,98899200.0,0.03828917268435238,-0.14141414141414144,-0.25810473815461343
19,2023-11-01,DTL,0.6354166666666666,0.015625,5791500.0,0.03013635772090572,-0.3211009174311926,-0.43511450381679384
19,2023-11-01,DXV,0.59375,0.671875,14751600.0,0.031943020783954786,0.010958904109588996,-0.14186046511627903
19,2023-11-01,EIB,0.2604166666666667,0.6614583333333334,85944000000.0,0.02266161586380719,0.011553273427471034,-0.15541264737406213
19,2023-11-01,GTA,0.71875,0.875,36220500.0,0.05119374324957124,-0.02519244226731976,0.03723008190618016
19,2023-11-01,GVR,0.14583333333333334,0.3125,58510500000.0,0.03443977424498101,-0.11277391769107425,-0.23783287419651056
19,2023-11-01,HAG,0.5208333333333334,0.7578125,89379000000.0,0.030361718535371444,0.05699481865284972,-0.11111111111111116
19,2023-11-01,HAR,0.4270833333333333,0.44270833333333337,1219500000.0,0.03397472722164273,-0.025352112676056304,-0.33461538461538465
19,2023-11-01,HBC,0.041666666666666664,0.11458333333333334,8120500000.0,0.030514035264018476,-0.1700507614213198,-0.3771428571428571
19,2023-11-01,HNG,0.16145833333333334,0.328125,7095000000.0,0.020732816245076963,-0.1105263157894737,-0.23702031602708806
19,2023-11-01,HQC,0.08333333333333333,0.11979166666666667,18288500000.0,0.03626756154418064,-0.15512465373961215,-0.4019607843137255
19,2023-11-01,HSG,0.4166666666666667,0.6041666666666666,145887000000.0,0.035035233831596825,-0.07343412526997839,-0.06806661839246919
19,2023-11-01,HSL,0.7395833333333334,0.9166666666666667,1240000000.0,0.03564570788240032,-0.005924170616113722,0.31298904538341166
19,2023-11-01,HTI,0.8020833333333334,0.9010416666666667,140635600.0,0.030622812152753098,-0.0023346303501945442,0.003129890453834161
19,2023-11-01,HTV,0.921875,0.71875,24395500.0,0.01301380675574194,-0.05032822757111599,-0.04194260485651213
19,2023-11-01,ICT,0.8854166666666666,0.734375,431500000.0,0.01991245007727786,-0.015243902439024404,-0.08064516129032262
19,2023-11-01,ITC,0.17708333333333334,0.10416666666666667,2486000000.0,0.029210371976022335,-0.1733990147783251,-0.39856630824372763
19,2023-11-01,JVC,0.3333333333333333,0.18229166666666669,1028000000.0,0.021591511865133462,-0.1420289855072464,-0.31162790697674414
19,2023-11-01,KMR,0.6875,0.734375,208000000.0,0.021056661666527327,0.044378698224851965,-0.1197007481296758
19,2023-11-01,LDG,0.4479166666666667,0.13541666666666669,6543500000.0,0.029537210772794233,-0.13624678663239076,-0.4666666666666667
19,2023-11-01,LGL,0.3229166666666667,0.32291666666666663,829000000.0,0.035202147026923425,-0.0788177339901478,-0.31123388581952116
19,2023-11-01,MHC,0.11458333333333333,0.5260416666666666,3522500000.0,0.03907723588758226,-0.07958921694480103,-0.10820895522388052
19,2023-11-01,NAF,0.3854166666666667,0.6927083333333334,3108000000.0,0.016878189268269318,-0.07087227414330222,-0.030081300813008083
19,2023-11-01,NBB,0.375,0.90625,3707500000.0,0.035241812273189996,0.03703703703703698,-0.02970297029702973
19,2023-11-01,NCT,0.8958333333333334,0.7395833333333333,526500000.0,0.00710890428683289,-0.03073320649787792,-0.06269459382960652
19,2023-11-01,NVT,0.3958333333333333,0.390625,25135300.0,0.021587128003459986,-0.08424908424908417,-0.23469387755102045
19,2023-11-01,OGC,0.020833333333333332,0.671875,7132500000.0,0.050475170403599785,0.24131944444444442,-0.22028353326063255
19,2023-11-01,PAN,0.16145833333333334,0.34895833333333337,21724000000.0,0.0237854973190419,-0.08943661971830985,-0.24650349650349646
19,2023-11-01,PET,0.07291666666666667,0.21875,10906000000.0,0.03215977907399724,-0.1677160847166571,-0.24702226825479023
19,2023-11-01,PGC,0.6666666666666666,0.42708333333333337,407000000.0,0.016367828846212726,-0.11039484286865431,-0.12450436161776368
19,2023-11-01,PHR,0.28125,0.4375,19232000000.0,0.02664211180041417,-0.08587130753377603,-0.1540580631489722
19,2023-11-01,PIT,0.4895833333333333,0.9427083333333333,106138450.0,0.047586047710696085,0.012482662968099856,0.1265432098765431
19,2023-11-01,PTL,0.3125,0.22395833333333334,1859000000.0,0.03666915419533673,-0.29798903107861063,-0.1578947368421053
19,2023-11-01,PVD,0.75,0.765625,209970000000.0,0.034367326692219195,-0.02951039570757885,-0.046143704680290054
19,2023-11-01,QBS,0.3541666666666667,0.24479166666666666,683000000.0,0.029137401514460273,-0.12244897959183676,-0.2996742671009772
19,2023-11-01,QCG,0.25,0.47916666666666663,8221000000.0,0.04432040508101339,-0.107981220657277,-0.10377358490566035
19,2023-11-01,SCR,0.10416666666666667,0.17708333333333331,13174500000.0,0.029021894149836337,-0.14163090128755362,-0.32810750279955203
19,2023-11-01,SFG,0.46875,0.421875,31464400.0,0.024210967425261447,-0.11195928753180662,-0.12090680100755669
19,2023-11-01,SFI,0.8645833333333334,0.8177083333333333,73625800.0,0.006188284068235944,-0.02316450726344721,-0.03528499418379216
19,2023-11-01,SGN,0.9791666666666666,0.578125,1014500000.0,0.012587998885507896,-0.0695057034220532,-0.09241952232606443
19,2023-11-01,SHA,0.625,0.78125,37885950.0,0.02577456529969714,-0.028508771929824595,-0.04525862068965514
19,2023-11-01,SKG,0.03125,0.234375,4889000000.0,0.027729204097495127,-0.13301282051282048,-0.29740259740259745
19,2023-11-01,SRC,0.7083333333333334,1.0,581000000.0,0.049399844976533325,0.27791718946047683,0.5573394495412844
19,2023-11-01,SRF,0.5,0.2552083333333333,195272300.0,0.019985787219827935,-0.19288793103448276,-0.1742006615214995
19,2023-11-01,ST8,0.6458333333333334,0.484375,2169000000.0,0.015565633783831093,-0.02857142857142858,-0.2640692640692641
19,2023-11-01,STB,0.010416666666666666,0.5572916666666666,468035000000.0,0.025804710490670166,-0.08443708609271527,-0.07986688851913482
19,2023-11-01,TCR,0.5520833333333334,0.5130208333333333,34126750.0,0.03152906860450055,-0.08235294117647063,-0.11111111111111116
19,2023-11-01,TDC,0.0625,0.21354166666666669,3204000000.0,0.03904845115456583,-0.10490307867730897,-0.41722345953971784
19,2023-11-01,TDG,0.6041666666666666,0.484375,362500000.0,0.02233997129079258,-0.056213017751479244,-0.2123456790123457
19,2023-11-01,TLG,0.9583333333333334,0.5625,1719500000.0,0.009793361894900194,-0.05668874172185434,-0.11965389369592094
19,2023-11-01,TMT,0.5729166666666666,0.25,237278750.0,0.021906925522862223,-0.14206128133704732,-0.2432432432432432
19,2023-11-01,TNI,0.5729166666666666,0.27083333333333337,326500000.0,0.01754493913346899,-0.13194444444444442,-0.25373134328358204
19,2023-11-01,TNT,0.2916666666666667,0.17708333333333331,1549500000.0,0.03082109286374237,-0.19183673469387752,-0.2639405204460966
19,2023-11-01,TRC,0.9895833333333334,0.7916666666666667,115000000.0,0.015125250114241755,-0.04399030135088322,-0.0036101083032491488
19,2023-11-01,TTA,0.7291666666666666,0.6822916666666667,6333500000.0,0.025133528777223465,-0.03899371069182389,-0.07168894289185901
19,2023-11-01,TTF,0.125,0.19270833333333334,6063000000.0,0.024596094353995734,-0.12616822429906538,-0.3495652173913043
19,2023-11-01,TVT,0.96875,0.703125,141198450.0,0.010357927157470876,-0.009209516500383708,-0.10595567867036015
19,2023-11-01,VCB,0.7708333333333334,0.8854166666666666,76725500000.0,0.011055789823040046,0.01740200386711188,-0.03307718008686933
19,2023-11-01,VCF,0.921875,0.7447916666666667,65500000.0,0.012418182524065341,-0.0315556135089321,-0.04733196511031301
19,2023-11-01,VGC,0.34375,0.609375,62752000000.0,0.03958330405355711,-0.0758971871968962,-0.06524405199901884
19,2023-11-01,VID,0.78125,0.7552083333333334,52045600.0,0.02516415461381792,-0.05217391304347829,-0.015801354401805856
19,2023-11-01,VJC,0.6770833333333334,0.9635416666666667,92291000000.0,0.021938986276712254,0.07843137254901955,0.024496044909415593
19,2023-11-01,VMD,0.13541666666666666,0.140625,830000000.0,0.03636511434909978,-0.2601809954751131,-0.25850340136054417
19,2023-11-01,VNG,0.8229166666666666,0.5416666666666666,60500000.0,0.01745789344074606,-0.06477272727272732,-0.11505376344086027
19,2023-11-01,VOS,0.20833333333333334,0.09375,29979000000.0,0.040532390752412016,-0.3062240663900415,-0.3090909090909091
19,2023-11-01,VPD,0.8541666666666666,0.65625,201782850.0,0.025933363777742614,-0.044296788482835026,-0.08240297713981926
19,2023-11-01,VPH,0.1875,0.078125,2497500000.0,0.03298733605488148,-0.2435897435897436,-0.3395522388059701
19,2023-11-01,VPI,0.65625,0.90625,44708500000.0,0.010713650603800652,0.02287282708142735,-0.01843722563652328
19,2023-11-01,VPS,0.7604166666666666,0.7135416666666666,39459450.0,0.03217155396896409,-0.03389830508474578,-0.06338028169014087
19,2023-11-01,VRC,0.5104166666666666,0.109375,175500000.0,0.02500828368537671,-0.18657565415244592,-0.3529411764705882
19,2023-11-01,VRE,0.21875,0.2552083333333333,90406500000.0,0.026621485870007858,-0.1595092024539877,-0.23329835606855542
19,2023-11-01,VTO,0.6979166666666666,0.609375,3918000000.0,0.021340274301569626,-0.06043956043956045,-0.0916334661354582
20,2023-12-01,AAM,0.5520833333333334,0.4270833333333333,45502800.0,0.02868850600250879,0.014639639639639546,-0.1459715639810426
20,2023-12-01,ASM,0.16666666666666666,0.4635416666666667,13847500000.0,0.0157700378755892,0.04189944134078205,-0.18291347207009856
20,2023-12-01,ASP,0.5,0.16145833333333331,343500000.0,0.009248868513035195,-0.061111111111111116,-0.18879999999999997
20,2023-12-01,AST,0.375,0.1875,898500000.0,0.02281466256653824,-0.11877394636015326,-0.15480018373909055
20,2023-12-01,BKG,0.9583333333333334,0.6822916666666667,269500000.0,0.012466839808170328,0.04854368932038833,-0.07494646680942185
20,2023-12-01,BMP,0.6770833333333334,0.8020833333333333,29108500000.0,0.024475325603290382,0.06286594761171016,-0.024741976530467946
20,2023-12-01,BTP,0.5416666666666666,0.90625,485000000.0,0.022301500253747816,0.1591337099811676,-0.010450160771704131
20,2023-12-01,BWE,0.8333333333333334,0.3489583333333333,3568500000.0,0.008131711629547974,-0.03082095825161113,-0.10781532112458081
20,2023-12-01,CCI,0.5208333333333334,0.7916666666666666,16072100.0,0.035695280948273435,0.029860650298606517,0.09218859957776204
20,2023-12-01,CCL,0.53125,0.5416666666666666,1019000000.0,0.017708157201686423,0.05719557195571956,-0.16105417276720346
20,2023-12-01,CIG,0.46875,0.7708333333333334,820500000.0,0.025036675423411706,0.20353982300884965,-0.10408432147562585
20,2023-12-01,CLC,0.9479166666666666,0.6614583333333333,242639100.0,0.008348219315872063,0.011636363636363667,0.02770594754340605
20,2023-12-01,CLL,0.8125,0.5755208333333334,193500000.0,0.01714356743332375,0.0,-0.02617801047120416
20,2023-12-01,CSM,0.578125,0.47916666666666663,82786750.0,0.008980852185774829,-0.0034752389226759828,-0.08386581469648557
20,2023-12-01,CTI,0.625,0.5052083333333333,6966500000.0,0.014516993042847452,0.016936104695919996,-0.09952283571915477
20,2023-12-01,DAH,0.40625,0.5520833333333334,1369000000.0,0.00998896535380162,0.05037783375314864,-0.1489795918367347
20,2023-12-01,DCL,0.921875,0.5625,1920500000.0,0.005427038381290569,-0.002192982456140302,-0.02777777777777779
20,2023-12-01,DCM,0.7083333333333334,0.765625,105377500000.0,0.022434031149407688,0.0922271445831655,-0.05472289996514468
20,2023-12-01,DGW,0.2604166666666667,0.65625,64044000000.0,0.028158611160046292,0.10043668122270732,-0.1258094357076781
20,2023-12-01,DHC,0.3645833333333333,0.22395833333333334,6318500000.0,0.013039046632243728,-0.05980427691192458,-0.15062213490504262
20,2023-12-01,DLG,0.052083333333333336,0.44791666666666663,7042000000.0,0.026581714272472686,0.05741626794258381,-0.2482993197278912
20,2023-12-01,DMC,0.6458333333333334,0.390625,461000000.0,0.022096729400718065,-0.030758476057322626,-0.08782894736842106
20,2023-12-01,DQC,0.4791666666666667,0.421875,361500000.0,0.011405021066921504,0.05152394775036284,-0.24844398340248963
20,2023-12-01,DSN,0.921875,0.7604166666666667,1041500000.0,0.00646938694080329,0.032110091743119185,0.013033175355450233
20,2023-12-01,DTA,0.07291666666666667,0.010416666666666666,246500000.0,0.03337176760920044,-0.19262981574539362,-0.3756476683937824
20,2023-12-01,DTL,0.7395833333333334,0.13020833333333331,28394000.0,0.023889151277708402,-0.012903225806451646,-0.35443037974683544
20,2023-12-01,DXV,0.6354166666666666,0.4635416666666667,15089700.0,0.029402445419109913,-0.01319261213720313,-0.06499999999999995
20,2023-12-01,EIB,0.6875,0.46875,184299000000.0,0.023308502524732457,0.028117359413202925,-0.15349773527931554
20,2023-12-01,GVR,0.4270833333333333,0.734375,40292000000.0,0.020820643331552615,0.10873239436619708,-0.09641873278236912
20,2023-12-01,HAG,0.3958333333333333,1.0,233505500000.0,0.023365572483721,0.4390243902439024,0.2840043525571274
20,2023-12-01,HAR,0.4479166666666667,0.3697916666666667,1658000000.0,0.012080684366805343,0.024324324324324298,-0.22176591375770016
20,2023-12-01,HBC,0.15625,0.5208333333333334,8934500000.0,0.02739518328458514,0.10000000000000009,-0.2228855721393035
20,2023-12-01,HNG,0.4583333333333333,0.8072916666666667,6964500000.0,0.009383129574964124,0.11267605633802824,-0.05727923627684961
20,2023-12-01,HQC,0.13541666666666666,0.5989583333333334,30022500000.0,0.027220100795878333,0.15047021943573657,-0.20217391304347831
20,2023-12-01,HSG,0.3229166666666667,0.8802083333333333,291814500000.0,0.02769919023826522,0.11810466760961802,-0.011874999999999969
20,2023-12-01,HSL,0.75,0.7708333333333333,2398500000.0,0.02507175440545628,0.02863961813842475,0.07615480649188511
20,2023-12-01,HTI,0.7604166666666666,0.6666666666666667,60318300.0,0.029558933267608153,0.0279375513557929,-0.0324825986078886
20,2023-12-01,HTL,0.3125,0.2916666666666667,35842100.0,0.03885607276062399,-0.03181818181818186,-0.13677811550151975
20,2023-12-01,HTV,0.59375,0.6354166666666666,10486300.0,0.009031079521187245,0.008027522935779796,-0.010135135135135087
20,2023-12-01,ICT,1.0,0.4375,218500000.0,0.013137367572739755,-0.03830645161290325,-0.052631578947368474
20,2023-12-01,ITC,0.125,0.5104166666666666,4294000000.0,0.027774076819517737,0.0967032967032968,-0.22635658914728685
20,2023-12-01,JVC,0.4166666666666667,0.2760416666666667,1486500000.0,0.013295338759801321,0.0062893081761006275,-0.23444976076555024
20,2023-12-01,KMR,0.9791666666666666,0.5,131000000.0,0.00626414705001037,-0.0056022408963585235,-0.06824146981627299
20,2023-12-01,LDG,0.03125,0.046875,8995500000.0,0.027645614157474765,-0.052197802197802234,-0.3634686346863468
20,2023-12-01,LGL,0.3854166666666667,0.265625,594500000.0,0.022436967705612997,0.01781170483460559,-0.2766726943942134
20,2023-12-01,MHC,0.020833333333333332,0.5,6137500000.0,0.035134340579410665,0.12010796221322528,-0.27637314734088925
20,2023-12-01,NAF,0.90625,0.3020833333333333,1103000000.0,0.015548306733250191,-0.017073170731707332,-0.14859154929577467
20,2023-12-01,NBB,0.6041666666666666,0.5989583333333333,2919000000.0,0.01738693492322278,0.02970297029702973,-0.09170305676855894
20,2023-12-01,NCT,0.8854166666666666,0.7447916666666667,609500000.0,0.010178937895445519,0.029064620832103927,0.014988358556460968
20,2023-12-01,NVT,0.2916666666666667,0.3125,40422550.0,0.026349128499029442,-0.00666666666666671,-0.1629213483146067
20,2023-12-01,OGC,0.875,0.25,3760000000.0,0.015009028039536495,-0.04432132963988922,-0.14814814814814814
20,2023-12-01,PAN,0.4375,0.484375,21035500000.0,0.01531452748600095,0.04439428141459745,-0.16636636636636637
20,2023-12-01,PET,0.22916666666666666,0.6927083333333334,17298000000.0,0.027609588624514497,0.1335483870967742,-0.13234567901234573
20,2023-12-01,PGC,0.78125,0.38020833333333337,204000000.0,0.006742392816587722,-0.010685663401602818,-0.12173913043478257
20,2023-12-01,PHR,0.6666666666666666,0.7447916666666667,12422000000.0,0.011700402977790986,0.05681271064034665,-0.0530629853321829
20,2023-12-01,PIT,0.19791666666666666,0.3203125,60791200.0,0.02877647147604664,0.0,-0.17327293318233294
20,2023-12-01,PTL,0.2708333333333333,0.3020833333333333,1357000000.0,0.025805771334295166,0.022556390977443552,-0.2595281306715064
20,2023-12-01,PVD,0.7291666666666666,0.9114583333333334,141719000000.0,0.02306974071986645,0.10145888594164454,0.07161290322580638
20,2023-12-01,QBS,0.14583333333333334,0.41145833333333337,1127500000.0,0.02308854714800189,0.048034934497816595,-0.2429022082018928
20,2023-12-01,QCG,0.21875,0.3229166666666667,15351500000.0,0.03360284963979698,0.018867924528301883,-0.23404255319148937
20,2023-12-01,SCR,0.17708333333333334,0.4739583333333333,17759500000.0,0.02015614321177318,0.08920187793427226,-0.23684210526315785
20,2023-12-01,SFG,0.28125,0.5572916666666666,30201050.0,0.02229274774545812,0.012448132780082943,-0.06751592356687897
20,2023-12-01,SFI,0.8229166666666666,0.38541666666666663,84500000.0,0.00857226434817353,-0.04060509554140124,-0.07521105141980045
20,2023-12-01,SGN,0.9895833333333334,0.4166666666666667,229000000.0,0.007837797945851904,-0.022339237274613066,-0.0772590361445783
20,2023-12-01,SHA,0.8958333333333334,0.375,46544800.0,0.014171835175960903,-0.017817371937639215,-0.10183299389002032
20,2023-12-01,SKG,0.25,0.4375,3160000000.0,0.01418574745930353,0.03291814946619209,-0.20966643975493537
20,2023-12-01,SPM,0.1875,0.14583333333333334,21801650.0,0.03474088194860695,-0.06261343012704179,-0.20416024653312792
20,2023-12-01,SRF,0.3020833333333333,0.5052083333333333,108901200.0,0.028247733308780006,0.044619422572178546,-0.15767195767195763
20,2023-12-01,ST8,0.3541666666666667,0.7083333333333333,4520000000.0,0.03251270489295024,0.10888252148997135,-0.11238532110091748
20,2023-12-01,STB,0.010416666666666666,0.24479166666666666,487339500000.0,0.019594719536237336,-0.03508771929824561,-0.15384615384615385
20,2023-12-01,TCR,0.3333333333333333,0.5260416666666667,21188350.0,0.02978097465058612,0.02564102564102555,-0.11357340720221609
20,2023-12-01,TDC,0.10416666666666667,0.3385416666666667,3317000000.0,0.0220671545566184,0.030915576694411362,-0.28817733990147787
20,2023-12-01,TDG,0.34375,0.234375,260000000.0,0.009042588011779025,-0.012269938650306789,-0.21463414634146338
20,2023-12-01,TLG,0.6979166666666666,0.4375,1109000000.0,0.010189536957450155,0.0019460661662495937,-0.11514853916032408
20,2023-12-01,TMT,0.09375,0.45833333333333337,45898250.0,0.010809910750750894,0.01948051948051943,-0.14207650273224048
20,2023-12-01,TNI,0.6145833333333334,0.5364583333333334,320500000.0,0.011127726604044052,0.0620155038759691,-0.1671732522796353
20,2023-12-01,TNT,0.23958333333333334,0.44791666666666663,2056500000.0,0.029636653440433612,0.10096153846153855,-0.3174366616989568
20,2023-12-01,TRC,0.96875,0.6875,120641200.0,0.007987359063218971,0.020870816840590223,-0.0017593244194229474
20,2023-12-01,TTA,0.71875,0.5416666666666667,3900500000.0,0.007491296016922267,-0.011612903225806437,-0.02420382165605095
20,2023-12-01,TTF,0.20833333333333334,0.28125,8496000000.0,0.011781479386720334,0.023076923076922995,-0.2887700534759359
20,2023-12-01,TVT,0.5625,0.4791666666666667,58449250.0,0.010209697527061516,-0.03098373353989159,-0.02494154325798914
20,2023-12-01,VCB,0.8645833333333334,0.4322916666666667,95662000000.0,0.011954297551444086,-0.04385665529010241,-0.0503389830508475
20,2023-12-01,VCF,0.9375,0.4635416666666667,56500000.0,0.014480114867646091,-0.008586883029073733,-0.08022832768786847
20,2023-12-01,VGC,0.4895833333333333,0.9791666666666667,52600500000.0,0.021430091499117388,0.1882731321128155,0.10540851553509789
20,2023-12-01,VID,0.8020833333333334,0.34375,95564050.0,0.010500297912808565,-0.01388888888888884,-0.12525667351129366
20,2023-12-01,VJC,0.7916666666666666,0.5989583333333334,96292000000.0,0.02480083302600789,-0.0103759765625,0.0393589743589744
20,2023-12-01,VMD,0.0625,0.7708333333333334,914500000.0,0.029043874675864115,0.1656626506024097,-0.09737609329446062
20,2023-12-01,VNG,0.578125,0.5364583333333334,51287000.0,0.012116507414499772,0.01750000000000007,-0.08744394618834073
20,2023-12-01,VOS,0.08333333333333333,0.734375,18027500000.0,0.03048328631211193,0.1897727272727272,-0.12458193979933108
20,2023-12-01,VPD,0.8541666666666666,0.8177083333333333,144557400.0,0.028918300206429524,0.04938271604938271,0.04004449388209119
20,2023-12-01,VPH,0.041666666666666664,0.4635416666666667,2519000000.0,0.021431670002465292,0.09405940594059414,-0.2491506228765572
20,2023-12-01,VPI,0.84375,0.6614583333333333,56140000000.0,0.009805456910196483,0.003492687186203991,0.0614176864465481
20,2023-12-01,VPS,0.65625,0.5677083333333334,24769200.0,0.023081978187804796,-0.007425742574257432,-0.020757020757020683
20,2023-12-01,VRC,0.11458333333333333,0.4114583333333333,159000000.0,0.029877815142491576,0.05263157894736836,-0.2626728110599078
20,2023-12-01,VRE,0.5104166666666666,0.109375,101330500000.0,0.02233862150316305,-0.06536502546689305,-0.22980062959076597
20,2023-12-01,VTO,0.7708333333333334,0.640625,1225500000.0,0.007713016997591461,0.026722925457102642,-0.05317769130998706
21,2023-12-29,AAM,0.35789473684210527,0.2263157894736842,22460000.0,0.014999141643993796,-0.006659267480577102,-0.0848670756646217
21,2023-12-29,ASM,0.15789473684210525,0.8,33455000000.0,0.021970732051519525,0.15147453083109919,0.028742514970059974
21,2023-12-29,ASP,0.18947368421052632,0.06315789473684211,247500000.0,0.015291083042723743,-0.053254437869822535,-0.1724137931034483
21,2023-12-29,AST,0.6631578947368421,0.3,722000000.0,0.013561924139564517,0.01603260869565215,-0.09990370727010112
21,2023-12-29,BKG,0.7368421052631579,0.3157894736842105,219000000.0,0.013036115580446971,-0.03935185185185186,-0.009546539379474916
21,2023-12-29,BMP,0.3263157894736842,0.9842105263157894,20587000000.0,0.025758110899938607,0.19614380979994195,0.26277930823385365
21,2023-12-29,BTP,0.4,0.8999999999999999,3174500000.0,0.03515528468896147,0.07148659626320075,0.22811918063314707
21,2023-12-29,BWE,0.7684210526315789,0.15263157894736842,5755000000.0,0.00889788208553205,-0.033824804856895097,-0.11187882009035344
21,2023-12-29,CCI,0.10526315789473684,0.9473684210526316,41234850.0,0.03673776219355703,0.1778350515463918,0.21300597213005967
21,2023-12-29,CCL,0.2,0.8631578947368421,1716000000.0,0.011873580242705392,0.08027923211169274,0.12137681159420288
21,2023-12-29,CIG,0.9894736842105263,0.31315789473684214,710500000.0,0.012277500165164011,-0.04705882352941182,0.0
21,2023-12-29,CLC,0.8105263157894737,0.7421052631578947,167146150.0,0.014221344484163078,0.05791919914193788,0.0728788977519943
21,2023-12-29,CLL,0.8,0.5789473684210527,237000000.0,0.01300889975442334,0.054121863799283076,-0.026481297583581642
21,2023-12-29,CSM,0.8631578947368421,0.4105263157894737,106000000.0,0.009358536079757332,0.016564952048822912,-0.046606704824202816
21,2023-12-29,CTI,0.3368421052631579,0.6447368421052632,5528000000.0,0.017099025748742117,0.058289174867524496,0.0
21,2023-12-29,DAH,0.5789473684210527,0.5157894736842106,1004500000.0,0.018253697848452415,0.05515587529976029,-0.05982905982905984
21,2023-12-29,DCL,0.12631578947368421,0.868421052631579,2234000000.0,0.011419133667875463,0.098901098901099,0.098901098901099
21,2023-12-29,DCM,0.6842105263157895,0.3263157894736842,78617000000.0,0.015552549565522746,0.012536873156342221,-0.07945021790144147
21,2023-12-29,DGW,0.47368421052631576,0.3315789473684211,67054500000.0,0.020331249859561303,0.015343915343915437,-0.08313425704730049
21,2023-12-29,DHC,0.3684210526315789,0.21578947368421053,6852500000.0,0.0127783945422803,-0.002698535080956077,-0.11856899488926742
21,2023-12-29,DLG,0.14736842105263157,0.7210526315789474,7567500000.0,0.0310737311498695,0.10859728506787336,-0.012096774193548376
21,2023-12-29,DMC,0.6947368421052632,0.12105263157894737,429530050.0,0.013095605406855329,-0.03840605842048328,-0.1314332247557003
21,2023-12-29,DQC,0.1368421052631579,0.14210526315789473,213000000.0,0.009282059388206448,-0.0069013112491372874,-0.15153301886792447
21,2023-12-29,DSN,0.5157894736842106,0.7105263157894737,1198000000.0,0.003350954707057254,0.04982456140350888,0.07342740971059558
21,2023-12-29,DTA,0.031578947368421054,0.3,56573950.0,0.02395765705737517,0.03734439834024905,-0.26578560939794416
21,2023-12-29,DTL,0.05263157894736842,0.4263157894736842,75900500.0,0.02328382699213207,0.06687898089171984,-0.231651376146789
21,2023-12-29,DXV,0.30526315789473685,0.5473684210526315,141752700.0,0.04331848705530521,0.02673796791443861,0.0026109660574411553
21,2023-12-29,EIB,0.968421052631579,0.5421052631578948,217759500000.0,0.012430909435286002,0.0029726516052319685,0.07657945118059994
21,2023-12-29,GVR,0.37894736842105264,0.7105263157894737,39213500000.0,0.016212716916997844,0.05233739837398366,0.06862745098039214
21,2023-12-29,HAG,0.3157894736842105,0.9631578947368421,317738000000.0,0.03553568397098643,0.11864406779661008,0.6097560975609757
21,2023-12-29,HAR,0.28421052631578947,0.8894736842105263,4007500000.0,0.031288320895302243,0.09762532981530336,0.1428571428571428
21,2023-12-29,HBC,0.7473684210526316,0.47894736842105257,6998500000.0,0.016993883082217,0.007682458386683688,0.007682458386683688
21,2023-12-29,HNG,0.11578947368421053,0.9631578947368421,16242000000.0,0.03553659961802012,0.1898734177215189,0.22715404699738895
21,2023-12-29,HQC,0.21052631578947367,0.9315789473684211,57270500000.0,0.03270099773347216,0.12806539509536785,0.1532033426183843
21,2023-12-29,HSG,0.7052631578947368,0.7842105263157895,242776500000.0,0.015522489443029617,0.04870335230866529,0.21643433602347772
21,2023-12-29,HSL,0.23157894736842105,0.8631578947368421,7315500000.0,0.03179287368176621,0.07424593967517401,0.136196319018405
21,2023-12-29,HTL,0.021052631578947368,0.06842105263157894,31633300.0,0.03048296436922585,-0.073943661971831,-0.1488673139158576
21,2023-12-29,ICT,0.4842105263157895,0.3684210526315789,100500000.0,0.006956529993064782,-0.004192872117400381,-0.019607843137254943
21,2023-12-29,ITC,0.25263157894736843,0.7842105263157895,3860500000.0,0.023646343651691323,0.0821643286573146,0.04854368932038833
21,2023-12-29,JVC,0.8526315789473684,0.6,1365000000.0,0.013993754541263144,0.05624999999999991,-0.023121387283236983
21,2023-12-29,KMR,0.5052631578947369,0.45263157894736844,91500000.0,0.007139521530578673,-0.005633802816901401,0.04747774480712175
21,2023-12-29,LDG,0.010526315789473684,0.021052631578947368,18430500000.0,0.025051816180674046,-0.1333333333333333,-0.23529411764705888
21,2023-12-29,LGL,0.9789473684210527,0.5526315789473684,542500000.0,0.012558950472099789,0.02499999999999991,0.007371007371007154
21,2023-12-29,MHC,0.16842105263157894,0.7,3855500000.0,0.017539206222570387,0.027710843373494054,0.11942257217847763
21,2023-12-29,NAF,0.5684210526315789,0.5,1407500000.0,0.018960056779089008,0.05128205128205132,-0.05572065378900448
21,2023-12-29,NBB,0.5263157894736842,0.736842105263158,1736000000.0,0.022153926269870845,0.03605769230769229,0.14627659574468077
21,2023-12-29,NCT,0.9157894736842105,0.5631578947368421,370000000.0,0.0064132314238845006,0.017204301075268713,0.03485997666277707
21,2023-12-29,NVT,0.2631578947368421,0.4263157894736842,35997600.0,0.024458564678265456,0.030065359477124076,-0.06190476190476191
21,2023-12-29,OGC,0.6421052631578947,0.7263157894736842,3409000000.0,0.012103307966134706,0.021739130434782705,0.2611806797853309
21,2023-12-29,PAN,0.49473684210526314,0.7052631578947368,21846500000.0,0.016354450595742753,0.06268011527377526,0.027874564459930307
21,2023-12-29,PET,0.3473684210526316,0.7789473684210526,17176000000.0,0.01921831752704167,0.06772908366533859,0.06590909090909092
21,2023-12-29,PGC,0.45263157894736844,0.45263157894736844,286000000.0,0.006773559870216161,0.046804680468046866,-0.06586345381526104
21,2023-12-29,PHR,0.3894736842105263,0.631578947368421,13641500000.0,0.008699686843400063,0.04965831435079737,0.023545091070635182
21,2023-12-29,PIT,0.08421052631578947,0.06315789473684211,134500000.0,0.02071634009856236,-0.20547945205479456,-0.14074074074074072
21,2023-12-29,PTL,0.17894736842105263,0.12631578947368421,806000000.0,0.012719692726727514,-0.012254901960784048,-0.16907216494845345
21,2023-12-29,PVD,0.9473684210526315,0.5526315789473684,100249000000.0,0.015052051642134162,-0.0018061408789885602,0.09728656518861678
21,2023-12-29,QBS,0.7578947368421053,0.2894736842105263,866500000.0,0.006783551110955487,-0.029166666666666674,-0.029166666666666674
21,2023-12-29,QCG,0.09473684210526316,0.32105263157894737,11984000000.0,0.026574174233867317,-0.06944444444444442,0.015151515151515138
21,2023-12-29,SC5,0.6210526315789474,0.4263157894736842,35376100.0,0.012604627769723263,0.021893814997263172,-0.04841997961264022
21,2023-12-29,SCR,0.4105263157894737,0.8,19059500000.0,0.018459567954054276,0.06321839080459779,0.0834553440702781
21,2023-12-29,SFG,0.7157894736842105,0.17368421052631577,25513400.0,0.012809370375552565,-0.03204272363150873,-0.0960099750623441
21,2023-12-29,SFI,0.8947368421052632,0.5684210526315789,124000000.0,0.011509281540649077,0.049705139005897125,-0.021594032194738877
21,2023-12-29,SGN,0.42105263157894735,0.7894736842105263,479500000.0,0.019594298146732192,0.10363962787661163,0.03584558823529416
21,2023-12-29,SHA,0.8315789473684211,0.34736842105263155,111200600.0,0.00800088642940344,0.0045351473922903285,-0.047311827956989294
21,2023-12-29,SKG,0.22105263157894736,0.5789473684210527,5782000000.0,0.018136124888735214,0.06115417743324714,-0.03900156006240252
21,2023-12-29,SRC,0.5473684210526316,0.9421052631578948,391495150.0,0.03916906378700407,0.09262948207171307,0.6570996978851964
21,2023-12-29,SRF,0.5368421052631579,0.42105263157894735,146000000.0,0.017593844664222348,0.04271356783919589,-0.08489525909592066
21,2023-12-29,ST8,0.8210526315789474,0.38421052631578945,3394500000.0,0.015249181130106601,-0.054263565891472854,0.051724137931034475
21,2023-12-29,STB,0.6736842105263158,0.3105263157894737,418213500000.0,0.015022795785427206,0.016363636363636358,-0.0969305331179321
21,2023-12-29,TCR,0.07368421052631578,0.08421052631578947,8713250.0,0.032722310262946176,-0.04518072289156627,-0.15466666666666662
21,2023-12-29,TDC,0.5578947368421052,0.7368421052631579,3199000000.0,0.019525884725062267,0.05420991926182239,0.07656065959952896
21,2023-12-29,TDG,0.9368421052631579,0.17368421052631577,402500000.0,0.01106065660564651,-0.03416149068322982,-0.08797653958944285
21,2023-12-29,TLG,0.7894736842105263,0.37894736842105264,1575000000.0,0.011013664777545456,0.005826859045505062,-0.03769577913458988
21,2023-12-29,TMT,0.24210526315789474,0.22105263157894733,73000000.0,0.0164368075676637,0.0,-0.12534818941504178
21,2023-12-29,TNI,0.9578947368421052,0.2210526315789474,261000000.0,0.008405781906911824,-0.025547445255474477,-0.06643356643356646
21,2023-12-29,TNT,0.7263157894736842,0.2947368421052632,1543000000.0,0.01799996177447648,0.008733624454148492,-0.09411764705882353
21,2023-12-29,TRC,0.9052631578947369,0.3789473684210526,497640300.0,0.009610170602805375,0.0032074126870991204,-0.027969613259668513
21,2023-12-29,TTA,0.8421052631578947,0.3157894736842105,6492500000.0,0.006918780959928304,-0.003916449086161844,-0.042659974905897124
21,2023-12-29,TTF,0.43157894736842106,0.6526315789473685,9252000000.0,0.020296580437771786,0.06516290726817053,-0.018475750577367167
21,2023-12-29,TVT,0.6105263157894737,0.5263157894736842,87000000.0,0.011706388998289914,0.04156674660271786,-0.027611940298507442
21,2023-12-29,VCB,0.9263157894736842,0.17894736842105263,109186000000.0,0.010985910815190974,-0.05532750312332679,-0.059857904085257596
21,2023-12-29,VCF,0.5894736842105263,0.4473684210526316,99500000.0,0.029708380048676996,0.017192364965479934,-0.028257355318461075
21,2023-12-29,VGC,0.6526315789473685,0.5105263157894737,43243500000.0,0.018675781526498705,-0.0054132833645638145,0.07662835249042144
21,2023-12-29,VID,0.6,0.4157894736842105,27128100.0,0.012642238136483581,0.016431924882629012,-0.042035398230088505
21,2023-12-29,VJC,0.8842105263157894,0.6789473684210526,102540500000.0,0.009181159638745955,0.024670038238559178,0.11338962605548852
21,2023-12-29,VMD,0.042105263157894736,0.11052631578947368,1047000000.0,0.03463077006476478,-0.014857881136950857,-0.19312169312169314
21,2023-12-29,VNG,0.2736842105263158,0.9526315789473685,427500000.0,0.024188689098679102,0.22850122850122845,0.14942528735632177
21,2023-12-29,VOS,0.06315789473684211,0.26842105263157895,17895500000.0,0.023313888356313223,0.013371537726838634,-0.12961443806398687
21,2023-12-29,VPD,1.0,0.46842105263157896,218000000.0,0.015257335657191699,0.004278074866310266,0.01733477789815807
21,2023-12-29,VPH,0.4421052631578947,0.7421052631578947,1257000000.0,0.014725330776933972,0.06184012066365008,0.06024096385542177
21,2023-12-29,VPI,0.631578947368421,0.46842105263157896,60037000000.0,0.006958456948909396,-0.0034805307809441244,0.045651677699155346
21,2023-12-29,VPS,0.4631578947368421,0.8052631578947369,26528150.0,0.05134479036784846,0.0662576687116565,0.0795031055900619
21,2023-12-29,VRC,0.8736842105263158,0.34736842105263155,263000000.0,0.010351082155278867,0.006250000000000089,-0.05294117647058816
21,2023-12-29,VRE,0.29473684210526313,0.29473684210526313,82356000000.0,0.011819296823076142,0.021798365122615904,-0.15126367408525088
21,2023-12-29,VTO,0.7789473684210526,0.5684210526315789,1559500000.0,0.006212161901434126,0.03424657534246567,0.005326231691078487
22,2024-02-01,AAM,0.3157894736842105,0.19473684210526315,23934350.0,0.02317149167218141,-0.05216426193118762,-0.07173913043478264
22,2024-02-01,ASM,0.3894736842105263,0.7052631578947368,23691000000.0,0.01710121447670907,-0.004587155963302725,0.1542553191489362
22,2024-02-01,ASP,0.8,0.30526315789473685,192500000.0,0.008510623251043318,-0.017578125,-0.05805243445692887
22,2024-02-01,AST,0.25263157894736843,0.7789473684210526,2833500000.0,0.016865726146284444,0.12276009628242845,0.03654320987654325
22,2024-02-01,BKG,0.9473684210526315,0.3736842105263158,489000000.0,0.007377675525506145,-0.027972027972028024,0.0
22,2024-02-01,BMP,0.29473684210526313,0.8473684210526315,18082500000.0,0.02072113104966505,0.02579004722121314,0.2221581073283323
22,2024-02-01,BTP,0.3684210526315789,0.8473684210526315,888500000.0,0.007590666367245939,0.014970059880239583,0.2768361581920904
22,2024-02-01,BWE,0.37894736842105264,0.5736842105263158,6028000000.0,0.010659594211291593,0.048957388939256496,-0.022804054054054057
22,2024-02-01,CCI,0.22105263157894736,0.8473684210526315,61920200.0,0.04227405985139353,0.05089058524173029,0.1353951890034364
22,2024-02-01,CCL,0.7894736842105263,0.5263157894736842,1051500000.0,0.00725024569969385,-0.023885350318471388,0.08112874779541457
22,2024-02-01,CIG,0.43157894736842106,0.2736842105263158,728500000.0,0.01534483848085028,-0.06998444790046654,-0.0033333333333332993
22,2024-02-01,CLC,0.42105263157894735,0.8999999999999999,359000000.0,0.017191949879233854,0.07817258883248734,0.15854545454545454
22,2024-02-01,CLL,0.6421052631578947,0.8052631578947369,239500000.0,0.012136729135011282,0.03153003650846342,0.12202166064981945
22,2024-02-01,CSM,0.5684210526315789,0.7473684210526316,243786750.0,0.018449406247308144,0.057958477508650574,0.040851063829787204
22,2024-02-01,CTI,0.23157894736842105,0.8368421052631579,6887500000.0,0.021411562314349337,0.05752840909090917,0.10788690476190466
22,2024-02-01,DAH,0.9157894736842105,0.3684210526315789,566500000.0,0.006596705994778281,-0.07743362831858402,0.03990024937655856
22,2024-02-01,DCL,0.6631578947368421,0.6894736842105263,1234500000.0,0.007677894807361655,0.004016064257028162,0.09170305676855905
22,2024-02-01,DCM,0.7368421052631579,0.5736842105263158,83945500000.0,0.01395453701144023,-0.0018234865061999006,0.028560691469372346
22,2024-02-01,DGW,0.7684210526315789,0.6736842105263158,90397500000.0,0.01464477177432267,-0.001734390485629289,0.09573021484906175
22,2024-02-01,DHC,0.2736842105263158,0.7210526315789474,13101500000.0,0.017146384303198946,0.07674943566591419,0.027648114901256626
22,2024-02-01,DLG,0.21052631578947367,0.38947368421052636,5169000000.0,0.022254026006802825,-0.11284046692607008,0.08056872037914697
22,2024-02-01,DQC,0.47368421052631576,0.4894736842105263,433500000.0,0.006721069536504431,-0.01031636863823937,0.016242937853107264
22,2024-02-01,DSN,0.9263157894736842,0.6473684210526316,709000000.0,0.005450781540003025,0.001779359430605032,0.06932573599240266
22,2024-02-01,DTA,0.16842105263157894,0.10526315789473684,97500000.0,0.012512031369636963,-0.06707317073170727,-0.15625
22,2024-02-01,DTL,0.08421052631578947,0.06315789473684211,70796000.0,0.021692903338096172,-0.13496932515337423,-0.10759493670886078
22,2024-02-01,DXV,0.12631578947368421,0.2421052631578947,33242850.0,0.019882341086310568,-0.03100775193798455,-0.0625
22,2024-02-01,EIB,0.7578947368421053,0.4842105263157894,262660000000.0,0.017338926836720298,-0.015544041450777257,0.022115959354453096
22,2024-02-01,GTA,0.1368421052631579,0.34210526315789475,96418750.0,0.037641105208307234,-0.003531073446327637,-0.07717462393721386
22,2024-02-01,GVR,0.06315789473684211,0.968421052631579,56936000000.0,0.02462485897410285,0.11961722488038284,0.23809523809523814
22,2024-02-01,HAG,0.3263157894736842,0.9631578947368421,176922000000.0,0.028651201388257323,0.07894736842105265,0.6628041714947857
22,2024-02-01,HAR,0.4421052631578947,0.5052631578947369,2742500000.0,0.016849727241516267,-0.05405405405405406,0.10526315789473695
22,2024-02-01,HBC,0.09473684210526316,0.9789473684210526,21730500000.0,0.029750555441663606,0.13979848866498745,0.23465211459754443
22,2024-02-01,HNG,0.07368421052631578,0.5263157894736842,40152500000.0,0.03363226450331825,-0.12596899224806202,0.256267409470752
22,2024-02-01,HQC,0.5473684210526316,0.5842105263157894,25464000000.0,0.011702613524691834,-0.05504587155963303,0.2225519287833828
22,2024-02-01,HSG,0.3473684210526316,0.7315789473684211,293826000000.0,0.01968615780298956,0.020220588235294157,0.08539765319426329
22,2024-02-01,HSL,0.010526315789473684,0.015789473684210527,17287500000.0,0.03558469603632175,-0.2902055622732769,-0.28848484848484846
22,2024-02-01,HTI,0.8947368421052632,0.5157894736842106,542193950.0,0.011166949606458051,0.008792965627498095,-0.012519561815336422
22,2024-02-01,HTL,0.11578947368421053,0.6736842105263158,88586400.0,0.02842182734630929,0.11153358681875791,-0.003409090909090917
22,2024-02-01,HTV,0.7157894736842105,0.5105263157894737,54380650.0,0.021609295411551488,-0.009933774834437137,0.025142857142857133
22,2024-02-01,ICT,0.7473684210526316,0.38421052631578945,86832900.0,0.008252282814152148,-0.004192872117400381,-0.04618473895582331
22,2024-02-01,ITC,0.28421052631578947,0.5789473684210527,5097500000.0,0.02251645778939947,-0.022522522522522515,0.1071428571428572
22,2024-02-01,JVC,0.2631578947368421,0.8789473684210527,1307500000.0,0.01906217622597389,0.07803468208092479,0.15123456790123457
22,2024-02-01,KMR,0.7263157894736842,0.4,99500000.0,0.00264133648970592,-0.008474576271186418,-0.025000000000000022
22,2024-02-01,LDG,0.042105263157894736,0.1105263157894737,9138500000.0,0.020314843801471447,-0.059016393442622994,-0.2346666666666667
22,2024-02-01,LGL,0.6,0.23684210526315788,378500000.0,0.009139471577007828,-0.059665871121718395,-0.024752475247524774
22,2024-02-01,MHC,0.021052631578947368,0.05789473684210526,3022500000.0,0.023315981912709872,-0.140625,-0.09378960709759188
22,2024-02-01,NAF,0.8210526315789474,0.4263157894736842,1760500000.0,0.006822214867551642,-0.0218921032056294,0.007246376811594235
22,2024-02-01,NBB,0.4,0.3263157894736842,3470000000.0,0.02336473483681593,-0.021327014218009532,-0.03504672897196259
22,2024-02-01,NCT,0.9052631578947369,0.6789473684210526,619500000.0,0.004322448805189703,0.01118568232662187,0.057155386639380135
22,2024-02-01,NVT,0.5263157894736842,0.6,12276350.0,0.020643809322769626,-0.0012820512820512775,0.03866666666666663
22,2024-02-01,OGC,0.49473684210526314,0.24736842105263157,6485500000.0,0.013880640359329828,-0.07798742138364778,-0.006775067750677488
22,2024-02-01,PAN,0.15789473684210525,0.9263157894736842,32019000000.0,0.020191674583521477,0.08191349934469194,0.19898329702251272
22,2024-02-01,PET,0.5894736842105263,0.3631578947368421,15103500000.0,0.016277655769654724,-0.08597046413502107,0.04523522316043427
22,2024-02-01,PGC,0.9578947368421052,0.4894736842105263,280000000.0,0.006636282490299161,-0.006999125109361293,0.0035366931918656697
22,2024-02-01,PHR,0.17894736842105263,0.9210526315789473,16247500000.0,0.017182004429291624,0.08658854166666674,0.1638772663877266
22,2024-02-01,PIT,0.10526315789473684,0.042105263157894736,60000000.0,0.02032330915921285,-0.13235294117647056,-0.26249999999999996
22,2024-02-01,PTL,0.9368421052631579,0.34736842105263155,585000000.0,0.0059569022539426985,-0.022004889975550168,-0.019607843137254943
22,2024-02-01,PVD,1.0,0.4473684210526315,108995500000.0,0.010932640053459447,-0.019441069258809285,0.0074906367041198685
22,2024-02-01,QBS,0.4105263157894737,0.09473684210526316,589000000.0,0.01373506576444001,-0.10416666666666663,-0.07725321888412018
22,2024-02-01,QCG,0.031578947368421054,0.042105263157894736,5976000000.0,0.0210492160215581,-0.13861386138613863,-0.21266968325791857
22,2024-02-01,SCR,0.631578947368421,0.4842105263157894,13981500000.0,0.008378937019124375,-0.025956284153005438,0.04698972099853149
22,2024-02-01,SFG,0.2,0.9473684210526316,49653300.0,0.016331786342142388,0.13770053475935828,0.1770401106500692
22,2024-02-01,SFI,0.8736842105263158,0.43157894736842106,215626000.0,0.009870113752746214,-0.0064102564102563875,-0.01898734177215189
22,2024-02-01,SGN,0.968421052631579,0.6,489500000.0,0.009074780516638988,0.0027889680818096174,0.03271102600925491
22,2024-02-01,SHA,0.8526315789473684,0.3315789473684211,46522450.0,0.011821820595519726,-0.013452914798206317,-0.04761904761904767
22,2024-02-01,SKG,0.7052631578947368,0.3736842105263158,3213000000.0,0.011824459342828789,-0.05016181229773464,0.011197243755383335
22,2024-02-01,SPM,0.05263157894736842,0.42105263157894735,21811850.0,0.029044353543407824,0.017274472168905985,-0.07261592300962383
22,2024-02-01,SRF,0.4842105263157895,0.7105263157894737,196272650.0,0.024350423443644593,0.006024096385542244,0.09580052493438318
22,2024-02-01,ST8,0.3368421052631579,0.0368421052631579,47922000000.0,0.04380444394781776,-0.30930232558139537,-0.14409221902017288
22,2024-02-01,STB,0.6105263157894737,0.5947368421052631,574386500000.0,0.010796639793541873,0.04195804195804187,-0.00666666666666671
22,2024-02-01,TCR,0.18947368421052632,0.49473684210526314,4137300.0,0.031575964949013074,0.018181818181818077,-0.02608695652173909
22,2024-02-01,TDC,0.4631578947368421,0.24210526315789474,1985500000.0,0.0066000344213440025,-0.05555555555555558,-0.025842696629213457
22,2024-02-01,TDG,0.8421052631578947,0.3263157894736842,215000000.0,0.011758740283591858,-0.009584664536741228,-0.0662650602409639
22,2024-02-01,TLG,0.6210526315789474,0.2,4142500000.0,0.008848911313270653,-0.04068767908309456,-0.07283301024646915
22,2024-02-01,TMT,0.8842105263157894,0.22631578947368422,131148500.0,0.012951410543840152,-0.0573248407643312,-0.02950819672131144
22,2024-02-01,TNI,0.8105263157894737,0.531578947368421,458500000.0,0.018604532946530368,-0.00366300366300365,0.014925373134328401
22,2024-02-01,TNT,0.8631578947368421,0.39473684210526316,1385000000.0,0.012921245611881807,-0.023255813953488413,0.002169197396963085
22,2024-02-01,TRC,0.6947368421052632,0.5421052631578948,80777400.0,0.017564532446263305,0.019182948490230833,-0.015442690459849029
22,2024-02-01,TTA,0.6526315789473685,0.368421052631579,5054000000.0,0.011551811140604095,-0.009198423127463884,-0.03703703703703709
22,2024-02-01,TTF,0.5157894736842106,0.631578947368421,7685500000.0,0.011902160738716347,-0.01552106430155209,0.1100000000000001
22,2024-02-01,VCB,0.9894736842105263,0.631578947368421,113561000000.0,0.01117875437860503,0.04538230619812822,0.003389830508474523
22,2024-02-01,VCF,0.35789473684210527,0.21578947368421053,73000000.0,0.026792198524597837,-0.0528662832029988,-0.04899415963659959
22,2024-02-01,VGC,0.24210526315789474,0.7684210526315789,36156500000.0,0.018666841460770224,0.03809106830122588,0.0943918762981768
22,2024-02-01,VID,0.8315789473684211,0.7526315789473684,52254850.0,0.013021369495765768,0.05215419501133778,0.04740406320541757
22,2024-02-01,VJC,0.45263157894736844,0.2736842105263158,68436500000.0,0.005446233083971776,-0.02134587554269174,-0.06638288080994015
22,2024-02-01,VMD,0.5578947368421052,0.7842105263157895,298000000.0,0.011165568785375751,0.003278688524590123,0.19999999999999996
22,2024-02-01,VNG,0.6736842105263158,0.4105263157894737,49774500.0,0.0191484030371185,-0.06512605042016806,0.053254437869822535
22,2024-02-01,VOS,0.5789473684210527,0.7789473684210526,18285000000.0,0.015412111294120786,0.009345794392523255,0.15508021390374327
22,2024-02-01,VPD,0.7789473684210526,0.7947368421052632,319500000.0,0.007641368562373655,0.031019978969505813,0.12057142857142855
22,2024-02-01,VPH,0.6842105263157895,0.34210526315789475,1618000000.0,0.015953595909298166,-0.047687861271676346,-0.00302571860816947
22,2024-02-01,VPI,0.5052631578947369,0.6526315789473685,49096000000.0,0.005996789384625265,0.03310527477378056,0.02182929491377439
22,2024-02-01,VPS,0.14736842105263157,0.2263157894736842,37522350.0,0.029002163501309536,-0.08013544018058694,-0.016887816646562137
22,2024-02-01,VRC,0.5368421052631579,0.4894736842105263,464000000.0,0.009609597182169758,-0.039024390243902474,0.07797537619699035
22,2024-02-01,VRE,0.9789473684210527,0.2631578947368421,140868500000.0,0.01336920582077692,-0.03230088495575223,-0.044560943643512485
22,2024-02-01,VTO,0.30526315789473685,0.8,2810500000.0,0.018852580245942517,0.04830287206266304,0.10453920220082513
23,2024-03-01,AAM,0.2765957446808511,0.4308510638297872,37842800.0,0.024295910082235028,0.05178365937859608,-0.007600434310532034
23,2024-03-01,ASM,0.10638297872340426,0.898936170212766,26917500000.0,0.022360327200163514,0.10894495412844041,0.29278074866310155
23,2024-03-01,ASP,0.5531914893617021,0.2367021276595745,232000000.0,0.023232567507748225,0.0,-0.007920792079207928
23,2024-03-01,AST,0.6382978723404256,0.6329787234042553,3110000000.0,0.009833855050991927,0.012322274881516604,0.15397082658022687
23,2024-03-01,BKG,0.23404255319148937,0.7872340425531914,885000000.0,0.02290672508898672,0.1255924170616114,0.09953703703703698
23,2024-03-01,BMP,0.14893617021276595,0.8936170212765957,27406500000.0,0.023265652349259956,0.09523236214784503,0.3249344596562773
23,2024-03-01,BTP,0.32978723404255317,0.9308510638297873,1960000000.0,0.012184694663339385,0.14694800301431798,0.3234782608695652
23,2024-03-01,BWE,0.7021276595744681,0.3457446808510638,7136500000.0,0.010272233882237683,0.013227513227513255,0.007011393514460895
23,2024-03-01,CCI,0.2978723404255319,0.5691489361702127,42504400.0,0.04210316329194945,0.04618226600985231,0.05724953329184812
23,2024-03-01,CCL,0.05319148936170213,0.9734042553191489,4878500000.0,0.027080584590297285,0.27110389610389607,0.3664921465968587
23,2024-03-01,CIG,0.6276595744680851,0.23404255319148937,631000000.0,0.00901590226855034,0.008264462809917328,-0.10162002945508097
23,2024-03-01,CLC,0.8191489361702128,0.5265957446808511,237000000.0,0.016256483450593506,0.007992327365728968,0.1113852661261896
23,2024-03-01,CLL,0.7127659574468085,0.8191489361702127,254000000.0,0.012951213994392747,0.07507312317192061,0.20290909090909093
23,2024-03-01,CSM,0.7446808510638298,0.6276595744680851,602500000.0,0.021814822890078356,0.0625543006081668,0.06625980819529209
23,2024-03-01,CTI,0.30851063829787234,0.7393617021276595,10287000000.0,0.020712046008943615,0.08026509572901319,0.11389521640091127
23,2024-03-01,DAH,0.9042553191489362,0.5106382978723404,760500000.0,0.012344480818425931,0.030660377358490587,0.053012048192771166
23,2024-03-01,DCL,0.925531914893617,0.4308510638297872,809500000.0,0.008451545384346617,-0.008080808080808133,0.07912087912087906
23,2024-03-01,DCM,0.44680851063829785,0.7021276595744681,170886500000.0,0.01731947939206824,0.10652920962199319,0.06858407079646023
23,2024-03-01,DGW,0.5957446808510638,0.824468085106383,122885500000.0,0.01906083482404993,0.08624999999999994,0.17242309767943875
23,2024-03-01,DHC,0.6063829787234043,0.648936170212766,14343000000.0,0.014872203410223762,0.04981684981684986,0.0934757726058757
23,2024-03-01,DLG,0.3191489361702128,0.2553191489361702,4881000000.0,0.0219581750505914,-0.09375,0.04504504504504503
23,2024-03-01,DQC,0.5319148936170213,0.7127659574468085,734500000.0,0.013256275697760684,0.08951048951048945,0.08647140864714076
23,2024-03-01,DSN,0.9361702127659575,0.3962765957446809,989500000.0,0.004320314110834002,0.0,0.05356725146198826
23,2024-03-01,DTA,0.425531914893617,0.2925531914893617,118000000.0,0.021628752924913012,0.014767932489451407,-0.06963249516441006
23,2024-03-01,DTL,0.09574468085106383,0.3670212765957447,21433500.0,0.009492080161082892,0.034965034965035,-0.019867549668874163
23,2024-03-01,DXV,0.18085106382978725,0.4521276595744681,35862750.0,0.01727044263758772,0.03038674033149169,0.036111111111111205
23,2024-03-01,EIB,1.0,0.14893617021276595,245560000000.0,0.011996684884412837,-0.0641741071428571,0.002390914524805776
23,2024-03-01,GTA,0.13829787234042554,0.0425531914893617,105950350.0,0.039674962998018544,-0.10653930933137401,-0.2093628088426528
23,2024-03-01,GVR,0.3404255319148936,0.9893617021276596,127394000000.0,0.027916972322545783,0.35942720763723157,0.4575230296827022
23,2024-03-01,HAG,0.26595744680851063,0.4148936170212766,169482500000.0,0.02566315919060289,-0.13605442176870752,0.13901345291479816
23,2024-03-01,HAR,0.7872340425531915,0.425531914893617,1652500000.0,0.01627804243082351,-0.02511415525114158,0.11488250652741505
23,2024-03-01,HBC,0.22340425531914893,0.3882978723404255,23047500000.0,0.028580055978941914,-0.024943310657596363,0.08860759493670889
23,2024-03-01,HNG,0.07446808510638298,0.19680851063829785,25466500000.0,0.031055109445843714,-0.17469879518072284,0.035264483627204024
23,2024-03-01,HQC,0.6170212765957447,0.601063829787234,26881000000.0,0.012038456235516914,0.014423076923076872,0.12834224598930488
23,2024-03-01,HSG,0.9893617021276596,0.3882978723404255,246820500000.0,0.012093792114959952,-0.0210280373831776,0.07435897435897432
23,2024-03-01,HSL,0.031914893617021274,0.031914893617021274,3502000000.0,0.018747772276532734,-0.11508553654743392,-0.34143518518518523
23,2024-03-01,HTI,0.8404255319148937,0.43617021276595747,636500000.0,0.0049437283068578955,0.033280507131537185,0.023547880690737877
23,2024-03-01,HTL,0.1702127659574468,0.9521276595744681,470038350.0,0.048034928606191914,0.3499361430395913,0.22764227642276413
23,2024-03-01,HTV,0.5638297872340425,0.18085106382978722,21832750.0,0.021469292038234594,-0.04925053533190582,0.012542759407069504
23,2024-03-01,ICT,0.8882978723404256,0.5372340425531915,198500000.0,0.00895839454335425,0.0398322851153039,0.04862579281183943
23,2024-03-01,ITC,0.40425531914893614,0.7553191489361701,7346000000.0,0.02130314498900117,0.0660377358490567,0.13567839195979903
23,2024-03-01,JVC,0.43617021276595747,0.8085106382978724,2306000000.0,0.022288922916149607,0.08875739644970415,0.15360501567398122
23,2024-03-01,KMR,0.9521276595744681,0.3457446808510638,248000000.0,0.005484356986889715,0.011363636363636465,0.017142857142857126
23,2024-03-01,LDG,0.20212765957446807,0.1675531914893617,6630500000.0,0.01098578751345789,0.0,-0.19999999999999996
23,2024-03-01,LGL,0.776595744680851,0.16489361702127658,374000000.0,0.010435179455705915,-0.01995012468827928,-0.029629629629629672
23,2024-03-01,MHC,0.06382978723404255,0.3457446808510638,3404500000.0,0.027750166876161553,0.0121212121212122,0.013349514563106846
23,2024-03-01,NAF,0.973404255319149,0.32978723404255317,2267500000.0,0.010083430560154427,0.00646203554119551,0.027205276174773196
23,2024-03-01,NBB,0.8723404255319149,0.4787234042553191,2415500000.0,0.014821346195726599,0.04390243902439028,0.028846153846153744
23,2024-03-01,NCT,0.9521276595744681,0.44680851063829785,349000000.0,0.004742600050382426,0.02025139664804465,0.04252889967175677
23,2024-03-01,NVT,0.5,0.5691489361702128,13832750.0,0.021296490581265815,0.05284015852047563,0.047306176084099816
23,2024-03-01,OGC,0.5212765957446809,0.26595744680851063,3596000000.0,0.013932930457779243,-0.0534550195567145,0.04460431654676267
23,2024-03-01,PAN,0.11702127659574468,0.9095744680851063,63269500000.0,0.021521476314085027,0.1245085190039319,0.2363112391930835
23,2024-03-01,PET,0.5851063829787234,0.45744680851063824,10701000000.0,0.015304272289893282,0.008045977011494232,0.06626139817629184
23,2024-03-01,PGC,0.973404255319149,0.3058510638297872,342500000.0,0.007696505691225833,0.0,0.02529358626919609
23,2024-03-01,PHR,0.1595744680851064,0.9042553191489362,31690500000.0,0.017864492646261398,0.15810451727192198,0.19624885635864597
23,2024-03-01,PIT,0.1276595744680851,0.16489361702127658,56000000.0,0.02489828764421151,-0.00497512437810943,-0.16083916083916083
23,2024-03-01,PTL,0.6914893617021277,0.30319148936170215,706500000.0,0.019242232776559426,0.012376237623762387,-0.01918465227817745
23,2024-03-01,PVD,0.24468085106382978,0.851063829787234,173669500000.0,0.020876799196777193,0.1499999999999999,0.13597560975609757
23,2024-03-01,QBS,0.5425531914893617,0.16489361702127658,501000000.0,0.010831358450913082,-0.0091324200913242,-0.09583333333333333
23,2024-03-01,QCG,0.0425531914893617,0.2393617021276596,5036500000.0,0.02572535464452247,0.012154696132596676,-0.17847533632286994
23,2024-03-01,SCR,0.6808510638297872,0.4042553191489362,18231500000.0,0.012083038167301436,0.011204481792717047,0.043352601156069426
23,2024-03-01,SFG,0.010638297872340425,1.0,626000000.0,0.03129807141287179,0.6546134663341645,0.7908232118758434
23,2024-03-01,SFI,0.39361702127659576,0.7978723404255319,499000000.0,0.010853031611256328,0.10174880763116056,0.1318905675786035
23,2024-03-01,SGN,0.851063829787234,0.6276595744680851,1417500000.0,0.005748793820285222,0.035945695772909625,0.09418282548476453
23,2024-03-01,SHA,0.8297872340425532,0.28191489361702127,94156450.0,0.00897808849316232,0.0022522522522523403,0.009070294784580435
23,2024-03-01,SKG,0.3617021276595745,0.7180851063829787,3942000000.0,0.012779370093284564,0.07777777777777772,0.09747606614447335
23,2024-03-01,SRC,0.2127659574468085,0.6436170212765957,264518900.0,0.03663737156280216,0.16978109983982925,0.03300330033003296
23,2024-03-01,SRF,0.3829787234042553,0.3351063829787234,539500000.0,0.04006464021838394,-0.008206330597889777,0.04444444444444451
23,2024-03-01,ST8,0.0851063829787234,0.010638297872340425,46940000000.0,0.058132003065846295,-0.35519125683060104,-0.3948717948717949
23,2024-03-01,STB,0.7659574468085106,0.7659574468085106,625899500000.0,0.013346787162962417,0.054455445544554504,0.16181818181818186
23,2024-03-01,TDC,0.4787234042553192,0.12234042553191489,1691500000.0,0.010778210007150494,-0.04561003420752563,-0.05209513023782564
23,2024-03-01,TDG,0.3723404255319149,0.7180851063829787,535000000.0,0.02141725098385752,0.12052117263843654,0.07165109034267902
23,2024-03-01,TLG,0.574468085106383,0.12234042553191489,4990000000.0,0.00985012524736009,-0.03212735166425473,-0.06852367688022287
23,2024-03-01,TMT,0.4148936170212766,0.11702127659574468,100185250.0,0.01632345448013641,-0.023648648648648685,-0.11620795107033643
23,2024-03-01,TNI,0.9148936170212766,0.37234042553191493,664000000.0,0.015479853600288874,0.007117437722419906,0.03663003663003672
23,2024-03-01,TNT,0.02127659574468085,0.9361702127659575,3929000000.0,0.03642842634740234,0.24342105263157898,0.2272727272727273
23,2024-03-01,TRC,0.2872340425531915,0.9095744680851063,237500000.0,0.028227282313142178,0.17151876534549282,0.18271954674220958
23,2024-03-01,TTA,0.6595744680851063,0.45744680851063835,4778000000.0,0.009541144360369984,0.031331592689294974,0.03403141361256545
23,2024-03-01,TTF,0.46808510638297873,0.7819148936170213,12364500000.0,0.015422135070406212,0.05855855855855863,0.1691542288557213
23,2024-03-01,TVT,0.8617021276595744,0.5159574468085106,116132300.0,0.004444038170856061,0.02501895375284313,0.06039215686274502
23,2024-03-01,VCB,0.6702127659574468,0.7553191489361701,128837500000.0,0.01884966956128123,0.05754328112118712,0.14863896848137537
23,2024-03-01,VGC,0.19148936170212766,0.5265957446808511,72348000000.0,0.02565745051482915,0.07766123633117616,0.0183466891606916
23,2024-03-01,VID,0.8085106382978723,0.4308510638297872,65048200.0,0.01303099880679761,-0.010729613733905574,0.08983451536643017
23,2024-03-01,VJC,0.723404255319149,0.21808510638297873,67062500000.0,0.006497116224431931,-0.02263222632226325,0.012745347947999086
23,2024-03-01,VMD,0.48936170212765956,0.5265957446808511,212317600.0,0.012708357855636322,0.02110817941952514,0.06758620689655181
23,2024-03-01,VNG,0.7340425531914894,0.5478723404255319,43041800.0,0.014960792364070616,0.006674082313681939,0.1312500000000001
23,2024-03-01,VOS,0.5106382978723404,0.6489361702127661,20040000000.0,0.01594546011694459,0.03397612488521573,0.12487512487512498
23,2024-03-01,VPD,0.8882978723404256,0.5638297872340425,270500000.0,0.005935553958010821,0.030785017957927208,0.07433155080213893
23,2024-03-01,VPH,0.7553191489361702,0.19148936170212766,1640000000.0,0.014301451549971322,-0.012066365007541435,-0.013554216867469826
23,2024-03-01,VPI,0.648936170212766,0.5585106382978724,55168000000.0,0.014570754430325891,0.046895353886235336,0.05077358901721518
23,2024-03-01,VPS,0.35106382978723405,0.14893617021276595,83324250.0,0.0210305357725021,-0.06833712984054674,0.0036809815950920033
23,2024-03-01,VRC,0.7978723404255319,0.20212765957446807,473698750.0,0.009923090075523253,-0.016311166875784155,0.0012771392081736277
23,2024-03-01,VRE,0.2553191489361702,0.8882978723404256,336406500000.0,0.0314444865624879,0.12205754141238012,0.2061855670103092
23,2024-03-01,VTO,0.4574468085106383,0.7021276595744681,3042000000.0,0.016738760280634504,0.05108556832694755,0.12894375857338813
24,2024-04-01,AAM,0.4631578947368421,0.26842105263157895,38000000.0,0.016645461174466063,-0.01978021978021982,-0.006681514476614692
24,2024-04-01,ASM,0.07368421052631578,0.9105263157894736,50384500000.0,0.02830503257658272,0.11740041928721179,0.24097788125727582
24,2024-04-01,ASP,0.9894736842105263,0.2789473684210526,686500000.0,0.013284833747349465,-0.03784860557768921,0.006250000000000089
24,2024-04-01,AST,0.9157894736842105,0.5157894736842105,1177000000.0,0.006862667959404947,-0.015628644739911324,0.1286440224659
24,2024-04-01,BKG,0.15789473684210525,0.1526315789473684,6386000000.0,0.032211903791116485,-0.17948717948717952,0.002409638554216942
24,2024-04-01,BMP,0.4842105263157895,0.4421052631578947,27080000000.0,0.020260332041747542,-0.015746285207363098,0.07574839413404444
24,2024-04-01,BTP,0.1368421052631579,0.3105263157894737,3665000000.0,0.022236883281103296,-0.12976629766297676,0.0727824109173616
24,2024-04-01,BWE,0.631578947368421,0.7105263157894737,12216000000.0,0.011530037703072557,0.04920863309352508,0.09096349491322564
24,2024-04-01,CCI,0.11578947368421053,0.06842105263157894,56148050.0,0.03412063461140933,-0.13586956521739135,-0.08969465648854957
24,2024-04-01,CCL,0.22105263157894736,0.7789473684210526,2991000000.0,0.026891107630471662,0.019181585677749302,0.28756058158319875
24,2024-04-01,CIG,0.8,0.13157894736842105,572000000.0,0.004945161664957357,-0.04105090311986859,-0.09876543209876543
24,2024-04-01,CLC,0.6736842105263158,0.6631578947368421,157000000.0,0.02398543629780001,0.028544243577545148,0.0959783710713078
24,2024-04-01,CLL,0.9894736842105263,0.45789473684210524,196000000.0,0.011424703983092479,-0.02631578947368407,0.10710642638558321
24,2024-04-01,CSM,0.37894736842105264,0.8894736842105263,656000000.0,0.022486276050053516,0.11916264090177142,0.1921097770154374
24,2024-04-01,CTI,0.6842105263157895,0.4789473684210526,8731500000.0,0.012143820070729394,-0.003387533875338744,0.05221745350500706
24,2024-04-01,DAH,0.8421052631578947,0.17368421052631577,918500000.0,0.007132555864841224,-0.04816513761467889,-0.05681818181818177
24,2024-04-01,DCL,0.8105263157894737,0.2421052631578947,834500000.0,0.005642063192242062,-0.022403258655804503,-0.040000000000000036
24,2024-04-01,DCM,0.7263157894736842,0.5578947368421052,172828500000.0,0.018495259006848376,0.008611780916293554,0.06627822286962859
24,2024-04-01,DGW,0.18947368421052632,0.9157894736842105,209065500000.0,0.028554036697089866,0.11362586605080827,0.25638353309015116
24,2024-04-01,DHC,0.5421052631578948,0.631578947368421,20472500000.0,0.019223562788216925,0.002397260273972579,0.13142636258214146
24,2024-04-01,DLG,0.35789473684210527,0.2368421052631579,4716500000.0,0.014334151739940976,-0.012931034482758674,-0.0653061224489796
24,2024-04-01,DMC,0.42105263157894735,0.7894736842105263,511500000.0,0.0261436950770932,0.10725791169224941,0.11699483846300907
24,2024-04-01,DQC,0.9157894736842105,0.42105263157894735,797500000.0,0.012320371727247282,-0.009240924092409286,0.043085476025017444
24,2024-04-01,DSN,0.9473684210526315,0.42105263157894735,968000000.0,0.005984811086644349,-0.013496677740863827,0.05860071301247771
24,2024-04-01,DTA,0.21052631578947367,0.08947368421052632,240500000.0,0.025706695174939762,-0.06131078224101483,-0.11904761904761907
24,2024-04-01,DTL,0.12631578947368421,0.14736842105263157,13383500.0,0.011048515618235175,-0.04054054054054057,-0.09554140127388533
24,2024-04-01,DXV,0.5578947368421052,0.4368421052631579,127579750.0,0.024733313777394815,0.018766756032171594,-0.005235602094240788
24,2024-04-01,EIB,0.8315789473684211,0.3526315789473684,289188000000.0,0.012657657467067396,-0.005350772889417321,-0.008298755186721962
24,2024-04-01,GTA,0.2,0.042105263157894736,356318000.0,0.028068373408252318,-0.11924342105263153,-0.22838616714697402
24,2024-04-01,GVR,0.042105263157894736,0.9315789473684211,160805500000.0,0.031480999544438296,0.1058055650979044,0.5543215837759536
24,2024-04-01,HAG,0.29473684210526313,0.2789473684210526,181856500000.0,0.026161698205886614,-0.01171875,-0.04166666666666663
24,2024-04-01,HAR,0.6947368421052632,0.6894736842105263,2399500000.0,0.012550717608901094,0.04883720930232549,0.08413461538461542
24,2024-04-01,HBC,0.5684210526315789,0.4052631578947369,17037000000.0,0.01836709220435605,-0.040632054176072185,0.08005082592121981
24,2024-04-01,HNG,0.2736842105263158,0.28421052631578947,11934000000.0,0.014551805262506245,0.0023923444976077235,-0.10851063829787233
24,2024-04-01,HQC,0.3684210526315789,0.6736842105263158,60896500000.0,0.025660691405588798,0.052256532066508266,0.07004830917874405
24,2024-04-01,HSG,0.49473684210526314,0.4789473684210526,318089000000.0,0.018155720824236284,0.006451612903225712,0.03498190591073591
24,2024-04-01,HSL,0.06315789473684211,0.06315789473684211,1424000000.0,0.011010702515061699,-0.06643356643356646,-0.4233261339092873
24,2024-04-01,HTI,0.8789473684210526,0.5631578947368421,247065400.0,0.004450363053925296,0.014570552147239235,0.06350482315112549
24,2024-04-01,HTL,0.6631578947368421,0.8578947368421053,110054050.0,0.018132222273392427,0.04351939451277209,0.39797211660329523
24,2024-04-01,HTV,0.45263157894736844,0.15789473684210525,114086800.0,0.012608373898708366,-0.05067567567567566,-0.06020066889632103
24,2024-04-01,ICT,0.7894736842105263,0.6421052631578947,465000000.0,0.019010208345723006,0.038657171922685585,0.07473684210526321
24,2024-04-01,ITC,0.10526315789473684,0.8368421052631578,11653500000.0,0.024770798859510924,0.0815450643776825,0.16666666666666674
24,2024-04-01,JVC,0.9578947368421052,0.30526315789473685,1530500000.0,0.007869862531131389,-0.053475935828877,0.047337278106508895
24,2024-04-01,KMR,0.9157894736842105,0.4421052631578947,242500000.0,0.006155611186072607,0.00561797752808979,0.014164305949008416
24,2024-04-01,LDG,0.5421052631578948,0.5052631578947369,11184000000.0,0.021992095582744738,0.027027027027026973,0.01672240802675584
24,2024-04-01,LGL,0.8210526315789474,0.27368421052631575,509000000.0,0.009741944211062316,-0.012562814070351758,-0.04146341463414638
24,2024-04-01,MHC,0.7157894736842105,0.4263157894736842,2358500000.0,0.024615567603754773,0.008235294117647118,0.004689331770222793
24,2024-04-01,NAF,0.09473684210526316,0.8210526315789474,3503500000.0,0.0228350610910651,0.1203776553894571,0.1203776553894571
24,2024-04-01,NBB,0.08421052631578947,0.9052631578947369,10143000000.0,0.028890388029484473,0.18329466357308588,0.18329466357308588
24,2024-04-01,NCT,0.9157894736842105,0.4368421052631579,960500000.0,0.004486473966257613,-0.0010927468925010508,0.03072586328400284
24,2024-04-01,NVT,0.5263157894736842,0.6263157894736842,38689000.0,0.014758006187958621,0.02005012531328343,0.08533333333333348
24,2024-04-01,OGC,0.23157894736842105,0.1,3777500000.0,0.018078273607014653,-0.096551724137931,-0.07092198581560283
24,2024-04-01,PAN,0.30526315789473685,0.8368421052631579,65236000000.0,0.02394658899320859,0.054524361948955935,0.23254237288135604
24,2024-04-01,PET,0.14736842105263157,0.6526315789473685,28027500000.0,0.02077426524353361,0.11047510017172302,0.034115138592750505
24,2024-04-01,PGC,0.8789473684210526,0.48947368421052634,225500000.0,0.008504876751696408,0.027216856892010588,0.006018916595012858
24,2024-04-01,PHR,0.16842105263157894,0.9421052631578948,55938000000.0,0.02371560253778646,0.1238786027867913,0.2777777777777777
24,2024-04-01,PIT,0.24210526315789474,0.868421052631579,224000000.0,0.04201258107897817,0.1283783783783783,0.15172413793103456
24,2024-04-01,PTL,0.9894736842105263,0.2947368421052632,614500000.0,0.011337572072468724,-0.014669926650366483,0.0
24,2024-04-01,PVD,0.3263157894736842,0.7684210526315789,227154000000.0,0.02269549154337524,0.04281842818428183,0.16043425814234014
24,2024-04-01,QBS,0.5789473684210527,0.1842105263157895,644500000.0,0.010401661191535615,-0.022935779816513735,-0.0858369098712446
24,2024-04-01,QCG,0.021052631578947368,0.9736842105263157,11405000000.0,0.031544571311878516,0.38445154419595307,0.2935323383084578
24,2024-04-01,SCR,0.4421052631578947,0.6473684210526316,33831500000.0,0.017443301300631427,0.054054054054053946,0.054054054054053946
24,2024-04-01,SFG,0.4105263157894737,0.5421052631578948,292500000.0,0.026112136793619765,-0.0766312594840668,0.6786206896551723
24,2024-04-01,SFI,0.7684210526315789,0.6421052631578947,731643300.0,0.018804675969978736,0.008297258297258248,0.127016129032258
24,2024-04-01,SGN,0.8526315789473684,0.7526315789473683,1535500000.0,0.005727084352268316,0.04303797468354431,0.14481856815952932
24,2024-04-01,SHA,0.5894736842105263,0.37368421052631584,59589200.0,0.0049518068230844856,-0.008888888888888835,0.006772009029345272
24,2024-04-01,SKG,0.4,0.7263157894736842,11226500000.0,0.020838058862037653,0.05494505494505497,0.09090909090909083
24,2024-04-01,SRF,0.28421052631578947,0.8736842105263158,657500000.0,0.03522010766108585,0.0949720670391061,0.23425692695214106
24,2024-04-01,ST8,0.05263157894736842,0.0368421052631579,8546000000.0,0.024403290245989685,-0.10344827586206895,-0.4316939890710383
24,2024-04-01,STB,0.7578947368421053,0.5421052631578948,662001000000.0,0.0152197945971787,-0.011023622047244053,0.1234347048300537
24,2024-04-01,TCR,0.031578947368421054,0.9157894736842105,15689800.0,0.03941008252462262,0.1691842900302114,0.2093750000000001
24,2024-04-01,TDC,0.6421052631578947,0.3157894736842105,2765500000.0,0.010359930917056387,0.0023529411764706687,-0.06783369803063455
24,2024-04-01,TDG,0.968421052631579,0.2473684210526316,362000000.0,0.011737945854769602,-0.0749279538904899,0.03215434083601276
24,2024-04-01,TLG,0.3894736842105263,0.45789473684210524,7470000000.0,0.018240784397608255,0.034615384615384714,-0.035310344827586215
24,2024-04-01,TMT,0.17894736842105263,0.031578947368421054,122571500.0,0.019649120200033312,-0.1384083044982699,-0.1915584415584416
24,2024-04-01,TNI,0.9157894736842105,0.3368421052631579,444000000.0,0.008183786559302861,-0.02464788732394363,0.03745318352059934
24,2024-04-01,TNT,0.3368421052631579,0.868421052631579,3787000000.0,0.02537289393093562,0.06227106227106227,0.2554112554112553
24,2024-04-01,TRC,0.7052631578947368,0.8052631578947369,473500000.0,0.015961765940678593,0.041916167664670656,0.236234458259325
24,2024-04-01,TTA,0.7473684210526316,0.39473684210526316,3144000000.0,0.009128178287505475,-0.008883248730964466,0.023591087811271283
24,2024-04-01,TTF,0.3157894736842105,0.2789473684210526,11247000000.0,0.02005293386538341,-0.0617021276595745,0.03764705882352937
24,2024-04-01,TVT,0.6105263157894737,0.5631578947368421,87068000.0,0.017794966962528493,0.020710059171597628,0.05263157894736836
24,2024-04-01,VCB,0.8631578947368421,0.6368421052631579,148871500000.0,0.009525945332274351,-0.00821744627054366,0.18571698469676923
24,2024-04-01,VGC,0.43157894736842106,0.6210526315789473,91676000000.0,0.02344930258256486,0.03527265355767284,0.06908101318819337
24,2024-04-01,VID,0.7368421052631579,0.7947368421052632,130144000.0,0.0208048859713907,0.06290672451193058,0.13163972286374137
24,2024-04-01,VJC,0.5157894736842106,0.3,65362000000.0,0.007429306051782459,-0.008658551888568233,-0.048994823642711016
24,2024-04-01,VMD,0.7789473684210526,0.3526315789473684,122500000.0,0.004814078324453074,-0.009043927648578864,0.005901639344262355
24,2024-04-01,VNG,0.2631578947368421,0.2210526315789474,78000000.0,0.013786364934270037,-0.01220865704772478,-0.09183673469387754
24,2024-04-01,VOS,0.6,0.3,21752000000.0,0.01857504924293464,-0.05240549828178698,0.03958529688972656
24,2024-04-01,VPD,0.3473684210526316,0.8157894736842105,878500000.0,0.009742277467158316,0.07898658718330842,0.1565495207667731
24,2024-04-01,VPH,0.5052631578947369,0.3842105263157895,2484000000.0,0.023821521868542618,0.010542168674698704,-0.046875
24,2024-04-01,VPI,0.6210526315789474,0.48947368421052634,62401500000.0,0.009800241833483977,-0.0034950657894736725,0.05806592447063963
24,2024-04-01,VPS,0.25263157894736843,0.3368421052631579,20900200.0,0.011303101518153919,-0.007361963190184007,-0.036904761904761885
24,2024-04-01,VRC,0.010526315789473684,0.9894736842105263,1811500000.0,0.049927847841636036,0.49567367119901107,0.5162907268170427
24,2024-04-01,VRE,0.6526315789473685,0.42105263157894735,294685500000.0,0.02553043266713206,-0.04831288343558282,0.10311111111111115
24,2024-04-01,VTO,0.47368421052631576,0.7526315789473684,3485000000.0,0.013439068419327557,0.04171632896305133,0.1576158940397352
25,2024-04-26,AAM,0.8260869565217391,0.5217391304347827,20156850.0,0.01577312693338546,-0.058434399117971325,-0.016129032258064502
25,2024-04-26,ASM,0.10326086956521739,0.42934782608695654,47895000000.0,0.03182796538186239,-0.17225747960108795,0.06783625730994158
25,2024-04-26,ASP,0.5760869565217391,0.16304347826086957,386000000.0,0.017670986145712567,-0.1440329218106996,-0.17623762376237628
25,2024-04-26,AST,0.8586956521739131,0.5434782608695652,1326500000.0,0.008599921287563416,-0.041794569067296394,-0.036790885354853975
25,2024-04-26,BKG,0.20652173913043478,0.40760869565217395,2790000000.0,0.02657846275670974,-0.07380952380952377,-0.0715990453460621
25,2024-04-26,BMP,0.31521739130434784,0.7010869565217391,32588000000.0,0.029313974329917693,-0.035350710370287475,0.04407313234047705
25,2024-04-26,BTP,0.6086956521739131,0.5815217391304348,554000000.0,0.015375098266327734,-0.05795053003533568,0.0075585789871503994
25,2024-04-26,BWE,0.9130434782608695,0.6032608695652174,9088000000.0,0.011939929011084259,-0.049874616884926115,0.005899705014749346
25,2024-04-26,CCI,0.15217391304347827,0.5326086956521738,27339150.0,0.04562700301739873,-0.03465658475110267,-0.0647130647130646
25,2024-04-26,CCL,0.22826086956521738,0.40217391304347827,2583000000.0,0.029547418833761732,-0.19399249061326662,0.04885993485342022
25,2024-04-26,CIG,0.33695652173913043,0.06521739130434782,564000000.0,0.026476999207594477,-0.21805792163543436,-0.24132231404958682
25,2024-04-26,CLC,0.7608695652173914,0.7880434782608696,241661300.0,0.016544344629241297,0.020092735703245657,0.03904282115869018
25,2024-04-26,CLL,0.8369565217391305,0.5978260869565217,196500000.0,0.013469926219124706,-0.04289215686274506,-0.006361323155216314
25,2024-04-26,CSM,0.7282608695652174,0.8858695652173914,920500000.0,0.02661581267749185,-0.013437057991513401,0.21621621621621623
25,2024-04-26,CTI,0.43478260869565216,0.6576086956521738,7622500000.0,0.029004308006424125,-0.04060564349621476,0.016776075857038553
25,2024-04-26,DAH,0.717391304347826,0.40760869565217395,665500000.0,0.012953053085676725,-0.0581113801452785,-0.08470588235294119
25,2024-04-26,DCL,0.03260869565217391,0.907608695652174,7027000000.0,0.035950292245080874,0.13278008298755184,0.10303030303030303
25,2024-04-26,DCM,0.5108695652173914,0.40760869565217395,91197000000.0,0.02076371152874518,-0.13640889478924656,0.0
25,2024-04-26,DGW,0.6521739130434783,0.5760869565217391,127368500000.0,0.03442277262108594,-0.1033340236073721,0.07284440039643214
25,2024-04-26,DHC,0.391304347826087,0.29891304347826086,11500500000.0,0.018478946845445203,-0.13536096256684493,-0.06166122597025747
25,2024-04-26,DLG,0.21739130434782608,0.05434782608695652,4602000000.0,0.029290666386571542,-0.21276595744680848,-0.26877470355731226
25,2024-04-26,DMC,0.7717391304347826,0.8804347826086956,158500000.0,0.018117640521899108,0.024717982747179734,0.12883771929824572
25,2024-04-26,DQC,0.5652173913043478,0.4184782608695652,443000000.0,0.018403515759929615,-0.08476821192052986,-0.0462387853692201
25,2024-04-26,DSN,0.9347826086956522,0.7771739130434783,639000000.0,0.00788498422606214,-0.015969741542340876,0.04531250000000009
25,2024-04-26,DTA,0.2826086956521739,0.13043478260869565,184000000.0,0.025657027223198573,-0.15250544662309373,-0.19958847736625518
25,2024-04-26,DXV,0.021739130434782608,1.0,467000000.0,0.05073492849575971,0.6781002638522426,0.7569060773480663
25,2024-04-26,EIB,0.7065217391304348,0.5217391304347826,158400000000.0,0.01987279784775034,-0.02941176470588236,-0.08890115958034239
25,2024-04-26,GTA,0.2717391304347826,0.3423913043478261,101765500.0,0.033396310903186635,-0.05600000000000005,-0.17031249999999998
25,2024-04-26,GVR,0.3804347826086957,0.6793478260869565,143098500000.0,0.03654998613101541,-0.09200743494423791,0.4353574926542605
25,2024-04-26,HAG,0.44565217391304346,0.40217391304347827,179438000000.0,0.024425637273485803,-0.0424710424710425,-0.15932203389830513
25,2024-04-26,HAR,0.06521739130434782,0.4945652173913043,3848500000.0,0.030104736688062142,-0.055928411633109576,-0.038724373576309756
25,2024-04-26,HBC,0.14130434782608695,0.1793478260869565,12045000000.0,0.02364966079932824,-0.1463687150837989,-0.1520532741398446
25,2024-04-26,HNG,0.4782608695652174,0.32608695652173914,8858500000.0,0.01365993160860422,-0.05620608899297408,-0.1792260692464357
25,2024-04-26,HQC,0.05434782608695652,0.19565217391304346,27319000000.0,0.023331639135812564,-0.16150442477876104,-0.09330143540669855
25,2024-04-26,HSG,0.532608695652174,0.1467391304347826,207250000000.0,0.025040623172528306,-0.17209834190966267,-0.13809523809523805
25,2024-04-26,HSL,0.41304347826086957,0.08695652173913043,856000000.0,0.016733089965705668,-0.1598513011152416,-0.34302325581395354
25,2024-04-26,HTI,0.9565217391304348,0.7445652173913043,130500000.0,0.005209040655742105,-0.017332328560663135,0.026771653543307128
25,2024-04-26,HTL,0.6413043478260869,0.9565217391304348,62884700.0,0.014586342488207222,0.042553191489361764,0.4523195876288659
25,2024-04-26,HTV,0.30434782608695654,0.4782608695652174,39177450.0,0.01971074560096747,-0.03294117647058825,-0.12085561497326203
25,2024-04-26,ICT,0.9782608695652174,0.6956521739130435,298500000.0,0.01156060507864642,-0.03689320388349515,0.04421052631578948
25,2024-04-26,ITC,0.043478260869565216,0.23369565217391305,8405500000.0,0.027344573104383065,-0.21199999999999997,-0.05288461538461542
25,2024-04-26,JVC,0.6630434782608695,0.42934782608695654,987000000.0,0.01590722580499238,-0.0980392156862745,-0.033033033033033066
25,2024-04-26,KMR,0.8695652173913043,0.5434782608695652,138671000.0,0.004985102967385057,-0.052631578947368474,-0.02564102564102566
25,2024-04-26,LDG,0.42391304347826086,0.28260869565217395,6332000000.0,0.021088907137463586,-0.1143790849673203,-0.11726384364820852
25,2024-04-26,LGL,0.3695652173913043,0.043478260869565216,393000000.0,0.021818233311598094,-0.240506329113924,-0.25187032418952615
25,2024-04-26,MHC,0.40217391304347827,0.532608695652174,2626000000.0,0.036152569812039397,-0.05548996458087363,-0.027946537059538312
25,2024-04-26,NAF,0.6304347826086957,0.8804347826086957,3361500000.0,0.026340545099438343,0.023792357606344572,0.1396468699839486
25,2024-04-26,NBB,0.6847826086956522,0.6630434782608696,3126000000.0,0.02508208341052276,-0.07465618860510803,0.14598540145985406
25,2024-04-26,NCT,0.8913043478260869,0.6032608695652174,945000000.0,0.00613951890824658,-0.03637358129358681,-0.02233629300776918
25,2024-04-26,NVT,0.8804347826086957,0.6467391304347826,31266900.0,0.012800820233004453,-0.03105590062111807,-0.006369426751592355
25,2024-04-26,OGC,0.358695652173913,0.1847826086956522,2472500000.0,0.030849887274255684,-0.11976047904191611,-0.24226804123711343
25,2024-04-26,PAN,0.10326086956521739,0.45652173913043476,33422000000.0,0.02531292654598446,-0.15111838516093834,0.05491525423728816
25,2024-04-26,PET,0.08695652173913043,0.266304347826087,11623500000.0,0.028556399806682533,-0.15580448065173114,-0.056346044393853156
25,2024-04-26,PGC,0.967391304347826,0.6847826086956521,376000000.0,0.009300043335857188,-0.02991452991452992,0.00709849157054121
25,2024-04-26,PHR,0.5217391304347826,0.625,34238000000.0,0.023912171615288476,-0.1115821604205528,0.17334826427771555
25,2024-04-26,PIT,0.29347826086956524,0.7771739130434783,65500000.0,0.03618197523670974,-0.02985074626865669,0.07438016528925617
25,2024-04-26,PTL,0.32608695652173914,0.44021739130434784,1137500000.0,0.029205055045537474,-0.07125307125307145,-0.05500000000000005
25,2024-04-26,PVD,0.5434782608695652,0.6195652173913043,215730500000.0,0.02965666011839692,-0.07582184517497348,0.07992565055762091
25,2024-04-26,QBS,0.4891304347826087,0.016304347826086956,3405500000.0,0.05194752777838291,-0.33333333333333337,-0.3513513513513513
25,2024-04-26,QCG,0.010869565217391304,0.9891304347826086,25477500000.0,0.049827881270129395,0.17829457364341095,0.6521739130434783
25,2024-04-26,SCR,0.18478260869565216,0.2717391304347826,25952500000.0,0.026452990314027848,-0.1428571428571429,-0.0730337078651685
25,2024-04-26,SFG,0.5,0.9673913043478262,204060600.0,0.036749826011919264,0.06630824372759858,0.49122807017543857
25,2024-04-26,SGN,0.9239130434782609,0.7771739130434783,1216500000.0,0.007838978438964033,-0.021472834702406685,0.055167055167055334
25,2024-04-26,SHA,0.8152173913043478,0.5652173913043478,92290450.0,0.014499832947193566,-0.03811659192825112,-0.03378378378378377
25,2024-04-26,SKG,0.11956521739130435,0.48913043478260865,20570000000.0,0.033527903172824385,-0.0744336569579288,-0.022222222222222254
25,2024-04-26,SRC,0.17391304347826086,0.32065217391304346,127746450.0,0.036019658566423564,-0.1115044247787611,-0.08477666362807657
25,2024-04-26,SRF,0.7391304347826086,0.842391304347826,303195000.0,0.023370575996966143,-0.025000000000000022,0.1607142857142858
25,2024-04-26,ST8,1.0,0.021739130434782608,5527000000.0,0.037543620341616665,-0.23904761904761906,-0.5772486772486772
25,2024-04-26,STB,0.5869565217391305,0.3097826086956522,708579500000.0,0.01929726641290762,-0.11875000000000002,-0.07540983606557372
25,2024-04-26,TCR,0.34782608695652173,0.9239130434782609,6914800.0,0.04544992176141519,0.041095890410958846,0.1838006230529594
25,2024-04-26,TDC,0.5543478260869565,0.29347826086956524,2540000000.0,0.018178736982122714,-0.10256410256410253,-0.125
25,2024-04-26,TDG,0.6195652173913043,0.47282608695652173,164000000.0,0.01653271363358744,-0.07407407407407407,-0.032258064516129004
25,2024-04-26,TLG,0.9021739130434783,0.7608695652173914,4261000000.0,0.015062373636946163,-0.003939223410241999,0.022530329289428108
25,2024-04-26,TMT,0.16304347826086957,0.19021739130434784,117117000.0,0.019837655995905385,-0.11290322580645162,-0.2715231788079471
25,2024-04-26,TNI,0.6956521739130435,0.23369565217391303,454000000.0,0.01550775744735266,-0.12857142857142856,-0.13475177304964536
25,2024-04-26,TNT,0.25,0.592391304347826,3921000000.0,0.028516100858243274,-0.11525423728813555,0.14473684210526305
25,2024-04-26,TRC,0.6739130434782609,0.9510869565217391,368187800.0,0.021795488576318807,0.0758307299062766,0.3080110497237569
25,2024-04-26,TTA,0.9456521739130435,0.6793478260869565,2146500000.0,0.008775912223393374,-0.025542784163473775,-0.0013089005235602524
25,2024-04-26,TTF,0.5978260869565217,0.23369565217391303,7873000000.0,0.015878771289090696,-0.1333333333333333,-0.1235955056179775
25,2024-04-26,VCB,0.9891304347826086,0.6032608695652174,116060500000.0,0.009887342796663088,-0.04707560627674745,0.002167027837973068
25,2024-04-26,VGC,0.13043478260869565,0.4184782608695652,46439500000.0,0.021793481428940522,-0.14473684210526316,0.007981755986316896
25,2024-04-26,VJC,0.782608695652174,0.7119565217391304,94653500000.0,0.015711947558309063,0.007810531620055405,-0.008551245507497862
25,2024-04-26,VMD,0.8043478260869565,0.5326086956521738,55217350.0,0.01443087737247966,-0.044184535412605586,-0.035409836065573796
25,2024-04-26,VNG,0.2608695652173913,0.40217391304347827,68772700.0,0.018871110746295643,-0.06426155580608794,-0.07777777777777772
25,2024-04-26,VOS,0.07608695652173914,0.2554347826086957,14084500000.0,0.024340572256465604,-0.13116197183098588,-0.09366391184572997
25,2024-04-26,VPD,0.75,0.875,917000000.0,0.021605050739125886,0.02659574468085113,0.08927655207798879
25,2024-04-26,VPH,0.2391304347826087,0.1358695652173913,2015000000.0,0.022936250183175085,-0.16815476190476186,-0.15939849624060154
25,2024-04-26,VPI,0.7934782608695652,0.8206521739130435,57661500000.0,0.01105770212558946,0.0,0.07082152974504252
25,2024-04-26,VPS,0.1956521739130435,0.27717391304347827,44852500.0,0.01955154342793499,-0.09022556390977443,-0.16455696202531644
25,2024-04-26,VRC,0.4673913043478261,0.5163043478260869,1100500000.0,0.03375129275872083,-0.17374517374517373,0.356147021546261
25,2024-04-26,VRE,0.45652173913043476,0.32608695652173914,169896000000.0,0.026046982140205455,-0.12474767864352043,-0.056570931244560474
25,2024-04-26,VTO,0.8478260869565217,0.8206521739130435,2487500000.0,0.012121422033528602,-0.01732101616628179,0.07994923857868019
26,2024-05-31,AAM,0.45555555555555555,0.08333333333333333,26386100.0,0.017932616419410036,-0.06206088992974235,-0.12363238512035013
26,2024-05-31,ASM,0.26666666666666666,0.7166666666666667,54199000000.0,0.018887209166845057,0.10891089108910901,0.05660377358490565
26,2024-05-31,ASP,0.28888888888888886,0.5611111111111111,429000000.0,0.02582799829610714,0.14634146341463405,-0.06374501992031878
26,2024-05-31,AST,0.5888888888888889,0.5888888888888889,2888500000.0,0.022379787521624804,0.06669842782277269,0.04455330067646379
26,2024-05-31,BKG,0.34444444444444444,0.16666666666666666,2182000000.0,0.020935728812873755,0.020356234096692072,-0.2090729783037475
26,2024-05-31,BMP,0.7111111111111111,0.3,23091000000.0,0.012128252689356194,-0.017763731473408928,-0.000554446662231145
26,2024-05-31,BTP,0.5222222222222223,0.05555555555555555,714000000.0,0.010669839520840128,-0.0603932584269663,-0.17712177121771222
26,2024-05-31,BWE,0.3888888888888889,0.7888888888888889,27288000000.0,0.016228600854029142,0.10810810810810811,0.14446043165467626
26,2024-05-31,CCI,0.1,0.3055555555555555,35373700.0,0.04500969238567931,0.031649831649831706,-0.07263922518159804
26,2024-05-31,CCL,0.011111111111111112,0.9333333333333333,11143500000.0,0.03450263272022036,0.39509954058192953,0.1649616368286444
26,2024-05-31,CIG,0.044444444444444446,0.43333333333333335,904500000.0,0.04433407028230096,0.12747252747252746,-0.1576354679802956
26,2024-05-31,CLC,0.25555555555555554,0.9222222222222223,373180150.0,0.01771504047297927,0.15842763549731975,0.2337456390738979
26,2024-05-31,CLL,0.9444444444444444,0.2,219000000.0,0.012667172885821762,-0.0244798041615667,-0.046650717703349276
26,2024-05-31,CSM,0.12222222222222222,0.8333333333333333,2210500000.0,0.042015424571614134,0.1004213483146068,0.2616747181964574
26,2024-05-31,CTI,0.18888888888888888,0.8611111111111112,21753000000.0,0.022795734181354447,0.17045454545454541,0.1165311653116532
26,2024-05-31,DAH,0.8555555555555555,0.17777777777777778,677000000.0,0.009692311577390353,0.0,-0.09403669724770647
26,2024-05-31,DCL,0.3333333333333333,0.7722222222222221,13092500000.0,0.02548684944758415,0.08518518518518525,0.19348268839103877
26,2024-05-31,DCM,0.7222222222222222,0.8388888888888889,210115000000.0,0.020993325715179173,0.17330383480825962,0.09610747502583528
26,2024-05-31,DGW,0.9555555555555556,0.7444444444444445,141616500000.0,0.015944326470491866,0.10161662817551953,0.10161662817551953
26,2024-05-31,DHC,0.43333333333333335,0.6333333333333333,25226000000.0,0.016564749720189446,0.12239382239382235,-0.004452054794520599
26,2024-05-31,DLG,0.5,0.3055555555555556,2934500000.0,0.017211910011212226,0.03980099502487566,-0.09913793103448276
26,2024-05-31,DQC,0.8666666666666667,0.4111111111111111,504500000.0,0.012415545255475462,0.04694167852062581,-0.02838283828382837
26,2024-05-31,DSN,0.8888888888888888,0.3,664500000.0,0.004013667192004344,0.005347593582887722,-0.02408637873754149
26,2024-05-31,DTA,0.3111111111111111,0.34444444444444444,95500000.0,0.02472323211178154,0.07407407407407418,-0.14164904862579286
26,2024-05-31,DTL,0.5555555555555556,0.3111111111111111,4934500.0,0.02020435445523478,0.022727272727272707,-0.04929577464788737
26,2024-05-31,DXV,0.3,0.5,495500000.0,0.03863365351953644,-0.1746905089408528,0.6085790884718498
26,2024-05-31,EIB,0.6666666666666666,0.7722222222222221,211380000000.0,0.021155466471409496,0.13349814585908537,0.09036860879904873
26,2024-05-31,GTA,0.17777777777777778,0.25555555555555554,383000000.0,0.03695173144390086,0.04651162790697683,-0.1551020408163265
26,2024-05-31,GVR,0.03333333333333333,0.9333333333333333,180506000000.0,0.019927693585521232,0.19568245125348183,0.17966334592923383
26,2024-05-31,HAG,0.6222222222222222,0.8666666666666667,251981000000.0,0.026065564100663883,0.16465863453815266,0.1328125
26,2024-05-31,HAR,0.8222222222222222,0.5166666666666666,1571000000.0,0.01529846157026796,0.03240740740740744,0.037209302325581506
26,2024-05-31,HBC,0.36666666666666664,0.4388888888888889,8716500000.0,0.013572064358092129,0.08666666666666667,-0.08013544018058694
26,2024-05-31,HNG,0.32222222222222224,0.7444444444444445,12243000000.0,0.02213892449376808,0.11749999999999994,0.06937799043062198
26,2024-05-31,HQC,0.23333333333333334,0.6499999999999999,28945000000.0,0.020441314474682327,0.11023622047244097,0.004750593824228044
26,2024-05-31,HSG,0.9666666666666667,0.49444444444444446,197222000000.0,0.01462808325535336,0.09048257372654156,-0.04574780058651029
26,2024-05-31,HSL,0.07777777777777778,0.38888888888888884,582500000.0,0.02089515749517718,0.09111111111111114,-0.14160839160839156
26,2024-05-31,HTI,0.9277777777777778,0.37777777777777777,1005000000.0,0.012771883077163313,0.005319148936170137,0.014570552147239235
26,2024-05-31,HTL,0.4888888888888889,0.6388888888888888,50670700.0,0.02320463077645179,0.06820276497695854,0.09649952696310304
26,2024-05-31,HU1,0.13333333333333333,0.24444444444444446,10869250.0,0.0370879612091883,0.020599250936329527,-0.10066006600660071
26,2024-05-31,ICT,0.35555555555555557,0.8777777777777778,1104000000.0,0.028441658412204533,0.1586978636826042,0.1586978636826042
26,2024-05-31,ITC,0.5666666666666667,0.2777777777777778,3563500000.0,0.016794822663680896,0.03499999999999992,-0.11158798283261806
26,2024-05-31,JVC,0.05555555555555555,0.6777777777777778,2825000000.0,0.026908914214577775,0.1476923076923078,-0.002673796791443861
26,2024-05-31,KMR,0.9111111111111111,0.40555555555555556,252500000.0,0.011922093937329858,0.02005730659025784,0.0
26,2024-05-31,LDG,0.6,0.5277777777777778,6580000000.0,0.021621894911122454,0.07806691449814118,-0.020270270270270285
26,2024-05-31,LGL,0.4222222222222222,0.45555555555555555,457500000.0,0.025303675769514807,0.13468013468013473,-0.1532663316582915
26,2024-05-31,MHC,0.7555555555555555,0.4,914500000.0,0.013410659619653357,0.025798525798525596,-0.01764705882352946
26,2024-05-31,NAF,0.5111111111111111,0.7388888888888889,5019000000.0,0.026995967355784974,0.07108350586611456,0.22108575924468932
26,2024-05-31,NBB,0.8444444444444444,0.5166666666666667,1950000000.0,0.013230646716984998,0.006147540983606481,0.13921113689095121
26,2024-05-31,NCT,0.9,0.47777777777777775,756500000.0,0.006550039957328236,0.033659217877094916,0.010927468925010286
26,2024-05-31,NVT,0.4111111111111111,0.5444444444444444,20195700.0,0.027200332283889957,0.05128205128205132,0.02499999999999991
26,2024-05-31,OGC,0.24444444444444444,0.47777777777777775,2439000000.0,0.019716718239446304,0.12262521588946451,-0.10344827586206895
26,2024-05-31,PAN,0.5777777777777777,0.5222222222222223,32942000000.0,0.011913494340357253,0.07330827067669166,-0.006380510440835319
26,2024-05-31,PET,0.06666666666666667,0.9333333333333333,34254000000.0,0.023276424353547216,0.23987915407854987,0.17458500286204925
26,2024-05-31,PGC,0.4666666666666667,0.8388888888888889,919500000.0,0.011513355147348142,0.14781834372217273,0.13169446883230895
26,2024-05-31,PHR,0.6111111111111112,0.6833333333333333,29840500000.0,0.013058389445893135,0.07445418921440572,0.09906470700515357
26,2024-05-31,PIT,0.4444444444444444,0.5111111111111111,41561800.0,0.01930467376164664,0.026666666666666616,0.04054054054054057
26,2024-05-31,PTL,0.6888888888888889,0.3,512500000.0,0.008752362128269523,0.024128686327077764,-0.0660146699266504
26,2024-05-31,PVD,0.9777777777777777,0.5222222222222223,181109000000.0,0.016562829632246704,0.061855670103092786,0.004878048780487809
26,2024-05-31,QCG,0.14444444444444443,0.5666666666666667,15609000000.0,0.03772841231146068,-0.0032573289902280145,0.6293929712460065
26,2024-05-31,SCR,0.6333333333333333,0.5055555555555555,13097000000.0,0.01552276714192165,0.07784431137724557,-0.027027027027026973
26,2024-05-31,SFG,0.2222222222222222,0.5055555555555555,265000000.0,0.02406662299342693,0.060322854715378016,0.004022526146419958
26,2024-05-31,SFI,0.7,0.3388888888888889,206634050.0,0.018640755267954705,0.0163498098859316,-0.024452554744525568
26,2024-05-31,SGN,0.9277777777777778,0.4166666666666667,746500000.0,0.009198349664148883,0.008281573498964745,0.015338793745346191
26,2024-05-31,SHA,0.8333333333333334,0.22777777777777777,73500000.0,0.011240872956867053,-0.002331002331002363,-0.04888888888888887
26,2024-05-31,SKG,0.6444444444444445,0.5222222222222221,9931000000.0,0.015691693093268438,0.07385398981324287,-0.007064364207221341
26,2024-05-31,SRC,0.022222222222222223,0.8500000000000001,80000000.0,0.04114817854955781,0.1357421875,0.16300000000000003
26,2024-05-31,ST8,0.16666666666666666,0.37222222222222223,7474000000.0,0.03573846469348612,0.10696517412935336,-0.23275862068965514
26,2024-05-31,STB,0.8,0.18888888888888888,289228500000.0,0.012475108043885531,0.010889292196007316,-0.12283464566929136
26,2024-05-31,TCR,0.2111111111111111,0.45,12348450.0,0.043852069979949906,0.0056022408963585235,0.06845238095238093
26,2024-05-31,TDC,0.6777777777777778,0.5388888888888889,2201000000.0,0.012442338449812013,0.09827357237715795,-0.027058823529411802
26,2024-05-31,TDG,0.4777777777777778,0.7611111111111111,629000000.0,0.024683148307649807,0.17391304347826098,0.011527377521613813
26,2024-05-31,TLG,0.7444444444444445,0.6722222222222223,3689500000.0,0.009232627978495412,0.07149009474590873,0.10414201183431948
26,2024-05-31,TMT,0.1111111111111111,0.06111111111111111,62452000.0,0.02692762027226803,-0.009009009009009028,-0.23875432525951557
26,2024-05-31,TNI,0.4,0.45,655000000.0,0.018913341512438495,0.09282700421940926,-0.0880281690140845
26,2024-05-31,TNT,0.2777777777777778,0.2222222222222222,2842000000.0,0.020430427154393124,-0.011257035647279534,-0.034798534798534786
26,2024-05-31,TTA,0.7777777777777778,0.35,4647000000.0,0.008994915877030621,0.01576872536136653,-0.019035532994923887
26,2024-05-31,TTF,0.5444444444444444,0.34444444444444444,6816000000.0,0.01430734347954623,0.06905370843989767,-0.11063829787234047
26,2024-05-31,TVT,0.8777777777777778,0.5,136500000.0,0.00965458796194588,0.034220532319391594,0.014925373134328401
26,2024-05-31,VCB,1.0,0.1388888888888889,127069000000.0,0.007956542528812489,-0.05739586749754022,-0.09165613147914031
26,2024-05-31,VGC,0.7333333333333333,0.43333333333333335,33243500000.0,0.016912102820790743,0.06820214669051872,-0.031623758362051446
26,2024-05-31,VJC,0.9888888888888889,0.4388888888888889,116136500000.0,0.024381173143127276,0.01042561020483257,0.0337558037394905
26,2024-05-31,VNG,0.5333333333333333,0.18888888888888888,67000000.0,0.0254569733622629,-0.005910165484633523,-0.06659267480577136
26,2024-05-31,VOS,0.08888888888888889,0.9888888888888889,65885000000.0,0.03625267653355412,0.484359233097881,0.2637457044673539
26,2024-05-31,VPD,0.7666666666666667,0.45555555555555555,211000000.0,0.008843465843669606,0.007977475363678987,0.06706408345752601
26,2024-05-31,VPH,0.37777777777777777,0.6222222222222222,2632500000.0,0.025914068421848013,0.15827338129496393,-0.030120481927710885
26,2024-05-31,VPI,0.8111111111111111,0.45,72611000000.0,0.007791640245851857,0.018708881578947345,0.018708881578947345
26,2024-05-31,VPS,0.6555555555555556,0.37777777777777777,24625500.0,0.01928945766310785,0.052341597796143224,-0.06257668711656439
26,2024-05-31,VRC,0.15555555555555556,0.47222222222222227,627000000.0,0.028123406173255663,-0.1050691244239631,0.20024721878862795
26,2024-05-31,VRE,0.7888888888888889,0.03888888888888889,167718500000.0,0.012762301068457991,-0.07079646017699115,-0.19478527607361962
26,2024-05-31,VTO,0.2,0.95,9947500000.0,0.024380436822421865,0.18620689655172407,0.23003575685339683
27,2024-07-01,AAM,0.42857142857142855,0.15934065934065933,48000000.0,0.014151229144422907,-0.06594724220623505,-0.12668161434977576
27,2024-07-01,ASM,0.38461538461538464,0.06593406593406594,32249000000.0,0.017240355078960004,-0.0866533864541833,-0.15948670944087995
27,2024-07-01,ASP,0.9340659340659341,0.46703296703296704,356000000.0,0.01137285390330884,-0.01898734177215189,-0.03526970954356845
27,2024-07-01,AST,0.25274725274725274,0.7637362637362637,2067500000.0,0.0288152764090588,0.009784735812133016,0.0927058823529412
27,2024-07-01,BKG,0.8571428571428571,0.5631868131868132,1111500000.0,0.01140245309490416,0.0,-0.031325301204819245
27,2024-07-01,BMP,0.5494505494505495,0.15384615384615385,19966000000.0,0.013349291316156192,-0.08593576965669991,-0.09821916311591827
27,2024-07-01,BTP,0.9010989010989011,0.4285714285714286,881000000.0,0.008746563599509455,-0.017804154302670572,-0.05765124555160139
27,2024-07-01,BWE,0.3516483516483517,0.8626373626373627,20712500000.0,0.020376997649512247,0.05124340617935186,0.15162355531095217
27,2024-07-01,CCL,0.0989010989010989,0.4615384615384615,13410500000.0,0.03466947602575454,-0.09268795056642631,0.11518987341772147
27,2024-07-01,CIG,0.4725274725274725,0.15934065934065933,443500000.0,0.01342305400924723,-0.060428849902534165,-0.15140845070422537
27,2024-07-01,CLC,0.27472527472527475,0.5824175824175823,458195050.0,0.016782606429762696,-0.05778894472361806,0.16243025418474888
27,2024-07-01,CLL,0.967032967032967,0.6648351648351649,274500000.0,0.012182682834009332,0.017654476670870167,-0.011029411764705843
27,2024-07-01,CSM,0.24175824175824176,0.27472527472527475,1366000000.0,0.017178375032899613,-0.11145320197044328,-0.02893674293405113
27,2024-07-01,CTI,0.5934065934065934,0.5164835164835164,15320500000.0,0.02136531872243202,-0.06310679611650483,0.058984910836762605
27,2024-07-01,DAH,0.8791208791208791,0.4340659340659341,747500000.0,0.008711223552300753,-0.012626262626262652,-0.06459330143540665
27,2024-07-01,DCL,0.8241758241758241,0.6318681318681318,11738500000.0,0.012463678938066991,-0.04040404040404044,0.19496855345911945
27,2024-07-01,DCM,0.6483516483516484,0.7142857142857143,194248500000.0,0.01988205346811619,-0.008795875037913237,0.10967741935483866
27,2024-07-01,DGW,0.7582417582417582,0.3516483516483516,104147000000.0,0.01814817409780985,-0.026365745623286196,-0.06672058228871813
27,2024-07-01,DHC,0.6263736263736264,0.35714285714285715,17849500000.0,0.019044774011527755,-0.03314917127071826,-0.05977165883143054
27,2024-07-01,DLG,0.31868131868131866,0.13736263736263737,2294500000.0,0.020078153367991944,-0.07075471698113212,-0.14347826086956517
27,2024-07-01,DMC,0.9120879120879121,0.39560439560439564,237500000.0,0.009091888746247811,-0.04618707426482804,-0.0328504043126685
27,2024-07-01,DQC,0.978021978021978,0.3131868131868132,447000000.0,0.011030969673968449,-0.06329113924050633,-0.04223433242506813
27,2024-07-01,DSN,0.8351648351648352,0.7087912087912088,954000000.0,0.005693781082568137,0.023404255319148914,0.016054076890578806
27,2024-07-01,DTA,0.5164835164835165,0.42857142857142855,64743000.0,0.012471001872421915,0.007537688442211143,-0.09887640449438206
27,2024-07-01,DTL,0.16483516483516483,0.510989010989011,54844250.0,0.035833218518880425,0.007407407407407307,-0.04895104895104896
27,2024-07-01,DXV,0.04395604395604396,0.7637362637362637,101000000.0,0.03936630518378185,-0.01774193548387093,0.5777202072538861
27,2024-07-01,EIB,1.0,0.43956043956043955,132903000000.0,0.01602003290796934,-0.06593406593406592,0.016138673042438656
27,2024-07-01,GTA,0.8021978021978022,0.46703296703296704,186000000.0,0.012703782211573426,-0.01532567049808431,-0.04014939309056953
27,2024-07-01,GVR,0.01098901098901099,0.5,152455500000.0,0.029746539497148995,-0.019888856390757548,-0.026720882950914904
27,2024-07-01,HAG,0.3626373626373626,0.21978021978021978,157685500000.0,0.02212320126494652,-0.18666666666666665,-0.03937007874015752
27,2024-07-01,HAR,0.6043956043956044,0.19780219780219782,805000000.0,0.014475776930886397,-0.08277404921700227,-0.0848214285714286
27,2024-07-01,HBC,0.9230769230769231,0.2582417582417582,5768500000.0,0.011004134422222363,-0.054187192118226535,-0.09219858156028371
27,2024-07-01,HNG,0.12087912087912088,0.9230769230769231,23351500000.0,0.03659628391502361,0.12895927601809953,0.17966903073286056
27,2024-07-01,HQC,0.5604395604395604,0.07692307692307693,17229500000.0,0.009499005446179914,-0.09905660377358494,-0.13181818181818183
27,2024-07-01,HSG,0.5384615384615384,0.8351648351648351,424934500000.0,0.026826340166342454,0.09172661870503607,0.03701594533029606
27,2024-07-01,HSL,0.32967032967032966,0.3571428571428571,553000000.0,0.011714649558950704,-0.03288201160541582,-0.06015037593984962
27,2024-07-01,HTI,0.8901098901098901,0.6043956043956045,529500000.0,0.005668162739698127,-0.003023431594860182,0.0022796352583587254
27,2024-07-01,HTL,0.08791208791208792,0.989010989010989,130882600.0,0.036956616736501,0.3122326775021387,0.39963503649635035
27,2024-07-01,HTV,0.3076923076923077,0.7912087912087913,29653000.0,0.023792159094757796,0.0439429928741093,0.034117647058823586
27,2024-07-01,HU1,0.10989010989010989,0.3901098901098901,9905450.0,0.043078629423174586,-0.0748752079866889,0.005424954792043302
27,2024-07-01,ICT,0.06593406593406594,0.8681318681318682,5460500000.0,0.048315441687951384,0.035683942225998244,0.19862340216322516
27,2024-07-01,ITC,0.1978021978021978,0.6840659340659341,11424500000.0,0.030169898188029513,0.13207547169811318,-0.040000000000000036
27,2024-07-01,JVC,0.6703296703296703,0.5274725274725275,1902000000.0,0.01788190839090596,-0.04021447721179627,0.019943019943019946
27,2024-07-01,KMR,0.7692307692307693,0.510989010989011,156500000.0,0.00348177393818882,-0.0196629213483146,-0.025139664804469275
27,2024-07-01,LDG,0.34065934065934067,0.27472527472527475,5438000000.0,0.021642828494204704,-0.04861111111111116,-0.0897009966777409
27,2024-07-01,LGL,0.4175824175824176,0.05494505494505495,274500000.0,0.011486626324082854,-0.08875739644970415,-0.20822622107969146
27,2024-07-01,MHC,0.6153846153846154,0.4285714285714286,990000000.0,0.014767143640528231,-0.018050541516245522,-0.051162790697674376
27,2024-07-01,NAF,0.6813186813186813,0.6978021978021978,2452500000.0,0.008884461625575305,-0.01331642358909324,0.09887005649717517
27,2024-07-01,NBB,0.7802197802197802,0.6071428571428572,1098500000.0,0.016102312931062582,0.0,-0.01964636542239684
27,2024-07-01,NCT,0.5054945054945055,0.8791208791208791,1237000000.0,0.012441928353080592,0.08886224353850247,0.11759879666347595
27,2024-07-01,NVT,0.02197802197802198,0.9615384615384615,251522250.0,0.049570516887828965,0.18712753277711558,0.23726708074534142
27,2024-07-01,OGC,0.2967032967032967,0.2252747252747253,2625500000.0,0.022518846588763936,-0.07109737248840808,-0.07538461538461538
27,2024-07-01,PAN,0.4065934065934066,0.5824175824175825,39421000000.0,0.021321390531719355,0.012549914432401499,-0.03375068045726726
27,2024-07-01,PET,0.26373626373626374,0.3076923076923077,47182000000.0,0.02574382911944589,-0.07673509286412517,-0.031778575089697614
27,2024-07-01,PGC,0.5824175824175825,0.49450549450549447,1739000000.0,0.018843389906451465,-0.06818181818181823,0.06125970664365843
27,2024-07-01,PHR,0.7362637362637363,0.3241758241758242,17671500000.0,0.016438213319976476,-0.04118954024953003,-0.06045888460894322
27,2024-07-01,PIT,0.3956043956043956,0.29120879120879123,29128150.0,0.011762047166964003,-0.02759740259740262,-0.1032934131736527
27,2024-07-01,PTL,0.4835164835164835,0.46703296703296704,495500000.0,0.01978862375836985,0.015625,-0.09512761020881666
27,2024-07-01,PVD,0.945054945054945,0.06043956043956045,122967000000.0,0.0182514025367076,-0.08985200845665964,-0.15753424657534243
27,2024-07-01,QCG,0.054945054945054944,0.3131868131868132,7346500000.0,0.03380980616547787,-0.1596091205211726,-0.007692307692307665
27,2024-07-01,SCR,0.6593406593406593,0.2142857142857143,10092000000.0,0.008379905584240049,-0.052197802197802234,-0.11989795918367352
27,2024-07-01,SFI,0.6923076923076923,0.6923076923076923,580500000.0,0.018181079588278404,0.030677141788252982,-0.017124509454156223
27,2024-07-01,SGN,0.43956043956043955,0.8571428571428572,4873000000.0,0.01368406773829816,0.09124928036845126,0.08391708363116512
27,2024-07-01,SHA,0.7142857142857143,0.554945054945055,52756800.0,0.01110298759806523,-0.0023148148148147696,-0.029279279279279313
27,2024-07-01,SKG,0.6373626373626373,0.23076923076923075,9193000000.0,0.014978543061709808,-0.04773082942097029,-0.1136198106336489
27,2024-07-01,SRF,0.4945054945054945,0.5,207049950.0,0.018753286689011984,-0.0010384215991692258,-0.04752475247524757
27,2024-07-01,ST8,0.23076923076923078,0.4065934065934066,7535500000.0,0.02808891003555356,0.008918617614269708,-0.12135922330097082
27,2024-07-01,STB,0.8461538461538461,0.521978021978022,449218000000.0,0.016565505004476795,-0.015126050420168013,-0.0298013245033113
27,2024-07-01,TCR,0.15384615384615385,0.2967032967032967,8360100.0,0.038188398028038625,-0.03551912568306015,-0.09254498714652959
27,2024-07-01,TDC,0.46153846153846156,0.7527472527472527,2281500000.0,0.018684869580811423,0.023612750885478206,0.024822695035461084
27,2024-07-01,TDG,0.14285714285714285,0.967032967032967,1274000000.0,0.03698001779094391,0.15999999999999992,0.2647975077881619
27,2024-07-01,TLG,0.8681318681318682,0.7087912087912088,3843000000.0,0.014311102664826809,-0.0018791946308724938,0.06747057134654044
27,2024-07-01,TMT,0.2087912087912088,0.6538461538461539,304000000.0,0.0363656217242896,0.02127659574468077,-0.024390243902439046
27,2024-07-01,TNI,0.5274725274725275,0.6016483516483516,1020000000.0,0.028866773480277524,0.027237354085603016,-0.040000000000000036
27,2024-07-01,TNT,0.37362637362637363,0.054945054945054944,1312500000.0,0.016962282656687058,-0.10223048327137552,-0.14964788732394363
27,2024-07-01,TTA,0.17582417582417584,0.9725274725274726,6425000000.0,0.021220739947122876,0.263496143958869,0.25063613231552173
27,2024-07-01,TTF,0.7912087912087912,0.13736263736263737,5767500000.0,0.00924990513843271,-0.08373205741626799,-0.10722610722610726
27,2024-07-01,VCB,0.9560439560439561,0.34065934065934067,162431500000.0,0.006616491532295922,-0.023735810113519107,-0.08892455858747994
27,2024-07-01,VGC,0.8131868131868132,0.19780219780219782,27234500000.0,0.011368811845690602,-0.06412620364679367,-0.10554141374583903
27,2024-07-01,VID,0.45054945054945056,0.6758241758241759,59000000.0,0.009230010798309282,0.008032128514056325,0.018255578093306246
27,2024-07-01,VJC,0.989010989010989,0.3626373626373626,101797000000.0,0.008315727288338804,-0.07355579476139218,-0.022340022718667196
27,2024-07-01,VMD,0.7032967032967034,0.7637362637362637,88000000.0,0.0157196912380122,0.03835978835978837,0.02346805736636237
27,2024-07-01,VNG,0.18681318681318682,0.8516483516483517,323500000.0,0.03125389764903456,0.11497005988023945,0.051977401129943424
27,2024-07-01,VOS,0.03296703296703297,0.9560439560439561,82008000000.0,0.03731553707913944,0.09821428571428581,0.541629364368845
27,2024-07-01,VPD,0.7252747252747253,0.7307692307692308,377000000.0,0.011339434113931188,0.019087523277467433,0.024812734082396926
27,2024-07-01,VPH,0.21978021978021978,0.7967032967032968,4373500000.0,0.03339971156241276,0.051908396946564794,0.029895366218236186
27,2024-07-01,VPI,0.7472527472527473,0.5494505494505495,66144500000.0,0.009042499461208395,-0.019944156362185828,0.006760909649661917
27,2024-07-01,VPS,0.2857142857142857,0.7802197802197802,93552700.0,0.030710734197269836,0.06413612565445037,0.018796992481203034
27,2024-07-01,VRC,0.07692307692307693,0.23076923076923078,600500000.0,0.03479432355736809,-0.020408163265306145,-0.2558139534883721
27,2024-07-01,VRE,0.5714285714285714,0.2582417582417582,210183500000.0,0.025635114972591074,-0.02042711234911787,-0.14505672609400322
27,2024-07-01,VTO,0.13186813186813187,0.9010989010989011,16896000000.0,0.03611336358946906,0.0539744847890089,0.22323462414578588
28,2024-08-01,AAM,0.3473684210526316,0.43684210526315786,78691400.0,0.016958227865865146,-0.03984575835475579,-0.12529274004683844
28,2024-08-01,ASM,0.3684210526315789,0.2368421052631579,14170500000.0,0.017631695502265936,-0.10171306209850106,-0.1359423274974253
28,2024-08-01,ASP,0.8842105263157894,0.7315789473684211,134500000.0,0.012593753936011854,-0.023913043478260843,0.0490654205607477
28,2024-08-01,AST,0.4,0.5421052631578946,1051500000.0,0.018743818721654554,-0.04669509594882726,-0.01649802023757152
28,2024-08-01,BKG,0.7052631578947368,0.5157894736842106,1264000000.0,0.013154135739683057,-0.04962779156327568,-0.027918781725888353
28,2024-08-01,BMP,0.7263157894736842,0.4052631578947369,18914500000.0,0.012484470638952012,-0.04381134785731389,-0.12946817785527465
28,2024-08-01,BTP,0.6947368421052632,0.45263157894736844,442500000.0,0.007569589528148387,-0.058157099697885184,-0.07834441980783446
28,2024-08-01,BWE,0.7578947368421053,0.5473684210526316,13181000000.0,0.01454269875662869,-0.08987431823571257,0.05381658429434366
28,2024-08-01,CCI,0.08421052631578947,0.7736842105263158,41525500.0,0.03438749795068563,0.0026229508196722318,0.055210489993098744
28,2024-08-01,CCL,0.15789473684210525,0.5842105263157895,9605500000.0,0.03646065384769473,-0.10944700460829493,0.1676737160120847
28,2024-08-01,CIG,0.5368421052631579,0.9157894736842105,457500000.0,0.022933603960093515,0.02895752895752901,0.269047619047619
28,2024-08-01,CLC,0.8105263157894737,0.9052631578947368,328500000.0,0.013774722402679868,0.07131452900478985,0.15424311926605494
28,2024-08-01,CLL,0.9052631578947369,0.8052631578947369,163500000.0,0.016018982257357733,0.019441069258809174,0.08258064516129027
28,2024-08-01,CSM,0.2631578947368421,0.2578947368421053,6483000000.0,0.03749995072668918,-0.13154269972451793,-0.10820367751060822
28,2024-08-01,CTI,0.5052631578947369,0.5842105263157895,6631000000.0,0.018815730389096143,-0.06624605678233442,0.022099447513812098
28,2024-08-01,DAH,0.5894736842105263,0.3263157894736842,379000000.0,0.010603427520189824,-0.09020618556701032,-0.10858585858585856
28,2024-08-01,DCL,0.45789473684210524,0.38421052631578945,16087000000.0,0.022696217698289313,-0.08448275862068966,-0.08448275862068966
28,2024-08-01,DCM,0.6421052631578947,0.736842105263158,225048500000.0,0.030130807755136303,-0.04269392663860494,0.09868875086266393
28,2024-08-01,DGW,0.7684210526315789,0.2894736842105263,152665500000.0,0.0269990235248191,-0.12182522600086099,-0.09313180706823743
28,2024-08-01,DHC,0.6210526315789474,0.5842105263157895,7072000000.0,0.008402954179777305,-0.04577714691270407,0.0026099925428784143
28,2024-08-01,DLG,0.3157894736842105,0.1368421052631579,2056500000.0,0.03108857508910904,-0.14572864321608037,-0.14572864321608037
28,2024-08-01,DMC,0.6631578947368421,0.7894736842105263,349500000.0,0.022951721340119913,0.07136744822864971,0.013436943500080956
28,2024-08-01,DQC,0.5894736842105263,0.4421052631578948,278709400.0,0.009107602488358355,-0.06338028169014087,-0.0699300699300699
28,2024-08-01,DSN,0.9315789473684211,0.6210526315789473,560500000.0,0.00864726853947483,-0.02972972972972976,-0.0070212765957446965
28,2024-08-01,DTA,0.28421052631578947,0.26842105263157895,75506200.0,0.016773494102743508,-0.08860759493670889,-0.1408114558472554
28,2024-08-01,DTL,0.5473684210526316,0.6368421052631579,11507500.0,0.012940470398840572,-0.02898550724637683,0.0
28,2024-08-01,DXV,0.22105263157894736,0.05789473684210526,28953800.0,0.03973554447290612,-0.1654804270462633,-0.3163265306122449
28,2024-08-01,EIB,0.9789473684210527,0.5947368421052632,149545000000.0,0.010354028492941713,-0.05539691604797259,0.011002444987775029
28,2024-08-01,GTA,0.4105263157894737,0.5368421052631579,45460300.0,0.01822490192890198,-0.03166986564299423,-0.06574074074074077
28,2024-08-01,GVR,0.8315789473684211,0.4052631578947369,161173500000.0,0.03677080487978264,-0.10295408014039198,-0.011283043197936826
28,2024-08-01,HAG,0.5684210526315789,0.41578947368421054,94053500000.0,0.021588210140467794,-0.04453441295546556,-0.12267657992565051
28,2024-08-01,HAR,0.29473684210526313,0.06842105263157894,1101500000.0,0.01850531941117825,-0.203125,-0.2048997772828508
28,2024-08-01,HBC,0.16842105263157894,0.05789473684210526,13603500000.0,0.034540983413833486,-0.21381142098273576,-0.20855614973262027
28,2024-08-01,HNG,0.11578947368421053,0.23157894736842105,16743500000.0,0.03180453060744365,-0.22178217821782176,-0.04146341463414638
28,2024-08-01,HQC,0.2,0.25263157894736843,10915000000.0,0.02103865085261204,-0.12727272727272732,-0.11578947368421055
28,2024-08-01,HSG,0.6736842105263158,0.39473684210526316,316651000000.0,0.020684093073827868,-0.16433941997851775,0.02233902759526929
28,2024-08-01,HSL,0.5157894736842106,0.4368421052631579,462000000.0,0.014688782412877069,-0.06666666666666665,-0.06666666666666665
28,2024-08-01,HTI,0.9315789473684211,0.6473684210526316,245500000.0,0.005272783256909448,0.012888551933282866,-0.024105186267348477
28,2024-08-01,HTL,0.042105263157894736,0.6631578947368422,377500000.0,0.03507727762400802,-0.09181141439205964,0.2990239574090505
28,2024-08-01,HTV,0.5263157894736842,0.8789473684210527,73524800.0,0.023268249662281526,0.03185437997724683,0.15101522842639592
28,2024-08-01,HU1,0.010526315789473684,0.9315789473684211,7661000.0,0.04650864431144597,0.08680555555555558,0.17448405253283306
28,2024-08-01,ICT,0.47368421052631576,0.49473684210526314,1409500000.0,0.020020690235544866,-0.12218649517684887,0.06536585365853664
28,2024-08-01,ITC,0.2631578947368421,0.6210526315789473,9529500000.0,0.02908854152384951,-0.0714285714285714,0.08333333333333326
28,2024-08-01,JVC,0.43157894736842106,0.6,1556500000.0,0.026436717750846224,-0.06162464985994398,0.021341463414634054
28,2024-08-01,KMR,0.8526315789473684,0.6526315789473685,102293250.0,0.010425249700166835,-0.014285714285714235,-0.008620689655172376
28,2024-08-01,LDG,0.07368421052631578,0.02631578947368421,6361000000.0,0.03305582775628101,-0.30000000000000004,-0.27137546468401486
28,2024-08-01,LGL,0.14736842105263157,0.21052631578947367,207500000.0,0.008773181179430286,-0.10032362459546929,-0.17507418397626118
28,2024-08-01,MHC,0.7421052631578947,0.3526315789473684,468000000.0,0.013008632269537114,-0.08448928121059274,-0.1124694376528117
28,2024-08-01,NAF,0.7789473684210526,0.6842105263157895,1587500000.0,0.015497105681468287,-0.02365728900255759,0.010589013898080646
28,2024-08-01,NBB,0.7421052631578947,0.39473684210526316,628500000.0,0.014792144047912676,-0.08634538152610438,-0.06762295081967218
28,2024-08-01,NCT,0.9315789473684211,0.8,1324500000.0,0.009481389339679572,-0.014234875444839812,0.09486166007905128
28,2024-08-01,NVT,0.1368421052631579,0.3157894736842105,124700500.0,0.03849244466371328,-0.22115384615384615,0.006211180124223503
28,2024-08-01,OGC,0.12631578947368421,0.18947368421052632,1290000000.0,0.014818437144943056,-0.1383333333333333,-0.12816188870151768
28,2024-08-01,PAN,0.45789473684210524,0.5157894736842106,34349000000.0,0.022707189478365922,-0.08156424581005584,0.004889975550122161
28,2024-08-01,PET,0.2631578947368421,0.4789473684210526,37719000000.0,0.031305216157976885,-0.09579563597658325,0.011911852293031489
28,2024-08-01,PGC,0.8947368421052632,0.8578947368421053,460000000.0,0.011406924253646769,0.030995106035889064,0.09817549956559524
28,2024-08-01,PHR,0.42105263157894735,0.30526315789473685,18696500000.0,0.02252263271986298,-0.12148225834644288,-0.07965574070683024
28,2024-08-01,PTL,0.3263157894736842,0.12631578947368421,209500000.0,0.01804516031231405,-0.15245478036175708,-0.14583333333333337
28,2024-08-01,PVD,0.7894736842105263,0.35789473684210527,85786500000.0,0.014302896547453033,-0.06849315068493156,-0.1211631663974152
28,2024-08-01,QCG,1.0,0.010526315789473684,12002500000.0,0.04556915686581931,-0.4571428571428572,-0.5879518072289156
28,2024-08-01,QNP,0.631578947368421,0.7842105263157895,237000000.0,0.02795796912530431,-0.027931335466977014,0.15048209366391174
28,2024-08-01,SCR,0.5578947368421052,0.23157894736842105,6551500000.0,0.016089214912249346,-0.1308139534883721,-0.12058823529411766
28,2024-08-01,SFG,0.06315789473684211,0.15789473684210525,959500000.0,0.04114501509203436,-0.14236111111111116,-0.13787085514834208
28,2024-08-01,SFI,0.8736842105263158,0.5052631578947369,125634200.0,0.01216036789228957,-0.06378454996456417,-0.016014897579143428
28,2024-08-01,SGN,0.8210526315789474,0.7736842105263158,3115000000.0,0.014714466720420033,-0.031130327362569488,0.15202702702702697
28,2024-08-01,SHA,0.8421052631578947,0.6736842105263159,63542650.0,0.011789389660040131,-0.00696055684454755,-0.002331002331002363
28,2024-08-01,SKG,0.6526315789473685,0.24736842105263157,3970000000.0,0.01358487383528754,-0.13441295546558707,-0.10842368640533773
28,2024-08-01,SRC,0.05263157894736842,0.8473684210526315,219012400.0,0.04740185728760933,0.009113504556752305,0.15231788079470188
28,2024-08-01,SRF,0.6842105263157895,0.5368421052631579,145267900.0,0.01834961139208778,-0.043298969072164906,-0.033333333333333326
28,2024-08-01,ST8,0.18947368421052632,0.28421052631578947,3015000000.0,0.021188460453124065,-0.0942350332594235,-0.12150537634408598
28,2024-08-01,STB,0.8,0.5631578947368421,274338500000.0,0.01320091938077271,-0.061872909698996614,0.008992805755395628
28,2024-08-01,TCR,0.10526315789473684,0.2,4579700.0,0.038891178471002194,-0.10382513661202186,-0.17380352644836272
28,2024-08-01,TDC,0.23157894736842105,0.9578947368421054,12389000000.0,0.03955495793878692,0.11893764434180132,0.24710424710424705
28,2024-08-01,TDG,0.3894736842105263,0.9736842105263157,663500000.0,0.024951708673473804,0.08599508599508576,0.4491803278688524
28,2024-08-01,TLG,0.9315789473684211,0.7315789473684211,7388500000.0,0.00995670945593671,-0.03056327355392774,0.08295711060948086
28,2024-08-01,TMT,0.09473684210526316,0.17368421052631577,113000000.0,0.027043892715426014,-0.1412280701754386,-0.13362831858407076
28,2024-08-01,TNI,0.5894736842105263,0.4263157894736842,257000000.0,0.009456052549866952,-0.0888888888888889,-0.023809523809523836
28,2024-08-01,TNT,0.35789473684210527,0.07894736842105263,559500000.0,0.018019645851400087,-0.15714285714285714,-0.21928166351606804
28,2024-08-01,TRC,0.4842105263157895,0.4105263157894737,623681000.0,0.013382670650905997,-0.08697850821744624,-0.049986845566956095
28,2024-08-01,TTA,0.21052631578947367,0.7,9744000000.0,0.029894357808990673,-0.08190476190476192,0.2684210526315789
28,2024-08-01,TTF,0.6105263157894737,0.4842105263157894,3448000000.0,0.008416683426459935,-0.05597964376590325,-0.06075949367088607
28,2024-08-01,TVT,0.8631578947368421,0.7210526315789474,111570050.0,0.015087260423925853,-0.023977433004231274,0.046107331821617636
28,2024-08-01,VCB,0.9894736842105263,0.6842105263157895,143229000000.0,0.007175024335280727,0.030684364764695715,-0.019514594949163633
28,2024-08-01,VGC,0.37894736842105264,0.08421052631578947,18989000000.0,0.017795258430974854,-0.17710157618213662,-0.20292620865139954
28,2024-08-01,VID,0.9578947368421052,0.7105263157894737,156575450.0,0.010254998410874924,-0.017892644135188873,0.016460905349794164
28,2024-08-01,VJC,0.7157894736842105,0.5684210526315789,85052500000.0,0.009331196221765889,0.029676258992805682,-0.11622009041790715
28,2024-08-01,VMD,0.4421052631578947,0.7210526315789474,267581850.0,0.025856354639026555,-0.04096385542168679,0.09190672153635115
28,2024-08-01,VNG,0.031578947368421054,0.8578947368421053,62881900.0,0.031139912505851207,0.03333333333333344,0.09411764705882364
28,2024-08-01,VOS,0.17894736842105263,0.5157894736842105,95619500000.0,0.04180676090780994,-0.1689983212087297,0.25634517766497456
28,2024-08-01,VPD,0.968421052631579,0.7684210526315789,626229700.0,0.01402378095549107,0.016506189821182904,0.03598130841121505
28,2024-08-01,VPH,0.24210526315789474,0.9789473684210526,3146500000.0,0.02656477092963708,0.10274963820549932,0.3534635879218473
28,2024-08-01,VPI,0.3368421052631579,0.9526315789473684,81424500000.0,0.0179317762965196,0.12436448963629254,0.18021346469622324
28,2024-08-01,VRC,0.30526315789473685,0.13684210526315788,262500000.0,0.03351565131841185,-0.1297872340425532,-0.21346153846153848
28,2024-08-01,VRE,0.49473684210526314,0.11578947368421053,219966500000.0,0.013565271276354398,-0.14327485380116955,-0.20344358858178524
28,2024-08-01,VTO,0.021052631578947368,0.9631578947368421,29181000000.0,0.04806087382756925,0.1282051282051282,0.24528301886792447
29,2024-08-30,AAM,0.07291666666666667,0.11458333333333334,16241450.0,0.02409500013859455,-0.06961178045515393,-0.16566626650660266
29,2024-08-30,ASM,0.5989583333333334,0.4375,9449000000.0,0.020833356444488426,0.015476190476190421,-0.1401209677419355
29,2024-08-30,ASP,0.3125,0.20833333333333331,108000000.0,0.01624287801496989,-0.0691964285714286,-0.12394957983193278
29,2024-08-30,AST,0.8333333333333334,0.4375,542500000.0,0.012436712881867651,-0.027063296801610348,-0.038461538461538436
29,2024-08-30,BKG,0.5416666666666666,0.3125,342500000.0,0.010687011342555883,-0.03947368421052633,-0.08750000000000002
29,2024-08-30,BMP,0.4583333333333333,0.734375,15877500000.0,0.020996316286703325,0.08550325488232358,-0.045884683098591506
29,2024-08-30,BTP,0.6458333333333334,0.421875,169000000.0,0.010227593411799763,-0.01122694466720131,-0.08531157270029677
29,2024-08-30,BWE,0.8125,0.7552083333333334,13509500000.0,0.0183246993595034,0.04122137404580162,0.005652494470385738
29,2024-08-30,CCI,0.14583333333333334,0.3541666666666667,83757800.0,0.02741604503431337,-0.04524590163934428,-0.04524590163934428
29,2024-08-30,CCL,0.3333333333333333,0.421875,5145000000.0,0.02972372390936376,0.015523932729624823,-0.1613247863247863
29,2024-08-30,CIG,0.9166666666666666,0.6145833333333334,461500000.0,0.014598558678751502,-0.005671077504725952,0.03543307086614167
29,2024-08-30,CLC,0.625,0.29166666666666663,260000000.0,0.007745948775695431,-0.06433184302036765,-0.06964682637688313
29,2024-08-30,CLL,0.7916666666666666,0.8802083333333333,462500000.0,0.017091967216075928,0.09116899618805596,0.06942714819427143
29,2024-08-30,CSM,0.5729166666666666,0.25,2970000000.0,0.023488342335839008,-0.007987220447284393,-0.22180451127819545
29,2024-08-30,CTI,0.5833333333333334,0.28125,4709000000.0,0.019344680339200893,-0.027702702702702697,-0.13156306578153287
29,2024-08-30,DAH,0.5104166666666666,0.16145833333333331,276000000.0,0.01647098745361493,-0.054441260744985676,-0.1624365482233503
29,2024-08-30,DCL,0.5989583333333334,0.2864583333333333,9031500000.0,0.02119812202207099,-0.0444444444444444,-0.10726643598615915
29,2024-08-30,DCM,0.9583333333333334,0.6770833333333333,143621500000.0,0.021692426435949774,0.01488909146156181,0.00784550392275185
29,2024-08-30,DGW,0.5625,0.7291666666666667,79847500000.0,0.020916924875585514,0.07095709570957087,-0.04034643008027039
29,2024-08-30,DHC,0.8229166666666666,0.41666666666666663,5536000000.0,0.008986465595607757,-0.004133784291619702,-0.11311914323962513
29,2024-08-30,DLG,0.19791666666666666,0.6770833333333334,2325500000.0,0.03859345262646798,0.09302325581395343,-0.1090047393364929
29,2024-08-30,DMC,0.25,0.8541666666666667,97000000.0,0.02262303188488116,0.06812612318248634,0.08622694799800623
29,2024-08-30,DQC,0.84375,0.515625,228000000.0,0.01212766436799498,0.0037878787878788955,-0.08240997229916902
29,2024-08-30,DSN,0.9479166666666666,0.5729166666666666,546000000.0,0.005209442486535337,-0.001928433683308306,-0.010830324909747335
29,2024-08-30,DTA,0.15625,0.4635416666666667,47500000.0,0.025033907109018136,0.005555555555555536,-0.12135922330097082
29,2024-08-30,DTL,0.3541666666666667,0.40104166666666663,6589750.0,0.015498759041251066,-0.03703703703703709,-0.03703703703703709
29,2024-08-30,DXV,0.375,0.026041666666666664,82726250.0,0.035757002866351,-0.24696356275303644,-0.3990306946688207
29,2024-08-30,EIB,0.9791666666666666,0.6145833333333334,106220000000.0,0.013717813201909923,0.02772754671488853,-0.06318681318681318
29,2024-08-30,GTA,0.20833333333333334,0.46875,28910050.0,0.027594285502468965,-0.009910802775024763,-0.05128205128205132
29,2024-08-30,GVR,0.1875,0.84375,88690500000.0,0.027267672502078934,0.09272151898734182,0.009944428195378663
29,2024-08-30,HAG,0.6770833333333334,0.05208333333333333,92996000000.0,0.02708866806447448,-0.1198347107438017,-0.26041666666666663
29,2024-08-30,HAR,0.5260416666666666,0.3828125,783500000.0,0.020595023315499277,0.0,-0.13995485327313772
29,2024-08-30,HBC,0.7604166666666666,0.08333333333333333,10426000000.0,0.03679811829467596,-0.05989110707803991,-0.35572139303482575
29,2024-08-30,HNG,0.2916666666666667,0.59375,11180500000.0,0.03869133058760178,0.11224489795918369,-0.15339805825242714
29,2024-08-30,HQC,0.5520833333333334,0.4947916666666667,12187500000.0,0.019477543611239153,0.03539823008849563,-0.15012106537530268
29,2024-08-30,HSG,0.8020833333333334,0.3020833333333333,210511000000.0,0.02538779206211685,-0.030605871330418588,-0.11516533637400228
29,2024-08-30,HSL,0.78125,0.5052083333333334,367000000.0,0.015014243281701554,0.00659340659340657,-0.09486166007905139
29,2024-08-30,HTI,0.96875,0.671875,130000000.0,0.0032785187745451457,0.016018306636155666,-0.005970149253731294
29,2024-08-30,HTL,0.17708333333333334,0.6875,78446800.0,0.01991054764728334,-0.00540540540540535,0.1581431943351692
29,2024-08-30,HTV,0.4166666666666667,0.8229166666666667,30140300.0,0.017917635384821013,0.03344481605351168,0.10095011876484561
29,2024-08-30,HU1,0.041666666666666664,0.9375,17134000.0,0.034375108012689504,0.09797297297297303,0.10356536502546687
29,2024-08-30,ICT,0.2708333333333333,0.203125,445500000.0,0.0147720347866812,-0.04219030520646316,-0.14228295819935688
29,2024-08-30,ITC,0.7395833333333334,0.7552083333333333,4957500000.0,0.0254017847822483,0.03153153153153143,0.01777777777777767
29,2024-08-30,JVC,0.5260416666666666,0.44791666666666663,713000000.0,0.019073518426471918,0.0029850746268655914,-0.11578947368421055
29,2024-08-30,KMR,0.8645833333333334,0.5,62735900.0,0.010578422879419652,-0.01449275362318836,-0.03409090909090906
29,2024-08-30,LDG,0.6666666666666666,0.390625,6631000000.0,0.03347115939100445,0.032786885245901676,-0.3741721854304636
29,2024-08-30,LGL,0.08333333333333333,0.22395833333333331,86000000.0,0.0195366274387635,-0.025362318840579712,-0.17230769230769227
29,2024-08-30,MHC,0.3958333333333333,0.21875,187000000.0,0.01891712169245224,-0.05756358768406966,-0.1308641975308642
29,2024-08-30,NAF,0.11458333333333333,0.9166666666666667,4716500000.0,0.020392621975141675,0.15494880546075085,0.07565162110616663
29,2024-08-30,NBB,0.4270833333333333,0.30208333333333337,752500000.0,0.022478979978074784,-0.03508771929824561,-0.11290322580645162
29,2024-08-30,NCT,0.90625,0.90625,1193000000.0,0.00520614428178926,0.07318604067285972,0.1317182949430764
29,2024-08-30,NVT,0.052083333333333336,0.5104166666666666,25781500.0,0.028255699681767714,-0.034965034965035,0.03499999999999992
29,2024-08-30,OGC,0.13541666666666666,0.06770833333333334,1084500000.0,0.01720773006299465,-0.07543520309477758,-0.2412698412698413
29,2024-08-30,PAN,0.65625,0.6614583333333333,14913000000.0,0.01786781748585523,0.020359281437125842,-0.03401360544217691
29,2024-08-30,PET,0.6145833333333334,0.6979166666666666,23810000000.0,0.02444015217564327,0.07727272727272738,-0.07602339181286555
29,2024-08-30,PGC,0.9375,0.5859375,775500000.0,0.009053931489725291,0.0,-0.0316114109483423
29,2024-08-30,PHR,0.6875,0.7239583333333333,10004000000.0,0.016567135001779344,0.07209483093664981,-0.04335009537020984
29,2024-08-30,PIT,0.3854166666666667,0.43229166666666663,24227450.0,0.025804009218948223,-0.02640264026402639,-0.04220779220779225
29,2024-08-30,PTL,0.4375,0.3046875,141286200.0,0.01978172567660338,0.0,-0.20833333333333337
29,2024-08-30,PVD,0.7083333333333334,0.3229166666666667,97383500000.0,0.019947682974477274,-0.01591187270501848,-0.13408723747980622
29,2024-08-30,QCG,0.16666666666666666,0.05729166666666667,5399500000.0,0.04102491129289973,-0.06344410876132933,-0.5866666666666667
29,2024-08-30,QNP,0.6979166666666666,0.6145833333333334,107000000.0,0.016579490932766085,-0.027602070155261615,0.17553006604101484
29,2024-08-30,SCR,0.4739583333333333,0.234375,9522500000.0,0.021271408727083364,-0.021739130434782594,-0.18067226890756305
29,2024-08-30,SFG,0.10416666666666667,0.3098958333333333,67000000.0,0.021188996477851312,0.0,-0.19412724306688423
29,2024-08-30,SFI,0.40625,0.578125,108000000.0,0.019655822732611263,-0.012070226773957526,0.016177577125658482
29,2024-08-30,SGN,0.9270833333333334,0.6510416666666666,1619500000.0,0.010462860353566078,-0.0047008004065557385,0.07683848797250858
29,2024-08-30,SKG,0.75,0.46354166666666663,4040000000.0,0.016100439027208435,0.01663585951940849,-0.13860610806577922
29,2024-08-30,SRC,0.010416666666666666,0.2760416666666667,76563200.0,0.04213432562256522,-0.08040816326530609,-0.06669428334714167
29,2024-08-30,ST8,0.4739583333333333,0.390625,2027000000.0,0.02136903181989336,0.008782936010037545,-0.1625000000000001
29,2024-08-30,STB,0.8541666666666666,0.7916666666666667,244802500000.0,0.017112255791353823,0.07570422535211274,-0.006504065040650375
29,2024-08-30,TCR,0.03125,0.640625,7039650.0,0.044845050864453666,0.045454545454545414,-0.08522727272727271
29,2024-08-30,TDC,0.34375,0.84375,18707000000.0,0.03526416284739595,0.022660098522167438,0.2431137724550898
29,2024-08-30,TDG,0.6354166666666666,0.6458333333333334,480000000.0,0.01974900396862497,-0.022935779816513735,0.2102272727272727
29,2024-08-30,TLG,0.5,0.6041666666666666,12639000000.0,0.026113504427369698,-0.0007859575582918055,0.006598046978094407
29,2024-08-30,TMT,0.9895833333333334,0.015625,252500000.0,0.04483038970005786,-0.2685185185185185,-0.4903225806451613
29,2024-08-30,TNI,0.7708333333333334,0.28645833333333337,220500000.0,0.013973842325362258,-0.02857142857142858,-0.125
29,2024-08-30,TNT,0.3645833333333333,0.47916666666666663,488000000.0,0.022562786938922136,0.03755868544600949,-0.16446124763705106
29,2024-08-30,TRC,0.22916666666666666,0.4895833333333333,302676050.0,0.02452475949659163,-0.0024923843810579216,-0.06368598908240186
29,2024-08-30,TTA,0.71875,0.90625,9195500000.0,0.018618832234064003,0.043303121852970694,0.2998745294855709
29,2024-08-30,TTF,0.4895833333333333,0.23958333333333331,2703000000.0,0.023546204976186133,-0.03542234332425065,-0.13658536585365855
29,2024-08-30,TVT,0.4479166666666667,0.53125,109636700.0,0.023158927074915694,-0.01498929336188437,0.0
29,2024-08-30,VCB,1.0,0.7864583333333333,138663000000.0,0.011045024153746965,0.03386351975371982,0.03616729516626682
29,2024-08-30,VCF,0.020833333333333332,0.9895833333333333,585000000.0,0.03282379467812956,0.2186404642877664,0.2412501463186234
29,2024-08-30,VGC,0.28125,0.36458333333333337,49792500000.0,0.02906897272355821,0.010244286840031425,-0.1933724832214765
29,2024-08-30,VID,0.23958333333333334,0.7135416666666667,42399450.0,0.028578651917689928,0.020242914979757165,0.01002004008016022
29,2024-08-30,VJC,0.8854166666666666,0.609375,65340500000.0,0.013707093769889109,0.004838109415705283,-0.03387404580152675
29,2024-08-30,VMD,0.21875,0.7760416666666667,92662400.0,0.02077657967538408,0.02786377708978338,0.06958762886597936
29,2024-08-30,VNG,0.0625,0.3229166666666667,31589750.0,0.028564476637185962,-0.12286324786324787,-0.03525264394829608
29,2024-08-30,VOS,0.09375,0.48958333333333337,45119000000.0,0.030737006545217403,0.003295978905734964,-0.08916816277678041
29,2024-08-30,VPD,0.875,0.8541666666666667,304000000.0,0.010390086070370267,0.05863779882724396,0.08858998144712427
29,2024-08-30,VPH,0.2604166666666667,0.6302083333333333,2188000000.0,0.019726695113066673,-0.023809523809523836,0.1661676646706587
29,2024-08-30,VPI,0.8958333333333334,0.6354166666666667,58789000000.0,0.01055481188980676,-0.01906412478336217,0.15770096134178768
29,2024-08-30,VPS,0.3229166666666667,0.875,10130750.0,0.01751790587405858,0.06982543640897765,0.09859154929577474
29,2024-08-30,VRC,0.3020833333333333,0.453125,286500000.0,0.038445155360070794,0.03667481662591676,-0.19238095238095243
29,2024-08-30,VRE,0.7291666666666666,0.5677083333333333,198305000000.0,0.02680700961270344,0.0692041522491349,-0.1352611940298507
29,2024-08-30,VTO,0.125,0.453125,8704000000.0,0.026007877875569713,-0.04983108108108103,0.01534296028880866
30,2024-10-01,AAM,0.12631578947368421,0.7578947368421053,27418050.0,0.023539773677573806,0.07050359712230225,-0.03376623376623378
30,2024-10-01,ASM,0.5157894736842106,0.46842105263157896,7512000000.0,0.008291043966984622,-0.0011723329425556983,-0.09168443496801704
30,2024-10-01,ASP,0.3894736842105263,0.42105263157894735,80000000.0,0.004371592426926543,-0.00959232613908878,-0.10021786492374729
30,2024-10-01,AST,0.5578947368421052,0.32105263157894737,769000000.0,0.00797056135741056,-0.027816091954023014,-0.10402542372881352
30,2024-10-01,BKG,0.4842105263157895,0.2578947368421053,1197000000.0,0.010098398355322271,-0.03561643835616435,-0.12
30,2024-10-01,BMP,0.3263157894736842,0.968421052631579,32707500000.0,0.028124393626239603,0.12501441586898854,0.17942207713698455
30,2024-10-01,BTP,0.8315789473684211,0.6684210526315789,146500000.0,0.007512703349617605,0.019464720194647178,-0.05060422960725075
30,2024-10-01,BWE,0.7789473684210526,0.7842105263157895,12810000000.0,0.015811953221873346,0.029325513196480912,0.011041766682669207
30,2024-10-01,CCI,0.05263157894736842,0.4526315789473684,80323900.0,0.04294597970573527,-0.01910408432147559,-0.0682102628285357
30,2024-10-01,CCL,0.6,0.6263157894736842,3993500000.0,0.015754550534335107,0.010191082802547768,-0.06485849056603776
30,2024-10-01,CIG,0.8736842105263158,0.8631578947368421,441500000.0,0.015349582952512963,0.04752851711026618,0.041587901701323204
30,2024-10-01,CLC,0.7368421052631579,0.7789473684210526,204000000.0,0.009511588758969798,0.018316963100610595,0.02075572112825963
30,2024-10-01,CLL,0.8,0.35263157894736846,169000000.0,0.011885529184031397,-0.06666666666666654,-0.03083434099153559
30,2024-10-01,CSM,0.37894736842105264,0.22105263157894733,2126000000.0,0.00908820236515626,-0.03059581320450888,-0.16562716562716562
30,2024-10-01,CTI,0.5473684210526316,0.32105263157894737,2897500000.0,0.009860467385792993,-0.025017373175816537,-0.11202531645569624
30,2024-10-01,DAH,0.3157894736842105,0.4210526315789474,289000000.0,0.015139263502519333,0.003030303030302939,-0.14910025706940877
30,2024-10-01,DCL,0.6631578947368421,0.4421052631578948,12371000000.0,0.015556915106551668,0.0,-0.10880829015544047
30,2024-10-01,DCM,0.9578947368421052,0.7894736842105263,156388000000.0,0.01179367251531169,0.022754491017964007,0.020005971931919886
30,2024-10-01,DGW,0.8105263157894737,0.6157894736842104,62551500000.0,0.009180062345875229,0.0033017829627999262,-0.037177862272919304
30,2024-10-01,DHC,0.7684210526315789,0.4631578947368421,4149000000.0,0.007509952604716843,-0.011698113207547212,-0.0729203539823009
30,2024-10-01,DLG,0.1368421052631579,0.7789473684210526,2232000000.0,0.027373062912191576,0.042553191489361764,-0.010101010101010055
30,2024-10-01,DMC,0.24210526315789474,0.9157894736842105,185500000.0,0.0200619589866445,0.04450902416641189,0.17822636300897177
30,2024-10-01,DQC,0.5789473684210527,0.32105263157894737,157500000.0,0.013352396198326956,-0.03245283018867928,-0.09463276836158196
30,2024-10-01,DSN,0.8947368421052632,0.6789473684210526,390000000.0,0.0029859363411497636,0.007299270072992803,-0.021072397245983754
30,2024-10-01,DTA,0.10526315789473684,0.5315789473684212,26492650.0,0.02399174225610491,-0.005347593582887722,-0.06060606060606055
30,2024-10-01,DTL,0.18947368421052632,0.16842105263157894,3702750.0,0.02183336650851432,-0.03968253968253965,-0.1768707482993197
30,2024-10-01,DXV,0.22105263157894736,0.3631578947368421,46377100.0,0.012344328362369792,0.008064516129032251,-0.28435114503816794
30,2024-10-01,EIB,0.9894736842105263,0.9157894736842105,114530000000.0,0.01063308743879813,0.10850439882697938,0.0793832095945175
30,2024-10-01,GTA,0.17894736842105263,0.37894736842105264,11753400.0,0.027960002166111005,-0.04182879377431903,-0.05014464802314367
30,2024-10-01,GVR,0.9368421052631579,0.7894736842105263,91919000000.0,0.011720859096638067,0.018534607587604945,0.025663458734324962
30,2024-10-01,HAG,0.35789473684210527,0.6947368421052632,52732500000.0,0.016276862693399004,0.04694835680751175,-0.06694560669456062
30,2024-10-01,HAR,0.3368421052631579,0.1473684210526316,473500000.0,0.010429684378198549,-0.047244094488189003,-0.17500000000000004
30,2024-10-01,HPX,0.45263157894736844,0.1631578947368421,5495500000.0,0.013831026989982434,-0.06181818181818177,-0.14991762767710048
30,2024-10-01,HQC,0.5684210526315789,0.3421052631578947,7185000000.0,0.007553544735763513,-0.022792022792022748,-0.1044386422976501
30,2024-10-01,HSG,0.9052631578947369,0.5157894736842106,225695000000.0,0.014516423354638576,0.023840206185566926,-0.14661654135338342
30,2024-10-01,HSL,0.6105263157894737,0.4,629000000.0,0.008215548816819913,-0.01965065502183405,-0.08739837398373984
30,2024-10-01,HTI,0.968421052631579,0.6894736842105262,150000000.0,0.0029993655346377663,0.0030030030030030463,0.012888551933282866
30,2024-10-01,HTL,0.021052631578947368,0.9736842105263157,108871200.0,0.02325879372135642,0.22770270270270276,0.12717121588089308
30,2024-10-01,HTV,0.06315789473684211,0.9105263157894736,17766100.0,0.027819489644102045,0.07206208425720617,0.0840807174887892
30,2024-10-01,HU1,0.031578947368421054,0.6105263157894737,12574750.0,0.04535280268353208,-0.027200000000000002,0.06293706293706292
30,2024-10-01,ICT,0.49473684210526314,0.1473684210526316,272500000.0,0.009056502427086398,-0.04123711340206182,-0.19385342789598103
30,2024-10-01,ITC,0.6210526315789474,0.4421052631578947,3748000000.0,0.010046615661908988,-0.017467248908296984,-0.07024793388429751
30,2024-10-01,JVC,0.631578947368421,0.5,839500000.0,0.008099210428692993,-0.011904761904761862,-0.062146892655367214
30,2024-10-01,KMR,0.6736842105263158,0.34736842105263155,111500000.0,0.008112279712117238,-0.04117647058823526,-0.06857142857142862
30,2024-10-01,LDG,0.042105263157894736,0.531578947368421,3774500000.0,0.029621593379549793,0.15873015873015883,-0.21223021582733814
30,2024-10-01,LGL,0.11578947368421053,0.22631578947368422,80500000.0,0.009301150593478899,-0.03345724907063197,-0.1558441558441559
30,2024-10-01,MHC,0.28421052631578947,0.10526315789473684,257000000.0,0.015470427887979058,-0.07244318181818177,-0.17237008871989856
30,2024-10-01,NAF,0.09473684210526316,0.9736842105263157,6938000000.0,0.029745948946571513,0.11702127659574457,0.21153846153846145
30,2024-10-01,NBB,0.5052631578947369,0.531578947368421,457500000.0,0.010271246508406441,0.009090909090909038,-0.09572301425661911
30,2024-10-01,NCT,0.2,0.9789473684210526,1829500000.0,0.021670773464312107,0.1276172651772136,0.18296723524358827
30,2024-10-01,NVT,0.21052631578947367,0.1631578947368421,55489700.0,0.022161393021990775,-0.03614457831325302,-0.19678714859437751
30,2024-10-01,OGC,0.2736842105263158,0.047368421052631574,849000000.0,0.012737314496381885,-0.09205020920502094,-0.274247491638796
30,2024-10-01,PAN,0.8210526315789474,0.763157894736842,29707000000.0,0.009682334423078033,0.035211267605633756,-0.01672240802675584
30,2024-10-01,PET,0.7157894736842105,0.4421052631578948,19211500000.0,0.01162093566085463,-0.03744725738396626,-0.028738690792974975
30,2024-10-01,PGC,0.8842105263157894,0.5526315789473684,374000000.0,0.009738428557602204,-0.02070063694267521,0.0032626427406199365
30,2024-10-01,PHR,0.8421052631578947,0.6842105263157894,11519000000.0,0.012237072655233236,0.008337864781584159,-0.0228350606007377
30,2024-10-01,PIT,0.07368421052631578,0.27368421052631575,23265950.0,0.03033423177557308,-0.044642857142857095,-0.09322033898305082
30,2024-10-01,PTL,0.4105263157894737,0.09473684210526316,223000000.0,0.02151467356414898,-0.05882352941176472,-0.21447028423772607
30,2024-10-01,PVD,0.9789473684210527,0.4789473684210526,107307000000.0,0.018163985294518948,-0.001865671641790967,-0.08390410958904104
30,2024-10-01,QCG,0.010526315789473684,0.4947368421052632,4682000000.0,0.030896016392294057,0.15161290322580645,-0.4218623481781376
30,2024-10-01,QNP,0.7052631578947368,0.5105263157894737,143500000.0,0.015903530396536435,-0.013403263403263366,-0.04887640449438202
30,2024-10-01,SCR,0.5263157894736842,0.13157894736842105,6356000000.0,0.014949223018088757,-0.047863247863247915,-0.18448023426061488
30,2024-10-01,SFG,0.14736842105263157,0.34736842105263155,25178850.0,0.009007361277351293,-0.010121457489878583,-0.15104166666666663
30,2024-10-01,SFI,0.3473684210526316,0.7210526315789474,65542250.0,0.01984736698740543,0.015367316341829085,-0.01526717557251911
30,2024-10-01,SGN,0.7894736842105263,0.4157894736842105,1097500000.0,0.007185768500400867,-0.02450855246362016,-0.06884367003777259
30,2024-10-01,SHA,0.42105263157894735,0.46842105263157896,66126250.0,0.016651585610721994,-0.030516431924882625,-0.030516431924882625
30,2024-10-01,SKG,0.8631578947368421,0.7421052631578947,3178500000.0,0.01125190503955383,0.057272727272727364,-0.0412201154163232
30,2024-10-01,SRC,0.08421052631578947,0.09473684210526316,26757150.0,0.03719196714089662,-0.09632829373650109,-0.15882589465219143
30,2024-10-01,SRF,0.23157894736842105,0.23157894736842105,210000000.0,0.028414759862979533,-0.09523809523809523,-0.07938144329896912
30,2024-10-01,ST8,0.4631578947368421,0.3631578947368421,2144500000.0,0.019928617598173538,-0.01243781094527352,-0.11679644048943272
30,2024-10-01,STB,0.6842105263157895,0.9315789473684211,394346500000.0,0.014189444184411398,0.09656301145662849,0.11295681063122931
30,2024-10-01,TDC,0.43157894736842106,0.4789473684210526,6527500000.0,0.01868077647415202,-0.09344894026974948,0.08786127167630053
30,2024-10-01,TDG,0.3684210526315789,0.6157894736842106,331000000.0,0.019522031148593015,-0.011737089201877882,0.012019230769230838
30,2024-10-01,TLG,0.9263157894736842,0.7736842105263158,14548500000.0,0.01009402306640375,0.024646040901940225,0.006956969853130657
30,2024-10-01,TMT,0.29473684210526313,0.2,179000000.0,0.020122704580278778,-0.021097046413502074,-0.40512820512820513
30,2024-10-01,TNI,0.5368421052631579,0.4052631578947368,263000000.0,0.010902115650141002,-0.004201680672268893,-0.1123595505617978
30,2024-10-01,TNT,0.2631578947368421,0.1473684210526316,386000000.0,0.0077949695591410075,-0.05429864253393668,-0.16400000000000003
30,2024-10-01,TRC,0.7473684210526316,0.5368421052631579,1648500000.0,0.010515013411970111,0.0049972237645752315,-0.08470290771175726
30,2024-10-01,TTA,0.25263157894736843,0.2263157894736842,7863500000.0,0.020057610124012384,-0.08011583011583012,-0.0880382775119617
30,2024-10-01,TTF,0.4421052631578947,0.2,1714500000.0,0.006758101119218505,-0.04802259887005644,-0.14030612244897955
30,2024-10-01,TVT,0.6947368421052632,0.6210526315789473,39773400.0,0.01277340958169357,0.0028985507246377384,-0.030133146461107208
30,2024-10-01,VCB,1.0,0.7526315789473684,117463000000.0,0.008998346528534427,0.003308519437551727,0.04550939493190831
30,2024-10-01,VCF,0.16842105263157894,0.46842105263157896,407000000.0,0.03756079168978916,-0.14262763298821846,0.09939914163090124
30,2024-10-01,VGC,0.6526315789473685,0.368421052631579,40928500000.0,0.015175064845230955,-0.0013000520020800543,-0.15582417582417585
30,2024-10-01,VID,0.5894736842105263,0.6894736842105263,35443900.0,0.01199910473679854,0.003968253968253954,0.005964214711729587
30,2024-10-01,VJC,0.9157894736842105,0.7,80768500000.0,0.005646208643904544,0.0,0.03646833013435691
30,2024-10-01,VMD,0.6421052631578947,0.7052631578947368,69000000.0,0.008460880594747465,0.0,0.03944896681277399
30,2024-10-01,VNG,0.30526315789473685,0.5631578947368421,20915050.0,0.012032787940145255,0.006090133982947554,-0.07191011235955058
30,2024-10-01,VOS,0.4,0.18947368421052632,25865500000.0,0.01688034669463036,-0.02759526938239154,-0.22431865828092246
30,2024-10-01,VPD,0.9473684210526315,0.6526315789473685,123500000.0,0.011929944516112786,-0.014060502769493,0.06098120128381468
30,2024-10-01,VPH,0.7263157894736842,0.47368421052631576,1151500000.0,0.011438813245772556,-0.06290115532734275,0.044349070100142995
30,2024-10-01,VPI,0.8526315789473684,0.8947368421052632,72609000000.0,0.008418660070740934,0.03356890459363959,0.14213197969543145
30,2024-10-01,VRC,0.15789473684210525,0.17368421052631577,70500000.0,0.013308774083186117,-0.0625,-0.14607948442534913
30,2024-10-01,VRE,0.7578947368421053,0.6210526315789473,170386500000.0,0.018171443088918226,0.010787486515641875,-0.06719761075161768
30,2024-10-01,VTO,0.47368421052631576,0.5210526315789473,2945000000.0,0.010220438279215625,-0.033777777777777795,0.015887850467289688
31,2024-11-01,AAM,0.2222222222222222,0.044444444444444446,95607100.0,0.025584695011660663,-0.11914893617021272,-0.13869625520110962
31,2024-11-01,ASM,0.7777777777777778,0.4777777777777778,4945000000.0,0.008252883338252408,-0.02898550724637694,0.001245330012453305
31,2024-11-01,ASP,0.26666666666666666,0.6277777777777778,151500000.0,0.018036130411884125,0.01975308641975304,-0.014319809069212375
31,2024-11-01,AST,0.5444444444444444,0.25,345000000.0,0.010487901055590675,-0.030446070332782682,-0.09034543844109832
31,2024-11-01,BKG,0.5111111111111111,0.3,228500000.0,0.00868288705470234,-0.02571428571428569,-0.07837837837837835
31,2024-11-01,BMP,0.12222222222222222,0.9666666666666667,42412500000.0,0.02426292278766591,0.1546349041947177,0.43919442292796274
31,2024-11-01,BTP,0.7222222222222222,0.34444444444444444,275500000.0,0.007926843828931393,-0.043443282381335435,-0.024610336341263306
31,2024-11-01,BWE,0.9555555555555556,0.75,8134000000.0,0.010068001851551649,0.008889956751561678,0.0558209705808399
31,2024-11-01,CCL,0.5777777777777777,0.19444444444444445,2520000000.0,0.01270049323469974,-0.09548387096774191,-0.04625850340136051
31,2024-11-01,CIG,0.011111111111111112,0.9833333333333334,3550500000.0,0.0431953356089105,0.5,0.5961165048543688
31,2024-11-01,CLC,0.6777777777777778,0.8833333333333333,266500000.0,0.008504471976278861,0.1049154334038056,0.05447667087011343
31,2024-11-01,CLL,0.7,0.5388888888888889,73484700.0,0.008246413523450256,0.0012476606363067688,-0.017747858017135854
31,2024-11-01,CSM,0.35555555555555557,0.13333333333333333,4920500000.0,0.010944991902794984,-0.06351931330472105,-0.1115635179153095
31,2024-11-01,CTI,0.6555555555555556,0.7555555555555555,3994000000.0,0.018812643978135105,0.05595930232558133,0.012543554006968716
31,2024-11-01,DAH,0.5555555555555556,0.23333333333333334,131000000.0,0.007233964203971285,-0.03144654088050314,-0.09677419354838712
31,2024-11-01,DCL,0.6,0.7888888888888889,11916500000.0,0.019643657364136154,0.04873294346978563,0.028680688336520044
31,2024-11-01,DCM,0.8555555555555555,0.5333333333333333,88967500000.0,0.011734778225405683,-0.022281639928698804,0.017939993813795185
31,2024-11-01,DGW,0.5222222222222223,0.34444444444444444,44970500000.0,0.012984739977673168,-0.07393172055166175,-0.0014627011214042307
31,2024-11-01,DHC,0.7111111111111111,0.25555555555555554,4954500000.0,0.014591367215054532,-0.05889145496535797,-0.04603979711275852
31,2024-11-01,DLG,0.4888888888888889,0.7055555555555555,2127500000.0,0.0233469325125866,0.0393258426966292,0.0
31,2024-11-01,DQC,0.7333333333333333,0.40555555555555556,86063650.0,0.009349916714179965,-0.02278083267871167,-0.040863531225905914
31,2024-11-01,DSN,0.9833333333333333,0.6,338500000.0,0.007438629521981348,-0.005571030640668551,0.012876473155827073
31,2024-11-01,DTA,0.1,0.5388888888888889,26299850.0,0.029594077087909537,-0.033419023136246784,0.04444444444444451
31,2024-11-01,DTL,0.23333333333333334,0.37777777777777777,441332500.0,0.02880339756538529,0.008196721311475308,-0.12142857142857144
31,2024-11-01,DXV,0.4,0.2833333333333333,46630200.0,0.01160583061259894,-0.005376344086021501,-0.24949290060851925
31,2024-11-01,EIB,0.24444444444444444,0.8888888888888888,288299000000.0,0.027271975863089153,0.0536193029490617,0.16203429923122403
31,2024-11-01,GVR,0.4777777777777778,0.32222222222222224,93845000000.0,0.015269240454308018,-0.07450865356409508,-0.00786163522012584
31,2024-11-01,HAG,0.4222222222222222,0.1,49157000000.0,0.013851868641616291,-0.0848214285714286,-0.11255411255411252
31,2024-11-01,HAR,0.2,0.2,899500000.0,0.028204398644415176,-0.0473537604456824,-0.08310991957104563
31,2024-11-01,HPX,0.1111111111111111,0.6777777777777778,8027500000.0,0.02886009263113351,0.03441295546558698,-0.007766990291262155
31,2024-11-01,HQC,0.3888888888888889,0.18888888888888888,5881500000.0,0.010492845051290106,-0.042042042042042094,-0.11142061281337046
31,2024-11-01,HSG,1.0,0.32222222222222224,153440000000.0,0.010715616536316915,-0.040738383195416894,-0.04256670902160098
31,2024-11-01,HSL,0.6888888888888889,0.2777777777777778,322500000.0,0.009077993379373279,-0.0377777777777778,-0.05664488017429192
31,2024-11-01,HTI,0.9666666666666667,0.7,152766600.0,0.007427131114145545,0.009009009009008917,0.028309104820198883
31,2024-11-01,HTL,0.03333333333333333,0.9833333333333334,526000000.0,0.03611911221068109,0.2903770399549803,0.6331908831908832
31,2024-11-01,HU1,0.044444444444444446,0.4166666666666667,7226000.0,0.04464732348777405,-0.10461538461538467,0.046762589928057485
31,2024-11-01,ICT,0.6333333333333333,0.7277777777777779,431500000.0,0.01950856399535107,0.04669260700389111,0.003731343283582156
31,2024-11-01,ITC,0.8444444444444444,0.7,1552500000.0,0.011398192993991219,0.0092592592592593,0.028301886792452935
31,2024-11-01,JVC,0.9444444444444444,0.5722222222222222,640000000.0,0.006032578009201354,0.006116207951070374,-0.012012012012011963
31,2024-11-01,KMR,0.9,0.5055555555555555,48289800.0,0.0042013877744825675,0.0031152647975076775,-0.04166666666666663
31,2024-11-01,LDG,0.3,0.2777777777777778,1861500000.0,0.015824968327874053,-0.07389162561576357,-0.030927835051546393
31,2024-11-01,LGL,0.36666666666666664,0.35,54500000.0,0.008716154726277677,-0.015748031496062964,-0.07063197026022305
31,2024-11-01,MHC,0.3111111111111111,0.12222222222222222,291000000.0,0.02523667195117132,-0.046801872074882955,-0.1406469760900141
31,2024-11-01,NAF,0.7666666666666667,0.7222222222222222,6404000000.0,0.012658160307135513,-0.012201591511936338,0.2885813148788927
31,2024-11-01,NBB,0.18888888888888888,0.9055555555555556,767500000.0,0.017675820116887547,0.09131403118040082,0.09375
31,2024-11-01,NCT,0.7444444444444445,0.8777777777777778,710000000.0,0.012732307454039795,0.04013810962451436,0.19366022783556214
31,2024-11-01,NVT,0.14444444444444443,0.22777777777777777,54758400.0,0.029923754020019594,-0.025316455696202556,-0.125
31,2024-11-01,OGC,0.07777777777777778,0.5333333333333333,1208500000.0,0.03168943060135049,0.08823529411764697,-0.10843373493975905
31,2024-11-01,PAN,0.8777777777777778,0.8999999999999999,33994000000.0,0.011839740881346565,0.060359837492745205,0.11606597434331078
31,2024-11-01,PET,0.43333333333333335,0.6666666666666667,32774000000.0,0.023239890337142723,0.007369614512471756,0.025389497980380815
31,2024-11-01,PGC,0.9222222222222223,0.7555555555555555,360500000.0,0.007023057409090302,0.02446982055464919,0.03544929925803797
31,2024-11-01,PHR,0.7888888888888889,0.39999999999999997,6572500000.0,0.014287366318769165,-0.04799851742031136,0.007254901960784377
31,2024-11-01,PIT,0.2111111111111111,0.16111111111111112,15068400.0,0.014741825159071027,-0.03396226415094339,-0.1551155115511551
31,2024-11-01,PTL,0.13333333333333333,0.40555555555555556,173500000.0,0.03355620069822515,-0.003424657534246589,-0.07619047619047614
31,2024-11-01,PVD,0.6666666666666666,0.28888888888888886,87150000000.0,0.009589658976693501,-0.070856438693777,-0.030225080385852143
31,2024-11-01,QCG,0.06666666666666667,1.0,13222500000.0,0.03932790511194893,0.7914831130690161,0.9773095623987034
31,2024-11-01,QNP,0.6444444444444445,0.45555555555555555,53999950.0,0.014607527089074252,-0.005686920083807223,-0.04375359815774327
31,2024-11-01,SCR,0.4444444444444444,0.39444444444444443,5809000000.0,0.015114066911723418,-0.014760147601476037,-0.046428571428571375
31,2024-11-01,SFG,0.5333333333333333,0.5444444444444445,18297350.0,0.009795552764572672,-0.019230769230769273,0.018927444794952786
31,2024-11-01,SFI,0.4666666666666667,0.5055555555555555,35903450.0,0.022869911810363623,0.006230529595015577,-0.043317289892632393
31,2024-11-01,SGN,0.8222222222222222,0.32222222222222224,764000000.0,0.00868628493526171,-0.030418751646036357,-0.046490546490546514
31,2024-11-01,SHA,0.2777777777777778,0.3833333333333333,35628100.0,0.022395269333721126,-0.014598540145985384,-0.053738317757009324
31,2024-11-01,SKG,0.45555555555555555,0.022222222222222223,1876000000.0,0.010887870777773567,-0.13796212804328223,-0.15845070422535212
31,2024-11-01,SRF,0.25555555555555554,0.16666666666666669,54147100.0,0.021886445673612528,-0.0561797752808989,-0.09482758620689657
31,2024-11-01,ST8,0.6111111111111112,0.4666666666666667,1185500000.0,0.0051285208988383,-0.027061855670103108,-0.006578947368421018
31,2024-11-01,STB,0.34444444444444444,0.9111111111111111,583236500000.0,0.021013145076103846,0.05740181268882183,0.232394366197183
31,2024-11-01,TCR,0.022222222222222223,0.5388888888888889,2358200.0,0.030339016195965757,0.002849002849002913,-0.01949860724233987
31,2024-11-01,TDC,0.17777777777777778,0.4666666666666667,2619000000.0,0.013793957652269543,0.016447368421052655,-0.08669950738916254
31,2024-11-01,TDG,0.5888888888888889,0.07777777777777778,234500000.0,0.013562579348112122,-0.09090909090909094,-0.12442396313364057
31,2024-11-01,TLG,0.9111111111111111,0.9,9232000000.0,0.011406669849571515,0.0614081524616199,0.0974274767378216
31,2024-11-01,TMT,0.08888888888888889,0.11111111111111112,125000000.0,0.02681231528558381,-0.045588235294117596,-0.17113665389527455
31,2024-11-01,TNI,0.8111111111111111,0.3944444444444445,190500000.0,0.00565612972889759,-0.017316017316017285,-0.04621848739495793
31,2024-11-01,TNT,0.15555555555555556,0.9055555555555556,729500000.0,0.01883233977627438,0.09443099273607758,0.09178743961352653
31,2024-11-01,TRC,0.5,0.8333333333333334,4200000000.0,0.022887455109522614,0.03554826360404695,0.07554671968190863
31,2024-11-01,TTA,0.3333333333333333,0.5666666666666667,3149000000.0,0.01060185578493189,0.01177730192719495,-0.038657171922685696
31,2024-11-01,TTF,0.28888888888888886,0.29444444444444445,2236500000.0,0.010490529718110231,-0.013157894736842146,-0.12023460410557185
31,2024-11-01,TVT,0.8888888888888888,0.5277777777777777,63000000.0,0.008806949346509555,-0.006521739130434745,-0.009393063583814976
31,2024-11-01,VCB,0.8,0.7833333333333333,116449000000.0,0.0062991411353620855,0.013149243918474607,0.06625151357896564
31,2024-11-01,VGC,0.6222222222222222,0.47777777777777775,30454000000.0,0.009924995238315316,-0.04003181336161188,0.027525539160045298
31,2024-11-01,VID,0.5666666666666667,0.4444444444444444,13598200.0,0.011832713826676005,-0.017892644135188873,-0.029469548133595258
31,2024-11-01,VJC,0.9333333333333333,0.6666666666666667,93831500000.0,0.009684502400092934,-0.005802469135802513,0.05433359518198477
31,2024-11-01,VMD,0.8333333333333334,0.7666666666666667,88662800.0,0.010476684153692116,0.024767801857585203,0.039572864321608
31,2024-11-01,VNG,0.16666666666666666,0.5111111111111111,67324350.0,0.01866372247976997,0.012345679012345734,-0.046511627906976716
31,2024-11-01,VOS,0.32222222222222224,0.13333333333333333,19182000000.0,0.020853859660664522,-0.09187279151943462,-0.0860597439544808
31,2024-11-01,VPD,0.9833333333333333,0.7055555555555555,165853550.0,0.012903905319885464,0.0073465859982713155,0.041554959785522705
31,2024-11-01,VPH,0.37777777777777777,0.24444444444444444,3080500000.0,0.022702769280808423,-0.043055555555555514,-0.06639566395663954
31,2024-11-01,VPI,0.8666666666666667,0.7611111111111111,77162500000.0,0.0076743682640393876,0.03362831858407089,0.03180212014134276
31,2024-11-01,VRC,0.05555555555555555,0.9055555555555556,154697500.0,0.0267966687756611,0.10691823899371067,0.06796116504854366
31,2024-11-01,VRE,0.7555555555555555,0.4277777777777778,122365500000.0,0.013738223023398267,-0.029994340690435717,-0.013808975834292303
31,2024-11-01,VTO,0.4111111111111111,0.3888888888888889,2225500000.0,0.013861016920882404,-0.008442776735459678,-0.05709188224799289
32,2024-11-29,AAM,0.18947368421052632,0.6526315789473685,42268400.0,0.03067729711973285,0.07568438003220601,-0.052482269503546064
32,2024-11-29,ASM,0.7789473684210526,0.4263157894736842,5035500000.0,0.013001961671695733,-0.018656716417910335,-0.04014598540145986
32,2024-11-29,ASP,0.631578947368421,0.5578947368421052,115000000.0,0.01844212611472179,-0.007263922518159771,-0.012048192771084376
32,2024-11-29,AST,0.8736842105263158,0.5947368421052631,280000000.0,0.009737478596778166,0.009250243427458615,-0.03849721706864562
32,2024-11-29,BKG,0.35789473684210527,0.1631578947368421,296000000.0,0.01492353433835132,-0.04692082111436946,-0.11684782608695654
32,2024-11-29,BMP,0.21052631578947367,0.6947368421052631,21582000000.0,0.01823104630775323,-0.011392177969142492,0.2721920812651506
32,2024-11-29,BTP,0.14736842105263157,0.11052631578947368,408000000.0,0.008811093943895532,-0.08494533221194278,-0.10746513535684987
32,2024-11-29,BWE,0.4105263157894737,0.8263157894736842,6611000000.0,0.01840495419984688,0.058347225529888025,0.07265266714940855
32,2024-11-29,CCL,0.2631578947368421,0.5684210526315789,2094000000.0,0.02046850548863105,0.0342368045649073,-0.06812339331619532
32,2024-11-29,CIG,0.010526315789473684,0.9526315789473685,5368000000.0,0.048823660637006445,0.10340632603406319,0.6921641791044777
32,2024-11-29,CLC,0.9789473684210527,0.7210526315789474,369000000.0,0.004740877725829115,-0.005943889681407466,0.1049154334038056
32,2024-11-29,CLL,0.7157894736842105,0.3157894736842105,155500000.0,0.0052482342031849125,-0.03551401869158877,-0.061533798120642635
32,2024-11-29,CSM,0.05263157894736842,0.9315789473684211,12295500000.0,0.03203173516791783,0.22914757103574712,0.10461285008237242
32,2024-11-29,CTI,0.8105263157894737,0.8526315789473684,8384500000.0,0.015036882027077607,0.06262904335856856,0.09659090909090917
32,2024-11-29,DAH,0.6631578947368421,0.41578947368421054,127000000.0,0.003837363163313687,-0.009740259740259716,-0.06727828746177367
32,2024-11-29,DCL,0.9368421052631579,0.6210526315789473,7103000000.0,0.01155476497052351,-0.0074349442379182396,0.0249520153550864
32,2024-11-29,DCM,0.9894736842105263,0.6157894736842106,119946000000.0,0.014740203690951928,0.0012154360376785966,-0.01199400299850073
32,2024-11-29,DGW,0.23157894736842105,0.49473684210526314,51412000000.0,0.019239106033828487,0.015380859375,-0.08593406593406594
32,2024-11-29,DHC,0.4842105263157895,0.3736842105263158,3290500000.0,0.005384268058173743,-0.01717791411042946,-0.06752037252619325
32,2024-11-29,DLG,0.6526315789473685,0.7842105263157895,1750000000.0,0.022748070793630556,0.03243243243243232,0.061111111111111116
32,2024-11-29,DMC,0.5473684210526316,0.4578947368421053,55500000.0,0.014242082163644023,-0.015396825396825409,-0.03903950426026337
32,2024-11-29,DQC,0.5578947368421052,0.26842105263157895,143623500.0,0.012467393148553139,-0.0337620578778135,-0.07963246554364467
32,2024-11-29,DSN,0.9368421052631579,0.43157894736842106,388500000.0,0.0043193090222823464,-0.02348631760396469,-0.028926505249625034
32,2024-11-29,DTA,0.5052631578947369,0.8473684210526315,37142100.0,0.02308241220544447,0.0898876404494382,0.03743315508021383
32,2024-11-29,DTL,0.2736842105263158,0.015789473684210527,296424000.0,0.021703543781408815,-0.19685039370078738,-0.203125
32,2024-11-29,DXV,0.042105263157894736,0.7578947368421053,70125600.0,0.04784302384568561,0.04054054054054057,0.021220159151193574
32,2024-11-29,EIB,0.37894736842105264,0.4894736842105263,82136500000.0,0.0177203703549941,-0.058524173027989845,0.09080188679245293
32,2024-11-29,GVR,0.3263157894736842,0.31052631578947365,81172500000.0,0.01830903181767809,-0.021870047543581572,-0.0842729970326409
32,2024-11-29,HAG,0.29473684210526313,0.9368421052631579,82502000000.0,0.022329278713660278,0.1658536585365853,0.1658536585365853
32,2024-11-29,HAR,0.24210526315789474,0.24736842105263157,438000000.0,0.01083410307363111,-0.023391812865497075,-0.106951871657754
32,2024-11-29,HPX,0.6842105263157895,0.21052631578947367,6915500000.0,0.01546164882438098,-0.05675146771037187,-0.09056603773584904
32,2024-11-29,HQC,0.49473684210526314,0.3157894736842105,7267000000.0,0.015590457445310664,-0.01253918495297801,-0.10256410256410253
32,2024-11-29,HSG,0.5894736842105263,0.2894736842105263,99069500000.0,0.015309665730516016,-0.059057730590577284,-0.047683008730691756
32,2024-11-29,HSL,0.16842105263157894,0.17368421052631577,138000000.0,0.008848761887288085,-0.0646651270207852,-0.0959821428571429
32,2024-11-29,HTI,0.9578947368421052,0.6447368421052632,229402600.0,0.0029175823969960603,0.0,0.0059880239520957446
32,2024-11-29,HTL,0.06315789473684211,0.9789473684210526,783000000.0,0.033096964749485265,0.22764936764064547,0.902027027027027
32,2024-11-29,HTV,0.5684210526315789,0.7263157894736842,10595000.0,0.02038253136600671,0.01089324618736387,0.03571428571428581
32,2024-11-29,HU1,0.09473684210526316,0.531578947368421,31709500.0,0.042518403646788765,-0.0016638935108153063,-0.04153354632587858
32,2024-11-29,ICT,0.1368421052631579,0.8736842105263158,1576500000.0,0.031084861092652787,0.08085501858736066,0.0940733772342428
32,2024-11-29,ITC,0.7684210526315789,0.2947368421052632,2284000000.0,0.013740455167081476,-0.02752293577981646,-0.07826086956521738
32,2024-11-29,JVC,0.7894736842105263,0.45789473684210524,723500000.0,0.015359289736992406,-0.018237082066869248,-0.03293413173652693
32,2024-11-29,KMR,0.8947368421052632,0.49473684210526314,42337950.0,0.003170757815830397,-0.006211180124223614,-0.04477611940298509
32,2024-11-29,LDG,0.12631578947368421,0.5105263157894737,2370000000.0,0.019258287000501487,-0.021276595744680882,0.005464480874316946
32,2024-11-29,LGL,0.4631578947368421,0.24736842105263157,53500000.0,0.005453673065562056,-0.028000000000000025,-0.09665427509293678
32,2024-11-29,MHC,0.5368421052631579,0.2789473684210526,143500000.0,0.025057026615953337,-0.008183306055646433,-0.13428571428571423
32,2024-11-29,NAF,0.6,0.631578947368421,5320500000.0,0.024314747259676583,-0.016648764769065516,0.09838032393521301
32,2024-11-29,NBB,0.8842105263157894,0.6842105263157895,1213500000.0,0.01632712182171228,-0.006122448979591799,0.0822222222222222
32,2024-11-29,NCT,0.8,0.6842105263157895,505500000.0,0.00799778336922762,-0.008817427385892085,0.10885458976441909
32,2024-11-29,NVT,0.25263157894736843,0.5157894736842106,18396500.0,0.031032836537410274,0.0113924050632912,-0.06876456876456871
32,2024-11-29,OGC,0.15789473684210525,0.0368421052631579,667000000.0,0.017296989216673154,-0.11486486486486491,-0.1548387096774193
32,2024-11-29,PAN,0.7368421052631579,0.38421052631578945,21316000000.0,0.010691382971187605,-0.07115489874110559,0.004736530491415092
32,2024-11-29,PET,0.47368421052631576,0.24736842105263157,15544500000.0,0.01945173726300081,-0.028700056274620134,-0.0944386149003148
32,2024-11-29,PGC,0.968421052631579,0.7315789473684211,837500000.0,0.006607769254248093,0.01671974522292996,0.024057738572574205
32,2024-11-29,PHR,0.8315789473684211,0.6684210526315789,9164500000.0,0.012692897245816504,0.01810395172279544,-0.01208915753683415
32,2024-11-29,PIT,0.30526315789473685,0.36315789473684207,11301800.0,0.02883633958482706,0.005859375,-0.1271186440677966
32,2024-11-29,PTL,0.43157894736842106,0.20526315789473684,121500000.0,0.02030928504715404,-0.04123711340206182,-0.10289389067524113
32,2024-11-29,PVD,0.45263157894736844,0.12105263157894736,81194500000.0,0.014923693094028686,-0.07957559681697612,-0.10911424903722722
32,2024-11-29,QCG,0.031578947368421054,0.9052631578947368,15405000000.0,0.048820243989363694,0.049180327868852514,0.9512195121951219
32,2024-11-29,QNP,0.6210526315789474,0.4157894736842105,45990100.0,0.025325856368809897,-0.015370705244122984,-0.055780346820809235
32,2024-11-29,SCR,0.8210526315789474,0.5157894736842106,5471500000.0,0.013961782445095154,0.0074906367041198685,-0.06434782608695655
32,2024-11-29,SFG,0.6421052631578947,0.46842105263157896,119647450.0,0.02365012350751524,-0.018575851393188847,-0.027607361963190136
32,2024-11-29,SFI,0.7578947368421053,0.5263157894736843,63758400.0,0.015660131669095686,-0.006535947712418277,-0.037257824143069995
32,2024-11-29,SGN,0.6947368421052632,0.8210526315789474,771500000.0,0.016562870758000198,0.07578432704060845,0.024974120082815743
32,2024-11-29,SHA,0.6105263157894737,0.4631578947368421,27384450.0,0.02302147515451226,-0.012345679012345734,-0.04076738609112707
32,2024-11-29,SKG,0.3157894736842105,0.4263157894736842,1152000000.0,0.013382408694749428,0.03347280334728042,-0.13409290096406656
32,2024-11-29,SRC,0.10526315789473684,0.08947368421052632,54876200.0,0.04340683093296382,-0.0513833992094862,-0.21182266009852213
32,2024-11-29,SRF,0.4421052631578947,0.10526315789473684,139923000.0,0.005927415644789612,-0.0488372093023256,-0.17373737373737375
32,2024-11-29,ST8,0.28421052631578947,0.08947368421052632,2336000000.0,0.020955750334698483,-0.0821192052980132,-0.11719745222929934
32,2024-11-29,STB,0.7263157894736842,0.5526315789473684,331548500000.0,0.015764910028749763,-0.0485714285714286,0.11371237458193972
32,2024-11-29,TCR,0.11578947368421053,0.4605263157894737,14694850.0,0.041374372354976575,0.0,-0.07526881720430112
32,2024-11-29,TDC,0.7473684210526316,0.4789473684210527,3885500000.0,0.009156174093919802,0.015102481121898492,-0.09344894026974948
32,2024-11-29,TDG,0.3894736842105263,0.10526315789473684,143282000.0,0.02038526098073015,-0.052631578947368474,-0.15094339622641506
32,2024-11-29,TLG,0.08421052631578947,0.9789473684210526,28201000000.0,0.02638424150263765,0.28528678304239397,0.32357473035439144
32,2024-11-29,TMT,0.07368421052631578,0.6473684210526316,270000000.0,0.03284953187825793,0.06317411402157158,-0.0482758620689655
32,2024-11-29,TNI,0.8421052631578947,0.47368421052631576,130500000.0,0.009003106919848803,-0.008810572687224627,-0.04255319148936165
32,2024-11-29,TNT,0.4,0.07894736842105264,392000000.0,0.023841312198836586,-0.13716814159292035,-0.11161731207289294
32,2024-11-29,TRC,0.3684210526315789,0.9473684210526316,5344000000.0,0.02520964175847277,0.19302878267758117,0.2701714928310375
32,2024-11-29,TTA,0.7052631578947368,0.7789473684210526,11198500000.0,0.01481836980545508,0.09100529100529098,-0.008653846153846123
32,2024-11-29,TTF,0.42105263157894735,0.4105263157894737,2737000000.0,0.021067316682592912,0.016666666666666607,-0.11849710982658956
32,2024-11-29,TVT,0.9052631578947369,0.5947368421052631,57636700.0,0.006361889681628944,-0.005835156819839482,-0.009447674418604612
32,2024-11-29,VCB,1.0,0.6684210526315789,138766000000.0,0.006536966405368496,-0.002271252433484805,0.034308779011099855
32,2024-11-29,VCF,0.5263157894736842,0.3263157894736842,199000000.0,0.020129880217694577,-0.028326539144977514,-0.06186295287112731
32,2024-11-29,VGC,0.5789473684210527,0.7526315789473684,62826500000.0,0.024701133892032875,0.04446285556476104,0.019132309350579302
32,2024-11-29,VID,0.3473684210526316,0.13684210526315788,66383200.0,0.01769191308852395,-0.082995951417004,-0.09760956175298807
32,2024-11-29,VJC,0.8526315789473684,0.4526315789473684,69962500000.0,0.006516600497891391,-0.021979386564013437,-0.013527054108216419
32,2024-11-29,VMD,0.5157894736842106,0.8315789473684211,317663300.0,0.018954843824083776,0.07311178247734129,0.05840286054827182
32,2024-11-29,VNG,0.2,0.6526315789473685,54877000.0,0.027801152560775835,0.02499999999999991,-0.029585798816568087
32,2024-11-29,VOS,0.17894736842105263,0.6368421052631579,42726000000.0,0.032049303584290006,0.11206225680933857,-0.07268007787151198
32,2024-11-29,VPD,0.9368421052631579,0.46842105263157896,221500000.0,0.011675535334401348,-0.025740025740025763,-0.007430069930069894
32,2024-11-29,VPH,0.3368421052631579,0.0736842105263158,1195500000.0,0.020494229008515424,-0.07402031930333819,-0.14477211796246647
32,2024-11-29,VPI,0.9157894736842105,0.668421052631579,71256000000.0,0.009215934693663474,0.001712328767123239,0.019163763066202044
32,2024-11-29,VPS,0.22105263157894736,0.13157894736842105,17269400.0,0.01599530941587812,-0.06030150753768848,-0.10952380952380958
32,2024-11-29,VRC,0.021052631578947368,0.9789473684210526,1204500000.0,0.04600718241430914,0.27840909090909083,0.34892086330935257
32,2024-11-29,VRE,0.8631578947368421,0.4052631578947369,103658000000.0,0.007637881356516856,0.00875145857642945,-0.10922205048943845
32,2024-11-29,VTO,0.6736842105263158,0.7421052631578947,6387500000.0,0.020348869304018507,0.05203405865657529,-0.0035842293906810374
33,2024-12-31,AAM,0.25806451612903225,0.7043010752688172,66253200.0,0.024632761862002778,0.10236220472440949,0.013024602026049159
33,2024-12-31,ASM,0.4731182795698925,0.23118279569892475,4360000000.0,0.010872418581052843,-0.011378002528445008,-0.054413542926239455
33,2024-12-31,ASP,0.40860215053763443,0.22043010752688175,85299250.0,0.018172604051461674,-0.02941176470588236,-0.0317848410757946
33,2024-12-31,AST,0.8817204301075269,0.575268817204301,526500000.0,0.010662725110260026,0.03599412340842312,0.014871671863756264
33,2024-12-31,BKG,0.5376344086021505,0.3709677419354839,471500000.0,0.01843159455059781,0.034700315457413256,-0.06552706552706555
33,2024-12-31,BMP,0.23655913978494625,0.7903225806451613,31006500000.0,0.021143361120121842,0.06241279880941297,0.12654107900187395
33,2024-12-31,BTP,0.5053763440860215,0.41397849462365593,113500000.0,0.005172459181262711,0.05263157894736836,-0.07716785998408915
33,2024-12-31,BWE,0.967741935483871,0.5376344086021505,5112500000.0,0.009106663279855154,0.010582010582010692,0.04869897350202912
33,2024-12-31,CCI,0.010752688172043012,0.8978494623655914,207674300.0,0.03616124057702364,0.09580838323353302,0.2629399585921326
33,2024-12-31,CCL,0.7204301075268817,0.7634408602150538,5154000000.0,0.02309368548265122,0.07752956636005259,0.06493506493506485
33,2024-12-31,CIG,0.0967741935483871,0.5,4806500000.0,0.03213816264346722,-0.13665254237288138,0.5233644859813085
33,2024-12-31,CLC,0.7849462365591398,0.8763440860215054,423500000.0,0.02146880485660399,0.08313194780087008,0.18446088794925997
33,2024-12-31,CLL,0.4838709677419355,0.20967741935483872,214500000.0,0.006445189735047523,-0.005568293481821196,-0.06785385323917714
33,2024-12-31,CSM,0.43010752688172044,0.946236559139785,28623000000.0,0.023260383537953778,0.13598797896318549,0.3440000000000001
33,2024-12-31,CTI,0.7956989247311828,0.913978494623656,17245500000.0,0.02356249562499978,0.12305699481865284,0.1820040899795501
33,2024-12-31,DAH,0.12903225806451613,0.7956989247311828,1077500000.0,0.0325507800649057,0.11842105263157898,0.05590062111801242
33,2024-12-31,DCL,0.6559139784946236,0.543010752688172,6841000000.0,0.01933408220190969,0.007532956685499137,0.06150793650793651
33,2024-12-31,DCM,0.9247311827956989,0.14516129032258063,99767500000.0,0.007305475242854897,-0.0378329297820823,-0.05189382642409779
33,2024-12-31,DGW,0.11290322580645161,0.05913978494623656,54035000000.0,0.009146589502042661,-0.0505893909626719,-0.10467809170912457
33,2024-12-31,DHC,0.6989247311827957,0.5913978494623655,20253000000.0,0.01827450454570019,0.047049441786283897,0.013508297954457849
33,2024-12-31,DLG,0.3010752688172043,0.8763440860215054,2078000000.0,0.01936865164391338,0.1063829787234043,0.15555555555555545
33,2024-12-31,DMC,0.26881720430107525,0.7258064516129032,160000000.0,0.019584180824380473,0.07814784727863522,0.04536862003780717
33,2024-12-31,DQC,0.4946236559139785,0.1827956989247312,123683150.0,0.008976101778396162,-0.023654159869494262,-0.053006329113924
33,2024-12-31,DSE,0.9354838709677419,0.7634408602150538,13997500000.0,0.01303423387615985,0.09493087557603697,0.049006622516556186
33,2024-12-31,DSN,0.8924731182795699,0.6666666666666667,837500000.0,0.009083928168524444,0.056307289393278115,0.03907256333190201
33,2024-12-31,DTA,0.27956989247311825,0.3010752688172043,143111600.0,0.02540847153219973,-0.02638522427440637,0.008196721311475308
33,2024-12-31,DXV,0.15053763440860216,0.5268817204301075,64000000.0,0.01081267424056718,0.027027027027026973,0.01333333333333342
33,2024-12-31,EIB,0.7526881720430108,0.6075268817204301,87658500000.0,0.013159580992045795,0.043243243243243246,0.023872679045092937
33,2024-12-31,GVR,0.11290322580645161,0.11290322580645162,61283500000.0,0.012324226247915003,-0.018050541516245522,-0.12616822429906538
33,2024-12-31,HAG,0.7096774193548387,0.6505376344086021,96297000000.0,0.023420798743290495,0.021186440677966045,0.10550458715596323
33,2024-12-31,HAR,0.16129032258064516,0.3709677419354839,595000000.0,0.013601040224957417,0.027439024390243816,-0.05865921787709494
33,2024-12-31,HPX,0.41935483870967744,0.1827956989247312,9581500000.0,0.023364364765712804,-0.01684210526315788,-0.06036217303822933
33,2024-12-31,HQC,0.6344086021505376,0.3709677419354839,9848000000.0,0.017337813581425755,0.016233766233766156,-0.04573170731707321
33,2024-12-31,HSG,0.5698924731182796,0.15591397849462366,91695500000.0,0.013870985237364675,-0.010775862068965525,-0.13559322033898302
33,2024-12-31,HSL,0.3548387096774194,0.25268817204301075,159500000.0,0.00731180457181065,0.00992555831265518,-0.0853932584269661
33,2024-12-31,HTI,0.978494623655914,0.553763440860215,142701000.0,0.0072240720957439135,0.02470059880239517,0.02777777777777768
33,2024-12-31,HTL,0.03225806451612903,0.7150537634408602,203000000.0,0.011853723321298993,0.01200154858691449,0.5118565644881434
33,2024-12-31,HTV,0.5806451612903226,0.3978494623655914,21972600.0,0.02078140184064236,0.0,0.0010787486515642097
33,2024-12-31,ICT,0.8172043010752689,0.7688172043010753,1159000000.0,0.01977245974985435,0.05013192612137196,0.16715542521994142
33,2024-12-31,ITC,0.7419354838709677,0.521505376344086,3744500000.0,0.01911792134437563,0.028301886792452935,0.0092592592592593
33,2024-12-31,JVC,0.3333333333333333,0.9086021505376345,1850500000.0,0.024423520041625835,0.1875,0.1515151515151516
33,2024-12-31,KMR,0.8709677419354839,0.44623655913978494,30470500.0,0.0037663156746320452,0.009316770186335477,0.009316770186335477
33,2024-12-31,LDG,0.6666666666666666,0.4193548387096774,2468500000.0,0.02017799192871073,0.021739130434782705,-0.03589743589743588
33,2024-12-31,LGL,0.6021505376344086,0.564516129032258,220500000.0,0.017568872661411834,0.04938271604938271,0.007905138339920903
33,2024-12-31,MHC,0.3763440860215054,0.3548387096774194,285500000.0,0.026491361105734378,-0.003159557661927326,-0.014062499999999978
33,2024-12-31,NAF,0.6451612903225806,0.3172043010752688,5014000000.0,0.010900850450689713,-0.002207505518763808,-0.03880914407230196
33,2024-12-31,NBB,0.24731182795698925,0.13978494623655913,456500000.0,0.02655558784548673,-0.06611570247933884,-0.04842105263157892
33,2024-12-31,NCT,0.9139784946236559,0.489247311827957,419000000.0,0.005459937458785905,0.010477178423236477,0.016699718192255464
33,2024-12-31,NVT,0.3225806451612903,0.15591397849462366,11232950.0,0.019196309324677682,-0.03508771929824561,-0.04938271604938271
33,2024-12-31,OGC,0.3118279569892473,0.7956989247311828,1017500000.0,0.03218476474145974,0.08142493638676851,0.07868020304568524
33,2024-12-31,PAN,0.8602150537634409,0.5591397849462366,29922500000.0,0.012795248279810547,0.05103857566765568,-0.0044969083754918815
33,2024-12-31,PET,0.1827956989247312,0.33870967741935487,10521000000.0,0.013324035161065456,0.0,-0.03664036076662913
33,2024-12-31,PGC,0.946236559139785,0.7849462365591398,426000000.0,0.013764295633072245,0.06709265175718859,0.10140148392415504
33,2024-12-31,PHR,0.6236559139784946,0.20967741935483872,11722500000.0,0.009586918428172088,-0.028411214953271036,-0.038475767665556826
33,2024-12-31,PIT,0.8064516129032258,0.4623655913978495,17993300.0,0.014555625839705745,0.023300970873786353,-0.005660377358490565
33,2024-12-31,PTL,0.3655913978494624,0.24731182795698925,112500000.0,0.01842771984076959,-0.028070175438596467,-0.01773049645390068
33,2024-12-31,PVD,0.20430107526881722,0.1935483870967742,65749000000.0,0.013880887236147397,0.0066079295154184425,-0.1655508216676811
33,2024-12-31,QCG,0.2903225806451613,0.5698924731182795,7670000000.0,0.023814327890030674,-0.025000000000000022,0.7180616740088106
33,2024-12-31,QNP,0.5483870967741935,0.3602150537634409,40319200.0,0.01920149496529769,0.0,-0.028427598460171732
33,2024-12-31,SCR,0.5591397849462365,0.7795698924731183,15362500000.0,0.026251908803106492,0.07518796992481214,0.08128544423440465
33,2024-12-31,SFG,0.043010752688172046,0.08064516129032258,45591400.0,0.011553533804753624,-0.03890641430073605,-0.0832497492477432
33,2024-12-31,SFI,0.44086021505376344,0.17204301075268819,129760500.0,0.018648806700498847,-0.016253869969040213,-0.06749816581071166
33,2024-12-31,SGN,0.956989247311828,0.6451612903225807,1320000000.0,0.011380623676147585,0.030635690579525088,0.07409870959159237
33,2024-12-31,SHA,0.5161290322580645,0.26881720430107525,15015450.0,0.02050401489391531,-0.012499999999999956,-0.038929440389294356
33,2024-12-31,SKG,0.3978494623655914,0.446236559139785,1513000000.0,0.01516685482177702,0.05544147843942504,-0.062043795620437936
33,2024-12-31,SRF,0.21505376344086022,0.6129032258064516,317237300.0,0.01942311640499276,0.07946210268948661,-0.015607580824972156
33,2024-12-31,ST8,0.1935483870967742,0.27419354838709675,1926000000.0,0.017261594860677024,0.016176470588235237,-0.10143042912873868
33,2024-12-31,STB,0.34408602150537637,0.8655913978494624,300756500000.0,0.017393348775208074,0.13190184049079745,0.09495548961424327
33,2024-12-31,TCR,0.021505376344086023,0.5698924731182795,6420950.0,0.040221411924252354,0.017699115044247815,0.05504587155963292
33,2024-12-31,TDC,0.6881720430107527,0.9032258064516129,8933000000.0,0.0159875463542644,0.12156448202959824,0.16979051819184132
33,2024-12-31,TDG,0.13978494623655913,0.10752688172043011,62500000.0,0.01759069693925463,-0.016393442622950838,-0.15492957746478875
33,2024-12-31,TLG,0.17204301075268819,0.6129032258064516,19779500000.0,0.02071206792904604,-0.010393466963622866,0.4195953141640043
33,2024-12-31,TMT,0.053763440860215055,0.978494623655914,452500000.0,0.0356187773220929,0.3666666666666667,0.4621099554234769
33,2024-12-31,TNI,0.8279569892473119,0.32795698924731187,185000000.0,0.008604708194742223,-0.004464285714285698,-0.0304347826086957
33,2024-12-31,TNT,0.45161290322580644,0.6827956989247312,814500000.0,0.02063592719956963,0.06683168316831689,0.03855421686746996
33,2024-12-31,TRC,0.07526881720430108,0.8387096774193548,5338000000.0,0.020757120027563497,0.05686399321026947,0.3901758303097962
33,2024-12-31,TTA,0.3870967741935484,0.946236559139785,23374500000.0,0.029086647249404813,0.14711538461538454,0.3081140350877194
33,2024-12-31,TTF,0.7634408602150538,0.596774193548387,3342000000.0,0.018795090894658365,0.04276315789473695,0.019292604501607746
33,2024-12-31,TVT,0.6129032258064516,0.6827956989247312,99212100.0,0.018208807796240123,0.05796038151137206,0.041907514450867156
33,2024-12-31,VCB,1.0,0.2956989247311828,134579500000.0,0.0056710923720792615,-0.01940955798401567,-0.003315649867373982
33,2024-12-31,VCF,0.7311827956989247,0.25268817204301075,240500000.0,0.012862455999685296,-0.013177710843373491,-0.03937378920362322
33,2024-12-31,VGC,0.8494623655913979,0.7258064516129032,60107500000.0,0.012472295926915844,0.05031282586027119,0.0830645161290322
33,2024-12-31,VID,0.06451612903225806,0.1935483870967742,57615150.0,0.016088351342465144,-0.0022371364653244186,-0.1062124248496994
33,2024-12-31,VJC,0.7741935483870968,0.23655913978494625,72668500000.0,0.007126778642626622,-0.014730370180607189,-0.04577595831782655
33,2024-12-31,VMD,0.46236559139784944,0.23655913978494622,290000000.0,0.008095715622992083,-0.06621392190152797,0.002430133657351119
33,2024-12-31,VNG,0.5913978494623656,0.6774193548387097,325000000.0,0.02349449132666014,0.03809523809523818,0.07787391841779967
33,2024-12-31,VOS,0.5268817204301075,0.8333333333333333,53696000000.0,0.023944134773482083,0.09329647546648245,0.1039776692254013
33,2024-12-31,VPD,0.989247311827957,0.7365591397849462,348113100.0,0.012053035163865189,0.07001321003963001,0.05790161079669143
33,2024-12-31,VPH,0.08602150537634409,0.13440860215053763,848000000.0,0.02084646008641336,-0.01273885350318471,-0.1460055096418733
33,2024-12-31,VPI,0.9032258064516129,0.5537634408602151,99672500000.0,0.014980727959142843,0.010135135135135087,0.06028368794326244
33,2024-12-31,VRC,0.22580645161290322,0.7741935483870968,709500000.0,0.036019679803232986,0.03111111111111109,0.4683544303797469
33,2024-12-31,VRE,0.8387096774193549,0.12365591397849462,98633000000.0,0.01060746811124461,-0.031012287887653645,-0.06546275395033863
33,2024-12-31,VTO,0.6774193548387096,0.7258064516129032,13010500000.0,0.021606184748334603,0.03497085761865115,0.15735567970204833
34,2025-01-24,AAM,0.6276595744680851,0.6117021276595744,151930900.0,0.025375757094455303,-0.007320644216691097,0.018018018018018056
34,2025-01-24,ASM,0.10638297872340426,0.10638297872340426,3312000000.0,0.009742096845082947,-0.10931677018633545,-0.10150375939849621
34,2025-01-24,ASP,0.8723404255319149,0.5265957446808511,68662000.0,0.008361951980343682,-0.004914004914005177,-0.021739130434782594
34,2025-01-24,AST,0.8404255319148937,0.48404255319148937,374500000.0,0.009070343666082998,-0.039537572254335296,0.014903493769850895
34,2025-01-24,BKG,0.24468085106382978,0.25,584500000.0,0.015370130665098838,-0.07079646017699115,-0.06804733727810652
34,2025-01-24,BMP,0.0425531914893617,0.3882978723404255,25369500000.0,0.01731864612793871,-0.050945017182130625,-0.01489209916176204
34,2025-01-24,BTP,0.8617021276595744,0.5425531914893618,88000000.0,0.006553398263275453,0.0,-0.031959629941127
34,2025-01-24,BWE,0.9042553191489362,0.6170212765957447,3471500000.0,0.008413078935692257,-0.012747552925108097,0.04204709274387319
34,2025-01-24,CCI,0.22340425531914893,0.7127659574468085,199500000.0,0.04297011487901759,-0.015330188679245293,0.1469780219780219
34,2025-01-24,CCL,0.5212765957446809,0.30319148936170215,2901000000.0,0.01690575668521506,-0.11151515151515157,0.009641873278236845
34,2025-01-24,CIG,0.1702127659574468,0.6595744680851063,4384000000.0,0.03397025680850256,-0.016607354685646447,0.07802340702210664
34,2025-01-24,CLC,0.9148936170212766,0.7712765957446809,605000000.0,0.007912153812490053,0.01736806947227798,0.08398576512455525
34,2025-01-24,CLL,0.3404255319148936,0.3457446808510638,159500000.0,0.012125076749420906,-0.026203734032099524,-0.07383177570093458
34,2025-01-24,CSM,0.6914893617021277,0.5585106382978724,19774000000.0,0.02604698894539454,-0.0859375,0.281021897810219
34,2025-01-24,CTI,0.35106382978723405,0.824468085106383,19878000000.0,0.03111115299204706,0.007210205213532994,0.23790047716428075
34,2025-01-24,DAH,0.4787234042553192,0.4946808510638298,660000000.0,0.03024276740392681,-0.0702247191011236,0.07467532467532467
34,2025-01-24,DCL,0.5585106382978723,0.7234042553191489,7373000000.0,0.017113457265977617,0.03345724907063197,0.029629629629629672
34,2025-01-24,DCM,0.3829787234042553,0.15425531914893617,59378500000.0,0.012979570088399306,-0.07825015403573632,-0.10766477781091555
34,2025-01-24,DGW,0.2553191489361702,0.15425531914893617,36606500000.0,0.015100102062375,-0.07329444585341116,-0.11739130434782608
34,2025-01-24,DHC,0.7872340425531915,0.4521276595744681,16189000000.0,0.01406826057545008,-0.06098921532168089,0.01814516129032251
34,2025-01-24,DLG,0.3723404255319149,0.26595744680851063,1314500000.0,0.017506424283251994,-0.09999999999999998,-0.020725388601036232
34,2025-01-24,DMC,0.07446808510638298,0.9627659574468085,649500000.0,0.0342690525878323,0.2332766877800092,0.2671428571428571
34,2025-01-24,DQC,0.20212765957446807,0.22872340425531917,143500000.0,0.009287604845945714,-0.06633906633906639,-0.0836012861736335
34,2025-01-24,DSE,0.6702127659574468,0.7127659574468086,11810500000.0,0.01848768928192206,-0.00917431192660545,0.09796672828096109
34,2025-01-24,DSN,0.8936170212765957,0.4893617021276596,450000000.0,0.010866603071111503,-0.022095959595959558,-0.0076873798846892605
34,2025-01-24,DTA,0.6170212765957447,0.015957446808510637,124000000.0,0.03329226051733379,-0.1615598885793872,-0.1842818428184282
34,2025-01-24,DTL,0.031914893617021274,0.18617021276595747,8621750.0,0.013414914465982529,-0.044554455445544594,-0.3007246376811594
34,2025-01-24,DXV,0.43617021276595747,0.7659574468085106,56939000.0,0.03449642032931498,0.04021447721179627,0.043010752688172005
34,2025-01-24,EIB,0.7340425531914894,0.32978723404255317,76124500000.0,0.013116571186196033,-0.036363636363636376,-0.07017543859649122
34,2025-01-24,GTA,0.48936170212765956,0.5425531914893618,37698300.0,0.026789172505366946,0.010309278350515427,-0.046692607003890996
34,2025-01-24,GVR,0.2872340425531915,0.18617021276595744,41066500000.0,0.01480261460924254,-0.06793567443386939,-0.11636589919103923
34,2025-01-24,HAG,0.7446808510638298,0.675531914893617,62964000000.0,0.01775921786760097,-0.02400000000000002,0.1787439613526569
34,2025-01-24,HAR,0.5,0.34042553191489366,242500000.0,0.008306421212504408,-0.052023121387283267,-0.046511627906976716
34,2025-01-24,HPX,0.5319148936170213,0.047872340425531915,7875000000.0,0.022881052744690756,-0.13772455089820357,-0.13772455089820357
34,2025-01-24,HQC,0.39361702127659576,0.26595744680851063,5769500000.0,0.011233667811994367,-0.0757575757575758,-0.046875
34,2025-01-24,HSG,0.19148936170212766,0.11702127659574468,50237500000.0,0.016037885665456376,-0.07920792079207917,-0.13831899404367964
34,2025-01-24,HSL,0.5425531914893617,0.39893617021276595,348500000.0,0.007317073670786223,-0.01941747572815533,-0.06697459584295617
34,2025-01-24,HTI,0.9680851063829787,0.7872340425531915,261707300.0,0.005837267316299088,0.04017531044558065,0.05247597930524761
34,2025-01-24,HTL,0.46808510638297873,0.8404255319148937,134000000.0,0.012733304363637343,0.040093421564811216,0.13557161070973223
34,2025-01-24,ICT,0.8191489361702128,0.8829787234042553,1311000000.0,0.020466288658300268,0.0462046204620461,0.1643709825528008
34,2025-01-24,ITC,0.4148936170212766,0.18085106382978722,2557000000.0,0.011979563963030817,-0.10480349344978168,-0.06818181818181823
34,2025-01-24,JVC,0.2127659574468085,0.925531914893617,1923500000.0,0.021399746054035974,0.0680628272251309,0.23636363636363633
34,2025-01-24,KMR,0.9468085106382979,0.5585106382978724,29310700.0,0.0047060796706065175,-0.009230769230769265,0.0
34,2025-01-24,LDG,0.3617021276595745,0.26063829787234044,1634000000.0,0.008467374417027685,-0.07253886010362698,-0.05789473684210522
34,2025-01-24,LGL,0.6382978723404256,0.3670212765957447,120550000.0,0.011959430862205758,-0.06083650190114065,-0.015936254980079667
34,2025-01-24,MHC,0.648936170212766,0.7446808510638298,267691400.0,0.017954016409369732,0.013719512195121908,0.07431340872374803
34,2025-01-24,NAF,0.4574468085106383,0.425531914893617,3962500000.0,0.009859837818664625,-0.017611447440836536,-0.05103668261562999
34,2025-01-24,NBB,0.23404255319148937,0.4042553191489362,318109000.0,0.02617275726190792,-0.011261261261261257,-0.07383966244725737
34,2025-01-24,NCT,0.9787234042553191,0.6063829787234043,472000000.0,0.005459453270354326,-0.00347222222222221,0.010458734596665575
34,2025-01-24,NVT,0.30851063829787234,0.6329787234042553,24353650.0,0.03312610572524378,0.025974025974025983,-0.012499999999999956
34,2025-01-24,OGC,0.13829787234042554,0.10106382978723405,759500000.0,0.022169039691746408,-0.09601873536299765,-0.13063063063063063
34,2025-01-24,PAN,0.7127659574468085,0.776595744680851,31244000000.0,0.019589195971706646,0.06605922551252852,0.026878771256171108
34,2025-01-24,PET,0.2978723404255319,0.047872340425531915,7255000000.0,0.014125632709806085,-0.11714770797962648,-0.14049586776859502
34,2025-01-24,PGC,0.9361702127659575,0.7340425531914894,432000000.0,0.0072785069925580875,0.0,0.08179631114675212
34,2025-01-24,PHR,0.6808510638297872,0.4042553191489362,5049500000.0,0.01340854073889147,-0.03513102924420808,-0.03859981078524122
34,2025-01-24,PIT,0.7978723404255319,0.5904255319148937,8966600.0,0.010445276406195752,-0.021937842778793404,0.0490196078431373
34,2025-01-24,PTL,0.44680851063829785,0.031914893617021274,125500000.0,0.01597770795227932,-0.125,-0.1778523489932886
34,2025-01-24,PVD,0.40425531914893614,0.3563829787234043,66411000000.0,0.016079489474192615,-0.019162526614620257,-0.08050565535595477
34,2025-01-24,QCG,0.02127659574468085,0.11702127659574468,4643500000.0,0.02492885949741814,-0.09130434782608698,-0.12184873949579833
34,2025-01-24,QNP,0.26595744680851063,0.7287234042553192,70147550.0,0.025625136722297992,0.04602255409935996,0.013585351447135352
34,2025-01-24,SCR,0.425531914893617,0.2978723404255319,7513500000.0,0.01861902790535956,-0.10887772194304857,-0.0018761726078799779
34,2025-01-24,SFG,0.06382978723404255,0.2712765957446808,20269400.0,0.01788954427764931,-0.044181034482758674,-0.08932238193018482
34,2025-01-24,SFI,0.7553191489361702,0.5957446808510638,138627100.0,0.00977910747193451,0.038384646141543355,-0.04134366925064603
34,2025-01-24,SGN,0.5585106382978723,0.8404255319148937,1485000000.0,0.016956393434068927,0.04011777695988217,0.13070152040544136
34,2025-01-24,SHA,0.14893617021276595,0.2765957446808511,17905850.0,0.029875132382119175,-0.04785894206549124,-0.08029197080291972
34,2025-01-24,SKG,0.8297872340425532,0.5797872340425532,866500000.0,0.009221215382146352,-0.03454894433781186,0.05230125523012563
34,2025-01-24,SRF,0.09574468085106383,0.37234042553191493,207285200.0,0.03688458753825342,-0.06666666666666676,-0.012165450121654597
34,2025-01-24,ST8,0.5106382978723404,0.2872340425531915,2727000000.0,0.02594570025827279,-0.03631284916201116,-0.09090909090909094
34,2025-01-24,STB,0.9574468085106383,0.6861702127659575,289324500000.0,0.01385624666666764,-0.0026954177897574594,0.051136363636363535
34,2025-01-24,TDC,0.3191489361702128,0.925531914893617,9104000000.0,0.023390700236370496,0.08404966571155681,0.22437971952535052
34,2025-01-24,TDG,0.1595744680851064,0.30319148936170215,54624600.0,0.011150970692237047,-0.03825136612021862,-0.07611548556430447
34,2025-01-24,TLG,0.18085106382978725,0.5319148936170213,20220500000.0,0.026901188720055036,-0.09483217900905705,0.26665009940357853
34,2025-01-24,TMT,0.010638297872340425,1.0,1320000000.0,0.05416873168026505,0.4800995024875623,0.8392581143740341
34,2025-01-24,TNI,0.851063829787234,0.5212765957446808,144000000.0,0.008457050335660181,-0.02164502164502169,0.004444444444444473
34,2025-01-24,TNT,0.8085106382978723,0.5425531914893618,210500000.0,0.015107628505243107,0.021176470588235352,-0.06263498920086397
34,2025-01-24,TRC,0.05319148936170213,0.9893617021276596,13852500000.0,0.03093805758172522,0.32135606983353626,0.7083989501312336
34,2025-01-24,TTA,0.1276595744680851,0.925531914893617,14370500000.0,0.026487411244628598,0.045418326693227096,0.3752620545073375
34,2025-01-24,TTF,0.5851063829787234,0.39893617021276595,1914000000.0,0.01053086424405844,-0.05031446540880502,-0.013071895424836555
34,2025-01-24,TVT,0.8829787234042553,0.6968085106382979,32650600.0,0.011033373222133533,-0.0027835768963118124,0.05834564254062036
34,2025-01-24,VCB,1.0,0.601063829787234,124947500000.0,0.006838851065362132,0.005435677812551498,-0.010696920583468383
34,2025-01-24,VCF,0.7659574468085106,0.6542553191489362,216500000.0,0.012444706840427193,0.021024464831804313,0.0009636490176132551
34,2025-01-24,VGC,0.6595744680851063,0.9308510638297872,73370000000.0,0.01586562338166788,0.11710130391173523,0.21821164889253497
34,2025-01-24,VID,0.5957446808510638,0.6808510638297872,56750900.0,0.015122458120898068,0.09821428571428581,-0.025742574257425765
34,2025-01-24,VJC,0.925531914893617,0.4361702127659574,57310500000.0,0.0037882048130211247,-0.016779812988343745,-0.049529470034670675
34,2025-01-24,VMD,0.6063829787234043,0.7074468085106382,74245250.0,0.01592974211086032,0.017964071856287456,0.03280680437424066
34,2025-01-24,VNG,0.2765957446808511,0.49468085106382975,165121900.0,0.017694421600937656,-0.059550561797752755,0.0462499999999999
34,2025-01-24,VOS,0.574468085106383,0.4308510638297872,42888500000.0,0.025882103716794294,-0.11055590256089953,0.08536585365853666
34,2025-01-24,VPD,0.7021276595744681,0.8723404255319149,168481850.0,0.01583468234311977,0.05287260616153211,0.09908735332464147
34,2025-01-24,VPH,0.0851063829787234,0.09574468085106383,575500000.0,0.012793849055593023,-0.0894819466248038,-0.158200290275762
34,2025-01-24,VPI,0.9893617021276596,0.6117021276595744,88439000000.0,0.009785133221245367,-0.005059021922428353,0.01724137931034475
34,2025-01-24,VPS,0.32978723404255317,0.42021276595744683,10712150.0,0.02667047943946015,0.0,-0.09429280397022344
34,2025-01-24,VRC,0.11702127659574468,0.9361702127659575,253000000.0,0.026977535866039865,0.047413793103448176,0.3500000000000001
34,2025-01-24,VRE,0.776595744680851,0.3404255319148936,89954500000.0,0.01204172119005972,-0.035024154589372025,-0.07308584686774944
34,2025-01-24,VTO,0.723404255319149,0.526595744680851,6038000000.0,0.01669009614144262,-0.069620253164557,0.08587257617728539
35,2025-02-28,AAM,0.6666666666666666,0.296875,21413314.30700447,0.014793412197895376,-0.002949852507374673,0.02114803625377637
35,2025-02-28,ASM,0.4270833333333333,0.4322916666666667,5693131599.179207,0.011292829102903724,0.06973500697350077,-0.020434227330779042
35,2025-02-28,ASP,0.2604166666666667,0.8958333333333333,620796350.0,0.03286647312632308,0.24691358024691357,0.23170731707317072
35,2025-02-28,AST,0.8229166666666666,0.6354166666666667,1353603363.0331752,0.016211663119379643,0.07847857486759757,0.07254010055063453
35,2025-02-28,BKG,0.3854166666666667,0.39583333333333337,454125750.0,0.008735287904632029,0.03492063492063502,0.018750000000000044
35,2025-02-28,BMP,0.40625,0.08854166666666666,19682354235.575645,0.012704994970691856,-0.05757219154521587,-0.0332435695050608
35,2025-02-28,BTP,0.9270833333333334,0.5520833333333334,195337945.06920415,0.008240088138884428,0.02953953084274552,0.09925788497217058
35,2025-02-28,BWE,0.9375,0.3072916666666667,8151079175.463289,0.009937067116438453,-0.01314272538621164,0.02835175396444023
35,2025-02-28,CCI,0.7291666666666666,0.36979166666666663,95017704.14201184,0.022725604686306203,-0.05389572349150562,0.08754208754208737
35,2025-02-28,CCL,0.59375,0.5260416666666666,2479110750.0,0.013100375651581743,0.03683492496589369,0.0674157303370786
35,2025-02-28,CIG,0.020833333333333332,0.06770833333333333,3016946400.0,0.024993026208677036,-0.04704463208685161,-0.08881199538638984
35,2025-02-28,CLC,0.8645833333333334,0.4166666666666667,326283972.15411556,0.011493233890833947,-0.010286714817246634,0.07385419140346716
35,2025-02-28,CLL,0.7083333333333334,0.2708333333333333,645333806.1224489,0.013875573022064608,0.02690884628321566,-0.025845564773452456
35,2025-02-28,CSM,0.53125,0.734375,24597893681.880108,0.022418170676756097,0.10113960113960108,0.15287099179716623
35,2025-02-28,CTI,0.25,0.7552083333333333,21953850600.0,0.019585961753639417,0.06277533039647576,0.2540610786224822
35,2025-02-28,DAH,0.3645833333333333,0.7864583333333333,763139700.0,0.018762935502005126,0.1178247734138973,0.20915032679738554
35,2025-02-28,DCL,0.3125,0.036458333333333336,11212432000.0,0.02483071252193903,-0.1294964028776978,-0.08679245283018866
35,2025-02-28,DCM,0.7916666666666666,0.328125,77689507088.67314,0.01245975405090246,0.05514705882352944,-0.043333333333333335
35,2025-02-28,DGW,0.2916666666666667,0.30208333333333337,44329172161.63793,0.010091982022320029,0.04734537493158175,-0.032853171594642405
35,2025-02-28,DHC,0.6145833333333334,0.2760416666666667,9626437085.239086,0.012685761627393493,-0.027722772277227747,0.024624373956594336
35,2025-02-28,DLG,0.6354166666666666,0.5260416666666667,3581478600.0,0.021527275062106166,0.06349206349206349,0.03076923076923066
35,2025-02-28,DMC,0.84375,0.328125,1572889475.7305908,0.024961770310043794,-0.14455718401603412,0.07746923319659205
35,2025-02-28,DQC,0.14583333333333334,0.020833333333333332,216001284.62230214,0.02358980776549805,-0.07894736842105265,-0.1228070175438597
35,2025-02-28,DSE,0.3020833333333333,0.5729166666666666,19303054614.125755,0.023149718571422312,0.028198653198653112,0.15946843853820591
35,2025-02-28,DSN,0.7395833333333334,0.23958333333333331,699375000.0,0.005588448513020302,-0.017000215192597423,-0.0030554343081623525
35,2025-02-28,DTA,0.16666666666666666,0.6458333333333333,279155198.1132075,0.02577939165748324,0.27574750830564776,0.0
35,2025-02-28,DTL,0.20833333333333334,0.15885416666666666,7948750.0,0.020774234742705865,0.0,-0.062200956937799035
35,2025-02-28,DXV,0.3958333333333333,0.4375,16317200.0,0.029025217108535447,0.012820512820512775,0.05614973262032086
35,2025-02-28,EIB,0.8333333333333334,0.7552083333333333,138428457000.0,0.014879641747317391,0.1482479784366577,0.13297872340425543
35,2025-02-28,GTA,0.8020833333333334,0.2760416666666667,44090775.975975975,0.012824153189822059,0.010204081632652962,-0.013944223107569709
35,2025-02-28,GVR,0.9895833333333334,0.703125,102082181526.82256,0.01338203654382342,0.1595070422535212,0.06535101908767382
35,2025-02-28,HAG,0.34375,0.6510416666666667,80960153000.0,0.01673508818736773,0.06557377049180335,0.08786610878661083
35,2025-02-28,HAR,0.78125,0.515625,512022300.0,0.012539274304943627,0.054878048780487854,0.039039039039038936
35,2025-02-28,HPX,0.3229166666666667,0.43229166666666663,7672818000.0,0.014314233296940641,0.09490740740740744,-0.03271983640081799
35,2025-02-28,HQC,0.65625,0.5989583333333334,9523315200.0,0.010220839691215082,0.08524590163934431,0.050793650793650835
35,2025-02-28,HSG,0.71875,0.515625,125916733347.90732,0.021178187965981143,0.09216589861751157,0.0028208744710860323
35,2025-02-28,HSL,0.8854166666666666,0.5572916666666666,256064000.0,0.009098370109638218,0.054455445544554504,0.05707196029776651
35,2025-02-28,HTI,0.8958333333333334,0.6458333333333334,574276117.6470588,0.008293205592615328,0.0582865168539326,0.13138138138138133
35,2025-02-28,HTL,0.041666666666666664,0.15104166666666669,136951003.80354506,0.006976157110913572,-0.026946107784431184,-0.03021260723610597
35,2025-02-28,HTV,0.46875,0.14583333333333331,28206600.0,0.01745230886400143,-0.028017241379310387,-0.028017241379310387
35,2025-02-28,ICT,0.4791666666666667,0.2760416666666667,850621684.4262295,0.01479828504326138,-0.061514195583596165,0.046613896218117956
35,2025-02-28,ITC,0.28125,0.27083333333333337,3244237000.0,0.010223189708178381,0.019512195121951237,-0.02336448598130836
35,2025-02-28,JVC,0.09375,0.8802083333333333,3271494350.0,0.02504128510645809,0.12745098039215685,0.44200626959247646
35,2025-02-28,KMR,0.9583333333333334,0.578125,126022300.0,0.010694447838917006,0.05590062111801242,0.0625
35,2025-02-28,LDG,0.1875,0.890625,4840091000.0,0.025735629919473868,0.2625698324022345,0.21505376344086025
35,2025-02-28,LGL,0.5625,0.90625,505951400.0,0.029100990620704252,0.23886639676113353,0.2489795918367348
35,2025-02-28,MHC,0.10416666666666667,0.9114583333333334,787222023.0998509,0.029281333388162484,0.20300751879699241,0.29032258064516125
35,2025-02-28,NAF,0.7708333333333334,0.41666666666666663,5017358526.31579,0.013504271646578442,0.045938375350140115,0.01966138722009836
35,2025-02-28,NBB,0.5520833333333334,0.140625,625818750.0,0.014037876847792037,0.002277904328018332,-0.09836065573770492
35,2025-02-28,NCT,0.96875,0.328125,1680123532.5067723,0.00606226719996301,-0.0008198401311744208,0.030437539632212962
35,2025-02-28,NVT,0.4895833333333333,0.32291666666666663,18541150.0,0.02024733105254504,-0.014814814814814836,0.036363636363636376
35,2025-02-28,OGC,0.21875,0.984375,2828188800.0,0.03217388755280446,0.4248704663212435,0.38888888888888884
35,2025-02-28,PAN,0.5104166666666666,0.8333333333333334,46655387762.0,0.016384130168962046,0.12553418803418803,0.2504451038575668
35,2025-02-28,PET,0.375,0.41666666666666663,13043135586.034912,0.01297394507373547,0.06730769230769229,-0.021739130434782594
35,2025-02-28,PGC,0.90625,0.328125,680684438.4003032,0.00981623893740309,-0.018532246108228345,0.04006284367635504
35,2025-02-28,PHR,0.4375,0.9166666666666667,33954991131.964806,0.019843893560930137,0.2710096437709113,0.23267799198320294
35,2025-02-28,PIT,0.0625,0.859375,90434200.0,0.041875844623303904,0.21121495327102813,0.2272727272727273
35,2025-02-28,PTL,0.22916666666666666,0.4635416666666667,173239900.0,0.014460052714705799,0.11428571428571432,-0.025000000000000022
35,2025-02-28,PVD,0.8541666666666666,0.5104166666666666,97940264906.72452,0.01098973655222228,0.04920405209840806,0.04920405209840806
35,2025-02-28,QCG,0.03125,0.5364583333333334,13698510000.0,0.03171225172385345,0.200956937799043,-0.01953125
35,2025-02-28,QNP,0.4166666666666667,0.24479166666666669,319578620.07699144,0.02748161510677644,0.005610972568578454,-0.020940819423368784
35,2025-02-28,SCR,0.625,0.84375,15003702300.0,0.01349862471356309,0.2142857142857142,0.2007434944237918
35,2025-02-28,SFG,0.5416666666666666,0.59375,122644500.0,0.025271243152017803,0.15445321307779025,0.022977022977022976
35,2025-02-28,SFI,0.3333333333333333,0.19270833333333334,274087645.1798011,0.024885304387177724,-0.028109356950327347,-0.007081038552321006
35,2025-02-28,SGN,0.5208333333333334,0.7395833333333333,6347658128.371683,0.030262425919514394,0.0907053550365653,0.18917181069958855
35,2025-02-28,SHA,0.4583333333333333,0.3854166666666667,68564000.0,0.017585421026744614,0.049350649350649256,-0.009803921568627416
35,2025-02-28,SKG,0.7604166666666666,0.7083333333333333,3661674677.227723,0.013329590113835135,0.09343936381709739,0.11902339776195325
35,2025-02-28,SRF,0.08333333333333333,0.8489583333333333,40950850.0,0.025182406404809336,0.21921182266009875,0.1942098914354644
35,2025-02-28,ST8,0.23958333333333334,0.875,5815329500.0,0.03374404632197634,0.23478260869565215,0.22063037249283668
35,2025-02-28,STB,0.75,0.5833333333333334,342345913750.0,0.010631258571122319,0.03378378378378377,0.15384615384615374
35,2025-02-28,TCR,0.11458333333333333,0.18229166666666666,5673800.0,0.041591494924586345,0.018808777429467183,-0.08963585434173671
35,2025-02-28,TDC,0.6770833333333334,0.6875,19659414914.568344,0.023220086305291425,0.04052863436123344,0.25504782146652505
35,2025-02-28,TDG,0.125,0.8020833333333333,424203600.0,0.030644253588700543,0.20170454545454541,0.15573770491803285
35,2025-02-28,TLG,0.07291666666666667,0.36979166666666663,12267335632.76492,0.018468536804762275,0.028644300568962056,0.01569159240604412
35,2025-02-28,TMT,0.010416666666666666,0.9947916666666667,1067461500.0,0.04345924750803885,0.33193277310924363,1.3308823529411766
35,2025-02-28,TNI,0.875,0.5208333333333333,266746400.0,0.012014943458506533,0.04867256637168138,0.05333333333333323
35,2025-02-28,TNT,0.2708333333333333,0.8489583333333333,1419454400.0,0.032799109939120705,0.18663594470046085,0.24697336561743333
35,2025-02-28,TRC,0.13541666666666666,0.9114583333333334,23568429201.485607,0.03724324366094178,0.19496082347518828,0.7143486885607229
35,2025-02-28,TTA,0.5729166666666666,0.40625,10137203891.912909,0.016764743774287112,-0.07240853658536583,0.17019230769230775
35,2025-02-28,TTF,0.6875,0.5625,3763365950.0,0.010934157237405439,0.0596026490066226,0.05263157894736836
35,2025-02-28,TVT,0.9479166666666666,0.5,168222826.1484099,0.008140753732005075,0.02442428471737612,0.07703595011005127
35,2025-02-28,VCB,1.0,0.3125,151704288717.61017,0.007442189003461516,0.007536041939711691,0.007536041939711691
35,2025-02-28,VCF,0.9166666666666666,0.3333333333333333,202074442.2305357,0.00841378360351591,0.0037457191780820853,0.024355613805155052
35,2025-02-28,VGC,0.6041666666666666,0.7083333333333334,47769267123.41078,0.01398172771155178,0.04826038159371482,0.2570659488559892
35,2025-02-28,VID,0.5,0.31770833333333337,51599432.1888412,0.02306440496610044,0.01914893617021285,-0.004158004158004158
35,2025-02-28,VJC,0.3541666666666667,0.09375,50605137172.35902,0.00589664914347497,-0.03804064616988012,-0.060679302887673314
35,2025-02-28,VMD,0.8125,0.2630208333333333,73387750.0,0.004687764997931739,0.0,-0.004643064422518828
35,2025-02-28,VNG,0.15625,0.19270833333333331,45954950.0,0.026901175789695256,-0.028673835125447966,-0.004895960832313251
35,2025-02-28,VOS,0.5833333333333334,0.6614583333333333,41635322971.28378,0.016769926978578556,0.0849719101123596,0.08117564730580829
35,2025-02-28,VPD,0.6458333333333334,0.2760416666666667,413847313.1955485,0.015322802954101804,-0.05377619612495055,0.03817787418655105
35,2025-02-28,VPH,0.17708333333333334,0.234375,1147045100.0,0.020592875248701927,0.02931034482758621,-0.08435582822085885
35,2025-02-28,VPI,0.9791666666666666,0.375,90116445000.0,0.0069866944560294676,0.008474576271186418,0.03119584055459268
35,2025-02-28,VPS,0.4479166666666667,0.625,26866391.322314046,0.026364265457529703,0.08730158730158721,0.05655526992287907
35,2025-02-28,VRC,0.052083333333333336,0.9479166666666666,1400855000.0,0.04153316750550977,0.2510288065843622,0.2881355932203389
35,2025-02-28,VRE,0.6979166666666666,0.3177083333333333,122482852500.0,0.013419471828878546,0.051314142678347885,-0.03337169159953968
35,2025-02-28,VTO,0.19791666666666666,0.9166666666666667,13359981457.48988,0.023934968086049054,0.21513605442176864,0.28046594982078843
36,2025-04-01,AAM,0.3191489361702128,0.3829787234042553,100734850.0,0.01393926718036599,-0.026627218934911268,-0.03377386196769461
36,2025-04-01,ASM,0.23404255319148937,0.23404255319148937,6344500000.0,0.0069126322495547746,-0.04149933065595712,-0.09367088607594942
36,2025-04-01,ASP,0.9042553191489362,0.8404255319148937,259000000.0,0.006456966348233565,0.008016032064128265,0.25750000000000006
36,2025-04-01,AST,0.648936170212766,0.4095744680851064,716500000.0,0.006945332966058568,-0.0367696819309723,-0.007207626133457379
36,2025-04-01,BKG,0.10638297872340426,0.3191489361702128,350000000.0,0.011634679293651152,-0.039877300613496924,-0.039877300613496924
36,2025-04-01,BMP,0.3404255319148936,0.4787234042553191,25357000000.0,0.01902411855481571,0.015798991148757935,-0.0768099645359398
36,2025-04-01,BTP,0.7872340425531915,0.5691489361702128,167500000.0,0.005619069373553897,-0.004237288135593209,0.012931034482758674
36,2025-04-01,BWE,0.6382978723404256,0.26595744680851063,7649500000.0,0.008192436935515867,-0.046511627906976716,-0.055734684477199425
36,2025-04-01,CCI,0.06382978723404255,0.10106382978723404,59176200.0,0.03845093054494337,-0.11259754738015604,-0.0866322432587493
36,2025-04-01,CCL,0.26595744680851063,0.06382978723404255,2589500000.0,0.013783959047579024,-0.08885941644562334,-0.1518518518518519
36,2025-04-01,CIG,0.0425531914893617,0.8776595744680851,2838500000.0,0.026023180760810297,0.16258064516129034,0.09477521263669497
36,2025-04-01,CLC,0.9361702127659575,0.5372340425531914,126450000.0,0.008178152844294986,-0.005761134500332332,0.0011155734047301191
36,2025-04-01,CLL,0.7446808510638298,0.4893617021276596,257500000.0,0.00330385252849972,-0.012463102656608771,-0.004298941798941747
36,2025-04-01,CSM,0.6808510638297872,0.05319148936170212,13186500000.0,0.020837885926832736,-0.1201061712010617,-0.1344647519582245
36,2025-04-01,CTI,0.18085106382978725,0.7074468085106382,24467500000.0,0.023763480047961593,-0.011669203450025423,0.13190005810575256
36,2025-04-01,DAH,0.4574468085106383,0.5,457500000.0,0.008928230948816323,-0.03899721448467963,0.03603603603603611
36,2025-04-01,DCL,0.5425531914893617,0.4042553191489362,18410500000.0,0.009597523478161006,0.0041753653444676075,-0.10594795539033453
36,2025-04-01,DCM,0.2127659574468085,0.17553191489361702,60066500000.0,0.006627312779707497,-0.06366803927779541,-0.08680877355576155
36,2025-04-01,DGW,0.2765957446808511,0.22872340425531915,55770500000.0,0.016567907857637953,-0.05154369440083728,-0.07146516393442626
36,2025-04-01,DHC,0.19148936170212766,0.11702127659574468,7404500000.0,0.007089107714283011,-0.08198707592891763,-0.12878497508623998
36,2025-04-01,DLG,0.32978723404255317,0.824468085106383,4643500000.0,0.024880537746016864,0.09499999999999997,0.07881773399014769
36,2025-04-01,DMC,0.1595744680851064,0.5053191489361702,316500000.0,0.01583556534281752,-0.010170006071645532,-0.002905198776758655
36,2025-04-01,DSE,0.40425531914893614,0.13297872340425532,16092500000.0,0.015298680426933711,-0.08637316561844866,-0.09321681231793588
36,2025-04-01,DSN,0.7021276595744681,0.4627659574468085,714000000.0,0.005555557746957026,-0.006348511383537647,-0.030542503203759064
36,2025-04-01,DTA,0.010638297872340425,0.973404255319149,438000000.0,0.04416289327301297,0.18781725888324874,0.29639889196675906
36,2025-04-01,DTL,0.2553191489361702,0.5372340425531915,7621750.0,0.023489673192727212,0.03571428571428581,-0.04245283018867929
36,2025-04-01,EIB,0.7553191489361702,0.28191489361702127,226405500000.0,0.012898109025679162,-0.12134831460674156,0.012953367875647714
36,2025-04-01,GTA,0.851063829787234,0.7765957446808511,110861700.0,0.01559964741996891,0.048979591836734615,0.0597938144329897
36,2025-04-01,GVR,0.7340425531914894,0.46808510638297873,137084000000.0,0.02209946069480037,-0.049349076597033026,0.04249667994687911
36,2025-04-01,HAG,0.776595744680851,0.5106382978723404,57336000000.0,0.012049985652180972,-0.02766798418972327,0.02499999999999991
36,2025-04-01,HAR,0.39361702127659576,0.7978723404255319,954000000.0,0.021485572451588487,0.058309037900874605,0.0676470588235294
36,2025-04-01,HPX,0.6914893617021277,0.4414893617021276,8988500000.0,0.014700050939182814,-0.002188183807439792,-0.046025104602510414
36,2025-04-01,HQC,0.7127659574468085,0.8085106382978724,17701000000.0,0.01738803552907482,0.06289308176100628,0.06962025316455689
36,2025-04-01,HSG,0.44680851063829785,0.22872340425531915,112069000000.0,0.017151801750797373,-0.058781362007168436,-0.058781362007168436
36,2025-04-01,HSL,0.8085106382978723,0.5904255319148937,273500000.0,0.005374884752095191,-0.009456264775413725,0.03201970443349755
36,2025-04-01,HTI,0.9893617021276596,0.7712765957446808,884000000.0,0.011481347692721635,0.005351170568561825,0.09788166544923294
36,2025-04-01,HTL,0.13829787234042554,0.5425531914893617,42892050.0,0.009186217965602763,-0.01365705614567525,0.017214397496087663
36,2025-04-01,HTV,0.8191489361702128,0.5691489361702128,25953050.0,0.014022772600613484,0.008879023307436285,-0.015167930660888396
36,2025-04-01,ICT,0.7659574468085106,0.6117021276595744,441000000.0,0.008829133533056638,0.0075125208681134925,0.0075125208681134925
36,2025-04-01,ITC,0.6702127659574468,0.7978723404255319,8802000000.0,0.023304304634062877,0.11538461538461542,0.05454545454545445
36,2025-04-01,JVC,0.2872340425531915,0.9787234042553191,6150000000.0,0.03286879236300805,0.16289592760181004,0.35978835978835977
36,2025-04-01,KMR,0.8936170212765957,0.574468085106383,74751250.0,0.004813034867676691,-0.008955223880596996,0.021538461538461506
36,2025-04-01,LDG,0.574468085106383,0.44148936170212766,3598500000.0,0.019306969145783275,-0.08849557522123896,0.08994708994709
36,2025-04-01,LGL,0.11702127659574468,0.925531914893617,376500000.0,0.028617257069956163,0.06818181818181812,0.2702702702702702
36,2025-04-01,MHC,0.2978723404255319,0.4574468085106383,431500000.0,0.019103925111125807,-0.10559006211180133,0.10939907550077033
36,2025-04-01,NAF,0.8617021276595744,0.5425531914893618,8973000000.0,0.014972982601648014,-0.016648764769065516,0.025770308123249208
36,2025-04-01,NBB,0.5106382978723404,0.5585106382978724,311500000.0,0.0210475622647972,0.002272727272727204,-0.004514672686230292
36,2025-04-01,NCT,0.9202127659574468,0.425531914893617,517500000.0,0.005882799840620482,-0.01733333333333331,-0.021548202614379064
36,2025-04-01,NVT,0.09574468085106383,0.2765957446808511,42356650.0,0.037238284898621965,-0.05308641975308637,-0.03884711779448624
36,2025-04-01,OGC,0.43617021276595747,0.46276595744680854,1106000000.0,0.017095373144660336,-0.09176029962546817,0.10478359908883816
36,2025-04-01,PAN,0.8297872340425532,0.5904255319148937,29804500000.0,0.01150213846864079,-0.046278625954198516,0.12366498032602591
36,2025-04-01,PET,0.30851063829787234,0.12234042553191489,11634500000.0,0.016669013774586072,-0.0743449116392444,-0.13050944476244997
36,2025-04-01,PGC,0.9202127659574468,0.5425531914893617,413500000.0,0.005084968924241846,0.003041825095057016,-0.009759759759759734
36,2025-04-01,PHR,0.7978723404255319,0.5638297872340425,69213000000.0,0.022209507822881672,-0.060629554969762633,0.1742585772436518
36,2025-04-01,PIT,0.35106382978723405,0.8829787234042553,55500000.0,0.0215414139460382,0.04851330203442883,0.24535315985130102
36,2025-04-01,PTL,0.1276595744680851,0.26595744680851063,78000000.0,0.006905159497901041,-0.04395604395604391,-0.06451612903225812
36,2025-04-01,PVD,0.3723404255319149,0.1595744680851064,86753500000.0,0.010771623973262272,-0.08835904628330993,-0.06340057636887608
36,2025-04-01,QCG,0.02127659574468085,0.2074468085106383,8853000000.0,0.015077276238975467,-0.13059701492537312,-0.008510638297872353
36,2025-04-01,QNP,0.14893617021276595,0.43617021276595747,362000000.0,0.016054676418688754,-0.015673017824216373,-0.023773239865894524
36,2025-04-01,SCR,0.22340425531914893,0.8882978723404256,24940000000.0,0.020815961767452453,0.051162790697674376,0.1873905429071805
36,2025-04-01,SFG,0.425531914893617,0.6329787234042553,19857450.0,0.02126947014241411,-0.017578125,0.09466811751904247
36,2025-04-01,SFI,0.6063829787234043,0.6090425531914894,125633850.0,0.008001995649484138,0.0,0.015993602558976416
36,2025-04-01,SGN,0.5851063829787234,0.21276595744680848,4355500000.0,0.014825934982587963,-0.13921063921063925,-0.005945008669804297
36,2025-04-01,SHA,0.8829787234042553,0.4627659574468085,22000100.0,0.012805081118890541,-0.0024999999999999467,-0.03855421686746985
36,2025-04-01,SKG,0.6276595744680851,0.4148936170212766,4451000000.0,0.015317645297001204,-0.06643658326143231,0.03838771593090207
36,2025-04-01,SRF,0.5638297872340425,0.5319148936170213,48494500.0,0.025142744571421648,-0.048484848484848464,0.08275862068965512
36,2025-04-01,ST8,0.5,0.4521276595744681,4975500000.0,0.02334322956127879,-0.06491885143570542,0.057909604519774005
36,2025-04-01,STB,0.8723404255319149,0.7234042553191489,362109000000.0,0.011833776055584158,0.012755102040816313,0.04887714663143994
36,2025-04-01,TCR,0.24468085106382978,0.6542553191489362,5849000.0,0.026375851697245444,0.02215189873417711,0.009374999999999911
36,2025-04-01,TDC,0.4148936170212766,0.5531914893617021,15080000000.0,0.027476478930758916,-0.03611349957007737,0.0565504241281809
36,2025-04-01,TDG,0.9468085106382979,0.8670212765957447,202682700.0,0.012048325222799599,0.05050505050505061,0.16201117318435765
36,2025-04-01,TLG,0.3617021276595745,0.05851063829787234,5828000000.0,0.01721395024843263,-0.09740007760962355,-0.1418557461722929
36,2025-04-01,TMT,0.031914893617021274,0.5053191489361702,356000000.0,0.03335070311606061,-0.15189873417721522,0.4565217391304348
36,2025-04-01,TNI,0.8404255319148937,0.46808510638297873,155500000.0,0.00868080720263474,-0.03813559322033899,0.013392857142857206
36,2025-04-01,TNT,0.07446808510638298,0.9468085106382979,1924500000.0,0.0227062208539649,0.12127236580516909,0.28181818181818175
36,2025-04-01,TRC,0.20212765957446807,0.6329787234042553,15290000000.0,0.02650093955256128,-0.05374403918030679,0.44442258508754673
36,2025-04-01,TTA,0.723404255319149,0.2074468085106383,8008000000.0,0.013393987124062708,-0.07838283828382842,-0.044482463644140324
36,2025-04-01,TTF,0.9787234042553191,0.5026595744680851,2709000000.0,0.005788562653552799,0.0,-0.028124999999999956
36,2025-04-01,TVT,0.9680851063829787,0.675531914893617,155076900.0,0.013184979417939972,0.008855585831062607,0.03061934585942927
36,2025-04-01,VCB,1.0,0.7393617021276596,224004000000.0,0.012552249269017922,0.03751427173381172,0.04880461665292657
36,2025-04-01,VCF,0.1702127659574468,0.9840425531914894,491000000.0,0.02866600345814885,0.28651564185544776,0.2969387200260998
36,2025-04-01,VGC,0.5957446808510638,0.5585106382978724,55352500000.0,0.019073431193458997,-0.045621621621621644,0.09068445762293065
36,2025-04-01,VID,0.5531914893617021,0.7606382978723405,55146700.0,0.018988995847106848,0.01041666666666674,0.08258928571428581
36,2025-04-01,VJC,0.6595744680851063,0.3670212765957447,58436000000.0,0.006555932858834777,-0.016518936341659907,-0.04896103896103898
36,2025-04-01,VMD,0.46808510638297873,0.473404255319149,88754250.0,0.017736149931622223,-0.023323615160349864,0.006006006006006093
36,2025-04-01,VNG,0.4787234042553192,0.4042553191489362,47000000.0,0.011667641313670641,-0.0012484394506866447,-0.08151549942594716
36,2025-04-01,VOS,0.5212765957446809,0.09042553191489361,25320500000.0,0.015544707680825786,-0.08658294778585596,-0.1394769613947695
36,2025-04-01,VPD,0.5319148936170213,0.3882978723404255,362500000.0,0.008013215516091824,-0.027983539094650234,-0.027983539094650234
36,2025-04-01,VPH,0.05319148936170213,0.16489361702127658,774000000.0,0.012421959621697374,-0.059523809523809534,-0.11519999999999997
36,2025-04-01,VPI,0.9574468085106383,0.5319148936170213,113562500000.0,0.013208901719469856,-0.006802721088435382,0.0034364261168384758
36,2025-04-01,VPS,0.3829787234042553,0.601063829787234,19964250.0,0.02726901147382458,-0.0386869871043376,0.09625668449197855
36,2025-04-01,VRC,0.0851063829787234,0.5531914893617021,691000000.0,0.022879434405007615,-0.0714285714285714,0.23809523809523814
36,2025-04-01,VRE,0.6170212765957447,0.9148936170212767,259070000000.0,0.017648243753796488,0.13048566413107077,0.16666666666666674
36,2025-04-01,VTO,0.48936170212765956,0.1648936170212766,9479500000.0,0.020784143593113518,-0.12335766423357664,-0.03378921962992765
37,2025-04-29,AAM,0.3548387096774194,0.7258064516129032,31773800.0,0.03697865590866835,0.004552352048558417,-0.01341281669150518
37,2025-04-29,ASM,0.7849462365591398,0.20430107526881722,6692500000.0,0.04290914085978019,-0.1422535211267606,-0.15062761506276146
37,2025-04-29,ASP,0.5376344086021505,0.8494623655913978,437500000.0,0.0374571824958255,-0.020000000000000018,0.13689095127610207
37,2025-04-29,AST,0.6129032258064516,0.8817204301075269,2246000000.0,0.03007141773926014,0.05287896592244423,0.07847857486759757
37,2025-04-29,BKG,0.0967741935483871,0.5376344086021505,489000000.0,0.039419806183485714,-0.046052631578947345,-0.07936507936507942
37,2025-04-29,BMP,0.45161290322580644,0.956989247311828,54515000000.0,0.03969200140466844,0.21204541081393113,0.175625233296006
37,2025-04-29,BTP,0.34408602150537637,0.6559139784946236,310000000.0,0.03195219043754561,-0.041525423728813515,-0.01308900523560208
37,2025-04-29,BWE,0.956989247311828,0.913978494623656,23645000000.0,0.029765591630522732,0.12397293378443686,0.08617468472676326
37,2025-04-29,CCI,0.021505376344086023,0.8763440860215054,56150600.0,0.04273435234185362,0.04537093807480086,0.0846055979643765
37,2025-04-29,CCL,0.9354838709677419,0.07526881720430108,2279500000.0,0.037571009497287776,-0.18008784773060027,-0.24426450742240213
37,2025-04-29,CIG,0.03225806451612903,0.456989247311828,2556500000.0,0.04488967131658404,-0.08898776418242504,-0.06825938566552914
37,2025-04-29,CLC,0.7634408602150538,0.6881720430107527,156720350.0,0.027838090411360646,-0.021671826625387025,-0.0225364560318162
37,2025-04-29,CLL,0.46236559139784944,0.6290322580645161,467500000.0,0.025024882443106022,-0.046496180670873466,-0.02180579216354339
37,2025-04-29,CSM,0.6774193548387096,0.11290322580645161,8031500000.0,0.04333223973469686,-0.16654049962149886,-0.21300929235167976
37,2025-04-29,CTI,0.3870967741935484,0.6397849462365591,24555500000.0,0.03859924672174564,-0.07462686567164178,0.028604118993134975
37,2025-04-29,DAH,0.4838709677419355,0.22043010752688172,1049500000.0,0.030647063085927417,-0.1329479768786127,-0.15254237288135597
37,2025-04-29,DCL,0.010752688172043012,0.553763440860215,12867000000.0,0.04816454858988813,-0.0165631469979296,-0.09867172675521818
37,2025-04-29,DCM,0.15053763440860216,0.6505376344086021,82251000000.0,0.04175735503981353,-0.022704168078617415,-0.04881266490765168
37,2025-04-29,DGW,0.8279569892473119,0.24193548387096775,43542500000.0,0.04283253145219496,-0.13163716814159288,-0.1439476553980371
37,2025-04-29,DHC,0.6344086021505376,0.25806451612903225,7911500000.0,0.032813890710679215,-0.11520138588133388,-0.15228215767634856
37,2025-04-29,DLG,0.3655913978494624,0.6559139784946237,4708500000.0,0.037373798714808906,-0.05504587155963303,0.01980198019801982
37,2025-04-29,DMC,0.08602150537634409,0.29032258064516125,762500000.0,0.03884926155549349,-0.08112252721975144,-0.230808729139923
37,2025-04-29,DQC,0.25806451612903225,0.17204301075268816,262500000.0,0.03129275829813252,-0.12413108242303872,-0.22631578947368425
37,2025-04-29,DSE,0.5591397849462365,0.24193548387096775,4039000000.0,0.03417032463906311,-0.11729530818767253,-0.1689042875703768
37,2025-04-29,DSN,0.1935483870967742,0.34946236559139787,1007000000.0,0.01532558799734514,-0.09567698046960715,-0.108008658008658
37,2025-04-29,DTA,0.44086021505376344,0.7849462365591398,219000000.0,0.04456752414042962,-0.0641025641025641,0.43137254901960786
37,2025-04-29,DXV,0.20430107526881722,0.8225806451612903,125932750.0,0.03287978153771239,0.024813895781637507,0.05897435897435899
37,2025-04-29,EIB,0.967741935483871,0.7473118279569892,197937000000.0,0.03929876430342628,-0.028205128205128216,0.041208791208791284
37,2025-04-29,GVR,0.978494623655914,0.07526881720430108,101740500000.0,0.04227810668521905,-0.26831559173450215,-0.18966712898751736
37,2025-04-29,HAG,0.043010752688172046,0.924731182795699,108886500000.0,0.04268111731167684,0.07377049180327866,0.10548523206751059
37,2025-04-29,HAR,0.1827956989247312,0.3870967741935484,800500000.0,0.036272492105038814,-0.12112676056338023,-0.06586826347305386
37,2025-04-29,HPX,0.3225806451612903,0.456989247311828,10397500000.0,0.04337492973162792,-0.09734513274336287,-0.06206896551724139
37,2025-04-29,HQC,0.10752688172043011,0.5161290322580645,14606500000.0,0.04083190515266338,-0.1026392961876833,-0.0032573289902280145
37,2025-04-29,HSG,0.9139784946236559,0.12365591397849462,106342500000.0,0.04223629128792835,-0.17445482866043616,-0.19268849961919265
37,2025-04-29,HSL,0.16129032258064516,0.3602150537634409,313000000.0,0.03462500893220095,-0.11057692307692313,-0.0864197530864198
37,2025-04-29,HTI,0.9032258064516129,0.8978494623655914,2588000000.0,0.021942036627080226,0.05284280936454855,0.1053370786516854
37,2025-04-29,HTL,0.06451612903225806,0.5806451612903225,46879050.0,0.034147094286025616,-0.04115384615384621,-0.06524184476940387
37,2025-04-29,ICT,0.12903225806451613,0.6397849462365592,441000000.0,0.038789611776059156,-0.03361344537815125,-0.04006677796327207
37,2025-04-29,ITC,0.6666666666666666,0.40322580645161293,4490500000.0,0.03617818194656413,-0.14224137931034486,-0.02450980392156865
37,2025-04-29,JVC,0.3118279569892473,0.39784946236559143,1813500000.0,0.038885035119591585,-0.18323586744639375,0.019464720194647178
37,2025-04-29,KMR,0.27956989247311825,0.4032258064516129,53391950.0,0.032172800965822174,-0.09337349397590367,-0.09063444108761332
37,2025-04-29,LDG,0.21505376344086022,0.7150537634408602,3184500000.0,0.03888615418947793,-0.04950495049504955,0.06666666666666665
37,2025-04-29,LGL,0.7956989247311828,0.8387096774193549,344000000.0,0.03347573092571243,-0.03154574132492116,0.24796747967479682
37,2025-04-29,MHC,0.6559139784946236,0.956989247311828,2087000000.0,0.02868739991256143,0.14346590909090917,0.20870870870870895
37,2025-04-29,NAF,0.7741935483870968,0.9086021505376345,9644500000.0,0.03509947863730595,0.07158351409978314,0.09838799332962767
37,2025-04-29,NBB,0.7526881720430108,0.7741935483870968,1630000000.0,0.03045870252403168,0.025700934579439227,0.009195402298850519
37,2025-04-29,NCT,0.7096774193548387,0.3279569892473118,1480500000.0,0.027826692294675905,-0.09893439197659837,-0.10917165874819257
37,2025-04-29,NVT,0.8924731182795699,0.8064516129032258,22752600.0,0.030285779586948725,0.05898123324396787,0.019354838709677358
37,2025-04-29,OGC,0.7204301075268817,0.41935483870967744,999500000.0,0.03867518666500828,-0.18181818181818177,0.03125
37,2025-04-29,PAN,0.8602150537634409,0.23118279569892475,33738500000.0,0.036420411109984376,-0.1475737868934467,-0.10410094637223977
37,2025-04-29,PET,0.8709677419354839,0.15053763440860216,8197500000.0,0.041946229017220726,-0.14305084745762708,-0.20503144654088046
37,2025-04-29,PGC,0.6236559139784946,0.4516129032258065,402500000.0,0.0258259206066051,-0.070722433460076,-0.0941438102297999
37,2025-04-29,PHR,0.8494623655913979,0.08064516129032258,39314000000.0,0.04179974000563298,-0.3144704931285368,-0.1734892787524367
37,2025-04-29,PIT,0.26881720430107525,0.9086021505376345,26324500.0,0.031683087003659,0.022556390977443552,0.25
37,2025-04-29,PTL,0.053763440860215055,0.3602150537634409,126756800.0,0.04315070986359606,-0.12121212121212122,-0.06827309236947787
37,2025-04-29,PVD,0.946236559139785,0.03763440860215054,89453000000.0,0.04195441519994626,-0.20480993017843285,-0.25237053245805985
37,2025-04-29,QCG,0.4731182795698925,0.489247311827957,7079000000.0,0.04477990627159362,-0.09442060085836912,-0.053811659192825156
37,2025-04-29,QNP,0.43010752688172044,0.5,273500000.0,0.025692642426582916,-0.05478589420654911,-0.08503505028954583
37,2025-04-29,SCR,0.22580645161290322,0.5268817204301075,16760500000.0,0.042435938942967294,-0.13946587537091992,0.07806691449814118
37,2025-04-29,SFG,0.4946236559139785,0.7526881720430108,51407450.0,0.036754470873578256,-0.03285420944558526,0.06200676437429542
37,2025-04-29,SFI,0.13978494623655913,0.4731182795698925,264614100.0,0.03244186231346469,-0.08028059236165241,-0.0809968847352025
37,2025-04-29,SGN,1.0,0.021505376344086023,4429500000.0,0.038487960795699536,-0.22524442216094254,-0.3180714916151809
37,2025-04-29,SHA,0.7311827956989247,0.8010752688172043,35040250.0,0.03020356766488964,0.0075949367088608,0.05291005291005302
37,2025-04-29,SKG,0.8387096774193549,0.29032258064516125,3495500000.0,0.03795475252334474,-0.14602587800369682,-0.08151093439363821
37,2025-04-29,SRF,0.11827956989247312,0.8870967741935484,70684400.0,0.03375457297748053,-0.008016032064128265,0.26923076923076916
37,2025-04-29,ST8,0.8817204301075269,0.3548387096774194,3286500000.0,0.0374690003670673,-0.1346666666666667,-0.06618705035971229
37,2025-04-29,STB,0.5053763440860215,0.8333333333333334,892708500000.0,0.037844569152527215,0.02088772845953013,0.06976744186046502
37,2025-04-29,TCR,0.5161290322580645,0.6827956989247312,12014850.0,0.040201697887063216,0.006514657980456029,-0.05214723926380371
37,2025-04-29,TDC,0.6451612903225806,0.3870967741935484,9292000000.0,0.03630902231361972,-0.08431550317316405,-0.10619469026548678
37,2025-04-29,TDG,0.5806451612903226,0.20430107526881722,293500000.0,0.04068222133588275,-0.2240963855421687,-0.09039548022598876
37,2025-04-29,TLG,0.6989247311827957,0.12903225806451613,23208500000.0,0.03998350444450656,-0.15264527320034693,-0.2068195656586158
37,2025-04-29,TMT,0.5268817204301075,0.7043010752688172,358110000.0,0.05343036782224371,-0.08208955223880599,0.10810810810810811
37,2025-04-29,TNI,0.3978494623655914,0.1881720430107527,238500000.0,0.031177147161256014,-0.16593886462882101,-0.1434977578475336
37,2025-04-29,TNT,0.5698924731182796,0.5268817204301075,1695000000.0,0.03968415422525236,-0.10416666666666663,0.0193965517241379
37,2025-04-29,TRC,0.41935483870967744,0.3548387096774194,15090500000.0,0.0396880732643414,-0.18742310321257694,-0.01833195706028079
37,2025-04-29,TTA,0.8172043010752689,0.13978494623655915,9175000000.0,0.031961553299802076,-0.13636363636363635,-0.23940345368916793
37,2025-04-29,TTF,0.9247311827956989,0.1075268817204301,2799000000.0,0.03850641471217108,-0.19741100323624594,-0.17607973421926915
37,2025-04-29,TVT,0.17204301075268819,0.5,153135800.0,0.03465975754522533,-0.08845374746792711,-0.054621848739495826
37,2025-04-29,VCB,0.989247311827957,0.42473118279569894,246084500000.0,0.034743464698350206,-0.10472116603295312,-0.06409407088439878
37,2025-04-29,VCF,0.2903225806451613,0.935483870967742,493500000.0,0.03005849066420886,0.026003439164534736,0.30839172059688713
37,2025-04-29,VGC,0.40860215053763443,0.06989247311827956,38137000000.0,0.04437215581217924,-0.19808743169398912,-0.2218294299602298
37,2025-04-29,VID,0.3763440860215054,0.6397849462365592,57548500.0,0.020717737285975618,-0.03368421052631576,-0.02547770700636942
37,2025-04-29,VJC,0.7419354838709677,0.33870967741935487,62553000000.0,0.034899838364785,-0.09470370877240997,-0.12960526315789478
37,2025-04-29,VMD,0.3333333333333333,0.6236559139784946,84743500.0,0.0349385660517528,-0.038690476190476275,-0.04437869822485219
37,2025-04-29,VNG,0.23655913978494625,0.6075268817204301,31821050.0,0.03686514269391822,-0.022499999999999964,-0.06682577565632464
37,2025-04-29,VOS,0.3010752688172043,0.41935483870967744,26788500000.0,0.044856493922877064,-0.06409322651128913,-0.12046543463381243
37,2025-04-29,VPD,0.5483870967741935,0.4623655913978495,672500000.0,0.02742372591140801,-0.05126050420168071,-0.10396825396825393
37,2025-04-29,VPH,0.6021505376344086,0.24731182795698925,1078000000.0,0.03830241661137226,-0.11070110701107017,-0.16896551724137931
37,2025-04-29,VPI,0.6881720430107527,0.43548387096774194,104888000000.0,0.022997037893567704,-0.08117443868739205,-0.09059829059829061
37,2025-04-29,VPS,0.24731182795698925,0.6774193548387096,25072000.0,0.038458363001782854,-0.07467911318553089,0.06729475100942128
37,2025-04-29,VRC,0.07526881720430108,0.5806451612903226,473500000.0,0.04373558610581234,-0.09608540925266906,0.040983606557376984
37,2025-04-29,VRE,0.8064516129032258,1.0,368714500000.0,0.03527443719057694,0.23526230394808012,0.4510800508259212
37,2025-04-29,VTO,0.5913978494623656,0.3548387096774194,5970000000.0,0.040836150249168354,-0.09966216216216217,-0.09661016949152545
38,2025-05-30,AAM,0.9148936170212766,0.3617021276595745,25303450.0,0.014731953819223808,-0.015105740181268867,-0.028315946348733245
38,2025-05-30,ASM,0.19148936170212766,0.4946808510638298,5701000000.0,0.02003460432969355,0.08538587848932666,-0.13140604467805517
38,2025-05-30,ASP,0.9787234042553191,0.49468085106382975,287500000.0,0.015506630162774683,0.012244897959183598,-0.008000000000000007
38,2025-05-30,AST,0.9361702127659575,0.7765957446808511,2041500000.0,0.020244342844032245,0.06383928571428577,0.07876867360796735
38,2025-05-30,BKG,0.46808510638297873,0.21808510638297873,226500000.0,0.005023973091912885,-0.006896551724137945,-0.11926605504587151
38,2025-05-30,BMP,0.9893617021276596,0.5531914893617021,28791500000.0,0.016181094814207347,-0.010795364343546554,0.19596928982725537
38,2025-05-30,BTP,0.9574468085106383,0.5904255319148937,226500000.0,0.013320417017949508,0.034482758620689724,-0.015979814970563444
38,2025-05-30,BWE,0.8723404255319149,0.6968085106382979,18292000000.0,0.020956915412090427,0.03289615136529789,0.10998151571164505
38,2025-05-30,CCI,0.7978723404255319,0.30851063829787234,32009250.0,0.030600687215298277,-0.011785503830288757,-0.07245575221238942
38,2025-05-30,CCL,0.3617021276595745,0.4680851063829787,1893000000.0,0.021491281502828658,0.11428571428571432,-0.17350993377483448
38,2025-05-30,CIG,0.2127659574468085,0.2925531914893617,945000000.0,0.016284787769766922,-0.06959706959706946,-0.037878787878787845
38,2025-05-30,CLC,0.9468085106382979,0.48404255319148937,174500000.0,0.006045229013627079,0.014184397163120588,-0.02162877951886999
38,2025-05-30,CLL,0.723404255319149,0.49468085106382975,501000000.0,0.007163841994267358,0.02507836990595602,-0.03349753694581281
38,2025-05-30,CSM,0.2872340425531915,0.5957446808510638,11611500000.0,0.026931600468416084,0.1998183469573116,-0.12920237310481208
38,2025-05-30,CTI,0.7872340425531915,0.3457446808510638,28940000000.0,0.018890207710573436,0.007786429365962189,-0.08066971080669716
38,2025-05-30,DAH,0.5319148936170213,0.601063829787234,598500000.0,0.013122476550440796,0.1100000000000001,-0.0901639344262295
38,2025-05-30,DCL,0.5212765957446809,0.8776595744680851,14003000000.0,0.02761399462863856,0.1200000000000001,0.10602910602910609
38,2025-05-30,DCM,0.7127659574468085,0.4521276595744681,88377500000.0,0.015766059374426357,0.02496532593619971,-0.06750788643533123
38,2025-05-30,DGW,0.3723404255319149,0.22340425531914893,44919000000.0,0.017238406244345174,0.013694267515923508,-0.1704456606724003
38,2025-05-30,DHC,0.648936170212766,0.5053191489361702,5110500000.0,0.011840202633678576,0.07831620166421938,-0.11419380780056287
38,2025-05-30,DLG,0.5851063829787234,0.9148936170212766,5200500000.0,0.028267289313732312,0.15048543689320382,0.1732673267326732
38,2025-05-30,DMC,0.6382978723404256,0.25,454500000.0,0.013562873291847553,-0.004839786381842459,-0.101416515973478
38,2025-05-30,DQC,0.8829787234042553,0.898936170212766,339589000.0,0.03639320663311212,0.22222222222222232,0.026666666666666616
38,2025-05-30,DSE,0.6595744680851063,0.4787234042553191,4918000000.0,0.017703022997373474,0.0979676915059926,-0.1500605082694635
38,2025-05-30,DSN,0.22340425531914893,0.4148936170212766,388000000.0,0.005075834736742147,0.020868721184178707,-0.07720991445492431
38,2025-05-30,DTA,0.3191489361702128,0.40957446808510634,176089400.0,0.029754604786155176,-0.057077625570776225,0.009779951100244544
38,2025-05-30,DTL,0.6808510638297872,0.6914893617021276,7973000.0,0.013358246389568349,0.03883495145631066,0.054187192118226646
38,2025-05-30,DXV,0.06382978723404255,0.4308510638297872,75554450.0,0.027880722096136682,-0.03147699757869249,0.012658227848101333
38,2025-05-30,EIB,0.5638297872340425,0.8936170212765957,238191000000.0,0.01895680320433328,0.1978891820580475,0.04849884526558901
38,2025-05-30,GVR,0.26595744680851063,0.5904255319148937,135027000000.0,0.029631028697080022,0.21095421480530585,-0.13269996935335593
38,2025-05-30,HAG,0.5957446808510638,0.7925531914893618,126127000000.0,0.023848117024258944,0.06870229007633588,0.10236220472440949
38,2025-05-30,HAR,0.43617021276595747,0.37765957446808507,483000000.0,0.011959569359998022,0.01602564102564097,-0.08381502890173409
38,2025-05-30,HPX,0.776595744680851,0.3829787234042553,9710500000.0,0.0144486210965546,0.026960784313725394,-0.09892473118279566
38,2025-05-30,HQC,0.7553191489361702,0.6542553191489362,22166500000.0,0.020133784394402533,0.0490196078431373,-0.012307692307692353
38,2025-05-30,HSG,0.2553191489361702,0.5957446808510638,133156000000.0,0.01836543009880264,0.18113207547169807,-0.11205673758865253
38,2025-05-30,HSL,0.8617021276595744,0.574468085106383,232000000.0,0.009753508617261803,0.06756756756756754,-0.07276995305164324
38,2025-05-30,HTI,0.925531914893617,0.6648936170212766,3330500000.0,0.0177628738135869,0.0298602287166454,0.0785096473719229
38,2025-05-30,HTL,0.1702127659574468,0.5159574468085106,76621550.0,0.023942357825848106,0.023265142398716465,-0.02559205500381967
38,2025-05-30,HTV,0.6914893617021277,0.2872340425531915,41074050.0,0.015160892722216386,-0.04663774403470711,-0.06289978678038377
38,2025-05-30,ICT,0.9042553191489362,0.7021276595744681,801000000.0,0.018058958616462454,0.05391304347826087,0.007481296758104827
38,2025-05-30,ITC,0.851063829787234,0.9946808510638299,11820500000.0,0.027753097469602018,0.4773869346733668,0.40669856459330145
38,2025-05-30,JVC,0.2765957446808511,0.9574468085106382,3476000000.0,0.02918101992336286,0.24105011933174225,0.13043478260869557
38,2025-05-30,KMR,0.8404255319148937,0.4521276595744681,75637700.0,0.007863435400687312,0.03322259136212624,-0.08259587020648973
38,2025-05-30,LDG,0.5106382978723404,0.6648936170212766,3654000000.0,0.01745784551362191,0.11979166666666674,-0.06521739130434778
38,2025-05-30,LGL,0.11702127659574468,0.4813829787234043,250000000.0,0.017117695913984404,0.0032573289902280145,0.0
38,2025-05-30,MHC,0.1276595744680851,0.6702127659574468,1384000000.0,0.02801981393692155,0.03975155279503095,0.023227383863080764
38,2025-05-30,NAF,1.0,0.7074468085106382,8756500000.0,0.009865541107446172,0.036943319838056654,0.10577441985968705
38,2025-05-30,NBB,0.7021276595744681,0.6063829787234043,910000000.0,0.01971994389815472,0.02277904328018221,0.02511415525114158
38,2025-05-30,NCT,0.32978723404255317,0.2712765957446808,1766000000.0,0.003416104327909035,0.004869565217391347,-0.11107692307692307
38,2025-05-30,NVT,0.6276595744680851,0.5186170212765957,20442700.0,0.02496589047917303,0.012658227848101333,0.0
38,2025-05-30,OGC,0.14893617021276595,0.30851063829787234,976500000.0,0.016015880266187353,0.04040404040404044,-0.23420074349442377
38,2025-05-30,PAN,0.40425531914893614,0.7978723404255319,26505000000.0,0.0191353544088416,0.1901408450704225,-0.020289855072463725
38,2025-05-30,PET,0.44680851063829785,0.7606382978723405,28450500000.0,0.029258714631770086,0.2476265822784811,-0.052852852852852905
38,2025-05-30,PGC,0.9680851063829787,0.6223404255319149,220000000.0,0.00947692326172464,0.0556464811783961,-0.028614457831325324
38,2025-05-30,PHR,0.07446808510638298,0.5053191489361702,35376000000.0,0.026109702654699453,0.18207547169811322,-0.19846473692627542
38,2025-05-30,PIT,0.4574468085106383,0.9202127659574468,78825350.0,0.027156869696221574,0.138235294117647,0.21126760563380276
38,2025-05-30,PTL,0.39361702127659576,0.28191489361702127,57000000.0,0.009016159949737552,0.01724137931034475,-0.1355311355311355
38,2025-05-30,PVD,0.20212765957446807,0.3191489361702128,107739500000.0,0.015264269341904104,0.04878048780487809,-0.2539902845246357
38,2025-05-30,QCG,0.6702127659574468,0.5904255319148937,11904000000.0,0.025732479047602435,0.10426540284360186,-0.0933852140077821
38,2025-05-30,QNP,0.10638297872340426,0.6436170212765957,179000000.0,0.028517808138547013,0.08227848101265844,-0.040460720614294066
38,2025-05-30,SCR,0.8191489361702128,0.6436170212765957,16291000000.0,0.011969714180187429,0.07068965517241388,-0.03120124804992197
38,2025-05-30,SFG,0.1595744680851064,0.48404255319148937,64650150.0,0.029502143195269986,0.014242115971515812,-0.022549019607843168
38,2025-05-30,SFI,0.6063829787234043,0.7074468085106382,100243900.0,0.012516615384376773,0.07569892473118278,-0.012243285939968374
38,2025-05-30,SGN,0.031914893617021274,0.25,2288500000.0,0.007672450423739315,0.03413687105646335,-0.3094955169061251
38,2025-05-30,SHA,0.23404255319148937,0.3191489361702128,100714300.0,0.015141103469692668,-0.03768844221105527,-0.03282828282828287
38,2025-05-30,SKG,0.8936170212765957,0.42553191489361697,2669500000.0,0.013230090256915588,0.05844155844155852,-0.1458515283842795
38,2025-05-30,SRF,0.2978723404255319,0.19680851063829788,82725000.0,0.01742133446999853,-0.09090909090909094,-0.09456740442655931
38,2025-05-30,ST8,0.13829787234042554,0.14893617021276595,1768500000.0,0.010269618036095055,0.0015408320493066618,-0.21212121212121215
38,2025-05-30,STB,0.5,0.7074468085106383,492432000000.0,0.018326504153070505,0.04092071611253201,0.04761904761904767
38,2025-05-30,TCR,0.0425531914893617,0.35638297872340424,7186450.0,0.02919881596770028,-0.016181229773462813,-0.02564102564102566
38,2025-05-30,TDC,0.4148936170212766,0.4627659574468085,6930500000.0,0.012050636108519794,0.04158415841584162,-0.0985432733504713
38,2025-05-30,TDG,0.05319148936170213,0.17553191489361702,150000000.0,0.015076197880993953,0.012422360248447228,-0.2238095238095238
38,2025-05-30,TLG,0.0851063829787234,0.5053191489361701,20612500000.0,0.022291214187190482,0.13229273285568066,-0.1573033707865169
38,2025-05-30,TMT,0.02127659574468085,0.05319148936170213,257000000.0,0.020512180237755754,-0.024390243902439046,-0.2592592592592593
38,2025-05-30,TNI,0.425531914893617,0.601063829787234,250000000.0,0.023724300727204356,0.12565445026178002,-0.09663865546218486
38,2025-05-30,TNT,0.09574468085106383,0.7606382978723405,276500000.0,0.015496986122003854,0.07822410147991543,0.017964071856287456
38,2025-05-30,TRC,0.010638297872340425,0.2606382978723404,10617000000.0,0.017511106463253812,0.028095558546433308,-0.21613648024628018
38,2025-05-30,TTA,0.7340425531914894,0.39893617021276595,7862500000.0,0.019562270157919115,0.05366357069143457,-0.1548013245033113
38,2025-05-30,TTF,0.4787234042553192,0.3297872340425532,1876500000.0,0.011752028317301948,0.040322580645161255,-0.18867924528301883
38,2025-05-30,TVT,0.7659574468085106,0.32180851063829785,45409900.0,0.01888723855896391,0.0,-0.08056872037914697
38,2025-05-30,VCB,0.7446808510638298,0.23404255319148937,282027000000.0,0.009675774013206781,-0.015749424880552088,-0.09560975609756095
38,2025-05-30,VCF,0.48936170212765956,0.7606382978723404,377500000.0,0.008356605989163155,0.0401772889563754,0.3620291256918695
38,2025-05-30,VGC,0.8085106382978723,0.4893617021276596,40002500000.0,0.02455774017474344,0.11726291879613848,-0.1557605664020596
38,2025-05-30,VID,0.3404255319148936,0.675531914893617,13331150.0,0.017018572858457013,0.04793028322440085,0.006276150627614996
38,2025-05-30,VJC,0.30851063829787234,0.2872340425531915,61408500000.0,0.014876404851059738,0.011640211640211673,-0.10210653428149741
38,2025-05-30,VNG,0.5531914893617021,0.5425531914893618,38156550.0,0.02349596713331123,0.020460358056265893,-0.0037453183520599342
38,2025-05-30,VOS,0.6170212765957447,0.3191489361702128,37181500000.0,0.02422554073703965,0.021011673151750898,-0.12707917498336663
38,2025-05-30,VPD,0.3829787234042553,0.3191489361702127,203500000.0,0.006650246244630572,-0.011957484499557136,-0.06417785234899331
38,2025-05-30,VPH,0.35106382978723405,0.031914893617021274,824000000.0,0.0160825345163951,-0.07883817427385897,-0.24361158432708685
38,2025-05-30,VPI,0.18085106382978725,0.30319148936170215,113690500000.0,0.020897805963273543,0.003759398496240518,-0.09491525423728808
38,2025-05-30,VPS,0.5425531914893617,0.40957446808510634,18445600.0,0.019390181366105104,-0.00975609756097573,-0.020506634499396936
38,2025-05-30,VRC,0.574468085106383,0.15691489361702127,397135000.0,0.029354762608009823,0.0,-0.1779935275080906
38,2025-05-30,VRE,0.24468085106382978,0.9468085106382979,315786500000.0,0.02326413916022065,0.16287215411558664,0.5541252194265653
38,2025-05-30,VTO,0.8297872340425532,0.48404255319148937,7409000000.0,0.016107132958933956,0.09662288930581608,-0.1359940872135994
39,2025-07-01,AAM,0.3804347826086957,0.7336956521739131,20926550.0,0.025977539853006347,0.02914110429447847,0.018209408194233667
39,2025-07-01,ASM,0.7608695652173914,0.41032608695652173,6114000000.0,0.01574878053768421,0.0,-0.06713286713286715
39,2025-07-01,ASP,0.043478260869565216,0.8858695652173914,868000000.0,0.025984609967282715,0.10693069306930703,0.11133200795228637
39,2025-07-01,AST,0.5760869565217391,0.8586956521739131,1786000000.0,0.016179596297698978,0.03446917470947408,0.22310200279459713
39,2025-07-01,BKG,0.05434782608695652,0.22282608695652173,358000000.0,0.010705097868234774,-0.03448275862068961,-0.09385113268608414
39,2025-07-01,BMP,0.9456521739130435,0.75,21880000000.0,0.014024624434358394,0.0057484841326089775,0.2075257634489931
39,2025-07-01,BTP,0.9565217391304348,0.5516304347826086,159500000.0,0.0031388387908618787,0.0,-0.016170212765957426
39,2025-07-01,BWE,0.5217391304347826,0.5597826086956522,4145500000.0,0.00843036128061676,-0.025400213447171804,0.10343160947317553
39,2025-07-01,CCL,0.25,0.10326086956521739,2387000000.0,0.021207587460153842,-0.08196721311475408,-0.10595065312046448
39,2025-07-01,CIG,0.7391304347826086,0.592391304347826,2242000000.0,0.015623497109991346,0.09067688378033201,-0.07173913043478264
39,2025-07-01,CLC,0.8152173913043478,0.8097826086956522,253500000.0,0.01283781979315355,0.06406496729077382,0.04520274761799237
39,2025-07-01,CLL,0.8586956521739131,0.3913043478260869,465000000.0,0.0049268584782209465,-0.02137767220902609,-0.03930712858094598
39,2025-07-01,CSM,0.8369565217391305,0.34782608695652173,9170000000.0,0.012058790510095724,-0.050909090909090904,-0.02684563758389258
39,2025-07-01,CTI,0.14130434782608695,0.8967391304347826,61103000000.0,0.028309426801620453,0.181721004810262,0.10938283993978937
39,2025-07-01,DAH,0.9891304347826086,0.34782608695652173,312000000.0,0.004837633208704337,-0.023809523809523836,-0.046511627906976716
39,2025-07-01,DCL,0.6413043478260869,0.26086956521739135,32297500000.0,0.036300873758004566,-0.15201465201465203,-0.03138075313807531
39,2025-07-01,DCM,0.967391304347826,0.7173913043478262,149498500000.0,0.014694551269881355,0.010223642172523917,0.07150118603863098
39,2025-07-01,DGW,0.391304347826087,0.9293478260869565,150213000000.0,0.03115161674966174,0.2825434913017397,0.16101004615802328
39,2025-07-01,DHC,0.8695652173913043,0.8369565217391304,3835500000.0,0.0142557237092485,0.0800542740841248,0.0694133452754142
39,2025-07-01,DLG,0.6630434782608695,0.3804347826086957,3025000000.0,0.017050573922650396,-0.0653061224489796,0.01327433628318575
39,2025-07-01,DMC,0.782608695652174,0.391304347826087,261000000.0,0.012236393819352653,0.0015020026702270428,-0.07832898172323755
39,2025-07-01,DQC,0.358695652173913,0.46739130434782605,122500000.0,0.017423536681604103,-0.0357142857142857,0.018867924528301883
39,2025-07-01,DSE,0.9021739130434783,0.3641304347826087,6437000000.0,0.01375279305746082,-0.02291861552853136,-0.045246800731261416
39,2025-07-01,DSN,0.29347826086956524,0.3804347826086957,259000000.0,0.0045678911439295,-0.000948766603415585,-0.06814159292035393
39,2025-07-01,DTA,0.021739130434782608,0.47282608695652173,110500000.0,0.029477092887226143,0.06499999999999995,-0.14800000000000002
39,2025-07-01,DTL,0.13043478260869565,0.16304347826086957,8263500.0,0.01138152896260476,-0.13084112149532712,-0.06999999999999995
39,2025-07-01,DXV,0.5869565217391305,0.5679347826086957,43000000.0,0.028259963462364347,0.0,0.01049868766404205
39,2025-07-01,EIB,0.75,0.5760869565217391,289765500000.0,0.02274036897837699,-0.02591792656587477,0.13888888888888884
39,2025-07-01,GVR,0.2391304347826087,0.7010869565217391,101929500000.0,0.024239233335625533,0.05568924028875899,-0.02352941176470591
39,2025-07-01,HAG,0.717391304347826,0.7173913043478262,86946000000.0,0.015897754686664597,0.011494252873563315,0.06451612903225801
39,2025-07-01,HAR,0.8913043478260869,0.3070652173913043,628000000.0,0.012384998313274418,0.0,-0.11141304347826086
39,2025-07-01,HPX,0.5978260869565217,0.2608695652173913,8452000000.0,0.015987196429243674,-0.038724373576309756,-0.06843267108167772
39,2025-07-01,HQC,0.6739130434782609,0.2717391304347826,18861000000.0,0.014937794254171521,-0.04179104477611939,-0.050295857988165715
39,2025-07-01,HSG,0.7934782608695652,0.5815217391304348,104456500000.0,0.015756723444358807,0.02149681528662417,-0.03967065868263475
39,2025-07-01,HSL,0.08695652173913043,0.9945652173913043,3627000000.0,0.034416584216683435,0.49295774647887325,0.5035460992907801
39,2025-07-01,HTI,0.8043478260869565,0.7663043478260869,1121500000.0,0.00817086208039571,0.013838748495788256,0.12109115103127088
39,2025-07-01,HTL,0.9130434782608695,0.4184782608695652,111500000.0,0.009820824190367344,-0.0156801254410035,-0.034230769230769176
39,2025-07-01,ICT,0.21739130434782608,0.24456521739130432,430500000.0,0.01224222240842202,-0.051155115511551164,-0.06427990235964198
39,2025-07-01,ITC,0.11956521739130435,0.5652173913043478,13923000000.0,0.031986270995905765,-0.04854368932038833,0.26724137931034475
39,2025-07-01,JVC,0.06521739130434782,0.6467391304347826,2621000000.0,0.024158246817914217,0.0018939393939394478,0.031189083820662766
39,2025-07-01,KMR,0.34782608695652173,0.2282608695652174,97500000.0,0.0037383296624840623,-0.03205128205128205,-0.09580838323353291
39,2025-07-01,LDG,0.010869565217391304,0.9945652173913043,10886500000.0,0.041582181076043286,0.4130434782608696,0.5476190476190477
39,2025-07-01,LGL,0.03260869565217391,0.9673913043478262,1203500000.0,0.035445800553748276,0.2915360501567399,0.2638036809815951
39,2025-07-01,MHC,0.10869565217391304,0.33695652173913043,596000000.0,0.019604943937197868,-0.09178743961352653,-0.013123359580052507
39,2025-07-01,NAF,0.7717391304347826,0.9184782608695652,11411500000.0,0.013440476191340764,0.086977886977887,0.2329988851727982
39,2025-07-01,NBB,0.15217391304347827,0.30434782608695654,319000000.0,0.008981822713254262,-0.05701754385964908,-0.03153153153153154
39,2025-07-01,NCT,0.8804347826086957,0.6141304347826086,1055000000.0,0.010528459303555808,0.02436053593179044,-0.03181580324437472
39,2025-07-01,NVT,0.32608695652173914,0.6141304347826086,27280800.0,0.02065280733777134,0.011249999999999982,-0.01820388349514568
39,2025-07-01,OGC,0.17391304347826086,0.03804347826086957,1471500000.0,0.008661784477180006,-0.0714285714285714,-0.2246520874751491
39,2025-07-01,PAN,0.4673913043478261,0.5108695652173912,34355500000.0,0.018349805779075926,-0.019636015325670497,0.0128649183572489
39,2025-07-01,PET,0.6304347826086957,0.7010869565217391,23958000000.0,0.018783083806347137,0.0043183220234424,0.07886017229953635
39,2025-07-01,PGC,0.8260869565217391,0.30434782608695654,715500000.0,0.011186693041735984,-0.04094010614101595,-0.04456193353474325
39,2025-07-01,PHR,0.5108695652173914,0.7173913043478262,39128500000.0,0.023991909684823544,0.20064464141821103,-0.03183885640025996
39,2025-07-01,PIT,0.33695652173913043,0.33695652173913043,139285000.0,0.04419350849889313,-0.09212283044058744,0.007407407407407307
39,2025-07-01,PTL,0.31521739130434784,0.875,404000000.0,0.028295245294749985,0.15637860082304522,0.0725190839694656
39,2025-07-01,PVD,0.6847826086956522,0.46195652173913043,206795500000.0,0.02765865263352433,0.03395889186773915,-0.10656370656370662
39,2025-07-01,QCG,0.6521739130434783,0.532608695652174,12337500000.0,0.023469697588251605,-0.012658227848101222,0.01298701298701288
39,2025-07-01,QNP,0.5543478260869565,0.483695652173913,80500000.0,0.01938989936047283,-0.011635423400129241,-0.025804396304555555
39,2025-07-01,SCR,0.30434782608695654,0.7880434782608696,45318500000.0,0.024200704657789507,0.037681159420289934,0.059171597633136175
39,2025-07-01,SFG,0.7282608695652174,0.7934782608695652,118603500.0,0.027293965609047895,0.05749486652977409,0.02385685884691857
39,2025-07-01,SFI,0.45652173913043476,0.5027173913043478,44247150.0,0.01926834472974873,0.0,-0.029423303256178923
39,2025-07-01,SGN,0.09782608695652174,0.21739130434782608,1444000000.0,0.009109988565316668,-0.009225385716557954,-0.21549118387909316
39,2025-07-01,SHA,0.5652173913043478,0.4701086956521739,64577200.0,0.010803135358100886,0.0,-0.03500000000000003
39,2025-07-01,SKG,0.6086956521739131,0.2173913043478261,2049500000.0,0.009096165883387639,-0.033099297893681046,-0.10158434296365326
39,2025-07-01,SRF,0.18478260869565216,0.1141304347826087,76225000.0,0.014068591341884202,-0.05339265850945496,-0.14300100704934537
39,2025-07-01,ST8,0.5434782608695652,0.38586956521739135,2291500000.0,0.016183496151039197,0.01538461538461533,-0.14507772020725385
39,2025-07-01,STB,0.7065217391304348,0.9130434782608696,442596000000.0,0.014549344240568056,0.12860576923076916,0.19617834394904454
39,2025-07-01,TCR,0.2717391304347826,0.30978260869565216,7750250.0,0.016903185537132256,-0.01967213114754096,-0.07430340557275539
39,2025-07-01,TDC,0.43478260869565216,0.16847826086956522,6534000000.0,0.005257645235038313,-0.06046511627906981,-0.08762420957542905
39,2025-07-01,TDG,0.20652173913043478,0.3695652173913044,213500000.0,0.0196198599961331,0.018575851393188847,-0.20722891566265056
39,2025-07-01,TLG,0.16304347826086957,0.7554347826086956,15858000000.0,0.019287769122247268,0.04662056658487623,0.01382886776145198
39,2025-07-01,TMT,0.1956521739130435,0.2717391304347826,161000000.0,0.02401644871728269,-0.012711864406779627,-0.10384615384615381
39,2025-07-01,TNI,0.9347826086956522,0.5407608695652174,140000000.0,0.01029689101794198,0.0,-0.017699115044247815
39,2025-07-01,TNT,0.8478260869565217,0.18478260869565216,222000000.0,0.009795118887312292,-0.02766798418972327,-0.12142857142857144
39,2025-07-01,TRC,0.41304347826086957,0.3152173913043478,9723000000.0,0.010892417872293567,0.0031045751633986818,-0.15858004385964908
39,2025-07-01,TTA,0.2608695652173913,0.1793478260869565,6439500000.0,0.010511789590467132,-0.04114832535885171,-0.10295434198746645
39,2025-07-01,TTF,0.44565217391304346,0.3315217391304348,1666000000.0,0.013555862800541147,0.0078125,-0.16774193548387095
39,2025-07-01,TVT,0.40217391304347827,0.5054347826086957,36142200.0,0.022716132188099186,0.01988217967599404,-0.07046979865771807
39,2025-07-01,VCB,0.9239130434782609,0.46739130434782605,208786500000.0,0.0072472592022410276,0.024634059264548425,-0.10186199342825852
39,2025-07-01,VCF,0.532608695652174,0.8369565217391304,267500000.0,0.0072975565267249624,0.01799557032115162,0.3035705241833375
39,2025-07-01,VGC,0.4782608695652174,0.40760869565217395,35066000000.0,0.019630742023327503,0.002231589387552635,-0.07780059320100385
39,2025-07-01,VJC,0.6956521739130435,0.5,69877000000.0,0.012109054276564044,0.007818155494425882,-0.04735185438620504
39,2025-07-01,VMD,1.0,0.6630434782608696,64671000.0,0.0045058334723679,0.00588235294117645,0.020895522388059806
39,2025-07-01,VNG,0.3695652173913043,0.3586956521739131,33200900.0,0.01492257158625671,-0.025316455696202556,-0.03990024937655856
39,2025-07-01,VOS,0.42391304347826086,0.6141304347826086,29517000000.0,0.01982186437041802,0.01427498121712989,-0.026676279740447062
39,2025-07-01,VPD,0.9782608695652174,0.6902173913043479,236000000.0,0.006512669470111009,0.030803571428571486,-0.016609880749574146
39,2025-07-01,VPH,0.07608695652173914,0.26358695652173914,587500000.0,0.01795033058251636,0.0,-0.17689530685920574
39,2025-07-01,VPI,0.2826086956521739,0.11956521739130435,111839000000.0,0.013837178304723767,-0.05434782608695654,-0.11224489795918369
39,2025-07-01,VPS,0.22826086956521738,0.6847826086956522,17833350.0,0.023976597201470027,0.05689001264222493,-0.027906976744186074
39,2025-07-01,VRC,0.6195652173913043,0.32608695652173914,262000000.0,0.016693803499740045,-0.007874015748031482,-0.09352517985611508
39,2025-07-01,VRE,0.4891304347826087,0.5108695652173914,128790000000.0,0.017219402820418412,-0.06408753419304414,0.23072970195272346
39,2025-07-01,VTO,0.5,0.33695652173913043,3746000000.0,0.015425028440959368,-0.02327586206896548,-0.05975103734439835
40,2025-08-01,AAM,0.8526315789473684,0.3736842105263158,63177000.0,0.017796897265667896,0.045454545454545414,0.05022831050228316
40,2025-08-01,ASM,0.531578947368421,0.6578947368421053,18501500000.0,0.02101935458496385,0.08172362555720647,0.1685393258426966
40,2025-08-01,ASP,0.42105263157894735,0.4105263157894737,628000000.0,0.021731021804510607,0.02499999999999991,0.09896907216494855
40,2025-08-01,AST,0.9263157894736842,0.21578947368421053,1296000000.0,0.011841201681507839,-0.01514004542013625,0.05729378301503463
40,2025-08-01,BKG,0.5157894736842106,0.43157894736842106,770000000.0,0.01881248321162532,0.06810035842293916,0.04195804195804187
40,2025-08-01,BMP,0.8105263157894737,0.18157894736842106,22035500000.0,0.013395093333120157,0.012258778867447084,0.0
40,2025-08-01,BTP,0.7578947368421053,0.047368421052631574,313000000.0,0.003970624588962378,-0.02941176470588236,-0.04102564102564099
40,2025-08-01,BWE,0.8421052631578947,0.20526315789473684,11926500000.0,0.011680361346022471,0.03144930723553996,-0.053672316384180796
40,2025-08-01,CCI,0.14736842105263157,0.6894736842105262,78845950.0,0.035004964615960074,0.08624708624708632,0.22793148880105396
40,2025-08-01,CCL,0.4631578947368421,0.5105263157894737,4602500000.0,0.01772974609761591,0.04761904761904767,0.11675126903553301
40,2025-08-01,CIG,0.15789473684210525,0.7105263157894737,3082500000.0,0.026487200014230137,0.11860465116279073,0.19503105590062098
40,2025-08-01,CLC,0.9789473684210527,0.4,233000000.0,0.008221197589789066,0.03114186851211076,0.07775768535262206
40,2025-08-01,CLL,0.8842105263157894,0.21578947368421053,1086500000.0,0.012045105220424556,0.011458333333333348,0.023541813070976803
40,2025-08-01,CSM,0.3684210526315789,0.1631578947368421,18871500000.0,0.025063662285265586,-0.01132075471698113,0.029874213836478036
40,2025-08-01,CTI,0.2631578947368421,0.5473684210526315,64549000000.0,0.016795907452729072,0.020104895104895215,0.2880794701986755
40,2025-08-01,DAH,0.7368421052631579,0.47368421052631576,1267000000.0,0.018155625494988215,0.030120481927710774,0.125
40,2025-08-01,DCL,0.12631578947368421,0.015789473684210527,9325500000.0,0.027258807299786473,-0.050000000000000044,-0.146484375
40,2025-08-01,DCM,0.9578947368421052,0.5789473684210527,208692000000.0,0.010587128285780938,0.07029765674477528,0.11994698475811805
40,2025-08-01,DGW,0.8,0.4736842105263158,148316000000.0,0.023424019116109494,-0.009120673526660461,0.31542999068612243
40,2025-08-01,DHC,0.5789473684210527,0.6947368421052631,14162500000.0,0.01681862319708728,0.07654921020656147,0.24847346171911688
40,2025-08-01,DLG,0.010526315789473684,0.9315789473684211,29344500000.0,0.04058664326484784,0.3155893536121672,0.4723404255319148
40,2025-08-01,DQC,0.6842105263157895,0.763157894736842,607000000.0,0.027303696763227605,0.10572259941804063,0.28959276018099556
40,2025-08-01,DSE,0.531578947368421,0.4105263157894737,31129500000.0,0.027646626280157884,0.03586399627387049,0.07595549104983057
40,2025-08-01,DSN,0.5052631578947369,0.05789473684210526,669500000.0,0.005620772717448413,-0.032151300236406666,-0.013018322082931522
40,2025-08-01,DTA,0.24210526315789474,0.24210526315789477,361000000.0,0.01899636773405751,0.028169014084507005,0.004587155963302836
40,2025-08-01,DTL,0.7157894736842105,0.3842105263157895,28467250.0,0.025312427212926668,0.05499999999999994,0.024271844660194164
40,2025-08-01,DXV,0.6421052631578947,0.4052631578947368,64000000.0,0.018433901300774217,0.050264550264550234,0.05585106382978733
40,2025-08-01,EIB,0.16842105263157894,0.8105263157894737,579804500000.0,0.031359752692793855,0.11965811965811968,0.3717277486910995
40,2025-08-01,GVR,0.6105263157894737,0.39473684210526316,165776500000.0,0.018872081130063,0.01349948078920038,0.11415525114155245
40,2025-08-01,HAG,0.631578947368421,0.4157894736842105,224706500000.0,0.030640077567969114,0.04119850187265928,0.0692307692307692
40,2025-08-01,HAR,0.021052631578947368,0.9052631578947368,6906500000.0,0.043612519573662314,0.32530120481927716,0.3496932515337423
40,2025-08-01,HPX,0.3368421052631579,0.8210526315789474,30167500000.0,0.02840246011117582,0.17420814479638014,0.26894865525672373
40,2025-08-01,HQC,0.3263157894736842,0.7052631578947368,65483500000.0,0.030483463167323248,0.14803625377643503,0.13095238095238093
40,2025-08-01,HSG,0.45263157894736844,0.7157894736842105,247234000000.0,0.02547724610170017,0.09139784946236551,0.24213286713286708
40,2025-08-01,HSL,0.1368421052631579,0.9842105263157894,2646500000.0,0.031823503258952945,0.4423076923076923,1.3195876288659796
40,2025-08-01,HTI,0.07368421052631578,0.7947368421052632,6087000000.0,0.03139045463428375,0.2065281899109792,0.22028811524609848
40,2025-08-01,HTL,0.08421052631578947,0.06315789473684211,80122000.0,0.012397084697112664,-0.028275587415372394,-0.02125952667468911
40,2025-08-01,HTV,0.3157894736842105,0.7684210526315789,134987550.0,0.026276853685305253,0.17931034482758612,0.165909090909091
40,2025-08-01,ICT,0.9368421052631579,0.43157894736842106,1328000000.0,0.012959474240703263,0.05240549828178698,0.056945642795513285
40,2025-08-01,ITC,0.031578947368421054,0.8105263157894738,23116500000.0,0.03229870848994968,0.1077441077441077,0.3999999999999999
40,2025-08-01,JVC,0.2736842105263158,0.7736842105263158,5803000000.0,0.02519020985115304,0.15094339622641506,0.23232323232323226
40,2025-08-01,KMR,0.968421052631579,0.3368421052631579,192500000.0,0.007555492591224226,0.0360655737704918,0.03947368421052633
40,2025-08-01,LDG,0.6631578947368421,0.9842105263157894,85460000000.0,0.06123354808433493,0.4150943396226414,1.4881516587677726
40,2025-08-01,LGL,0.4,0.5,1772000000.0,0.028264267371934073,0.0,0.3186119873817035
40,2025-08-01,MHC,1.0,0.9789473684210526,5530500000.0,0.02471675917963842,0.5236220472440944,0.490372272143774
40,2025-08-01,NAF,0.4421052631578947,0.7052631578947368,13653000000.0,0.03147997656058622,0.0779392338177014,0.2560287326834274
40,2025-08-01,NBB,0.6210526315789474,0.3894736842105263,2190500000.0,0.01791644053333274,0.08944954128440363,-0.0021008403361344463
40,2025-08-01,NCT,0.9473684210526315,0.24736842105263157,1218500000.0,0.007231211378749313,-0.008170285960008572,0.06033789219629937
40,2025-08-01,NVT,0.8210526315789474,0.2578947368421053,39185600.0,0.017014309797419223,0.03846153846153855,-0.010989010989010839
40,2025-08-01,OGC,0.49473684210526314,0.6263157894736842,6815500000.0,0.02946533161403413,0.14249363867684472,0.08980582524271852
40,2025-08-01,PAN,0.29473684210526313,0.9263157894736842,73688500000.0,0.019923120691974064,0.2263882297104889,0.48420448018380235
40,2025-08-01,PET,0.8315789473684211,0.9842105263157894,65189000000.0,0.031958042975358286,0.45136417556346387,0.644489247311828
40,2025-08-01,PGC,0.8736842105263158,0.15789473684210525,414500000.0,0.0051180846583846,0.0,0.017642341619887647
40,2025-08-01,PHR,0.21052631578947367,0.6894736842105263,37734000000.0,0.024147360585116313,0.05031770565000859,0.3519009725906277
40,2025-08-01,PIT,0.23157894736842105,0.5421052631578946,91643200.0,0.020683865074235273,0.05714285714285716,0.11278195488721798
40,2025-08-01,PTL,0.17894736842105263,0.8894736842105263,1784500000.0,0.04835714441808007,0.17500000000000004,0.4059829059829059
40,2025-08-01,PVD,0.7894736842105263,0.6105263157894737,177785000000.0,0.01149114121245785,0.057627118644067776,0.16417910447761197
40,2025-08-01,QCG,0.7473684210526316,0.5842105263157895,42018500000.0,0.029997465973116786,0.08403361344537807,0.11206896551724133
40,2025-08-01,QNP,0.25263157894736843,0.2,134152450.0,0.014350176688373831,0.007933884297520732,0.023497818059751596
40,2025-08-01,SCR,0.042105263157894736,0.9315789473684211,95898000000.0,0.032141712443152955,0.22611036339165547,0.5310924369747898
40,2025-08-01,SFG,0.6947368421052632,0.30526315789473685,69000000.0,0.02331394075113287,0.0,0.08333333333333326
40,2025-08-01,SFI,0.2,0.15789473684210525,89243850.0,0.018503051768685254,-0.032454361054766734,0.04513584574934271
40,2025-08-01,SGN,0.8631578947368421,0.2736842105263158,2526500000.0,0.014492420827918687,0.03553625984885045,0.008929970233432671
40,2025-08-01,SHA,0.9052631578947369,0.12105263157894737,237000000.0,0.0061492126029157775,0.002590673575129543,-0.03731343283582089
40,2025-08-01,SKG,0.6,0.5052631578947369,4659500000.0,0.018616719310299425,0.0729701952723536,0.07186858316221767
40,2025-08-01,SRF,0.28421052631578947,0.06842105263157894,186545950.0,0.018306599092515977,-0.01118568232662187,-0.052518756698821
40,2025-08-01,ST8,0.5473684210526316,0.38421052631578945,4299000000.0,0.025988090055970643,0.047328244274809084,0.0521472392638036
40,2025-08-01,STB,0.43157894736842106,0.6210526315789474,605367500000.0,0.016070579321936524,0.049946865037194366,0.24276729559748422
40,2025-08-01,TCR,0.5894736842105263,0.1394736842105263,19149050.0,0.020691624060443534,0.0,0.0
40,2025-08-01,TDC,0.22105263157894736,0.6789473684210526,19619500000.0,0.021731955582060473,0.12050534499514098,0.13596059113300485
40,2025-08-01,TDG,0.6526315789473685,0.4736842105263158,549500000.0,0.016946046719012252,0.05230769230769239,0.07886435331230279
40,2025-08-01,TLG,0.3894736842105263,0.24736842105263157,20209000000.0,0.011467343778328353,-0.06645161290322577,0.09235027679919483
40,2025-08-01,TMT,0.09473684210526316,0.668421052631579,791500000.0,0.03220694292029474,0.15879828326180268,0.10655737704918034
40,2025-08-01,TNC,0.05263157894736842,0.7473684210526316,165142200.0,0.04085870235744463,0.13061797752809,0.2403697996918337
40,2025-08-01,TNI,0.30526315789473685,0.8631578947368421,1032500000.0,0.018644696767166603,0.1428571428571428,0.4093264248704662
40,2025-08-01,TNT,0.06315789473684211,0.9263157894736842,2195000000.0,0.0338277774011171,0.33673469387755106,0.3936170212765957
40,2025-08-01,TRC,0.7052631578947368,0.19473684210526315,19342500000.0,0.021698778049468587,0.009773578758755397,0.020579519262430068
40,2025-08-01,TTA,0.18947368421052632,0.7052631578947368,12422000000.0,0.02152732212754467,0.13393756294058412,0.13967611336032393
40,2025-08-01,TTF,0.47368421052631576,0.4894736842105263,7766000000.0,0.019571651706814852,0.020477815699658786,0.17716535433070857
40,2025-08-01,TVT,0.7789473684210526,0.3684210526315789,79779850.0,0.017712920055745974,0.016393442622950838,0.09188361408882084
40,2025-08-01,VCB,0.7684210526315789,0.3736842105263158,498008500000.0,0.014663000062246613,0.030729166666666696,0.0635972769616624
40,2025-08-01,VCF,0.3473684210526316,0.5736842105263158,559500000.0,0.024427546224168206,0.06350873099210519,0.12225550950055397
40,2025-08-01,VGC,0.10526315789473684,0.8578947368421053,100648000000.0,0.0316131423825172,0.27071266683455053,0.2752084912812738
40,2025-08-01,VID,0.37894736842105264,0.7421052631578947,160094400.0,0.02017323924675897,0.16129032258064524,0.15384615384615374
40,2025-08-01,VJC,0.35789473684210527,0.8947368421052632,217982500000.0,0.037250013575702325,0.3251773563051976,0.3296048808832075
40,2025-08-01,VMD,0.9157894736842105,0.08421052631578947,164255500.0,0.004401266878516555,-0.023255813953488413,-0.0029673590504450953
40,2025-08-01,VNG,0.7263157894736842,0.25263157894736843,75000000.0,0.019352535997083607,0.0234375,0.020779220779220786
40,2025-08-01,VOS,0.4105263157894737,0.5578947368421052,56121000000.0,0.02644810292816359,0.0538965768390387,0.12257564003103183
40,2025-08-01,VPD,0.8947368421052632,0.3157894736842105,427000000.0,0.011749562811508862,0.017864923747276773,0.05989110707803991
40,2025-08-01,VPH,0.5578947368421052,0.5684210526315789,2976500000.0,0.02536399419322129,0.10000000000000009,0.07889125799573571
40,2025-08-01,VPI,0.6736842105263158,0.1631578947368421,125314000000.0,0.01819372736546901,0.0,0.019230769230769162
40,2025-08-01,VPS,0.9894736842105263,0.28421052631578947,16892650.0,0.015935131690808596,0.021531100478468845,0.04146341463414638
40,2025-08-01,VRC,0.5684210526315789,0.3315789473684211,487000000.0,0.03522880152106827,0.027450980392156765,0.056451612903225756
40,2025-08-01,VRE,0.11578947368421053,0.6947368421052631,162753000000.0,0.024735602415706246,0.13132976533552898,0.13835956917978454
40,2025-08-01,VTO,0.4842105263157895,0.2368421052631579,9608000000.0,0.013551049492588445,0.01221640488656206,0.03111111111111109
41,2025-08-29,AAM,0.9578947368421052,0.3631578947368421,55000000.0,0.011092756029312591,-0.0028985507246376274,0.0253353204172877
41,2025-08-29,ASM,0.7894736842105263,0.6052631578947368,22668000000.0,0.023823781041613434,0.026098901098901006,0.12162162162162171
41,2025-08-29,ASP,0.3157894736842105,0.047368421052631574,526500000.0,0.012003935122632932,-0.08067542213883683,-0.1123188405797102
41,2025-08-29,AST,0.4,0.6631578947368422,2201500000.0,0.023799013131210446,0.07033051498847032,0.14186141861418622
41,2025-08-29,BKG,0.8631578947368421,0.4421052631578948,465500000.0,0.012506048379978084,0.010067114093959662,0.04513888888888884
41,2025-08-29,BMP,0.7263157894736842,0.48947368421052634,24556500000.0,0.013232210833938138,0.02343933119774988,0.05027261064785127
41,2025-08-29,BTP,0.06315789473684211,0.06842105263157894,825000000.0,0.0062927380529063355,-0.05614973262032086,-0.08706896551724141
41,2025-08-29,BWE,0.6105263157894737,0.1473684210526316,9535500000.0,0.015119058344599534,-0.04264392324093813,-0.02666377628441363
41,2025-08-29,CCI,0.42105263157894735,0.8631578947368421,87278150.0,0.021657047217287027,0.14163090128755362,0.3209186840471756
41,2025-08-29,CCL,0.2736842105263158,0.2,6058500000.0,0.022873838008167023,-0.030303030303030276,-0.01538461538461533
41,2025-08-29,CIG,0.15789473684210525,0.6368421052631579,2555000000.0,0.026200819532673995,0.013513513513513598,0.21875
41,2025-08-29,CLC,0.9263157894736842,0.2947368421052632,252500000.0,0.013925013718664288,-0.019505033557047025,0.023872098116513252
41,2025-08-29,CLL,0.968421052631579,0.4105263157894737,1228500000.0,0.0072111035538428596,0.014761414349467872,0.01163586584531151
41,2025-08-29,CSM,0.09473684210526316,0.7947368421052632,21096500000.0,0.027887825200197308,0.1984732824427482,0.18939393939393945
41,2025-08-29,CTI,0.631578947368421,0.3631578947368421,58003500000.0,0.02818654275890159,-0.046700942587832084,0.13694430250383238
41,2025-08-29,DAH,0.6421052631578947,0.7315789473684211,2008500000.0,0.02363129302068882,0.11111111111111116,0.15853658536585358
41,2025-08-29,DCL,0.3263157894736842,0.09473684210526316,8971500000.0,0.02174013133754986,-0.0389016018306636,-0.22509225092250917
41,2025-08-29,DCM,0.5789473684210527,0.7894736842105263,304135500000.0,0.034045677607600036,0.10769230769230775,0.24220305242203044
41,2025-08-29,DGW,0.5263157894736842,0.5052631578947369,164544000000.0,0.030376874723047263,-0.03209818267642195,0.24650455927051662
41,2025-08-29,DHC,0.8947368421052632,0.6105263157894737,13709000000.0,0.014570009458116777,0.006772009029345272,0.22191780821917817
41,2025-08-29,DLG,0.24210526315789474,0.4210526315789474,18950000000.0,0.03636028293301165,-0.12427745664739887,0.2784810126582278
41,2025-08-29,DMC,0.9052631578947369,0.2763157894736842,236000000.0,0.008516425664560321,-0.013972380178716493,0.0
41,2025-08-29,DQC,0.6947368421052632,0.2368421052631579,255000000.0,0.01475107485532973,-0.021052631578947323,-0.004460303300624413
41,2025-08-29,DSE,0.05263157894736842,0.9578947368421052,58180500000.0,0.03600111841590214,0.36465827338129486,0.4848336594911937
41,2025-08-29,DSN,0.7157894736842105,0.2789473684210526,546500000.0,0.003920883281044495,-0.0021983390327308117,-0.036329322953526755
41,2025-08-29,DTA,0.8,0.5263157894736842,273000000.0,0.0315422721969367,0.015981735159817267,0.08009708737864085
41,2025-08-29,DTL,0.6526315789473685,0.6578947368421053,16732500.0,0.021592671611281877,0.09004739336492884,0.10576923076923084
41,2025-08-29,DXV,0.8105263157894737,0.5263157894736842,28232200.0,0.01928375093213244,0.017632241813602123,0.07446808510638303
41,2025-08-29,EIB,0.2631578947368421,0.8,638076000000.0,0.03523867082368774,0.13358778625954204,0.23236514522821583
41,2025-08-29,GVR,0.4421052631578947,0.29473684210526313,197869000000.0,0.02709803545857812,-0.021857923497267784,0.02468694096601065
41,2025-08-29,HAG,0.21052631578947367,0.8421052631578947,394615500000.0,0.03348954508553667,0.18705035971223016,0.2547528517110267
41,2025-08-29,HAR,0.43157894736842106,0.9315789473684211,11679000000.0,0.04048846254109338,0.2068181818181818,0.5526315789473684
41,2025-08-29,HPX,0.16842105263157894,0.7894736842105263,35580000000.0,0.034313051480077024,0.07707129094412335,0.2675736961451247
41,2025-08-29,HQC,0.4105263157894737,0.5473684210526316,53486500000.0,0.03086785716850096,0.0052631578947368585,0.14371257485029942
41,2025-08-29,HSG,0.8210526315789474,0.4842105263157894,235712500000.0,0.01678455744564313,-0.008444757213230125,0.132636655948553
41,2025-08-29,HSL,0.021052631578947368,1.0,9918000000.0,0.03573855583428857,0.6388888888888888,1.9092702169625246
41,2025-08-29,HTI,0.47368421052631576,0.6631578947368422,3658000000.0,0.017192313019277636,0.009345794392523255,0.25889570552147245
41,2025-08-29,HTL,0.18947368421052632,0.17368421052631577,48119500.0,0.01691977586439199,-0.022131147540983553,-0.0646805174441396
41,2025-08-29,HTV,0.14736842105263157,0.9421052631578948,377500000.0,0.033623134507134195,0.3357588357588357,0.46188850967007955
41,2025-08-29,ICT,0.9368421052631579,0.46842105263157896,604000000.0,0.012166095605799962,0.008163265306122547,0.06926406926406936
41,2025-08-29,ITC,0.22105263157894736,0.3,16107500000.0,0.0249676755561151,-0.03951367781155013,0.07118644067796609
41,2025-08-29,JVC,0.5894736842105263,0.22631578947368422,2655000000.0,0.024628480167951647,-0.09180327868852456,0.06538461538461537
41,2025-08-29,KMR,0.8842105263157894,0.2736842105263158,157500000.0,0.0062337828124751655,-0.01898734177215189,0.009771986970684043
41,2025-08-29,LDG,0.30526315789473685,0.5368421052631579,38871500000.0,0.036989715108699577,-0.06666666666666665,1.227272727272727
41,2025-08-29,LGL,0.5684210526315789,0.7421052631578947,1399500000.0,0.01995588289075315,0.026315789473684292,0.3159509202453987
41,2025-08-29,MHC,0.031578947368421054,0.9052631578947369,11166500000.0,0.041612618456979916,0.12316968130921624,0.6675191815856778
41,2025-08-29,NAF,0.042105263157894736,0.9210526315789473,25707500000.0,0.01843522474393621,0.20996732026143783,0.43926141885325554
41,2025-08-29,NBB,0.6842105263157895,0.05789473684210526,20418500000.0,0.03444459071066453,-0.09473684210526312,-0.04867256637168138
41,2025-08-29,NCT,0.8736842105263158,0.2789473684210526,1232500000.0,0.005223973879879433,-0.014740949490570143,0.007425468247811207
41,2025-08-29,NVT,0.35789473684210527,0.6,95135300.0,0.037437706937817575,0.07407407407407418,0.08614232209737827
41,2025-08-29,OGC,0.4842105263157895,0.7052631578947368,9598500000.0,0.03595788641124347,0.07572383073496658,0.1694915254237288
41,2025-08-29,PAN,0.3894736842105263,0.4789473684210526,81798000000.0,0.024656491506316033,-0.030572755417956676,0.21897810218978098
41,2025-08-29,PET,1.0,0.4789473684210526,130104000000.0,0.045575593703203,-0.08908868001634651,0.4170375079465989
41,2025-08-29,PGC,0.8421052631578947,0.24210526315789474,574000000.0,0.003573424395196872,-0.007092198581560294,-0.04473085670962851
41,2025-08-29,PHR,0.3473684210526316,0.3,51068500000.0,0.01782733927060782,-0.09254414650098108,0.12030682276947924
41,2025-08-29,PIT,0.3684210526315789,0.07894736842105263,39980950.0,0.021608917066626317,-0.049645390070921946,-0.0821917808219178
41,2025-08-29,PTL,0.5578947368421052,0.7105263157894737,546000000.0,0.020455089693817107,0.012158054711246091,0.3266932270916334
41,2025-08-29,PVD,0.7473684210526316,0.4736842105263158,223760500000.0,0.022427610966958104,0.0,0.09281961471103317
41,2025-08-29,QCG,0.7789473684210526,0.7105263157894737,33341000000.0,0.03604141758951959,0.07751937984496116,0.16317991631799167
41,2025-08-29,QNP,0.08421052631578947,0.12631578947368421,117500000.0,0.019168563468120535,-0.034708578912901134,-0.07701941139636814
41,2025-08-29,SCR,0.3368421052631579,0.531578947368421,95550000000.0,0.03058202079636824,-0.01207464324917673,0.21621621621621623
41,2025-08-29,SFG,0.4631578947368421,0.2368421052631579,78700400.0,0.02094731928163818,-0.03653846153846152,0.024539877300613577
41,2025-08-29,SFI,0.6,0.4052631578947369,176120600.0,0.019729976639847706,0.031197301854974713,-0.011317704122877914
41,2025-08-29,SGN,0.7684210526315789,0.2947368421052632,2298000000.0,0.01066654023139391,-0.014906832298136719,0.018462032428961273
41,2025-08-29,SHA,0.9894736842105263,0.531578947368421,159500000.0,0.009896786408688778,0.056847545219638196,0.059585492227979264
41,2025-08-29,SKG,0.7052631578947368,0.4736842105263158,5277500000.0,0.018746262512255547,0.01819923371647514,0.04215686274509811
41,2025-08-29,SPM,0.6631578947368421,0.5210526315789473,49928300.0,0.020750827141526377,0.05078125,0.055937193326790924
41,2025-08-29,SRF,0.10526315789473684,0.11052631578947367,47798700.0,0.007707432900674815,-0.042986425339366474,-0.06208425720620847
41,2025-08-29,ST8,0.29473684210526313,0.30000000000000004,2987500000.0,0.019577088565136708,-0.026239067055393583,0.032457496136012454
41,2025-08-29,STB,0.11578947368421053,0.8578947368421053,846283500000.0,0.028519599581651914,0.1255060728744939,0.3317365269461079
41,2025-08-29,TDC,0.7368421052631579,0.5210526315789474,27286500000.0,0.03462321984837267,0.012142237640936582,0.09065420560747661
41,2025-08-29,TDG,0.45263157894736844,0.4105263157894737,407000000.0,0.018825575128694646,-0.0029239766081871066,0.06896551724137923
41,2025-08-29,TLG,0.49473684210526314,0.368421052631579,11752834393.60971,0.010673750081951705,0.007601935038009655,0.011563367252543921
41,2025-08-29,TMT,0.2,0.16842105263157894,415437500.0,0.012914778644832214,-0.11481481481481481,0.030172413793103425
41,2025-08-29,TNI,0.6210526315789474,0.968421052631579,1227649000.0,0.018041678686014955,0.34926470588235303,0.6457399103139014
41,2025-08-29,TNT,0.010526315789473684,0.9631578947368421,2385380000.0,0.04954217855263749,0.28244274809160297,0.6666666666666667
41,2025-08-29,TRC,0.23157894736842105,0.668421052631579,13319647480.225988,0.02242111750962538,0.09920954992740771,0.11339869281045756
41,2025-08-29,TTA,0.17894736842105263,0.631578947368421,13778677328.506786,0.02765621101752344,0.05950266429840134,0.12124060150375948
41,2025-08-29,TTF,0.7578947368421053,0.7105263157894737,10817206250.0,0.03449183616205187,0.04347826086956519,0.23809523809523814
41,2025-08-29,TVT,0.9789473684210527,0.3315789473684211,71519600.0,0.011351863578200515,0.006311360448807868,-0.0013917884481559062
41,2025-08-29,VCB,0.5368421052631579,0.8,771898979396.8567,0.020602604136727713,0.13963281118409965,0.22284474968371581
41,2025-08-29,VCF,0.1368421052631579,0.34736842105263155,389577981.7738609,0.025105043021508528,-0.03310306133183716,0.09014351796939857
41,2025-08-29,VGC,0.8315789473684211,0.831578947368421,166536843952.8447,0.03653820097245573,0.08343242172017429,0.334716796875
41,2025-08-29,VID,0.8526315789473684,0.26842105263157895,125616500.0,0.012935921587687032,-0.062962962962963,0.07430997876857748
41,2025-08-29,VJC,0.25263157894736843,0.9473684210526315,354805649600.0,0.03207542649214481,0.21435594886922327,0.605517839087101
41,2025-08-29,VMD,0.9157894736842105,0.32894736842105265,146124000.0,0.00899648574355919,0.0029761904761904656,0.0
41,2025-08-29,VNG,0.28421052631578947,0.16842105263157894,100653750.0,0.017567893679227675,-0.0330788804071247,-0.03797468354430378
41,2025-08-29,VOS,0.5473684210526316,0.3263157894736842,64675382974.77694,0.0317330755808167,-0.028334485141672472,0.0635400907715582
41,2025-08-29,VPD,0.9473684210526315,0.3315789473684211,441653467.1814672,0.004150048900501488,-0.0059931506849315586,0.01976284584980248
41,2025-08-29,VPH,0.5157894736842106,0.48421052631578954,1657016666.6666665,0.014528051197461332,0.0019762845849802257,0.10217391304347823
41,2025-08-29,VPI,0.6736842105263158,0.6421052631578947,125249540000.0,0.01957800631288702,0.07547169811320753,0.11764705882352944
41,2025-08-29,VPS,0.5052631578947369,0.8578947368421053,98070093.06930694,0.01937668224234125,0.19789227166276357,0.2598522167487687
41,2025-08-29,VRC,0.07368421052631578,0.7842105263157895,2613637250.0,0.03907645196573467,0.1450381679389312,0.19047619047619047
41,2025-08-29,VRE,0.37894736842105264,0.6684210526315789,218875594641.14835,0.022483541641349105,0.06841339155749626,0.14732317311449794
41,2025-08-29,VTO,0.12631578947368421,0.12105263157894737,10216813736.098852,0.012576627829701429,-0.04655172413793107,-0.04325259515570934
42,2025-10-01,AAM,0.8865979381443299,0.3350515463917526,106000000.0,0.013665315019280474,-0.027142857142857135,-0.013043478260869601
42,2025-10-01,ASM,0.12371134020618557,0.8144329896907216,15759000000.0,0.02171551527429917,0.09054593874833539,0.2026431718061672
42,2025-10-01,ASP,0.5257731958762887,0.10309278350515463,157000000.0,0.009482047463745598,-0.07647058823529407,-0.12126865671641796
42,2025-10-01,AST,0.44329896907216493,0.7474226804123711,606500000.0,0.01588854165343357,0.05421903052064625,0.12146676852559213
42,2025-10-01,BKG,0.6185567010309279,0.7371134020618557,1124500000.0,0.02671544138791764,0.04983388704318936,0.12056737588652489
42,2025-10-01,BMP,0.25773195876288657,0.34536082474226804,14402000000.0,0.016334354154938578,-0.05134881029869098,0.027736425605265236
42,2025-10-01,BTP,0.5360824742268041,0.31443298969072164,293000000.0,0.009331885181037086,-0.009398496240601517,-0.0913793103448276
42,2025-10-01,BWE,0.9484536082474226,0.5876288659793815,11028000000.0,0.011241075040854148,0.02447708055184683,0.01790846783108546
42,2025-10-01,CCI,0.7835051546391752,0.5463917525773196,58972300.0,0.03949139239797772,-0.016290068313189687,0.09601873536299776
42,2025-10-01,CCL,0.6391752577319587,0.30412371134020616,1691000000.0,0.009690775606995458,-0.03389830508474578,-0.015698587127158548
42,2025-10-01,CIG,0.3402061855670103,0.25257731958762886,1306500000.0,0.025451605305903974,-0.10050251256281406,0.03948896631823451
42,2025-10-01,CLC,0.4845360824742268,0.6185567010309279,181500000.0,0.018435685763380404,0.021817411565346223,0.05650459921156381
42,2025-10-01,CLL,0.7216494845360825,0.28350515463917525,2883500000.0,0.01175929783252186,-0.049098196392785565,-0.011458333333333348
42,2025-10-01,CSM,0.4020618556701031,0.32989690721649484,23717500000.0,0.035385341292984734,-0.08280254777070062,0.07462686567164178
42,2025-10-01,CTI,0.24742268041237114,0.5670103092783505,29296000000.0,0.01914925629528879,0.022026431718061623,0.009573542210618013
42,2025-10-01,DAH,0.41237113402061853,0.8144329896907216,3139500000.0,0.025226027508288736,0.06299212598425208,0.21621621621621623
42,2025-10-01,DCL,0.7319587628865979,0.8917525773195876,18389500000.0,0.024265603986132124,0.3443396226415094,0.24183006535947715
42,2025-10-01,DCM,0.28865979381443296,0.36597938144329895,105883500000.0,0.016744703723173757,-0.07708722325953588,0.08429959260419939
42,2025-10-01,DGW,0.14432989690721648,0.2268041237113402,88465500000.0,0.021545159215914506,-0.034892000949442226,-0.05463845617298302
42,2025-10-01,DHC,0.061855670103092786,0.845360824742268,18288500000.0,0.026781731121022643,0.09371594624046486,0.22998366013071903
42,2025-10-01,DLG,0.030927835051546393,0.2577319587628866,6302500000.0,0.0168809465157886,-0.08571428571428574,0.02491103202846978
42,2025-10-01,DMC,0.9690721649484536,0.4948453608247423,220500000.0,0.00906549943347783,-0.009111617312072884,0.00995024875621886
42,2025-10-01,DQC,0.32989690721649484,0.5257731958762886,113500000.0,0.015902954099024792,-0.009191176470588203,0.0455868089233753
42,2025-10-01,DSE,0.31958762886597936,0.4072164948453608,32718500000.0,0.02952137830501004,-0.10281014393420151,0.21654275092936803
42,2025-10-01,DSN,0.9175257731958762,0.4020618556701031,292500000.0,0.0021462246802559336,-0.00660954712362305,-0.03127238004296973
42,2025-10-01,DTA,0.4948453608247423,0.34536082474226804,324000000.0,0.020956631112571695,-0.05183585313174943,0.030516431924882736
42,2025-10-01,DTL,0.9381443298969072,0.9329896907216495,672615000.0,0.03821308043908009,0.17391304347826098,0.3500000000000001
42,2025-10-01,DXV,0.7525773195876289,0.3865979381443299,37427250.0,0.0216130352343961,-0.02051282051282055,-0.007792207792207795
42,2025-10-01,EIB,0.6701030927835051,0.31443298969072164,264640000000.0,0.023703494002452176,-0.1291390728476821,0.11205073995771664
42,2025-10-01,GVR,0.7422680412371134,0.18556701030927836,66444500000.0,0.014537681897677276,-0.049498096227068245,-0.06375724514149339
42,2025-10-01,HAG,0.18556701030927836,0.8092783505154639,163599500000.0,0.022581512228488837,0.030487804878048808,0.24723247232472323
42,2025-10-01,HAR,0.17525773195876287,0.5257731958762887,4082500000.0,0.022406393129018716,-0.09523809523809523,0.4529411764705882
42,2025-10-01,HPX,0.26804123711340205,0.3711340206185567,11879500000.0,0.01542144968661332,-0.10157618213660247,0.1299559471365639
42,2025-10-01,HQC,0.30927835051546393,0.3711340206185567,21003500000.0,0.013903038873559698,-0.07161125319693096,0.0803571428571428
42,2025-10-01,HSG,0.8350515463917526,0.4793814432989691,212782500000.0,0.02415214362597304,-0.030564784053156102,0.09534534534534544
42,2025-10-01,HSL,1.0,0.49484536082474223,12064000000.0,0.04538170503770702,-0.3555555555555555,0.6292134831460674
42,2025-10-01,HTI,0.5876288659793815,0.845360824742268,3096000000.0,0.02377115217657149,0.04415332362930613,0.2801903628792386
42,2025-10-01,HTL,0.7938144329896907,0.3969072164948454,28863300.0,0.004946427883136215,0.009220452640402277,-0.0410195141377937
42,2025-10-01,HTV,0.6907216494845361,0.520618556701031,157932750.0,0.01858230138000504,-0.08267716535433067,0.32386363636363646
42,2025-10-01,ICT,0.23711340206185566,0.9587628865979381,2683500000.0,0.040546583413889864,0.35326953748006384,0.4467178175618074
42,2025-10-01,ITC,0.05154639175257732,0.20618556701030927,3648500000.0,0.018894991522824183,-0.08333333333333337,-0.006688963210702337
42,2025-10-01,JVC,0.09278350515463918,0.9742268041237114,7386500000.0,0.04208658168628698,0.4434782608695653,0.5660377358490567
42,2025-10-01,KMR,0.9072164948453608,0.4252577319587629,87730250.0,0.003945659800774522,-0.016129032258064502,0.0
42,2025-10-01,LDG,0.020618556701030927,0.6391752577319587,19898500000.0,0.02794988468851741,-0.026974951830443183,0.2752525252525253
42,2025-10-01,LGL,0.1958762886597938,0.8247422680412371,2268000000.0,0.025841574446216497,0.16704805491990848,0.14093959731543615
42,2025-10-01,MHC,0.2268041237113402,0.7525773195876289,5120500000.0,0.022711752557829125,-0.01726726726726724,0.7178477690288714
42,2025-10-01,NAF,0.3711340206185567,0.8298969072164948,19818500000.0,0.004747534042862048,0.015218126479540128,0.36268724466636404
42,2025-10-01,NBB,0.4742268041237113,0.35567010309278346,3981500000.0,0.02640432385430915,-0.0226757369614512,-0.013729977116704761
42,2025-10-01,NCT,0.5773195876288659,0.27835051546391754,1117000000.0,0.0040239971792885975,-0.025198938992042397,-0.050898525772086534
42,2025-10-01,OGC,0.5463917525773195,0.24742268041237114,3069500000.0,0.019603961840650105,-0.1244897959183674,0.0488997555012225
42,2025-10-01,PAN,0.29896907216494845,0.4020618556701031,51985000000.0,0.026302516388502305,-0.08213870592793493,0.12274881516587688
42,2025-10-01,PET,0.041237113402061855,0.44329896907216493,48398500000.0,0.026539151894819177,-0.09544658493870406,0.23343283582089547
42,2025-10-01,PGC,0.9587628865979382,0.4587628865979382,408000000.0,0.0044341124683188165,-0.003968253968253954,-0.007905138339920903
42,2025-10-01,PHR,0.5979381443298969,0.40206185567010305,14668500000.0,0.01353909774914663,0.01073345259391778,-0.042697390715011885
42,2025-10-01,PIT,0.3917525773195876,0.19072164948453607,13222750.0,0.02029855104464193,-0.03731343283582089,-0.10416666666666663
42,2025-10-01,PTL,0.21649484536082475,0.7577319587628866,328500000.0,0.02685447996134289,0.032352941176470695,0.17391304347826098
42,2025-10-01,PVD,0.8144329896907216,0.654639175257732,183586500000.0,0.018403762696142967,0.010861132660977546,0.11177474402730381
42,2025-10-01,QCG,0.07216494845360824,0.768041237113402,24134500000.0,0.029707911786162958,0.01384083044982698,0.24152542372881358
42,2025-10-01,QNP,0.5154639175257731,0.34536082474226804,83294850.0,0.01936481841617063,-0.015994668443852,-0.03433616742969259
42,2025-10-01,SC5,0.6082474226804123,0.29896907216494845,44831000.0,0.02954870592763826,-0.026946107784431184,-0.03273809523809523
42,2025-10-01,SCR,0.10309278350515463,0.8350515463917525,85229000000.0,0.031237492600589778,0.034519956850054045,0.2786666666666666
42,2025-10-01,SFG,0.865979381443299,0.5360824742268041,35361250.0,0.01595632668301777,0.00994035785288272,0.013972055888223478
42,2025-10-01,SFI,0.4536082474226804,0.28865979381443296,107000000.0,0.007239786162871895,-0.026272577996715896,-0.037728194726166286
42,2025-10-01,SGN,0.711340206185567,0.35567010309278346,1238500000.0,0.0039744187290038915,-0.028584817244610927,-0.004641485275288071
42,2025-10-01,SHA,0.9896907216494846,0.6134020618556701,64392200.0,0.00706652798231056,0.012195121951219523,0.06958762886597936
42,2025-10-01,SKG,0.38144329896907214,0.422680412371134,1850500000.0,0.007709625539067713,-0.031190926275992403,0.04805725971370145
42,2025-10-01,SPM,0.6804123711340206,0.3247422680412371,21428400.0,0.022867120828103913,-0.022304832713754608,-0.03130755064456725
42,2025-10-01,SRF,0.35051546391752575,0.3247422680412371,97748100.0,0.01395672902001521,-0.009478672985781977,-0.06382978723404253
42,2025-10-01,ST8,0.8762886597938144,0.3402061855670103,1438500000.0,0.010718706306259415,-0.04486251808972508,0.0060975609756097615
42,2025-10-01,STB,0.15463917525773196,0.8505154639175259,492047500000.0,0.019132819897203238,0.06216696269982247,0.25762355415352256
42,2025-10-01,TCR,0.4329896907216495,0.5412371134020618,12092800.0,0.013896371572510736,0.016949152542372836,0.0033444816053511683
42,2025-10-01,TDC,0.422680412371134,0.5,10281000000.0,0.024681850362545225,-0.04578904333605882,0.12971926427879965
42,2025-10-01,TDG,0.6288659793814433,0.22164948453608246,211000000.0,0.012609994804048168,-0.061764705882352944,-0.018461538461538418
42,2025-10-01,TLG,0.20618556701030927,0.35567010309278346,11385000000.0,0.02172071863519156,-0.011133377866844762,-0.03456521739130436
42,2025-10-01,TMT,0.4639175257731959,0.041237113402061855,94000000.0,0.015858766391712232,-0.11020408163265305,-0.08403361344537819
42,2025-10-01,TNC,0.08247422680412371,0.8092783505154639,58500000.0,0.032186493836176375,0.10553633217993075,0.1370106761565837
42,2025-10-01,TNI,0.010309278350515464,1.0,4018000000.0,0.046463271675537626,0.6806282722513088,1.6749999999999998
42,2025-10-01,TNT,0.13402061855670103,0.6443298969072164,1596500000.0,0.019702345708031702,-0.04761904761904767,0.593625498007968
42,2025-10-01,TRC,0.8041237113402062,0.6185567010309279,6497500000.0,0.014076604863803455,-0.0014654161781946229,0.10330310880829008
42,2025-10-01,TTA,0.845360824742268,0.6701030927835052,4459500000.0,0.007286676616572678,-0.011281224818694646,0.2294589178356714
42,2025-10-01,TTF,0.27835051546391754,0.3015463917525773,5577000000.0,0.025093138202694744,-0.05063291139240511,0.0
42,2025-10-01,TVT,0.7628865979381443,0.6752577319587629,83427750.0,0.015014486512999727,0.04738675958188154,0.07127583749109045
42,2025-10-01,VCB,0.8556701030927835,0.35051546391752575,386665000000.0,0.013264021318467517,-0.06870460048426152,0.06470588235294117
42,2025-10-01,VCF,0.6597938144329897,0.8041237113402062,975500000.0,0.034468679343018276,0.0811667723525682,0.19156701351141492
42,2025-10-01,VGC,0.36082474226804123,0.5257731958762887,59602000000.0,0.023219862711596963,-0.07763134139736416,0.2810932798395185
42,2025-10-01,VID,0.9278350515463918,0.5721649484536082,41179900.0,0.010627526413983856,-0.01526717557251911,0.10967741935483866
42,2025-10-01,VJC,0.8247422680412371,0.5051546391752577,278249000000.0,0.0137800079538802,-0.09851675517304526,0.42221580239780443
42,2025-10-01,VMD,0.5670103092783505,0.7989690721649485,377669500.0,0.0218744144410409,0.1517857142857142,0.125
42,2025-10-01,VNG,0.5051546391752577,0.35051546391752575,34230500.0,0.02040688018183062,-0.019607843137254943,-0.025974025974025983
42,2025-10-01,VOS,0.1134020618556701,0.20618556701030927,21703500000.0,0.016774028951523183,-0.0668044077134986,-0.02936962750716332
42,2025-10-01,VPD,0.979381443298969,0.5103092783505154,327000000.0,0.0034558312378706975,0.0,0.009565217391304337
42,2025-10-01,VPH,0.6494845360824743,0.23195876288659795,548000000.0,0.012706677852989075,-0.05836575875486383,-0.016260162601625994
42,2025-10-01,VPI,0.7731958762886598,0.5670103092783505,129952500000.0,0.019245302004674204,-0.005281690140845119,0.06805293005671076
42,2025-10-01,VPS,0.8969072164948454,0.4536082474226804,307500000.0,0.0407694772798753,-0.07769652650822667,0.2069377990430623
42,2025-10-01,VRC,0.5567010309278351,0.4381443298969072,249500000.0,0.01846500117071177,-0.05685618729096986,0.11904761904761907
42,2025-10-01,VRE,0.16494845360824742,0.902061855670103,163914500000.0,0.02156666868555559,0.09958791208791218,0.3000406008932197
42,2025-10-01,VTO,0.7010309278350515,0.20103092783505153,3239000000.0,0.008236873716134388,-0.04039497307001794,-0.07124239791485665
43,2025-10-31,AAM,0.8041237113402062,0.5154639175257731,27602150.0,0.011659966741560342,0.0,-0.04142857142857148
43,2025-10-31,ASM,0.5979381443298969,0.18556701030927833,7159000000.0,0.020741261999311165,-0.09431524547803616,-0.08246073298429324
43,2025-10-31,ASP,0.18556701030927836,0.4793814432989691,150000000.0,0.01844047163465699,0.014925373134328401,-0.10018903591682415
43,2025-10-31,AST,0.2268041237113402,0.8814432989690721,710500000.0,0.022183347571070055,0.04755434782608692,0.1399002032895953
43,2025-10-31,BKG,0.3402061855670103,0.31958762886597936,506000000.0,0.022949338826652784,-0.06129032258064515,-0.03960396039603964
43,2025-10-31,BMP,0.20618556701030927,0.9484536082474226,24438500000.0,0.03324519642326412,0.20567597068454702,0.2048305414881184
43,2025-10-31,BTP,0.27835051546391754,0.14948453608247422,302000000.0,0.01217239659775675,-0.07375478927203061,-0.11930783242258647
43,2025-10-31,BWE,0.9278350515463918,0.6417525773195876,6291500000.0,0.012644168596613752,0.003012696363245082,0.0
43,2025-10-31,CCI,0.5670103092783505,0.8144329896907216,59190700.0,0.044363672410114005,0.024572649572649485,0.1125290023201857
43,2025-10-31,CCL,0.5360824742268041,0.11855670103092783,1185000000.0,0.01915468615045279,-0.07580645161290323,-0.14477611940298507
43,2025-10-31,CIG,0.8247422680412371,0.6185567010309279,1250000000.0,0.012107570784730537,-0.0021762785636560977,0.00658616904500553
43,2025-10-31,CLC,0.6907216494845361,0.7628865979381443,153500000.0,0.022978761474608995,0.019583070120025248,0.03174941402088227
43,2025-10-31,CLL,0.7628865979381443,0.5309278350515464,640500000.0,0.004595990612430605,-0.004948745139625288,-0.02964495001723544
43,2025-10-31,CSM,0.6082474226804123,0.5412371134020618,8461000000.0,0.021847782691025653,-0.04081632653061229,0.07633587786259532
43,2025-10-31,CTI,0.4742268041237113,0.17525773195876287,22289000000.0,0.02247002474576888,-0.05793896505970808,-0.12812116250511663
43,2025-10-31,DAH,0.6597938144329897,0.4896907216494846,847000000.0,0.01093277833070868,-0.06483790523690769,0.08069164265129691
43,2025-10-31,DCL,0.05154639175257732,0.979381443298969,33416500000.0,0.03383010741745617,0.17678571428571432,0.504566210045662
43,2025-10-31,DCM,0.5876288659793815,0.44329896907216493,108911000000.0,0.02526274231487795,0.0027272727272726893,-0.09093406593406594
43,2025-10-31,DGW,0.6701030927835051,0.3247422680412371,61823500000.0,0.02513226478064116,-0.0035851472471191137,-0.1467105263157895
43,2025-10-31,DHC,0.35051546391752575,0.8402061855670103,8940000000.0,0.02174000315868731,0.024782317481580662,0.13082039911308208
43,2025-10-31,DLG,0.28865979381443296,0.36082474226804123,4885000000.0,0.03594659597730852,0.0,-0.14329268292682928
43,2025-10-31,DMC,0.9175257731958762,0.5515463917525774,122500000.0,0.010291157154002084,-0.00990099009900991,-0.0034877927254608476
43,2025-10-31,DQC,0.44329896907216493,0.1958762886597938,72500000.0,0.02456567859515566,-0.05332086061739949,-0.12
43,2025-10-31,DSE,0.7938144329896907,0.29896907216494845,25606500000.0,0.027420367026479073,-0.1283339775802087,-0.013560804899387602
43,2025-10-31,DSN,0.845360824742268,0.5360824742268041,205500000.0,0.005374147048422593,-0.008893280632411016,-0.02217889349256641
43,2025-10-31,DTA,0.36082474226804123,0.25257731958762886,90000000.0,0.01576259636501375,-0.059225512528473856,-0.07606263982102912
43,2025-10-31,DTL,0.29896907216494845,0.9175257731958764,414500000.0,0.021149316526575628,0.0620155038759691,0.2863849765258215
43,2025-10-31,DXV,0.6391752577319587,0.4175257731958763,137289600.0,0.04058266720574736,-0.013157894736842146,-0.055415617128463435
43,2025-10-31,EIB,0.9484536082474226,0.02577319587628866,219975000000.0,0.02452921333501904,-0.12103174603174605,-0.19160583941605835
43,2025-10-31,GVR,0.23711340206185566,0.711340206185567,75978500000.0,0.02454490463688689,0.08814589665653494,-0.039570757880617036
43,2025-10-31,HAG,0.1958762886597938,0.845360824742268,213599000000.0,0.026484785100176624,0.036363636363636376,0.125
43,2025-10-31,HAR,0.3917525773195876,0.05154639175257732,2096500000.0,0.029757685303538894,-0.09656652360515017,-0.1761252446183953
43,2025-10-31,HPX,0.7216494845360825,0.44845360824742264,8190500000.0,0.0258033274324896,-0.008080808080808133,-0.05212355212355213
43,2025-10-31,HQC,0.8556701030927835,0.12371134020618557,14253500000.0,0.02483208307656261,-0.061046511627906974,-0.16321243523316065
43,2025-10-31,HSG,0.8762886597938144,0.15979381443298968,98283500000.0,0.022270422202729324,-0.07215007215007219,-0.11615120274914092
43,2025-10-31,HSL,0.061855670103092786,0.5103092783505154,7046000000.0,0.047888818443207956,-0.004830917874396157,-0.03738317757009346
43,2025-10-31,HTI,0.31958762886597936,0.8041237113402062,2665500000.0,0.01725989973946438,0.032547169811320664,0.05291005291005302
43,2025-10-31,HTL,0.422680412371134,0.5515463917525774,42619950.0,0.01816817880919603,-0.002079866888519133,-0.030707070707070683
43,2025-10-31,ICT,0.4536082474226804,0.7835051546391752,1973500000.0,0.02151782026639696,0.0023571007660576626,0.3414826498422714
43,2025-10-31,ITC,0.6804123711340206,0.40206185567010305,3379000000.0,0.027193704288130702,0.014285714285714235,-0.14970059880239517
43,2025-10-31,JVC,0.13402061855670103,0.9381443298969072,3230000000.0,0.02872649914337992,0.06380208333333326,0.35041322314049594
43,2025-10-31,KMR,0.7525773195876289,0.41237113402061853,45240700.0,0.006012799419192322,-0.019607843137254943,-0.05063291139240511
43,2025-10-31,LDG,0.030927835051546393,0.5154639175257731,10710500000.0,0.039580229932293765,0.0042283298097252064,-0.06679764243614927
43,2025-10-31,LGL,0.38144329896907214,0.5773195876288659,886500000.0,0.024785797768427254,-0.03688524590163933,0.11904761904761907
43,2025-10-31,MHC,0.08247422680412371,0.8865979381443299,4574000000.0,0.03241945218891647,0.05374592833876224,0.13808267370272653
43,2025-10-31,NAF,0.21649484536082475,0.9536082474226804,22160000000.0,0.008439122385913229,0.08675373134328357,0.37869822485207094
43,2025-10-31,NBB,0.7422680412371134,0.07731958762886598,3731000000.0,0.02208538800701093,-0.07619047619047614,-0.1727078891257996
43,2025-10-31,NCT,0.9587628865979382,0.7989690721649485,1926500000.0,0.010364486500481575,0.06338748154038387,0.011016308456636814
43,2025-10-31,NVT,0.41237113402061853,0.6288659793814433,25285950.0,0.018175214845471063,0.010230179028132946,-0.024691358024691357
43,2025-10-31,OGC,0.711340206185567,0.21649484536082472,1944500000.0,0.021945654813675105,-0.050602409638554224,-0.11460674157303374
43,2025-10-31,PAN,0.1134020618556701,0.31443298969072164,30322500000.0,0.019465741206554383,-0.02518579686209743,-0.08912037037037035
43,2025-10-31,PET,0.10309278350515463,0.3247422680412371,52094500000.0,0.029266021908897415,-0.01483253588516742,-0.11288237828522185
43,2025-10-31,PGC,0.8865979381443299,0.4381443298969072,311000000.0,0.010995720634396685,-0.024701195219123506,-0.03546099290780147
43,2025-10-31,PHR,0.25773195876288657,0.5463917525773196,11194500000.0,0.02370066150182159,0.01821493624772308,-0.0697287402229988
43,2025-10-31,PIT,0.4845360824742268,0.3041237113402062,12069750.0,0.02167633747442874,-0.023255813953488413,-0.1063829787234043
43,2025-10-31,PTL,0.14432989690721648,0.20618556701030927,146000000.0,0.024662071999019732,-0.10632183908045978,-0.06325301204819278
43,2025-10-31,PVD,0.15463917525773196,0.7938144329896907,89381000000.0,0.026835819868315923,0.04093097913322641,0.02936507936507926
43,2025-10-31,QCG,0.5154639175257731,0.3350515463917526,11372500000.0,0.023107363775385196,-0.0535714285714286,-0.03985507246376807
43,2025-10-31,QNP,0.9072164948453608,0.6237113402061856,94500000.0,0.009805932159398161,0.0033863867253640656,-0.009692513368983913
43,2025-10-31,SC5,0.4948453608247423,0.5154639175257731,36663000.0,0.029838105538641503,-0.012121212121212088,-0.0239520958083832
43,2025-10-31,SCR,0.17525773195876287,0.36082474226804123,69966000000.0,0.032166486970105095,-0.023569023569023573,-0.06951871657754005
43,2025-10-31,SFG,0.16494845360824742,0.6030927835051546,89652150.0,0.021469533287498625,0.004921259842519676,-0.03130929791271342
43,2025-10-31,SFI,0.8969072164948454,0.7577319587628866,62241750.0,0.012919615757609955,0.025402201524132195,0.021079258010118007
43,2025-10-31,SGN,0.7319587628865979,0.4896907216494845,809500000.0,0.009410003754222435,-0.0032206119162641045,-0.04739919975377049
43,2025-10-31,SHA,0.979381443298969,0.5824742268041236,49000000.0,0.009225220196738158,-0.016826923076923128,0.027638190954773822
43,2025-10-31,SKG,0.5567010309278351,0.35051546391752575,888000000.0,0.013340666547154944,-0.01896207584830334,-0.08727948003714026
43,2025-10-31,SPM,0.26804123711340205,0.4329896907216495,11557850.0,0.023433489830357514,-0.04878048780487809,-0.004906771344455385
43,2025-10-31,SRC,0.020618556701030927,0.8041237113402062,211500000.0,0.015022735567135926,0.0,0.8830784410458805
43,2025-10-31,SRF,0.30927835051546393,0.2268041237113402,45201700.0,0.021822174814441972,-0.0540216086434574,-0.09839816933638446
43,2025-10-31,ST8,0.4020618556701031,0.10309278350515463,967000000.0,0.019453278473855203,-0.07582938388625593,-0.14723032069970843
43,2025-10-31,STB,0.7731958762886598,0.5309278350515464,432166000000.0,0.02468980433429276,-0.02631578947368418,0.025878003696857776
43,2025-10-31,TCR,0.4329896907216495,0.22164948453608246,12396400.0,0.03170566986749829,-0.09090909090909094,-0.06666666666666665
43,2025-10-31,TDC,0.6185567010309279,0.36082474226804123,4984500000.0,0.015270121223115767,-0.03583916083916083,-0.05159071367153911
43,2025-10-31,TDG,0.041237113402061855,0.365979381443299,171000000.0,0.029816807078688914,-0.009404388714733591,-0.0971428571428572
43,2025-10-31,TLG,0.8350515463917526,0.6907216494845361,8189000000.0,0.012130619675402268,0.0035955056179775013,0.026666666666666616
43,2025-10-31,TMT,0.4639175257731959,0.03608247422680413,77500000.0,0.019422606143022672,-0.10094339622641513,-0.2834586466165413
43,2025-10-31,TNC,0.12371134020618557,0.7164948453608246,50600500.0,0.04627003786932801,0.051724137931034475,-0.02400000000000002
43,2025-10-31,TNI,0.010309278350515464,0.5,4276500000.0,0.059495947662013285,-0.2222222222222222,0.8551236749116609
43,2025-10-31,TNT,0.09278350515463918,0.9278350515463918,1057000000.0,0.017725153877261556,0.07466666666666688,0.22121212121212142
43,2025-10-31,TRC,0.07216494845360824,0.9329896907216495,6220000000.0,0.02313994573930901,0.1080402010050252,0.20009604610212905
43,2025-10-31,TTA,0.6288659793814433,0.38659793814432986,2104500000.0,0.016855612545721165,-0.06503378378378377,-0.004496402877697814
43,2025-10-31,TTF,0.5463917525773195,0.23195876288659795,2086500000.0,0.02072436086821838,-0.046052631578947345,-0.11314984709480125
43,2025-10-31,TVT,0.9690721649484536,0.7474226804123711,76947100.0,0.012426073453103587,0.0059880239520957446,0.06030855539971958
43,2025-10-31,VCB,0.7835051546391752,0.41237113402061853,334178000000.0,0.015829483581325812,-0.034122448979591824,-0.037109375
43,2025-10-31,VCF,0.5773195876288659,0.7216494845360825,340000000.0,0.019935715385273684,0.024285714285714244,0.00571588876810325
43,2025-10-31,VGC,0.8144329896907216,0.05154639175257732,69995000000.0,0.026192025019493147,-0.1111578062618197,-0.15416916616676668
43,2025-10-31,VID,0.9381443298969072,0.6932989690721649,22121150.0,0.012650243136775886,0.015686274509803866,0.0
43,2025-10-31,VJC,0.865979381443299,0.9845360824742269,486934000000.0,0.03540003179483785,0.4462095314699377,0.449707720217698
43,2025-10-31,VNG,0.3711340206185567,0.28865979381443296,75154000.0,0.018258683662379236,-0.040000000000000036,-0.08396946564885499
43,2025-10-31,VOS,0.5257731958762887,0.36082474226804123,12212500000.0,0.022125816515179024,-0.02238805970149249,-0.0742049469964664
43,2025-10-31,VPD,0.9896907216494846,0.6752577319587629,242117000.0,0.007173036116806459,0.003829787234042481,0.009845890410958846
43,2025-10-31,VPH,0.32989690721649484,0.1134020618556701,534500000.0,0.02618562746602315,-0.07756813417190778,-0.140625
43,2025-10-31,VPI,0.6494845360824743,0.6391752577319587,117218000000.0,0.022972551868444525,-0.005328596802841923,0.04477611940298498
43,2025-10-31,VPS,0.24742268041237114,0.6030927835051546,1124000000.0,0.046143516314141646,-0.03346855983772823,0.1264775413711583
43,2025-10-31,VRC,0.5051546391752577,0.5360824742268041,237000000.0,0.021284992472844776,-0.039145907473309594,0.04651162790697683
43,2025-10-31,VRE,1.0,0.788659793814433,688377500000.0,0.04304368994158574,0.016756244072083426,0.10629514963880293
43,2025-10-31,VTO,0.7010309278350515,0.654639175257732,3712500000.0,0.013475295796631967,0.043233082706766846,-0.03979238754325265
