date,ticker,raw_open,raw_high,raw_low,raw_close,source_adjusted_close,volume,trading_value,source,source_url,fetched_at,available_at,raw_checksum,parser_version,data_class,security_id,adjustment_policy,price_return,source_adjusted_return,total_return,adjustment_known_at,adjustment_source,research_adjusted_close,research_adjusted_open,research_adjusted_high,research_adjusted_low,adjustment_factor,adjustment_version,research_adjustment_status,matched_verified_event
2020-09-15,AAA,10562.7705078125,10735.9306640625,10562.7705078125,10692.640625,9534.87109375,3083642.0,32972275722.15625,finance_datareader_yahoo_hose,https://github.com/FinanceData/FinanceDataReader,2026-07-30T05:41:53.600193+00:00,2020-09-16,86cfefe71ec9be143ccf6cf77bb2d691fad3aa2d4739922db9d9dc6f40adb1f2,finance-datareader-yahoo-hose-v2-business-day,real,VN000000AAA4,,-0.019841268065114437,0.02066105983203337,-0.019841268065114437,,no_event_raw_close,11182.719990967438,11046.897493360404,11227.994156836448,11046.897493360404,1.0458333337063255,corporate-actions-v2,blocked_unresolved_material_event,False
2021-09-02,AAA,16000.0,16400.0,16000.0,16200.0,14907.8408203125,10066400.0,163075680000.0,finance_datareader_yahoo_hose,https://github.com/FinanceData/FinanceDataReader,2026-07-30T05:41:53.600193+00:00,2021-09-03,86cfefe71ec9be143ccf6cf77bb2d691fad3aa2d4739922db9d9dc6f40adb1f2,finance-datareader-yahoo-hose-v2-business-day,real,VN000000AAA4,,0.003943684065662145,0.03604648463857152,0.003943684065662145,,no_event_raw_close,17467.478891022383,17251.8310034789,17683.12677856587,17251.8310034789,1.0782394377174311,corporate-actions-v2,blocked_unresolved_material_event,False
2025-06-02,AAA,7630.0,7630.0,7480.0,7550.0,7234.10009765625,2235200.0,16875760000.0,finance_datareader_yahoo_hose,https://github.com/FinanceData/FinanceDataReader,2026-07-30T05:41:53.600193+00:00,2025-06-03,4a17f1101a856001f97bc91727980b5acc9c877620bfaeff22620a2cf3374292,finance-datareader-yahoo-hose-v2-business-day,real,VN000000AAA4,,-0.00395778364116095,0.037087870356849795,-0.00395778364116095,,no_event_raw_close,8462.899354559473,8552.572460303149,8552.572460303149,8384.435387033756,1.1209138217959567,corporate-actions-v2,blocked_unresolved_material_event,False
2020-02-27,AAM,11000.0,12000.0,11000.0,12000.0,11285.1064453125,30.0,360000.0,finance_datareader_yahoo_hose,https://github.com/FinanceData/FinanceDataReader,2026-07-30T05:57:14.737500+00:00,2020-02-28,52864ccf9bf667c950a571eb36608b8426df4b48cd724f3a757b9086c20b1d34,finance-datareader-yahoo-hose-v2-business-day,real,VN000000AAM9,,0.02127659574468077,0.06666668512757679,0.02127659574468077,,no_event_raw_close,12510.63829787234,11468.085106382978,12510.638297872338,11468.085106382978,1.0425531914893615,corporate-actions-v2,candidate_no_known_unresolved_event,False
2023-04-03,AAM,11600.0,11600.0,11000.0,11500.0,11500.0,7400.0,85100000.0,finance_datareader_yahoo_hose,https://github.com/FinanceData/FinanceDataReader,2026-07-30T05:57:14.737500+00:00,2023-04-04,23691bc47073ef7e8d91f415bc045aa1b21128c8084cc60e5df392152dd5679e,finance-datareader-yahoo-hose-v2-business-day,real,VN000000AAM9,,-0.021276595744680882,0.040723981900452566,-0.021276595744680882,,no_event_raw_close,12703.621548211877,12814.087822544154,12814.087822544154,12151.29017655049,1.1046627433227718,corporate-actions-v2,candidate_no_known_unresolved_event,False
2021-09-29,AAT,17210.03515625,17694.82421875,17088.837890625,17533.228515625,16165.8740234375,928856.0,16285844506.109375,finance_datareader_yahoo_hose,https://github.com/FinanceData/FinanceDataReader,2026-07-30T05:56:37.181000+00:00,2021-09-30,9a8e2899cf7260b47d68deadaddc856d1e58359071d68f6dd7a7dc34aabfe6ac,finance-datareader-yahoo-hose-v2-business-day,real,VN000000AAT4,,-0.00913237120229582,0.05021944157578195,-0.00913237120229582,,no_event_raw_close,17533.228515624996,17210.035156249996,17694.824218749996,17088.837890624996,0.9999999999999998,corporate-actions-v2,blocked_unresolved_material_event,False
2021-10-15,AAT,19149.193359375,19149.193359375,19149.193359375,19149.193359375,18527.466796875,0.0,0.0,finance_datareader_yahoo_hose,https://github.com/FinanceData/FinanceDataReader,2026-07-30T05:56:37.181000+00:00,2021-10-16,9a8e2899cf7260b47d68deadaddc856d1e58359071d68f6dd7a7dc34aabfe6ac,finance-datareader-yahoo-hose-v2-business-day,real,VN000000AAT4,,0.0,0.0493690221153662,0.0,,no_event_raw_close,22351.350595703127,22351.350595703127,22351.350595703127,22351.350595703127,1.1672215208355199,corporate-actions-v2,blocked_unresolved_material_event,False
2022-06-24,AAT,7495.49560546875,8198.1982421875,7495.49560546875,8198.1982421875,8198.1982421875,371628.0,3046680016.3476562,finance_datareader_yahoo_hose,https://github.com/FinanceData/FinanceDataReader,2026-07-30T05:56:37.181000+00:00,2022-06-25,9a8e2899cf7260b47d68deadaddc856d1e58359071d68f6dd7a7dc34aabfe6ac,finance-datareader-yahoo-hose-v2-business-day,real,VN000000AAT4,,-0.015151497376617029,0.017897140548522872,-0.015151497376617029,,no_event_raw_close,9913.974330464565,9064.205186492196,9913.974330464565,9064.205186492196,1.2092869722822475,corporate-actions-v2,blocked_unresolved_material_event,False
2024-05-17,ABR,14900.0,14900.0,13900.0,13900.0,10060.0224609375,23300.0,323870000.0,finance_datareader_yahoo_hose,https://github.com/FinanceData/FinanceDataReader,2026-07-30T05:56:20.935917+00:00,2024-05-18,72ff9ef8f1f3b14404ea93212cb49b0564f9fee22773e89f78ad1a3e8328761b,finance-datareader-yahoo-hose-v2-business-day,real,VN000000ABR6,,-0.1775147928994083,-0.06711414075846067,-0.1775147928994083,,no_event_raw_close,15544.9704142012,16663.313609467474,16663.313609467474,15544.970414201201,1.1183431952662735,corporate-actions-v2,blocked_unresolved_material_event,False
2025-04-29,ABR,13700.0,14200.0,13700.0,14200.0,11675.3974609375,20600.0,292520000.0,finance_datareader_yahoo_hose,https://github.com/FinanceData/FinanceDataReader,2026-07-30T05:56:20.935917+00:00,2025-04-30,72ff9ef8f1f3b14404ea93212cb49b0564f9fee22773e89f78ad1a3e8328761b,finance-datareader-yahoo-hose-v2-business-day,real,VN000000ABR6,,-0.14970059880239517,-0.03401359939608517,-0.14970059880239517,,no_event_raw_close,17782.326471317734,17156.18821528542,17782.326471317734,17156.18821528542,1.252276512064629,corporate-actions-v2,blocked_unresolved_material_event,False
2025-09-29,ABR,18300.0,18400.0,17750.0,18400.0,16973.64453125,16400.0,301760000.0,finance_datareader_yahoo_hose,https://github.com/FinanceData/FinanceDataReader,2026-07-30T05:56:20.935917+00:00,2025-09-30,cf1aad517ad9c8846627cd95d2d37403e143864bc9a33802beb5b93a065e27ac,finance-datareader-yahoo-hose-v2-business-day,real,VN000000ABR6,,0.0,0.12195118802419769,0.0,,no_event_raw_close,25546.44084611846,25407.601493693903,25546.44084611846,24643.98505535884,1.3883935242455685,corporate-actions-v2,blocked_unresolved_material_event,False
2021-03-29,ABS,42800.0,43500.0,42000.0,43500.0,40212.8046875,5000.0,217500000.0,finance_datareader_yahoo_hose,https://github.com/FinanceData/FinanceDataReader,2026-07-30T05:56:14.246316+00:00,2021-03-30,fa6abd3f611250510d26c7895ada82efec76b2eef573c1aa681292b37179a252,finance-datareader-yahoo-hose-v2-business-day,real,VN000000ABS4,,0.011627906976744207,0.02352944568620874,0.011627906976744207,,no_event_raw_close,54374.99999999994,53499.99999999994,54374.99999999994,52499.99999999994,1.2499999999999987,corporate-actions-v2,blocked_unresolved_material_event,False
2021-10-01,ABS,20500.0,21750.0,20500.0,20950.0,19841.53515625,897600.0,18804720000.0,finance_datareader_yahoo_hose,https://github.com/FinanceData/FinanceDataReader,2026-07-30T05:56:14.246316+00:00,2021-10-02,235312fd4fa1e04bd2a66a412cef792ac510662c3bb331cc1112a82607e9fe82,finance-datareader-yahoo-hose-v2-business-day,real,VN000000ABS4,,0.0023923444976077235,0.026960832133309465,0.0023923444976077235,,no_event_raw_close,26813.995215310955,26238.038277511914,27837.918660287032,26238.038277511914,1.2799043062200934,corporate-actions-v2,blocked_unresolved_material_event,False
2022-10-12,ABS,9300.0,9300.0,8350.0,8700.0,8700.0,326800.0,2843160000.0,finance_datareader_yahoo_hose,https://github.com/FinanceData/FinanceDataReader,2026-07-30T05:56:14.246316+00:00,2022-10-13,235312fd4fa1e04bd2a66a412cef792ac510662c3bb331cc1112a82607e9fe82,finance-datareader-yahoo-hose-v2-business-day,real,VN000000ABS4,,-0.07936507936507942,-0.027932960893854775,-0.07936507936507942,,no_event_raw_close,11724.329763803436,12532.90423027264,12532.90423027264,11252.661325029734,1.3476241107820042,corporate-actions-v2,blocked_unresolved_material_event,False
2020-03-20,ABT,32100.0,33000.0,32000.0,33000.0,24192.5234375,1130.0,37290000.0,finance_datareader_yahoo_hose,https://github.com/FinanceData/FinanceDataReader,2026-07-30T05:44:49.727676+00:00,2020-03-21,4ec9c9c8caa67f362050495d5b5673b28a0c894b174a87520a94975f0966c94a,finance-datareader-yahoo-hose-v2-business-day,real,VN000000ABT2,,-0.02941176470588236,8.073259327723292e-08,-0.02941176470588236,,no_event_raw_close,32999.99999999999,32099.999999999993,32999.99999999999,31999.999999999993,0.9999999999999998,corporate-actions-v2,blocked_unresolved_material_event,False
2021-01-25,ABT,32400.0,32400.0,32400.0,32400.0,24518.87109375,10.0,324000.0,finance_datareader_yahoo_hose,https://github.com/FinanceData/FinanceDataReader,2026-07-30T05:44:49.727676+00:00,2021-01-26,5aeb671eb2301b2c7c7221a54585cc20c6dd32491dfbbe5c9790274a0ec83926,finance-datareader-yahoo-hose-v2-business-day,real,VN000000ABT2,,0.012499999999999956,0.04516118719320872,0.012499999999999956,,no_event_raw_close,32399.999999999996,32399.999999999996,32399.999999999996,32399.999999999996,0.9999999999999999,corporate-actions-v2,blocked_unresolved_material_event,False
2022-08-24,ABT,40100.0,40150.0,40000.0,40000.0,31044.384765625,1000.0,40000000.0,finance_datareader_yahoo_hose,https://github.com/FinanceData/FinanceDataReader,2026-07-30T05:44:49.727676+00:00,2022-08-25,4ec9c9c8caa67f362050495d5b5673b28a0c894b174a87520a94975f0966c94a,finance-datareader-yahoo-hose-v2-business-day,real,VN000000ABT2,,-0.0024937655860348684,0.02301794808076396,-0.0024937655860348684,,no_event_raw_close,40997.50623441397,41100.00000000001,41151.24688279303,40997.50623441397,1.0249376558603494,corporate-actions-v2,blocked_unresolved_material_event,False
2023-03-15,ABT,33150.0,33150.0,32600.0,32600.0,26746.95703125,1000.0,32600000.0,finance_datareader_yahoo_hose,https://github.com/FinanceData/FinanceDataReader,2026-07-30T05:44:49.727676+00:00,2023-03-16,4ec9c9c8caa67f362050495d5b5673b28a0c894b174a87520a94975f0966c94a,finance-datareader-yahoo-hose-v2-business-day,real,VN000000ABT2,,-0.11891891891891893,-0.06857137921191059,-0.11891891891891893,,no_event_raw_close,33412.96758104741,33976.683291770605,33976.683291770605,33412.96758104741,1.02493765586035,corporate-actions-v2,blocked_unresolved_material_event,False
2023-07-21,ABT,30200.0,31750.0,29900.0,31750.0,26920.7890625,500.0,15875000.0,finance_datareader_yahoo_hose,https://github.com/FinanceData/FinanceDataReader,2026-07-30T05:44:49.727676+00:00,2023-07-22,4ec9c9c8caa67f362050495d5b5673b28a0c894b174a87520a94975f0966c94a,finance-datareader-yahoo-hose-v2-business-day,real,VN000000ABT2,,0.027508090614886793,0.061872925416134095,0.027508090614886793,,no_event_raw_close,33594.90230733848,31954.83621044479,33594.90230733848,31637.40406265892,1.0581071592862514,corporate-actions-v2,blocked_unresolved_material_event,False
2024-03-20,ABT,36000.0,36000.0,34250.0,35300.0,31593.654296875,11700.0,413010000.0,finance_datareader_yahoo_hose,https://github.com/FinanceData/FinanceDataReader,2026-07-30T05:44:49.727676+00:00,2024-03-21,4ec9c9c8caa67f362050495d5b5673b28a0c894b174a87520a94975f0966c94a,finance-datareader-yahoo-hose-v2-business-day,real,VN000000ABT2,,-0.07105263157894737,-0.019444410767716303,-0.07105263157894737,,no_event_raw_close,39317.034445057536,40096.692351900034,40096.692351900034,38147.547584793785,1.113797009775001,corporate-actions-v2,blocked_unresolved_material_event,False
2025-03-18,ABT,44050.0,46700.0,44050.0,45500.0,43425.53125,11800.0,536900000.0,finance_datareader_yahoo_hose,https://github.com/FinanceData/FinanceDataReader,2026-07-30T05:44:49.727676+00:00,2025-03-19,4ec9c9c8caa67f362050495d5b5673b28a0c894b174a87520a94975f0966c94a,finance-datareader-yahoo-hose-v2-business-day,real,VN000000ABT2,,-0.05601659751037347,0.006637215620180159,-0.05601659751037347,,no_event_raw_close,50677.76394476263,49062.75828058887,52014.32035649263,49062.75828058887,1.1137970097750027,corporate-actions-v2,blocked_unresolved_material_event,False
2023-06-02,ACB,14386.8046875,14554.0927734375,14219.515625,14319.888671875,12750.5458984375,19070656.0,273089670819.625,finance_datareader_yahoo_hose,https://github.com/FinanceData/FinanceDataReader,2026-07-30T05:38:25.304338+00:00,2023-06-03,52edb1fd6a93e615e2fa54578d9ed75955cf55297c817fc8af6bafe79e7199f5,finance-datareader-yahoo-hose-v2-business-day,real,VN000000ACB8,,-0.031102375679896932,0.014845285469756941,-0.031102375679896932,,no_event_raw_close,27244.95249527551,27372.26659028359,27690.5481117974,27053.983210766582,1.9025952728798794,corporate-actions-v2,blocked_unresolved_material_event,False
2024-06-03,ACB,19238.16796875,19469.02734375,18968.833984375,18968.833984375,17577.5625,14453558.0,274167142185.53516,finance_datareader_yahoo_hose,https://github.com/FinanceData/FinanceDataReader,2026-07-30T05:38:25.304338+00:00,2024-06-04,839459586f2fad19df8770243dd591d53ac7e388f808e2fc8250753dcb35d290,finance-datareader-yahoo-hose-v2-business-day,real,VN000000ACB8,,-0.03579936415856144,0.0034513139946468208,-0.03579936415856144,,no_event_raw_close,43337.999523182065,43953.34552157265,44480.78877358874,43337.999523182065,2.284694966431802,corporate-actions-v2,blocked_unresolved_material_event,False
2025-05-26,ACB,22743.36328125,22787.611328125,22566.37109375,22610.619140625,21935.712890625,20377516.0,460748253307.9922,finance_datareader_yahoo_hose,https://github.com/FinanceData/FinanceDataReader,2026-07-30T05:38:25.304338+00:00,2025-05-27,839459586f2fad19df8770243dd591d53ac7e388f808e2fc8250753dcb35d290,finance-datareader-yahoo-hose-v2-business-day,real,VN000000ACB8,,0.14551652818348937,0.19928555967962192,0.14551652818348937,,no_event_raw_close,62024.27874517148,62388.415592937854,62509.79454219331,61902.89979591602,2.743148180039488,corporate-actions-v2,blocked_unresolved_material_event,False
2020-12-02,ACC,6513.95556640625,6513.95556640625,6373.36669921875,6467.0927734375,5957.56396484375,16345.0,105704631.38183594,finance_datareader_yahoo_hose,https://github.com/FinanceData/FinanceDataReader,2026-07-30T05:45:03.504353+00:00,2020-12-03,882be3bbe3c45a1be1adb97dd751218fb78460aaa310a2006360c4bdc3e65445,finance-datareader-yahoo-hose-v2-business-day,real,VN000000ACC6,,-0.02816904095444639,0.007299211619428814,-0.02816904095444639,,no_event_raw_close,6953.008252960277,7003.392157704431,7003.392157704431,6852.239918502915,1.0751366180362516,corporate-actions-v2,blocked_unresolved_material_event,False
2021-09-02,ACC,7146.60595703125,7263.763671875,7146.60595703125,7216.90087890625,6866.990234375,84715.0,611379757.956543,finance_datareader_yahoo_hose,https://github.com/FinanceData/FinanceDataReader,2026-07-30T05:45:03.504353+00:00,2021-09-03,882be3bbe3c45a1be1adb97dd751218fb78460aaa310a2006360c4bdc3e65445,finance-datareader-yahoo-hose-v2-business-day,real,VN000000ACC6,,-0.019108265459988116,0.013157887153561143,-0.019108265459988116,,no_event_raw_close,8286.450714716655,8205.73803549522,8340.258606886066,8205.73803549522,1.1482007102157261,corporate-actions-v2,blocked_unresolved_material_event,False
2022-09-26,ACC,16000.0,16200.0,15500.0,16000.0,16000.0,41200.0,659200000.0,finance_datareader_yahoo_hose,https://github.com/FinanceData/FinanceDataReader,2026-07-30T05:45:03.504353+00:00,2022-09-27,4c2316839b8de38dfc575516790fd6728b4a250e98061fd85d6c9ce4861db16b,finance-datareader-yahoo-hose-v2-business-day,real,VN000000ACC6,,-0.030303030303030276,0.019108280254777066,-0.030303030303030276,,no_event_raw_close,19261.93676289172,19261.93676289172,19502.710972427867,18660.001239051355,1.2038710476807326,corporate-actions-v2,blocked_unresolved_material_event,False
2022-10-17,ACG,54954.953125,54954.953125,53153.15234375,54054.0546875,48460.84375,71262.0,3852000045.140625,finance_datareader_yahoo_hose,https://github.com/FinanceData/FinanceDataReader,2026-07-30T05:41:16.979046+00:00,2022-10-18,a0d88b551029bd5911f1deda3348cbfe0e1cf3d72ac744a21b90fb878287b967,finance-datareader-yahoo-hose-v2-business-day,real,VN000000ACG7,,-0.024390247341612104,-0.0066224762549002,-0.024390247341612104,,no_event_raw_close,54054.05468749999,54954.95312499999,54954.95312499999,53153.15234374999,0.9999999999999999,corporate-actions-v2,blocked_unresolved_material_event,False
2023-12-04,ACG,38300.0,38300.0,37600.0,37600.0,34331.96484375,2500.0,94000000.0,finance_datareader_yahoo_hose,https://github.com/FinanceData/FinanceDataReader,2026-07-30T05:41:16.979046+00:00,2023-12-05,a0d88b551029bd5911f1deda3348cbfe0e1cf3d72ac744a21b90fb878287b967,finance-datareader-yahoo-hose-v2-business-day,real,VN000000ACG7,,-0.025906735751295318,-0.007915470487036669,-0.025906735751295318,,no_event_raw_close,38281.86528497404,38994.55958549217,38994.55958549217,38281.86528497404,1.0181347150259052,corporate-actions-v2,blocked_unresolved_material_event,False
2024-06-25,ACG,48650.0,48850.0,46500.0,47200.0,43806.99609375,37200.0,1755840000.0,finance_datareader_yahoo_hose,https://github.com/FinanceData/FinanceDataReader,2026-07-30T05:41:16.979046+00:00,2024-06-26,e3cf4b670951497d124b555348f716234458fa9e6f63146ede7af1988a64ebb3,finance-datareader-yahoo-hose-v2-business-day,real,VN000000ACG7,,-0.04453441295546556,-0.028806569750469135,-0.04453441295546556,,no_event_raw_close,48834.192695768885,50334.39564934653,50541.32019466758,48109.956787145195,1.034622726605273,corporate-actions-v2,blocked_unresolved_material_event,False
2024-11-07,ACG,41000.0,41000.0,38150.0,41000.0,38795.1796875,3500.0,143500000.0,finance_datareader_yahoo_hose,https://github.com/FinanceData/FinanceDataReader,2026-07-30T05:41:16.979046+00:00,2024-11-08,e3cf4b670951497d124b555348f716234458fa9e6f63146ede7af1988a64ebb3,finance-datareader-yahoo-hose-v2-business-day,real,VN000000ACG7,,-0.019138755980861233,0.0,-0.019138755980861233,,no_event_raw_close,42419.53179081621,42419.53179081621,42419.53179081621,39470.857019991185,1.0346227266052734,corporate-actions-v2,blocked_unresolved_material_event,False
2025-05-26,ACG,36700.0,36950.0,36550.0,36550.0,35258.83203125,1200.0,43860000.0,finance_datareader_yahoo_hose,https://github.com/FinanceData/FinanceDataReader,2026-07-30T05:41:16.979046+00:00,2025-05-27,a0d88b551029bd5911f1deda3348cbfe0e1cf3d72ac744a21b90fb878287b967,finance-datareader-yahoo-hose-v2-business-day,real,VN000000ACG7,,-0.001366120218579181,0.01810587927300822,-0.001366120218579181,,no_event_raw_close,38538.707172728624,38696.86876167279,38960.471409913065,38538.707172728624,1.0544105929611114,corporate-actions-v2,blocked_unresolved_material_event,False
2025-11-12,ACG,36050.0,36500.0,35500.0,36150.0,36150.0,2900.0,104835000.0,finance_datareader_yahoo_hose,https://github.com/FinanceData/FinanceDataReader,2026-07-30T05:41:16.979046+00:00,2025-11-13,e3cf4b670951497d124b555348f716234458fa9e6f63146ede7af1988a64ebb3,finance-datareader-yahoo-hose-v2-business-day,real,VN000000ACG7,,-0.017663043478260865,0.018309859154929553,-0.017663043478260865,,no_event_raw_close,39463.46537620198,39354.29949687639,39845.54595384156,38753.887160585626,1.0916587932559332,corporate-actions-v2,blocked_unresolved_material_event,False
2021-12-24,ACL,41763.40143269756,41763.40143269756,38905.9055451972,40334.65348894738,36437.5374029538,520600.0,20998220606.346004,fdr_segment_scaled_by_cafef_crosscheck,https://cafef.vn/du-lieu/lich-su-giao-dich-hose/all-1.chn,2026-07-30T05:44:32.885964+00:00,2021-12-25,343683dfe3051b0d848a565263af06fd1431e295d93291788970288d25419ac3,fdr-cafef-segment-scale-v1,real,VN000000ACL7,,-0.05897435897435899,-0.029100536363544816,-0.05897435897435899,,no_event_raw_close,88736.23767568437,91879.4831519348,91879.4831519348,85592.99219943398,2.2000000000000037,corporate-actions-v2,blocked_unresolved_material_event,False
2023-03-28,ACL,26376.885115387933,26596.6924913495,25717.462987503233,26596.6924913495,25476.831867848276,81000.0,2154332091.7993093,fdr_segment_scaled_by_cafef_crosscheck,https://cafef.vn/du-lieu/lich-su-giao-dich-hose/all-1.chn,2026-07-30T05:44:32.885964+00:00,2023-03-29,343683dfe3051b0d848a565263af06fd1431e295d93291788970288d25419ac3,fdr-cafef-segment-scale-v1,real,VN000000ACL7,,-0.016260162601625994,0.04310343842646547,-0.016260162601625994,,no_event_raw_close,60027.68283056261,59531.586278243914,60027.68283056261,58043.29662128781,2.2569604416070326,corporate-actions-v2,blocked_unresolved_material_event,False
2021-08-09,ADG,40744.1875,40744.1875,40465.1171875,40744.1875,40744.1875,83097.0,3385719748.6875,finance_datareader_yahoo_hose,https://github.com/FinanceData/FinanceDataReader,2026-07-30T05:56:38.500719+00:00,2021-08-10,4ef00796253040684d21f31ac55d3faae79e95c532d987081d59036ba2dd92a0,finance-datareader-yahoo-hose-v2-business-day,real,VN000000ADG5,,-0.007620963686894355,0.0037500686856610788,-0.007620963686894355,,no_event_raw_close,45314.79576815659,45314.79576815659,45314.79576815659,45004.419859546484,1.112178166963241,corporate-actions-v2,blocked_unresolved_material_event,False
2023-11-15,ADP,19000.0,19000.0,19000.0,19000.0,13268.455078125,0.0,0.0,finance_datareader_yahoo_hose,https://github.com/FinanceData/FinanceDataReader,2026-07-30T05:45:02.399203+00:00,2023-11-16,84c17fa3f210c8f35e66ddc53fdc64870e50e90fedfe43c8f83f7468506949a9,finance-datareader-yahoo-hose-v2-business-day,real,VN000000ADP6,,0.0,0.032608779087322626,0.0,,no_event_raw_close,18999.999999999978,18999.999999999978,18999.999999999978,18999.999999999978,0.9999999999999989,corporate-actions-v2,blocked_unresolved_material_event,False
2024-03-20,ADP,24000.0,24000.0,23600.0,23600.0,17248.9921875,200.0,4720000.0,finance_datareader_yahoo_hose,https://github.com/FinanceData/FinanceDataReader,2026-07-30T05:45:02.399203+00:00,2024-03-21,84c17fa3f210c8f35e66ddc53fdc64870e50e90fedfe43c8f83f7468506949a9,finance-datareader-yahoo-hose-v2-business-day,real,VN000000ADP6,,-0.04453441295546556,0.0,-0.04453441295546556,,no_event_raw_close,23599.99999999998,23999.99999999998,23999.99999999998,23599.99999999998,0.9999999999999992,corporate-actions-v2,blocked_unresolved_material_event,False
2024-05-20,ADP,26900.0,26900.0,26000.0,26250.0,19885.525390625,1900.0,49875000.0,finance_datareader_yahoo_hose,https://github.com/FinanceData/FinanceDataReader,2026-07-30T05:45:02.399203+00:00,2024-05-21,45c9856e7a2b772b8c65bcd9dea42309e364b5ea3abf82787f6c581c41d695d0,finance-datareader-yahoo-hose-v2-business-day,real,VN000000ADP6,,-0.02777777777777779,0.007677594287148537,-0.02777777777777779,,no_event_raw_close,26249.99999999997,26899.99999999997,26899.99999999997,25999.99999999997,0.9999999999999989,corporate-actions-v2,blocked_unresolved_material_event,False
2024-07-02,ADP,27850.0,27850.0,27850.0,27850.0,21721.5546875,0.0,0.0,finance_datareader_yahoo_hose,https://github.com/FinanceData/FinanceDataReader,2026-07-30T05:45:02.399203+00:00,2024-07-03,84c17fa3f210c8f35e66ddc53fdc64870e50e90fedfe43c8f83f7468506949a9,finance-datareader-yahoo-hose-v2-business-day,real,VN000000ADP6,,0.0,0.02957469521071654,0.0,,no_event_raw_close,27849.99999999997,27849.99999999997,27849.99999999997,27849.99999999997,0.999999999999999,corporate-actions-v2,blocked_unresolved_material_event,False
2024-09-17,ADP,30900.0,30900.0,30000.0,30000.0,23945.31640625,1000.0,30000000.0,finance_datareader_yahoo_hose,https://github.com/FinanceData/FinanceDataReader,2026-07-30T05:45:02.399203+00:00,2024-09-18,84c17fa3f210c8f35e66ddc53fdc64870e50e90fedfe43c8f83f7468506949a9,finance-datareader-yahoo-hose-v2-business-day,real,VN000000ADP6,,-0.021207177814029365,0.0016693396908551428,-0.021207177814029365,,no_event_raw_close,30685.15497553014,31605.709624796043,31605.709624796043,30685.15497553014,1.022838499184338,corporate-actions-v2,blocked_unresolved_material_event,False
2024-12-05,ADP,29100.0,29100.0,28950.0,29000.0,23705.861328125,1700.0,49300000.0,finance_datareader_yahoo_hose,https://github.com/FinanceData/FinanceDataReader,2026-07-30T05:45:02.399203+00:00,2024-12-06,84c17fa3f210c8f35e66ddc53fdc64870e50e90fedfe43c8f83f7468506949a9,finance-datareader-yahoo-hose-v2-business-day,real,VN000000ADP6,,-0.023569023569023573,0.0,-0.023569023569023573,,no_event_raw_close,30361.42831248863,30466.122892876523,30466.122892876523,30309.081022294686,1.0469458038789183,corporate-actions-v2,blocked_unresolved_material_event,False
2025-05-19,ADP,31050.0,31050.0,30500.0,30800.0,26277.4453125,8400.0,258720000.0,finance_datareader_yahoo_hose,https://github.com/FinanceData/FinanceDataReader,2026-07-30T05:45:02.399203+00:00,2025-05-20,45c9856e7a2b772b8c65bcd9dea42309e364b5ea3abf82787f6c581c41d695d0,finance-datareader-yahoo-hose-v2-business-day,real,VN000000ADP6,,-0.008051529790660261,0.035294128510638956,-0.008051529790660261,,no_event_raw_close,32245.93075947068,32507.667210440406,32507.667210440406,31931.847018307002,1.0469458038789181,corporate-actions-v2,blocked_unresolved_material_event,False
2025-07-10,ADP,30000.0,30000.0,29950.0,29950.0,26165.86328125,4200.0,125790000.0,finance_datareader_yahoo_hose,https://github.com/FinanceData/FinanceDataReader,2026-07-30T05:45:02.399203+00:00,2025-07-11,84c17fa3f210c8f35e66ddc53fdc64870e50e90fedfe43c8f83f7468506949a9,finance-datareader-yahoo-hose-v2-business-day,real,VN000000ADP6,,0.003350083752093891,0.02744435896631603,0.003350083752093891,,no_event_raw_close,31356.026826173616,31408.374116367562,31408.374116367562,31356.026826173616,1.0469458038789188,corporate-actions-v2,blocked_unresolved_material_event,False
2025-10-08,ADP,26000.0,26300.0,25800.0,26300.0,23605.3125,14600.0,383980000.0,finance_datareader_yahoo_hose,https://github.com/FinanceData/FinanceDataReader,2026-07-30T05:45:02.399203+00:00,2025-10-09,84c17fa3f210c8f35e66ddc53fdc64870e50e90fedfe43c8f83f7468506949a9,finance-datareader-yahoo-hose-v2-business-day,real,VN000000ADP6,,0.0,0.027343708162412828,0.0,,no_event_raw_close,28267.53670473081,27945.0933202662,28267.536704730814,27730.13106395646,1.0748112815487,corporate-actions-v2,blocked_unresolved_material_event,False
2025-12-31,ADP,22950.0,23000.0,22950.0,23000.0,21363.025390625,13200.0,303600000.0,finance_datareader_yahoo_hose,https://github.com/FinanceData/FinanceDataReader,2026-07-30T05:45:02.399203+00:00,2026-01-01,84c17fa3f210c8f35e66ddc53fdc64870e50e90fedfe43c8f83f7468506949a9,finance-datareader-yahoo-hose-v2-business-day,real,VN000000ADP6,,-0.03157894736842104,0.002178651433270895,-0.03157894736842104,,no_event_raw_close,24720.659475620083,24666.918911542645,24720.659475620083,24666.918911542645,1.0748112815486992,corporate-actions-v2,blocked_unresolved_material_event,False
2021-06-21,ADS,15036.8408203125,15036.8408203125,14854.20703125,15006.4013671875,11553.4208984375,730971.0,10969244213.774414,finance_datareader_yahoo_hose,https://github.com/FinanceData/FinanceDataReader,2026-07-30T05:44:51.839927+00:00,2021-06-22,1d4730eb68dfa7add3c9168481bbc2d7b4a54754e24029b60670aaa8af6ec187,finance-datareader-yahoo-hose-v2-business-day,real,VN000000ADS0,,-0.014000039269177478,0.027083351238942344,-0.014000039269177478,,no_event_raw_close,17591.64146071015,17627.324895567886,17627.324895567886,17413.227720823277,1.1722758195162932,corporate-actions-v2,blocked_unresolved_material_event,False
2024-08-15,ADS,11000.0,11100.0,10600.0,10700.0,8993.6962890625,165700.0,1772990000.0,finance_datareader_yahoo_hose,https://github.com/FinanceData/FinanceDataReader,2026-07-30T05:44:51.839927+00:00,2024-08-16,16e0421333fd85d2b0a32028b13eccf31dcd68e4b32d6c7933d534f1bd2855e9,finance-datareader-yahoo-hose-v2-business-day,real,VN000000ADS0,,-0.10084033613445376,-0.01834872555436995,-0.10084033613445376,,no_event_raw_close,17982.580544870652,18486.76504612871,18654.826546548058,17814.5190444513,1.6806150041935188,corporate-actions-v2,blocked_unresolved_material_event,False
2025-05-26,ADS,8170.0,8350.0,8160.0,8300.0,7431.79931640625,141400.0,1173620000.0,finance_datareader_yahoo_hose,https://github.com/FinanceData/FinanceDataReader,2026-07-30T05:44:51.839927+00:00,2025-05-27,1d4730eb68dfa7add3c9168481bbc2d7b4a54754e24029b60670aaa8af6ec187,finance-datareader-yahoo-hose-v2-business-day,real,VN000000ADS0,,0.017156862745097978,0.0835509584487013,0.017156862745097978,,no_event_raw_close,14803.829077380133,14571.961874963336,14893.008770617364,14554.12593631589,1.7835938647445944,corporate-actions-v2,blocked_unresolved_material_event,False
2024-06-25,AGG,24300.0,24700.0,23150.0,23500.0,23500.0,1903900.0,44741650000.0,finance_datareader_yahoo_hose,https://github.com/FinanceData/FinanceDataReader,2026-07-30T05:42:19.442500+00:00,2024-06-26,b67683ee0a4050134456bbe4de750b01792adada19340446c5ea297ad6332ace,finance-datareader-yahoo-hose-v2-business-day,real,VN000000AGG8,,-0.04081632653061229,-0.008438818565400852,-0.04081632653061229,,no_event_raw_close,28435.00000000005,29403.000000000055,29887.000000000055,28011.50000000005,1.2100000000000022,corporate-actions-v2,blocked_unresolved_material_event,False
2023-10-05,AGR,15150.0,17000.0,15150.0,16500.0,15945.484375,2532200.0,41781300000.0,finance_datareader_yahoo_hose,https://github.com/FinanceData/FinanceDataReader,2026-07-30T05:41:47.327178+00:00,2023-10-06,6425f27a7bae11ee2e0fefd4cbb2697bc0a471a3cbd628e163cb716e78db8d5f,finance-datareader-yahoo-hose-v2-business-day,real,VN000000AGR5,,-0.0030211480362537513,0.032284723412885574,-0.0030211480362537513,,no_event_raw_close,17098.187311178222,15699.244712990912,17616.314199395743,15699.244712990912,1.0362537764350437,corporate-actions-v2,blocked_unresolved_material_event,False
2024-10-03,AGR,19000.0,19000.0,18550.0,18600.0,18600.0,1259800.0,23432280000.0,finance_datareader_yahoo_hose,https://github.com/FinanceData/FinanceDataReader,2026-07-30T05:41:47.327178+00:00,2024-10-04,6425f27a7bae11ee2e0fefd4cbb2697bc0a471a3cbd628e163cb716e78db8d5f,finance-datareader-yahoo-hose-v2-business-day,real,VN000000AGR5,,-0.05343511450381677,-0.02051768199469961,-0.05343511450381677,,no_event_raw_close,19960.937247757163,20390.204715450865,20390.204715450865,19907.278814295452,1.0731686692342561,corporate-actions-v2,blocked_unresolved_material_event,False
2020-04-20,ANV,16700.0,17200.0,16700.0,16800.0,15298.083984375,356250.0,5985000000.0,finance_datareader_yahoo_hose,https://github.com/FinanceData/FinanceDataReader,2026-07-30T05:41:18.169231+00:00,2020-04-21,9d81d832568629e7cff9ac9d75b68950c13231cff193ec89d68052f28779d8b1,finance-datareader-yahoo-hose-v2-business-day,real,VN000000ANV3,,-0.03448275862068961,-0.00591713047505904,-0.03448275862068961,,no_event_raw_close,16799.999999999996,16699.999999999996,17199.999999999996,16699.999999999996,0.9999999999999998,corporate-actions-v2,blocked_unresolved_material_event,False
2020-12-04,ANV,22100.0,22300.0,21900.0,22000.0,20484.40234375,262830.0,5782260000.0,finance_datareader_yahoo_hose,https://github.com/FinanceData/FinanceDataReader,2026-07-30T05:41:18.169231+00:00,2020-12-05,5fc037174af65df4f6b4208a9eb57b44038c9f4911405dda240dcecab36f2073,finance-datareader-yahoo-hose-v2-business-day,real,VN000000ANV3,,-0.03083700440528636,-0.009009141802873377,-0.03083700440528636,,no_event_raw_close,22000.0,22100.0,22300.0,21900.0,1.0,corporate-actions-v2,blocked_unresolved_material_event,False
2021-11-26,ANV,36800.0,36800.0,35500.0,35700.0,33694.70703125,547200.0,19535040000.0,finance_datareader_yahoo_hose,https://github.com/FinanceData/FinanceDataReader,2026-07-30T05:41:18.169231+00:00,2021-11-27,5fc037174af65df4f6b4208a9eb57b44038c9f4911405dda240dcecab36f2073,finance-datareader-yahoo-hose-v2-business-day,real,VN000000ANV3,,-0.037735849056603765,-0.02459013334723459,-0.037735849056603765,,no_event_raw_close,35700.00000000002,36800.00000000002,36800.00000000002,35500.00000000002,1.0000000000000007,corporate-actions-v2,blocked_unresolved_material_event,False
2022-11-01,ANV,29300.0,29600.0,27100.0,28900.0,27742.138671875,659700.0,19065330000.0,finance_datareader_yahoo_hose,https://github.com/FinanceData/FinanceDataReader,2026-07-30T05:41:18.169231+00:00,2022-11-02,5fc037174af65df4f6b4208a9eb57b44038c9f4911405dda240dcecab36f2073,finance-datareader-yahoo-hose-v2-business-day,real,VN000000ANV3,,-0.030201342281879207,-0.013651821674546372,-0.030201342281879207,,no_event_raw_close,28900.000000000025,29300.000000000025,29600.000000000025,27100.000000000025,1.0000000000000009,corporate-actions-v2,blocked_unresolved_material_event,False
2023-10-31,ANV,28300.0,28800.0,26400.0,26400.0,25781.505859375,1331400.0,35148960000.0,finance_datareader_yahoo_hose,https://github.com/FinanceData/FinanceDataReader,2026-07-30T05:41:18.169231+00:00,2023-11-01,5fc037174af65df4f6b4208a9eb57b44038c9f4911405dda240dcecab36f2073,finance-datareader-yahoo-hose-v2-business-day,real,VN000000ANV3,,-0.10051107325383302,-0.08492206386293266,-0.10051107325383302,,no_event_raw_close,26400.000000000036,28300.000000000036,28800.00000000004,26400.000000000036,1.0000000000000013,corporate-actions-v2,blocked_unresolved_material_event,False
2025-10-24,ANV,61982.0946638576,63085.33583101364,61380.32675449976,62784.451876334715,62784.451876334715,1743600.0,109470970291.57721,fdr_segment_scaled_by_cafef_crosscheck,https://cafef.vn/du-lieu/lich-su-giao-dich-hose/all-1.chn,2026-07-30T05:41:18.169231+00:00,2025-10-25,3fad1698d0ae7e3cea175628c9653a96a8f572ea9a10e6b30afcdbe58194de9e,fdr-cafef-segment-scale-v1,real,VN000000ANV3,,0.00967741935483879,0.026229508196721207,0.00967741935483879,,no_event_raw_close,63794.12929568965,62978.86885740609,64099.851960046,62367.423528693405,1.0160816474330887,corporate-actions-v2,blocked_unresolved_material_event,False
2022-10-10,ASM,10123.966796875,10413.22265625,9793.388671875,9793.388671875,9793.388671875,6708361.0,65697586624.24805,finance_datareader_yahoo_hose,https://github.com/FinanceData/FinanceDataReader,2026-07-30T05:41:58.748938+00:00,2022-10-11,af98a53662e134712b59d389c3c946efa1d1b9dc2fafac832f4197c89c29167f,finance-datareader-yahoo-hose-v2-business-day,real,VN000000ASM1,,-0.16549293137580412,-0.06692914594647503,-0.16549293137580412,,no_event_raw_close,14358.694057254734,14843.375133226687,15267.471074702147,14358.694057254734,1.4661619729737205,corporate-actions-v2,candidate_no_known_unresolved_event,False
2020-10-27,ASP,5620.0,5740.0,5620.0,5710.0,5049.9140625,29900.0,170729000.0,finance_datareader_yahoo_hose,https://github.com/FinanceData/FinanceDataReader,2026-07-30T05:49:39.287311+00:00,2020-10-28,1f147f274d7682435ce6486f370b06291f89032c65c2e7956e0e1313ec138729,finance-datareader-yahoo-hose-v2-business-day,real,VN000000ASP4,,-0.08493589743589747,-0.0052264397813853725,-0.08493589743589747,,no_event_raw_close,6167.532051282052,6070.320512820514,6199.935897435898,6070.320512820514,1.0801282051282053,corporate-actions-v2,candidate_no_known_unresolved_event,False
2021-12-09,ASP,13550.0,13550.0,13150.0,13250.0,12162.150390625,126300.0,1673475000.0,finance_datareader_yahoo_hose,https://github.com/FinanceData/FinanceDataReader,2026-07-30T05:49:39.287311+00:00,2021-12-10,1f147f274d7682435ce6486f370b06291f89032c65c2e7956e0e1313ec138729,finance-datareader-yahoo-hose-v2-business-day,real,VN000000ASP4,,-0.03284671532846717,0.0037878476472159583,-0.03284671532846717,,no_event_raw_close,14834.023488676765,15169.88817143926,15169.88817143926,14722.068594422602,1.1195489425416427,corporate-actions-v2,candidate_no_known_unresolved_event,False
2022-11-25,ASP,5600.0,5600.0,5400.0,5440.0,5440.0,17800.0,96832000.0,finance_datareader_yahoo_hose,https://github.com/FinanceData/FinanceDataReader,2026-07-30T05:49:39.287311+00:00,2022-11-26,1f147f274d7682435ce6486f370b06291f89032c65c2e7956e0e1313ec138729,finance-datareader-yahoo-hose-v2-business-day,real,VN000000ASP4,,-0.10673234811165844,-0.02683363148479423,-0.10673234811165844,,no_event_raw_close,6590.374674965662,6784.209224229358,6784.209224229358,6541.916037649738,1.2114659328980997,corporate-actions-v2,candidate_no_known_unresolved_event,False
2020-07-31,AST,35875.0,35875.0,34166.66796875,34958.33203125,31008.62890625,116160.0,4060759848.75,finance_datareader_yahoo_hose,https://github.com/FinanceData/FinanceDataReader,2026-07-30T05:41:33.047932+00:00,2020-08-01,bf64e7b82977f757f09341f37042c968a2e9150f1bc4b55cec375412213be918,finance-datareader-yahoo-hose-v2-business-day,real,VN000000AST6,,-0.024418605538466753,-0.0011903489444295978,-0.024418605538466753,,no_event_raw_close,35933.913425711486,36876.16282707709,36876.16282707709,35120.156411827295,1.0279069777582464,corporate-actions-v2,candidate_no_known_unresolved_event,False
2024-06-03,AST,50833.33203125,50833.33203125,49416.66796875,49416.66796875,44708.62109375,10080.0,498120013.125,finance_datareader_yahoo_hose,https://github.com/FinanceData/FinanceDataReader,2026-07-30T05:41:33.047932+00:00,2024-06-04,1c936208842f1a67a435c469fc42b0bd5ae168b4811396fd510d8992652a2ff1,finance-datareader-yahoo-hose-v2-business-day,real,VN000000AST6,,-0.032626377259032835,-0.01331099159193272,-0.032626377259032835,,no_event_raw_close,51988.98193893823,53479.38842294947,53479.38842294947,51988.98193893824,1.0520535696946405,corporate-actions-v2,candidate_no_known_unresolved_event,False
2024-11-25,AST,45000.0,45250.0,45000.0,45250.0,42088.890625,1680.0,76020000.0,finance_datareader_yahoo_hose,https://github.com/FinanceData/FinanceDataReader,2026-07-30T05:41:33.047932+00:00,2024-11-26,1c936208842f1a67a435c469fc42b0bd5ae168b4811396fd510d8992652a2ff1,finance-datareader-yahoo-hose-v2-business-day,real,VN000000AST6,,-0.010928961748633892,0.0168539214502903,-0.010928961748633892,,no_event_raw_close,49166.257603393424,48894.62082105424,49166.257603393424,48894.62082105424,1.0865471293567608,corporate-actions-v2,candidate_no_known_unresolved_event,False
2025-05-19,AST,51666.66796875,52500.0,51250.0,51500.0,49091.8984375,60000.0,3090000000.0,finance_datareader_yahoo_hose,https://github.com/FinanceData/FinanceDataReader,2026-07-30T05:41:33.047932+00:00,2025-05-20,1c936208842f1a67a435c469fc42b0bd5ae168b4811396fd510d8992652a2ff1,finance-datareader-yahoo-hose-v2-business-day,real,VN000000AST6,,-0.0016154836837510844,0.023178788267357087,-0.0016154836837510844,,no_event_raw_close,57584.36490716964,57770.72353106939,58702.507915075854,57304.829155193096,1.1181430079062067,corporate-actions-v2,candidate_no_known_unresolved_event,False
2025-10-17,AST,62500.0,64166.66796875,62500.0,64166.66796875,63275.46484375,10680.0,685300013.90625,finance_datareader_yahoo_hose,https://github.com/FinanceData/FinanceDataReader,2026-07-30T05:41:33.047932+00:00,2025-10-18,bf64e7b82977f757f09341f37042c968a2e9150f1bc4b55cec375412213be918,finance-datareader-yahoo-hose-v2-business-day,real,VN000000AST6,,0.026666687499999897,0.06206891713419993,0.026666687499999897,,no_event_raw_close,74617.41157509285,72679.29551390345,74617.41157509285,72679.29551390345,1.162868728222455,corporate-actions-v2,candidate_no_known_unresolved_event,False
2020-09-04,BCE,6825.0,6825.0,6725.0,6741.66650390625,6051.19189453125,523308.0,3527968014.826172,finance_datareader_yahoo_hose,https://github.com/FinanceData/FinanceDataReader,2026-07-30T05:56:18.724465+00:00,2020-09-05,9a988d5ec81d215e1e0a3f3664cca832d7f4c71f0904d9807ac49adab2613e9d,finance-datareader-yahoo-hose-v2-business-day,real,VN000000BCE0,,-0.13197425169272758,-0.003694569498963629,-0.13197425169272758,,no_event_raw_close,6741.666503906254,6825.000000000003,6825.000000000003,6725.000000000003,1.0000000000000004,corporate-actions-v2,blocked_unresolved_material_event,False
2021-07-16,BCE,9250.0,9250.0,8500.0,9125.0,8876.13671875,104760.0,955935000.0,finance_datareader_yahoo_hose,https://github.com/FinanceData/FinanceDataReader,2026-07-30T05:56:18.724465+00:00,2021-07-17,9a988d5ec81d215e1e0a3f3664cca832d7f4c71f0904d9807ac49adab2613e9d,finance-datareader-yahoo-hose-v2-business-day,real,VN000000BCE0,,-0.06008580539450792,0.018604750720905727,-0.06008580539450792,,no_event_raw_close,9125.000000000005,9250.000000000005,9250.000000000005,8500.000000000005,1.0000000000000007,corporate-actions-v2,blocked_unresolved_material_event,False
2025-11-25,BCE,9000.0,9000.0,8750.0,9000.0,9000.0,40800.0,367200000.0,finance_datareader_yahoo_hose,https://github.com/FinanceData/FinanceDataReader,2026-07-30T05:56:18.724465+00:00,2025-11-26,9a988d5ec81d215e1e0a3f3664cca832d7f4c71f0904d9807ac49adab2613e9d,finance-datareader-yahoo-hose-v2-business-day,real,VN000000BCE0,,-0.018181853047519403,0.009345757544328315,-0.018181853047519403,,no_event_raw_close,9294.545444085734,9294.545444085734,9294.545444085734,9036.363626194463,1.0327272715650815,corporate-actions-v2,blocked_unresolved_material_event,False
2021-07-23,BCM,39850.0,41500.0,38600.0,41500.0,39034.40625,77300.0,3207950000.0,finance_datareader_yahoo_hose,https://github.com/FinanceData/FinanceDataReader,2026-07-30T05:38:52.613977+00:00,2021-07-24,4353a8ba626e4c0b5ee6e9306d959cef1bdb5e12bc154db791125a94f261a0c2,finance-datareader-yahoo-hose-v2-business-day,real,VN000000BCM3,,0.058673469387755084,0.06958768652183367,0.058673469387755084,,no_event_raw_close,41923.46938775512,40256.632653061235,41923.46938775512,38993.87755102042,1.0102040816326534,corporate-actions-v2,candidate_no_known_unresolved_event,False
2023-11-29,BCM,58300.0,58500.0,57100.0,58500.0,56641.74609375,262600.0,15362100000.0,finance_datareader_yahoo_hose,https://github.com/FinanceData/FinanceDataReader,2026-07-30T05:38:52.613977+00:00,2023-11-30,4353a8ba626e4c0b5ee6e9306d959cef1bdb5e12bc154db791125a94f261a0c2,finance-datareader-yahoo-hose-v2-business-day,real,VN000000BCM3,,-0.013490725126475533,6.896415705170966e-08,-0.013490725126475533,,no_event_raw_close,60815.764448687936,60607.84730527362,60815.76444868794,59360.34444478772,1.0395857170715888,corporate-actions-v2,candidate_no_known_unresolved_event,False
2024-11-05,BCM,65900.0,65900.0,64400.0,65800.0,64679.56640625,194700.0,12811260000.0,finance_datareader_yahoo_hose,https://github.com/FinanceData/FinanceDataReader,2026-07-30T05:38:52.613977+00:00,2024-11-06,4353a8ba626e4c0b5ee6e9306d959cef1bdb5e12bc154db791125a94f261a0c2,finance-datareader-yahoo-hose-v2-business-day,real,VN000000BCM3,,-0.013493253373313308,0.001522064767593978,-0.013493253373313308,,no_event_raw_close,69430.29850689834,69535.81567788147,69535.81567788147,67953.05811313455,1.0551717098312818,corporate-actions-v2,candidate_no_known_unresolved_event,False
2020-06-26,BFC,12250.0,12550.0,12000.0,12500.0,8285.908203125,802150.0,10026875000.0,finance_datareader_yahoo_hose,https://github.com/FinanceData/FinanceDataReader,2026-07-30T05:41:50.346264+00:00,2020-06-27,cc9100d6c51010a4beeb55446efd303737b66e90b18c0aff49566bfd1b9a582d,finance-datareader-yahoo-hose-v2-business-day,real,VN000000BFC7,,-0.015748031496062964,0.0416665643591827,-0.015748031496062964,,no_event_raw_close,12499.999999999984,12249.999999999984,12549.999999999984,11999.999999999984,0.9999999999999987,corporate-actions-v2,blocked_unresolved_material_event,False
2020-11-20,BFC,15400.0,15600.0,15200.0,15600.0,10682.0947265625,450520.0,7028112000.0,finance_datareader_yahoo_hose,https://github.com/FinanceData/FinanceDataReader,2026-07-30T05:41:50.346264+00:00,2020-11-21,cc9100d6c51010a4beeb55446efd303737b66e90b18c0aff49566bfd1b9a582d,finance-datareader-yahoo-hose-v2-business-day,real,VN000000BFC7,,-0.0031948881789137795,0.029703101714583235,-0.0031948881789137795,,no_event_raw_close,15599.999999999984,15399.999999999985,15599.999999999984,15199.999999999985,0.999999999999999,corporate-actions-v2,blocked_unresolved_material_event,False
2021-06-18,BFC,28000.0,28000.0,26850.0,27250.0,19711.650390625,216500.0,5899625000.0,finance_datareader_yahoo_hose,https://github.com/FinanceData/FinanceDataReader,2026-07-30T05:41:50.346264+00:00,2021-06-19,cc9100d6c51010a4beeb55446efd303737b66e90b18c0aff49566bfd1b9a582d,finance-datareader-yahoo-hose-v2-business-day,real,VN000000BFC7,,-0.030249110320284656,0.024436057789421595,-0.030249110320284656,,no_event_raw_close,28704.62633451954,29494.661921708153,29494.661921708153,28283.27402135228,1.0533807829181483,corporate-actions-v2,blocked_unresolved_material_event,False
2022-06-20,BFC,27000.0,27900.0,26450.0,27000.0,20906.216796875,492900.0,13308300000.0,finance_datareader_yahoo_hose,https://github.com/FinanceData/FinanceDataReader,2026-07-30T05:41:50.346264+00:00,2022-06-21,c31bd234f3c03aae8d811d434f628d3cce39499a0b1f77dc5940e5005585632f,finance-datareader-yahoo-hose-v2-business-day,real,VN000000BFC7,,-0.11184210526315785,-0.04929583031537865,-0.11184210526315785,,no_event_raw_close,30312.41805581567,30312.41805581567,31322.831991009527,29694.942873197204,1.1226821502153952,corporate-actions-v2,blocked_unresolved_material_event,False
2023-01-18,BFC,17050.0,17050.0,16750.0,16900.0,13550.3251953125,109500.0,1850550000.0,finance_datareader_yahoo_hose,https://github.com/FinanceData/FinanceDataReader,2026-07-30T05:41:50.346264+00:00,2023-01-19,cc9100d6c51010a4beeb55446efd303737b66e90b18c0aff49566bfd1b9a582d,finance-datareader-yahoo-hose-v2-business-day,real,VN000000BFC7,,-0.03428571428571425,-7.206929841796494e-08,-0.03428571428571425,,no_event_raw_close,19623.842453107853,19798.018569555556,19798.018569555556,19449.66633666015,1.1611741096513521,corporate-actions-v2,blocked_unresolved_material_event,False
2023-06-16,BFC,17250.0,17250.0,16900.0,17000.0,14736.75,180800.0,3073600000.0,finance_datareader_yahoo_hose,https://github.com/FinanceData/FinanceDataReader,2026-07-30T05:41:50.346264+00:00,2023-06-17,cc9100d6c51010a4beeb55446efd303737b66e90b18c0aff49566bfd1b9a582d,finance-datareader-yahoo-hose-v2-business-day,real,VN000000BFC7,,-0.08847184986595169,-0.014492746051389838,-0.08847184986595169,,no_event_raw_close,21221.779907488653,21533.864906128194,21533.864906128194,21096.945908032838,1.2483399945581561,corporate-actions-v2,blocked_unresolved_material_event,False
2023-12-28,BFC,24900.0,25200.0,24750.0,25100.0,22200.623046875,501600.0,12590160000.0,finance_datareader_yahoo_hose,https://github.com/FinanceData/FinanceDataReader,2026-07-30T05:41:50.346264+00:00,2023-12-29,cc9100d6c51010a4beeb55446efd303737b66e90b18c0aff49566bfd1b9a582d,finance-datareader-yahoo-hose-v2-business-day,real,VN000000BFC7,,0.0,0.020325233903246698,0.0,,no_event_raw_close,31957.503860688772,31702.86239566336,32084.824593201472,31511.881296894306,1.2732073251270426,corporate-actions-v2,blocked_unresolved_material_event,False
2024-06-14,BFC,37500.0,38000.0,36800.0,37000.0,34494.98828125,402800.0,14903600000.0,finance_datareader_yahoo_hose,https://github.com/FinanceData/FinanceDataReader,2026-07-30T05:41:50.346264+00:00,2024-06-15,cc9100d6c51010a4beeb55446efd303737b66e90b18c0aff49566bfd1b9a582d,finance-datareader-yahoo-hose-v2-business-day,real,VN000000BFC7,,-0.05128205128205132,0.0,-0.05128205128205132,,no_event_raw_close,49524.50031327494,50193.750317508384,50863.000321741834,49256.800311581566,1.3385000084668903,corporate-actions-v2,blocked_unresolved_material_event,False
2024-12-18,BFC,38100.0,38200.0,37600.0,38000.0,35895.90234375,322800.0,12266400000.0,finance_datareader_yahoo_hose,https://github.com/FinanceData/FinanceDataReader,2026-07-30T05:41:50.346264+00:00,2024-12-19,cc9100d6c51010a4beeb55446efd303737b66e90b18c0aff49566bfd1b9a582d,finance-datareader-yahoo-hose-v2-business-day,real,VN000000BFC7,,-0.007832898172323799,0.005291004712183023,-0.007832898172323799,,no_event_raw_close,51527.008158840275,51662.60554873196,51798.20293862364,50984.61859927353,1.3559738989168493,corporate-actions-v2,blocked_unresolved_material_event,False
2025-06-12,BFC,45000.0,46050.0,45000.0,45700.0,45700.0,1014900.0,46380930000.0,finance_datareader_yahoo_hose,https://github.com/FinanceData/FinanceDataReader,2026-07-30T05:41:50.346264+00:00,2025-06-13,cc9100d6c51010a4beeb55446efd303737b66e90b18c0aff49566bfd1b9a582d,finance-datareader-yahoo-hose-v2-business-day,real,VN000000BFC7,,0.012181616832779518,0.07151230949589693,0.012181616832779518,,no_event_raw_close,61968.00718049997,61018.82545125818,62442.59804512087,61018.82545125818,1.3559738989168484,corporate-actions-v2,blocked_unresolved_material_event,False
2021-02-19,BHN,74500.0,78000.0,74000.0,74000.0,64495.0546875,710.0,52540000.0,finance_datareader_yahoo_hose,https://github.com/FinanceData/FinanceDataReader,2026-07-30T05:41:02.175037+00:00,2021-02-20,558abf9223a96689f03a56e211a800ef32d261229a04203bafa0dc36cd7e9cd5,finance-datareader-yahoo-hose-v2-business-day,real,VN000000BHN0,,-0.0573248407643312,-0.022069448343751907,-0.0573248407643312,,no_event_raw_close,73999.99999999997,74499.99999999997,77999.99999999997,73999.99999999997,0.9999999999999996,corporate-actions-v2,blocked_unresolved_material_event,False
2022-02-11,BHN,61700.0,61700.0,57000.0,61600.0,55806.09375,5700.0,351120000.0,finance_datareader_yahoo_hose,https://github.com/FinanceData/FinanceDataReader,2026-07-30T05:41:02.175037+00:00,2022-02-12,558abf9223a96689f03a56e211a800ef32d261229a04203bafa0dc36cd7e9cd5,finance-datareader-yahoo-hose-v2-business-day,real,VN000000BHN0,,-0.01754385964912286,0.02122020086493448,-0.01754385964912286,,no_event_raw_close,63938.24561403507,64042.0414673046,64042.0414673046,59163.63636363634,1.0379585326953744,corporate-actions-v2,blocked_unresolved_material_event,False
2023-11-20,BHN,41500.0,41500.0,41050.0,41500.0,38699.71484375,3100.0,128650000.0,finance_datareader_yahoo_hose,https://github.com/FinanceData/FinanceDataReader,2026-07-30T05:41:02.175037+00:00,2023-11-21,7482a6ea40564d281e53a8ae966397f4fdbbdf3fb86214fb110571969d2f6946,finance-datareader-yahoo-hose-v2-business-day,real,VN000000BHN0,,-0.014251781472684133,0.014669971223562506,-0.014251781472684133,,no_event_raw_close,44303.07803626968,44303.07803626968,44303.07803626968,43822.68321418965,1.0675440490667394,corporate-actions-v2,blocked_unresolved_material_event,False
2024-08-16,BHN,39450.0,39450.0,38300.0,39400.0,38191.734375,1800.0,70920000.0,finance_datareader_yahoo_hose,https://github.com/FinanceData/FinanceDataReader,2026-07-30T05:41:02.175037+00:00,2024-08-17,558abf9223a96689f03a56e211a800ef32d261229a04203bafa0dc36cd7e9cd5,finance-datareader-yahoo-hose-v2-business-day,real,VN000000BHN0,,-0.0025316455696202667,0.036842096890931986,-0.0025316455696202667,,no_event_raw_close,43658.4976420863,43713.901826911286,43713.901826911286,42439.60557593669,1.1080836964996523,corporate-actions-v2,blocked_unresolved_material_event,False
2025-06-10,BHN,36100.0,36300.0,36100.0,36100.0,36100.0,1900.0,68590000.0,finance_datareader_yahoo_hose,https://github.com/FinanceData/FinanceDataReader,2026-07-30T05:41:02.175037+00:00,2025-06-11,558abf9223a96689f03a56e211a800ef32d261229a04203bafa0dc36cd7e9cd5,finance-datareader-yahoo-hose-v2-business-day,real,VN000000BHN0,,-0.03733333333333333,-0.00687757909215958,-0.03733333333333333,,no_event_raw_close,41228.54396790903,41228.54396790903,41456.95695388082,41228.54396790903,1.1420649298589758,corporate-actions-v2,blocked_unresolved_material_event,False
2020-10-29,BIC,11143.3544921875,11433.5458984375,11027.2783203125,11201.392578125,8016.16064453125,118507.0,1327443430.2558594,finance_datareader_yahoo_hose,https://github.com/FinanceData/FinanceDataReader,2026-07-30T05:41:23.780374+00:00,2020-10-30,1ea63392dc783e6131ad81c9d5dc0525999879b3f15c78d25b7dfaa215ab1995,finance-datareader-yahoo-hose-v2-business-day,real,VN000000BIC1,,-0.0539216114853468,-0.015306238430276564,-0.0539216114853468,,no_event_raw_close,11958.255288936733,11896.29564925075,12206.094890228153,11772.376369878782,1.0675686264482682,corporate-actions-v2,blocked_unresolved_material_event,False
2021-08-05,BIC,14509.576171875,14509.576171875,14509.576171875,14509.576171875,10907.171875,0.0,0.0,finance_datareader_yahoo_hose,https://github.com/FinanceData/FinanceDataReader,2026-07-30T05:41:23.780374+00:00,2021-08-06,1ea63392dc783e6131ad81c9d5dc0525999879b3f15c78d25b7dfaa215ab1995,finance-datareader-yahoo-hose-v2-business-day,real,VN000000BIC1,,0.0,0.05042003845446308,0.0,,no_event_raw_close,16771.05065589303,16771.05065589303,16771.05065589303,16771.05065589303,1.1558608230336607,corporate-actions-v2,blocked_unresolved_material_event,False
2022-08-23,BIC,17643.64453125,17643.64453125,16453.859375,17411.4921875,14304.7451171875,24294.0,422994791.203125,finance_datareader_yahoo_hose,https://github.com/FinanceData/FinanceDataReader,2026-07-30T05:41:23.780374+00:00,2022-08-24,1ea63392dc783e6131ad81c9d5dc0525999879b3f15c78d25b7dfaa215ab1995,finance-datareader-yahoo-hose-v2-business-day,real,VN000000BIC1,,-0.013157845213828567,0.0785353625345655,-0.013157845213828567,,no_event_raw_close,20125.261690087897,20393.597489203963,20393.597489203963,19018.371439267605,1.1558608230336602,corporate-actions-v2,blocked_unresolved_material_event,False
2022-09-15,BIC,16279.7451171875,17063.26171875,16279.7451171875,16831.109375,14519.3173828125,19814.0,333491601.15625,finance_datareader_yahoo_hose,https://github.com/FinanceData/FinanceDataReader,2026-07-30T05:41:23.780374+00:00,2022-09-16,1ea63392dc783e6131ad81c9d5dc0525999879b3f15c78d25b7dfaa215ab1995,finance-datareader-yahoo-hose-v2-business-day,real,VN000000BIC1,,-0.07936504544989342,-0.033333263981277006,-0.07936504544989342,,no_event_raw_close,21050.608749176816,20361.01942913289,21340.960861423468,20361.01942913289,1.2506964502556337,corporate-actions-v2,blocked_unresolved_material_event,False
2023-09-15,BIC,15206.0361328125,15583.28515625,15177.0166015625,15177.0166015625,13737.1201171875,402665.0,6111253389.868164,finance_datareader_yahoo_hose,https://github.com/FinanceData/FinanceDataReader,2026-07-30T05:41:23.780374+00:00,2023-09-16,1ea63392dc783e6131ad81c9d5dc0525999879b3f15c78d25b7dfaa215ab1995,finance-datareader-yahoo-hose-v2-business-day,real,VN000000BIC1,,-0.055956680564355876,-0.009469631354668273,-0.055956680564355876,,no_event_raw_close,20516.76590610242,20555.99541642,21065.972449809822,20516.76590610242,1.3518312883699544,corporate-actions-v2,blocked_unresolved_material_event,False
2024-09-16,BIC,17962.85546875,18398.142578125,17962.85546875,18282.06640625,17348.271484375,98038.0,1792337226.3359375,finance_datareader_yahoo_hose,https://github.com/FinanceData/FinanceDataReader,2026-07-30T05:41:23.780374+00:00,2024-09-17,3dac28a4a4a5c214ffc4b9d0a71eda2598c7cb3e167469c55e394f63cce86680,finance-datareader-yahoo-hose-v2-business-day,real,VN000000BIC1,,-0.030769218025147982,0.016129017496887776,-0.030769218025147982,,no_event_raw_close,26679.624129113272,26213.789051110798,26849.01792558874,26213.789051110798,1.4593330718890967,corporate-actions-v2,blocked_unresolved_material_event,False
2025-09-10,BIC,29900.0,29900.0,27300.0,27750.0,27750.0,445300.0,12357075000.0,finance_datareader_yahoo_hose,https://github.com/FinanceData/FinanceDataReader,2026-07-30T05:41:23.780374+00:00,2025-09-11,1ea63392dc783e6131ad81c9d5dc0525999879b3f15c78d25b7dfaa215ab1995,finance-datareader-yahoo-hose-v2-business-day,real,VN000000BIC1,,-0.055074121613982396,-0.004212193634751671,-0.055074121613982396,,no_event_raw_close,40496.49274492249,43634.058849484056,43634.058849484056,39839.7928625724,1.4593330718890989,corporate-actions-v2,blocked_unresolved_material_event,False
2021-01-01,BID,33337.66796875,33796.28125,33161.27734375,33796.28125,32883.08203125,1902576.0,64299993595.5,finance_datareader_yahoo_hose,https://github.com/FinanceData/FinanceDataReader,2026-07-30T05:38:03.687122+00:00,2021-01-02,1b9aa3a1c5461250d6022a1ddf63bb39c540f5f2363b9f8b6e72af3c6ab5f6e0,finance-datareader-yahoo-hose-v2-business-day,real,VN000000BID9,,-0.003121809086867988,0.01078637586884379,-0.003121809086867988,,no_event_raw_close,34593.783802730504,34124.348465059345,34593.783802730504,33943.79548939494,1.0235973463124883,corporate-actions-v2,blocked_unresolved_material_event,False
2025-10-15,BID,41000.0,41150.0,40750.0,40900.0,40431.6796875,4326200.0,176941580000.0,finance_datareader_yahoo_hose,https://github.com/FinanceData/FinanceDataReader,2026-07-30T05:38:03.687122+00:00,2025-10-16,1b9aa3a1c5461250d6022a1ddf63bb39c540f5f2363b9f8b6e72af3c6ab5f6e0,finance-datareader-yahoo-hose-v2-business-day,real,VN000000BID9,,0.0,0.011124853699396642,0.0,,no_event_raw_close,42602.83547669029,42706.99888861374,42863.24400649891,42446.59035880512,1.0416341192344816,corporate-actions-v2,blocked_unresolved_material_event,False
2020-07-14,BMC,10900.0,11100.0,10300.0,11100.0,8449.4912109375,21970.0,243867000.0,finance_datareader_yahoo_hose,https://github.com/FinanceData/FinanceDataReader,2026-07-30T05:57:02.289692+00:00,2020-07-15,5e015c6aec49999c4477295567cd2cd02d78a0281ca598091e5278b93da612d5,finance-datareader-yahoo-hose-v2-business-day,real,VN000000BMC3,,-0.0672268907563025,2.3115302472120902e-07,-0.0672268907563025,,no_event_raw_close,11099.999999999996,10899.999999999996,11099.999999999996,10299.999999999996,0.9999999999999997,corporate-actions-v2,blocked_unresolved_material_event,False
2022-01-19,BMC,23200.0,23250.0,22000.0,22500.0,17714.15234375,67300.0,1514250000.0,finance_datareader_yahoo_hose,https://github.com/FinanceData/FinanceDataReader,2026-07-30T05:57:02.289692+00:00,2022-01-20,5e015c6aec49999c4477295567cd2cd02d78a0281ca598091e5278b93da612d5,finance-datareader-yahoo-hose-v2-business-day,real,VN000000BMC3,,-0.06832298136645965,-0.03640245993636393,-0.06832298136645965,,no_event_raw_close,22499.99999999996,23199.99999999996,23249.99999999996,21999.99999999996,0.9999999999999982,corporate-actions-v2,blocked_unresolved_material_event,False
2022-09-01,BMC,18000.0,18000.0,17250.0,17550.0,14455.9755859375,76100.0,1335555000.0,finance_datareader_yahoo_hose,https://github.com/FinanceData/FinanceDataReader,2026-07-30T05:57:02.289692+00:00,2022-09-02,5e015c6aec49999c4477295567cd2cd02d78a0281ca598091e5278b93da612d5,finance-datareader-yahoo-hose-v2-business-day,real,VN000000BMC3,,-0.03038674033149169,0.014450881510762237,-0.03038674033149169,,no_event_raw_close,18325.690607734756,18795.580110497183,18795.580110497183,18012.430939226466,1.0441988950276213,corporate-actions-v2,blocked_unresolved_material_event,False
2023-05-31,BMC,13900.0,13900.0,13450.0,13600.0,11951.951171875,56400.0,767040000.0,finance_datareader_yahoo_hose,https://github.com/FinanceData/FinanceDataReader,2026-07-30T05:57:02.289692+00:00,2023-06-01,5e015c6aec49999c4477295567cd2cd02d78a0281ca598091e5278b93da612d5,finance-datareader-yahoo-hose-v2-business-day,real,VN000000BMC3,,-0.05226480836236935,0.01115243785614295,-0.05226480836236935,,no_event_raw_close,15091.766608273758,15424.673224632737,15424.673224632737,14925.313300094267,1.1096887211965998,corporate-actions-v2,blocked_unresolved_material_event,False
2024-05-21,BMC,17700.0,17700.0,17050.0,17300.0,16229.046875,54800.0,948040000.0,finance_datareader_yahoo_hose,https://github.com/FinanceData/FinanceDataReader,2026-07-30T05:57:02.289692+00:00,2024-05-22,5e015c6aec49999c4477295567cd2cd02d78a0281ca598091e5278b93da612d5,finance-datareader-yahoo-hose-v2-business-day,real,VN000000BMC3,,-0.0494505494505495,0.01466279563114603,-0.0494505494505495,,no_event_raw_close,20410.650981547642,20882.573547594984,20882.573547594984,20115.69937776805,1.1798064151183607,corporate-actions-v2,blocked_unresolved_material_event,False
2025-07-25,BMC,21200.0,21200.0,20900.0,21200.0,21200.0,266300.0,5645560000.0,finance_datareader_yahoo_hose,https://github.com/FinanceData/FinanceDataReader,2026-07-30T05:57:02.289692+00:00,2025-07-26,5e015c6aec49999c4477295567cd2cd02d78a0281ca598091e5278b93da612d5,finance-datareader-yahoo-hose-v2-business-day,real,VN000000BMC3,,0.00952380952380949,0.07614213197969533,0.00952380952380949,,no_event_raw_close,25011.896000509256,25011.896000509256,25011.896000509256,24657.954075973747,1.1798064151183612,corporate-actions-v2,blocked_unresolved_material_event,False
2020-05-15,BMI,13349.3525390625,13592.068359375,12803.2431640625,13045.9580078125,10453.5498046875,686087.0,8950662191.706055,finance_datareader_yahoo_hose,https://github.com/FinanceData/FinanceDataReader,2026-07-30T05:42:12.921941+00:00,2020-05-16,5ff2abb8522758866dcf68a42af28f8279c5f0115da3a99ca5643e13f0a35122,finance-datareader-yahoo-hose-v2-business-day,real,VN000000BMI0,,-0.08119656973365685,-0.01826481505581601,-0.08119656973365685,,no_event_raw_close,14424.163153212008,14759.608983707678,15027.965864049977,14155.80735259853,1.1056423104055815,corporate-actions-v2,blocked_unresolved_material_event,False
2021-06-04,BMI,21116.248046875,21116.248046875,20024.029296875,20509.458984375,17406.375,129072.0,2647196890.03125,finance_datareader_yahoo_hose,https://github.com/FinanceData/FinanceDataReader,2026-07-30T05:42:12.921941+00:00,2021-06-05,5ff2abb8522758866dcf68a42af28f8279c5f0115da3a99ca5643e13f0a35122,finance-datareader-yahoo-hose-v2-business-day,real,VN000000BMI0,,-0.05586595092065905,0.0,-0.05586595092065905,,no_event_raw_close,24763.874719366202,25496.53413940646,25496.53413940646,24177.74906995393,1.2074367606786898,corporate-actions-v2,blocked_unresolved_material_event,False
2022-05-12,BMI,25485.126953125,25485.126953125,24174.46484375,25048.240234375,22447.53125,379319.0,9501273437.46289,finance_datareader_yahoo_hose,https://github.com/FinanceData/FinanceDataReader,2026-07-30T05:42:12.921941+00:00,2022-05-13,5ff2abb8522758866dcf68a42af28f8279c5f0115da3a99ca5643e13f0a35122,finance-datareader-yahoo-hose-v2-business-day,real,VN000000BMI0,,-0.017142811160155036,0.037833378468422385,-0.017142811160155036,,no_event_raw_close,30244.16604929541,30771.67913376645,30771.67913376645,29189.1375220784,1.207436760678691,corporate-actions-v2,blocked_unresolved_material_event,False
2022-05-31,BMI,23009.4296875,23118.65234375,22718.169921875,23009.4296875,21608.603515625,376709.0,8667859248.148438,finance_datareader_yahoo_hose,https://github.com/FinanceData/FinanceDataReader,2026-07-30T05:42:12.921941+00:00,2022-06-01,5ff2abb8522758866dcf68a42af28f8279c5f0115da3a99ca5643e13f0a35122,finance-datareader-yahoo-hose-v2-business-day,real,VN000000BMI0,,-0.03658534889964604,0.009584643837230233,-0.03658534889964604,,no_event_raw_close,29527.32464521162,29527.32464521162,29667.486868852397,29153.55955096551,1.283270600194515,corporate-actions-v2,blocked_unresolved_material_event,False
2023-06-07,BMI,18058.033203125,18058.033203125,17730.3671875,17730.3671875,16992.841796875,197213.0,3496658904.1484375,finance_datareader_yahoo_hose,https://github.com/FinanceData/FinanceDataReader,2026-07-30T05:42:12.921941+00:00,2023-06-08,5ff2abb8522758866dcf68a42af28f8279c5f0115da3a99ca5643e13f0a35122,finance-datareader-yahoo-hose-v2-business-day,real,VN000000BMI0,,-0.02012077690468217,-1.1493808971252406e-07,-0.02012077690468217,,no_event_raw_close,23381.58404174209,23813.687359227813,23813.687359227813,23381.584041742095,1.318730954327118,corporate-actions-v2,blocked_unresolved_material_event,False
2024-06-12,BMI,20945.134765625,21385.662109375,20224.26953125,20224.26953125,19757.1953125,961719.0,19450064269.32422,finance_datareader_yahoo_hose,https://github.com/FinanceData/FinanceDataReader,2026-07-30T05:42:12.921941+00:00,2024-06-13,5ff2abb8522758866dcf68a42af28f8279c5f0115da3a99ca5643e13f0a35122,finance-datareader-yahoo-hose-v2-business-day,real,VN000000BMI0,,-0.04356061165857783,-0.025096548911304528,-0.04356061165857783,,no_event_raw_close,27301.0133731859,28274.119045730815,28868.79283033348,27301.0133731859,1.349913445872599,corporate-actions-v2,blocked_unresolved_material_event,False
2025-06-09,BMI,19207.048828125,19383.259765625,18942.73046875,19339.20703125,19339.20703125,5290008.0,102304559908.96875,finance_datareader_yahoo_hose,https://github.com/FinanceData/FinanceDataReader,2026-07-30T05:42:12.921941+00:00,2025-06-10,47dd58dd544a07cab6da501b930120144ddbf4b7acfdcababa803fc30aba6de9,finance-datareader-yahoo-hose-v2-business-day,real,VN000000BMI0,,0.013856771786863176,0.037825052907027645,0.013856771786863176,,no_event_raw_close,26790.565048210272,26607.486552191604,26851.591213549826,26241.326854494087,1.3852980116981894,corporate-actions-v2,blocked_unresolved_material_event,False
2020-05-06,BMP,44100.0,45100.0,44100.0,45000.0,24916.078125,130080.0,5853600000.0,finance_datareader_yahoo_hose,https://github.com/FinanceData/FinanceDataReader,2026-07-30T05:39:47.062884+00:00,2020-05-07,c7037e82c738934aa6dfacc429aff5519c58a53eec8e5d4d4521463d7d84bcdb,finance-datareader-yahoo-hose-v2-business-day,real,VN000000BMP5,,-0.036402569593147804,0.006711577816984171,-0.036402569593147804,,no_event_raw_close,46927.19486081372,45988.65096359744,47031.477516059975,45988.65096359744,1.042826552462527,corporate-actions-v2,candidate_no_known_unresolved_event,False
2020-07-20,BMP,53500.0,53900.0,53000.0,53500.0,30181.353515625,78260.0,4186910000.0,finance_datareader_yahoo_hose,https://github.com/FinanceData/FinanceDataReader,2026-07-30T05:39:47.062884+00:00,2020-07-21,2a4b381431084d521a2ba98fd23886a9552c0920575feb48e0dde2a9c48bff7c,finance-datareader-yahoo-hose-v2-business-day,real,VN000000BMP5,,-0.0092592592592593,0.009433818059532584,-0.0092592592592593,,no_event_raw_close,56824.39130779601,56824.39130779602,57249.24656991038,56293.32223015306,1.0621381552859068,corporate-actions-v2,candidate_no_known_unresolved_event,False
2020-10-08,BMP,57700.0,59500.0,57400.0,57400.0,33951.90625,341930.0,19626782000.0,finance_datareader_yahoo_hose,https://github.com/FinanceData/FinanceDataReader,2026-07-30T05:39:47.062884+00:00,2020-10-09,c7037e82c738934aa6dfacc429aff5519c58a53eec8e5d4d4521463d7d84bcdb,finance-datareader-yahoo-hose-v2-business-day,real,VN000000BMP5,,-0.06514657980456029,-0.019808761117624973,-0.06514657980456029,,no_event_raw_close,63786.689617028074,64120.069527918466,66120.3489932608,63786.689617028074,1.1112663696346354,corporate-actions-v2,candidate_no_known_unresolved_event,False
2021-02-05,BMP,60900.0,60900.0,60000.0,60100.0,36733.9140625,11350.0,682135000.0,finance_datareader_yahoo_hose,https://github.com/FinanceData/FinanceDataReader,2026-07-30T05:39:47.062884+00:00,2021-02-06,c7037e82c738934aa6dfacc429aff5519c58a53eec8e5d4d4521463d7d84bcdb,finance-datareader-yahoo-hose-v2-business-day,real,VN000000BMP5,,-0.030645161290322576,0.0016666604532162843,-0.030645161290322576,,no_event_raw_close,68941.53168004293,69859.22261754765,69859.22261754765,68826.82031285483,1.1471136718809138,corporate-actions-v2,candidate_no_known_unresolved_event,False
2021-05-18,BMP,58000.0,58000.0,57100.0,57200.0,35864.09765625,2690.0,153868000.0,finance_datareader_yahoo_hose,https://github.com/FinanceData/FinanceDataReader,2026-07-30T05:39:47.062884+00:00,2021-05-19,c7037e82c738934aa6dfacc429aff5519c58a53eec8e5d4d4521463d7d84bcdb,finance-datareader-yahoo-hose-v2-business-day,real,VN000000BMP5,,-0.027210884353741527,-0.002093588469546881,-0.027210884353741527,,no_event_raw_close,67266.43357932213,68207.2228601518,68207.2228601518,67148.83491921841,1.1759866010371,corporate-actions-v2,candidate_no_known_unresolved_event,False
2022-01-17,BMP,56500.0,58300.0,56500.0,57700.0,36959.30078125,7400.0,426980000.0,finance_datareader_yahoo_hose,https://github.com/FinanceData/FinanceDataReader,2026-07-30T05:39:47.062884+00:00,2022-01-18,2a4b381431084d521a2ba98fd23886a9552c0920575feb48e0dde2a9c48bff7c,finance-datareader-yahoo-hose-v2-business-day,real,VN000000BMP5,,-0.02368866328257191,-0.0025929304721037383,-0.02368866328257191,,no_event_raw_close,69289.5881928661,67848.55689596073,70010.10384131878,67848.55689596073,1.2008594140878006,corporate-actions-v2,candidate_no_known_unresolved_event,False
2022-05-12,BMP,57000.0,57000.0,55600.0,55600.0,36484.375,12200.0,678320000.0,finance_datareader_yahoo_hose,https://github.com/FinanceData/FinanceDataReader,2026-07-30T05:39:47.062884+00:00,2022-05-13,c7037e82c738934aa6dfacc429aff5519c58a53eec8e5d4d4521463d7d84bcdb,finance-datareader-yahoo-hose-v2-business-day,real,VN000000BMP5,,-0.017667844522968212,0.006334628674912635,-0.017667844522968212,,no_event_raw_close,68360.30122578055,70081.60377463113,70081.60377463113,68360.30122578055,1.2295018206075639,corporate-actions-v2,candidate_no_known_unresolved_event,False
2022-10-27,BMP,58900.0,60900.0,58100.0,59000.0,40809.98828125,130100.0,7675900000.0,finance_datareader_yahoo_hose,https://github.com/FinanceData/FinanceDataReader,2026-07-30T05:39:47.062884+00:00,2022-10-28,c7037e82c738934aa6dfacc429aff5519c58a53eec8e5d4d4521463d7d84bcdb,finance-datareader-yahoo-hose-v2-business-day,real,VN000000BMP5,,-0.023178807947019875,0.029668458480213156,-0.023178807947019875,,no_event_raw_close,76263.71806136146,76134.45752227442,78719.66830401547,75100.37320957799,1.2926053908705333,corporate-actions-v2,candidate_no_known_unresolved_event,False
2023-05-22,BMP,79700.0,80000.0,75100.0,75500.0,55695.74609375,691600.0,52215800000.0,finance_datareader_yahoo_hose,https://github.com/FinanceData/FinanceDataReader,2026-07-30T05:39:47.062884+00:00,2023-05-23,2a4b381431084d521a2ba98fd23886a9552c0920575feb48e0dde2a9c48bff7c,finance-datareader-yahoo-hose-v2-business-day,real,VN000000BMP5,,-0.11176470588235299,-0.052697588384028826,-0.11176470588235299,,no_event_raw_close,103676.83697727651,109444.29016011838,109856.25110174995,103127.55572176777,1.3732031387718744,corporate-actions-v2,candidate_no_known_unresolved_event,False
2023-11-21,BMP,89500.0,90400.0,89000.0,89900.0,71134.9453125,213600.0,19202640000.0,finance_datareader_yahoo_hose,https://github.com/FinanceData/FinanceDataReader,2026-07-30T05:39:47.062884+00:00,2023-11-22,c7037e82c738934aa6dfacc429aff5519c58a53eec8e5d4d4521463d7d84bcdb,finance-datareader-yahoo-hose-v2-business-day,real,VN000000BMP5,,-0.06354166666666672,0.0044695070734375175,-0.06354166666666672,,no_event_raw_close,131809.6210728971,131223.14889904662,132542.71129021022,130490.05868173351,1.4661804346262193,corporate-actions-v2,candidate_no_known_unresolved_event,False
2024-05-20,BMP,113000.0,114700.0,112800.0,112800.0,94073.140625,267500.0,30174000000.0,finance_datareader_yahoo_hose,https://github.com/FinanceData/FinanceDataReader,2026-07-30T05:39:47.062884+00:00,2024-05-21,2a4b381431084d521a2ba98fd23886a9552c0920575feb48e0dde2a9c48bff7c,finance-datareader-yahoo-hose-v2-business-day,real,VN000000BMP5,,-0.052896725440806036,-0.0017699170800065112,-0.052896725440806036,,no_event_raw_close,173855.7611992853,174164.01609502872,176784.18270884771,173855.7611992853,1.5412744787170682,corporate-actions-v2,candidate_no_known_unresolved_event,False
2024-11-14,BMP,127500.0,127500.0,123700.0,125000.0,108968.3125,163700.0,20462500000.0,finance_datareader_yahoo_hose,https://github.com/FinanceData/FinanceDataReader,2026-07-30T05:39:47.062884+00:00,2024-11-15,c7037e82c738934aa6dfacc429aff5519c58a53eec8e5d4d4521463d7d84bcdb,finance-datareader-yahoo-hose-v2-business-day,real,VN000000BMP5,,-0.05660377358490565,-0.013884432843407901,-0.05660377358490565,,no_event_raw_close,201005.4565451392,205025.565676042,205025.565676042,198914.99979706976,1.6080436523611137,corporate-actions-v2,candidate_no_known_unresolved_event,False
2025-05-20,BMP,140600.0,144000.0,140000.0,141000.0,128297.8828125,204500.0,28834500000.0,finance_datareader_yahoo_hose,https://github.com/FinanceData/FinanceDataReader,2026-07-30T05:39:47.062884+00:00,2025-05-21,c7037e82c738934aa6dfacc429aff5519c58a53eec8e5d4d4521463d7d84bcdb,finance-datareader-yahoo-hose-v2-business-day,real,VN000000BMP5,,-0.05369127516778527,-0.012259149838604655,-0.05369127516778527,,no_event_raw_close,236244.81584629472,235574.61778715628,241271.3012898329,234569.32069844866,1.6754951478460618,corporate-actions-v2,candidate_no_known_unresolved_event,False
2025-11-18,BMP,166400.0,167400.0,163500.0,166600.0,157585.265625,117600.0,19592160000.0,finance_datareader_yahoo_hose,https://github.com/FinanceData/FinanceDataReader,2026-07-30T05:39:47.062884+00:00,2025-11-19,c7037e82c738934aa6dfacc429aff5519c58a53eec8e5d4d4521463d7d84bcdb,finance-datareader-yahoo-hose-v2-business-day,real,VN000000BMP5,,-0.025160912814511383,0.013381964085401155,-0.025160912814511383,,no_event_raw_close,289754.1896744686,289406.34550919314,291145.5663355705,284362.6051126988,1.7392208263773625,corporate-actions-v2,candidate_no_known_unresolved_event,False
2021-07-19,BRC,13900.0,13900.0,13900.0,13900.0,9050.0791015625,0.0,0.0,finance_datareader_yahoo_hose,https://github.com/FinanceData/FinanceDataReader,2026-07-30T05:56:54.613602+00:00,2021-07-20,88ffff8904dd29ca4bab9cb8c020b21a8339544096f571689712f21be49734a0,finance-datareader-yahoo-hose-v2-business-day,real,VN000000BRC2,,0.0,0.07751939697020083,0.0,,no_event_raw_close,14899.999999999989,14899.999999999987,14899.999999999987,14899.999999999987,1.0719424460431646,corporate-actions-v2,blocked_unresolved_material_event,False
2022-08-08,BRC,14300.0,15300.0,13400.0,15200.0,10726.9638671875,8700.0,132240000.0,finance_datareader_yahoo_hose,https://github.com/FinanceData/FinanceDataReader,2026-07-30T05:56:54.613602+00:00,2022-08-09,88ffff8904dd29ca4bab9cb8c020b21a8339544096f571689712f21be49734a0,finance-datareader-yahoo-hose-v2-business-day,real,VN000000BRC2,,-0.01935483870967747,0.06293708797488073,-0.01935483870967747,,no_event_raw_close,17554.959387328807,16515.52100255276,17670.45254119281,15476.082617776712,1.1549315386400532,corporate-actions-v2,blocked_unresolved_material_event,False
2023-06-26,BRC,14000.0,14000.0,13850.0,13850.0,10740.0732421875,3600.0,49860000.0,finance_datareader_yahoo_hose,https://github.com/FinanceData/FinanceDataReader,2026-07-30T05:56:54.613602+00:00,2023-06-27,88ffff8904dd29ca4bab9cb8c020b21a8339544096f571689712f21be49734a0,finance-datareader-yahoo-hose-v2-business-day,real,VN000000BRC2,,-0.003597122302158251,0.09486165889858733,-0.003597122302158251,,no_event_raw_close,15995.80181016471,16169.04154096072,16169.04154096072,15995.801810164712,1.1549315386400514,corporate-actions-v2,blocked_unresolved_material_event,False
2023-07-06,BRC,13700.0,13700.0,13050.0,13050.0,11043.0390625,9800.0,127890000.0,finance_datareader_yahoo_hose,https://github.com/FinanceData/FinanceDataReader,2026-07-30T05:56:54.613602+00:00,2023-07-07,2e1f1927a12150b40bdcb586149c54dd1bacf8480bab0268441089ebc17be8e6,finance-datareader-yahoo-hose-v2-business-day,real,VN000000BRC2,,-0.1270903010033445,-0.04744531142729824,-0.1270903010033445,,no_event_raw_close,16332.045256447707,17145.51877496809,17145.51877496809,16332.045256447707,1.2514977208005906,corporate-actions-v2,blocked_unresolved_material_event,False
2024-08-06,BRC,12900.0,12900.0,12300.0,12500.0,11479.591796875,49000.0,612500000.0,finance_datareader_yahoo_hose,https://github.com/FinanceData/FinanceDataReader,2026-07-30T05:56:54.613602+00:00,2024-08-07,2e1f1927a12150b40bdcb586149c54dd1bacf8480bab0268441089ebc17be8e6,finance-datareader-yahoo-hose-v2-business-day,real,VN000000BRC2,,-0.1071428571428571,-0.0310077308508222,-0.1071428571428571,,no_event_raw_close,15643.721510007363,16144.320598327598,16144.320598327598,15393.421965847245,1.251497720800589,corporate-actions-v2,blocked_unresolved_material_event,False
2025-08-06,BRC,14600.0,14900.0,14600.0,14700.0,14700.0,63300.0,930510000.0,finance_datareader_yahoo_hose,https://github.com/FinanceData/FinanceDataReader,2026-07-30T05:56:54.613602+00:00,2025-08-07,2e1f1927a12150b40bdcb586149c54dd1bacf8480bab0268441089ebc17be8e6,finance-datareader-yahoo-hose-v2-business-day,real,VN000000BRC2,,0.0,0.0888888888888888,0.0,,no_event_raw_close,19898.813760729357,19763.447680724395,20169.54592073928,19763.447680724395,1.3536608000496162,corporate-actions-v2,blocked_unresolved_material_event,False
2022-10-10,BSI,7819.713084921498,7869.839234036408,7569.080930055467,7569.080930055467,7445.798460227705,919681.0,6961139918.834342,fdr_segment_scaled_by_cafef_crosscheck,https://cafef.vn/du-lieu/lich-su-giao-dich-hose/all-1.chn,2026-07-30T05:40:58.426200+00:00,2022-10-11,8301cbd531864b8f424a6eaf9af5839e5c549d2d72dd796edd282724de9980f7,fdr-cafef-segment-scale-v1,real,VN000000BSI7,,-0.09580841818084274,-0.06981528219767896,-0.09580841818084274,,no_event_raw_close,8202.015037328854,8473.605303313005,8527.923051082265,8202.015037328854,1.0836209987873322,corporate-actions-v2,blocked_unresolved_material_event,False
2023-07-06,BSI,11673.57847689252,11673.57847689252,11239.884995975312,11312.166616443077,11312.166616443077,2127337.0,24064790593.32417,fdr_segment_scaled_by_cafef_crosscheck,https://cafef.vn/du-lieu/lich-su-giao-dich-hose/all-1.chn,2026-07-30T05:40:58.426200+00:00,2023-07-07,77c66b05b800245d03c82c4e02a1fdb24f17e4efae22f409472f2e83d77782c8,fdr-cafef-segment-scale-v1,real,VN000000BSI7,,0.019606923246745067,0.036488840218239726,0.019606923246745067,,no_event_raw_close,13423.440087996258,13852.304921792333,13852.304921792333,13337.668013139972,1.1866374093610226,corporate-actions-v2,blocked_unresolved_material_event,False
2020-09-15,BTP,13450.0,14700.0,13450.0,14400.0,9123.021484375,34760.0,500544000.0,finance_datareader_yahoo_hose,https://github.com/FinanceData/FinanceDataReader,2026-07-30T05:45:15.340362+00:00,2020-09-16,49a35658669792ae66b53c0b12ff86cc04b56e71d0fb6618ce2bbf5996354642,finance-datareader-yahoo-hose-v2-business-day,real,VN000000BTP0,,-0.07096774193548383,0.0,-0.07096774193548383,,no_event_raw_close,15421.935483870955,14404.516129032247,15743.2258064516,14404.516129032247,1.070967741935483,corporate-actions-v2,candidate_no_known_unresolved_event,False
2021-09-20,BTP,16400.0,17000.0,15500.0,16450.0,11118.681640625,7000.0,115150000.0,finance_datareader_yahoo_hose,https://github.com/FinanceData/FinanceDataReader,2026-07-30T05:45:15.340362+00:00,2021-09-21,a0d69be2a2728eac7ff0bfb7f5d380ec7f30d048307836c5af546663f5117c8f,finance-datareader-yahoo-hose-v2-business-day,real,VN000000BTP0,,-0.06267806267806264,0.0,-0.06267806267806264,,no_event_raw_close,18721.645069387,18664.740373127464,19347.596728241882,17640.455840455834,1.138093925190699,corporate-actions-v2,candidate_no_known_unresolved_event,False
2022-10-10,BTP,14500.0,15450.0,14000.0,15450.0,11526.798828125,11800.0,182310000.0,finance_datareader_yahoo_hose,https://github.com/FinanceData/FinanceDataReader,2026-07-30T05:45:15.340362+00:00,2022-10-11,a0d69be2a2728eac7ff0bfb7f5d380ec7f30d048307836c5af546663f5117c8f,finance-datareader-yahoo-hose-v2-business-day,real,VN000000BTP0,,-0.031347962382445194,0.0692042657143499,-0.031347962382445194,,no_event_raw_close,19237.176643650466,18054.30817688879,19237.176643650466,17431.74582596159,1.2451247018543992,corporate-actions-v2,candidate_no_known_unresolved_event,False
2023-09-15,BTP,14800.0,15450.0,14700.0,14700.0,11844.6259765625,10300.0,151410000.0,finance_datareader_yahoo_hose,https://github.com/FinanceData/FinanceDataReader,2026-07-30T05:45:15.340362+00:00,2023-09-16,49a35658669792ae66b53c0b12ff86cc04b56e71d0fb6618ce2bbf5996354642,finance-datareader-yahoo-hose-v2-business-day,real,VN000000BTP0,,-0.09259259259259256,-0.019999959600611628,-0.09259259259259256,,no_event_raw_close,19659.135570389986,19792.871186515087,20662.15269132825,19659.135570389986,1.3373561612510194,corporate-actions-v2,candidate_no_known_unresolved_event,False
2023-12-20,BTP,16450.0,16500.0,16100.0,16250.0,13487.0927734375,172700.0,2806375000.0,finance_datareader_yahoo_hose,https://github.com/FinanceData/FinanceDataReader,2026-07-30T05:45:15.340362+00:00,2023-12-21,49a35658669792ae66b53c0b12ff86cc04b56e71d0fb6618ce2bbf5996354642,finance-datareader-yahoo-hose-v2-business-day,real,VN000000BTP0,,-0.012158054711246202,0.017532843044400614,-0.012158054711246202,,no_event_raw_close,22366.16394602865,22641.43980997977,22710.25877596755,22159.707048065306,1.3763793197556091,corporate-actions-v2,candidate_no_known_unresolved_event,False
2024-03-15,BTP,17400.0,17400.0,16400.0,16650.0,15920.966796875,427100.0,7111215000.0,finance_datareader_yahoo_hose,https://github.com/FinanceData/FinanceDataReader,2026-07-30T05:45:15.340362+00:00,2024-03-16,49a35658669792ae66b53c0b12ff86cc04b56e71d0fb6618ce2bbf5996354642,finance-datareader-yahoo-hose-v2-business-day,real,VN000000BTP0,,-0.16957605985037405,-0.04326840129152054,-0.16957605985037405,,no_event_raw_close,25942.179334224904,27110.745970901702,27110.745970901702,25552.657121999306,1.5580888489023967,corporate-actions-v2,candidate_no_known_unresolved_event,False
2024-10-08,BTP,13050.0,13050.0,12850.0,13000.0,12571.0,28600.0,371800000.0,finance_datareader_yahoo_hose,https://github.com/FinanceData/FinanceDataReader,2026-07-30T05:45:15.340362+00:00,2024-10-09,49a35658669792ae66b53c0b12ff86cc04b56e71d0fb6618ce2bbf5996354642,finance-datareader-yahoo-hose-v2-business-day,real,VN000000BTP0,,0.0,0.011279645009350192,0.0,,no_event_raw_close,20481.077918821982,20559.851295432836,20559.851295432836,20244.75778898942,1.5754675322170755,corporate-actions-v2,candidate_no_known_unresolved_event,False
2025-11-25,BTP,9790.0,9820.0,9000.0,9730.0,9730.0,136400.0,1327172000.0,finance_datareader_yahoo_hose,https://github.com/FinanceData/FinanceDataReader,2026-07-30T05:45:15.340362+00:00,2025-11-26,49a35658669792ae66b53c0b12ff86cc04b56e71d0fb6618ce2bbf5996354642,finance-datareader-yahoo-hose-v2-business-day,real,VN000000BTP0,,-0.027000000000000024,0.006204756980351611,-0.027000000000000024,,no_event_raw_close,15835.165958391717,15932.813436038532,15981.637174861939,14647.121647022144,1.6274579607802382,corporate-actions-v2,candidate_no_known_unresolved_event,False
2020-08-27,BTT,38000.0,38000.0,38000.0,38000.0,30511.16015625,0.0,0.0,finance_datareader_yahoo_hose,https://github.com/FinanceData/FinanceDataReader,2026-07-30T05:44:56.834647+00:00,2020-08-28,ad245726b1302a8e3b1c99ecc8d59ea7d9f1b8584859471319bf1aad197a2c9a,finance-datareader-yahoo-hose-v2-business-day,real,VN000000BTT2,,0.0,0.027026977275149244,0.0,,no_event_raw_close,37999.99999999997,37999.99999999997,37999.99999999997,37999.99999999997,0.9999999999999992,corporate-actions-v2,blocked_unresolved_material_event,False
2021-10-29,BTT,49000.0,49000.0,49000.0,49000.0,39913.53515625,0.0,0.0,finance_datareader_yahoo_hose,https://github.com/FinanceData/FinanceDataReader,2026-07-30T05:44:56.834647+00:00,2021-10-30,ad245726b1302a8e3b1c99ecc8d59ea7d9f1b8584859471319bf1aad197a2c9a,finance-datareader-yahoo-hose-v2-business-day,real,VN000000BTT2,,0.0,0.01449270326063723,0.0,,no_event_raw_close,49699.99999999998,49699.99999999998,49699.99999999998,49699.99999999998,1.0142857142857138,corporate-actions-v2,blocked_unresolved_material_event,False
2022-08-04,BTT,44500.0,47000.0,44500.0,45150.0,37322.3203125,1900.0,85785000.0,finance_datareader_yahoo_hose,https://github.com/FinanceData/FinanceDataReader,2026-07-30T05:44:56.834647+00:00,2022-08-05,ad245726b1302a8e3b1c99ecc8d59ea7d9f1b8584859471319bf1aad197a2c9a,finance-datareader-yahoo-hose-v2-business-day,real,VN000000BTT2,,-0.058394160583941646,-0.044444540010407096,-0.058394160583941646,,no_event_raw_close,46463.540145985346,45794.629822731964,48367.36183524499,45794.629822731964,1.0290928050052126,corporate-actions-v2,blocked_unresolved_material_event,False
2023-07-21,BTT,34750.0,34750.0,34750.0,34750.0,30479.59765625,0.0,0.0,finance_datareader_yahoo_hose,https://github.com/FinanceData/FinanceDataReader,2026-07-30T05:44:56.834647+00:00,2023-07-22,ad245726b1302a8e3b1c99ecc8d59ea7d9f1b8584859471319bf1aad197a2c9a,finance-datareader-yahoo-hose-v2-business-day,real,VN000000BTT2,,0.0,0.061068674781451726,0.0,,no_event_raw_close,37819.1605839416,37819.1605839416,37819.1605839416,37819.1605839416,1.0883211678832114,corporate-actions-v2,blocked_unresolved_material_event,False
2025-08-22,BTT,49200.0,52000.0,49200.0,49200.0,45956.04296875,2600.0,127920000.0,finance_datareader_yahoo_hose,https://github.com/FinanceData/FinanceDataReader,2026-07-30T05:44:56.834647+00:00,2025-08-23,ad245726b1302a8e3b1c99ecc8d59ea7d9f1b8584859471319bf1aad197a2c9a,finance-datareader-yahoo-hose-v2-business-day,real,VN000000BTT2,,0.0,0.06493500498081684,0.0,,no_event_raw_close,56810.364963503634,56810.364963503634,60043.47516467863,56810.364963503634,1.1546822147053584,corporate-actions-v2,blocked_unresolved_material_event,False
2020-10-21,BVH,54700.0,55300.0,52900.0,54000.0,46735.5625,980240.0,52932960000.0,finance_datareader_yahoo_hose,https://github.com/FinanceData/FinanceDataReader,2026-07-30T05:38:47.112987+00:00,2020-10-22,1cedbdab81998ebf69094b957dcd1efbff193fb04cfa7a3457add0b12e8d7b53,finance-datareader-yahoo-hose-v2-business-day,real,VN000000BVH3,,-0.027027027027026973,-0.012797088832059877,-0.027027027027026973,,no_event_raw_close,54778.37837837839,55488.46846846847,56097.11711711712,53662.52252252253,1.0144144144144145,corporate-actions-v2,blocked_unresolved_material_event,False
2021-11-09,BVH,64000.0,64300.0,63100.0,63500.0,55740.1015625,868700.0,55162450000.0,finance_datareader_yahoo_hose,https://github.com/FinanceData/FinanceDataReader,2026-07-30T05:38:47.112987+00:00,2021-11-10,1cedbdab81998ebf69094b957dcd1efbff193fb04cfa7a3457add0b12e8d7b53,finance-datareader-yahoo-hose-v2-business-day,real,VN000000BVH3,,-0.0078125,0.006315270132770889,-0.0078125,,no_event_raw_close,64415.3153153153,64922.522522522515,65226.846846846835,64009.54954954954,1.0144144144144143,corporate-actions-v2,blocked_unresolved_material_event,False
2022-11-28,BVH,46500.0,47000.0,45900.0,46900.0,43896.18359375,427400.0,20045060000.0,finance_datareader_yahoo_hose,https://github.com/FinanceData/FinanceDataReader,2026-07-30T05:38:47.112987+00:00,2022-11-29,3e05f3fc228dd5e6099ed0238736d1762730b9e9dcad8dad89600a48743eae0b,finance-datareader-yahoo-hose-v2-business-day,real,VN000000BVH3,,-0.03696098562628336,0.0268424626916679,-0.03696098562628336,,no_event_raw_close,47576.03603603605,47170.27027027028,47677.47747747749,46561.621621621634,1.0144144144144147,corporate-actions-v2,blocked_unresolved_material_event,False
2023-11-28,BVH,39400.0,39800.0,38800.0,38850.0,37244.52734375,315000.0,12237750000.0,finance_datareader_yahoo_hose,https://github.com/FinanceData/FinanceDataReader,2026-07-30T05:38:47.112987+00:00,2023-11-29,1cedbdab81998ebf69094b957dcd1efbff193fb04cfa7a3457add0b12e8d7b53,finance-datareader-yahoo-hose-v2-business-day,real,VN000000BVH3,,-0.034782608695652195,-0.01134978775011386,-0.034782608695652195,,no_event_raw_close,40344.09043478261,40915.242294219686,41330.62546471938,40292.167538470145,1.0384579262492306,corporate-actions-v2,blocked_unresolved_material_event,False
2024-11-20,BVH,43000.0,43900.0,42700.0,43500.0,42680.4140625,359900.0,15655650000.0,finance_datareader_yahoo_hose,https://github.com/FinanceData/FinanceDataReader,2026-07-30T05:38:47.112987+00:00,2024-11-21,1cedbdab81998ebf69094b957dcd1efbff193fb04cfa7a3457add0b12e8d7b53,finance-datareader-yahoo-hose-v2-business-day,real,VN000000BVH3,,-0.006849315068493178,0.01644300680789401,-0.006849315068493178,,no_event_raw_close,45172.91979184148,44653.69082871687,45588.30296234118,44342.1534508421,1.0384579262492295,corporate-actions-v2,blocked_unresolved_material_event,False
2025-11-17,BVH,54500.0,56100.0,54500.0,55300.0,55300.0,530700.0,29347710000.0,finance_datareader_yahoo_hose,https://github.com/FinanceData/FinanceDataReader,2026-07-30T05:38:47.112987+00:00,2025-11-18,3e05f3fc228dd5e6099ed0238736d1762730b9e9dcad8dad89600a48743eae0b,finance-datareader-yahoo-hose-v2-business-day,real,VN000000BVH3,,-0.012499999999999956,0.006462866846572268,-0.012499999999999956,,no_event_raw_close,57426.72332158245,56595.95698058307,58257.48966258184,56595.95698058307,1.0384579262492306,corporate-actions-v2,blocked_unresolved_material_event,False
2021-01-07,BWE,33000.0,33200.0,32500.0,32700.0,29490.978515625,69880.0,2285076000.0,finance_datareader_yahoo_hose,https://github.com/FinanceData/FinanceDataReader,2026-07-30T05:39:52.113090+00:00,2021-01-08,90828cb797462fcdd5e67b49ae1f24be078e6a6356f0911e8b0d1b58ee0daf04,finance-datareader-yahoo-hose-v2-business-day,real,VN000000BWE8,,-0.038235294117647034,-0.008212012765819954,-0.038235294117647034,,no_event_raw_close,33854.11764705884,34164.70588235296,34371.76470588237,33647.05882352943,1.0352941176470594,corporate-actions-v2,candidate_no_known_unresolved_event,False
2022-01-03,BWE,44000.0,44000.0,42900.0,42900.0,39603.9453125,216100.0,9270690000.0,finance_datareader_yahoo_hose,https://github.com/FinanceData/FinanceDataReader,2026-07-30T05:39:52.113090+00:00,2022-01-04,131027361e74b4a6699e89184008e40e1ff35fcafe6b5937684b9f0db329b695,finance-datareader-yahoo-hose-v2-business-day,real,VN000000BWE8,,-0.03811659192825112,-0.015394580820092596,-0.03811659192825112,,no_event_raw_close,45609.11632814555,46778.58084938005,46778.58084938005,45609.11632814555,1.0631495647586375,corporate-actions-v2,candidate_no_known_unresolved_event,False
2023-01-31,BWE,46000.0,47600.0,45800.0,47500.0,44939.8359375,407100.0,19337250000.0,finance_datareader_yahoo_hose,https://github.com/FinanceData/FinanceDataReader,2026-07-30T05:39:52.113090+00:00,2023-02-01,90828cb797462fcdd5e67b49ae1f24be078e6a6356f0911e8b0d1b58ee0daf04,finance-datareader-yahoo-hose-v2-business-day,real,VN000000BWE8,,0.032608695652173836,0.05826034868528285,0.032608695652173836,,no_event_raw_close,51926.76705698841,50286.97441308352,52036.086566582075,50068.335393896195,1.0931950959365981,corporate-actions-v2,candidate_no_known_unresolved_event,False
2025-02-12,BWE,45550.0,46000.0,45550.0,45700.0,44442.6484375,205400.0,9386780000.0,finance_datareader_yahoo_hose,https://github.com/FinanceData/FinanceDataReader,2026-07-30T05:39:52.113090+00:00,2025-02-13,90828cb797462fcdd5e67b49ae1f24be078e6a6356f0911e8b0d1b58ee0daf04,finance-datareader-yahoo-hose-v2-business-day,real,VN000000BWE8,,-0.0245464247598719,0.002657139002184339,-0.0245464247598719,,no_event_raw_close,58533.6252060886,58341.501709788536,58917.872198688754,58341.501709788536,1.2808233086671468,corporate-actions-v2,candidate_no_known_unresolved_event,False
2020-08-18,C32,11600.0,11950.0,11600.0,11800.0,9261.6337890625,287000.0,3386600000.0,finance_datareader_yahoo_hose,https://github.com/FinanceData/FinanceDataReader,2026-08-13T08:18:57.404584+00:00,2020-08-19,c29a06860d69b233a21b708eea99fe77c810999b3801b3ea4eb42f49d60d5173,finance-datareader-yahoo-hose-v2-business-day,real,VN000000C325,unverified,-0.03673469387755102,0.012875729452900053,-0.03673469387755102,,no_event_raw_close,11800.0,11600.0,11950.0,11600.0,1.0,corporate-actions-v2,blocked_unresolved_material_event,False
2020-11-18,C32,12000.0,12125.0,11950.0,12025.0,9914.109375,397220.0,4776570500.0,finance_datareader_yahoo_hose,https://github.com/FinanceData/FinanceDataReader,2026-08-13T08:18:57.404584+00:00,2020-11-19,c29a06860d69b233a21b708eea99fe77c810999b3801b3ea4eb42f49d60d5173,finance-datareader-yahoo-hose-v2-business-day,real,VN000000C325,unverified,-0.038000000000000034,0.010504136856172464,-0.038000000000000034,,no_event_raw_close,12025.0,12000.0,12125.0,11950.0,1.0,corporate-actions-v2,blocked_unresolved_material_event,False
2021-06-21,C32,12700.0,13100.0,12700.0,12900.0,11137.9755859375,390800.0,5041320000.0,finance_datareader_yahoo_hose,https://github.com/FinanceData/FinanceDataReader,2026-08-13T08:18:57.404584+00:00,2021-06-22,8b980110e7ddd2dc394bdec2cffc3ab8a042612a19738db952de6c1674830256,finance-datareader-yahoo-hose-v2-business-day,real,VN000000C325,unverified,-0.03007518796992481,0.01574801747096055,-0.03007518796992481,,no_event_raw_close,14063.909774436092,13845.864661654135,14281.954887218046,13845.864661654135,1.0902255639097744,corporate-actions-v2,blocked_unresolved_material_event,False
2022-01-14,C32,19500.0,19550.0,18075.0,18300.0,16307.34765625,1563000.0,28602900000.0,finance_datareader_yahoo_hose,https://github.com/FinanceData/FinanceDataReader,2026-08-13T08:18:57.404584+00:00,2022-01-15,c29a06860d69b233a21b708eea99fe77c810999b3801b3ea4eb42f49d60d5173,finance-datareader-yahoo-hose-v2-business-day,real,VN000000C325,unverified,-0.051813471502590636,-0.02139029222346689,-0.051813471502590636,,no_event_raw_close,21191.612450816163,22581.226382017223,22639.126962483933,20931.059838715963,1.1580116093342165,corporate-actions-v2,blocked_unresolved_material_event,False
2022-08-26,C32,12950.0,12950.0,12550.0,12625.0,11784.955078125,103800.0,1310475000.0,finance_datareader_yahoo_hose,https://github.com/FinanceData/FinanceDataReader,2026-08-13T08:18:57.404584+00:00,2022-08-27,c29a06860d69b233a21b708eea99fe77c810999b3801b3ea4eb42f49d60d5173,finance-datareader-yahoo-hose-v2-business-day,real,VN000000C325,unverified,-0.04536862003780717,0.0,-0.04536862003780717,,no_event_raw_close,15946.46563260162,16356.968708292354,16356.968708292354,15851.734153596064,1.2630863867407223,corporate-actions-v2,blocked_unresolved_material_event,False
2023-05-17,C32,9600.0,9650.0,9500.0,9650.0,9489.6123046875,16200.0,156330000.0,finance_datareader_yahoo_hose,https://github.com/FinanceData/FinanceDataReader,2026-08-13T08:18:57.404584+00:00,2023-05-18,c29a06860d69b233a21b708eea99fe77c810999b3801b3ea4eb42f49d60d5173,finance-datareader-yahoo-hose-v2-business-day,real,VN000000C325,unverified,-0.02030456852791873,0.03208554105039374,-0.02030456852791873,,no_event_raw_close,12188.783632047976,12125.62931271094,12188.783632047976,11999.320674036868,1.263086386740723,corporate-actions-v2,blocked_unresolved_material_event,False
2025-12-25,CCC,12205.8828125,12205.8828125,12205.8828125,12205.8828125,12205.8828125,0.0,0.0,finance_datareader_yahoo_hose,https://github.com/FinanceData/FinanceDataReader,2026-07-30T05:55:55.021238+00:00,2025-12-26,332c3819ec8032899ca07a00a04d2695ad28fcbbe776eeec5eefcd5120b534db,finance-datareader-yahoo-hose-v2-business-day,real,VN000000CCC2,,0.0,0.01665850009728298,0.0,,no_event_raw_close,12650.00046875,12650.000468750002,12650.000468750002,12650.000468750002,1.0363855415517493,corporate-actions-v2,blocked_unresolved_material_event,False
2020-03-11,CCI,13300.0,13300.0,13300.0,13300.0,10109.5263671875,40.0,532000.0,finance_datareader_yahoo_hose,https://github.com/FinanceData/FinanceDataReader,2026-07-30T05:55:37.491635+00:00,2020-03-12,e805bd61d56a1d7bdd13106faa00e8ddc83ee1c43917f17676593977816bff2a,finance-datareader-yahoo-hose-v2-business-day,real,VN000000CCI9,,-0.050000000000000044,-0.00820755360504255,-0.050000000000000044,,no_event_raw_close,13965.000000000011,13965.00000000001,13965.00000000001,13965.00000000001,1.0500000000000007,corporate-actions-v2,candidate_no_known_unresolved_event,False
2022-02-23,CCI,31000.0,35000.0,31000.0,35000.0,27952.0546875,2100.0,73500000.0,finance_datareader_yahoo_hose,https://github.com/FinanceData/FinanceDataReader,2026-07-30T05:55:37.491635+00:00,2022-02-24,e805bd61d56a1d7bdd13106faa00e8ddc83ee1c43917f17676593977816bff2a,finance-datareader-yahoo-hose-v2-business-day,real,VN000000CCI9,,0.0014306151645206988,0.0521736982380856,0.0014306151645206988,,no_event_raw_close,41798.1299816064,37021.20084085138,41798.12998160639,37021.20084085138,1.1942322851887541,corporate-actions-v2,candidate_no_known_unresolved_event,False
2023-03-27,CCI,27400.0,30400.0,27400.0,30400.0,25113.9140625,2100.0,63840000.0,finance_datareader_yahoo_hose,https://github.com/FinanceData/FinanceDataReader,2026-07-30T05:55:37.491635+00:00,2023-03-28,59fc691cc6e701c4c25e1391ac4edaecff6ff02db2f904d0ae248c5a314a7a2b,finance-datareader-yahoo-hose-v2-business-day,real,VN000000CCI9,,-0.00815660685154973,0.025978431058548024,-0.00815660685154973,,no_event_raw_close,37737.896066096495,34013.76158588961,37737.896066096495,34013.76158588961,1.2413781600689637,corporate-actions-v2,candidate_no_known_unresolved_event,False
2024-02-22,CCI,25800.0,25800.0,25800.0,25800.0,22259.005859375,0.0,0.0,finance_datareader_yahoo_hose,https://github.com/FinanceData/FinanceDataReader,2026-07-30T05:55:37.491635+00:00,2024-02-23,e805bd61d56a1d7bdd13106faa00e8ddc83ee1c43917f17676593977816bff2a,finance-datareader-yahoo-hose-v2-business-day,real,VN000000CCI9,,0.0,0.0443480487243435,0.0,,no_event_raw_close,33641.348137868954,33641.348137868954,33641.348137868954,33641.348137868954,1.3039282223980215,corporate-actions-v2,candidate_no_known_unresolved_event,False
2025-03-26,CCI,20100.0,20300.0,20100.0,20200.0,18623.4140625,2200.0,44440000.0,finance_datareader_yahoo_hose,https://github.com/FinanceData/FinanceDataReader,2026-07-30T05:55:37.491635+00:00,2025-03-27,e805bd61d56a1d7bdd13106faa00e8ddc83ee1c43917f17676593977816bff2a,finance-datareader-yahoo-hose-v2-business-day,real,VN000000CCI9,,-0.03809523809523807,0.02790721140039265,-0.03809523809523807,,no_event_raw_close,28045.542810978655,27906.703490132226,28184.382131825085,27906.703490132226,1.3883932084642898,corporate-actions-v2,candidate_no_known_unresolved_event,False
2020-10-15,CCL,5507.884765625,5645.58203125,5471.64892578125,5602.0986328125,4985.0400390625,690996.0,3871027746.8789062,finance_datareader_yahoo_hose,https://github.com/FinanceData/FinanceDataReader,2026-07-30T05:56:17.587808+00:00,2020-10-16,193df5ae6b72b192b366893c5ac718b5bd25b9d94ac6e4b48fe2178da47c00af,finance-datareader-yahoo-hose-v2-business-day,real,VN000000CCL3,,-0.08844343173605584,0.006510389837651953,-0.08844343173605584,,no_event_raw_close,6331.34388742366,6224.865863521276,6380.487675662079,6183.913074550973,1.1301735835816669,corporate-actions-v2,candidate_no_known_unresolved_event,False
2021-10-25,CCL,11885.435546875,12247.796875,11450.6025390625,11957.908203125,11293.580078125,2451285.0,29312241009.697266,finance_datareader_yahoo_hose,https://github.com/FinanceData/FinanceDataReader,2026-07-30T05:56:17.587808+00:00,2021-10-26,979589a88c74f54947fd0c3d97c0828bafff40f125f2f9effc7284e8fa8b1329,finance-datareader-yahoo-hose-v2-business-day,real,VN000000CCL3,,-0.046242772765545115,0.012269913411141253,-0.046242772765545115,,no_event_raw_close,14592.423189436893,14503.98366877004,14946.178888675186,13973.3501199126,1.2203157058542569,corporate-actions-v2,candidate_no_known_unresolved_event,False
2024-10-25,CCL,7363.63623046875,7818.181640625,7363.63623046875,7545.45458984375,7545.45458984375,237820.0,1794460010.5566406,finance_datareader_yahoo_hose,https://github.com/FinanceData/FinanceDataReader,2026-07-30T05:56:17.587808+00:00,2024-10-26,193df5ae6b72b192b366893c5ac718b5bd25b9d94ac6e4b48fe2178da47c00af,finance-datareader-yahoo-hose-v2-business-day,real,VN000000CCL3,,-0.0777777923659333,-0.023529372364293644,-0.0777777923659333,,no_event_raw_close,12256.162699020282,11960.833190687095,12699.156168399599,11960.833190687095,1.624310709591598,corporate-actions-v2,candidate_no_known_unresolved_event,False
2020-11-16,CDC,10521.5419921875,10521.5419921875,10068.02734375,10362.8115234375,10362.8115234375,74264.0,769583834.9765625,finance_datareader_yahoo_hose,https://github.com/FinanceData/FinanceDataReader,2026-07-30T05:42:15.055152+00:00,2020-11-17,02ef22cda6d1fa244e359671e20787af7035c9fcf1ac985e8076faf5d146dc57,finance-datareader-yahoo-hose-v2-business-day,real,VN000000CDC0,,-0.1311787193655385,-0.0569408857674536,-0.1311787193655385,,no_event_raw_close,12969.275365340874,13167.929866914354,13167.929866914354,12600.346798892806,1.2515209155361315,corporate-actions-v2,blocked_unresolved_material_event,False
2020-07-07,CHP,16438.927734375,16438.927734375,15559.83984375,16043.337890625,10225.5673828125,75908.0,1217817692.6015625,finance_datareader_yahoo_hose,https://github.com/FinanceData/FinanceDataReader,2026-07-30T05:41:24.834715+00:00,2020-07-08,506f9dd1bd1b875dbd1e13a28ad779abcd70c607d47124b7c6b13b9af11d7620,finance-datareader-yahoo-hose-v2-business-day,real,VN000000CHP3,,-0.026666635068225975,0.028168893764459968,-0.026666635068225975,,no_event_raw_close,17016.671255556776,17436.26114196467,17436.26114196467,16503.83986270907,1.0606690061362198,corporate-actions-v2,blocked_unresolved_material_event,False
2021-07-16,CHP,17332.080078125,17332.080078125,16866.1640625,16866.1640625,11689.90625,22321.0,376469648.0390625,finance_datareader_yahoo_hose,https://github.com/FinanceData/FinanceDataReader,2026-07-30T05:41:24.834715+00:00,2021-07-17,506f9dd1bd1b875dbd1e13a28ad779abcd70c607d47124b7c6b13b9af11d7620,finance-datareader-yahoo-hose-v2-business-day,real,VN000000CHP3,,-0.09045220202707915,-0.010928935561171582,-0.09045220202707915,,no_event_raw_close,20598.963175422676,21167.99516237208,21167.99516237208,20598.963175422676,1.2213187953757743,corporate-actions-v2,blocked_unresolved_material_event,False
2022-05-16,CHP,22736.70703125,23249.21484375,21152.591796875,22177.607421875,16316.212890625,42926.0,951995976.1914062,finance_datareader_yahoo_hose,https://github.com/FinanceData/FinanceDataReader,2026-07-30T05:41:24.834715+00:00,2022-05-17,4215b15e9ae70ef66c444158bdad7003619ebcc1d5edb6ea7ee4751f53773c07,finance-datareader-yahoo-hose-v2-business-day,real,VN000000CHP3,,-0.0810810788938694,-0.024590215615521882,-0.0810810788938694,,no_event_raw_close,28762.893412866964,29488.00871343662,30152.69752786928,27433.51578400164,1.2969340139232752,corporate-actions-v2,blocked_unresolved_material_event,False
2022-12-08,CHP,21338.95703125,21338.95703125,21059.408203125,21338.95703125,16542.123046875,9658.0,206091647.0078125,finance_datareader_yahoo_hose,https://github.com/FinanceData/FinanceDataReader,2026-07-30T05:41:24.834715+00:00,2022-12-09,506f9dd1bd1b875dbd1e13a28ad779abcd70c607d47124b7c6b13b9af11d7620,finance-datareader-yahoo-hose-v2-business-day,real,VN000000CHP3,,-0.027600870798867194,0.024608557140695098,-0.027600870798867194,,no_event_raw_close,29188.58420239977,29188.584202399765,29188.584202399765,28806.202134876068,1.3678543032658212,corporate-actions-v2,blocked_unresolved_material_event,False
2023-06-08,CHP,22037.83203125,22177.607421875,21898.056640625,21944.6484375,18314.677734375,42926.0,941995978.828125,finance_datareader_yahoo_hose,https://github.com/FinanceData/FinanceDataReader,2026-07-30T05:41:24.834715+00:00,2023-06-09,506f9dd1bd1b875dbd1e13a28ad779abcd70c607d47124b7c6b13b9af11d7620,finance-datareader-yahoo-hose-v2-business-day,real,VN000000CHP3,,-0.06916998699814147,0.0021275579347554974,-0.06916998699814147,,no_event_raw_close,32308.91350889841,32446.106897049136,32651.896979275218,32240.31681482305,1.4722912331412652,corporate-actions-v2,blocked_unresolved_material_event,False
2023-12-27,CHP,23761.72265625,23761.72265625,22876.48046875,23202.623046875,19991.7578125,26721.0,619997290.4355469,finance_datareader_yahoo_hose,https://github.com/FinanceData/FinanceDataReader,2026-07-30T05:41:24.834715+00:00,2023-12-28,506f9dd1bd1b875dbd1e13a28ad779abcd70c607d47124b7c6b13b9af11d7620,finance-datareader-yahoo-hose-v2-business-day,real,VN000000CHP3,,-0.023529422401870392,0.008097156023524787,-0.023529422401870392,,no_event_raw_close,35311.137754450014,36162.00893764405,36162.00893764405,34814.79449703049,1.521859734699514,corporate-actions-v2,blocked_unresolved_material_event,False
2024-09-05,CHP,31123.197265625,31682.294921875,31123.197265625,31542.521484375,28564.9921875,35414.0,1117046855.8476562,finance_datareader_yahoo_hose,https://github.com/FinanceData/FinanceDataReader,2026-07-30T05:41:24.834715+00:00,2024-09-06,506f9dd1bd1b875dbd1e13a28ad779abcd70c607d47124b7c6b13b9af11d7620,finance-datareader-yahoo-hose-v2-business-day,real,VN000000CHP3,,-0.03285715295218705,0.0165164648580729,-0.03285715295218705,,no_event_raw_close,50505.44816422666,49834.032037758334,50729.25145483832,49834.032037758334,1.6011861381863588,corporate-actions-v2,blocked_unresolved_material_event,False
2025-03-25,CHP,33266.41015625,33266.41015625,32148.2109375,32800.49609375,30551.69921875,22321.0,732139873.3085938,finance_datareader_yahoo_hose,https://github.com/FinanceData/FinanceDataReader,2026-07-30T05:41:24.834715+00:00,2025-03-26,506f9dd1bd1b875dbd1e13a28ad779abcd70c607d47124b7c6b13b9af11d7620,finance-datareader-yahoo-hose-v2-business-day,real,VN000000CHP3,,-0.02357828355035463,0.004279648745095788,-0.02357828355035463,,no_event_raw_close,54083.13258835156,54851.355481839026,54851.355481839026,53007.611520314895,1.6488510549892834,corporate-actions-v2,blocked_unresolved_material_event,False
2025-08-27,CHP,31728.88671875,31728.88671875,31542.521484375,31682.294921875,30589.80078125,121695.0,3855576880.517578,finance_datareader_yahoo_hose,https://github.com/FinanceData/FinanceDataReader,2026-07-30T05:41:24.834715+00:00,2025-08-28,506f9dd1bd1b875dbd1e13a28ad779abcd70c607d47124b7c6b13b9af11d7620,finance-datareader-yahoo-hose-v2-business-day,real,VN000000CHP3,,0.0,0.03658538683909307,0.0,,no_event_raw_close,54218.00667240232,54297.73935464889,54297.73935464889,53978.811968051305,1.7113030102805957,corporate-actions-v2,blocked_unresolved_material_event,False
2021-06-22,CIG,4800.0,4800.0,4515.0,4800.0,4800.0,23800.0,114240000.0,fdr_window_replaced_by_cafef_crosscheck,https://cafef.vn/du-lieu/lich-su-giao-dich-hose/all-1.chn,2026-07-30T05:55:41.186458+00:00,2021-06-23,4ee1f12764c50252f2323189ff1981cb6220f1cfc4574ef0caff1d62ab7c4c1b,fdr-cafef-window-replacement-v1,real,VN000000CIG0,,-0.25,0.0,-0.25,,no_event_raw_close,4799.999999999996,4799.999999999996,4799.999999999996,4514.999999999996,0.9999999999999992,corporate-actions-v2,candidate_no_known_unresolved_event,False
2021-07-19,CIG,6750.0,6750.0,6750.0,6750.0,5062.5,0.0,0.0,fdr_window_replaced_by_cafef_crosscheck,https://cafef.vn/du-lieu/lich-su-giao-dich-hose/all-1.chn,2026-07-30T05:55:41.186458+00:00,2021-07-20,32cc20fb5d5aaad3b4bf28fa285e1d1c99e7376f56c5a4547f1d3f24ea64c3e0,fdr-cafef-window-replacement-v1,real,VN000000CIG0,,0.33333333333333326,0.0,0.33333333333333326,,no_event_raw_close,6749.999999999994,6749.999999999994,6749.999999999994,6749.999999999994,0.9999999999999991,corporate-actions-v2,candidate_no_known_unresolved_event,False
2024-03-19,CIG,3676.882275492753,3751.666321773962,3676.882275492753,3683.114279349521,3683.114279349521,165800.0,610660347.5161505,fdr_window_replaced_by_cafef_crosscheck,https://cafef.vn/du-lieu/lich-su-giao-dich-hose/all-1.chn,2026-07-30T05:55:41.186458+00:00,2024-03-20,4ee1f12764c50252f2323189ff1981cb6220f1cfc4574ef0caff1d62ab7c4c1b,fdr-cafef-window-replacement-v1,real,VN000000CIG0,,-0.25,0.0,-0.25,,no_event_raw_close,3683.114279349523,3676.8822754927546,3751.666321773964,3676.8822754927546,1.0000000000000004,corporate-actions-v2,candidate_no_known_unresolved_event,False
2020-10-23,CII,15263.158203125,15482.4560546875,15219.2978515625,15438.5966796875,12801.0615234375,1310179.0,20227325159.19629,finance_datareader_yahoo_hose,https://github.com/FinanceData/FinanceDataReader,2026-07-30T05:40:15.398217+00:00,2020-10-24,de42616d11b03b2d2a1f0081337f5c33633810e00e80f8db9ded10e7c7e9546a,finance-datareader-yahoo-hose-v2-business-day,real,VN000000CII6,,-0.048648645070535124,0.005714293167430329,-0.048648645070535124,,no_event_raw_close,16389.948034616966,16203.698754725167,16436.510095404952,16157.135657197317,1.0616216211011689,corporate-actions-v2,blocked_unresolved_material_event,False
2021-04-23,CII,19736.841796875,19868.421875,18508.771484375,18508.771484375,16357.8046875,281067.0,5202204874.798828,finance_datareader_yahoo_hose,https://github.com/FinanceData/FinanceDataReader,2026-07-30T05:40:15.398217+00:00,2021-04-24,de42616d11b03b2d2a1f0081337f5c33633810e00e80f8db9ded10e7c7e9546a,finance-datareader-yahoo-hose-v2-business-day,real,VN000000CII6,,-0.06843273205990352,-0.007058904985289383,-0.06843273205990352,,no_event_raw_close,19649.311987833255,20953.05798381572,21092.746239659402,19649.311987833255,1.0616216211011678,corporate-actions-v2,blocked_unresolved_material_event,False
2023-10-16,CII,15394.7373046875,15921.052734375,15263.158203125,15789.4736328125,14261.21875,10727058.0,169374599448.6504,finance_datareader_yahoo_hose,https://github.com/FinanceData/FinanceDataReader,2026-07-30T05:40:15.398217+00:00,2023-10-17,33483adbdac17782ce18abd8521d492423f53eab1b153361e60654275aca221c,finance-datareader-yahoo-hose-v2-business-day,real,VN000000CII6,,-0.032258043277672455,-0.010989012477457094,-0.032258043277672455,,no_event_raw_close,17173.396908361832,16744.06254328506,17316.50871743966,16600.950734207232,1.0876484744034385,corporate-actions-v2,blocked_unresolved_material_event,False
2024-03-15,CII,16447.369140625,16447.369140625,16184.2109375,16228.0703125,14974.2802734375,11042952.0,179205801513.5625,finance_datareader_yahoo_hose,https://github.com/FinanceData/FinanceDataReader,2026-07-30T05:40:15.398217+00:00,2024-03-16,de42616d11b03b2d2a1f0081337f5c33633810e00e80f8db9ded10e7c7e9546a,finance-datareader-yahoo-hose-v2-business-day,real,VN000000CII6,,-0.021164006827653847,0.0,-0.021164006827653847,,no_event_raw_close,18076.28770776837,18320.562512771558,18320.562512771558,18027.43318188107,1.1138901520438165,corporate-actions-v2,blocked_unresolved_material_event,False
2024-06-19,CII,14912.2802734375,14956.140625,14692.982421875,14692.982421875,13881.5615234375,4338954.0,63752174851.32422,finance_datareader_yahoo_hose,https://github.com/FinanceData/FinanceDataReader,2026-07-30T05:40:15.398217+00:00,2024-06-20,de42616d11b03b2d2a1f0081337f5c33633810e00e80f8db9ded10e7c7e9546a,finance-datareader-yahoo-hose-v2-business-day,real,VN000000CII6,,-0.02332359964146502,0.0,-0.02332359964146502,,no_event_raw_close,16801.532513516657,17052.301205493455,17102.455837253885,16801.532513516657,1.1435072901538652,corporate-actions-v2,blocked_unresolved_material_event,False
2024-12-27,CII,12500.0,12543.859375,12412.2802734375,12412.2802734375,12138.2783203125,1893768.0,23505979188.867188,finance_datareader_yahoo_hose,https://github.com/FinanceData/FinanceDataReader,2026-07-30T05:40:15.398217+00:00,2024-12-28,de42616d11b03b2d2a1f0081337f5c33633810e00e80f8db9ded10e7c7e9546a,finance-datareader-yahoo-hose-v2-business-day,real,VN000000CII6,,-0.04067801317868358,-0.007017648976148427,-0.04067801317868358,,no_event_raw_close,14742.028822876315,14846.21328446043,14898.304935322281,14742.028822876317,1.1876970627568344,corporate-actions-v2,blocked_unresolved_material_event,False
2025-09-15,CII,22650.0,23800.0,21550.0,23600.0,23600.0,31479500.0,742916200000.0,finance_datareader_yahoo_hose,https://github.com/FinanceData/FinanceDataReader,2026-07-30T05:40:15.398217+00:00,2025-09-16,33483adbdac17782ce18abd8521d492423f53eab1b153361e60654275aca221c,finance-datareader-yahoo-hose-v2-business-day,real,VN000000CII6,,0.04194260485651213,0.06546275395033851,0.04194260485651213,,no_event_raw_close,28648.406766735916,27495.187002820698,28891.18987492859,26159.879907760973,1.2139155409633862,corporate-actions-v2,blocked_unresolved_material_event,False
2020-06-30,CKG,8417.3818359375,8417.3818359375,7863.60693359375,7863.60693359375,7507.25,974298.0,7661496508.186523,finance_datareader_yahoo_hose,https://github.com/FinanceData/FinanceDataReader,2026-07-30T05:43:51.312142+00:00,2020-07-01,ae852365cca7d6bff10b0b8c5bee9abb5239289773dcc976b1088863e89dda76,finance-datareader-yahoo-hose-v2-business-day,real,VN000000CKG6,,-0.14457837916852045,-0.08321387665965274,-0.14457837916852045,,no_event_raw_close,8719.028554425227,9333.044390546449,9333.044390546449,8719.028554425227,1.1087823473445844,corporate-actions-v2,blocked_unresolved_material_event,False
2021-07-20,CKG,13636.36328125,14318.181640625,13636.36328125,13818.181640625,13818.181640625,1593350.0,22017199717.089844,finance_datareader_yahoo_hose,https://github.com/FinanceData/FinanceDataReader,2026-07-30T05:43:51.312142+00:00,2021-07-21,ae852365cca7d6bff10b0b8c5bee9abb5239289773dcc976b1088863e89dda76,finance-datareader-yahoo-hose-v2-business-day,real,VN000000CKG6,,-0.08157098168343391,-0.03797465428341684,-0.08157098168343391,,no_event_raw_close,17049.752968546825,16825.413891733962,17666.68482730967,16825.413891733962,1.2338637175256917,corporate-actions-v2,blocked_unresolved_material_event,False
2020-07-24,CLC,26400.0,26500.0,26000.0,26400.0,15725.4150390625,2160.0,57024000.0,finance_datareader_yahoo_hose,https://github.com/FinanceData/FinanceDataReader,2026-07-30T05:43:14.372376+00:00,2020-07-25,a5825fa26c74a28fdebad8e4b83d0bf6667a74f1c54ce4e4a7c9a910e4e58b6f,finance-datareader-yahoo-hose-v2-business-day,real,VN000000CLC3,,-0.07042253521126762,-2.484035569461085e-07,-0.07042253521126762,,no_event_raw_close,28259.15492957749,28259.154929577493,28366.19718309862,27830.985915492984,1.0704225352112686,corporate-actions-v2,candidate_no_known_unresolved_event,False
2020-11-20,CLC,32950.0,32950.0,32950.0,32950.0,20240.328125,20.0,659000.0,finance_datareader_yahoo_hose,https://github.com/FinanceData/FinanceDataReader,2026-07-30T05:43:14.372376+00:00,2020-11-21,a5825fa26c74a28fdebad8e4b83d0bf6667a74f1c54ce4e4a7c9a910e4e58b6f,finance-datareader-yahoo-hose-v2-business-day,real,VN000000CLC3,,-0.0015151515151514694,0.029687308573987492,-0.0015151515151514694,,no_event_raw_close,36339.223218096515,36339.223218096515,36339.223218096515,36339.223218096515,1.1028595817328228,corporate-actions-v2,candidate_no_known_unresolved_event,False
2021-06-14,CLC,35400.0,35400.0,34250.0,34700.0,22533.330078125,17200.0,596840000.0,finance_datareader_yahoo_hose,https://github.com/FinanceData/FinanceDataReader,2026-07-30T05:43:14.372376+00:00,2021-06-15,ef2a2d7f4dd6913d21e7019c6fb5798916c24796cb7a98740ff2fc6de6e853ae,finance-datareader-yahoo-hose-v2-business-day,real,VN000000CLC3,,-0.06216216216216219,-0.00857142194221805,-0.06216216216216219,,no_event_raw_close,40337.83437727106,41151.56590649555,41151.56590649555,39814.721251341034,1.1624736131778404,corporate-actions-v2,candidate_no_known_unresolved_event,False
2021-11-26,CLC,38500.0,38500.0,37800.0,38000.0,25317.212890625,15600.0,592800000.0,finance_datareader_yahoo_hose,https://github.com/FinanceData/FinanceDataReader,2026-07-30T05:43:14.372376+00:00,2021-11-27,a5825fa26c74a28fdebad8e4b83d0bf6667a74f1c54ce4e4a7c9a910e4e58b6f,finance-datareader-yahoo-hose-v2-business-day,real,VN000000CLC3,,-0.03797468354430378,-0.012986857731865475,-0.03797468354430378,,no_event_raw_close,45292.32634634668,45888.27800879861,45888.27800879861,45053.945681365905,1.19190332490386,corporate-actions-v2,candidate_no_known_unresolved_event,False
2022-06-17,CLC,36400.0,37900.0,36400.0,37900.0,26999.244140625,14100.0,534390000.0,finance_datareader_yahoo_hose,https://github.com/FinanceData/FinanceDataReader,2026-07-30T05:43:14.372376+00:00,2022-06-18,a5825fa26c74a28fdebad8e4b83d0bf6667a74f1c54ce4e4a7c9a910e4e58b6f,finance-datareader-yahoo-hose-v2-business-day,real,VN000000CLC3,,-0.01813471502590669,0.04986154107645113,-0.01813471502590669,,no_event_raw_close,48098.857258276985,46195.20855412354,48098.857258276985,46195.20855412354,1.2690991361022952,corporate-actions-v2,candidate_no_known_unresolved_event,False
2023-02-24,CLC,34450.0,34500.0,34000.0,34500.0,25645.71875,7700.0,265650000.0,finance_datareader_yahoo_hose,https://github.com/FinanceData/FinanceDataReader,2026-07-30T05:43:14.372376+00:00,2023-02-25,a5825fa26c74a28fdebad8e4b83d0bf6667a74f1c54ce4e4a7c9a910e4e58b6f,finance-datareader-yahoo-hose-v2-business-day,real,VN000000CLC3,,-0.04166666666666663,7.615794150872546e-08,-0.04166666666666663,,no_event_raw_close,45608.250203676245,45542.151290337584,45608.250203676245,44947.261070289635,1.3219782667732245,corporate-actions-v2,candidate_no_known_unresolved_event,False
2023-06-16,CLC,34100.0,34100.0,34100.0,34100.0,26835.083984375,2100.0,71610000.0,finance_datareader_yahoo_hose,https://github.com/FinanceData/FinanceDataReader,2026-07-30T05:43:14.372376+00:00,2023-06-17,a5825fa26c74a28fdebad8e4b83d0bf6667a74f1c54ce4e4a7c9a910e4e58b6f,finance-datareader-yahoo-hose-v2-business-day,real,VN000000CLC3,,-0.05540166204986152,0.0,-0.05540166204986152,,no_event_raw_close,47576.93584416734,47576.93584416734,47576.93584416734,47576.93584416734,1.3952180599462563,corporate-actions-v2,candidate_no_known_unresolved_event,False
2024-01-30,CLC,39400.0,39400.0,36500.0,36800.0,30097.02734375,7700.0,283360000.0,finance_datareader_yahoo_hose,https://github.com/FinanceData/FinanceDataReader,2026-07-30T05:43:14.372376+00:00,2024-01-31,a5825fa26c74a28fdebad8e4b83d0bf6667a74f1c54ce4e4a7c9a910e4e58b6f,finance-datareader-yahoo-hose-v2-business-day,real,VN000000CLC3,,-0.07304785894206545,-0.036649109266278845,-0.07304785894206545,,no_event_raw_close,53283.97515788704,57048.60383752037,57048.60383752037,52849.59492562166,1.4479341075512784,corporate-actions-v2,candidate_no_known_unresolved_event,False
2024-06-14,CLC,48000.0,49900.0,48000.0,49400.0,42528.40625,6600.0,326040000.0,finance_datareader_yahoo_hose,https://github.com/FinanceData/FinanceDataReader,2026-07-30T05:43:14.372376+00:00,2024-06-15,a5825fa26c74a28fdebad8e4b83d0bf6667a74f1c54ce4e4a7c9a910e4e58b6f,finance-datareader-yahoo-hose-v2-business-day,real,VN000000CLC3,,-0.01200000000000001,0.040000076419516306,-0.01200000000000001,,no_event_raw_close,75104.34215868473,72975.87902058435,75864.50756514915,72975.87902058435,1.5203308129288406,corporate-actions-v2,candidate_no_known_unresolved_event,False
2025-02-12,CLC,52500.0,52900.0,51100.0,51100.0,45251.2421875,11200.0,572320000.0,finance_datareader_yahoo_hose,https://github.com/FinanceData/FinanceDataReader,2026-07-30T05:43:14.372376+00:00,2025-02-13,a5825fa26c74a28fdebad8e4b83d0bf6667a74f1c54ce4e4a7c9a910e4e58b6f,finance-datareader-yahoo-hose-v2-business-day,real,VN000000CLC3,,-0.051948051948051965,-0.024809186813027684,-0.051948051948051965,,no_event_raw_close,79850.93342398481,82038.63023012137,82663.68646044612,79850.93342398481,1.5626405758118358,corporate-actions-v2,candidate_no_known_unresolved_event,False
2025-07-07,CLC,55600.0,56000.0,54400.0,54400.0,50558.359375,37200.0,2023680000.0,finance_datareader_yahoo_hose,https://github.com/FinanceData/FinanceDataReader,2026-07-30T05:43:14.372376+00:00,2025-07-08,ef2a2d7f4dd6913d21e7019c6fb5798916c24796cb7a98740ff2fc6de6e853ae,finance-datareader-yahoo-hose-v2-business-day,real,VN000000CLC3,,0.026415094339622636,0.07722766937388337,0.026415094339622636,,no_event_raw_close,89017.442009266,90981.06205358804,91635.60206836206,89017.442009266,1.6363500369350368,corporate-actions-v2,candidate_no_known_unresolved_event,False
2020-07-20,CLL,29000.0,29000.0,27200.0,27200.0,18689.02734375,1000.0,27200000.0,finance_datareader_yahoo_hose,https://github.com/FinanceData/FinanceDataReader,2026-07-30T05:43:39.877135+00:00,2020-07-21,295f7ca154115b995771fc84b227d45f36b160b67fe233c3572658731dd54a0c,finance-datareader-yahoo-hose-v2-business-day,real,VN000000CLL4,,-0.09030100334448166,-0.01805056893100332,-0.09030100334448166,,no_event_raw_close,29201.33779264214,31133.779264214045,31133.779264214045,29201.337792642138,1.0735785953177257,corporate-actions-v2,candidate_no_known_unresolved_event,False
2021-10-01,CLL,36750.0,37500.0,36700.0,36850.0,26839.369140625,13300.0,490105000.0,finance_datareader_yahoo_hose,https://github.com/FinanceData/FinanceDataReader,2026-07-30T05:43:39.877135+00:00,2021-10-02,ec2ec2ee24c7c7cc832a80c4020bd9746f1946f942941d5e344d8abd47c6d8c0,finance-datareader-yahoo-hose-v2-business-day,real,VN000000CLL4,,-0.051480051480051525,0.005456869403242637,-0.051480051480051525,,no_event_raw_close,41801.65480817654,41688.21748169574,42538.99743030177,41631.49881845534,1.1343732648080473,corporate-actions-v2,candidate_no_known_unresolved_event,False
2022-10-07,CLL,25500.0,27150.0,25500.0,26350.0,20878.978515625,24600.0,648210000.0,finance_datareader_yahoo_hose,https://github.com/FinanceData/FinanceDataReader,2026-07-30T05:43:39.877135+00:00,2022-10-08,ec2ec2ee24c7c7cc832a80c4020bd9746f1946f942941d5e344d8abd47c6d8c0,finance-datareader-yahoo-hose-v2-business-day,real,VN000000CLL4,,-0.11279461279461278,-0.034798595487839035,-0.11279461279461278,,no_event_raw_close,32306.148499626717,31264.014677058116,33286.98033263246,31264.014677058116,1.226039791257181,corporate-actions-v2,candidate_no_known_unresolved_event,False
2023-10-02,CLL,37950.0,37950.0,36000.0,36250.0,31503.62890625,24300.0,880875000.0,finance_datareader_yahoo_hose,https://github.com/FinanceData/FinanceDataReader,2026-07-30T05:43:39.877135+00:00,2023-10-03,295f7ca154115b995771fc84b227d45f36b160b67fe233c3572658731dd54a0c,finance-datareader-yahoo-hose-v2-business-day,real,VN000000CLL4,,-0.1306954436450839,-0.046554443225452546,-0.1306954436450839,,no_event_raw_close,48366.09370774206,50634.29672300169,50634.29672300169,48032.534440792115,1.334237067799781,corporate-actions-v2,candidate_no_known_unresolved_event,False
2024-09-02,CLL,42000.0,42100.0,38550.0,40500.0,37453.94140625,12000.0,486000000.0,finance_datareader_yahoo_hose,https://github.com/FinanceData/FinanceDataReader,2026-07-30T05:43:39.877135+00:00,2024-09-03,295f7ca154115b995771fc84b227d45f36b160b67fe233c3572658731dd54a0c,finance-datareader-yahoo-hose-v2-business-day,real,VN000000CLL4,,-0.06141367323290847,-0.001233118962855051,-0.06141367323290847,,no_event_raw_close,57292.5725839982,59414.51971673887,59555.982858921576,54534.041311435314,1.4146314218271159,corporate-actions-v2,candidate_no_known_unresolved_event,False
2025-09-17,CLL,35700.0,36150.0,35700.0,36050.0,36050.0,257100.0,9268455000.0,finance_datareader_yahoo_hose,https://github.com/FinanceData/FinanceDataReader,2026-07-30T05:43:39.877135+00:00,2025-09-18,ec2ec2ee24c7c7cc832a80c4020bd9746f1946f942941d5e344d8abd47c6d8c0,finance-datareader-yahoo-hose-v2-business-day,real,VN000000CLL4,,0.015492957746478853,0.09808102345415781,0.015492957746478853,,no_event_raw_close,54833.04657548253,54300.686899992405,54985.149339908276,54300.686899992405,1.5210276442574904,corporate-actions-v2,candidate_no_known_unresolved_event,False
2020-07-24,CLW,25600.0,25600.0,25600.0,25600.0,19490.173828125,0.0,0.0,finance_datareader_yahoo_hose,https://github.com/FinanceData/FinanceDataReader,2026-07-30T05:45:08.037176+00:00,2020-07-25,9506879424271e30b5bcfb299358386ee03405f11f5efa2cf5b058fa26aa6b53,finance-datareader-yahoo-hose-v2-business-day,real,VN000000CLW1,,0.0,0.042769786563306766,0.0,,no_event_raw_close,26650.000000000004,26650.000000000007,26650.000000000007,26650.000000000007,1.0410156250000002,corporate-actions-v2,candidate_no_known_unresolved_event,False
2021-06-03,CLW,29200.0,29200.0,29200.0,29200.0,23183.734375,0.0,0.0,finance_datareader_yahoo_hose,https://github.com/FinanceData/FinanceDataReader,2026-07-30T05:45:08.037176+00:00,2021-06-04,9506879424271e30b5bcfb299358386ee03405f11f5efa2cf5b058fa26aa6b53,finance-datareader-yahoo-hose-v2-business-day,real,VN000000CLW1,,0.0,0.04285712654102736,0.0,,no_event_raw_close,31646.875000000022,31646.875000000022,31646.875000000022,31646.875000000022,1.0837970890410966,corporate-actions-v2,candidate_no_known_unresolved_event,False
2022-06-03,CLW,35500.0,35500.0,35500.0,35500.0,29171.794921875,0.0,0.0,finance_datareader_yahoo_hose,https://github.com/FinanceData/FinanceDataReader,2026-07-30T05:45:08.037176+00:00,2022-06-04,9506879424271e30b5bcfb299358386ee03405f11f5efa2cf5b058fa26aa6b53,finance-datareader-yahoo-hose-v2-business-day,real,VN000000CLW1,,0.0,0.034985459509235595,0.0,,no_event_raw_close,39775.35316780821,39775.35316780821,39775.35316780821,39775.35316780821,1.1204324836002313,corporate-actions-v2,candidate_no_known_unresolved_event,False
2023-06-06,CLW,30400.0,30400.0,30400.0,30400.0,25935.603515625,100.0,3040000.0,finance_datareader_yahoo_hose,https://github.com/FinanceData/FinanceDataReader,2026-07-30T05:45:08.037176+00:00,2023-06-07,9506879424271e30b5bcfb299358386ee03405f11f5efa2cf5b058fa26aa6b53,finance-datareader-yahoo-hose-v2-business-day,real,VN000000CLW1,,-0.06748466257668717,-0.03184719273482339,-0.06748466257668717,,no_event_raw_close,35314.932072052456,35314.932072052456,35314.932072052456,35314.932072052456,1.1616753971069886,corporate-actions-v2,candidate_no_known_unresolved_event,False
2023-11-01,CLW,31250.0,31250.0,27250.0,27250.0,23909.435546875,300.0,8175000.0,finance_datareader_yahoo_hose,https://github.com/FinanceData/FinanceDataReader,2026-07-30T05:45:08.037176+00:00,2023-11-02,9506879424271e30b5bcfb299358386ee03405f11f5efa2cf5b058fa26aa6b53,finance-datareader-yahoo-hose-v2-business-day,real,VN000000CLW1,,-0.08094435075885331,-0.05480402497918957,-0.08094435075885331,,no_event_raw_close,32104.065192409616,36816.588523405524,36816.588523405524,32104.065192409616,1.1781308327489768,corporate-actions-v2,candidate_no_known_unresolved_event,False
2024-06-06,CLW,33050.0,33050.0,33050.0,33050.0,30124.56640625,4800.0,158640000.0,finance_datareader_yahoo_hose,https://github.com/FinanceData/FinanceDataReader,2026-07-30T05:45:08.037176+00:00,2024-06-07,9506879424271e30b5bcfb299358386ee03405f11f5efa2cf5b058fa26aa6b53,finance-datareader-yahoo-hose-v2-business-day,real,VN000000CLW1,,0.029595015576324046,0.06957926872567333,0.029595015576324046,,no_event_raw_close,40392.821182067855,40392.821182067855,40392.821182067855,40392.821182067855,1.2221731068704345,corporate-actions-v2,candidate_no_known_unresolved_event,False
2025-06-06,CLW,42350.0,42350.0,42350.0,42350.0,40470.07421875,2000.0,84700000.0,finance_datareader_yahoo_hose,https://github.com/FinanceData/FinanceDataReader,2026-07-30T05:45:08.037176+00:00,2025-06-07,9506879424271e30b5bcfb299358386ee03405f11f5efa2cf5b058fa26aa6b53,finance-datareader-yahoo-hose-v2-business-day,real,VN000000CLW1,,0.0,0.03926372380082821,0.0,,no_event_raw_close,54183.1188041809,54183.1188041809,54183.1188041809,54183.1188041809,1.2794124865213907,corporate-actions-v2,candidate_no_known_unresolved_event,False
2020-11-24,CMG,14280.24609375,14280.24609375,14028.98046875,14070.8583984375,13883.953125,110441.0,1553999672.381836,finance_datareader_yahoo_hose,https://github.com/FinanceData/FinanceDataReader,2026-07-30T05:41:09.689152+00:00,2020-11-25,25b2a004a697c981d627a82b4e193e81f9d122c189bc5841648b773f73549fe6,finance-datareader-yahoo-hose-v2-business-day,real,VN000000CMG2,,-0.014662751183548761,0.015105740181268867,-0.014662751183548761,,no_event_raw_close,15056.19564725394,15280.24609374999,15280.24609374999,15011.385139975511,1.070026804400637,corporate-actions-v2,blocked_unresolved_material_event,False
2023-12-06,CMG,31040.130859375,31531.53125,30753.48046875,31326.78125,31326.78125,107203.0,3358324930.34375,finance_datareader_yahoo_hose,https://github.com/FinanceData/FinanceDataReader,2026-07-30T05:41:09.689152+00:00,2023-12-07,25b2a004a697c981d627a82b4e193e81f9d122c189bc5841648b773f73549fe6,finance-datareader-yahoo-hose-v2-business-day,real,VN000000CMG2,,0.00692333431476988,0.020478458232678243,0.00692333431476988,,no_event_raw_close,44560.67212199505,44152.927260869794,44851.91805448224,43745.18239974454,1.4224465567139952,corporate-actions-v2,blocked_unresolved_material_event,False
2021-01-22,CMV,17300.0,17300.0,17300.0,17300.0,12917.6572265625,110.0,1903000.0,finance_datareader_yahoo_hose,https://github.com/FinanceData/FinanceDataReader,2026-07-30T05:56:58.836156+00:00,2021-01-23,e76ec14663b2f52bb60a63469e9d8195b7b1104a08309e66753f60b9cce52459,finance-datareader-yahoo-hose-v2-business-day,real,VN000000CMV1,,0.005813725060473063,0.10191061313457817,0.005813725060473063,,no_event_raw_close,18808.720587590702,18808.720587590702,18808.720587590702,18808.720587590702,1.0872092825196937,corporate-actions-v2,blocked_unresolved_material_event,False
2021-08-31,CMV,13500.0,13500.0,13500.0,13500.0,10682.0595703125,100.0,1350000.0,finance_datareader_yahoo_hose,https://github.com/FinanceData/FinanceDataReader,2026-07-30T05:56:58.836156+00:00,2021-09-01,e76ec14663b2f52bb60a63469e9d8195b7b1104a08309e66753f60b9cce52459,finance-datareader-yahoo-hose-v2-business-day,real,VN000000CMV1,,-0.04929577464788737,0.007462742241399756,-0.04929577464788737,,no_event_raw_close,15504.21688100267,15504.21688100267,15504.21688100267,15504.21688100267,1.1484605097039016,corporate-actions-v2,blocked_unresolved_material_event,False
2022-09-15,CMV,13050.0,13350.0,13050.0,13150.0,11340.408203125,3600.0,47340000.0,finance_datareader_yahoo_hose,https://github.com/FinanceData/FinanceDataReader,2026-07-30T05:56:58.836156+00:00,2022-09-16,e76ec14663b2f52bb60a63469e9d8195b7b1104a08309e66753f60b9cce52459,finance-datareader-yahoo-hose-v2-business-day,real,VN000000CMV1,,-0.09621993127147765,-0.014981343935583036,-0.09621993127147765,,no_event_raw_close,16347.802564676906,16223.484674451227,16596.438345128267,16223.484674451227,1.243178902256799,corporate-actions-v2,blocked_unresolved_material_event,False
2023-04-18,CMV,9800.0,9800.0,9800.0,9800.0,8905.783203125,0.0,0.0,finance_datareader_yahoo_hose,https://github.com/FinanceData/FinanceDataReader,2026-07-30T05:56:58.836156+00:00,2023-04-19,e76ec14663b2f52bb60a63469e9d8195b7b1104a08309e66753f60b9cce52459,finance-datareader-yahoo-hose-v2-business-day,real,VN000000CMV1,,0.0,0.05376347316459906,0.0,,no_event_raw_close,12183.153242116616,12183.153242116616,12183.153242116616,12183.153242116616,1.2431789022567976,corporate-actions-v2,blocked_unresolved_material_event,False
2023-09-28,CMV,9010.0,9300.0,9000.0,9000.0,8632.6533203125,2900.0,26100000.0,finance_datareader_yahoo_hose,https://github.com/FinanceData/FinanceDataReader,2026-07-30T05:56:58.836156+00:00,2023-09-29,e76ec14663b2f52bb60a63469e9d8195b7b1104a08309e66753f60b9cce52459,finance-datareader-yahoo-hose-v2-business-day,real,VN000000CMV1,,-0.05362776025236593,-0.0011098732730832062,-0.05362776025236593,,no_event_raw_close,11188.61012031117,11201.041909333739,11561.56379098821,11188.61012031117,1.2431789022567967,corporate-actions-v2,blocked_unresolved_material_event,False
2024-09-26,CMV,9800.0,9800.0,9800.0,9800.0,9800.0,0.0,0.0,finance_datareader_yahoo_hose,https://github.com/FinanceData/FinanceDataReader,2026-07-30T05:56:58.836156+00:00,2024-09-27,e76ec14663b2f52bb60a63469e9d8195b7b1104a08309e66753f60b9cce52459,finance-datareader-yahoo-hose-v2-business-day,real,VN000000CMV1,,0.0,0.042553191489361764,0.0,,no_event_raw_close,12183.153242116603,12183.153242116603,12183.153242116603,12183.153242116603,1.2431789022567963,corporate-actions-v2,blocked_unresolved_material_event,False
2020-02-06,CNG,18000.0,18000.0,17384.615234375,17384.615234375,12535.759765625,13637.0,237073997.95117188,finance_datareader_yahoo_hose,https://github.com/FinanceData/FinanceDataReader,2026-07-30T05:44:31.869709+00:00,2020-02-07,b14036e235c4ec313c6c59707daf07a81d8d11ec10fea02a20b7b796fab68bd3,finance-datareader-yahoo-hose-v2-business-day,real,VN000000CNG0,,-0.042372865856053044,0.0,-0.042372865856053044,,no_event_raw_close,18342.24236851894,18991.52544834626,18991.52544834626,18342.24236851894,1.0550847471303477,corporate-actions-v2,blocked_unresolved_material_event,False
2020-09-30,CNG,15769.23046875,16230.76953125,15769.23046875,15884.615234375,12296.349609375,134420.0,2135209979.8046875,finance_datareader_yahoo_hose,https://github.com/FinanceData/FinanceDataReader,2026-07-30T05:44:31.869709+00:00,2020-10-01,b14036e235c4ec313c6c59707daf07a81d8d11ec10fea02a20b7b796fab68bd3,finance-datareader-yahoo-hose-v2-business-day,real,VN000000CNG0,,-0.0570776597171716,0.012254738614963845,-0.0570776597171716,,no_event_raw_close,16759.615247823407,16637.874541561258,17124.83736660985,16637.874541561258,1.055084747130347,corporate-actions-v2,blocked_unresolved_material_event,False
2021-09-30,CNG,27000.0,27461.5390625,26384.615234375,27461.5390625,22531.0390625,1324700.0,36378300796.09375,finance_datareader_yahoo_hose,https://github.com/FinanceData/FinanceDataReader,2026-07-30T05:44:31.869709+00:00,2021-10-01,b14036e235c4ec313c6c59707daf07a81d8d11ec10fea02a20b7b796fab68bd3,finance-datareader-yahoo-hose-v2-business-day,real,VN000000CNG0,,0.00847458721227734,0.06886230235799573,0.00847458721227734,,no_event_raw_close,31102.303307240472,30579.57485136828,31102.303307240472,29882.604314226748,1.1325768463469734,corporate-actions-v2,blocked_unresolved_material_event,False
2022-07-08,CNG,23115.384765625,24461.5390625,23115.384765625,23846.154296875,20193.859375,228930.0,5459100103.183594,finance_datareader_yahoo_hose,https://github.com/FinanceData/FinanceDataReader,2026-07-30T05:44:31.869709+00:00,2022-07-09,b14036e235c4ec313c6c59707daf07a81d8d11ec10fea02a20b7b796fab68bd3,finance-datareader-yahoo-hose-v2-business-day,real,VN000000CNG0,,-0.03426792977507076,-0.0032153919245767604,-0.03426792977507076,,no_event_raw_close,28101.3680135695,27240.196720492233,28826.564770810925,27240.196720492233,1.1784444428111471,corporate-actions-v2,blocked_unresolved_material_event,False
2022-09-30,CNG,27769.23046875,28076.923828125,27153.845703125,27307.69140625,23771.181640625,158340.0,4323899857.265625,finance_datareader_yahoo_hose,https://github.com/FinanceData/FinanceDataReader,2026-07-30T05:44:31.869709+00:00,2022-10-01,b14036e235c4ec313c6c59707daf07a81d8d11ec10fea02a20b7b796fab68bd3,finance-datareader-yahoo-hose-v2-business-day,real,VN000000CNG0,,-0.03532608808146087,-0.008379871199362343,-0.03532608808146087,,no_event_raw_close,33317.41179432229,33880.52373138477,34255.932483745615,33129.70860962065,1.2200742749970004,corporate-actions-v2,blocked_unresolved_material_event,False
2024-10-15,CNG,35200.0,35200.0,33600.0,33600.0,32223.890625,556400.0,18695040000.0,finance_datareader_yahoo_hose,https://github.com/FinanceData/FinanceDataReader,2026-07-30T05:44:31.869709+00:00,2024-10-16,b14036e235c4ec313c6c59707daf07a81d8d11ec10fea02a20b7b796fab68bd3,finance-datareader-yahoo-hose-v2-business-day,real,VN000000CNG0,,-0.06666666666666665,-0.0344827101894748,-0.06666666666666665,,no_event_raw_close,45021.00889558149,47164.86646203775,47164.86646203775,45021.00889558149,1.3399109790351635,corporate-actions-v2,blocked_unresolved_material_event,False
2025-09-18,CNG,29300.0,29300.0,29000.0,29150.0,29150.0,85600.0,2495240000.0,finance_datareader_yahoo_hose,https://github.com/FinanceData/FinanceDataReader,2026-07-30T05:44:31.869709+00:00,2025-09-19,b14036e235c4ec313c6c59707daf07a81d8d11ec10fea02a20b7b796fab68bd3,finance-datareader-yahoo-hose-v2-business-day,real,VN000000CNG0,,-0.005119453924914641,0.03736654804270456,-0.005119453924914641,,no_event_raw_close,40658.06667869249,40867.28486057255,40867.28486057255,40448.848496812425,1.3947878792004285,corporate-actions-v2,blocked_unresolved_material_event,False
2020-11-13,COM,53500.0,53500.0,49300.0,52000.0,42254.296875,250.0,13000000.0,finance_datareader_yahoo_hose,https://github.com/FinanceData/FinanceDataReader,2026-07-30T05:49:37.987639+00:00,2020-11-14,59f7dafe7fdac3be7144de5f55a2996dc2aa11d85da8d487d62b0ed8721dd586,finance-datareader-yahoo-hose-v2-business-day,real,VN000000COM6,,-0.054545454545454564,-0.018867910837441104,-0.054545454545454564,,no_event_raw_close,53890.90909090906,55445.45454545451,55445.45454545451,51092.72727272724,1.0363636363636357,corporate-actions-v2,blocked_unresolved_material_event,False
2022-03-21,COM,51000.0,52900.0,46100.0,52400.0,44299.7109375,2700.0,141480000.0,finance_datareader_yahoo_hose,https://github.com/FinanceData/FinanceDataReader,2026-07-30T05:49:37.987639+00:00,2022-03-22,4ab8b46a7bf1d83323cb11963ef0519533a63fc957c9d163f263e64f1b6febb0,finance-datareader-yahoo-hose-v2-business-day,real,VN000000COM6,,0.01747572815533971,0.05858579937386876,0.01747572815533971,,no_event_raw_close,54305.45454545453,52854.54545454544,54823.63636363635,47776.363636363625,1.0363636363636362,corporate-actions-v2,blocked_unresolved_material_event,False
2023-05-09,COM,31000.0,31000.0,31000.0,31000.0,27471.88671875,200.0,6200000.0,finance_datareader_yahoo_hose,https://github.com/FinanceData/FinanceDataReader,2026-07-30T05:49:37.987639+00:00,2023-05-10,59f7dafe7fdac3be7144de5f55a2996dc2aa11d85da8d487d62b0ed8721dd586,finance-datareader-yahoo-hose-v2-business-day,real,VN000000COM6,,-0.049079754601227044,-0.0032154395524223167,-0.049079754601227044,,no_event_raw_close,33605.52147239265,33605.52147239265,33605.52147239265,33605.52147239265,1.0840490797546016,corporate-actions-v2,blocked_unresolved_material_event,False
2024-03-19,COM,35600.0,35600.0,35450.0,35450.0,32830.54296875,600.0,21270000.0,finance_datareader_yahoo_hose,https://github.com/FinanceData/FinanceDataReader,2026-07-30T05:49:37.987639+00:00,2024-03-20,59f7dafe7fdac3be7144de5f55a2996dc2aa11d85da8d487d62b0ed8721dd586,finance-datareader-yahoo-hose-v2-business-day,real,VN000000COM6,,0.018678160919540332,0.06456462304692456,0.018678160919540332,,no_event_raw_close,40085.98556166703,40255.601861645875,40255.601861645875,40085.98556166703,1.1307753331922998,corporate-actions-v2,blocked_unresolved_material_event,False
2025-03-18,COM,30000.0,30000.0,30000.0,30000.0,29172.4140625,400.0,12000000.0,finance_datareader_yahoo_hose,https://github.com/FinanceData/FinanceDataReader,2026-07-30T05:49:37.987639+00:00,2025-03-19,59f7dafe7fdac3be7144de5f55a2996dc2aa11d85da8d487d62b0ed8721dd586,finance-datareader-yahoo-hose-v2-business-day,real,VN000000COM6,,-0.04761904761904767,6.695109733279025e-08,-0.04761904761904767,,no_event_raw_close,33923.25999576899,33923.25999576899,33923.25999576899,33923.25999576899,1.1307753331922996,corporate-actions-v2,blocked_unresolved_material_event,False
2021-08-25,CRC,10037.3876953125,10367.2548828125,9896.0166015625,9943.140625,9533.654296875,110347.0,1097195738.546875,finance_datareader_yahoo_hose,https://github.com/FinanceData/FinanceDataReader,2026-07-30T05:44:34.950439+00:00,2021-08-26,7fa8142097c43f5881dd55aca5e2b2b65add1f3a5dbfdf6eeafaf72c419952b0,finance-datareader-yahoo-hose-v2-business-day,real,VN000000CRC0,,-0.009389601475343401,0.04254341215721946,-0.009389601475343401,,no_event_raw_close,9943.140624999993,10037.387695312493,10367.254882812493,9896.016601562493,0.9999999999999992,corporate-actions-v2,blocked_unresolved_material_event,False
2021-09-28,CRC,10700.0,11100.0,10500.0,10550.0,10550.0,224000.0,2363200000.0,finance_datareader_yahoo_hose,https://github.com/FinanceData/FinanceDataReader,2026-07-30T05:44:34.950439+00:00,2021-09-29,7fa8142097c43f5881dd55aca5e2b2b65add1f3a5dbfdf6eeafaf72c419952b0,finance-datareader-yahoo-hose-v2-business-day,real,VN000000CRC0,,-0.00938958052647998,0.033158781218452615,-0.00938958052647998,,no_event_raw_close,11045.305209736756,11202.34746390363,11621.126808348625,10992.957791681132,1.0469483611124888,corporate-actions-v2,blocked_unresolved_material_event,False
2020-09-29,CRE,4950.5986328125,4950.5986328125,4855.8505859375,4915.06787109375,4915.06787109375,8068028.0,39654905205.884766,finance_datareader_yahoo_hose,https://github.com/FinanceData/FinanceDataReader,2026-07-30T05:41:34.331190+00:00,2020-09-30,ff070f19aaaaeff423bf95fdbdf527e641e3575a4741f9b13f9cedf7d6ac60f1,finance-datareader-yahoo-hose-v2-business-day,real,VN000000CRE6,,-0.05681826167545989,-0.011904876426010458,-0.05681826167545989,,no_event_raw_close,5858.249609418292,5900.598581277938,5900.598581277938,5787.668765626156,1.1918959743916324,corporate-actions-v2,blocked_unresolved_material_event,False
2020-07-31,CSM,14300.0,14500.0,14200.0,14500.0,12910.818359375,59690.0,865505000.0,finance_datareader_yahoo_hose,https://github.com/FinanceData/FinanceDataReader,2026-07-30T05:42:38.876079+00:00,2020-08-01,63e9380a7b57096c06d49a62649eb2eec3b24390b0b614915ed57e991d390a6e,finance-datareader-yahoo-hose-v2-business-day,real,VN000000CSM7,,0.0,0.03571433048027739,0.0,,no_event_raw_close,15000.000000000011,14793.103448275873,15000.000000000011,14689.655172413804,1.0344827586206904,corporate-actions-v2,candidate_no_known_unresolved_event,False
2021-06-16,CSM,17500.0,18300.0,17100.0,18100.0,16576.7265625,46700.0,845270000.0,finance_datareader_yahoo_hose,https://github.com/FinanceData/FinanceDataReader,2026-07-30T05:42:38.876079+00:00,2021-06-17,63e9380a7b57096c06d49a62649eb2eec3b24390b0b614915ed57e991d390a6e,finance-datareader-yahoo-hose-v2-business-day,real,VN000000CSM7,,0.005555555555555536,0.034285533928536394,0.005555555555555536,,no_event_raw_close,19244.252873563204,18606.321839080447,19456.896551724123,18181.03448275861,1.063218390804597,corporate-actions-v2,candidate_no_known_unresolved_event,False
2022-10-07,CSM,15000.0,15000.0,14800.0,14800.0,13822.8564453125,1200.0,17760000.0,finance_datareader_yahoo_hose,https://github.com/FinanceData/FinanceDataReader,2026-07-30T05:42:38.876079+00:00,2022-10-08,63e9380a7b57096c06d49a62649eb2eec3b24390b0b614915ed57e991d390a6e,finance-datareader-yahoo-hose-v2-business-day,real,VN000000CSM7,,-0.04207119741100329,-0.023102291325582613,-0.04207119741100329,,no_event_raw_close,16041.178439906264,16257.95112152662,16257.95112152662,16041.178439906264,1.0838634081017746,corporate-actions-v2,candidate_no_known_unresolved_event,False
2023-09-19,CSM,13250.0,13250.0,12900.0,12900.0,12326.337890625,13900.0,179310000.0,finance_datareader_yahoo_hose,https://github.com/FinanceData/FinanceDataReader,2026-07-30T05:42:38.876079+00:00,2023-09-20,63e9380a7b57096c06d49a62649eb2eec3b24390b0b614915ed57e991d390a6e,finance-datareader-yahoo-hose-v2-business-day,real,VN000000CSM7,,-0.03007518796992481,-0.007692363933161417,-0.03007518796992481,,no_event_raw_close,14297.217768223689,14685.12677743906,14685.12677743906,14297.217768223689,1.108311454901061,corporate-actions-v2,candidate_no_known_unresolved_event,False
2024-09-16,CSM,12500.0,12700.0,12400.0,12700.0,12428.826171875,101400.0,1287780000.0,finance_datareader_yahoo_hose,https://github.com/FinanceData/FinanceDataReader,2026-07-30T05:42:38.876079+00:00,2024-09-17,13abc80efbd9a1966098f3446774656018f5205df1af95e8a3271837e799f2ce,finance-datareader-yahoo-hose-v2-business-day,real,VN000000CSM7,,0.0,0.024193582782956025,0.0,,no_event_raw_close,14408.048913713812,14181.15050562383,14408.04891371381,14067.70130157884,1.1344920404499064,corporate-actions-v2,candidate_no_known_unresolved_event,False
2025-06-06,CSM,14050.0,14100.0,13800.0,14050.0,14050.0,1683300.0,23650365000.0,finance_datareader_yahoo_hose,https://github.com/FinanceData/FinanceDataReader,2026-07-30T05:42:38.876079+00:00,2025-06-07,63e9380a7b57096c06d49a62649eb2eec3b24390b0b614915ed57e991d390a6e,finance-datareader-yahoo-hose-v2-business-day,real,VN000000CSM7,,0.0,0.021818181818181737,0.0,,no_event_raw_close,16279.960780456158,16279.960780456158,16337.896583945327,15990.28176301032,1.1587160697833565,corporate-actions-v2,candidate_no_known_unresolved_event,False
2020-11-09,CSV,27600.0,27900.0,27000.0,27000.0,21716.32421875,396830.0,10714410000.0,finance_datareader_yahoo_hose,https://github.com/FinanceData/FinanceDataReader,2026-07-30T05:42:01.090251+00:00,2020-11-10,195d8735e622f4afd1474473dac95ab1d9d4f4c1d18a44bfdd2a3853146f2f51,finance-datareader-yahoo-hose-v2-business-day,real,VN000000CSV8,,-0.032258064516129004,-0.018181824603844654,-0.032258064516129004,,no_event_raw_close,29278.14483741418,29928.770278245607,30254.08299866132,29278.14483741418,1.0843757347190437,corporate-actions-v2,blocked_unresolved_material_event,False
2021-07-26,CSV,26750.0,28400.0,26600.0,28400.0,23178.890625,682200.0,19374480000.0,finance_datareader_yahoo_hose,https://github.com/FinanceData/FinanceDataReader,2026-07-30T05:42:01.090251+00:00,2021-07-27,195d8735e622f4afd1474473dac95ab1d9d4f4c1d18a44bfdd2a3853146f2f51,finance-datareader-yahoo-hose-v2-business-day,real,VN000000CSV8,,0.030852994555353952,0.04604049747334815,0.030852994555353952,,no_event_raw_close,31914.102839379106,30059.9384138518,31914.10283937911,29891.37801153114,1.1237360154710954,corporate-actions-v2,blocked_unresolved_material_event,False
2022-06-13,CSV,53200.0,56500.0,51600.0,51600.0,43307.91015625,637000.0,32869200000.0,finance_datareader_yahoo_hose,https://github.com/FinanceData/FinanceDataReader,2026-07-30T05:42:01.090251+00:00,2022-06-14,195d8735e622f4afd1474473dac95ab1d9d4f4c1d18a44bfdd2a3853146f2f51,finance-datareader-yahoo-hose-v2-business-day,real,VN000000CSV8,,-0.05147058823529416,-0.024574734881527505,-0.05147058823529416,,no_event_raw_close,57984.778398308445,59782.75602306219,63491.0848741168,57984.77839830844,1.1237360154710938,corporate-actions-v2,blocked_unresolved_material_event,False
2022-06-27,CSV,48550.0,48800.0,46800.0,46800.0,39765.19921875,334000.0,15631200000.0,finance_datareader_yahoo_hose,https://github.com/FinanceData/FinanceDataReader,2026-07-30T05:42:01.090251+00:00,2022-06-28,195d8735e622f4afd1474473dac95ab1d9d4f4c1d18a44bfdd2a3853146f2f51,finance-datareader-yahoo-hose-v2-business-day,real,VN000000CSV8,,-0.046843177189409335,-0.03505160443820354,-0.046843177189409335,,no_event_raw_close,54197.49049932357,56224.106062866646,56513.62257194423,54197.49049932356,1.1580660363103326,corporate-actions-v2,blocked_unresolved_material_event,False
2023-02-01,CSV,32500.0,32800.0,32000.0,32600.0,28038.521484375,220400.0,7185040000.0,finance_datareader_yahoo_hose,https://github.com/FinanceData/FinanceDataReader,2026-07-30T05:42:01.090251+00:00,2023-02-02,fe47cdd19bf6e5319c1e8fb98965094a0ac221e9c127e761ac7d91d625010023,finance-datareader-yahoo-hose-v2-business-day,real,VN000000CSV8,,-0.015105740181268867,-0.0030581759695994526,-0.015105740181268867,,no_event_raw_close,38893.52537536992,38774.22008280744,39132.135960494896,38177.69361999502,1.1930529256248443,corporate-actions-v2,blocked_unresolved_material_event,False
2023-06-05,CSV,32100.0,32100.0,31100.0,31550.0,27474.634765625,426100.0,13443455000.0,finance_datareader_yahoo_hose,https://github.com/FinanceData/FinanceDataReader,2026-07-30T05:42:01.090251+00:00,2023-06-06,195d8735e622f4afd1474473dac95ab1d9d4f4c1d18a44bfdd2a3853146f2f51,finance-datareader-yahoo-hose-v2-business-day,real,VN000000CSV8,,-0.026234567901234573,-0.014062510075238732,-0.026234567901234573,,no_event_raw_close,37640.81980346382,38296.99891255748,38296.99891255748,37103.94598693264,1.1930529256248437,corporate-actions-v2,blocked_unresolved_material_event,False
2023-08-29,CSV,36350.0,36700.0,35300.0,35900.0,31775.2421875,597800.0,21461020000.0,finance_datareader_yahoo_hose,https://github.com/FinanceData/FinanceDataReader,2026-07-30T05:42:01.090251+00:00,2023-08-30,fe47cdd19bf6e5319c1e8fb98965094a0ac221e9c127e761ac7d91d625010023,finance-datareader-yahoo-hose-v2-business-day,real,VN000000CSV8,,-0.034946236559139754,-0.019125720948073188,-0.034946236559139754,,no_event_raw_close,44557.64035371947,45116.162308014005,45550.568272465316,43812.944414660094,1.2411598984322973,corporate-actions-v2,blocked_unresolved_material_event,False
2024-07-02,CSV,69807.0234150669,69807.0234150669,67438.57083491284,68934.43562237856,67091.26920697922,1393000.0,96025668821.97333,fdr_segment_scaled_by_cafef_crosscheck,https://cafef.vn/du-lieu/lich-su-giao-dich-hose/all-1.chn,2026-07-30T05:42:01.090251+00:00,2024-07-03,f3625dc2ed7e666cc0482b79766b0a974bfc4789e2c7d07b2bc541096c0b0ebb,fdr-cafef-segment-scale-v1,real,VN000000CSV8,,0.0018115942028986698,0.10159363298350543,0.0018115942028986698,,no_event_raw_close,88667.17805683191,89789.54739932346,89789.54739932346,86743.11632684642,1.2862537751458345,corporate-actions-v2,blocked_unresolved_material_event,False
2025-06-20,CSV,93491.54921660744,93491.54921660744,90998.44123749791,91621.71823227529,91621.71823227529,2431100.0,222741559194.48447,fdr_segment_scaled_by_cafef_crosscheck,https://cafef.vn/du-lieu/lich-su-giao-dich-hose/all-1.chn,2026-07-30T05:42:01.090251+00:00,2025-06-21,f3625dc2ed7e666cc0482b79766b0a974bfc4789e2c7d07b2bc541096c0b0ebb,fdr-cafef-segment-scale-v1,real,VN000000CSV8,,-0.017379679144385096,0.009615384615384581,-0.017379679144385096,,no_event_raw_close,119112.68005884775,121543.55108045688,121543.55108045688,118302.38971831137,1.3000485295078028,corporate-actions-v2,blocked_unresolved_material_event,False
2020-08-31,CTD,52993.19921875,53673.46875,52176.87109375,52721.08984375,50572.0703125,1202724.0,63408920061.234375,finance_datareader_yahoo_hose,https://github.com/FinanceData/FinanceDataReader,2026-07-30T05:41:04.276672+00:00,2020-09-01,62998556346fcecb6051fab2ce24283e82056abd4c7c930f4a1d7d468c83202e,finance-datareader-yahoo-hose-v2-business-day,real,VN000000CTD4,,-0.025157209536682767,0.01307189798205699,-0.025157209536682767,,no_event_raw_close,55645.61821513995,55932.82195919922,56650.82719641108,55071.2107270214,1.0554716979496706,corporate-actions-v2,blocked_unresolved_material_event,False
2021-09-23,CTD,45918.3671875,45918.3671875,45918.3671875,45918.3671875,44708.9921875,0.0,0.0,finance_datareader_yahoo_hose,https://github.com/FinanceData/FinanceDataReader,2026-07-30T05:41:04.276672+00:00,2021-09-24,b84429bf89e1b6dbaab0f1c2b85d12c6d915f313a1a62adaa9b4143a514e79e7,finance-datareader-yahoo-hose-v2-business-day,real,VN000000CTD4,,0.0,0.015037594651762465,0.0,,no_event_raw_close,49521.0086804168,49521.0086804168,49521.0086804168,49521.0086804168,1.0784575261181657,corporate-actions-v2,blocked_unresolved_material_event,False
2024-12-25,CTD,60680.2734375,60680.2734375,59863.9453125,60136.0546875,59432.70703125,604170.0,36332400160.546875,finance_datareader_yahoo_hose,https://github.com/FinanceData/FinanceDataReader,2026-07-30T05:41:04.276672+00:00,2024-12-26,b84429bf89e1b6dbaab0f1c2b85d12c6d915f313a1a62adaa9b4143a514e79e7,finance-datareader-yahoo-hose-v2-business-day,real,VN000000CTD4,,-0.01777774913773078,-0.0030075350558003144,-0.01777774913773078,,no_event_raw_close,64854.180768788116,65441.09757558024,65441.09757558024,64560.72236539206,1.0784575261181681,corporate-actions-v2,blocked_unresolved_material_event,False
2025-12-02,CTD,77097.5078125,77823.1328125,76462.5859375,76553.2890625,76553.2890625,280255.0,21454442026.210938,finance_datareader_yahoo_hose,https://github.com/FinanceData/FinanceDataReader,2026-07-30T05:41:04.276672+00:00,2025-12-03,b84429bf89e1b6dbaab0f1c2b85d12c6d915f313a1a62adaa9b4143a514e79e7,finance-datareader-yahoo-hose-v2-business-day,real,VN000000CTD4,,-0.012865521701387883,-0.0011834342446320756,-0.012865521701387883,,no_event_raw_close,83624.05334596454,84218.53829023281,85011.18488259053,83524.97252191982,1.0923639515696286,corporate-actions-v2,blocked_unresolved_material_event,False
2025-10-24,CTF,20300.0,20500.0,20000.0,20500.0,20500.0,336900.0,6906450000.0,finance_datareader_yahoo_hose,https://github.com/FinanceData/FinanceDataReader,2026-07-30T05:42:27.966498+00:00,2025-10-25,14a28b5eedfc7000dbf1dad4ae8e35b47fca9d88486c2552f36b5b9750114f70,finance-datareader-yahoo-hose-v2-business-day,real,VN000000CTF9,,0.014851485148514865,0.04060913705583746,0.014851485148514865,,no_event_raw_close,26685.816950495024,26425.467516831657,26685.816950495024,26034.94336633661,1.3017471683168305,corporate-actions-v2,blocked_unresolved_material_event,False
2020-12-18,CTG,16730.5078125,16826.384765625,16347.0009765625,16347.0009765625,15588.5771484375,29887822.0,488576255421.3262,finance_datareader_yahoo_hose,https://github.com/FinanceData/FinanceDataReader,2026-07-30T05:38:04.747042+00:00,2020-12-19,98aa20aa0f5ac4a8115ed7acc7cb93b9629e547a2f2b695dbd9cd794624203a7,finance-datareader-yahoo-hose-v2-business-day,real,VN000000CTG7,,-0.036723206107028394,-0.022922781674237003,-0.036723206107028394,,no_event_raw_close,16828.63937350901,17223.44562870658,17322.147443839815,16828.63937350901,1.0294634102999725,corporate-actions-v2,blocked_unresolved_material_event,False
2021-12-15,CTG,20418.380859375,20449.31640625,20016.19921875,20047.13671875,19584.740234375,11768778.0,235930301578.6172,finance_datareader_yahoo_hose,https://github.com/FinanceData/FinanceDataReader,2026-07-30T05:38:04.747042+00:00,2021-12-16,98aa20aa0f5ac4a8115ed7acc7cb93b9629e547a2f2b695dbd9cd794624203a7,finance-datareader-yahoo-hose-v2-business-day,real,VN000000CTG7,,-0.032835849585700294,-0.009174294702503416,-0.032835849585700294,,no_event_raw_close,21434.321816918455,21831.25463053862,21864.33079880164,21401.243560381663,1.0691961708861408,corporate-actions-v2,blocked_unresolved_material_event,False
2020-06-19,CTI,17800.0,17900.0,17500.0,17800.0,15498.32421875,433290.0,7712562000.0,finance_datareader_yahoo_hose,https://github.com/FinanceData/FinanceDataReader,2026-07-30T05:43:20.583362+00:00,2020-06-20,fcc3041a4e807746823fab949f87e5d0a664a2ed476ae71fbcef0b04a0e70e96,finance-datareader-yahoo-hose-v2-business-day,real,VN000000CTI3,,-0.05820105820105825,0.005649787683057239,-0.05820105820105825,,no_event_raw_close,18930.158730158717,18930.158730158717,19036.507936507925,18611.1111111111,1.0634920634920628,corporate-actions-v2,candidate_no_known_unresolved_event,False
2020-12-10,CTI,14500.0,14700.0,14350.0,14400.0,13586.44140625,922900.0,13289760000.0,finance_datareader_yahoo_hose,https://github.com/FinanceData/FinanceDataReader,2026-07-30T05:43:20.583362+00:00,2020-12-11,fcc3041a4e807746823fab949f87e5d0a664a2ed476ae71fbcef0b04a0e70e96,finance-datareader-yahoo-hose-v2-business-day,real,VN000000CTI3,,-0.07395498392282962,0.003484367805214772,-0.07395498392282962,,no_event_raw_close,16496.09554432704,16610.651763384867,16839.764201500522,16438.817434798126,1.1455621905782667,corporate-actions-v2,candidate_no_known_unresolved_event,False
2021-09-20,CTI,17100.0,17150.0,16400.0,16400.0,16400.0,1041000.0,17072400000.0,finance_datareader_yahoo_hose,https://github.com/FinanceData/FinanceDataReader,2026-07-30T05:43:20.583362+00:00,2021-09-21,12f949ac71f608eaac1834c4debcbaf6028c337427e09f16427906ddcf08b6f0,finance-datareader-yahoo-hose-v2-business-day,real,VN000000CTI3,,-0.07344632768361581,-0.017964071856287456,-0.07344632768361581,,no_event_raw_close,19848.64478003065,20695.843032836834,20756.357193751563,19848.64478003065,1.2102832182945518,corporate-actions-v2,candidate_no_known_unresolved_event,False
2022-06-20,CTR,58928.5703125,61160.71484375,56964.28515625,61071.4296875,55235.1796875,819952.0,50075640915.125,finance_datareader_yahoo_hose,https://github.com/FinanceData/FinanceDataReader,2026-07-30T05:40:14.333060+00:00,2022-06-21,673329025f99e4a1e7f401ed8a41cfe5c3ffc169d706b430190a758ce29c9e69,finance-datareader-yahoo-hose-v2-business-day,real,VN000000CTR4,,0.02683413858276751,0.04248407212233252,0.02683413858276751,,no_event_raw_close,76205.76408389524,73531.87488837773,76317.17532132978,71080.81304200142,1.2478136581022747,corporate-actions-v2,blocked_unresolved_material_event,False
2023-06-30,CTR,64017.85546875,64732.14453125,62946.4296875,63035.71484375,57808.00390625,184688.0,11641940103.0625,finance_datareader_yahoo_hose,https://github.com/FinanceData/FinanceDataReader,2026-07-30T05:40:14.333060+00:00,2023-07-01,5c89ff879708606dab4962ac71f7f479d2ab7f66b2b1088b1f2714e4dcf617e5,finance-datareader-yahoo-hose-v2-business-day,real,VN000000CTR4,,-0.027548217500891536,-0.013966583926698473,-0.027548217500891536,,no_event_raw_close,79870.26454631987,81114.69925662468,82019.74898162314,79757.13456806194,1.2670636756368763,corporate-actions-v2,blocked_unresolved_material_event,False
2024-01-19,CTR,79464.2890625,81071.4296875,79017.859375,80714.2890625,75627.6328125,158816.0,12818720531.75,finance_datareader_yahoo_hose,https://github.com/FinanceData/FinanceDataReader,2026-07-30T05:40:14.333060+00:00,2024-01-20,5c89ff879708606dab4962ac71f7f479d2ab7f66b2b1088b1f2714e4dcf617e5,finance-datareader-yahoo-hose-v2-business-day,real,VN000000CTR4,,0.001107461240310137,0.02284424061530821,0.001107461240310137,,no_event_raw_close,104704.33175617861,103082.80456173256,105167.62234472176,102503.6862587811,1.2972217555568413,corporate-actions-v2,blocked_unresolved_material_event,False
2024-09-30,CTR,115982.140625,115982.140625,113035.7109375,113392.859375,108494.3515625,567056.0,64300101265.75,finance_datareader_yahoo_hose,https://github.com/FinanceData/FinanceDataReader,2026-07-30T05:40:14.333060+00:00,2024-10-01,673329025f99e4a1e7f401ed8a41cfe5c3ffc169d706b430190a758ce29c9e69,finance-datareader-yahoo-hose-v2-business-day,real,VN000000CTR4,,-0.03274939133186194,-0.012288010132540772,-0.03274939133186194,,no_event_raw_close,150508.57291482817,153945.37685434098,153945.37685434098,150034.52276790387,1.3273196720181761,corporate-actions-v2,blocked_unresolved_material_event,False
2025-10-01,CTR,80892.859375,80892.859375,79553.5703125,79910.7109375,78340.53125,249424.0,19931649164.875,finance_datareader_yahoo_hose,https://github.com/FinanceData/FinanceDataReader,2026-07-30T05:40:14.333060+00:00,2025-10-02,5c89ff879708606dab4962ac71f7f479d2ab7f66b2b1088b1f2714e4dcf617e5,finance-datareader-yahoo-hose-v2-business-day,real,VN000000CTR4,,0.0,0.024613603234266312,0.0,,no_event_raw_close,108920.79592714085,110259.49493602298,110259.49493602298,108434.00209591913,1.3630312463660885,corporate-actions-v2,blocked_unresolved_material_event,False
2020-08-20,CVT,17900.0,18300.0,17900.0,18000.0,17179.955078125,209350.0,3768300000.0,finance_datareader_yahoo_hose,https://github.com/FinanceData/FinanceDataReader,2026-07-30T05:43:45.182141+00:00,2020-08-21,2df5c596b8890f27f05bf31612609352d6aed658b1fbcc737fd16e4ccf506dfd,finance-datareader-yahoo-hose-v2-business-day,real,VN000000CVT6,,-0.07455012853470433,0.0027855480287009016,-0.07455012853470433,,no_event_raw_close,18000.00000000001,17900.00000000001,18300.00000000001,17900.00000000001,1.0000000000000007,corporate-actions-v2,blocked_unresolved_material_event,False
2021-04-20,CVT,42000.0,44000.0,40800.0,43900.0,43900.0,2080.0,91312000.0,finance_datareader_yahoo_hose,https://github.com/FinanceData/FinanceDataReader,2026-07-30T05:43:45.182141+00:00,2021-04-21,2df5c596b8890f27f05bf31612609352d6aed658b1fbcc737fd16e4ccf506dfd,finance-datareader-yahoo-hose-v2-business-day,real,VN000000CVT6,,0.0,0.047732696897374804,0.0,,no_event_raw_close,45899.99999999996,43913.439635535266,46004.555808656,42658.769931662835,1.0455580865603635,corporate-actions-v2,blocked_unresolved_material_event,False
2020-02-14,D2D,37323.9453125,37746.48046875,37042.25390625,37605.6328125,18910.912109375,119024.0,4475972839.875,finance_datareader_yahoo_hose,https://github.com/FinanceData/FinanceDataReader,2026-08-13T08:19:06.069561+00:00,2020-02-15,c87ec507b1e79dfea932244746cbca1662e3c607cf9e4223803618e924acae41,finance-datareader-yahoo-hose-v2-business-day,real,VN000000D2D0,unverified,-0.016574634171854674,0.011363650607358,-0.016574634171854674,,no_event_raw_close,39080.77086124222,38788.033741330844,39227.1434806765,38495.29256194087,1.0392265184340121,corporate-actions-v2,blocked_unresolved_material_event,False
2020-05-26,D2D,40704.2265625,42323.9453125,40070.421875,42253.51953125,21799.638671875,665071.0,28101590488.16797,finance_datareader_yahoo_hose,https://github.com/FinanceData/FinanceDataReader,2026-08-13T08:19:06.069561+00:00,2020-05-27,c87ec507b1e79dfea932244746cbca1662e3c607cf9e4223803618e924acae41,finance-datareader-yahoo-hose-v2-business-day,real,VN000000D2D0,unverified,0.011804367607596289,0.03806229500055003,0.011804367607596289,,no_event_raw_close,45488.21888947222,43820.320487913064,45564.03608502187,43137.99516500474,1.0765545543686577,corporate-actions-v2,blocked_unresolved_material_event,False
2020-09-18,D2D,48591.55078125,48591.55078125,47887.32421875,48028.16796875,25323.115234375,296254.0,14228536873.414062,finance_datareader_yahoo_hose,https://github.com/FinanceData/FinanceDataReader,2026-08-13T08:19:06.069561+00:00,2020-09-19,c87ec507b1e79dfea932244746cbca1662e3c607cf9e4223803618e924acae41,finance-datareader-yahoo-hose-v2-business-day,real,VN000000D2D0,unverified,-0.02292265955649475,-0.001464213300728212,-0.02292265955649475,,no_event_raw_close,51704.94296474069,52311.45529739058,52311.45529739058,51553.31698422382,1.0765545543686574,corporate-actions-v2,blocked_unresolved_material_event,False
2021-05-24,D2D,51000.0,52700.0,50300.0,52100.0,28549.384765625,16160.0,841936000.0,finance_datareader_yahoo_hose,https://github.com/FinanceData/FinanceDataReader,2026-08-13T08:19:06.069561+00:00,2021-05-25,25c1af5818001cba4c04a0d1df9122f9358a3d47a1696d8551e806f506f80d86,finance-datareader-yahoo-hose-v2-business-day,real,VN000000D2D0,unverified,-0.015122873345935761,0.0235758169400071,-0.015122873345935761,,no_event_raw_close,58209.04019499292,56980.058540204205,58879.393824877676,56197.97930533866,1.1172560498079256,corporate-actions-v2,blocked_unresolved_material_event,False
2021-08-20,D2D,54600.0,55300.0,54200.0,54600.0,30742.78515625,262000.0,14305200000.0,finance_datareader_yahoo_hose,https://github.com/FinanceData/FinanceDataReader,2026-08-13T08:19:06.069561+00:00,2021-08-21,c87ec507b1e79dfea932244746cbca1662e3c607cf9e4223803618e924acae41,finance-datareader-yahoo-hose-v2-business-day,real,VN000000D2D0,unverified,-0.025000000000000022,0.0018349006907498744,-0.025000000000000022,,no_event_raw_close,62636.167292356826,62636.167292356826,63439.19507815627,62177.2942719,1.1471825511420664,corporate-actions-v2,blocked_unresolved_material_event,False
2022-05-24,D2D,49950.0,50800.0,49950.0,50500.0,30448.8359375,74100.0,3742050000.0,finance_datareader_yahoo_hose,https://github.com/FinanceData/FinanceDataReader,2026-08-13T08:19:06.069561+00:00,2022-05-25,c87ec507b1e79dfea932244746cbca1662e3c607cf9e4223803618e924acae41,finance-datareader-yahoo-hose-v2-business-day,real,VN000000D2D0,unverified,-0.04536862003780717,0.022267415009920244,-0.04536862003780717,,no_event_raw_close,61765.696449203,61093.00074530079,62132.62137860421,61093.00074530079,1.22308309800402,corporate-actions-v2,blocked_unresolved_material_event,False
2023-07-20,D2D,31800.0,32100.0,31300.0,31600.0,20850.595703125,122200.0,3861520000.0,finance_datareader_yahoo_hose,https://github.com/FinanceData/FinanceDataReader,2026-08-13T08:19:06.069561+00:00,2023-07-21,c87ec507b1e79dfea932244746cbca1662e3c607cf9e4223803618e924acae41,finance-datareader-yahoo-hose-v2-business-day,real,VN000000D2D0,unverified,-0.09195402298850575,-0.006289355595866852,-0.09195402298850575,,no_event_raw_close,41981.272957006906,42246.977216228464,42645.53360506081,41582.71656817456,1.3285212961078134,corporate-actions-v2,blocked_unresolved_material_event,False
2024-10-14,D2D,36500.0,37800.0,36150.0,36750.0,29950.44140625,209300.0,7691775000.0,finance_datareader_yahoo_hose,https://github.com/FinanceData/FinanceDataReader,2026-08-13T08:19:06.069561+00:00,2024-10-15,25c1af5818001cba4c04a0d1df9122f9358a3d47a1696d8551e806f506f80d86,finance-datareader-yahoo-hose-v2-business-day,real,VN000000D2D0,unverified,-0.19584245076586437,-0.006756744940375814,-0.19584245076586437,,no_event_raw_close,58117.71936933797,57722.360734172406,59778.22563703334,57168.858644940614,1.5814345406622576,corporate-actions-v2,blocked_unresolved_material_event,False
2025-05-23,D2D,45600.0,45650.0,43700.0,44500.0,44500.0,878700.0,39102150000.0,finance_datareader_yahoo_hose,https://github.com/FinanceData/FinanceDataReader,2026-08-13T08:19:06.069561+00:00,2025-05-24,c87ec507b1e79dfea932244746cbca1662e3c607cf9e4223803618e924acae41,finance-datareader-yahoo-hose-v2-business-day,real,VN000000D2D0,unverified,-0.01982378854625555,0.20270270270270263,-0.01982378854625555,,no_event_raw_close,83394.54699998915,85455.98524043831,85549.68697864056,81895.31918875339,1.8740347640447,corporate-actions-v2,blocked_unresolved_material_event,False
2020-04-07,DBC,4973.3330078125,4973.3330078125,4799.8447265625,4944.41845703125,4560.6015625,2902465.0,14351001516.887207,finance_datareader_yahoo_hose,https://github.com/FinanceData/FinanceDataReader,2026-07-30T05:41:00.949351+00:00,2020-04-08,50fcab8df09b93de9c2181d019e4dc7295ddb8216d0c5857d4532b90c4cad3cf,finance-datareader-yahoo-hose-v2-business-day,real,VN000000DBC2,,-0.017754618324109406,0.008579082450243414,-0.017754618324109406,,no_event_raw_close,5686.081225585941,5719.332958984379,5719.332958984379,5519.821435546879,1.1500000000000008,corporate-actions-v2,blocked_unresolved_material_event,False
2020-09-17,DBC,13763.41015625,13850.154296875,13589.921875,13647.751953125,12987.1123046875,8736793.0,119237583729.79883,finance_datareader_yahoo_hose,https://github.com/FinanceData/FinanceDataReader,2026-07-30T05:41:00.949351+00:00,2020-09-18,50fcab8df09b93de9c2181d019e4dc7295ddb8216d0c5857d4532b90c4cad3cf,finance-datareader-yahoo-hose-v2-business-day,real,VN000000DBC2,,-0.03377685083789295,-0.0031678877834799835,-0.03377685083789295,,no_event_raw_close,17361.649678398422,17508.781397379404,17619.130807770038,17288.08257659813,1.272125236304799,corporate-actions-v2,blocked_unresolved_material_event,False
2021-09-30,DBC,18574.8203125,18574.8203125,18065.921875,18320.37109375,18039.931640625,3618791.0,66297594030.72266,finance_datareader_yahoo_hose,https://github.com/FinanceData/FinanceDataReader,2026-07-30T05:41:00.949351+00:00,2021-10-01,50fcab8df09b93de9c2181d019e4dc7295ddb8216d0c5857d4532b90c4cad3cf,finance-datareader-yahoo-hose-v2-business-day,real,VN000000DBC2,,-0.031932801902607166,0.0017390766788027978,-0.031932801902607166,,no_event_raw_close,28345.693016416037,28739.382609604185,28739.382609604185,27952.003423227885,1.5472226447468729,corporate-actions-v2,blocked_unresolved_material_event,False
2020-03-24,DBD,30909.091796875,32167.83203125,30909.091796875,32167.83203125,29055.142578125,211825.0,6813951020.019531,finance_datareader_yahoo_hose,https://github.com/FinanceData/FinanceDataReader,2026-07-30T05:41:21.469046+00:00,2020-03-25,f232e81720f20d464a7bff25398323ebd29ed1dd8c6078068a4b492a69f947f7,finance-datareader-yahoo-hose-v2-business-day,real,VN000000DBD0,,-0.017094042597785575,0.008771960755886266,-0.017094042597785575,,no_event_raw_close,32167.83203125001,30909.091796875015,32167.832031250015,30909.091796875015,1.0000000000000004,corporate-actions-v2,blocked_unresolved_material_event,False
2021-03-16,DBD,34615.3828125,34615.3828125,33531.46875,33706.29296875,31199.5625,3918.0,132061255.8515625,finance_datareader_yahoo_hose,https://github.com/FinanceData/FinanceDataReader,2026-07-30T05:41:21.469046+00:00,2021-03-17,f232e81720f20d464a7bff25398323ebd29ed1dd8c6078068a4b492a69f947f7,finance-datareader-yahoo-hose-v2-business-day,real,VN000000DBD0,,-0.028225875930703248,-0.0041323004452490375,-0.028225875930703248,,no_event_raw_close,35163.954154853986,36112.358466710706,36112.358466710706,34981.56949395453,1.043245965596259,corporate-actions-v2,blocked_unresolved_material_event,False
2023-03-23,DBD,39350.0,39350.0,38100.0,38300.0,36934.58203125,21200.0,811960000.0,finance_datareader_yahoo_hose,https://github.com/FinanceData/FinanceDataReader,2026-07-30T05:41:21.469046+00:00,2023-03-24,f232e81720f20d464a7bff25398323ebd29ed1dd8c6078068a4b492a69f947f7,finance-datareader-yahoo-hose-v2-business-day,real,VN000000DBD0,,-0.038895859473023875,0.0013072242886169594,-0.038895859473023875,,no_event_raw_close,41961.65651658198,43112.041355809415,43112.041355809415,41742.53559482437,1.0956046087880411,corporate-actions-v2,blocked_unresolved_material_event,False
2025-07-01,DBD,54900.0,54900.0,51200.0,53700.0,53700.0,117800.0,6325860000.0,finance_datareader_yahoo_hose,https://github.com/FinanceData/FinanceDataReader,2026-07-30T05:41:21.469046+00:00,2025-07-02,f232e81720f20d464a7bff25398323ebd29ed1dd8c6078068a4b492a69f947f7,finance-datareader-yahoo-hose-v2-business-day,real,VN000000DBD0,,-0.04278074866310155,-0.007393715341959317,-0.04278074866310155,,no_event_raw_close,60931.435138688386,62293.03145463673,62293.03145463673,58094.776147129334,1.1346635966236198,corporate-actions-v2,blocked_unresolved_material_event,False
2021-02-22,DBT,9986.734375,10023.998046875,9837.6787109375,10023.998046875,10023.998046875,429.0,4300295.162109375,finance_datareader_yahoo_hose,https://github.com/FinanceData/FinanceDataReader,2026-07-30T05:56:00.517144+00:00,2021-02-23,58cba143cb8f72aba91c3f073a14b34ab66a9f5ea184370221f210ea1b48aba4,finance-datareader-yahoo-hose-v2-business-day,real,VN000000DBT6,,-0.0037036778206013254,0.05078130598342678,-0.0037036778206013254,,no_event_raw_close,10721.405472400582,10681.54922605116,10721.405472400582,10522.123196147833,1.0695737790714155,corporate-actions-v2,blocked_unresolved_material_event,False
2025-01-09,DC4,9041.6259765625,9282.7353515625,8840.7001953125,9081.810546875,9081.810546875,603210.0,5478238939.980469,finance_datareader_yahoo_hose,https://github.com/FinanceData/FinanceDataReader,2026-08-13T08:19:09.964316+00:00,2025-01-10,bd315f6f87fc81476c55c3e81f053d0dd7589f4fe38116b6b36db612a7639095,finance-datareader-yahoo-hose-v2-business-day,real,VN000000DC49,unverified,-0.04237283946854309,0.0,-0.04237283946854309,,no_event_raw_close,9560.624127140742,9518.320935449448,9772.142141695378,9306.80189284573,1.0527222603680606,corporate-actions-v2,blocked_unresolved_material_event,False
2020-10-29,DCM,11600.0,11950.0,11500.0,11500.0,8052.73193359375,3098260.0,35629990000.0,finance_datareader_yahoo_hose,https://github.com/FinanceData/FinanceDataReader,2026-07-30T05:39:28.653959+00:00,2020-10-30,b6c9b87afafe1cf0f9900bf4a0cbdc39cf86149046a5987af6f2efd4af1b4a82,finance-datareader-yahoo-hose-v2-business-day,real,VN000000DCM9,,-0.061224489795918324,-0.012875478681018793,-0.061224489795918324,,no_event_raw_close,12063.265306122441,12168.163265306113,12535.30612244897,12063.265306122441,1.048979591836734,corporate-actions-v2,candidate_no_known_unresolved_event,False
2021-07-08,DCM,20100.0,20100.0,20100.0,20100.0,14658.18359375,0.0,0.0,finance_datareader_yahoo_hose,https://github.com/FinanceData/FinanceDataReader,2026-07-30T05:39:28.653959+00:00,2021-07-09,b6c9b87afafe1cf0f9900bf4a0cbdc39cf86149046a5987af6f2efd4af1b4a82,finance-datareader-yahoo-hose-v2-business-day,real,VN000000DCM9,,0.0,0.04145076713601625,0.0,,no_event_raw_close,21923.673469387744,21923.673469387744,21923.673469387744,21923.673469387744,1.090730023352624,corporate-actions-v2,candidate_no_known_unresolved_event,False
2022-07-06,DCM,30400.0,30750.0,28100.0,28400.0,21945.5,6756600.0,191887440000.0,finance_datareader_yahoo_hose,https://github.com/FinanceData/FinanceDataReader,2026-07-30T05:39:28.653959+00:00,2022-07-07,b6c9b87afafe1cf0f9900bf4a0cbdc39cf86149046a5987af6f2efd4af1b4a82,finance-datareader-yahoo-hose-v2-business-day,real,VN000000DCM9,,-0.11250000000000004,-0.05960273325519638,-0.11250000000000004,,no_event_raw_close,32719.173875520246,35023.34104985266,35426.57030536083,32373.548799370383,1.1520835871662058,corporate-actions-v2,candidate_no_known_unresolved_event,False
2023-08-30,DCM,31000.0,31700.0,30350.0,30600.0,25926.41796875,5786000.0,177051600000.0,finance_datareader_yahoo_hose,https://github.com/FinanceData/FinanceDataReader,2026-07-30T05:39:28.653959+00:00,2023-08-31,b6c9b87afafe1cf0f9900bf4a0cbdc39cf86149046a5987af6f2efd4af1b4a82,finance-datareader-yahoo-hose-v2-business-day,real,VN000000DCM9,,-0.1026392961876833,-0.01607726146204036,-0.1026392961876833,,no_event_raw_close,38355.26138317615,38856.6373489693,39734.04528910732,38041.90140455543,1.2534399144828807,corporate-actions-v2,candidate_no_known_unresolved_event,False
2024-06-25,DCM,37000.0,37450.0,35400.0,35750.0,31916.15234375,7069000.0,252716750000.0,finance_datareader_yahoo_hose,https://github.com/FinanceData/FinanceDataReader,2026-07-30T05:39:28.653959+00:00,2024-06-26,b6c9b87afafe1cf0f9900bf4a0cbdc39cf86149046a5987af6f2efd4af1b4a82,finance-datareader-yahoo-hose-v2-business-day,real,VN000000DCM9,,-0.08917197452229297,-0.04026860852523961,-0.08917197452229297,,no_event_raw_close,47093.81334748975,48740.450177821556,49333.23943674101,46632.755034996844,1.3173094642654475,corporate-actions-v2,candidate_no_known_unresolved_event,False
2025-06-30,DCM,36100.0,36300.0,35800.0,36050.0,34082.7421875,3225200.0,116268460000.0,finance_datareader_yahoo_hose,https://github.com/FinanceData/FinanceDataReader,2026-07-30T05:39:28.653959+00:00,2025-07-01,8196ac63bd7ffdbd97df54e413cf4dd80e9ce462c697ec0d21320f7a97a2787e,finance-datareader-yahoo-hose-v2-business-day,real,VN000000DCM9,,0.00417827298050133,0.06342182504364047,0.00417827298050133,,no_event_raw_close,50134.633272383224,50204.168131290826,50482.30756692125,49786.9589778452,1.3906971781521005,corporate-actions-v2,candidate_no_known_unresolved_event,False
2020-12-15,DGC,19354.837890625,19394.91015625,19154.478515625,19254.658203125,15987.673828125,1580549.0,30432930768.291016,finance_datareader_yahoo_hose,https://github.com/FinanceData/FinanceDataReader,2026-07-30T05:39:41.613735+00:00,2020-12-16,e43588ecc2a9b6faf6c0340f52af30b953a1df78f5dea25e75a7ba4dfe3bf41e,finance-datareader-yahoo-hose-v2-business-day,real,VN000000DGC1,,-0.0193877709360194,0.011578915823265978,-0.0193877709360194,,no_event_raw_close,24522.18796654779,24649.773982429717,24700.808886271436,24394.60195066586,1.2735717096535049,corporate-actions-v2,blocked_unresolved_material_event,False
2021-12-24,DGC,74009.21875,75483.8671875,72580.6484375,73271.890625,61661.58203125,3855005.0,282463504718.8281,finance_datareader_yahoo_hose,https://github.com/FinanceData/FinanceDataReader,2026-07-30T05:39:41.613735+00:00,2021-12-25,e43588ecc2a9b6faf6c0340f52af30b953a1df78f5dea25e75a7ba4dfe3bf41e,finance-datareader-yahoo-hose-v2-business-day,real,VN000000DGC1,,-0.023341475623790187,-0.010147431634969117,-0.023341475623790187,,no_event_raw_close,107314.55806474978,108394.45434159142,110554.23545302889,106302.15959605294,1.4646074661015311,corporate-actions-v2,blocked_unresolved_material_event,False
2022-12-20,DGC,65800.0,65800.0,62500.0,63000.0,55805.41796875,3681300.0,231921900000.0,finance_datareader_yahoo_hose,https://github.com/FinanceData/FinanceDataReader,2026-07-30T05:39:41.613735+00:00,2022-12-21,e43588ecc2a9b6faf6c0340f52af30b953a1df78f5dea25e75a7ba4dfe3bf41e,finance-datareader-yahoo-hose-v2-business-day,real,VN000000DGC1,,-0.07488986784140972,-0.03225804922006881,-0.07488986784140972,,no_event_raw_close,211850.69607382885,221266.28256599902,221266.28256599902,210169.34134308418,3.362709461489347,corporate-actions-v2,blocked_unresolved_material_event,False
2023-04-14,DGC,52700.0,54600.0,52100.0,54600.0,49294.78515625,4832000.0,263827200000.0,finance_datareader_yahoo_hose,https://github.com/FinanceData/FinanceDataReader,2026-07-30T05:39:41.613735+00:00,2023-04-15,e43588ecc2a9b6faf6c0340f52af30b953a1df78f5dea25e75a7ba4dfe3bf41e,finance-datareader-yahoo-hose-v2-business-day,real,VN000000DGC1,,0.030188679245283012,0.04999992095545047,0.030188679245283012,,no_event_raw_close,187068.16181613572,180558.46387747896,187068.16181613572,178502.76979158737,3.4261568098193353,corporate-actions-v2,blocked_unresolved_material_event,False
2023-12-20,DGC,91800.0,92300.0,90600.0,92300.0,86084.90625,1608500.0,148464550000.0,finance_datareader_yahoo_hose,https://github.com/FinanceData/FinanceDataReader,2026-07-30T05:39:41.613735+00:00,2023-12-21,e43588ecc2a9b6faf6c0340f52af30b953a1df78f5dea25e75a7ba4dfe3bf41e,finance-datareader-yahoo-hose-v2-business-day,real,VN000000DGC1,,-0.015991471215351827,0.01651977430942675,-0.015991471215351827,,no_event_raw_close,316234.2735463245,314521.1951414149,316234.2735463245,310409.80696963164,3.426156809819334,corporate-actions-v2,blocked_unresolved_material_event,False
2024-11-20,DGC,110500.0,110500.0,106500.0,106500.0,102037.7109375,1962800.0,209038200000.0,finance_datareader_yahoo_hose,https://github.com/FinanceData/FinanceDataReader,2026-07-30T05:39:41.613735+00:00,2024-11-21,e43588ecc2a9b6faf6c0340f52af30b953a1df78f5dea25e75a7ba4dfe3bf41e,finance-datareader-yahoo-hose-v2-business-day,real,VN000000DGC1,,-0.05752212389380529,-0.031818106004756874,-0.05752212389380529,,no_event_raw_close,374572.9312257346,388641.3981262316,388641.3981262316,374572.9312257346,3.5171167251242683,corporate-actions-v2,blocked_unresolved_material_event,False
2025-12-25,DGC,69000.0,69000.0,64500.0,65000.0,65000.0,9727200.0,632268000000.0,finance_datareader_yahoo_hose,https://github.com/FinanceData/FinanceDataReader,2026-07-30T05:39:41.613735+00:00,2025-12-26,e43588ecc2a9b6faf6c0340f52af30b953a1df78f5dea25e75a7ba4dfe3bf41e,finance-datareader-yahoo-hose-v2-business-day,real,VN000000DGC1,,-0.09217877094972071,-0.05247813411078717,-0.09217877094972071,,no_event_raw_close,228612.58713307738,242681.05403357444,242681.05403357444,226854.02877051526,3.5171167251242674,corporate-actions-v2,blocked_unresolved_material_event,False
2020-07-21,DGW,11805.5556640625,11944.4443359375,11361.111328125,11388.888671875,10289.873046875,2322396.0,26449509496.007812,finance_datareader_yahoo_hose,https://github.com/FinanceData/FinanceDataReader,2026-07-30T05:40:54.175780+00:00,2020-07-22,833c6c68204a6d29fc760baffc7532099d2fad258b5779122617c2bc73661ede,finance-datareader-yahoo-hose-v2-business-day,real,VN000000DGW9,,-0.035294144896193536,-0.017511643285608947,-0.035294144896193536,,no_event_raw_close,12353.594526978817,12805.555664062513,12956.209023329382,12323.46427883868,1.0847058815743955,corporate-actions-v2,candidate_no_known_unresolved_event,False
2021-08-23,DGW,45833.33203125,47500.0,45277.77734375,46555.5546875,43007.0546875,1766880.0,82258078466.25,finance_datareader_yahoo_hose,https://github.com/FinanceData/FinanceDataReader,2026-07-30T05:40:54.175780+00:00,2021-08-24,fa812ed23836c82bfd4506ec0b625e0d3ab7a9ed038cc9cd7fb9fa78b731415a,finance-datareader-yahoo-hose-v2-business-day,real,VN000000DGW9,,0.021951219930472998,0.04488788373732899,0.021951219930472998,,no_event_raw_close,50499.08398948958,49715.68482644893,51523.529374783706,49113.07138938145,1.0847058815743937,corporate-actions-v2,candidate_no_known_unresolved_event,False
2022-07-04,DGW,63605.40284889733,65647.77816973347,60104.18801317821,61757.539463378904,58003.54649015518,934100.0,57687717612.74223,fdr_segment_scaled_by_cafef_crosscheck,https://cafef.vn/du-lieu/lich-su-giao-dich-hose/all-1.chn,2026-07-30T05:40:54.175780+00:00,2022-07-05,fa812ed23836c82bfd4506ec0b625e0d3ab7a9ed038cc9cd7fb9fa78b731415a,fdr-cafef-segment-scale-v1,real,VN000000DGW9,,-0.01465518568621782,-0.0027516020585252043,-0.01465518568621782,,no_event_raw_close,245826.06014574715,253181.4855674309,261311.16629666032,239244.89003160904,3.9805028225180106,corporate-actions-v2,candidate_no_known_unresolved_event,False
2023-10-17,DGW,58839.86043361297,58839.86043361297,56602.97317745909,56602.97317745909,53844.66096751041,1643100.0,93004345227.88304,fdr_segment_scaled_by_cafef_crosscheck,https://cafef.vn/du-lieu/lich-su-giao-dich-hose/all-1.chn,2026-07-30T05:40:54.175780+00:00,2023-10-18,ecdfa8b9503721212c3b67995c1645c19fd8bd51a400dbe4d9cc7a6bda95d854,fdr-cafef-segment-scale-v1,real,VN000000DGW9,,-0.041186161449752845,-0.0288794498032634,-0.041186161449752845,,no_event_raw_close,229124.8556864054,238179.61802452794,238179.61802452794,229124.8556864054,4.047929690337352,corporate-actions-v2,candidate_no_known_unresolved_event,False
2024-09-16,DGW,46099.32867030173,46099.32867030173,45029.51302605423,45029.51302605423,43299.62188911825,889400.0,40049248885.37263,fdr_segment_scaled_by_cafef_crosscheck,https://cafef.vn/du-lieu/lich-su-giao-dich-hose/all-1.chn,2026-07-30T05:40:54.175780+00:00,2024-09-17,fa812ed23836c82bfd4506ec0b625e0d3ab7a9ed038cc9cd7fb9fa78b731415a,fdr-cafef-segment-scale-v1,real,VN000000DGW9,,-0.006765638153580222,0.004003433401990719,-0.006765638153580222,,no_event_raw_close,238969.46496686738,244646.92525765684,244646.92525765684,238969.46496686738,5.3069520167495225,corporate-actions-v2,candidate_no_known_unresolved_event,False
2025-05-26,DGW,32191.725295084125,32969.773036355036,31997.21335976639,32240.353278913557,31477.26814032328,1189900.0,38362796366.57924,fdr_segment_scaled_by_cafef_crosscheck,https://cafef.vn/du-lieu/lich-su-giao-dich-hose/all-1.chn,2026-07-30T05:40:54.175780+00:00,2025-05-27,fa812ed23836c82bfd4506ec0b625e0d3ab7a9ed038cc9cd7fb9fa78b731415a,fdr-cafef-segment-scale-v1,real,VN000000DGW9,,0.0015105740181269312,0.016871171102951665,0.0015105740181269312,,no_event_raw_close,173755.4921345385,173493.41748576847,177686.61186608914,172445.11889068826,5.389379285995025,corporate-actions-v2,candidate_no_known_unresolved_event,False
2020-05-22,DHA,32400.0,32500.0,31000.0,31900.0,18419.681640625,19740.0,629706000.0,finance_datareader_yahoo_hose,https://github.com/FinanceData/FinanceDataReader,2026-07-30T05:44:11.490443+00:00,2020-05-23,d3dc11512f6887b6df7246c9e0ad56fe15dac22afb5b8d7124b13e0ef739c9ae,finance-datareader-yahoo-hose-v2-business-day,real,VN000000DHA3,,-0.07267441860465118,-0.015431956023236992,-0.07267441860465118,,no_event_raw_close,33754.651162790695,34283.72093023256,34389.534883720924,32802.325581395344,1.0581395348837208,corporate-actions-v2,blocked_unresolved_material_event,False
2020-10-22,DHA,41400.0,41400.0,39100.0,39100.0,23425.861328125,25440.0,994704000.0,finance_datareader_yahoo_hose,https://github.com/FinanceData/FinanceDataReader,2026-07-30T05:44:11.490443+00:00,2020-10-23,d3dc11512f6887b6df7246c9e0ad56fe15dac22afb5b8d7124b13e0ef739c9ae,finance-datareader-yahoo-hose-v2-business-day,real,VN000000DHA3,,-0.05555555555555558,-0.020050175481827415,-0.05555555555555558,,no_event_raw_close,42872.28682170538,45394.186046511575,45394.186046511575,42872.28682170538,1.096477923828782,corporate-actions-v2,blocked_unresolved_material_event,False
2021-05-14,DHA,49000.0,49000.0,47300.0,47800.0,30454.642578125,2810.0,134318000.0,finance_datareader_yahoo_hose,https://github.com/FinanceData/FinanceDataReader,2026-07-30T05:44:11.490443+00:00,2021-05-15,d3dc11512f6887b6df7246c9e0ad56fe15dac22afb5b8d7124b13e0ef739c9ae,finance-datareader-yahoo-hose-v2-business-day,real,VN000000DHA3,,-0.04970178926441349,0.010570735324673786,-0.04970178926441349,,no_event_raw_close,55537.58778639251,56931.83685215969,56931.83685215969,54956.650675656194,1.1618742214726467,corporate-actions-v2,blocked_unresolved_material_event,False
2022-01-11,DHA,56000.0,56000.0,53100.0,54800.0,36818.9609375,90700.0,4970360000.0,finance_datareader_yahoo_hose,https://github.com/FinanceData/FinanceDataReader,2026-07-30T05:44:11.490443+00:00,2022-01-12,d3dc11512f6887b6df7246c9e0ad56fe15dac22afb5b8d7124b13e0ef739c9ae,finance-datareader-yahoo-hose-v2-business-day,real,VN000000DHA3,,-0.05517241379310345,-0.0036363428792266506,-0.05517241379310345,,no_event_raw_close,66964.01978515099,68430.38518190611,68430.38518190611,64886.66880641455,1.2219711639626092,corporate-actions-v2,blocked_unresolved_material_event,False
2022-05-10,DHA,51000.0,51000.0,47450.0,47450.0,33130.87109375,275500.0,13072475000.0,finance_datareader_yahoo_hose,https://github.com/FinanceData/FinanceDataReader,2026-07-30T05:44:11.490443+00:00,2022-05-11,d3dc11512f6887b6df7246c9e0ad56fe15dac22afb5b8d7124b13e0ef739c9ae,finance-datareader-yahoo-hose-v2-business-day,real,VN000000DHA3,,-0.1047169811320755,-0.06960787411041536,-0.1047169811320755,,no_event_raw_close,60170.55179530975,64672.247451228606,64672.247451228606,60170.55179530975,1.2680832833574236,corporate-actions-v2,blocked_unresolved_material_event,False
2023-01-04,DHA,33900.0,36250.0,33900.0,36250.0,27550.615234375,173800.0,6300250000.0,finance_datareader_yahoo_hose,https://github.com/FinanceData/FinanceDataReader,2026-07-30T05:44:11.490443+00:00,2023-01-05,d3dc11512f6887b6df7246c9e0ad56fe15dac22afb5b8d7124b13e0ef739c9ae,finance-datareader-yahoo-hose-v2-business-day,real,VN000000DHA3,,-0.017615176151761558,0.06932141875988895,-0.017615176151761558,,no_event_raw_close,45968.01902170656,42988.02330581661,45968.019021706554,42988.02330581661,1.2680832833574223,corporate-actions-v2,blocked_unresolved_material_event,False
2023-06-09,DHA,38000.0,38950.0,36900.0,38750.0,31029.779296875,186200.0,7215250000.0,finance_datareader_yahoo_hose,https://github.com/FinanceData/FinanceDataReader,2026-07-30T05:44:11.490443+00:00,2023-06-10,d3dc11512f6887b6df7246c9e0ad56fe15dac22afb5b8d7124b13e0ef739c9ae,finance-datareader-yahoo-hose-v2-business-day,real,VN000000DHA3,,-0.013994910941475869,0.03887395843666375,-0.013994910941475869,,no_event_raw_close,49138.22723010007,48187.164767582006,49391.84388677155,46792.27315588884,1.2680832833574212,corporate-actions-v2,blocked_unresolved_material_event,False
2023-09-15,DHA,56800.0,56800.0,55000.0,55000.0,46372.546875,138100.0,7595500000.0,finance_datareader_yahoo_hose,https://github.com/FinanceData/FinanceDataReader,2026-07-30T05:44:11.490443+00:00,2023-09-16,d3dc11512f6887b6df7246c9e0ad56fe15dac22afb5b8d7124b13e0ef739c9ae,finance-datareader-yahoo-hose-v2-business-day,real,VN000000DHA3,,-0.07872696817420433,-0.02998241750124564,-0.07872696817420433,,no_event_raw_close,73249.3333778571,75646.58428840515,75646.58428840515,73249.3333778571,1.3318060614155836,corporate-actions-v2,blocked_unresolved_material_event,False
2024-07-03,DHA,44100.0,46000.0,44100.0,44250.0,39004.6796875,296900.0,13137825000.0,finance_datareader_yahoo_hose,https://github.com/FinanceData/FinanceDataReader,2026-07-30T05:44:11.490443+00:00,2024-07-04,d3dc11512f6887b6df7246c9e0ad56fe15dac22afb5b8d7124b13e0ef739c9ae,finance-datareader-yahoo-hose-v2-business-day,real,VN000000DHA3,,-0.03804347826086951,0.0056817626728749016,-0.03804347826086951,,no_event_raw_close,61494.697270580305,61286.240669663086,63926.69094794789,61286.240669663086,1.3897106727814759,corporate-actions-v2,blocked_unresolved_material_event,False
2025-01-24,DHA,41050.0,41100.0,40200.0,40500.0,37005.265625,30700.0,1243350000.0,finance_datareader_yahoo_hose,https://github.com/FinanceData/FinanceDataReader,2026-07-30T05:44:11.490443+00:00,2025-01-25,d3dc11512f6887b6df7246c9e0ad56fe15dac22afb5b8d7124b13e0ef739c9ae,finance-datareader-yahoo-hose-v2-business-day,real,VN000000DHA3,,-0.04705882352941182,-0.012195130852487135,-0.04705882352941182,,no_event_raw_close,58269.75103286096,59061.06863948006,59133.00660371816,57838.12324743236,1.438759284761999,corporate-actions-v2,blocked_unresolved_material_event,False
2025-09-16,DHA,51400.0,51400.0,51400.0,51400.0,48376.47265625,0.0,0.0,finance_datareader_yahoo_hose,https://github.com/FinanceData/FinanceDataReader,2026-07-30T05:44:11.490443+00:00,2025-09-17,d3dc11512f6887b6df7246c9e0ad56fe15dac22afb5b8d7124b13e0ef739c9ae,finance-datareader-yahoo-hose-v2-business-day,real,VN000000DHA3,,0.0,0.03006013907551086,0.0,,no_event_raw_close,76110.3661639097,76110.3661639097,76110.3661639097,76110.3661639097,1.4807464234223677,corporate-actions-v2,blocked_unresolved_material_event,False
2020-04-10,DHC,17918.314453125,18023.71484375,17391.3046875,17918.314453125,13262.16015625,392801.0,7038331835.501953,finance_datareader_yahoo_hose,https://github.com/FinanceData/FinanceDataReader,2026-07-30T05:41:29.941209+00:00,2020-04-11,63713c54bf5d6d43c3410578b0e0118d50a373063bc6297255e9fc4cefa8fb71,finance-datareader-yahoo-hose-v2-business-day,real,VN000000DHC9,,0.0,0.03030294753944829,0.0,,no_event_raw_close,18918.314453125007,18918.314453125007,19029.597115260574,18361.89289394076,1.0558088207803276,corporate-actions-v2,candidate_no_known_unresolved_event,False
2020-12-31,DHC,31620.552734375,31620.552734375,30882.740234375,30935.44140625,23686.2734375,269236.0,8328934502.453125,finance_datareader_yahoo_hose,https://github.com/FinanceData/FinanceDataReader,2026-07-30T05:41:29.941209+00:00,2021-01-01,63713c54bf5d6d43c3410578b0e0118d50a373063bc6297255e9fc4cefa8fb71,finance-datareader-yahoo-hose-v2-business-day,real,VN000000DHC9,,-0.02166664618041947,0.01206909832308134,-0.02166664618041947,,no_event_raw_close,34727.7778807044,35496.87613646333,35496.87613646333,34668.61613909893,1.1225887300152835,corporate-actions-v2,candidate_no_known_unresolved_event,False
2022-05-16,DHC,47430.828125,48287.21875,46047.4296875,48287.21875,37969.45703125,248648.0,12006520367.75,finance_datareader_yahoo_hose,https://github.com/FinanceData/FinanceDataReader,2026-07-30T05:41:29.941209+00:00,2022-05-17,de418e6c8352f03164f8eb7cce1cd6fbd7a032ee717209db8145eedd60f65cef,finance-datareader-yahoo-hose-v2-business-day,real,VN000000DHC9,,-0.016107418874712454,0.00410954135258268,-0.016107418874712454,,no_event_raw_close,70891.44277515712,69634.15837243163,70891.44277515712,67603.16313795724,1.4681202316121618,corporate-actions-v2,candidate_no_known_unresolved_event,False
2022-07-20,DHC,43214.7578125,44400.52734375,42358.3671875,42819.5,34188.05078125,23832.0,1020474324.0,finance_datareader_yahoo_hose,https://github.com/FinanceData/FinanceDataReader,2026-07-30T05:41:29.941209+00:00,2022-07-21,63713c54bf5d6d43c3410578b0e0118d50a373063bc6297255e9fc4cefa8fb71,finance-datareader-yahoo-hose-v2-business-day,real,VN000000DHC9,,-0.015151519235321875,0.0,-0.015151519235321875,,no_event_raw_close,64310.05023720007,64903.682805971795,66684.5746455409,63617.48086254842,1.501886996279734,corporate-actions-v2,candidate_no_known_unresolved_event,False
2022-11-15,DHC,23616.6015625,23616.6015625,23616.6015625,23616.6015625,19345.791015625,35065.0,828116133.7890625,finance_datareader_yahoo_hose,https://github.com/FinanceData/FinanceDataReader,2026-07-30T05:41:29.941209+00:00,2022-11-16,63713c54bf5d6d43c3410578b0e0118d50a373063bc6297255e9fc4cefa8fb71,finance-datareader-yahoo-hose-v2-business-day,real,VN000000DHC9,,-0.09240502348118751,-0.06883107384488574,-0.09240502348118751,,no_event_raw_close,36832.571876160786,36832.571876160786,36832.571876160786,36832.571876160786,1.5596050845285876,corporate-actions-v2,candidate_no_known_unresolved_event,False
2022-12-15,DHC,25378.787109375,25378.787109375,24621.212890625,24848.484375,20911.044921875,333168.0,8278719842.25,finance_datareader_yahoo_hose,https://github.com/FinanceData/FinanceDataReader,2026-07-30T05:41:29.941209+00:00,2022-12-16,63713c54bf5d6d43c3410578b0e0118d50a373063bc6297255e9fc4cefa8fb71,finance-datareader-yahoo-hose-v2-business-day,real,VN000000DHC9,,0.0031914650349511575,0.03060098348615381,0.0031914650349511575,,no_event_raw_close,46131.47846981521,47115.991199207965,47115.991199207965,45709.54651493121,1.8565107542827834,corporate-actions-v2,candidate_no_known_unresolved_event,False
2023-05-26,DHC,30227.2734375,30227.2734375,29545.455078125,30075.7578125,25953.220703125,58080.0,1746800013.75,finance_datareader_yahoo_hose,https://github.com/FinanceData/FinanceDataReader,2026-07-30T05:41:29.941209+00:00,2023-05-27,63713c54bf5d6d43c3410578b0e0118d50a373063bc6297255e9fc4cefa8fb71,finance-datareader-yahoo-hose-v2-business-day,real,VN000000DHC9,,-0.0161090323891091,0.008894532643934694,-0.0161090323891091,,no_event_raw_close,57662.57198452201,57953.06443654299,57953.06443654299,56645.852147066136,1.917244191950384,corporate-actions-v2,candidate_no_known_unresolved_event,False
2023-08-28,DHC,30037.87890625,30340.908203125,29962.12109375,30227.2734375,26414.982421875,197736.0,5977020140.4375,finance_datareader_yahoo_hose,https://github.com/FinanceData/FinanceDataReader,2026-07-30T05:41:29.941209+00:00,2023-08-29,de418e6c8352f03164f8eb7cce1cd6fbd7a032ee717209db8145eedd60f65cef,finance-datareader-yahoo-hose-v2-business-day,real,VN000000DHC9,,0.0,0.01269046251625805,0.0,,no_event_raw_close,58911.68653251825,58542.56454475302,59133.15591861879,58394.91574964693,1.9489580049066657,corporate-actions-v2,candidate_no_known_unresolved_event,False
2023-11-27,DHC,29772.7265625,30075.7578125,29280.302734375,29659.091796875,26571.318359375,144936.0,4298670128.671875,finance_datareader_yahoo_hose,https://github.com/FinanceData/FinanceDataReader,2026-07-30T05:41:29.941209+00:00,2023-11-28,de418e6c8352f03164f8eb7cce1cd6fbd7a032ee717209db8145eedd60f65cef,finance-datareader-yahoo-hose-v2-business-day,real,VN000000DHC9,,-0.03808352960127681,-0.01385387178179076,-0.03808352960127681,,no_event_raw_close,59679.059180816344,59907.71135766578,60517.46097596974,58916.87215793639,2.0121674523797917,corporate-actions-v2,candidate_no_known_unresolved_event,False
2024-06-11,DHC,32500.0,32575.7578125,31818.181640625,32045.455078125,29378.455078125,512424.0,16420860272.953125,finance_datareader_yahoo_hose,https://github.com/FinanceData/FinanceDataReader,2026-07-30T05:41:29.941209+00:00,2024-06-12,63713c54bf5d6d43c3410578b0e0118d50a373063bc6297255e9fc4cefa8fb71,finance-datareader-yahoo-hose-v2-business-day,real,VN000000DHC9,,-0.03644640864821791,-0.013985921846859872,-0.03644640864821791,,no_event_raw_close,66419.65288004356,67361.77449622036,67518.79544028042,65948.59004786338,2.072669984499088,corporate-actions-v2,candidate_no_known_unresolved_event,False
2025-03-10,DHC,25871.212890625,25946.96875,25757.576171875,25833.333984375,24376.849609375,641652.0,16576010417.742188,finance_datareader_yahoo_hose,https://github.com/FinanceData/FinanceDataReader,2026-07-30T05:41:29.941209+00:00,2025-03-11,de418e6c8352f03164f8eb7cce1cd6fbd7a032ee717209db8145eedd60f65cef,finance-datareader-yahoo-hose-v2-business-day,real,VN000000DHC9,,-0.029871924760701996,-0.0014640881966729857,-0.029871924760701996,,no_event_raw_close,55554.731291622695,55636.19009440874,55799.10349977444,55391.8136860506,2.150505673221441,corporate-actions-v2,candidate_no_known_unresolved_event,False
2025-10-30,DHC,32136.36328125,32590.908203125,31454.544921875,31818.181640625,30898.33984375,405680.0,12907999927.96875,finance_datareader_yahoo_hose,https://github.com/FinanceData/FinanceDataReader,2026-07-30T05:41:29.941209+00:00,2025-10-31,63713c54bf5d6d43c3410578b0e0118d50a373063bc6297255e9fc4cefa8fb71,finance-datareader-yahoo-hose-v2-business-day,real,VN000000DHC9,,-0.009900984683311798,0.018922913922640117,-0.009900984683311798,,no_event_raw_close,84665.27241509272,85511.92467150583,86721.42715251209,83697.6683514529,2.6609085764660203,corporate-actions-v2,candidate_no_known_unresolved_event,False
2020-05-12,DHG,95000.0,95000.0,93000.0,94000.0,67658.71875,35220.0,3310680000.0,finance_datareader_yahoo_hose,https://github.com/FinanceData/FinanceDataReader,2026-07-30T05:39:48.126764+00:00,2020-05-13,7932fbf438b359c43c9e4ea98bfb54cec683904e3fed1aa5e1bbab45d6cb3e40,finance-datareader-yahoo-hose-v2-business-day,real,VN000000DHG0,,-0.02083333333333337,0.0107529215937614,-0.02083333333333337,,no_event_raw_close,94000.00000000003,95000.00000000001,95000.00000000001,93000.00000000001,1.0000000000000002,corporate-actions-v2,blocked_unresolved_material_event,False
2020-07-15,DHG,92800.0,93900.0,90000.0,93700.0,68521.296875,8860.0,830182000.0,finance_datareader_yahoo_hose,https://github.com/FinanceData/FinanceDataReader,2026-07-30T05:39:48.126764+00:00,2020-07-16,7932fbf438b359c43c9e4ea98bfb54cec683904e3fed1aa5e1bbab45d6cb3e40,finance-datareader-yahoo-hose-v2-business-day,real,VN000000DHG0,,-0.0021299254526091493,0.00861147201156598,-0.0021299254526091493,,no_event_raw_close,94697.87007454742,93788.28541001068,94900.00000000003,90958.46645367415,1.010649627263046,corporate-actions-v2,blocked_unresolved_material_event,False
2021-05-10,DHG,99000.0,99000.0,95000.0,97500.0,74195.6328125,3660.0,356850000.0,finance_datareader_yahoo_hose,https://github.com/FinanceData/FinanceDataReader,2026-07-30T05:39:48.126764+00:00,2021-05-11,99155c6e77bb312a9be72fcf27ec9b22bffa648ca88a5b76afdf386c1f7befda,finance-datareader-yahoo-hose-v2-business-day,real,VN000000DHG0,,-0.04878048780487809,-0.01015212448453251,-0.04878048780487809,,no_event_raw_close,102383.73723992819,103958.871659004,103958.871659004,99758.51320813515,1.0500896127172121,corporate-actions-v2,blocked_unresolved_material_event,False
2022-04-04,DHG,108500.0,109900.0,107000.0,109400.0,85956.7734375,17700.0,1936380000.0,finance_datareader_yahoo_hose,https://github.com/FinanceData/FinanceDataReader,2026-07-30T05:39:48.126764+00:00,2022-04-05,99155c6e77bb312a9be72fcf27ec9b22bffa648ca88a5b76afdf386c1f7befda,finance-datareader-yahoo-hose-v2-business-day,real,VN000000DHG0,,-0.01618705035971224,0.01578470931298037,-0.01618705035971224,,no_event_raw_close,114879.803631263,113934.72297981751,115404.84843762161,112359.5885607417,1.0500896127172121,corporate-actions-v2,blocked_unresolved_material_event,False
2023-05-11,DHG,110000.0,112900.0,109000.0,109000.0,88357.59375,24200.0,2637800000.0,finance_datareader_yahoo_hose,https://github.com/FinanceData/FinanceDataReader,2026-07-30T05:39:48.126764+00:00,2023-05-12,7932fbf438b359c43c9e4ea98bfb54cec683904e3fed1aa5e1bbab45d6cb3e40,finance-datareader-yahoo-hose-v2-business-day,real,VN000000DHG0,,-0.043020193151887653,-0.012681148508057793,-0.043020193151887653,,no_event_raw_close,117976.96872780593,119059.3262390702,122198.16302173659,117976.96872780591,1.0823575112642745,corporate-actions-v2,blocked_unresolved_material_event,False
2024-06-12,DHG,118800.0,120000.0,117600.0,117600.0,98533.265625,28100.0,3304560000.0,finance_datareader_yahoo_hose,https://github.com/FinanceData/FinanceDataReader,2026-07-30T05:39:48.126764+00:00,2024-06-13,7932fbf438b359c43c9e4ea98bfb54cec683904e3fed1aa5e1bbab45d6cb3e40,finance-datareader-yahoo-hose-v2-business-day,real,VN000000DHG0,,-0.04390243902439028,-0.011764633979980066,-0.04390243902439028,,no_event_raw_close,131424.60083117228,132765.6681865924,134106.73554201252,131424.60083117228,1.117556129516771,corporate-actions-v2,blocked_unresolved_material_event,False
2024-08-09,DHG,106100.0,109000.0,106100.0,107400.0,92916.8125,12700.0,1363980000.0,finance_datareader_yahoo_hose,https://github.com/FinanceData/FinanceDataReader,2026-07-30T05:39:48.126764+00:00,2024-08-10,7932fbf438b359c43c9e4ea98bfb54cec683904e3fed1aa5e1bbab45d6cb3e40,finance-datareader-yahoo-hose-v2-business-day,real,VN000000DHG0,,-0.032432432432432434,-0.0009303261719358913,-0.032432432432432434,,no_event_raw_close,123810.11704059986,122311.48433899111,125654.58805796447,122311.48433899111,1.152794385852885,corporate-actions-v2,blocked_unresolved_material_event,False
2024-12-25,DHG,107000.0,107500.0,107000.0,107100.0,96117.859375,19400.0,2077740000.0,finance_datareader_yahoo_hose,https://github.com/FinanceData/FinanceDataReader,2026-07-30T05:39:48.126764+00:00,2024-12-26,7932fbf438b359c43c9e4ea98bfb54cec683904e3fed1aa5e1bbab45d6cb3e40,finance-datareader-yahoo-hose-v2-business-day,real,VN000000DHG0,,-0.036003600360036025,0.0,-0.036003600360036025,,no_event_raw_close,127909.4372747935,127790.00736137165,128387.15692848086,127790.00736137165,1.1942991342184266,corporate-actions-v2,blocked_unresolved_material_event,False
2025-05-26,DHG,106700.0,106700.0,105200.0,106500.0,101274.2890625,51600.0,5495400000.0,finance_datareader_yahoo_hose,https://github.com/FinanceData/FinanceDataReader,2026-07-30T05:39:48.126764+00:00,2025-05-27,99155c6e77bb312a9be72fcf27ec9b22bffa648ca88a5b76afdf386c1f7befda,finance-datareader-yahoo-hose-v2-business-day,real,VN000000DHG0,,-0.0018744142455482393,0.057596897023905136,-0.0018744142455482393,,no_event_raw_close,134345.22093170928,134597.5124264167,134597.5124264167,132705.32621611096,1.2614574735371764,corporate-actions-v2,blocked_unresolved_material_event,False
2020-10-09,DMC,60100.0,61100.0,59500.0,59600.0,48586.79296875,87910.0,5239436000.0,finance_datareader_yahoo_hose,https://github.com/FinanceData/FinanceDataReader,2026-07-30T05:42:16.113597+00:00,2020-10-10,d74acff54ab2019bdca7d22cb9fa3153b093b1e5af587975d94ddfa55696e1f3,finance-datareader-yahoo-hose-v2-business-day,real,VN000000DMC9,,-0.04180064308681675,-0.0016750022152504096,-0.04180064308681675,,no_event_raw_close,61995.498392283036,62515.59485530554,63555.78778135056,61891.47909967853,1.0401929260450173,corporate-actions-v2,candidate_no_known_unresolved_event,False
2021-10-26,DMC,61000.0,61000.0,61000.0,61000.0,51853.22265625,0.0,0.0,finance_datareader_yahoo_hose,https://github.com/FinanceData/FinanceDataReader,2026-07-30T05:42:16.113597+00:00,2021-10-27,d74acff54ab2019bdca7d22cb9fa3153b093b1e5af587975d94ddfa55696e1f3,finance-datareader-yahoo-hose-v2-business-day,real,VN000000DMC9,,0.0,0.0427350581769248,0.0,,no_event_raw_close,66052.25080385857,66052.25080385857,66052.25080385857,66052.25080385857,1.0828237836698125,corporate-actions-v2,candidate_no_known_unresolved_event,False
2022-09-15,DMC,49300.0,49300.0,48500.0,48850.0,43639.39453125,13000.0,635050000.0,finance_datareader_yahoo_hose,https://github.com/FinanceData/FinanceDataReader,2026-07-30T05:42:16.113597+00:00,2022-09-16,d74acff54ab2019bdca7d22cb9fa3153b093b1e5af587975d94ddfa55696e1f3,finance-datareader-yahoo-hose-v2-business-day,real,VN000000DMC9,,-0.053294573643410836,-0.0050916130562876916,-0.053294573643410836,,no_event_raw_close,55458.72971174082,55969.608491071085,55969.608491071085,55061.379550039506,1.1352861762894744,corporate-actions-v2,candidate_no_known_unresolved_event,False
2023-09-22,DMC,69100.0,70000.0,66500.0,70000.0,64863.28125,600.0,42000000.0,finance_datareader_yahoo_hose,https://github.com/FinanceData/FinanceDataReader,2026-07-30T05:42:16.113597+00:00,2023-09-23,d74acff54ab2019bdca7d22cb9fa3153b093b1e5af587975d94ddfa55696e1f3,finance-datareader-yahoo-hose-v2-business-day,real,VN000000DMC9,,0.005747126436781658,0.04321904791702047,0.005747126436781658,,no_event_raw_close,82324.55936397963,81266.10074358562,82324.55936397963,78208.33139578065,1.1760651337711376,corporate-actions-v2,candidate_no_known_unresolved_event,False
2024-09-16,DMC,70000.0,70000.0,70000.0,70000.0,67265.625,0.0,0.0,finance_datareader_yahoo_hose,https://github.com/FinanceData/FinanceDataReader,2026-07-30T05:42:16.113597+00:00,2024-09-17,5f948977a116ef5eaba6de7b2e60b53f025f2aa811096b253b21dc7ca6c966b0,finance-datareader-yahoo-hose-v2-business-day,real,VN000000DMC9,,0.0,0.03703703703703698,0.0,,no_event_raw_close,85264.72219840753,85264.72219840753,85264.72219840753,85264.72219840753,1.2180674599772505,corporate-actions-v2,candidate_no_known_unresolved_event,False
2025-09-12,DMC,63900.0,65500.0,63900.0,65400.0,65400.0,12000.0,784800000.0,finance_datareader_yahoo_hose,https://github.com/FinanceData/FinanceDataReader,2026-07-30T05:42:16.113597+00:00,2025-09-13,d74acff54ab2019bdca7d22cb9fa3153b093b1e5af587975d94ddfa55696e1f3,finance-datareader-yahoo-hose-v2-business-day,real,VN000000DMC9,,0.02187500000000009,0.06341463414634152,0.02187500000000009,,no_event_raw_close,82773.39359667285,80874.92126647392,82899.9584186861,80874.92126647392,1.2656482201326122,corporate-actions-v2,candidate_no_known_unresolved_event,False
2020-05-25,DPG,18000.0,18428.572265625,16928.572265625,18428.572265625,16795.44921875,768250.0,14157750643.066406,finance_datareader_yahoo_hose,https://github.com/FinanceData/FinanceDataReader,2026-07-30T05:41:35.419929+00:00,2020-05-26,1619ec7b52895aa23d62ba34e059108180a7ed5cab1dfa170a1f7bf25853bd9c,finance-datareader-yahoo-hose-v2-business-day,real,VN000000DPG3,,-0.022727213877947627,0.0009698591702094195,-0.022727213877947627,,no_event_raw_close,19405.84505174705,18954.545468669286,19405.84505174705,17826.299596024608,1.0530303038149604,corporate-actions-v2,blocked_unresolved_material_event,False
2021-07-15,DPG,29428.572265625,29428.572265625,29428.572265625,29428.572265625,27402.61328125,0.0,0.0,finance_datareader_yahoo_hose,https://github.com/FinanceData/FinanceDataReader,2026-07-30T05:41:35.419929+00:00,2021-07-16,e6491df669cf4c8d47c3b2da31333a70fe7f476398b58d666f679a2c053c8f79,finance-datareader-yahoo-hose-v2-business-day,real,VN000000DPG3,,0.0,0.021698685888491998,0.0,,no_event_raw_close,32042.20869752655,32042.208697526552,32042.208697526552,32042.208697526552,1.0888128859365187,corporate-actions-v2,blocked_unresolved_material_event,False
2022-06-16,DPG,52500.0,54000.0,50000.0,53700.0,50598.67578125,703200.0,37761840000.0,finance_datareader_yahoo_hose,https://github.com/FinanceData/FinanceDataReader,2026-07-30T05:41:35.419929+00:00,2022-06-17,e6491df669cf4c8d47c3b2da31333a70fe7f476398b58d666f679a2c053c8f79,finance-datareader-yahoo-hose-v2-business-day,real,VN000000DPG3,,0.011299435028248483,0.0233444716811142,0.011299435028248483,,no_event_raw_close,59570.36783119016,58239.18642714123,59903.1631822024,55465.8918353726,1.1093178367074519,corporate-actions-v2,blocked_unresolved_material_event,False
2023-06-15,DPG,34100.0,34200.0,33200.0,33200.0,31858.078125,689400.0,22888080000.0,finance_datareader_yahoo_hose,https://github.com/FinanceData/FinanceDataReader,2026-07-30T05:41:35.419929+00:00,2023-06-16,e6491df669cf4c8d47c3b2da31333a70fe7f476398b58d666f679a2c053c8f79,finance-datareader-yahoo-hose-v2-business-day,real,VN000000DPG3,,-0.040462427745664775,-0.022810913283638712,-0.040462427745664775,,no_event_raw_close,37893.78432258006,38921.02546385482,39035.16336844091,37893.78432258006,1.1413790458608453,corporate-actions-v2,blocked_unresolved_material_event,False
2024-06-12,DPG,58000.0,59000.0,57200.0,58000.0,56256.7109375,821000.0,47618000000.0,finance_datareader_yahoo_hose,https://github.com/FinanceData/FinanceDataReader,2026-07-30T05:41:35.419929+00:00,2024-06-13,e6491df669cf4c8d47c3b2da31333a70fe7f476398b58d666f679a2c053c8f79,finance-datareader-yahoo-hose-v2-business-day,real,VN000000DPG3,,-0.008547008547008517,0.0021598142885375093,-0.008547008547008517,,no_event_raw_close,67331.60832932942,67331.60832932942,68492.49812811095,66402.89649030418,1.1608897987815416,corporate-actions-v2,blocked_unresolved_material_event,False
2025-06-12,DPG,65205.96830577412,65205.96830577412,62224.687222626184,63677.1062118521,62720.755195163445,2092500.0,133244344748.30052,fdr_segment_scaled_by_cafef_crosscheck,https://cafef.vn/du-lieu/lich-su-giao-dich-hose/all-1.chn,2026-07-30T05:41:35.419929+00:00,2025-06-13,c87d32314619f9c5107d9bd762487ea1a206537e682e3959145156b02c99671d,fdr-cafef-segment-scale-v1,real,VN000000DPG3,,0.017404580152671878,0.03317833752385391,0.017404580152671878,,no_event_raw_close,75103.19761560087,76906.39563758408,76906.39563758408,73390.15949471682,1.1794379814581155,corporate-actions-v2,blocked_unresolved_material_event,False
2020-04-28,DPM,8575.658203125,8575.658203125,7856.2236328125,8000.1103515625,4887.79736328125,10719445.0,85756742907.50488,finance_datareader_yahoo_hose,https://github.com/FinanceData/FinanceDataReader,2026-07-30T05:39:29.761871+00:00,2020-04-29,6a31a2c6451ed96ec81f6865f2b3ab915061be9fe92995a31a615905d9434e6e,finance-datareader-yahoo-hose-v2-business-day,real,VN000000DPM1,,-0.0733333634978468,-0.041379277983096485,-0.0733333634978468,,no_event_raw_close,8000.110351562499,8575.658203124998,8575.658203124998,7856.223632812499,0.9999999999999999,corporate-actions-v2,blocked_unresolved_material_event,False
2020-08-06,DPM,7942.5556640625,8028.8876953125,7827.4462890625,7942.5556640625,5102.40185546875,4822104.0,38299829437.89844,finance_datareader_yahoo_hose,https://github.com/FinanceData/FinanceDataReader,2026-07-30T05:39:29.761871+00:00,2020-08-07,6a31a2c6451ed96ec81f6865f2b3ab915061be9fe92995a31a615905d9434e6e,finance-datareader-yahoo-hose-v2-business-day,real,VN000000DPM1,,-0.03496499762632421,0.01470596089266607,-0.03496499762632421,,no_event_raw_close,7942.555664062492,7942.555664062492,8028.887695312492,7827.446289062492,0.999999999999999,corporate-actions-v2,blocked_unresolved_material_event,False
2021-01-26,DPM,10820.29296875,10877.84765625,10618.8515625,10647.62890625,7098.9931640625,263366.0,2804223434.5234375,finance_datareader_yahoo_hose,https://github.com/FinanceData/FinanceDataReader,2026-07-30T05:39:29.761871+00:00,2021-01-27,6a31a2c6451ed96ec81f6865f2b3ab915061be9fe92995a31a615905d9434e6e,finance-datareader-yahoo-hose-v2-business-day,real,VN000000DPM1,,-0.03645837982100131,-1.3756350270011097e-07,-0.03645837982100131,,no_event_raw_close,10647.62890624998,10820.29296874998,10877.84765624998,10618.85156249998,0.9999999999999981,corporate-actions-v2,blocked_unresolved_material_event,False
2021-07-06,DPM,13611.69921875,13611.69921875,13611.69921875,13611.69921875,9352.00390625,0.0,0.0,finance_datareader_yahoo_hose,https://github.com/FinanceData/FinanceDataReader,2026-07-30T05:39:29.761871+00:00,2021-07-07,6a31a2c6451ed96ec81f6865f2b3ab915061be9fe92995a31a615905d9434e6e,finance-datareader-yahoo-hose-v2-business-day,real,VN000000DPM1,,0.0,0.030501113471907093,0.0,,no_event_raw_close,13611.699218749969,13611.699218749969,13611.699218749969,13611.699218749969,0.9999999999999978,corporate-actions-v2,blocked_unresolved_material_event,False
2022-01-28,DPM,23137.009765625,24230.55078125,23079.455078125,23770.11328125,16741.744140625,2945543.0,70015890784.79297,finance_datareader_yahoo_hose,https://github.com/FinanceData/FinanceDataReader,2026-07-30T05:39:29.761871+00:00,2022-01-29,6a31a2c6451ed96ec81f6865f2b3ab915061be9fe92995a31a615905d9434e6e,finance-datareader-yahoo-hose-v2-business-day,real,VN000000DPM1,,0.012254971884204435,0.03768863383680876,0.012254971884204435,,no_event_raw_close,23770.113281249953,23137.009765624953,24230.550781249953,23079.455078124953,0.999999999999998,corporate-actions-v2,blocked_unresolved_material_event,False
2022-07-21,DPM,27280.953125,27914.0546875,26993.177734375,27914.0546875,21344.373046875,4084284.0,114008926935.28125,finance_datareader_yahoo_hose,https://github.com/FinanceData/FinanceDataReader,2026-07-30T05:39:29.761871+00:00,2022-07-22,6a31a2c6451ed96ec81f6865f2b3ab915061be9fe92995a31a615905d9434e6e,finance-datareader-yahoo-hose-v2-business-day,real,VN000000DPM1,,-0.04339252248935144,0.038543887651989905,-0.04339252248935144,,no_event_raw_close,27914.054687499945,27280.953124999945,27914.054687499945,26993.177734374945,0.999999999999998,corporate-actions-v2,blocked_unresolved_material_event,False
2023-02-17,DPM,22590.240234375,22878.013671875,22388.798828125,22446.353515625,18917.1328125,3088884.0,69334182232.75781,finance_datareader_yahoo_hose,https://github.com/FinanceData/FinanceDataReader,2026-07-30T05:39:29.761871+00:00,2023-02-18,6a31a2c6451ed96ec81f6865f2b3ab915061be9fe92995a31a615905d9434e6e,finance-datareader-yahoo-hose-v2-business-day,real,VN000000DPM1,,-0.0961761025322253,-0.0038313971331785934,-0.0961761025322253,,no_event_raw_close,22446.353515624975,22590.240234374975,22878.013671874975,22388.798828124975,0.9999999999999989,corporate-actions-v2,blocked_unresolved_material_event,False
2023-08-23,DPM,21352.8125,21583.03125,19971.498046875,20921.15234375,19063.2734375,4612303.0,96494693718.53516,finance_datareader_yahoo_hose,https://github.com/FinanceData/FinanceDataReader,2026-07-30T05:39:29.761871+00:00,2023-08-24,6a31a2c6451ed96ec81f6865f2b3ab915061be9fe92995a31a615905d9434e6e,finance-datareader-yahoo-hose-v2-business-day,real,VN000000DPM1,,-0.09011262623615635,-0.01623816472161521,-0.09011262623615635,,no_event_raw_close,20921.152343749967,21352.812499999967,21583.031249999967,19971.498046874967,0.9999999999999984,corporate-actions-v2,blocked_unresolved_material_event,False
2024-08-22,DPM,20978.70703125,20978.70703125,20777.265625,20834.8203125,20033.48046875,6843396.0,142580925987.28125,finance_datareader_yahoo_hose,https://github.com/FinanceData/FinanceDataReader,2026-07-30T05:39:29.761871+00:00,2024-08-23,6a31a2c6451ed96ec81f6865f2b3ab915061be9fe92995a31a615905d9434e6e,finance-datareader-yahoo-hose-v2-business-day,real,VN000000DPM1,,-0.052356049313885156,-9.74930348673908e-08,-0.052356049313885156,,no_event_raw_close,20834.820312500004,20978.707031250004,20978.707031250004,20777.265625000004,1.0000000000000002,corporate-actions-v2,blocked_unresolved_material_event,False
2025-07-16,DPM,22417.576171875,22503.908203125,22216.134765625,22446.353515625,22446.353515625,11474117.0,257552086461.64258,finance_datareader_yahoo_hose,https://github.com/FinanceData/FinanceDataReader,2026-07-30T05:39:29.761871+00:00,2025-07-17,6a31a2c6451ed96ec81f6865f2b3ab915061be9fe92995a31a615905d9434e6e,finance-datareader-yahoo-hose-v2-business-day,real,VN000000DPM1,,0.0,0.04000004705664306,0.0,,no_event_raw_close,22446.35351562504,22417.57617187504,22503.90820312504,22216.13476562504,1.0000000000000018,corporate-actions-v2,blocked_unresolved_material_event,False
2020-12-18,DPR,22250.0,22250.0,21550.0,21750.0,15989.5859375,113660.0,2472105000.0,finance_datareader_yahoo_hose,https://github.com/FinanceData/FinanceDataReader,2026-07-30T05:41:43.372335+00:00,2020-12-19,42725ad199e872c72f40657543ab54da4de912e2c82512e5e7b57a605b6eb78e,finance-datareader-yahoo-hose-v2-business-day,real,VN000000DPR0,,-0.04395604395604391,0.011627765445820337,-0.04395604395604391,,no_event_raw_close,24140.109890109874,24695.054945054926,24695.054945054926,23918.13186813185,1.109890109890109,corporate-actions-v2,blocked_unresolved_material_event,False
2021-07-30,DPR,29600.0,29600.0,29050.0,29400.0,22167.69921875,145200.0,4268880000.0,finance_datareader_yahoo_hose,https://github.com/FinanceData/FinanceDataReader,2026-07-30T05:41:43.372335+00:00,2021-07-31,42725ad199e872c72f40657543ab54da4de912e2c82512e5e7b57a605b6eb78e,finance-datareader-yahoo-hose-v2-business-day,real,VN000000DPR0,,-0.020000000000000018,0.005128075242234464,-0.020000000000000018,,no_event_raw_close,32630.769230769256,32852.74725274728,32852.74725274728,32242.30769230772,1.1098901098901108,corporate-actions-v2,blocked_unresolved_material_event,False
2021-08-02,DPR,29150.0,29350.0,29000.0,29150.0,23160.876953125,93800.0,2734270000.0,finance_datareader_yahoo_hose,https://github.com/FinanceData/FinanceDataReader,2026-07-30T05:41:43.372335+00:00,2021-08-03,d72882e281eb65337b3a32e932870a7cefe2ccdc4d3ca63c12b818a7095f6ea1,finance-datareader-yahoo-hose-v2-business-day,real,VN000000DPR0,,-0.008503401360544172,0.04480292359501825,-0.008503401360544172,,no_event_raw_close,32353.296703296728,32353.29670329673,32575.274725274754,32186.813186813215,1.1098901098901108,corporate-actions-v2,blocked_unresolved_material_event,False
2021-12-17,DPR,38900.0,39000.0,38500.0,38550.0,31227.802734375,307200.0,11842560000.0,finance_datareader_yahoo_hose,https://github.com/FinanceData/FinanceDataReader,2026-07-30T05:41:43.372335+00:00,2021-12-18,42725ad199e872c72f40657543ab54da4de912e2c82512e5e7b57a605b6eb78e,finance-datareader-yahoo-hose-v2-business-day,real,VN000000DPR0,,-0.01532567049808431,0.003906339032479389,-0.01532567049808431,,no_event_raw_close,44425.58418592903,44828.92930823967,44944.170771756995,44367.96345417036,1.1524146351732563,corporate-actions-v2,blocked_unresolved_material_event,False
2021-12-20,DPR,38500.0,38650.0,36000.0,37950.0,31986.369140625,746200.0,28318290000.0,finance_datareader_yahoo_hose,https://github.com/FinanceData/FinanceDataReader,2026-07-30T05:41:43.372335+00:00,2021-12-21,d72882e281eb65337b3a32e932870a7cefe2ccdc4d3ca63c12b818a7095f6ea1,finance-datareader-yahoo-hose-v2-business-day,real,VN000000DPR0,,-0.015564202334630295,0.024291379470480212,-0.015564202334630295,,no_event_raw_close,43734.13540482508,44367.96345417038,44540.825649446364,41486.926866237234,1.1524146351732565,corporate-actions-v2,blocked_unresolved_material_event,False
2022-11-21,DPR,22450.0,22850.0,21100.0,22250.0,19596.39453125,182200.0,4053950000.0,finance_datareader_yahoo_hose,https://github.com/FinanceData/FinanceDataReader,2026-07-30T05:41:43.372335+00:00,2022-11-22,d72882e281eb65337b3a32e932870a7cefe2ccdc4d3ca63c12b818a7095f6ea1,finance-datareader-yahoo-hose-v2-business-day,real,VN000000DPR0,,-0.043010752688172005,0.0,-0.043010752688172005,,no_event_raw_close,27846.922461216138,28097.23187659786,28597.850707361296,26407.643322771262,1.2515470769085906,corporate-actions-v2,blocked_unresolved_material_event,False
2023-09-12,DPR,35850.0,35850.0,34550.0,34600.0,31796.509765625,999800.0,34593080000.0,finance_datareader_yahoo_hose,https://github.com/FinanceData/FinanceDataReader,2026-07-30T05:41:43.372335+00:00,2023-09-13,42725ad199e872c72f40657543ab54da4de912e2c82512e5e7b57a605b6eb78e,finance-datareader-yahoo-hose-v2-business-day,real,VN000000DPR0,,-0.04022191400832176,0.001447255541640935,-0.04022191400832176,,no_event_raw_close,46907.15123504869,48601.773750765766,48601.773750765766,46839.36633442,1.3556980125736615,corporate-actions-v2,blocked_unresolved_material_event,False
2024-10-22,DPR,40900.0,40900.0,39700.0,39750.0,37870.56640625,528000.0,20988000000.0,finance_datareader_yahoo_hose,https://github.com/FinanceData/FinanceDataReader,2026-07-30T05:41:43.372335+00:00,2024-10-23,42725ad199e872c72f40657543ab54da4de912e2c82512e5e7b57a605b6eb78e,finance-datareader-yahoo-hose-v2-business-day,real,VN000000DPR0,,-0.06139315230224318,-0.02692782634730717,-0.06139315230224318,,no_event_raw_close,55797.69715682083,57411.97015632634,57411.97015632634,55727.51137423363,1.4037156517439202,corporate-actions-v2,blocked_unresolved_material_event,False
2025-08-21,DPR,42450.0,42450.0,41700.0,41750.0,41750.0,907600.0,37892300000.0,finance_datareader_yahoo_hose,https://github.com/FinanceData/FinanceDataReader,2026-07-30T05:41:43.372335+00:00,2025-08-22,42725ad199e872c72f40657543ab54da4de912e2c82512e5e7b57a605b6eb78e,finance-datareader-yahoo-hose-v2-business-day,real,VN000000DPR0,,-0.013002364066193817,0.03598014888337464,-0.013002364066193817,,no_event_raw_close,61376.05651989775,62405.11615017148,62405.11615017148,61302.55226059248,1.4700851861053352,corporate-actions-v2,blocked_unresolved_material_event,False
2020-03-26,DQC,14500.0,15300.0,14300.0,14700.0,14030.8779296875,60930.0,895671000.0,finance_datareader_yahoo_hose,https://github.com/FinanceData/FinanceDataReader,2026-07-30T05:56:10.768273+00:00,2020-03-27,c9c622d565e8d1e4359f810e219cae08e5e6bba9695b24162cd6b2c171e79f43,finance-datareader-yahoo-hose-v2-business-day,real,VN000000DQC0,,-0.039215686274509776,0.027971982441589827,-0.039215686274509776,,no_event_raw_close,15660.7843137255,15447.712418300664,16300.000000000011,15234.640522875827,1.0653594771241837,corporate-actions-v2,candidate_no_known_unresolved_event,False
2021-09-27,DQC,22850.0,23200.0,22800.0,22800.0,22247.94140625,9660000.0,220248000000.0,finance_datareader_yahoo_hose,https://github.com/FinanceData/FinanceDataReader,2026-07-30T05:56:10.768273+00:00,2021-09-28,710441f6725d32888788c228aa6e6d78a2940aaca12471973e259cda4266be87,finance-datareader-yahoo-hose-v2-business-day,real,VN000000DQC0,,-0.004366812227074246,0.017857128496247654,-0.004366812227074246,,no_event_raw_close,24820.549704598005,24874.98073465195,25255.99794502955,24820.54970459801,1.08862060107886,corporate-actions-v2,candidate_no_known_unresolved_event,False
2022-09-28,DQC,20250.0,20250.0,20050.0,20050.0,20050.0,33200.0,665660000.0,finance_datareader_yahoo_hose,https://github.com/FinanceData/FinanceDataReader,2026-07-30T05:56:10.768273+00:00,2022-09-29,c9c622d565e8d1e4359f810e219cae08e5e6bba9695b24162cd6b2c171e79f43,finance-datareader-yahoo-hose-v2-business-day,real,VN000000DQC0,,-0.029055690072639195,-0.00496277915632759,-0.029055690072639195,,no_event_raw_close,22355.33804077475,22578.333931455796,22578.333931455796,22355.33804077475,1.1149794534052244,corporate-actions-v2,candidate_no_known_unresolved_event,False
2020-07-17,DRC,14076.9228515625,14230.76953125,13461.5380859375,13615.384765625,9853.099609375,1604603.0,21847287241.07617,finance_datareader_yahoo_hose,https://github.com/FinanceData/FinanceDataReader,2026-07-30T05:42:33.446660+00:00,2020-07-18,0ddf9168efae72c7ac0944b001e4f1d316c262074317715ddf0c7e0ad042a866,finance-datareader-yahoo-hose-v2-business-day,real,VN000000DRC8,,-0.06842105192823755,-0.0166665968200832,-0.06842105192823755,,no_event_raw_close,14546.963713696752,15040.080720979042,15204.453752326428,14382.590682349368,1.0684210519282369,corporate-actions-v2,blocked_unresolved_material_event,False
2020-11-24,DRC,15769.23046875,15923.0771484375,15538.4619140625,15692.3076171875,11635.1328125,962208.0,15099263927.71875,finance_datareader_yahoo_hose,https://github.com/FinanceData/FinanceDataReader,2026-07-30T05:42:33.446660+00:00,2020-11-25,0ddf9168efae72c7ac0944b001e4f1d316c262074317715ddf0c7e0ad042a866,finance-datareader-yahoo-hose-v2-business-day,real,VN000000DRC8,,-0.02158276141002602,0.002456926380974611,-0.02158276141002602,,no_event_raw_close,16765.99181153695,16848.177805520674,17012.55083686806,16601.619823569497,1.0684210519282367,corporate-actions-v2,blocked_unresolved_material_event,False
2021-06-08,DRC,21538.4609375,21769.23046875,20769.23046875,21000.0,16128.6298828125,1934400.0,40622400000.0,finance_datareader_yahoo_hose,https://github.com/FinanceData/FinanceDataReader,2026-07-30T05:42:33.446660+00:00,2021-06-09,0ddf9168efae72c7ac0944b001e4f1d316c262074317715ddf0c7e0ad042a866,finance-datareader-yahoo-hose-v2-business-day,real,VN000000DRC8,,-0.05536333456742892,-0.021505504392458574,-0.05536333456742892,,no_event_raw_close,23446.111790264407,24047.293472898484,24304.943388492502,23188.46187467039,1.1164815138221147,corporate-actions-v2,blocked_unresolved_material_event,False
2021-12-20,DRC,26076.923828125,26076.923828125,25384.615234375,25692.30859375,20025.666015625,2230410.0,57304382010.58594,finance_datareader_yahoo_hose,https://github.com/FinanceData/FinanceDataReader,2026-07-30T05:42:33.446660+00:00,2021-12-21,5fbd11f588ee29a530340d148b8b65ce67b18b05276ccaf2a191c8b57279819a,finance-datareader-yahoo-hose-v2-business-day,real,VN000000DRC8,,-0.021961887147257997,-0.007429317944972258,-0.021961887147257997,,no_event_raw_close,29230.96832874171,29668.557488693732,29668.557488693732,28880.8956675001,1.137732260301923,corporate-actions-v2,blocked_unresolved_material_event,False
2022-06-02,DRC,22692.30859375,22769.23046875,22000.0,22461.5390625,18226.951171875,318240.0,7148160191.25,finance_datareader_yahoo_hose,https://github.com/FinanceData/FinanceDataReader,2026-07-30T05:42:33.446660+00:00,2022-06-03,0ddf9168efae72c7ac0944b001e4f1d316c262074317715ddf0c7e0ad042a866,finance-datareader-yahoo-hose-v2-business-day,real,VN000000DRC8,,-0.03947365234036837,0.0,-0.03947365234036837,,no_event_raw_close,26866.60378256088,27142.630885776263,27234.638362738824,26314.549576130114,1.196115889824096,corporate-actions-v2,blocked_unresolved_material_event,False
2023-01-12,DRC,16384.615234375,16692.30859375,16269.23046875,16653.845703125,13835.1611328125,361790.0,6025194836.933594,finance_datareader_yahoo_hose,https://github.com/FinanceData/FinanceDataReader,2026-07-30T05:42:33.446660+00:00,2023-01-13,0ddf9168efae72c7ac0944b001e4f1d316c262074317715ddf0c7e0ad042a866,finance-datareader-yahoo-hose-v2-business-day,real,VN000000DRC8,,0.00464029851361758,0.028503516731289258,0.00464029851361758,,no_event_raw_close,20520.76258449143,20189.018515991178,20568.15631329731,20046.842142829904,1.2321936296456033,corporate-actions-v2,blocked_unresolved_material_event,False
2023-06-09,DRC,16192.3076171875,16269.23046875,15961.5380859375,15961.5380859375,14084.814453125,821210.0,13107774691.552734,finance_datareader_yahoo_hose,https://github.com/FinanceData/FinanceDataReader,2026-07-30T05:42:33.446660+00:00,2023-06-10,0ddf9168efae72c7ac0944b001e4f1d316c262074317715ddf0c7e0ad042a866,finance-datareader-yahoo-hose-v2-business-day,real,VN000000DRC8,,-0.06531537842609014,-0.0071771314782228535,-0.06531537842609014,,no_event_raw_close,21164.9317161983,21470.931134599494,21572.93050909398,21164.9317161983,1.3259957531815256,corporate-actions-v2,blocked_unresolved_material_event,False
2023-12-29,DRC,20384.615234375,21269.23046875,20230.76953125,20461.5390625,18396.388671875,1051050.0,21506100631.640625,finance_datareader_yahoo_hose,https://github.com/FinanceData/FinanceDataReader,2026-07-30T05:42:33.446660+00:00,2023-12-30,0ddf9168efae72c7ac0944b001e4f1d316c262074317715ddf0c7e0ad042a866,finance-datareader-yahoo-hose-v2-business-day,real,VN000000DRC8,,-0.014814771626371126,0.0037735217682193234,-0.014814771626371126,,no_event_raw_close,27785.08961489319,27680.633373774413,28881.868211815283,27471.723543720207,1.3579178736273612,corporate-actions-v2,blocked_unresolved_material_event,False
2024-06-11,DRC,26461.5390625,27307.69140625,26269.23046875,27192.30859375,24945.318359375,2326870.0,63272967097.53906,finance_datareader_yahoo_hose,https://github.com/FinanceData/FinanceDataReader,2026-07-30T05:42:33.446660+00:00,2024-06-12,0ddf9168efae72c7ac0944b001e4f1d316c262074317715ddf0c7e0ad042a866,finance-datareader-yahoo-hose-v2-business-day,real,VN000000DRC8,,0.007122540509259201,0.027616337776413147,0.007122540509259201,,no_event_raw_close,37882.234653727355,36864.18270108919,38042.97712114466,36596.27314683971,1.393123151832514,corporate-actions-v2,blocked_unresolved_material_event,False
2024-12-20,DRC,22384.615234375,22423.076171875,22038.4609375,22307.69140625,20817.166015625,684190.0,15262699383.242188,finance_datareader_yahoo_hose,https://github.com/FinanceData/FinanceDataReader,2026-07-30T05:42:33.446660+00:00,2024-12-21,0ddf9168efae72c7ac0944b001e4f1d316c262074317715ddf0c7e0ad042a866,finance-datareader-yahoo-hose-v2-business-day,real,VN000000DRC8,,-0.016949231318224345,-9.382280063974235e-08,-0.016949231318224345,,no_event_raw_close,31762.11675462074,31871.64236915538,31926.403785974373,31378.781275094476,1.4238190844670673,corporate-actions-v2,blocked_unresolved_material_event,False
2025-06-16,DRC,16230.76953125,16423.076171875,16153.845703125,16153.845703125,15517.8681640625,710710.0,11480699679.667969,finance_datareader_yahoo_hose,https://github.com/FinanceData/FinanceDataReader,2026-07-30T05:42:33.446660+00:00,2025-06-17,5fbd11f588ee29a530340d148b8b65ce67b18b05276ccaf2a191c8b57279819a,finance-datareader-yahoo-hose-v2-business-day,real,VN000000DRC8,,0.0,0.02941173231467742,0.0,,no_event_raw_close,23854.44525032592,23968.038959228208,24252.018905203287,23854.44525032592,1.4767037947942774,corporate-actions-v2,blocked_unresolved_material_event,False
2020-04-27,DRL,51000.0,52000.0,51000.0,51100.0,28917.083984375,330.0,16863000.0,finance_datareader_yahoo_hose,https://github.com/FinanceData/FinanceDataReader,2026-07-30T05:55:31.322894+00:00,2020-04-28,711225cbfc87272d7cd3bb631610c2e7cbe0912bc73a7bcfa08f70b474c1ff03,finance-datareader-yahoo-hose-v2-business-day,real,VN000000DRL9,,-0.017307692307692357,0.011881185412089712,-0.017307692307692357,,no_event_raw_close,52574.038461538476,52471.153846153866,53500.000000000015,52471.153846153866,1.0288461538461542,corporate-actions-v2,blocked_unresolved_material_event,False
2020-09-21,DRL,54000.0,54000.0,54000.0,54000.0,31426.30859375,40.0,2160000.0,finance_datareader_yahoo_hose,https://github.com/FinanceData/FinanceDataReader,2026-07-30T05:55:31.322894+00:00,2020-09-22,711225cbfc87272d7cd3bb631610c2e7cbe0912bc73a7bcfa08f70b474c1ff03,finance-datareader-yahoo-hose-v2-business-day,real,VN000000DRL9,,-0.0055248618784530246,0.02272756164483858,-0.0055248618784530246,,no_event_raw_close,57092.43518912029,57092.43518912029,57092.43518912029,57092.43518912029,1.0572673183170425,corporate-actions-v2,blocked_unresolved_material_event,False
2021-01-06,DRL,53500.0,53500.0,53500.0,53500.0,33460.25,180.0,9630000.0,finance_datareader_yahoo_hose,https://github.com/FinanceData/FinanceDataReader,2026-07-30T05:55:31.322894+00:00,2021-01-07,fbcb24bb5ef5adace2a21bf3b3a60f4add64f5a240b73b2ef3dbfaa405911477,finance-datareader-yahoo-hose-v2-business-day,real,VN000000DRL9,,-0.0564373897707231,-0.02193799557796361,-0.0564373897707231,,no_event_raw_close,58558.997351124424,58558.99735112442,58558.99735112442,58558.99735112442,1.0945606981518583,corporate-actions-v2,blocked_unresolved_material_event,False
2021-05-14,DRL,57000.0,57000.0,57000.0,57000.0,36933.90234375,30.0,1710000.0,finance_datareader_yahoo_hose,https://github.com/FinanceData/FinanceDataReader,2026-07-30T05:55:31.322894+00:00,2021-05-15,fbcb24bb5ef5adace2a21bf3b3a60f4add64f5a240b73b2ef3dbfaa405911477,finance-datareader-yahoo-hose-v2-business-day,real,VN000000DRL9,,-0.008695652173912993,0.027027153263105674,-0.008695652173912993,,no_event_raw_close,62389.9597946559,62389.9597946559,62389.9597946559,62389.9597946559,1.0945606981518579,corporate-actions-v2,blocked_unresolved_material_event,False
2021-08-30,DRL,61000.0,61000.0,61000.0,61000.0,40522.1953125,0.0,0.0,finance_datareader_yahoo_hose,https://github.com/FinanceData/FinanceDataReader,2026-07-30T05:55:31.322894+00:00,2021-08-31,711225cbfc87272d7cd3bb631610c2e7cbe0912bc73a7bcfa08f70b474c1ff03,finance-datareader-yahoo-hose-v2-business-day,real,VN000000DRL9,,0.0,0.025210029221456987,0.0,,no_event_raw_close,68410.0436344911,68410.0436344911,68410.0436344911,68410.0436344911,1.1214761251555918,corporate-actions-v2,blocked_unresolved_material_event,False
2021-12-06,DRL,69400.0,69400.0,69400.0,69400.0,47076.30078125,900.0,62460000.0,finance_datareader_yahoo_hose,https://github.com/FinanceData/FinanceDataReader,2026-07-30T05:55:31.322894+00:00,2021-12-07,711225cbfc87272d7cd3bb631610c2e7cbe0912bc73a7bcfa08f70b474c1ff03,finance-datareader-yahoo-hose-v2-business-day,real,VN000000DRL9,,-0.04275862068965519,-0.022535120793207963,-0.04275862068965519,,no_event_raw_close,79440.72811515938,79440.72811515938,79440.72811515938,79440.72811515938,1.1446790794691553,corporate-actions-v2,blocked_unresolved_material_event,False
2022-05-09,DRL,67700.0,67700.0,67700.0,67700.0,47464.37109375,500.0,33850000.0,finance_datareader_yahoo_hose,https://github.com/FinanceData/FinanceDataReader,2026-07-30T05:55:31.322894+00:00,2022-05-10,711225cbfc87272d7cd3bb631610c2e7cbe0912bc73a7bcfa08f70b474c1ff03,finance-datareader-yahoo-hose-v2-business-day,real,VN000000DRL9,,-0.03285714285714281,-0.00039865989070997365,-0.03285714285714281,,no_event_raw_close,80011.13968827303,80011.13968827303,80011.13968827303,80011.13968827303,1.1818484444353476,corporate-actions-v2,blocked_unresolved_material_event,False
2022-08-24,DRL,67600.0,68400.0,67600.0,68400.0,49043.37890625,2600.0,177840000.0,finance_datareader_yahoo_hose,https://github.com/FinanceData/FinanceDataReader,2026-07-30T05:55:31.322894+00:00,2022-08-25,fbcb24bb5ef5adace2a21bf3b3a60f4add64f5a240b73b2ef3dbfaa405911477,finance-datareader-yahoo-hose-v2-business-day,real,VN000000DRL9,,0.01183431952662728,0.03479579953069867,0.01183431952662728,,no_event_raw_close,82632.18582421607,81665.72751048254,82632.18582421607,81665.72751048254,1.2080728921669015,corporate-actions-v2,blocked_unresolved_material_event,False
2022-12-15,DRL,68900.0,68900.0,67900.0,67900.0,50864.796875,2800.0,190120000.0,finance_datareader_yahoo_hose,https://github.com/FinanceData/FinanceDataReader,2026-07-30T05:55:31.322894+00:00,2022-12-16,fbcb24bb5ef5adace2a21bf3b3a60f4add64f5a240b73b2ef3dbfaa405911477,finance-datareader-yahoo-hose-v2-business-day,real,VN000000DRL9,,-0.030000000000000027,0.01343293699772996,-0.030000000000000027,,no_event_raw_close,85543.64149433833,86803.48893902666,86803.48893902666,85543.64149433833,1.2598474446883405,corporate-actions-v2,blocked_unresolved_material_event,False
2023-05-22,DRL,63900.0,63900.0,63900.0,63900.0,49066.921875,100.0,6390000.0,finance_datareader_yahoo_hose,https://github.com/FinanceData/FinanceDataReader,2026-07-30T05:55:31.322894+00:00,2023-05-23,711225cbfc87272d7cd3bb631610c2e7cbe0912bc73a7bcfa08f70b474c1ff03,finance-datareader-yahoo-hose-v2-business-day,real,VN000000DRL9,,-0.02442748091603053,0.0,-0.02442748091603053,,no_event_raw_close,82470.76778802673,82470.76778802673,82470.76778802673,82470.76778802673,1.2906223441005749,corporate-actions-v2,blocked_unresolved_material_event,False
2023-08-23,DRL,66400.0,66400.0,65000.0,65000.0,51459.23046875,1600.0,104000000.0,finance_datareader_yahoo_hose,https://github.com/FinanceData/FinanceDataReader,2026-07-30T05:55:31.322894+00:00,2023-08-24,fbcb24bb5ef5adace2a21bf3b3a60f4add64f5a240b73b2ef3dbfaa405911477,finance-datareader-yahoo-hose-v2-business-day,real,VN000000DRL9,,-0.022556390977443663,0.007752084457536057,-0.022556390977443663,,no_event_raw_close,86413.47349034305,88274.68676551967,88274.68676551967,86413.47349034305,1.3294380536975854,corporate-actions-v2,blocked_unresolved_material_event,False
2023-12-20,DRL,65700.0,65800.0,65700.0,65700.0,53601.59765625,2700.0,177390000.0,finance_datareader_yahoo_hose,https://github.com/FinanceData/FinanceDataReader,2026-07-30T05:55:31.322894+00:00,2023-12-21,fbcb24bb5ef5adace2a21bf3b3a60f4add64f5a240b73b2ef3dbfaa405911477,finance-datareader-yahoo-hose-v2-business-day,real,VN000000DRL9,,-0.026666666666666616,0.0030534558721460048,-0.026666666666666616,,no_event_raw_close,89932.05287246271,89932.05287246271,90068.93575354714,89932.05287246271,1.3688288108441813,corporate-actions-v2,blocked_unresolved_material_event,False
2024-05-06,DRL,67700.0,67700.0,66800.0,66800.0,55987.6328125,3300.0,220440000.0,finance_datareader_yahoo_hose,https://github.com/FinanceData/FinanceDataReader,2026-07-30T05:55:31.322894+00:00,2024-05-07,711225cbfc87272d7cd3bb631610c2e7cbe0912bc73a7bcfa08f70b474c1ff03,finance-datareader-yahoo-hose-v2-business-day,real,VN000000DRL9,,-0.013293943870014813,0.013657052926127955,-0.013293943870014813,,no_event_raw_close,93868.90158382853,95133.60235367053,95133.60235367053,93868.90158382853,1.4052230776022234,corporate-actions-v2,blocked_unresolved_material_event,False
2024-08-30,DRL,64500.0,64500.0,63300.0,63300.0,54730.41796875,21700.0,1373610000.0,finance_datareader_yahoo_hose,https://github.com/FinanceData/FinanceDataReader,2026-07-30T05:55:31.322894+00:00,2024-08-31,fbcb24bb5ef5adace2a21bf3b3a60f4add64f5a240b73b2ef3dbfaa405911477,finance-datareader-yahoo-hose-v2-business-day,real,VN000000DRL9,,-0.030627871362940318,-7.13725542000887e-08,-0.030627871362940318,,no_event_raw_close,91674.9889841112,93412.90346722232,93412.90346722232,91674.9889841112,1.4482620692592607,corporate-actions-v2,blocked_unresolved_material_event,False
2024-11-29,DRL,59400.0,59500.0,59400.0,59400.0,52228.890625,2400.0,142560000.0,finance_datareader_yahoo_hose,https://github.com/FinanceData/FinanceDataReader,2026-07-30T05:55:31.322894+00:00,2024-11-30,fbcb24bb5ef5adace2a21bf3b3a60f4add64f5a240b73b2ef3dbfaa405911477,finance-datareader-yahoo-hose-v2-business-day,real,VN000000DRL9,,-0.010000000000000009,0.006779760818766967,-0.010000000000000009,,no_event_raw_close,87460.54636256679,87460.54636256679,87607.78633960815,87460.54636256679,1.4723997704135823,corporate-actions-v2,blocked_unresolved_material_event,False
2025-04-24,DRL,56600.0,56600.0,55800.0,56200.0,51122.28125,1800.0,101160000.0,finance_datareader_yahoo_hose,https://github.com/FinanceData/FinanceDataReader,2026-07-30T05:55:31.322894+00:00,2025-04-25,fbcb24bb5ef5adace2a21bf3b3a60f4add64f5a240b73b2ef3dbfaa405911477,finance-datareader-yahoo-hose-v2-business-day,real,VN000000DRL9,,-0.012302284710017597,0.021818085002640153,-0.012302284710017597,,no_event_raw_close,85512.0102867822,86120.6366945173,86120.6366945173,84903.38387904709,1.5215660193377616,corporate-actions-v2,blocked_unresolved_material_event,False
2025-09-08,DRL,57000.0,57000.0,56900.0,57000.0,53735.453125,4600.0,262200000.0,finance_datareader_yahoo_hose,https://github.com/FinanceData/FinanceDataReader,2026-07-30T05:55:31.322894+00:00,2025-09-09,711225cbfc87272d7cd3bb631610c2e7cbe0912bc73a7bcfa08f70b474c1ff03,finance-datareader-yahoo-hose-v2-business-day,real,VN000000DRL9,,0.0,0.03636360896817736,0.0,,no_event_raw_close,89772.39514092788,89772.39514092788,89772.39514092788,89614.89971085609,1.574954300718033,corporate-actions-v2,blocked_unresolved_material_event,False
2025-12-10,DRL,49450.0,49450.0,48500.0,49000.0,47329.54296875,5300.0,259700000.0,finance_datareader_yahoo_hose,https://github.com/FinanceData/FinanceDataReader,2026-07-30T05:55:31.322894+00:00,2025-12-11,fbcb24bb5ef5adace2a21bf3b3a60f4add64f5a240b73b2ef3dbfaa405911477,finance-datareader-yahoo-hose-v2-business-day,real,VN000000DRL9,,-0.020000000000000018,0.004098315484106108,-0.020000000000000018,,no_event_raw_close,79024.90699282804,79750.64593459891,79750.64593459891,78218.53039086041,1.612753203935266,corporate-actions-v2,blocked_unresolved_material_event,False
2024-11-29,DSE,23350.0,23600.0,23350.0,23500.0,22842.177734375,218500.0,5134750000.0,finance_datareader_yahoo_hose,https://github.com/FinanceData/FinanceDataReader,2026-07-30T05:40:01.422336+00:00,2024-11-30,aa6e75e9c949abab6ef974a79987272e85da04db97ac435081ac6c6d42bfa2d7,finance-datareader-yahoo-hose-v2-business-day,real,VN000000DSE2,,-0.014675052410901501,0.004755476921422197,-0.014675052410901501,,no_event_raw_close,23992.662473794542,23839.517819706492,24094.75890985324,23839.517819706492,1.0209643605870018,corporate-actions-v2,candidate_no_known_unresolved_event,False
2020-02-24,DSN,51500.0,54000.0,51500.0,53800.0,36124.23046875,5110.0,274918000.0,finance_datareader_yahoo_hose,https://github.com/FinanceData/FinanceDataReader,2026-07-30T05:45:16.564688+00:00,2020-02-25,7238132a6e948d0ffa47a51c2720e2eed03415a78644f6ae03cb81059cba2017,finance-datareader-yahoo-hose-v2-business-day,real,VN000000DSN3,,-0.03756708407871201,0.0056076215546494446,-0.03756708407871201,,no_event_raw_close,56109.83899821109,53711.09123434705,56318.42576028623,53711.09123434705,1.042933810375671,corporate-actions-v2,candidate_no_known_unresolved_event,False
2021-03-01,DSN,50500.0,50500.0,48000.0,49000.0,34611.296875,5060.0,247940000.0,finance_datareader_yahoo_hose,https://github.com/FinanceData/FinanceDataReader,2026-07-30T05:45:16.564688+00:00,2021-03-02,7238132a6e948d0ffa47a51c2720e2eed03415a78644f6ae03cb81059cba2017,finance-datareader-yahoo-hose-v2-business-day,real,VN000000DSN3,,-0.031620553359683834,0.01871105026266573,-0.031620553359683834,,no_event_raw_close,53628.64587384301,55270.339114879025,55270.339114879025,52534.183713152335,1.0944621606906737,corporate-actions-v2,candidate_no_known_unresolved_event,False
2021-12-29,DSN,46900.0,48500.0,46900.0,48500.0,35349.140625,2600.0,126100000.0,finance_datareader_yahoo_hose,https://github.com/FinanceData/FinanceDataReader,2026-07-30T05:45:16.564688+00:00,2021-12-30,9fdcfe3eca3a92f77bdca8261f252c524df5f1905cd3f36d0c5419deb1c8adb4,finance-datareader-yahoo-hose-v2-business-day,real,VN000000DSN3,,-0.002057613168724326,0.029724083312092642,-0.002057613168724326,,no_event_raw_close,54719.730064901865,52914.54309368861,54719.730064901865,52914.54309368861,1.128241857008286,corporate-actions-v2,candidate_no_known_unresolved_event,False
2022-11-16,DSN,48400.0,48900.0,44600.0,48400.0,36390.2421875,14100.0,682440000.0,finance_datareader_yahoo_hose,https://github.com/FinanceData/FinanceDataReader,2026-07-30T05:45:16.564688+00:00,2022-11-17,9fdcfe3eca3a92f77bdca8261f252c524df5f1905cd3f36d0c5419deb1c8adb4,finance-datareader-yahoo-hose-v2-business-day,real,VN000000DSN3,,-0.01224489795918371,0.018947414935152507,-0.01224489795918371,,no_event_raw_close,56278.54585509491,56278.545855094904,56859.93579161448,51859.982337546135,1.162779873039151,corporate-actions-v2,candidate_no_known_unresolved_event,False
2023-04-19,DSN,58000.0,60200.0,57200.0,57700.0,45262.23828125,11600.0,669320000.0,finance_datareader_yahoo_hose,https://github.com/FinanceData/FinanceDataReader,2026-07-30T05:45:16.564688+00:00,2023-04-20,9fdcfe3eca3a92f77bdca8261f252c524df5f1905cd3f36d0c5419deb1c8adb4,finance-datareader-yahoo-hose-v2-business-day,real,VN000000DSN3,,-0.0415282392026578,-8.630261805198103e-08,-0.0415282392026578,,no_event_raw_close,69878.6278551878,70241.94827731182,72906.29803955469,69273.09381831442,1.2110680737467556,corporate-actions-v2,candidate_no_known_unresolved_event,False
2023-12-29,DSN,54500.0,55000.0,54400.0,54500.0,44634.6875,28700.0,1564150000.0,finance_datareader_yahoo_hose,https://github.com/FinanceData/FinanceDataReader,2026-07-30T05:45:16.564688+00:00,2023-12-30,9fdcfe3eca3a92f77bdca8261f252c524df5f1905cd3f36d0c5419deb1c8adb4,finance-datareader-yahoo-hose-v2-business-day,real,VN000000DSN3,,-0.04217926186291743,0.0,-0.04217926186291743,,no_event_raw_close,68787.17669839099,68787.17669839099,69418.25171397257,68660.96169527469,1.2621500311631375,corporate-actions-v2,candidate_no_known_unresolved_event,False
2024-03-15,DSN,56200.0,57100.0,56000.0,56300.0,47423.90625,45200.0,2544760000.0,finance_datareader_yahoo_hose,https://github.com/FinanceData/FinanceDataReader,2026-07-30T05:45:16.564688+00:00,2024-03-16,9fdcfe3eca3a92f77bdca8261f252c524df5f1905cd3f36d0c5419deb1c8adb4,finance-datareader-yahoo-hose-v2-business-day,real,VN000000DSN3,,-0.024263431542461023,0.0035649829678179312,-0.024263431542461023,,no_event_raw_close,73029.48825894165,72899.77335972506,74067.2074526744,72640.34356129187,1.2971489921659263,corporate-actions-v2,candidate_no_known_unresolved_event,False
2024-12-27,DSN,53600.0,54000.0,52900.0,54000.0,47523.234375,34800.0,1879200000.0,finance_datareader_yahoo_hose,https://github.com/FinanceData/FinanceDataReader,2026-07-30T05:45:16.564688+00:00,2024-12-28,9fdcfe3eca3a92f77bdca8261f252c524df5f1905cd3f36d0c5419deb1c8adb4,finance-datareader-yahoo-hose-v2-business-day,real,VN000000DSN3,,-0.0357142857142857,0.007462758871461306,-0.0357142857142857,,no_event_raw_close,73048.01895882952,72506.92252209745,73048.01895882952,71560.00375781633,1.3527410918301763,corporate-actions-v2,candidate_no_known_unresolved_event,False
2025-03-21,DSN,51800.0,51800.0,50700.0,51000.0,46293.91796875,9700.0,494700000.0,finance_datareader_yahoo_hose,https://github.com/FinanceData/FinanceDataReader,2026-07-30T05:45:16.564688+00:00,2025-03-22,9fdcfe3eca3a92f77bdca8261f252c524df5f1905cd3f36d0c5419deb1c8adb4,finance-datareader-yahoo-hose-v2-business-day,real,VN000000DSN3,,-0.02857142857142858,0.001964659297996496,-0.02857142857142858,,no_event_raw_close,71092.34183749797,72207.51582710577,72207.51582710577,70674.15159139504,1.393967487009764,corporate-actions-v2,candidate_no_known_unresolved_event,False
2020-07-31,DTT,12550.0,12550.0,12550.0,12550.0,9863.064453125,0.0,0.0,finance_datareader_yahoo_hose,https://github.com/FinanceData/FinanceDataReader,2026-07-30T05:56:56.693708+00:00,2020-08-01,6c2d2fb1151da9f652e7fa1116b4699ffe43491d59ef5cc143d92cf274adaa38,finance-datareader-yahoo-hose-v2-business-day,real,VN000000DTT8,,0.0,0.05907170429564723,0.0,,no_event_raw_close,13250.000000000007,13250.000000000007,13250.000000000007,13250.000000000007,1.0557768924302795,corporate-actions-v2,blocked_unresolved_material_event,False
2021-05-31,DTT,13500.0,13500.0,13500.0,13500.0,11189.8876953125,100.0,1350000.0,finance_datareader_yahoo_hose,https://github.com/FinanceData/FinanceDataReader,2026-07-30T05:56:56.693708+00:00,2021-06-01,b5aefad38ca5af8a1d83a02bdcdac0f4ecb2b980b3558e60c3396fe2c6a9dbec,finance-datareader-yahoo-hose-v2-business-day,real,VN000000DTT8,,0.0,0.0546875395503974,0.0,,no_event_raw_close,14252.98804780877,14252.98804780877,14252.98804780877,14252.98804780877,1.0557768924302793,corporate-actions-v2,blocked_unresolved_material_event,False
2023-07-05,DTT,14700.0,14700.0,14700.0,14700.0,12847.6484375,1200.0,17640000.0,finance_datareader_yahoo_hose,https://github.com/FinanceData/FinanceDataReader,2026-07-30T05:56:56.693708+00:00,2023-07-06,6c2d2fb1151da9f652e7fa1116b4699ffe43491d59ef5cc143d92cf274adaa38,finance-datareader-yahoo-hose-v2-business-day,real,VN000000DTT8,,-0.05161290322580647,0.0,-0.05161290322580647,,no_event_raw_close,16320.948464207688,16320.948464207688,16320.948464207688,16320.948464207688,1.1102686030073257,corporate-actions-v2,blocked_unresolved_material_event,False
2024-07-05,DTT,19550.0,19550.0,19550.0,19550.0,17815.5234375,0.0,0.0,finance_datareader_yahoo_hose,https://github.com/FinanceData/FinanceDataReader,2026-07-30T05:56:56.693708+00:00,2024-07-06,6c2d2fb1151da9f652e7fa1116b4699ffe43491d59ef5cc143d92cf274adaa38,finance-datareader-yahoo-hose-v2-business-day,real,VN000000DTT8,,0.0,0.042666752931173946,0.0,,no_event_raw_close,22593.966071199084,22593.966071199084,22593.966071199084,22593.966071199084,1.1557015893196463,corporate-actions-v2,blocked_unresolved_material_event,False
2025-07-04,DTT,18700.0,18700.0,18700.0,18700.0,17852.408203125,100.0,1870000.0,finance_datareader_yahoo_hose,https://github.com/FinanceData/FinanceDataReader,2026-07-30T05:56:56.693708+00:00,2025-07-05,6c2d2fb1151da9f652e7fa1116b4699ffe43491d59ef5cc143d92cf274adaa38,finance-datareader-yahoo-hose-v2-business-day,real,VN000000DTT8,,0.0625,0.11309522504769398,0.0625,,no_event_raw_close,22593.96607119909,22593.966071199095,22593.966071199095,22593.966071199095,1.208233479743267,corporate-actions-v2,blocked_unresolved_material_event,False
2020-08-06,DVP,37400.0,37400.0,36100.0,36600.0,21536.892578125,34850.0,1275510000.0,finance_datareader_yahoo_hose,https://github.com/FinanceData/FinanceDataReader,2026-07-30T05:41:46.350691+00:00,2020-08-07,4539197ea19e5e7d618ac3cb4f95d5cbf037c0c2f835a0c8f8c4a41b8e23774d,finance-datareader-yahoo-hose-v2-business-day,real,VN000000DVP2,,-0.02659574468085102,0.042734975651935736,-0.02659574468085102,,no_event_raw_close,36599.999999999956,37399.999999999956,37399.999999999956,36099.999999999956,0.9999999999999988,corporate-actions-v2,blocked_unresolved_material_event,False
2021-01-26,DVP,48000.0,48000.0,47350.0,47450.0,28804.125,3920.0,186004000.0,finance_datareader_yahoo_hose,https://github.com/FinanceData/FinanceDataReader,2026-07-30T05:41:46.350691+00:00,2021-01-27,4539197ea19e5e7d618ac3cb4f95d5cbf037c0c2f835a0c8f8c4a41b8e23774d,finance-datareader-yahoo-hose-v2-business-day,real,VN000000DVP2,,-0.03064351378958119,0.0,-0.03064351378958119,,no_event_raw_close,48904.03472931571,49470.888661899975,49470.888661899975,48800.97037793675,1.0306435137895829,corporate-actions-v2,blocked_unresolved_material_event,False
2021-08-05,DVP,56200.0,56200.0,56200.0,56200.0,35704.0,0.0,0.0,finance_datareader_yahoo_hose,https://github.com/FinanceData/FinanceDataReader,2026-07-30T05:41:46.350691+00:00,2021-08-06,4539197ea19e5e7d618ac3cb4f95d5cbf037c0c2f835a0c8f8c4a41b8e23774d,finance-datareader-yahoo-hose-v2-business-day,real,VN000000DVP2,,0.0,0.046555103268068665,0.0,,no_event_raw_close,60498.77425944855,60498.77425944855,60498.77425944855,60498.77425944855,1.0764906451859173,corporate-actions-v2,blocked_unresolved_material_event,False
2022-01-18,DVP,59700.0,59700.0,57900.0,57900.0,37720.78515625,43100.0,2495490000.0,finance_datareader_yahoo_hose,https://github.com/FinanceData/FinanceDataReader,2026-07-30T05:41:46.350691+00:00,2022-01-19,4539197ea19e5e7d618ac3cb4f95d5cbf037c0c2f835a0c8f8c4a41b8e23774d,finance-datareader-yahoo-hose-v2-business-day,real,VN000000DVP2,,-0.04139072847682124,-0.01697779941341493,-0.04139072847682124,,no_event_raw_close,63876.70922603941,65862.51365793702,65862.51365793702,63876.70922603941,1.1032246843875546,corporate-actions-v2,blocked_unresolved_material_event,False
2022-06-10,DVP,54600.0,54700.0,54300.0,54500.0,37781.75,46900.0,2556050000.0,finance_datareader_yahoo_hose,https://github.com/FinanceData/FinanceDataReader,2026-07-30T05:41:46.350691+00:00,2022-06-11,4539197ea19e5e7d618ac3cb4f95d5cbf037c0c2f835a0c8f8c4a41b8e23774d,finance-datareader-yahoo-hose-v2-business-day,real,VN000000DVP2,,-0.061962134251290824,-0.0018317053972924935,-0.061962134251290824,,no_event_raw_close,63747.77814846639,63864.7465487388,63981.71494901122,63513.84134792156,1.169684002724154,corporate-actions-v2,blocked_unresolved_material_event,False
2022-12-15,DVP,46000.0,46000.0,45000.0,45000.0,31889.1875,13200.0,594000000.0,finance_datareader_yahoo_hose,https://github.com/FinanceData/FinanceDataReader,2026-07-30T05:41:46.350691+00:00,2022-12-16,4539197ea19e5e7d618ac3cb4f95d5cbf037c0c2f835a0c8f8c4a41b8e23774d,finance-datareader-yahoo-hose-v2-business-day,real,VN000000DVP2,,-0.021739130434782594,0.0,-0.021739130434782594,,no_event_raw_close,53780.036212208375,54975.14812803523,54975.14812803523,53780.036212208375,1.1951119158268528,corporate-actions-v2,blocked_unresolved_material_event,False
2023-06-29,DVP,56200.0,56900.0,55800.0,56300.0,43402.79296875,88700.0,4993810000.0,finance_datareader_yahoo_hose,https://github.com/FinanceData/FinanceDataReader,2026-07-30T05:41:46.350691+00:00,2023-06-30,4539197ea19e5e7d618ac3cb4f95d5cbf037c0c2f835a0c8f8c4a41b8e23774d,finance-datareader-yahoo-hose-v2-business-day,real,VN000000DVP2,,-0.0904684975767367,-0.010544876815403392,-0.0904684975767367,,no_event_raw_close,72719.76054288153,72590.59578170412,73494.74910994599,72073.93673699448,1.2916476117740947,corporate-actions-v2,blocked_unresolved_material_event,False
2023-12-19,DVP,62200.0,64500.0,62200.0,62500.0,50109.80078125,5000.0,312500000.0,finance_datareader_yahoo_hose,https://github.com/FinanceData/FinanceDataReader,2026-07-30T05:41:46.350691+00:00,2023-12-20,4539197ea19e5e7d618ac3cb4f95d5cbf037c0c2f835a0c8f8c4a41b8e23774d,finance-datareader-yahoo-hose-v2-business-day,real,VN000000DVP2,,-0.038461538461538436,0.0,-0.038461538461538436,,no_event_raw_close,83832.8978795686,83430.49996974667,86515.5506117148,83430.49996974667,1.3413263660730976,corporate-actions-v2,blocked_unresolved_material_event,False
2024-06-28,DVP,78800.0,78800.0,76000.0,76600.0,65017.78125,22300.0,1708180000.0,finance_datareader_yahoo_hose,https://github.com/FinanceData/FinanceDataReader,2026-07-30T05:41:46.350691+00:00,2024-06-29,4539197ea19e5e7d618ac3cb4f95d5cbf037c0c2f835a0c8f8c4a41b8e23774d,finance-datareader-yahoo-hose-v2-business-day,real,VN000000DVP2,,-0.056650246305418706,-0.0013037102460776717,-0.056650246305418706,,no_event_raw_close,108439.62917796524,111554.08327968225,111554.08327968225,107590.23260476968,1.415660955325917,corporate-actions-v2,blocked_unresolved_material_event,False
2025-02-10,DVP,82500.0,82600.0,81900.0,81900.0,72041.2109375,13400.0,1097460000.0,finance_datareader_yahoo_hose,https://github.com/FinanceData/FinanceDataReader,2026-07-30T05:41:46.350691+00:00,2025-02-11,1d43b1ac844585823bc6ddc9500151a089c9aaec07c0011f4c343e0ee2fd75ac,finance-datareader-yahoo-hose-v2-business-day,real,VN000000DVP2,,-0.04322429906542058,-0.00847454255545299,-0.04322429906542058,,no_event_raw_close,120006.04224964546,120885.2073943315,121031.73491844584,120006.04224964546,1.4652752411434122,corporate-actions-v2,blocked_unresolved_material_event,False
2025-06-02,DVP,82600.0,86400.0,82600.0,84500.0,77971.7734375,26700.0,2256150000.0,finance_datareader_yahoo_hose,https://github.com/FinanceData/FinanceDataReader,2026-07-30T05:41:46.350691+00:00,2025-06-03,1d43b1ac844585823bc6ddc9500151a089c9aaec07c0011f4c343e0ee2fd75ac,finance-datareader-yahoo-hose-v2-business-day,real,VN000000DVP2,,-0.012850467289719614,0.03553930621971846,-0.012850467289719614,,no_event_raw_close,129601.54095496493,126687.42346603672,132515.65844389313,126687.42346603672,1.5337460468043187,corporate-actions-v2,blocked_unresolved_material_event,False
2025-09-12,DVP,73900.0,74000.0,73600.0,73900.0,69126.09375,35600.0,2630840000.0,finance_datareader_yahoo_hose,https://github.com/FinanceData/FinanceDataReader,2026-07-30T05:41:46.350691+00:00,2025-09-13,4539197ea19e5e7d618ac3cb4f95d5cbf037c0c2f835a0c8f8c4a41b8e23774d,finance-datareader-yahoo-hose-v2-business-day,real,VN000000DVP2,,0.0,0.013717391107588961,0.0,,no_event_raw_close,114877.57890564342,114877.5789056434,115033.02894475794,114411.22878829979,1.5545003911453776,corporate-actions-v2,blocked_unresolved_material_event,False
2024-09-20,EIB,17500.0,17500.0,17050.0,17150.0,17150.0,2146000.0,36803900000.0,finance_datareader_yahoo_hose,https://github.com/FinanceData/FinanceDataReader,2026-07-30T05:38:55.000729+00:00,2024-09-21,0c9079467d9e26a8e3a8d4697e63cb1c292b1bb6a4d6e5ab936c3b1e5b8cd667,finance-datareader-yahoo-hose-v2-business-day,real,VN000000EIB7,,-0.010754752394645406,0.006665167124439764,-0.010754752394645406,,no_event_raw_close,26404.539381182734,26943.407531819114,26943.407531819114,26250.577052429482,1.5396232875325209,corporate-actions-v2,candidate_no_known_unresolved_event,False
2021-07-20,ELC,7085.445666742271,7517.17530580494,7060.049746493762,7110.841586990779,7110.841586990779,368819.0,2622613483.2723527,fdr_segment_scaled_by_cafef_crosscheck,https://cafef.vn/du-lieu/lich-su-giao-dich-hose/all-1.chn,2026-07-30T05:42:31.237740+00:00,2021-07-21,dab282acc9acc5d60ed98584fb8eab757b6641293c4eeb0e414c24cbd1e81588,fdr-cafef-segment-scale-v1,real,VN000000ELC9,,-0.07284765260927906,-0.034482768033235134,-0.07284765260927906,,no_event_raw_close,7667.132995425212,7639.750315653137,8105.254787981175,7612.367635881061,1.0782314444259542,corporate-actions-v2,blocked_unresolved_material_event,False
2020-05-19,EVE,10138.888671875,10138.888671875,10138.888671875,10138.888671875,6872.83203125,0.0,0.0,finance_datareader_yahoo_hose,https://github.com/FinanceData/FinanceDataReader,2026-07-30T05:55:42.351342+00:00,2020-05-20,c497f9e6b7351fb3e87df1ebde0312a97f15b7b3a3a30c7adfa95478b4a0c81c,finance-datareader-yahoo-hose-v2-business-day,real,VN000000EVE4,,0.0,0.08955212558324521,0.0,,no_event_raw_close,11038.888671874996,11038.888671874996,11038.888671874996,11038.888671874996,1.088767125187652,corporate-actions-v2,blocked_unresolved_material_event,False
2021-05-25,EVE,13148.1484375,13611.111328125,13148.1484375,13425.92578125,9762.9033203125,6868.0,92209258.265625,finance_datareader_yahoo_hose,https://github.com/FinanceData/FinanceDataReader,2026-07-30T05:55:42.351342+00:00,2021-05-26,c497f9e6b7351fb3e87df1ebde0312a97f15b7b3a3a30c7adfa95478b4a0c81c,finance-datareader-yahoo-hose-v2-business-day,real,VN000000EVE4,,-0.0169491501185004,0.054545429612886664,-0.0169491501185004,,no_event_raw_close,15688.020063573083,15363.440841778047,15904.40697217018,15363.440841778047,1.1684870242231054,corporate-actions-v2,blocked_unresolved_material_event,False
2022-06-08,EVE,14250.0,14700.0,14000.0,14500.0,11268.60546875,161100.0,2335950000.0,finance_datareader_yahoo_hose,https://github.com/FinanceData/FinanceDataReader,2026-07-30T05:55:42.351342+00:00,2022-06-09,c497f9e6b7351fb3e87df1ebde0312a97f15b7b3a3a30c7adfa95478b4a0c81c,finance-datareader-yahoo-hose-v2-business-day,real,VN000000EVE4,,-0.067524115755627,-0.003436268227214434,-0.067524115755627,,no_event_raw_close,18032.647822375526,17721.740101300085,18281.37399923588,17410.83238022465,1.2436308843017605,corporate-actions-v2,blocked_unresolved_material_event,False
2023-05-29,EVE,18900.0,18900.0,18200.0,18500.0,15248.529296875,1115500.0,20636750000.0,finance_datareader_yahoo_hose,https://github.com/FinanceData/FinanceDataReader,2026-07-30T05:55:42.351342+00:00,2023-05-30,567e5b5fc2ff52b0790007d99fa7650819171707da96e2de9529e373673ebd22,finance-datareader-yahoo-hose-v2-business-day,real,VN000000EVE4,,-0.038961038961038974,0.019283657001468724,-0.038961038961038974,,no_event_raw_close,24321.866865844375,24847.74506834912,24847.74506834912,23927.45821396582,1.3146955062618582,corporate-actions-v2,blocked_unresolved_material_event,False
2024-06-06,EVE,14000.0,14100.0,13700.0,13700.0,11705.7861328125,208200.0,2852340000.0,finance_datareader_yahoo_hose,https://github.com/FinanceData/FinanceDataReader,2026-07-30T05:55:42.351342+00:00,2024-06-07,c497f9e6b7351fb3e87df1ebde0312a97f15b7b3a3a30c7adfa95478b4a0c81c,finance-datareader-yahoo-hose-v2-business-day,real,VN000000EVE4,,-0.03180212014134276,0.0036629052098309245,-0.03180212014134276,,no_event_raw_close,18647.771136698673,19056.11649005704,19192.23160784316,18647.771136698673,1.361151177861217,corporate-actions-v2,blocked_unresolved_material_event,False
2025-05-21,EVE,9150.0,9500.0,9150.0,9400.0,8482.9267578125,134500.0,1264300000.0,finance_datareader_yahoo_hose,https://github.com/FinanceData/FinanceDataReader,2026-07-30T05:55:42.351342+00:00,2025-05-22,c497f9e6b7351fb3e87df1ebde0312a97f15b7b3a3a30c7adfa95478b4a0c81c,finance-datareader-yahoo-hose-v2-business-day,real,VN000000EVE4,,0.0,0.056179803970299425,0.0,,no_event_raw_close,13475.396660826049,13117.008451761525,13618.751944451858,13117.008451761525,1.4335528362580903,corporate-actions-v2,blocked_unresolved_material_event,False
2020-08-07,FCM,5636.36376953125,5636.36376953125,5272.72705078125,5590.9091796875,5011.615234375,45353.0,253564504.0263672,finance_datareader_yahoo_hose,https://github.com/FinanceData/FinanceDataReader,2026-07-30T05:56:57.711651+00:00,2020-08-08,1575474c6d8fa6d7efba7faf674e20791c73fac856f3a6b98c6ddd09879b6348,finance-datareader-yahoo-hose-v2-business-day,real,VN000000FCM4,,-0.039062455415724395,0.04022291878147888,-0.039062455415724395,,no_event_raw_close,6071.377951979641,6120.738795757297,6120.738795757297,5725.852045536044,1.085937502622605,corporate-actions-v2,blocked_unresolved_material_event,False
2021-11-30,FCM,9500.0,10350.0,9500.0,10350.0,9511.720703125,853900.0,8837865000.0,finance_datareader_yahoo_hose,https://github.com/FinanceData/FinanceDataReader,2026-07-30T05:56:57.711651+00:00,2021-12-01,1575474c6d8fa6d7efba7faf674e20791c73fac856f3a6b98c6ddd09879b6348,finance-datareader-yahoo-hose-v2-business-day,real,VN000000FCM4,,0.04449542220197311,0.07085343152932677,0.04449542220197311,,no_event_raw_close,12646.962654930072,11608.323209839196,12646.962654930072,11608.323209839196,1.2219287589304417,corporate-actions-v2,blocked_unresolved_material_event,False
2022-09-20,FCM,5300.0,5690.0,5300.0,5320.0,5103.73974609375,92700.0,493164000.0,finance_datareader_yahoo_hose,https://github.com/FinanceData/FinanceDataReader,2026-07-30T05:56:57.711651+00:00,2022-09-21,1575474c6d8fa6d7efba7faf674e20791c73fac856f3a6b98c6ddd09879b6348,finance-datareader-yahoo-hose-v2-business-day,real,VN000000FCM4,,-0.08275862068965523,-0.04249339819395359,-0.08275862068965523,,no_event_raw_close,6780.86190257504,6755.369940535284,7252.463200310522,6755.369940535284,1.2745981019877894,corporate-actions-v2,blocked_unresolved_material_event,False
2020-12-07,FCN,12190.4765625,12190.4765625,12000.0,12095.23828125,11315.22265625,1635721.0,19784435256.64453,finance_datareader_yahoo_hose,https://github.com/FinanceData/FinanceDataReader,2026-07-30T05:42:26.847910+00:00,2020-12-08,1119c2e92d8e052aa80ee527c27882a0fb84ececba80c987e836a7d643a707aa,finance-datareader-yahoo-hose-v2-business-day,real,VN000000FCN2,,-0.026819897481365595,0.011952383306314207,-0.026819897481365595,,no_event_raw_close,12095.23828125,12190.4765625,12190.4765625,12000.0,1.0,corporate-actions-v2,blocked_unresolved_material_event,False
2021-11-16,FCN,17900.0,18400.0,17500.0,18000.0,17123.794921875,7929400.0,142729200000.0,finance_datareader_yahoo_hose,https://github.com/FinanceData/FinanceDataReader,2026-07-30T05:42:26.847910+00:00,2021-11-17,74715ecba0e8035807cd970e1ad3c0124dfa277eadb09feaa4e4e65f71e9fcb2,finance-datareader-yahoo-hose-v2-business-day,real,VN000000FCN2,,-0.0027700831024930483,0.014084599900550776,-0.0027700831024930483,,no_event_raw_close,18000.000000000022,17900.00000000002,18400.000000000022,17500.00000000002,1.000000000000001,corporate-actions-v2,blocked_unresolved_material_event,False
2022-09-26,FCN,16700.0,17100.0,16400.0,16400.0,15884.4892578125,5730000.0,93972000000.0,finance_datareader_yahoo_hose,https://github.com/FinanceData/FinanceDataReader,2026-07-30T05:42:26.847910+00:00,2022-09-27,1119c2e92d8e052aa80ee527c27882a0fb84ececba80c987e836a7d643a707aa,finance-datareader-yahoo-hose-v2-business-day,real,VN000000FCN2,,-0.02670623145400597,-0.009063395702625598,-0.02670623145400597,,no_event_raw_close,16691.988130563826,16997.32937685463,17404.4510385757,16691.988130563826,1.0178041543026723,corporate-actions-v2,blocked_unresolved_material_event,False
2025-12-18,FCN,16000.0,16200.0,15650.0,15650.0,15650.0,698400.0,10929960000.0,finance_datareader_yahoo_hose,https://github.com/FinanceData/FinanceDataReader,2026-07-30T05:42:26.847910+00:00,2025-12-19,74715ecba0e8035807cd970e1ad3c0124dfa277eadb09feaa4e4e65f71e9fcb2,finance-datareader-yahoo-hose-v2-business-day,real,VN000000FCN2,,-0.039877300613496924,-0.01572327044025157,-0.039877300613496924,,no_event_raw_close,16041.204873598967,16399.95386438233,16604.95328768711,16041.204873598967,1.0249971165238956,corporate-actions-v2,blocked_unresolved_material_event,False
2020-07-01,FMC,25783.322265625,25783.322265625,23705.544921875,24366.65625,18366.158203125,146456.0,3568643007.75,finance_datareader_yahoo_hose,https://github.com/FinanceData/FinanceDataReader,2026-07-30T05:42:05.715635+00:00,2020-07-02,eba014b7d12508ad24fae3df592b8734f37b4d5b314bced5b1e49641a4f26e9e,finance-datareader-yahoo-hose-v2-business-day,real,VN000000FMC4,,-0.05494505328018706,-0.019011319975254848,-0.05494505328018706,,no_event_raw_close,25311.711196719792,26783.322265624978,26783.322265624978,24624.95882353031,1.0387847613157752,corporate-actions-v2,blocked_unresolved_material_event,False
2021-01-19,FMC,35300.0,35350.0,34500.0,34900.0,27879.974609375,44810.0,1563869000.0,finance_datareader_yahoo_hose,https://github.com/FinanceData/FinanceDataReader,2026-07-30T05:42:05.715635+00:00,2021-01-20,eba014b7d12508ad24fae3df592b8734f37b4d5b314bced5b1e49641a4f26e9e,finance-datareader-yahoo-hose-v2-business-day,real,VN000000FMC4,,-0.01458783678184572,0.044389536955296016,-0.01458783678184572,,no_event_raw_close,38300.85044745303,38739.82867607713,38794.70095465514,37861.872218828925,1.0974455715602587,corporate-actions-v2,blocked_unresolved_material_event,False
2022-05-10,FMC,65800.0,66000.0,61300.0,61300.0,50455.875,158900.0,9740570000.0,finance_datareader_yahoo_hose,https://github.com/FinanceData/FinanceDataReader,2026-07-30T05:42:05.715635+00:00,2022-05-11,eba014b7d12508ad24fae3df592b8734f37b4d5b314bced5b1e49641a4f26e9e,finance-datareader-yahoo-hose-v2-business-day,real,VN000000FMC4,,-0.09720176730486008,-0.0698027593867313,-0.09720176730486008,,no_event_raw_close,69254.95738161117,74338.92652055489,74564.88070450794,69254.95738161117,1.1297709197652719,corporate-actions-v2,blocked_unresolved_material_event,False
2023-05-09,FMC,40500.0,41100.0,40500.0,40600.0,35068.015625,34600.0,1404760000.0,finance_datareader_yahoo_hose,https://github.com/FinanceData/FinanceDataReader,2026-07-30T05:42:05.715635+00:00,2023-05-10,eba014b7d12508ad24fae3df592b8734f37b4d5b314bced5b1e49641a4f26e9e,finance-datareader-yahoo-hose-v2-business-day,real,VN000000FMC4,,-0.04470588235294115,0.002469152345538461,-0.04470588235294115,,no_event_raw_close,48027.226370350945,47908.932709340224,48618.69467540453,47908.932709340224,1.182936610107166,corporate-actions-v2,blocked_unresolved_material_event,False
2024-05-15,FMC,51000.0,51000.0,49450.0,50000.0,44880.828125,68300.0,3415000000.0,finance_datareader_yahoo_hose,https://github.com/FinanceData/FinanceDataReader,2026-07-30T05:42:05.715635+00:00,2024-05-16,eba014b7d12508ad24fae3df592b8734f37b4d5b314bced5b1e49641a4f26e9e,finance-datareader-yahoo-hose-v2-business-day,real,VN000000FMC4,,-0.05660377358490565,-0.019607940178592798,-0.05660377358490565,,no_event_raw_close,61378.786373485105,62606.36210095481,62606.36210095481,60703.61972337677,1.2275757274697021,corporate-actions-v2,blocked_unresolved_material_event,False
2025-05-15,FMC,37900.0,38500.0,37650.0,38000.0,36031.0859375,142100.0,5399800000.0,finance_datareader_yahoo_hose,https://github.com/FinanceData/FinanceDataReader,2026-07-30T05:42:05.715635+00:00,2025-05-16,eba014b7d12508ad24fae3df592b8734f37b4d5b314bced5b1e49641a4f26e9e,finance-datareader-yahoo-hose-v2-business-day,real,VN000000FMC4,,0.01333333333333342,0.0704224927147925,0.01333333333333342,,no_event_raw_close,49135.76445152068,49006.4598082272,49782.28766798805,48683.19819999351,1.2930464329347546,corporate-actions-v2,blocked_unresolved_material_event,False
2020-05-14,FPT,22631.8984375,23608.64453125,22584.25390625,23513.3515625,20502.8671875,14384827.0,338235494416.7422,finance_datareader_yahoo_hose,https://github.com/FinanceData/FinanceDataReader,2026-07-30T05:38:29.912872+00:00,2020-05-15,e0cd26d42d481538d7ea3f697777cfbaf6b5b0d18792f4723b6d154551bb4ec1,finance-datareader-yahoo-hose-v2-business-day,real,VN000000FPT1,,0.043244499061205754,0.06278095822789864,0.043244499061205754,,no_event_raw_close,24556.596061561206,23636.034469978196,24656.117005433483,23586.27603782365,1.0443681750892975,corporate-actions-v2,blocked_unresolved_material_event,False
2020-08-18,FPT,22346.0234375,22393.66796875,22155.4375,22393.66796875,19943.775390625,2201271.0,49294531883.23828,finance_datareader_yahoo_hose,https://github.com/FinanceData/FinanceDataReader,2026-07-30T05:38:29.912872+00:00,2020-08-19,e0cd26d42d481538d7ea3f697777cfbaf6b5b0d18792f4723b6d154551bb4ec1,finance-datareader-yahoo-hose-v2-business-day,real,VN000000FPT1,,-0.016736449396722364,0.004273408445240934,-0.016736449396722364,,no_event_raw_close,24414.12331005445,24362.18007937824,24414.12331005445,24154.398639295243,1.0902244037968216,corporate-actions-v2,blocked_unresolved_material_event,False
2021-06-02,FPT,48163.0625,48491.8203125,47669.92578125,47724.71875,42942.21875,637854.0,30441402753.5625,finance_datareader_yahoo_hose,https://github.com/FinanceData/FinanceDataReader,2026-07-30T05:38:29.912872+00:00,2021-06-03,e0cd26d42d481538d7ea3f697777cfbaf6b5b0d18792f4723b6d154551bb4ec1,finance-datareader-yahoo-hose-v2-business-day,real,VN000000FPT1,,0.023135839049440055,0.03369453188477789,0.023135839049440055,,no_event_raw_close,53146.10070572061,53634.2389638685,54000.34265747942,53085.08342345212,1.1135969388131932,corporate-actions-v2,blocked_unresolved_material_event,False
2021-08-17,FPT,52053.3671875,52162.953125,51724.609375,51834.1953125,47136.0390625,3480005.0,180383258858.47656,finance_datareader_yahoo_hose,https://github.com/FinanceData/FinanceDataReader,2026-07-30T05:38:29.912872+00:00,2021-08-18,e0cd26d42d481538d7ea3f697777cfbaf6b5b0d18792f4723b6d154551bb4ec1,finance-datareader-yahoo-hose-v2-business-day,real,VN000000FPT1,,-0.00421052252413423,0.006382829311774918,-0.00421052252413423,,no_event_raw_close,58831.3093396647,59080.067293732325,59204.446270766144,58706.93036263088,1.1349903087137792,corporate-actions-v2,blocked_unresolved_material_event,False
2022-06-14,FPT,57861.4296875,59702.47265625,56546.39453125,56677.8984375,52109.1875,5160785.0,292502448087.77344,finance_datareader_yahoo_hose,https://github.com/FinanceData/FinanceDataReader,2026-07-30T05:38:29.912872+00:00,2022-06-15,e0cd26d42d481538d7ea3f697777cfbaf6b5b0d18792f4723b6d154551bb4ec1,finance-datareader-yahoo-hose-v2-business-day,real,VN000000FPT1,,-0.059636361373904934,-0.049264659871426475,-0.059636361373904934,,no_event_raw_close,65396.16906133383,66761.75268119441,68885.98735736753,65244.437047225474,1.1538213459598836,corporate-actions-v2,blocked_unresolved_material_event,False
2022-08-25,FPT,56875.15234375,57072.41015625,56612.1484375,56677.8984375,52715.109375,1533042.0,86889598776.42188,finance_datareader_yahoo_hose,https://github.com/FinanceData/FinanceDataReader,2026-07-30T05:38:29.912872+00:00,2022-08-26,e0cd26d42d481538d7ea3f697777cfbaf6b5b0d18792f4723b6d154551bb4ec1,finance-datareader-yahoo-hose-v2-business-day,real,VN000000FPT1,,-0.009195448137085283,0.0023255767316656684,-0.009195448137085283,,no_event_raw_close,66539.38050294742,66770.95494528732,67002.53397353216,66462.19055080244,1.1739916676042936,corporate-actions-v2,blocked_unresolved_material_event,False
2023-08-25,FPT,64650.28515625,68128.546875,64347.82421875,68052.9296875,64892.88671875,6945241.0,472643997435.7422,finance_datareader_yahoo_hose,https://github.com/FinanceData/FinanceDataReader,2026-07-30T05:38:29.912872+00:00,2023-08-26,e0cd26d42d481538d7ea3f697777cfbaf6b5b0d18792f4723b6d154551bb4ec1,finance-datareader-yahoo-hose-v2-business-day,real,VN000000FPT1,,0.04046244500656804,0.05263144888541027,0.04046244500656804,,no_event_raw_close,82549.22005355908,78421.76142005091,82640.9448313083,78054.87178573324,1.2130149345902703,corporate-actions-v2,blocked_unresolved_material_event,False
2025-12-02,FPT,96900.0,97700.0,96100.0,96600.0,95287.5,3125100.0,301884660000.0,finance_datareader_yahoo_hose,https://github.com/FinanceData/FinanceDataReader,2026-07-30T05:38:29.912872+00:00,2025-12-03,e0cd26d42d481538d7ea3f697777cfbaf6b5b0d18792f4723b6d154551bb4ec1,finance-datareader-yahoo-hose-v2-business-day,real,VN000000FPT1,,-0.005149330587023715,0.005202877612461743,-0.005149330587023715,,no_event_raw_close,121601.44125776093,121979.0854852695,122986.1367586257,120972.0342119133,1.2588140916952477,corporate-actions-v2,blocked_unresolved_material_event,False
2020-08-28,FRT,10556.24609375,10556.24609375,10335.4033203125,10445.82421875,10296.8681640625,1489073.0,15554594806.886719,finance_datareader_yahoo_hose,https://github.com/FinanceData/FinanceDataReader,2026-07-30T05:39:20.023256+00:00,2020-08-29,cf1abd4e8cfddf3eeac607406f60b6b6d37c4fcf83c15f9cd9890def1251ec1f,finance-datareader-yahoo-hose-v2-business-day,real,VN000000FRT7,,-0.03073777213630846,0.010683692889599694,-0.03073777213630846,,no_event_raw_close,11415.086446613679,11535.75430606891,11535.75430606891,11294.41965433564,1.0927894446207391,corporate-actions-v2,blocked_unresolved_material_event,False
2020-05-21,FTS,4465.0576171875,4465.0576171875,4465.0576171875,4465.0576171875,4033.0078125,0.0,0.0,finance_datareader_yahoo_hose,https://github.com/FinanceData/FinanceDataReader,2026-07-30T05:40:42.519671+00:00,2020-05-22,947e1d43bf6cd5356c10581525d18babb08518a27c7459f0271df45d647ca8c6,finance-datareader-yahoo-hose-v2-business-day,real,VN000000FTS5,,0.0,0.04016064585770285,0.0,,no_event_raw_close,4965.057617187499,4965.057617187499,4965.057617187499,4965.057617187499,1.111980637847837,corporate-actions-v2,blocked_unresolved_material_event,False
2021-06-01,FTS,11639.8369140625,11639.8369140625,11431.2373046875,11618.9765625,10677.5322265625,171405.0,1991550677.6953125,finance_datareader_yahoo_hose,https://github.com/FinanceData/FinanceDataReader,2026-07-30T05:40:42.519671+00:00,2021-06-02,947e1d43bf6cd5356c10581525d18babb08518a27c7459f0271df45d647ca8c6,finance-datareader-yahoo-hose-v2-business-day,real,VN000000FTS5,,0.04914379557332316,0.06742173817115393,0.04914379557332316,,no_event_raw_close,13503.390762605659,13527.63433320575,13527.63433320575,13285.203166986801,1.1621841811943718,corporate-actions-v2,blocked_unresolved_material_event,False
2022-07-26,FTS,15992.2724609375,16636.255859375,15562.94921875,16153.2685546875,15098.6376953125,1753086.0,28318068957.46289,finance_datareader_yahoo_hose,https://github.com/FinanceData/FinanceDataReader,2026-07-30T05:40:42.519671+00:00,2022-07-27,947e1d43bf6cd5356c10581525d18babb08518a27c7459f0271df45d647ca8c6,finance-datareader-yahoo-hose-v2-business-day,real,VN000000FTS5,,0.013571459559833743,0.03092899334660615,0.013571459559833743,,no_event_raw_close,19362.051547247545,19169.074215412846,19940.982372198872,18654.46760700271,1.1986460499741332,corporate-actions-v2,blocked_unresolved_material_event,False
2023-05-12,FTS,15141.6767578125,15230.224609375,14876.033203125,15082.64453125,14385.0927734375,3230966.0,48731511670.55469,finance_datareader_yahoo_hose,https://github.com/FinanceData/FinanceDataReader,2026-07-30T05:40:42.519671+00:00,2023-05-13,947e1d43bf6cd5356c10581525d18babb08518a27c7459f0271df45d647ca8c6,finance-datareader-yahoo-hose-v2-business-day,real,VN000000FTS5,,0.02014519898990974,0.04092582770094322,0.02014519898990974,,no_event_raw_close,18690.148797131445,18763.30049781584,18873.02744377286,18434.119659944772,1.2391824761504517,corporate-actions-v2,blocked_unresolved_material_event,False
2024-05-16,FTS,37272.7265625,37272.7265625,35950.4140625,37272.7265625,35972.11328125,6060527.0,225892365695.64844,finance_datareader_yahoo_hose,https://github.com/FinanceData/FinanceDataReader,2026-07-30T05:40:42.519671+00:00,2024-05-17,947e1d43bf6cd5356c10581525d18babb08518a27c7459f0271df45d647ca8c6,finance-datareader-yahoo-hose-v2-business-day,real,VN000000FTS5,,0.061176395748273826,0.07380945162478958,0.061176395748273826,,no_event_raw_close,46845.20519145539,46845.20519145538,46845.20519145538,45183.29295420983,1.256822602255941,corporate-actions-v2,blocked_unresolved_material_event,False
2025-05-15,FTS,35454.546875,36818.18359375,35363.63671875,35727.2734375,34982.95703125,7109850.0,254015555049.60938,finance_datareader_yahoo_hose,https://github.com/FinanceData/FinanceDataReader,2026-07-30T05:40:42.519671+00:00,2025-05-16,947e1d43bf6cd5356c10581525d18babb08518a27c7459f0271df45d647ca8c6,finance-datareader-yahoo-hose-v2-business-day,real,VN000000FTS5,,0.12872064849424736,0.14516566990207846,0.12872064849424736,,no_event_raw_close,44902.84477322831,44560.07586524274,46273.92531463387,44445.81792609312,1.256822602255941,corporate-actions-v2,blocked_unresolved_material_event,False
2020-07-15,GAS,57110.22265625,58300.01953125,57030.90234375,57268.86328125,46834.10546875,796762.0,45629654045.69531,finance_datareader_yahoo_hose,https://github.com/FinanceData/FinanceDataReader,2026-07-30T05:38:10.980492+00:00,2020-07-16,0fbec04b7b4823849b73e5a54dd6225f86e975d54a8f46b4bfc0bf1d3480c8ba,finance-datareader-yahoo-hose-v2-business-day,real,VN000000GAS3,,-0.036048054692566334,0.011204397452103887,-0.036048054692566334,,no_event_raw_close,57268.86328125002,57110.22265625002,58300.01953125003,57030.90234375002,1.0000000000000004,corporate-actions-v2,blocked_unresolved_material_event,False
2021-06-29,GAS,76781.5234375,76860.84375,70515.2578125,75353.765625,63569.8359375,1095187.0,82526464513.54688,finance_datareader_yahoo_hose,https://github.com/FinanceData/FinanceDataReader,2026-07-30T05:38:10.980492+00:00,2021-06-30,0fbec04b7b4823849b73e5a54dd6225f86e975d54a8f46b4bfc0bf1d3480c8ba,finance-datareader-yahoo-hose-v2-business-day,real,VN000000GAS3,,-0.03061225925564859,0.0,-0.03061225925564859,,no_event_raw_close,78261.92884723318,79744.78878669564,79827.17034522198,73236.68623317295,1.0385934690604015,corporate-actions-v2,blocked_unresolved_material_event,False
2022-07-05,GAS,88917.4453125,89234.7265625,86061.9296875,86141.25,74652.28125,583461.0,50260059866.25,finance_datareader_yahoo_hose,https://github.com/FinanceData/FinanceDataReader,2026-07-30T05:38:10.980492+00:00,2022-07-06,0fbec04b7b4823849b73e5a54dd6225f86e975d54a8f46b4bfc0bf1d3480c8ba,finance-datareader-yahoo-hose-v2-business-day,real,VN000000GAS3,,-0.03893806651884468,-0.012727258638191685,-0.03893806651884468,,no_event_raw_close,92460.19760912772,95440.04254050826,95780.59816365827,92375.05870334023,1.073355652595333,corporate-actions-v2,blocked_unresolved_material_event,False
2023-08-30,GAS,80112.953125,80112.953125,78843.8359375,79240.4375,71153.9765625,684697.0,54255689834.9375,finance_datareader_yahoo_hose,https://github.com/FinanceData/FinanceDataReader,2026-07-30T05:38:10.980492+00:00,2023-08-31,0fbec04b7b4823849b73e5a54dd6225f86e975d54a8f46b4bfc0bf1d3480c8ba,finance-datareader-yahoo-hose-v2-business-day,real,VN000000GAS3,,-0.03197668370392248,0.003012216369907117,-0.03197668370392248,,no_event_raw_close,85053.17150475224,85989.69108282375,85989.69108282375,84627.47697581473,1.0733556525953336,corporate-actions-v2,blocked_unresolved_material_event,False
2024-09-16,GAS,73883.4921875,73883.4921875,72038.8359375,72135.921875,69890.8828125,2155996.0,155524759018.8125,finance_datareader_yahoo_hose,https://github.com/FinanceData/FinanceDataReader,2026-07-30T05:38:10.980492+00:00,2024-09-17,fa4bf726e3f44ce033970d7f3616af16fb17da87835c4a8c73eb6edd908d11d7,finance-datareader-yahoo-hose-v2-business-day,real,VN000000GAS3,,-0.09346891801593216,-0.02186376797110956,-0.09346891801593216,,no_event_raw_close,83265.68106631236,85282.88176881021,85282.88176881021,83153.61586359814,1.1542887219296711,corporate-actions-v2,blocked_unresolved_material_event,False
2025-08-29,GAS,69700.0,69700.0,68700.0,68900.0,68900.0,1390500.0,95805450000.0,finance_datareader_yahoo_hose,https://github.com/FinanceData/FinanceDataReader,2026-07-30T05:38:10.980492+00:00,2025-08-30,0fbec04b7b4823849b73e5a54dd6225f86e975d54a8f46b4bfc0bf1d3480c8ba,finance-datareader-yahoo-hose-v2-business-day,real,VN000000GAS3,,0.02110793777345621,0.05390798118519946,0.02110793777345621,,no_event_raw_close,82005.66503148834,82957.83530761593,82957.83530761593,81767.62246245645,1.1902128451594824,corporate-actions-v2,blocked_unresolved_material_event,False
2020-06-04,GDT,20285.5,20285.5,19260.978515625,19670.787109375,12611.619140625,24201.0,476052718.8339844,finance_datareader_yahoo_hose,https://github.com/FinanceData/FinanceDataReader,2026-07-30T05:45:20.051901+00:00,2020-06-05,509782d3b53524076300fe8eb3a36ba41477b04c9ba66ac4c580e5f108578959,finance-datareader-yahoo-hose-v2-business-day,real,VN000000GDT5,,-0.04318939181119763,0.024910935437815196,-0.04318939181119763,,no_event_raw_close,21584.408325752596,22258.921956578793,22258.921956578793,21134.732571868462,1.0972823916875991,corporate-actions-v2,blocked_unresolved_material_event,False
2020-08-11,GDT,21036.814453125,21036.814453125,20217.19921875,20558.705078125,13622.4658203125,9794.0,201351957.53515625,finance_datareader_yahoo_hose,https://github.com/FinanceData/FinanceDataReader,2026-07-30T05:45:20.051901+00:00,2020-08-12,509782d3b53524076300fe8eb3a36ba41477b04c9ba66ac4c580e5f108578959,finance-datareader-yahoo-hose-v2-business-day,real,VN000000GDT5,,-0.024311167970884062,0.008375366428154729,-0.024311167970884062,,no_event_raw_close,23629.31125327677,24178.830067426465,24178.830067426465,23236.798776672596,1.1493579563247383,corporate-actions-v2,blocked_unresolved_material_event,False
2020-11-10,GDT,25305.6484375,25886.208984375,25305.6484375,25817.908203125,18038.287109375,13894.0,358714016.57421875,finance_datareader_yahoo_hose,https://github.com/FinanceData/FinanceDataReader,2026-07-30T05:45:20.051901+00:00,2020-11-11,509782d3b53524076300fe8eb3a36ba41477b04c9ba66ac4c580e5f108578959,finance-datareader-yahoo-hose-v2-business-day,real,VN000000GDT5,,-0.024516147790563103,0.02857125356106316,-0.024516147790563103,,no_event_raw_close,31916.37846252988,31283.117377929873,32000.812629950058,31283.117377929873,1.2362108584252662,corporate-actions-v2,blocked_unresolved_material_event,False
2021-09-17,GDT,39273.2734375,39409.875,38931.765625,39204.97265625,28347.552734375,80086.0,3139769440.1484375,finance_datareader_yahoo_hose,https://github.com/FinanceData/FinanceDataReader,2026-07-30T05:45:20.051901+00:00,2021-09-18,509782d3b53524076300fe8eb3a36ba41477b04c9ba66ac4c580e5f108578959,finance-datareader-yahoo-hose-v2-business-day,real,VN000000GDT5,,-0.03204049575785406,0.0017452268363515877,-0.03204049575785406,,no_event_raw_close,50858.81700124209,50947.42047930323,51124.62743542551,50504.39802159816,1.2972542398428188,corporate-actions-v2,blocked_unresolved_material_event,False
2021-11-17,GDT,42210.23046875,43029.84765625,41663.8203125,42961.546875,32069.080078125,73351.0,3151272424.828125,finance_datareader_yahoo_hose,https://github.com/FinanceData/FinanceDataReader,2026-07-30T05:45:20.051901+00:00,2021-11-18,509782d3b53524076300fe8eb3a36ba41477b04c9ba66ac4c580e5f108578959,finance-datareader-yahoo-hose-v2-business-day,real,VN000000GDT5,,-0.014106556376295099,0.017799404607857783,-0.014106556376295099,,no_event_raw_close,58289.957733347954,57270.57633881609,58382.62780558257,56529.210460963615,1.356793737035288,corporate-actions-v2,blocked_unresolved_material_event,False
2022-05-17,GDT,37190.08203125,37190.08203125,35048.8359375,35161.53125,26811.123046875,3593.0,126335381.78125,finance_datareader_yahoo_hose,https://github.com/FinanceData/FinanceDataReader,2026-07-30T05:45:20.051901+00:00,2022-05-18,509782d3b53524076300fe8eb3a36ba41477b04c9ba66ac4c580e5f108578959,finance-datareader-yahoo-hose-v2-business-day,real,VN000000GDT5,,-0.014736884505540115,0.006451503636440092,-0.014736884505540115,,no_event_raw_close,49043.744209005294,51873.19224763708,51873.19224763708,48886.55537554674,1.3948125256634065,corporate-actions-v2,blocked_unresolved_material_event,False
2022-12-15,GDT,26296.017578125,26296.017578125,25469.572265625,26296.017578125,20624.763671875,87313.0,2295984182.798828,finance_datareader_yahoo_hose,https://github.com/FinanceData/FinanceDataReader,2026-07-30T05:45:20.051901+00:00,2022-12-16,509782d3b53524076300fe8eb3a36ba41477b04c9ba66ac4c580e5f108578959,finance-datareader-yahoo-hose-v2-business-day,real,VN000000GDT5,,-0.02642562539405413,0.0014306587146850624,-0.02642562539405413,,no_event_raw_close,38035.96842539911,38035.96842539911,38035.96842539911,36840.55365515197,1.4464535670618155,corporate-actions-v2,blocked_unresolved_material_event,False
2023-04-14,GDT,24090.908203125,24297.521484375,22396.693359375,23966.94140625,19443.9765625,68123.0,1632699949.4179688,finance_datareader_yahoo_hose,https://github.com/FinanceData/FinanceDataReader,2026-07-30T05:45:20.051901+00:00,2023-04-15,509782d3b53524076300fe8eb3a36ba41477b04c9ba66ac4c580e5f108578959,finance-datareader-yahoo-hose-v2-business-day,real,VN000000GDT5,,-0.036544885973250674,-0.0034364584527277753,-0.036544885973250674,,no_event_raw_close,39666.72707252179,39871.899564678555,40213.856950812304,37067.87227266368,1.6550600429213578,corporate-actions-v2,blocked_unresolved_material_event,False
2023-06-01,GDT,23925.619140625,24545.455078125,23842.974609375,24297.521484375,20395.435546875,34485.0,837900028.3886719,finance_datareader_yahoo_hose,https://github.com/FinanceData/FinanceDataReader,2026-07-30T05:45:20.051901+00:00,2023-06-02,509782d3b53524076300fe8eb3a36ba41477b04c9ba66ac4c580e5f108578959,finance-datareader-yahoo-hose-v2-business-day,real,VN000000GDT5,,-0.015075358981228693,0.0190642044439846,-0.015075358981228693,,no_event_raw_close,41843.96636945111,41203.494905124906,42270.94510328632,41061.168660513176,1.7221495779460345,corporate-actions-v2,blocked_unresolved_material_event,False
2024-01-17,GDT,19545.455078125,19669.421875,19421.48828125,19628.099609375,17171.08984375,10406.0,204250004.53515625,finance_datareader_yahoo_hose,https://github.com/FinanceData/FinanceDataReader,2026-07-30T05:45:20.051901+00:00,2024-01-18,509782d3b53524076300fe8eb3a36ba41477b04c9ba66ac4c580e5f108578959,finance-datareader-yahoo-hose-v2-business-day,real,VN000000GDT5,,-0.038461494301813004,0.0021096329799421554,-0.038461494301813004,,no_event_raw_close,35458.4365899349,35309.13808783064,35533.085840987034,35085.19033467423,1.806513992470205,corporate-actions-v2,blocked_unresolved_material_event,False
2024-12-20,GDT,24090.908203125,24500.0,23681.818359375,23863.63671875,21664.220703125,58740.0,1401750020.859375,finance_datareader_yahoo_hose,https://github.com/FinanceData/FinanceDataReader,2026-07-30T05:45:20.051901+00:00,2024-12-21,509782d3b53524076300fe8eb3a36ba41477b04c9ba66ac4c580e5f108578959,finance-datareader-yahoo-hose-v2-business-day,real,VN000000GDT5,,-0.045454531249999985,-0.009433974059004924,-0.045454531249999985,,no_event_raw_close,49317.832728333015,49787.523797738184,50632.97418095501,48942.07745095105,2.066652007385919,corporate-actions-v2,blocked_unresolved_material_event,False
2025-06-17,GDT,19090.908203125,19090.908203125,18863.63671875,19090.908203125,18168.640625,11220.0,214199990.0390625,finance_datareader_yahoo_hose,https://github.com/FinanceData/FinanceDataReader,2026-07-30T05:45:20.051901+00:00,2025-06-18,509782d3b53524076300fe8eb3a36ba41477b04c9ba66ac4c580e5f108578959,finance-datareader-yahoo-hose-v2-business-day,real,VN000000GDT5,,-0.032258144359945895,0.014492684079117524,-0.032258144359945895,,no_event_raw_close,39454.26376080854,39454.26376080854,39454.26376080854,38984.57269140337,2.0666520073859167,corporate-actions-v2,blocked_unresolved_material_event,False
2024-12-30,GEE,16023.8095703125,16023.8095703125,15476.1904296875,15976.1904296875,14933.78515625,218190.0,3485844989.8535156,finance_datareader_yahoo_hose,https://github.com/FinanceData/FinanceDataReader,2026-07-30T05:38:49.271504+00:00,2024-12-31,29838fd4e724e4456446a737ac78c900803d254acc7d27f517da172d187db9ba,finance-datareader-yahoo-hose-v2-business-day,real,VN000000GEE5,,-0.031746034564393955,-0.0029717476640681584,-0.031746034564393955,,no_event_raw_close,16944.44439512309,16994.949544270818,16994.949544270818,16414.14136482006,1.0606060606060597,corporate-actions-v2,blocked_unresolved_material_event,False
2025-04-24,GEE,42857.14453125,42857.14453125,39523.80859375,39761.90625,38042.07421875,1415190.0,56270652105.9375,finance_datareader_yahoo_hose,https://github.com/FinanceData/FinanceDataReader,2026-07-30T05:38:49.271504+00:00,2025-04-25,d5bcd9a8f41ad8ec2ea9320e9aa16be015648f555fe171a3049c0e24de108550,finance-datareader-yahoo-hose-v2-business-day,real,VN000000GEE5,,-0.04022982328205338,-0.01764696151332934,-0.04022982328205338,,no_event_raw_close,44207.59488243197,47648.90474171708,47648.90474171708,43942.876066795296,1.1118077338767423,corporate-actions-v2,blocked_unresolved_material_event,False
2025-08-21,GEE,72571.4296875,72571.4296875,69600.0,71028.5703125,69593.8515625,1620850.0,115126658191.01562,finance_datareader_yahoo_hose,https://github.com/FinanceData/FinanceDataReader,2026-07-30T05:38:49.271504+00:00,2025-08-22,d5bcd9a8f41ad8ec2ea9320e9aa16be015648f555fe171a3049c0e24de108550,finance-datareader-yahoo-hose-v2-business-day,real,VN000000GEE5,,-0.025098024665993424,-0.001606416070392247,-0.025098024665993424,,no_event_raw_close,82221.82446748963,84007.82004857971,84007.82004857971,80568.1285398219,1.1575880537330734,corporate-actions-v2,blocked_unresolved_material_event,False
2021-08-24,GEG,13344.8212890625,13461.8818359375,12915.6025390625,12954.6220703125,12954.6220703125,824637.0,10682860680.19629,finance_datareader_yahoo_hose,https://github.com/FinanceData/FinanceDataReader,2026-07-30T05:41:20.419574+00:00,2021-08-25,bd6353be797e460471291e6906f1bd001ab0ce7fe8a89a49f0c2d1fac4f6f1ef,finance-datareader-yahoo-hose-v2-business-day,real,VN000000GEG0,,0.006636400239852902,0.031013649714731972,0.006636400239852902,,no_event_raw_close,13875.461513220942,14293.396842624486,14418.778278228303,13833.668398671962,1.071081922568678,corporate-actions-v2,blocked_unresolved_material_event,False
2022-07-14,GEX,13587.3017578125,13650.7939453125,13238.095703125,13238.095703125,12784.0859375,11775802.0,155889193857.05078,finance_datareader_yahoo_hose,https://github.com/FinanceData/FinanceDataReader,2026-07-30T05:39:00.701252+00:00,2022-07-15,d4ad95e6479bef7bb900cee0397fc4091c754060f76ebad2c216b02f9ca081e4,finance-datareader-yahoo-hose-v2-business-day,real,VN000000GEX5,,0.017073204037078016,0.042500005176304034,0.017073204037078016,,no_event_raw_close,14983.82921260649,15379.085751068471,15450.950777214959,14983.829212606488,1.1318719511197814,corporate-actions-v2,blocked_unresolved_material_event,False
2025-04-28,GEX,16666.666015625,16888.888671875,16507.935546875,16857.142578125,16588.501953125,13341667.0,224902382848.86523,finance_datareader_yahoo_hose,https://github.com/FinanceData/FinanceDataReader,2026-07-30T05:39:00.701252+00:00,2025-04-29,08095119370818ab130165e60c1204c294c065fdaf9651b97e6e5dba77c5ee4c,finance-datareader-yahoo-hose-v2-business-day,real,VN000000GEX5,,-0.009328376411409045,0.009505739576848082,-0.009328376411409045,,no_event_raw_close,19640.783571961798,19418.8533769566,19677.771937796,19233.9115477856,1.1651312481303353,corporate-actions-v2,blocked_unresolved_material_event,False
2025-09-11,GEX,33666.66796875,34933.33203125,32800.0,34466.66796875,34466.66796875,10193550.0,351337703272.85156,finance_datareader_yahoo_hose,https://github.com/FinanceData/FinanceDataReader,2026-07-30T05:39:00.701252+00:00,2025-09-12,d4ad95e6479bef7bb900cee0397fc4091c754060f76ebad2c216b02f9ca081e4,finance-datareader-yahoo-hose-v2-business-day,real,VN000000GEX5,,0.029880476925093546,0.04655866123492358,0.029880476925093546,,no_event_raw_close,43174.05604021374,42171.950328588624,43758.614443265535,41086.33417662998,1.2526321395314017,corporate-actions-v2,blocked_unresolved_material_event,False
2020-08-19,GIL,14807.8134765625,14807.8134765625,14429.7412109375,14650.283203125,14281.4111328125,441328.0,6465580185.46875,finance_datareader_yahoo_hose,https://github.com/FinanceData/FinanceDataReader,2026-07-30T05:44:26.758015+00:00,2020-08-20,4a56b52b6c471da746bb62eb852390fc7a319aaeb358be33a4849fa72e89f5ad,finance-datareader-yahoo-hose-v2-business-day,real,VN000000GIL1,,-0.0490797487680954,-0.007143206299246807,-0.0490797487680954,,no_event_raw_close,16076.663579972857,16249.531310555405,16249.531310555405,15834.64918581431,1.0973619661184162,corporate-actions-v2,blocked_unresolved_material_event,False
2021-06-17,GIL,37807.18359375,37807.18359375,36862.00390625,37177.0625,36656.0859375,363423.0,13510999584.9375,finance_datareader_yahoo_hose,https://github.com/FinanceData/FinanceDataReader,2026-07-30T05:44:26.758015+00:00,2021-06-18,4a56b52b6c471da746bb62eb852390fc7a319aaeb358be33a4849fa72e89f5ad,finance-datareader-yahoo-hose-v2-business-day,real,VN000000GIL1,,-0.02960524739421233,-0.018490820379669204,-0.02960524739421233,,no_event_raw_close,41861.56869313772,42571.08837213362,42571.08837213362,41506.81105286883,1.1260052806253242,corporate-actions-v2,blocked_unresolved_material_event,False
2022-08-15,GIL,48260.87109375,48434.78125,47304.34765625,48347.82421875,48347.82421875,481620.0,23285279100.234375,finance_datareader_yahoo_hose,https://github.com/FinanceData/FinanceDataReader,2026-07-30T05:44:26.758015+00:00,2022-08-16,9962c3005ccecb78f4b5031e6010f4f55deaabeb94ecf3aba15a31e78e417299,finance-datareader-yahoo-hose-v2-business-day,real,VN000000GIL1,,0.13168137259115098,0.1477655094556094,0.13168137259115098,,no_event_raw_close,66857.02149429634,66736.7797452402,66977.2686450483,65414.06648866442,1.3828341311038397,corporate-actions-v2,blocked_unresolved_material_event,False
2020-09-04,GMD,22700.0,22750.0,22250.0,22750.0,19513.62890625,956750.0,21766062500.0,finance_datareader_yahoo_hose,https://github.com/FinanceData/FinanceDataReader,2026-07-30T05:38:56.074963+00:00,2020-09-05,96f9dbc9a630f1eeb7614cdcb184c16e3d29c7d519931c0d9b2c16297d874abf,finance-datareader-yahoo-hose-v2-business-day,real,VN000000GMD0,,-0.010869565217391353,0.02716603639389592,-0.010869565217391353,,no_event_raw_close,23739.13043478259,23686.95652173911,23739.130434782586,23217.391304347806,1.0434782608695643,corporate-actions-v2,blocked_unresolved_material_event,False
2021-08-16,GMD,47150.0,49000.0,46000.0,49000.0,42937.9140625,4997000.0,244853000000.0,finance_datareader_yahoo_hose,https://github.com/FinanceData/FinanceDataReader,2026-07-30T05:38:56.074963+00:00,2021-08-17,6685100a845946cab69dec1f3274e36e9dd5a72fd7d40e8e2a3788f3dcee04cb,finance-datareader-yahoo-hose-v2-business-day,real,VN000000GMD0,,0.01449275362318847,0.036423250354899794,0.01449275362318847,,no_event_raw_close,52400.75614366727,50422.36024844718,52400.75614366727,49192.54658385091,1.0694031866054545,corporate-actions-v2,blocked_unresolved_material_event,False
2022-10-10,GMD,47000.0,48300.0,45800.0,47450.0,42465.3984375,1246200.0,59132190000.0,finance_datareader_yahoo_hose,https://github.com/FinanceData/FinanceDataReader,2026-07-30T05:38:56.074963+00:00,2022-10-11,6685100a845946cab69dec1f3274e36e9dd5a72fd7d40e8e2a3788f3dcee04cb,finance-datareader-yahoo-hose-v2-business-day,real,VN000000GMD0,,-0.031632653061224536,-0.01100462459150231,-0.031632653061224536,,no_event_raw_close,51985.871356374024,51492.85466279408,52917.12511091391,50178.14347991423,1.095592652399874,corporate-actions-v2,blocked_unresolved_material_event,False
2023-09-22,GMD,64300.0,65100.0,63700.0,65000.0,59710.4921875,1508800.0,98072000000.0,finance_datareader_yahoo_hose,https://github.com/FinanceData/FinanceDataReader,2026-07-30T05:38:56.074963+00:00,2023-09-23,96f9dbc9a630f1eeb7614cdcb184c16e3d29c7d519931c0d9b2c16297d874abf,finance-datareader-yahoo-hose-v2-business-day,real,VN000000GMD0,,-0.016641452344931973,0.009369522993736057,-0.016641452344931973,,no_event_raw_close,73368.24320496281,72578.12366275552,73481.11742527815,71900.87834086356,1.1287422031532741,corporate-actions-v2,blocked_unresolved_material_event,False
2024-07-16,GMD,82500.0,82500.0,81200.0,81300.0,76387.953125,850000.0,69105000000.0,finance_datareader_yahoo_hose,https://github.com/FinanceData/FinanceDataReader,2026-07-30T05:38:56.074963+00:00,2024-07-17,96f9dbc9a630f1eeb7614cdcb184c16e3d29c7d519931c0d9b2c16297d874abf,finance-datareader-yahoo-hose-v2-business-day,real,VN000000GMD0,,-0.03214285714285714,-0.010061320027854537,-0.03214285714285714,,no_event_raw_close,94170.15576464677,95560.12116338694,95560.12116338694,94054.32531475175,1.1583044989501448,corporate-actions-v2,blocked_unresolved_material_event,False
2025-07-10,GMD,60500.0,62200.0,60000.0,62100.0,60346.21484375,4332500.0,269048250000.0,finance_datareader_yahoo_hose,https://github.com/FinanceData/FinanceDataReader,2026-07-30T05:38:56.074963+00:00,2025-07-11,96f9dbc9a630f1eeb7614cdcb184c16e3d29c7d519931c0d9b2c16297d874abf,finance-datareader-yahoo-hose-v2-business-day,real,VN000000GMD0,,0.0281456953642385,0.06335617652340653,0.0281456953642385,,no_event_raw_close,74312.5209538371,72397.86662974468,74432.18684909288,71799.5371534658,1.1966589525577633,corporate-actions-v2,blocked_unresolved_material_event,False
2022-03-25,GMH,23200.0,23600.0,21600.0,22850.0,15047.38671875,379900.0,8680715000.0,finance_datareader_yahoo_hose,https://github.com/FinanceData/FinanceDataReader,2026-07-30T05:57:07.946172+00:00,2022-03-26,9fb2886b6bd5a5fd328dd87525fc00c63399f154df61cd9f94419071659c4b51,finance-datareader-yahoo-hose-v2-business-day,real,VN000000GMH1,,-0.05578512396694213,-0.015086031942905587,-0.05578512396694213,,no_event_raw_close,22849.999999999996,23199.999999999996,23599.999999999996,21599.999999999996,0.9999999999999999,corporate-actions-v2,blocked_unresolved_material_event,False
2022-05-11,GMH,19500.0,20800.0,19250.0,20550.0,13940.791015625,228500.0,4695675000.0,finance_datareader_yahoo_hose,https://github.com/FinanceData/FinanceDataReader,2026-07-30T05:57:07.946172+00:00,2022-05-12,9fb2886b6bd5a5fd328dd87525fc00c63399f154df61cd9f94419071659c4b51,finance-datareader-yahoo-hose-v2-business-day,real,VN000000GMH1,,0.0024390243902439046,0.03266306376064376,0.0024390243902439046,,no_event_raw_close,21151.46341463415,20070.731707317074,21408.780487804877,19813.414634146342,1.0292682926829269,corporate-actions-v2,blocked_unresolved_material_event,False
2022-11-08,GMH,12950.0,12950.0,12800.0,12800.0,9314.8291015625,1800.0,23040000.0,finance_datareader_yahoo_hose,https://github.com/FinanceData/FinanceDataReader,2026-07-30T05:57:07.946172+00:00,2022-11-09,9fb2886b6bd5a5fd328dd87525fc00c63399f154df61cd9f94419071659c4b51,finance-datareader-yahoo-hose-v2-business-day,real,VN000000GMH1,,-0.1322033898305085,-0.06909090802622442,-0.1322033898305085,,no_event_raw_close,14067.829681686648,14232.687060768912,14232.687060768912,14067.829681686646,1.0990491938817692,corporate-actions-v2,blocked_unresolved_material_event,False
2023-05-18,GMH,10200.0,10200.0,9500.0,9500.0,7275.3046875,8100.0,76950000.0,finance_datareader_yahoo_hose,https://github.com/FinanceData/FinanceDataReader,2026-07-30T05:57:07.946172+00:00,2023-05-19,9fb2886b6bd5a5fd328dd87525fc00c63399f154df61cd9f94419071659c4b51,finance-datareader-yahoo-hose-v2-business-day,real,VN000000GMH1,,-0.05472636815920395,-0.005235726532999974,-0.05472636815920395,,no_event_raw_close,10960.41845341296,11768.028234190757,11768.028234190757,10960.41845341296,1.1537282582539958,corporate-actions-v2,blocked_unresolved_material_event,False
2024-03-25,GMH,10300.0,10300.0,9900.0,10100.0,8485.7490234375,93100.0,940310000.0,finance_datareader_yahoo_hose,https://github.com/FinanceData/FinanceDataReader,2026-07-30T05:57:07.946172+00:00,2024-03-26,1f43fa9693d9c67021300e79a38168e8a4e3f989bd69a86b9af5fb377c2188a1,finance-datareader-yahoo-hose-v2-business-day,real,VN000000GMH1,,-0.10619469026548678,-0.01941764554798775,-0.10619469026548678,,no_event_raw_close,12683.863851583521,12935.029472406957,12935.029472406957,12432.698230760087,1.2558281041171804,corporate-actions-v2,blocked_unresolved_material_event,False
2025-04-17,GMH,7450.0,7560.0,7000.0,7560.0,6664.82177734375,2400.0,18144000.0,finance_datareader_yahoo_hose,https://github.com/FinanceData/FinanceDataReader,2026-07-30T05:57:07.946172+00:00,2025-04-18,9fb2886b6bd5a5fd328dd87525fc00c63399f154df61cd9f94419071659c4b51,finance-datareader-yahoo-hose-v2-business-day,real,VN000000GMH1,,0.014765100671140896,0.0647886926207426,0.014765100671140896,,no_event_raw_close,9940.090153500936,9795.459212114018,9940.090153500936,9203.787179167533,1.3148267398810762,corporate-actions-v2,blocked_unresolved_material_event,False
2020-07-24,GSP,8009.6572265625,8009.6572265625,7592.091796875,7781.89404296875,6132.49609375,7349.0,57189139.321777344,finance_datareader_yahoo_hose,https://github.com/FinanceData/FinanceDataReader,2026-07-30T05:44:06.979007+00:00,2020-07-25,1d85853019ccaa66287e1063cb1df2786ae168ca9e20ab7b1f34077a1d49ae5f,finance-datareader-yahoo-hose-v2-business-day,real,VN000000GSP1,,-0.11637938251695934,-0.004854437397598166,-0.11637938251695934,,no_event_raw_close,8930.600845696694,9191.984779837865,9191.984779837865,8712.781367543876,1.1476127529345952,corporate-actions-v2,blocked_unresolved_material_event,False
2021-04-30,GSP,9300.3125,9641.95703125,9110.5107421875,9110.5107421875,8034.2109375,6533.0,59518966.67871094,finance_datareader_yahoo_hose,https://github.com/FinanceData/FinanceDataReader,2026-07-30T05:44:06.979007+00:00,2021-05-01,1d85853019ccaa66287e1063cb1df2786ae168ca9e20ab7b1f34077a1d49ae5f,finance-datareader-yahoo-hose-v2-business-day,real,VN000000GSP1,,-0.14893612945213386,-0.047618981469101374,-0.14893612945213386,,no_event_raw_close,11920.375940585938,12168.716387278151,12615.730980179824,11920.375940585938,1.3084201619330695,corporate-actions-v2,blocked_unresolved_material_event,False
2023-08-31,GSP,9380.1650390625,9462.8095703125,9297.5205078125,9338.8427734375,8961.1689453125,131769.0,1230569973.413086,finance_datareader_yahoo_hose,https://github.com/FinanceData/FinanceDataReader,2026-07-30T05:44:06.979007+00:00,2023-09-01,1d85853019ccaa66287e1063cb1df2786ae168ca9e20ab7b1f34077a1d49ae5f,finance-datareader-yahoo-hose-v2-business-day,real,VN000000GSP1,,-0.08502024097814964,-0.004405305939996773,-0.08502024097814964,,no_event_raw_close,13416.308138353452,13475.672265371068,13594.400519406301,13356.944011335836,1.4366135573578238,corporate-actions-v2,blocked_unresolved_material_event,False
2025-08-14,GSP,13650.0,13850.0,13600.0,13650.0,13650.0,594300.0,8112195000.0,finance_datareader_yahoo_hose,https://github.com/FinanceData/FinanceDataReader,2026-07-30T05:44:06.979007+00:00,2025-08-15,1d85853019ccaa66287e1063cb1df2786ae168ca9e20ab7b1f34077a1d49ae5f,finance-datareader-yahoo-hose-v2-business-day,real,VN000000GSP1,,0.10404408593623371,0.15057467820358372,0.10404408593623371,,no_event_raw_close,24600.17440607768,24600.17440607768,24960.616521917644,24510.06387711769,1.80221057919983,corporate-actions-v2,blocked_unresolved_material_event,False
2020-05-22,GTA,11200.0,11650.0,11200.0,11300.0,8600.2958984375,2060.0,23278000.0,finance_datareader_yahoo_hose,https://github.com/FinanceData/FinanceDataReader,2026-07-30T05:57:12.414230+00:00,2020-05-23,b876fabb8037afb1f4215bb19ebdd670c19ac99ef1a7aca2520d922660f418cd,finance-datareader-yahoo-hose-v2-business-day,real,VN000000GTA1,,-0.13076923076923075,-0.042372868454761514,-0.13076923076923075,,no_event_raw_close,12343.076923076931,12233.846153846163,12725.384615384624,12233.846153846163,1.092307692307693,corporate-actions-v2,candidate_no_known_unresolved_event,False
2021-05-21,GTA,13800.0,15000.0,13800.0,14050.0,11575.208984375,610.0,8570500.0,finance_datareader_yahoo_hose,https://github.com/FinanceData/FinanceDataReader,2026-07-30T05:57:12.414230+00:00,2021-05-22,b876fabb8037afb1f4215bb19ebdd670c19ac99ef1a7aca2520d922660f418cd,finance-datareader-yahoo-hose-v2-business-day,real,VN000000GTA1,,-0.10793650793650789,-0.03436422617374135,-0.10793650793650789,,no_event_raw_close,16516.21245421248,16222.329670329695,17632.96703296706,16222.329670329695,1.1755311355311373,corporate-actions-v2,candidate_no_known_unresolved_event,False
2022-06-09,GTA,14500.0,15000.0,14500.0,15000.0,13082.3017578125,18300.0,274500000.0,finance_datareader_yahoo_hose,https://github.com/FinanceData/FinanceDataReader,2026-07-30T05:57:12.414230+00:00,2022-06-10,b876fabb8037afb1f4215bb19ebdd670c19ac99ef1a7aca2520d922660f418cd,finance-datareader-yahoo-hose-v2-business-day,real,VN000000GTA1,,-0.0228013029315961,0.034482793237297305,-0.0228013029315961,,no_event_raw_close,18609.385402870754,17989.072556108393,18609.385402870754,17989.072556108393,1.2406256935247169,corporate-actions-v2,candidate_no_known_unresolved_event,False
2023-08-10,GTA,16800.0,16800.0,16800.0,16800.0,15241.8935546875,0.0,0.0,finance_datareader_yahoo_hose,https://github.com/FinanceData/FinanceDataReader,2026-07-30T05:57:12.414230+00:00,2023-08-11,b876fabb8037afb1f4215bb19ebdd670c19ac99ef1a7aca2520d922660f418cd,finance-datareader-yahoo-hose-v2-business-day,real,VN000000GTA1,,0.0,0.04024765676497277,0.0,,no_event_raw_close,21648.918352006312,21648.918352006312,21648.918352006312,21648.918352006312,1.2886260923813282,corporate-actions-v2,candidate_no_known_unresolved_event,False
2024-06-18,GTA,11850.0,11850.0,11250.0,11250.0,10701.2197265625,7000.0,78750000.0,finance_datareader_yahoo_hose,https://github.com/FinanceData/FinanceDataReader,2026-07-30T05:57:12.414230+00:00,2024-06-19,b876fabb8037afb1f4215bb19ebdd670c19ac99ef1a7aca2520d922660f418cd,finance-datareader-yahoo-hose-v2-business-day,real,VN000000GTA1,,-0.054621848739495826,-0.008810583445962528,-0.054621848739495826,,no_event_raw_close,15167.074963374776,15975.985628088098,15975.985628088098,15167.074963374776,1.348184441188869,corporate-actions-v2,candidate_no_known_unresolved_event,False
2025-08-18,GTA,10250.0,10450.0,10250.0,10300.0,10300.0,1900.0,19570000.0,finance_datareader_yahoo_hose,https://github.com/FinanceData/FinanceDataReader,2026-07-30T05:57:12.414230+00:00,2025-08-19,c44069cc62908e7f39c5f88ec410a02bfc00b81b3b290a4b62f16be0f7da0097,finance-datareader-yahoo-hose-v2-business-day,real,VN000000GTA1,,0.004878048780487809,0.05641025641025643,0.004878048780487809,,no_event_raw_close,14563.680219574402,14492.982742780352,14775.772649956554,14492.982742780352,1.41394953588101,corporate-actions-v2,candidate_no_known_unresolved_event,False
2020-09-23,GVR,12350.0,12350.0,12150.0,12250.0,11267.705078125,1392490.0,17058002500.0,finance_datareader_yahoo_hose,https://github.com/FinanceData/FinanceDataReader,2026-07-30T05:38:31.997855+00:00,2020-09-24,ba69c2a14b79d618a0daf41258d527292c7e10c9c23f61c39f0bd785e7575ab8,finance-datareader-yahoo-hose-v2-business-day,real,VN000000GVR1,,-0.046692607003890996,0.0,-0.046692607003890996,,no_event_raw_close,12821.984435797658,12926.653696498048,12926.653696498048,12717.315175097268,1.0466926070038904,corporate-actions-v2,candidate_no_known_unresolved_event,False
2021-10-14,GVR,37700.0,37700.0,37250.0,37500.0,35049.3125,2503600.0,93885000000.0,finance_datareader_yahoo_hose,https://github.com/FinanceData/FinanceDataReader,2026-07-30T05:38:31.997855+00:00,2021-10-15,ba69c2a14b79d618a0daf41258d527292c7e10c9c23f61c39f0bd785e7575ab8,finance-datareader-yahoo-hose-v2-business-day,real,VN000000GVR1,,-0.007936507936507908,0.008064517035071939,-0.007936507936507908,,no_event_raw_close,39874.00407633863,40086.66543141244,40086.66543141244,39608.177382496375,1.0633067753690302,corporate-actions-v2,candidate_no_known_unresolved_event,False
2022-10-13,GVR,14650.0,16400.0,14650.0,15950.0,15306.083984375,1459700.0,23282215000.0,finance_datareader_yahoo_hose,https://github.com/FinanceData/FinanceDataReader,2026-07-30T05:38:31.997855+00:00,2022-10-14,ba69c2a14b79d618a0daf41258d527292c7e10c9c23f61c39f0bd785e7575ab8,finance-datareader-yahoo-hose-v2-business-day,real,VN000000GVR1,,0.012698412698412653,0.039765270125901475,0.012698412698412653,,no_event_raw_close,17401.2347914234,15982.952331934346,17892.178719708074,15982.952331934346,1.0909865072992728,corporate-actions-v2,candidate_no_known_unresolved_event,False
2023-11-17,GVR,19700.0,19700.0,19400.0,19700.0,19244.0078125,936200.0,18443140000.0,finance_datareader_yahoo_hose,https://github.com/FinanceData/FinanceDataReader,2026-07-30T05:38:31.997855+00:00,2023-11-18,ba69c2a14b79d618a0daf41258d527292c7e10c9c23f61c39f0bd785e7575ab8,finance-datareader-yahoo-hose-v2-business-day,real,VN000000GVR1,,-0.007556675062972307,0.010256330858617213,-0.007556675062972307,,no_event_raw_close,21871.39399066362,21871.39399066362,21871.39399066362,21538.327077100214,1.1102230452113513,corporate-actions-v2,candidate_no_known_unresolved_event,False
2025-11-14,GVR,28200.0,29100.0,28200.0,28500.0,28500.0,3905600.0,111309600000.0,finance_datareader_yahoo_hose,https://github.com/FinanceData/FinanceDataReader,2026-07-30T05:38:31.997855+00:00,2025-11-15,ba69c2a14b79d618a0daf41258d527292c7e10c9c23f61c39f0bd785e7575ab8,finance-datareader-yahoo-hose-v2-business-day,real,VN000000GVR1,,0.0017574692442883233,0.016042780748663166,0.0017574692442883233,,no_event_raw_close,32381.95206942567,32041.0894160633,33063.67737615042,32041.0894160633,1.1362088445412517,corporate-actions-v2,candidate_no_known_unresolved_event,False
2020-06-30,HAH,3376.333740234375,3392.260009765625,3153.368408203125,3185.220458984375,2879.044921875,354606.0,1129498286.0786133,finance_datareader_yahoo_hose,https://github.com/FinanceData/FinanceDataReader,2026-07-30T05:40:18.563110+00:00,2020-07-01,1c6265d8dc7773ab1868f31be43ac7fd1fce846c6dfe21abcaea2ac29f97e740,finance-datareader-yahoo-hose-v2-business-day,real,VN000000HAH4,,-0.13419914770133123,-0.05213275932469319,-0.13419914770133123,,no_event_raw_close,4051.0213112830415,4294.082658270571,4314.337977521191,4010.511293786778,1.2718181876097618,corporate-actions-v2,blocked_unresolved_material_event,False
2021-06-15,HAH,9730.8486328125,9810.4794921875,9555.662109375,9619.3662109375,8989.4521484375,7193222.0,69194236654.57227,finance_datareader_yahoo_hose,https://github.com/FinanceData/FinanceDataReader,2026-07-30T05:40:18.563110+00:00,2021-06-16,1c6265d8dc7773ab1868f31be43ac7fd1fce846c6dfe21abcaea2ac29f97e740,finance-datareader-yahoo-hose-v2-business-day,real,VN000000HAH4,,-0.009836067880830468,0.023728752109970053,-0.009836067880830468,,no_event_raw_close,13493.393397933487,13649.773365420673,13761.474124971824,13404.033612205883,1.4027320617642256,corporate-actions-v2,blocked_unresolved_material_event,False
2022-04-26,HAH,31036.7890625,32107.0234375,28896.3203125,28896.3203125,27393.423828125,2643907.0,76399183548.46094,finance_datareader_yahoo_hose,https://github.com/FinanceData/FinanceDataReader,2026-07-30T05:40:18.563110+00:00,2022-04-27,1c6265d8dc7773ab1868f31be43ac7fd1fce846c6dfe21abcaea2ac29f97e740,finance-datareader-yahoo-hose-v2-business-day,real,VN000000HAH4,,-0.07898477212976529,-0.06570548881912153,-0.07898477212976529,,no_event_raw_close,58039.2505466004,62338.455453139264,64488.05790640869,58039.2505466004,2.0085343019088047,corporate-actions-v2,blocked_unresolved_material_event,False
2025-08-08,HAH,61000.0,61000.0,58600.0,58700.0,56388.9765625,3784500.0,222150150000.0,finance_datareader_yahoo_hose,https://github.com/FinanceData/FinanceDataReader,2026-07-30T05:40:18.563110+00:00,2025-08-09,1c6265d8dc7773ab1868f31be43ac7fd1fce846c6dfe21abcaea2ac29f97e740,finance-datareader-yahoo-hose-v2-business-day,real,VN000000HAH4,,0.004078937046885889,0.01746659763066294,0.004078937046885889,,no_event_raw_close,267871.7647505633,278367.59198951215,278367.59198951215,267415.4244358264,4.563403147369051,corporate-actions-v2,blocked_unresolved_material_event,False
2020-06-24,HAP,2958.8876953125,2958.8876953125,2859.353271484375,2868.40185546875,2375.060302734375,185354.0,531669757.5185547,finance_datareader_yahoo_hose,https://github.com/FinanceData/FinanceDataReader,2026-07-30T05:43:58.558111+00:00,2020-06-25,6c44d73d1762e8e2b9882420257d18c237e25d0c986077552a14d5fadf6d92f9,finance-datareader-yahoo-hose-v2-business-day,real,VN000000HAP7,,-0.08908043905039931,-0.0031446054308179594,-0.08908043905039931,,no_event_raw_close,3141.6777237536276,3240.7842512474163,3240.7842512474163,3131.7670710042485,1.0952711238015216,corporate-actions-v2,blocked_unresolved_material_event,False
2021-09-13,HAP,12034.6201171875,12125.10546875,11763.162109375,11989.376953125,10380.259765625,459408.0,5508015687.28125,finance_datareader_yahoo_hose,https://github.com/FinanceData/FinanceDataReader,2026-07-30T05:43:58.558111+00:00,2021-09-14,73996a09dc24f4a6bd6866e5cb3ab53c4e63e31be64f81ed7f0318346a6ad767,finance-datareader-yahoo-hose-v2-business-day,real,VN000000HAP7,,-0.0363636649056035,0.007604583642836449,-0.0363636649056035,,no_event_raw_close,13764.88420013417,13816.827425925037,13920.712756325096,13505.16919236151,1.1480900345323106,corporate-actions-v2,blocked_unresolved_material_event,False
2022-06-20,HAP,7000.0,7350.0,6890.0,7000.0,6388.11181640625,294100.0,2058700000.0,finance_datareader_yahoo_hose,https://github.com/FinanceData/FinanceDataReader,2026-07-30T05:43:58.558111+00:00,2022-06-21,73996a09dc24f4a6bd6866e5cb3ab53c4e63e31be64f81ed7f0318346a6ad767,finance-datareader-yahoo-hose-v2-business-day,real,VN000000HAP7,,-0.10256410256410253,-0.05405401301650181,-0.10256410256410253,,no_event_raw_close,8448.765125917262,8448.765125917262,8871.203382213125,8315.998816795705,1.2069664465596088,corporate-actions-v2,blocked_unresolved_material_event,False
2023-07-28,HAP,5340.0,5400.0,5280.0,5300.0,5300.0,417800.0,2214340000.0,finance_datareader_yahoo_hose,https://github.com/FinanceData/FinanceDataReader,2026-07-30T05:43:58.558111+00:00,2023-07-29,6c44d73d1762e8e2b9882420257d18c237e25d0c986077552a14d5fadf6d92f9,finance-datareader-yahoo-hose-v2-business-day,real,VN000000HAP7,,-0.07342657342657344,0.015325670498084198,-0.07342657342657344,,no_event_raw_close,6956.093684839871,7008.5925051028125,7087.340735497227,6929.844274708399,1.3124705065735605,corporate-actions-v2,blocked_unresolved_material_event,False
2020-07-15,HAS,7320.0,7320.0,7000.0,7000.0,6530.20947265625,1010.0,7070000.0,finance_datareader_yahoo_hose,https://github.com/FinanceData/FinanceDataReader,2026-07-30T05:57:13.542760+00:00,2020-07-16,5da34c334ac6a0f750d85f756a9b59beae1c7a978fc710a574455f057d5220dd,finance-datareader-yahoo-hose-v2-business-day,real,VN000000HAS1,,-0.06040268456375841,0.021897739386322,-0.06040268456375841,,no_event_raw_close,7563.758389261742,7909.53020134228,7909.53020134228,7563.758389261742,1.0805369127516775,corporate-actions-v2,blocked_unresolved_material_event,False
2021-06-30,HAS,12700.0,13250.0,12700.0,13250.0,12652.7412109375,800.0,10600000.0,finance_datareader_yahoo_hose,https://github.com/FinanceData/FinanceDataReader,2026-07-30T05:57:13.542760+00:00,2021-07-01,5da34c334ac6a0f750d85f756a9b59beae1c7a978fc710a574455f057d5220dd,finance-datareader-yahoo-hose-v2-business-day,real,VN000000HAS1,,0.019230769230769162,0.043307160481062645,0.019230769230769162,,no_event_raw_close,14647.50903458956,14039.499225606596,14647.509034589559,14039.499225606596,1.1054723799690234,corporate-actions-v2,blocked_unresolved_material_event,False
2022-11-08,HAS,7500.0,7500.0,7500.0,7500.0,7299.65771484375,3400.0,25500000.0,finance_datareader_yahoo_hose,https://github.com/FinanceData/FinanceDataReader,2026-07-30T05:57:13.542760+00:00,2022-11-09,5da34c334ac6a0f750d85f756a9b59beae1c7a978fc710a574455f057d5220dd,finance-datareader-yahoo-hose-v2-business-day,real,VN000000HAS1,,-0.05660377358490565,-0.038461602779783055,-0.05660377358490565,,no_event_raw_close,8447.477620518011,8447.477620518011,8447.477620518011,8447.477620518011,1.1263303494024015,corporate-actions-v2,blocked_unresolved_material_event,False
2023-03-30,HAS,7500.0,7500.0,7500.0,7500.0,7448.63037109375,0.0,0.0,finance_datareader_yahoo_hose,https://github.com/FinanceData/FinanceDataReader,2026-07-30T05:57:13.542760+00:00,2023-03-31,5da34c334ac6a0f750d85f756a9b59beae1c7a978fc710a574455f057d5220dd,finance-datareader-yahoo-hose-v2-business-day,real,VN000000HAS1,,0.0,0.020408170090916222,0.0,,no_event_raw_close,8616.42717292837,8616.42717292837,8616.42717292837,8616.42717292837,1.1488569563904494,corporate-actions-v2,blocked_unresolved_material_event,False
2020-04-20,HAX,5672.24072265625,5672.24072265625,5565.21728515625,5618.72900390625,4900.13623046875,554514.0,3115663894.8720703,finance_datareader_yahoo_hose,https://github.com/FinanceData/FinanceDataReader,2026-07-30T05:43:52.278762+00:00,2020-04-21,a81bc546177e7f872cad3ce7f15c017d3b9c7c04cec16c007165287f2df4b5ac,finance-datareader-yahoo-hose-v2-business-day,real,VN000000HAX1,,-0.12133893992940414,-0.013681893734726835,-0.12133893992940414,,no_event_raw_close,6936.720594012146,7002.784616892774,7002.784616892774,6870.656571131518,1.23457112617277,corporate-actions-v2,blocked_unresolved_material_event,False
2022-07-22,HAX,15480.0,15480.0,14960.0,15040.0,13422.958984375,498375.0,7495560000.0,finance_datareader_yahoo_hose,https://github.com/FinanceData/FinanceDataReader,2026-07-30T05:43:52.278762+00:00,2022-07-23,5a6f0b2855a41c7a69c5320c65683f5127524590c65bc9a2443d2a66147e0759,finance-datareader-yahoo-hose-v2-business-day,real,VN000000HAX1,,-0.012785363365607427,0.010280374999549702,-0.012785363365607427,,no_event_raw_close,24138.33465893005,24844.509343100875,24844.509343100875,24009.939261808082,1.6049424640246044,corporate-actions-v2,blocked_unresolved_material_event,False
2023-06-22,HAX,15600.0,15600.0,15150.0,15400.0,14063.5537109375,966400.0,14882560000.0,finance_datareader_yahoo_hose,https://github.com/FinanceData/FinanceDataReader,2026-07-30T05:43:52.278762+00:00,2023-06-23,5a6f0b2855a41c7a69c5320c65683f5127524590c65bc9a2443d2a66147e0759,finance-datareader-yahoo-hose-v2-business-day,real,VN000000HAX1,,0.005221932114882533,0.02857480996182926,0.005221932114882533,,no_event_raw_close,31701.80411478361,32113.515856534046,32113.515856534046,31187.164437595562,2.0585587087521824,corporate-actions-v2,blocked_unresolved_material_event,False
2024-05-10,HAX,14600.0,14650.0,14000.0,14100.0,13150.5048828125,1451900.0,20471790000.0,finance_datareader_yahoo_hose,https://github.com/FinanceData/FinanceDataReader,2026-07-30T05:43:52.278762+00:00,2024-05-11,5a6f0b2855a41c7a69c5320c65683f5127524590c65bc9a2443d2a66147e0759,finance-datareader-yahoo-hose-v2-business-day,real,VN000000HAX1,,-0.02024171496785987,0.0006170393361832893,-0.02024171496785987,,no_event_raw_close,29630.74477844327,30681.480408884523,30786.553971928646,29420.59765235502,2.1014712608825015,corporate-actions-v2,blocked_unresolved_material_event,False
2025-05-09,HAX,14850.0,14900.0,14750.0,14900.0,14900.0,290000.0,4321000000.0,finance_datareader_yahoo_hose,https://github.com/FinanceData/FinanceDataReader,2026-07-30T05:43:52.278762+00:00,2025-05-10,5a6f0b2855a41c7a69c5320c65683f5127524590c65bc9a2443d2a66147e0759,finance-datareader-yahoo-hose-v2-business-day,real,VN000000HAX1,,0.0033670033670034627,0.07581227436823101,0.0033670033670034627,,no_event_raw_close,33420.46870884285,33308.31948498767,33420.46870884285,33084.021037277314,2.2429844771035468,corporate-actions-v2,blocked_unresolved_material_event,False
2023-09-06,HCD,6560.0,6720.0,6488.0,6624.0,6624.0,1209750.0,8013384000.0,finance_datareader_yahoo_hose,https://github.com/FinanceData/FinanceDataReader,2026-07-30T05:56:04.846293+00:00,2023-09-07,13cd97474bf2938fdb2170d49d95efea25f4e51db6d69fdb12e9ece2c096ce04,finance-datareader-yahoo-hose-v2-business-day,real,VN000000HCD9,,-0.008590057480932889,0.05454306314827684,-0.008590057480932889,,no_event_raw_close,8245.78497125953,8166.1155512473615,8365.289101277785,8076.487453733671,1.2448346876901466,corporate-actions-v2,blocked_unresolved_material_event,False
2020-07-10,HCM,9770.771484375,9846.7099609375,9720.1455078125,9770.771484375,8169.49755859375,3598128.0,35156486459.53125,finance_datareader_yahoo_hose,https://github.com/FinanceData/FinanceDataReader,2026-07-30T05:38:53.766141+00:00,2020-07-11,30711f2c17bf575891ea01091e20b59a4d98010fe3d0c6bb7f86265d448f09c2,finance-datareader-yahoo-hose-v2-business-day,real,VN000000HCM0,,-0.01781173181182194,0.010932193512332544,-0.01781173181182194,,no_event_raw_close,10458.303272106727,10458.303272106727,10539.585248579355,10404.114939365154,1.070366172091037,corporate-actions-v2,blocked_unresolved_material_event,False
2020-12-30,HCM,15795.2373046875,16200.2431640625,15440.8564453125,15871.17578125,13437.9951171875,8498460.0,134880552529.92188,finance_datareader_yahoo_hose,https://github.com/FinanceData/FinanceDataReader,2026-07-30T05:38:53.766141+00:00,2020-12-31,30711f2c17bf575891ea01091e20b59a4d98010fe3d0c6bb7f86265d448f09c2,finance-datareader-yahoo-hose-v2-business-day,real,VN000000HCM0,,-0.01877930303986064,-0.006367964634934942,-0.01877930303986064,,no_event_raw_close,17513.10238825141,17429.307820440117,17876.212900494465,17038.26506719918,1.103453369153731,corporate-actions-v2,blocked_unresolved_material_event,False
2021-05-12,HCM,16959.62890625,17288.697265625,16503.998046875,16503.998046875,14207.962890625,933378.0,15404468688.996094,finance_datareader_yahoo_hose,https://github.com/FinanceData/FinanceDataReader,2026-07-30T05:38:53.766141+00:00,2021-05-13,30711f2c17bf575891ea01091e20b59a4d98010fe3d0c6bb7f86265d448f09c2,finance-datareader-yahoo-hose-v2-business-day,real,VN000000HCM0,,-0.03834807554604458,-0.022233390247249574,-0.03834807554604458,,no_event_raw_close,18954.188888525132,19477.462906584657,19855.384899977755,18954.188888525132,1.1484604418087696,corporate-actions-v2,blocked_unresolved_material_event,False
2021-12-16,HCM,29834.392578125,30166.625,29369.26953125,29369.26953125,25945.10546875,4103162.0,120506870708.38281,finance_datareader_yahoo_hose,https://github.com/FinanceData/FinanceDataReader,2026-07-30T05:38:53.766141+00:00,2021-12-17,30711f2c17bf575891ea01091e20b59a4d98010fe3d0c6bb7f86265d448f09c2,finance-datareader-yahoo-hose-v2-business-day,real,VN000000HCM0,,-0.019955615661610193,-0.003326248870161086,-0.019955615661610193,,no_event_raw_close,34299.803287508024,34843.011520703054,35231.01935671408,34299.803287508024,1.1678807077926046,corporate-actions-v2,blocked_unresolved_material_event,False
2023-01-18,HCM,15581.6591796875,15880.66796875,15415.5439453125,15880.66796875,14272.025390625,7526527.0,119526276244.83203,finance_datareader_yahoo_hose,https://github.com/FinanceData/FinanceDataReader,2026-07-30T05:38:53.766141+00:00,2023-01-19,30711f2c17bf575891ea01091e20b59a4d98010fe3d0c6bb7f86265d448f09c2,finance-datareader-yahoo-hose-v2-business-day,real,VN000000HCM0,,0.019189791383211086,0.03683490580193349,0.019189791383211086,,no_event_raw_close,18546.72574756305,18197.51915135653,18546.72574756305,18003.516373859522,1.167880707792602,corporate-actions-v2,blocked_unresolved_material_event,False
2023-06-09,HCM,18073.396484375,18073.396484375,17276.041015625,17342.486328125,15814.8564453125,17880150.0,310086256919.8242,finance_datareader_yahoo_hose,https://github.com/FinanceData/FinanceDataReader,2026-07-30T05:38:53.766141+00:00,2023-06-10,30711f2c17bf575891ea01091e20b59a4d98010fe3d0c6bb7f86265d448f09c2,finance-datareader-yahoo-hose-v2-business-day,real,VN000000HCM0,,-0.052631640717231476,-0.03870665237921456,-0.052631640717231476,,no_event_raw_close,20807.16182276389,21684.09293928619,21684.09293928619,20727.442090345274,1.1997796295805687,corporate-actions-v2,blocked_unresolved_material_event,False
2024-07-16,HCM,26900.0,26900.0,26300.0,26500.0,25011.650390625,3350900.0,88798850000.0,finance_datareader_yahoo_hose,https://github.com/FinanceData/FinanceDataReader,2026-07-30T05:38:53.766141+00:00,2024-07-17,30711f2c17bf575891ea01091e20b59a4d98010fe3d0c6bb7f86265d448f09c2,finance-datareader-yahoo-hose-v2-business-day,real,VN000000HCM0,,-0.046762589928057596,-0.013394253541266332,-0.046762589928057596,,no_event_raw_close,31794.160183885066,32274.072035717294,32274.072035717294,31554.20425796895,1.1997796295805685,corporate-actions-v2,blocked_unresolved_material_event,False
2025-02-05,HCM,28650.0,29150.0,28600.0,29150.0,27896.0390625,7650000.0,222997500000.0,finance_datareader_yahoo_hose,https://github.com/FinanceData/FinanceDataReader,2026-07-30T05:38:53.766141+00:00,2025-02-06,30711f2c17bf575891ea01091e20b59a4d98010fe3d0c6bb7f86265d448f09c2,finance-datareader-yahoo-hose-v2-business-day,real,VN000000HCM0,,0.0034423407917383297,0.01741928259362502,0.0034423407917383297,,no_event_raw_close,35575.53104224382,34965.31610155353,35575.53104224382,34904.2946074845,1.220429881380577,corporate-actions-v2,blocked_unresolved_material_event,False
2025-05-14,HCM,25900.0,26000.0,25500.0,26000.0,25189.673828125,10341800.0,268886800000.0,finance_datareader_yahoo_hose,https://github.com/FinanceData/FinanceDataReader,2026-07-30T05:38:53.766141+00:00,2025-05-15,30711f2c17bf575891ea01091e20b59a4d98010fe3d0c6bb7f86265d448f09c2,finance-datareader-yahoo-hose-v2-business-day,real,VN000000HCM0,,-0.003831417624521105,0.008504928978713355,-0.003831417624521105,,no_event_raw_close,32217.478477824425,32093.565099063562,32217.478477824425,31597.91158402011,1.2391337876086317,corporate-actions-v2,blocked_unresolved_material_event,False
2023-05-30,HDB,10392.67578125,10560.298828125,10392.67578125,10504.4248046875,10089.23046875,4114749.0,43223071460.663086,finance_datareader_yahoo_hose,https://github.com/FinanceData/FinanceDataReader,2026-07-30T05:38:26.443715+00:00,2023-05-31,d8cf0ad0828b302c24972430bbb4a4cd8b0f36b6855566ac5a322e71e8075800,finance-datareader-yahoo-hose-v2-business-day,real,VN000000HDB1,,0.10871795199517109,0.17820162567951425,0.10871795199517109,,no_event_raw_close,13355.11417018505,13213.038712064914,13426.15127845417,13213.038712064914,1.2713798631054465,corporate-actions-v2,blocked_unresolved_material_event,False
2024-07-15,HDB,15710.5400390625,15742.66796875,15389.26171875,15517.7734375,15517.7734375,13455908.0,208805731739.84375,finance_datareader_yahoo_hose,https://github.com/FinanceData/FinanceDataReader,2026-07-30T05:38:26.443715+00:00,2024-07-16,2e37ea3f0791ba81ca55e1057dd1b66522416a4c82fea9673afa2ced1167b81f,finance-datareader-yahoo-hose-v2-business-day,real,VN000000HDB1,,-0.04545453453248527,-0.006172846069369298,-0.04545453453248527,,no_event_raw_close,24083.960734666718,24383.1391755484,24433.002501636794,23884.507430313144,1.5520242534580257,corporate-actions-v2,blocked_unresolved_material_event,False
2021-01-26,HDG,18928.958984375,19012.4375,18365.47265625,18741.130859375,17842.373046875,390084.0,7310615290.1484375,finance_datareader_yahoo_hose,https://github.com/FinanceData/FinanceDataReader,2026-07-30T05:41:03.263054+00:00,2021-01-27,230cc69cf9271b962cbb3564bb34fbdf892917d3e41d24f238c20f74014a427e,finance-datareader-yahoo-hose-v2-business-day,real,VN000000HDG0,,-0.01426995568690237,0.007856392328226436,-0.01426995568690237,,no_event_raw_close,19726.860903688117,19924.568252485697,20012.43750000002,19331.44415023915,1.0525971485770838,corporate-actions-v2,blocked_unresolved_material_event,False
2022-03-18,HDG,35462.05859375,36013.0234375,35361.8828125,35612.3203125,34385.39453125,1370796.0,48817226235.09375,finance_datareader_yahoo_hose,https://github.com/FinanceData/FinanceDataReader,2026-07-30T05:41:03.263054+00:00,2022-03-19,230cc69cf9271b962cbb3564bb34fbdf892917d3e41d24f238c20f74014a427e,finance-datareader-yahoo-hose-v2-business-day,real,VN000000HDG0,,-0.005594432138414707,0.008510515928618068,-0.005594432138414707,,no_event_raw_close,44982.51217818163,44792.71411014578,45488.64693834274,44666.1804201055,1.2631165782925038,corporate-actions-v2,blocked_unresolved_material_event,False
2024-06-25,HDG,24462.810546875,24628.099609375,22727.2734375,22727.2734375,22318.509765625,8144147.0,185094255784.1953,finance_datareader_yahoo_hose,https://github.com/FinanceData/FinanceDataReader,2026-07-30T05:41:03.263054+00:00,2024-06-26,230cc69cf9271b962cbb3564bb34fbdf892917d3e41d24f238c20f74014a427e,finance-datareader-yahoo-hose-v2-business-day,real,VN000000HDG0,,-0.07774385604504297,-0.06201548669551771,-0.07774385604504297,,no_event_raw_close,40200.46744569164,43270.32108467237,43562.68776888696,40200.46744569164,1.768820512334791,corporate-actions-v2,blocked_unresolved_material_event,False
2020-06-18,HHS,3779.28955078125,3779.28955078125,3417.107666015625,3432.854736328125,3432.854736328125,6853440.0,23526863964.140625,finance_datareader_yahoo_hose,https://github.com/FinanceData/FinanceDataReader,2026-07-30T05:41:25.887834+00:00,2020-06-19,8c85868853a0dfd4433bd8bc38d168bbdeec1fadf867c8ef1013a7b2246f9333,finance-datareader-yahoo-hose-v2-business-day,real,VN000000HHS6,,-0.13833988582751766,-0.06890155003920473,-0.13833988582751766,,no_event_raw_close,3432.854736328122,3779.289550781247,3779.289550781247,3417.107666015622,0.9999999999999991,corporate-actions-v2,blocked_unresolved_material_event,False
2020-05-08,HID,2510.0,2510.0,2390.0,2450.0,2450.0,92240.0,225988000.0,finance_datareader_yahoo_hose,https://github.com/FinanceData/FinanceDataReader,2026-07-30T05:56:13.081536+00:00,2020-05-09,c2795b55d6327ca8e3df330703ec942d27aa954abfab53299e12740fa2b4ad58,finance-datareader-yahoo-hose-v2-business-day,real,VN000000HID6,,-0.0239043824701195,0.03813559322033888,-0.0239043824701195,,no_event_raw_close,2596.4143426294813,2659.999999999999,2659.999999999999,2532.8286852589636,1.0597609561752985,corporate-actions-v2,blocked_unresolved_material_event,False
2025-05-28,HII,4550.0,4570.0,4400.0,4500.0,4282.2578125,102800.0,462600000.0,finance_datareader_yahoo_hose,https://github.com/FinanceData/FinanceDataReader,2026-07-30T05:45:10.463873+00:00,2025-05-29,9b49790afeed946e6d89a1a152a1f4abc2fe3e0161694cdd2a163f8da5a3c386,finance-datareader-yahoo-hose-v2-business-day,real,VN000000HII5,,0.0,0.07142858015491749,0.0,,no_event_raw_close,5519.999999999996,5581.33333333333,5605.866666666663,5397.33333333333,1.226666666666666,corporate-actions-v2,blocked_unresolved_material_event,False
2020-07-10,HMC,10000.0,10576.9228515625,9615.384765625,10576.9228515625,6357.44482421875,481.0,5087499.8916015625,finance_datareader_yahoo_hose,https://github.com/FinanceData/FinanceDataReader,2026-07-30T05:56:01.692234+00:00,2020-07-11,8c6bbfac1abca3ac7335d051166613969146790ec47262b821cf966f9278838e,finance-datareader-yahoo-hose-v2-business-day,real,VN000000HMC0,,-0.01079138103355004,0.026119534140260692,-0.01079138103355004,,no_event_raw_close,10576.922851562495,9999.999999999995,10576.922851562495,9615.384765624995,0.9999999999999994,corporate-actions-v2,blocked_unresolved_material_event,False
2021-06-15,HMC,19384.615234375,19384.615234375,18307.69140625,18461.5390625,11887.5849609375,180960.0,3340800108.75,finance_datareader_yahoo_hose,https://github.com/FinanceData/FinanceDataReader,2026-07-30T05:56:01.692234+00:00,2021-06-16,8c6bbfac1abca3ac7335d051166613969146790ec47262b821cf966f9278838e,finance-datareader-yahoo-hose-v2-business-day,real,VN000000HMC0,,-0.06066530991618713,0.006289262943518947,-0.06066530991618713,,no_event_raw_close,18461.53906249996,19384.615234374956,19384.615234374956,18307.69140624996,0.9999999999999978,corporate-actions-v2,blocked_unresolved_material_event,False
2022-06-22,HMC,17400.0,18200.0,17350.0,17350.0,14025.798828125,167200.0,2900920000.0,finance_datareader_yahoo_hose,https://github.com/FinanceData/FinanceDataReader,2026-07-30T05:56:01.692234+00:00,2022-06-23,8c6bbfac1abca3ac7335d051166613969146790ec47262b821cf966f9278838e,finance-datareader-yahoo-hose-v2-business-day,real,VN000000HMC0,,-0.21547826619919652,-0.015065452831772408,-0.21547826619919652,,no_event_raw_close,26085.347802103508,26160.521715077866,27363.304322667656,26085.347802103508,1.5034782594872338,corporate-actions-v2,blocked_unresolved_material_event,False
2024-09-17,HMC,10900.0,11100.0,10550.0,10600.0,9206.7744140625,63000.0,667800000.0,finance_datareader_yahoo_hose,https://github.com/FinanceData/FinanceDataReader,2026-07-30T05:56:01.692234+00:00,2024-09-18,8c6bbfac1abca3ac7335d051166613969146790ec47262b821cf966f9278838e,finance-datareader-yahoo-hose-v2-business-day,real,VN000000HMC0,,-0.08225108225108224,-0.01395355307191637,-0.08225108225108224,,no_event_raw_close,17040.721986967415,17523.00657150423,17844.529627862103,16960.341222877945,1.6076152817893787,corporate-actions-v2,blocked_unresolved_material_event,False
2025-06-17,HMC,11800.0,11800.0,11000.0,11200.0,10410.572265625,16100.0,180320000.0,finance_datareader_yahoo_hose,https://github.com/FinanceData/FinanceDataReader,2026-07-30T05:56:01.692234+00:00,2025-06-18,8c6bbfac1abca3ac7335d051166613969146790ec47262b821cf966f9278838e,finance-datareader-yahoo-hose-v2-business-day,real,VN000000HMC0,,-0.08196721311475408,-0.01754388228471082,-0.08196721311475408,,no_event_raw_close,19185.965985945342,20213.785592335273,20213.785592335273,18843.359450482032,1.7130326773165485,corporate-actions-v2,blocked_unresolved_material_event,False
2024-11-28,HNA,25000.0,25000.0,25000.0,25000.0,24009.900390625,200.0,5000000.0,finance_datareader_yahoo_hose,https://github.com/FinanceData/FinanceDataReader,2026-07-30T05:41:15.024381+00:00,2024-11-29,66e80226c386e29cfd827b5927a796800861deae770794427a103e5beb683ce0,finance-datareader-yahoo-hose-v2-business-day,real,VN000000HNA2,,-0.038461538461538436,0.0,-0.038461538461538436,,no_event_raw_close,25961.53846153849,25961.53846153849,25961.53846153849,25961.53846153849,1.0384615384615397,corporate-actions-v2,blocked_unresolved_material_event,False
2025-08-18,HNA,25250.0,25400.0,25000.0,25000.0,25000.0,14600.0,365000000.0,finance_datareader_yahoo_hose,https://github.com/FinanceData/FinanceDataReader,2026-07-30T05:41:15.024381+00:00,2025-08-19,d459ce23f2a779885f40c75c8275d8289edd05765d4615c63c71bf14332cc0db,finance-datareader-yahoo-hose-v2-business-day,real,VN000000HNA2,,-0.00990099009900991,0.030927835051546282,-0.00990099009900991,,no_event_raw_close,26989.718202589505,27259.6153846154,27421.55369383094,26989.71820258951,1.0795887281035803,corporate-actions-v2,blocked_unresolved_material_event,False
2020-07-30,HPG,8751.0693359375,8947.28125,8299.78125,8535.2353515625,8123.6962890625,47257175.0,403351110674.9756,finance_datareader_yahoo_hose,https://github.com/FinanceData/FinanceDataReader,2026-07-30T05:38:07.828965+00:00,2020-07-31,0eeff87cb80d0e7758b43043af9190585f62bd702f87e11af1814648e8542f4a,finance-datareader-yahoo-hose-v2-business-day,real,VN000000HPG4,,-0.04570391677042995,-0.027933063385663592,-0.04570391677042995,,no_event_raw_close,10719.430463489774,10990.497082261127,11236.92027767028,10423.722874292409,1.2559033256801087,corporate-actions-v2,blocked_unresolved_material_event,False
2021-06-01,HPG,27919.05078125,27919.05078125,27442.25390625,27919.05078125,26842.921875,11383945.0,317828938545.95703,finance_datareader_yahoo_hose,https://github.com/FinanceData/FinanceDataReader,2026-07-30T05:38:07.828965+00:00,2021-06-02,0eeff87cb80d0e7758b43043af9190585f62bd702f87e11af1814648e8542f4a,finance-datareader-yahoo-hose-v2-business-day,real,VN000000HPG4,,0.06028315005080542,0.07105755623478927,0.06028315005080542,,no_event_raw_close,48001.70534726078,48001.70534726078,48001.70534726078,47181.94025984544,1.7193172405237351,corporate-actions-v2,blocked_unresolved_material_event,False
2022-06-20,HPG,16150.1376953125,16184.5732421875,15117.080078125,15977.9619140625,15691.1044921875,43904414.0,701503054751.2324,finance_datareader_yahoo_hose,https://github.com/FinanceData/FinanceDataReader,2026-07-30T05:38:07.828965+00:00,2022-06-21,da66cef2503dc59a608e943449b48f2aa713371a5d68e6e549937f3de5abfc7c,finance-datareader-yahoo-hose-v2-business-day,real,VN000000HPG4,,-0.02709672915496475,-0.0062602847822855745,-0.02709672915496475,,no_event_raw_close,36548.90568692598,36942.75043535667,37021.520278580814,34579.67524323748,2.2874573042234263,corporate-actions-v2,blocked_unresolved_material_event,False
2024-04-25,HSG,15000.0,15307.6923828125,14846.154296875,15115.384765625,14685.970703125,7914790.0,119635096189.1211,finance_datareader_yahoo_hose,https://github.com/FinanceData/FinanceDataReader,2026-07-30T05:40:16.439205+00:00,2024-04-26,6c064aa5a20f2b1add11c03ac104697227293753f2985d63152d17c8c9f4d79e,finance-datareader-yahoo-hose-v2-business-day,real,VN000000HSG8,,0.0076923177083332295,0.034210486500909854,0.0076923177083332295,,no_event_raw_close,22297.701683167987,22127.490000000016,22581.387341584003,21900.54204950392,1.475166000000001,corporate-actions-v2,candidate_no_known_unresolved_event,False
2025-04-03,HSG,13500.0,13538.4619140625,13346.154296875,13384.615234375,13384.615234375,7488780.0,100234438874.88281,finance_datareader_yahoo_hose,https://github.com/FinanceData/FinanceDataReader,2026-07-30T05:40:16.439205+00:00,2025-04-04,6c064aa5a20f2b1add11c03ac104697227293753f2985d63152d17c8c9f4d79e,finance-datareader-yahoo-hose-v2-business-day,real,VN000000HSG8,,-0.01136367488892509,0.017543807549760926,-0.01136367488892509,,no_event_raw_close,20473.73066341645,20650.228573345197,20709.06170791994,20414.89902263718,1.5296465609885332,corporate-actions-v2,candidate_no_known_unresolved_event,False
2020-11-30,HT1,16200.0,16200.0,15700.0,16000.0,14108.3076171875,1064590.0,17033440000.0,finance_datareader_yahoo_hose,https://github.com/FinanceData/FinanceDataReader,2026-08-13T08:21:40.985853+00:00,2020-12-01,bdc96d0879dcb94f673ffc1b78705487e93c1d14db18c8643ef091b298c0e3e7,finance-datareader-yahoo-hose-v2-business-day,real,VN000000HT12,unverified,-0.061583577712609916,0.00946359874028313,-0.061583577712609916,,no_event_raw_close,17126.099706744888,17340.1759530792,17340.1759530792,16804.985337243423,1.0703812316715555,corporate-actions-v2,blocked_unresolved_material_event,False
2021-12-10,HT1,25000.0,25400.0,24900.0,25100.0,23203.330078125,1724400.0,43282440000.0,finance_datareader_yahoo_hose,https://github.com/FinanceData/FinanceDataReader,2026-08-13T08:21:40.985853+00:00,2021-12-11,330883bd5db27de0f2849a4687a3553c853344080a8cd410e834f1d8e384543d,finance-datareader-yahoo-hose-v2-business-day,real,VN000000HT12,unverified,-0.0346153846153846,0.012096749460219769,-0.0346153846153846,,no_event_raw_close,28106.564403338638,27994.58605910223,28442.499436047863,27882.60771486582,1.119783442364089,corporate-actions-v2,blocked_unresolved_material_event,False
2022-09-26,HT1,15350.0,15350.0,14850.0,14900.0,14325.0537109375,426400.0,6353360000.0,finance_datareader_yahoo_hose,https://github.com/FinanceData/FinanceDataReader,2026-08-13T08:21:40.985853+00:00,2022-09-27,bdc96d0879dcb94f673ffc1b78705487e93c1d14db18c8643ef091b298c0e3e7,finance-datareader-yahoo-hose-v2-business-day,real,VN000000HT12,unverified,-0.04487179487179482,-0.006666620167541715,-0.04487179487179482,,no_event_raw_close,17326.49534088742,17849.778757222946,17849.778757222946,17268.35273907236,1.1628520363011692,corporate-actions-v2,blocked_unresolved_material_event,False
2023-11-08,HT1,11850.0,11850.0,11500.0,11500.0,11437.5,200700.0,2308050000.0,finance_datareader_yahoo_hose,https://github.com/FinanceData/FinanceDataReader,2026-08-13T08:21:40.985853+00:00,2023-11-09,330883bd5db27de0f2849a4687a3553c853344080a8cd410e834f1d8e384543d,finance-datareader-yahoo-hose-v2-business-day,real,VN000000HT12,unverified,-0.04166666666666663,-0.008620649521074553,-0.04166666666666663,,no_event_raw_close,13818.558364712238,14239.123184507827,14239.123184507827,13818.558364712238,1.2016137708445425,corporate-actions-v2,blocked_unresolved_material_event,False
2023-12-27,HTG,26583.333984375,26583.333984375,26000.0,26250.0,21721.71875,21360.0,560700000.0,finance_datareader_yahoo_hose,https://github.com/FinanceData/FinanceDataReader,2026-07-30T05:42:52.830338+00:00,2023-12-28,738d5f7a7755e8ae6ecad0d53e7235879ca4f0ab795dbf355ffe0a2567df0ad8,finance-datareader-yahoo-hose-v2-business-day,real,VN000000HTG6,,-0.08296943231441045,-0.010988883949449635,-0.08296943231441045,,no_event_raw_close,28542.576419213983,28905.02254196235,28905.02254196235,28270.742358078613,1.0873362445414851,corporate-actions-v2,blocked_unresolved_material_event,False
2024-05-09,HTG,26958.333984375,27583.333984375,26958.333984375,27416.666015625,23387.34765625,72480.0,1987159952.8125,finance_datareader_yahoo_hose,https://github.com/FinanceData/FinanceDataReader,2026-07-30T05:42:52.830338+00:00,2024-05-10,738d5f7a7755e8ae6ecad0d53e7235879ca4f0ab795dbf355ffe0a2567df0ad8,finance-datareader-yahoo-hose-v2-business-day,real,VN000000HTG6,,-0.014970106311515075,0.015432049036569584,-0.014970106311515075,,no_event_raw_close,30882.19336864217,30365.927152755874,31069.9285380593,30365.927152755874,1.1264022164854812,corporate-actions-v2,blocked_unresolved_material_event,False
2024-06-28,HTG,29250.0,29416.666015625,29250.0,29416.666015625,25804.275390625,15120.0,444779990.15625,finance_datareader_yahoo_hose,https://github.com/FinanceData/FinanceDataReader,2026-07-30T05:42:52.830338+00:00,2024-06-29,738d5f7a7755e8ae6ecad0d53e7235879ca4f0ab795dbf355ffe0a2567df0ad8,finance-datareader-yahoo-hose-v2-business-day,real,VN000000HTG6,,-0.027548230888429726,-7.56899708465042e-08,-0.027548230888429726,,no_event_raw_close,34230.36962976565,34036.430611777214,34230.36962976565,34036.430611777214,1.1636386533940928,corporate-actions-v2,blocked_unresolved_material_event,False
2024-12-25,HTG,40041.66796875,42166.66796875,40041.66796875,41416.66796875,38606.07421875,133440.0,5526640173.75,finance_datareader_yahoo_hose,https://github.com/FinanceData/FinanceDataReader,2026-07-30T05:42:52.830338+00:00,2024-12-26,738d5f7a7755e8ae6ecad0d53e7235879ca4f0ab795dbf355ffe0a2567df0ad8,finance-datareader-yahoo-hose-v2-business-day,real,VN000000HTG6,,-0.023575637783164405,0.03757826333350622,-0.023575637783164405,,no_event_raw_close,51602.65113320004,49889.484700746165,52537.10555090215,49889.484700746165,1.245939223602817,corporate-actions-v2,blocked_unresolved_material_event,False
2025-12-19,HTG,39083.33203125,39083.33203125,38666.66796875,38666.66796875,38095.23828125,27000.0,1044000035.15625,finance_datareader_yahoo_hose,https://github.com/FinanceData/FinanceDataReader,2026-07-30T05:42:52.830338+00:00,2025-12-20,738d5f7a7755e8ae6ecad0d53e7235879ca4f0ab795dbf355ffe0a2567df0ad8,finance-datareader-yahoo-hose-v2-business-day,real,VN000000HTG6,,0.0,0.05694765831621762,0.0,,no_event_raw_close,51291.166327299274,51843.86938797075,51843.86938797075,51291.16632729928,1.3264956362092608,corporate-actions-v2,blocked_unresolved_material_event,False
2020-07-20,HTI,12500.0,12500.0,12000.0,12250.0,6646.52392578125,8580.0,105105000.0,finance_datareader_yahoo_hose,https://github.com/FinanceData/FinanceDataReader,2026-07-30T05:45:14.270537+00:00,2020-07-21,3c1332b0918ac6a5bd214734823951a3a971a1355800574975eb518c3031d86d,finance-datareader-yahoo-hose-v2-business-day,real,VN000000HTI2,,-0.07196969696969702,0.020833442700551874,-0.07196969696969702,,no_event_raw_close,13363.636363636364,13636.363636363636,13636.363636363636,13090.90909090909,1.0909090909090908,corporate-actions-v2,candidate_no_known_unresolved_event,False
2020-12-21,HTI,13700.0,13950.0,13600.0,13650.0,7962.97705078125,50390.0,687823500.0,finance_datareader_yahoo_hose,https://github.com/FinanceData/FinanceDataReader,2026-07-30T05:45:14.270537+00:00,2020-12-22,3c1332b0918ac6a5bd214734823951a3a971a1355800574975eb518c3031d86d,finance-datareader-yahoo-hose-v2-business-day,real,VN000000HTI2,,-0.045454545454545414,0.02631570004317174,-0.045454545454545414,,no_event_raw_close,15932.23140495867,15990.591226954855,16282.390336935783,15873.871582962483,1.167196439923712,corporate-actions-v2,candidate_no_known_unresolved_event,False
2021-07-05,HTI,16450.0,16950.0,16250.0,16300.0,10080.009765625,118600.0,1933180000.0,finance_datareader_yahoo_hose,https://github.com/FinanceData/FinanceDataReader,2026-07-30T05:45:14.270537+00:00,2021-07-06,3c1332b0918ac6a5bd214734823951a3a971a1355800574975eb518c3031d86d,finance-datareader-yahoo-hose-v2-business-day,real,VN000000HTI2,,-0.07648725212464591,-0.021020878611740956,-0.07648725212464591,,no_event_raw_close,20103.222762300793,20288.22174477595,20904.885019693153,20041.55643480907,1.2333265498344044,corporate-actions-v2,candidate_no_known_unresolved_event,False
2022-09-20,HTI,17150.0,17750.0,17100.0,17100.0,11656.240234375,121500.0,2077650000.0,finance_datareader_yahoo_hose,https://github.com/FinanceData/FinanceDataReader,2026-07-30T05:45:14.270537+00:00,2022-09-21,920b8f89a2c2d2e97c629bd87f9a06411f0cb1c02696fb7ce8541b99acbd3deb,finance-datareader-yahoo-hose-v2-business-day,real,VN000000HTI2,,-0.11855670103092786,-0.02840912605913748,-0.11855670103092786,,no_event_raw_close,23046.677363194278,23114.065308700694,23922.720654777684,23046.677363194278,1.3477589101283203,corporate-actions-v2,candidate_no_known_unresolved_event,False
2022-12-16,HTI,16500.0,16500.0,16000.0,16450.0,11907.48046875,4500.0,74025000.0,finance_datareader_yahoo_hose,https://github.com/FinanceData/FinanceDataReader,2026-07-30T05:45:14.270537+00:00,2022-12-17,920b8f89a2c2d2e97c629bd87f9a06411f0cb1c02696fb7ce8541b99acbd3deb,finance-datareader-yahoo-hose-v2-business-day,real,VN000000HTI2,,-0.04081632653061229,0.0185758102717668,-0.04081632653061229,,no_event_raw_close,23463.38241397884,23534.69968575385,23534.69968575385,22821.526968003735,1.4263454355002334,corporate-actions-v2,candidate_no_known_unresolved_event,False
2023-06-05,HTI,16250.0,16350.0,16200.0,16350.0,12419.5439453125,24800.0,405480000.0,finance_datareader_yahoo_hose,https://github.com/FinanceData/FinanceDataReader,2026-07-30T05:45:14.270537+00:00,2023-06-06,3c1332b0918ac6a5bd214734823951a3a971a1355800574975eb518c3031d86d,finance-datareader-yahoo-hose-v2-business-day,real,VN000000HTI2,,-0.038235294117647034,0.009259231336587792,-0.038235294117647034,,no_event_raw_close,24418.19482903724,24268.848071673096,24418.19482903724,24194.174692991026,1.4934675736414214,corporate-actions-v2,candidate_no_known_unresolved_event,False
2024-05-28,HTI,16400.0,16600.0,16050.0,16200.0,13509.8203125,61800.0,1001160000.0,finance_datareader_yahoo_hose,https://github.com/FinanceData/FinanceDataReader,2026-07-30T05:45:14.270537+00:00,2024-05-29,920b8f89a2c2d2e97c629bd87f9a06411f0cb1c02696fb7ce8541b99acbd3deb,finance-datareader-yahoo-hose-v2-business-day,real,VN000000HTI2,,-0.09749303621169914,-0.009174375006714586,-0.09749303621169914,,no_event_raw_close,26350.758509636456,26676.076515928264,27001.39452222007,26106.7700049176,1.6265900314590405,corporate-actions-v2,candidate_no_known_unresolved_event,False
2025-05-29,HTI,20200.0,20400.0,20050.0,20350.0,18639.916015625,235400.0,4790390000.0,finance_datareader_yahoo_hose,https://github.com/FinanceData/FinanceDataReader,2026-07-30T05:45:14.270537+00:00,2025-05-30,920b8f89a2c2d2e97c629bd87f9a06411f0cb1c02696fb7ce8541b99acbd3deb,finance-datareader-yahoo-hose-v2-business-day,real,VN000000HTI2,,0.01243781094527363,0.11202181621835505,0.01243781094527363,,no_event_raw_close,36065.385391551776,35799.547169992424,36153.99813207156,35533.70894843307,1.7722548103956646,corporate-actions-v2,candidate_no_known_unresolved_event,False
2020-01-22,HTL,18000.0,18000.0,16800.0,16800.0,8058.45751953125,780.0,13104000.0,finance_datareader_yahoo_hose,https://github.com/FinanceData/FinanceDataReader,2026-07-30T05:56:15.398534+00:00,2020-01-23,01a0a8f8a3b748a071bb5e4f870e90557a38036a0980c3a9dfbad854f5161d2b,finance-datareader-yahoo-hose-v2-business-day,real,VN000000HTL6,,-0.16000000000000003,-0.06666665535608596,-0.16000000000000003,,no_event_raw_close,18480.0,19800.0,19800.0,18480.0,1.1,corporate-actions-v2,candidate_no_known_unresolved_event,False
2020-10-28,HTL,17800.0,17800.0,16150.0,17800.0,9525.1943359375,4330.0,77074000.0,finance_datareader_yahoo_hose,https://github.com/FinanceData/FinanceDataReader,2026-07-30T05:56:15.398534+00:00,2020-10-29,01a0a8f8a3b748a071bb5e4f870e90557a38036a0980c3a9dfbad854f5161d2b,finance-datareader-yahoo-hose-v2-business-day,real,VN000000HTL6,,-0.07772020725388606,0.028901721299231964,-0.07772020725388606,,no_event_raw_close,21609.015544041467,21609.015544041467,21609.015544041467,19605.932642487063,1.2139896373057004,corporate-actions-v2,candidate_no_known_unresolved_event,False
2022-06-10,HTL,20900.0,20900.0,20900.0,20900.0,11732.3173828125,100.0,2090000.0,finance_datareader_yahoo_hose,https://github.com/FinanceData/FinanceDataReader,2026-07-30T05:56:15.398534+00:00,2022-06-11,01a0a8f8a3b748a071bb5e4f870e90557a38036a0980c3a9dfbad854f5161d2b,finance-datareader-yahoo-hose-v2-business-day,real,VN000000HTL6,,-0.02336448598130836,0.024510004155553267,-0.02336448598130836,,no_event_raw_close,26558.008813132554,26558.008813132554,26558.008813132554,26558.008813132554,1.2707181250302657,corporate-actions-v2,candidate_no_known_unresolved_event,False
2022-09-29,HTL,17400.0,17400.0,17400.0,17400.0,10328.9287109375,100.0,1740000.0,finance_datareader_yahoo_hose,https://github.com/FinanceData/FinanceDataReader,2026-07-30T05:56:15.398534+00:00,2022-09-30,01a0a8f8a3b748a071bb5e4f870e90557a38036a0980c3a9dfbad854f5161d2b,finance-datareader-yahoo-hose-v2-business-day,real,VN000000HTL6,,-0.05434782608695654,0.0,-0.05434782608695654,,no_event_raw_close,23312.15273289219,23312.15273289219,23312.15273289219,23312.15273289219,1.3397788926949534,corporate-actions-v2,candidate_no_known_unresolved_event,False
2023-06-09,HTL,17750.0,17750.0,16800.0,17000.0,10685.0986328125,2800.0,47600000.0,finance_datareader_yahoo_hose,https://github.com/FinanceData/FinanceDataReader,2026-07-30T05:56:15.398534+00:00,2023-06-10,01a0a8f8a3b748a071bb5e4f870e90557a38036a0980c3a9dfbad854f5161d2b,finance-datareader-yahoo-hose-v2-business-day,real,VN000000HTL6,,-0.05555555555555558,0.0,-0.05555555555555558,,no_event_raw_close,24041.587907803896,25102.24619785407,25102.24619785407,23758.74569712385,1.4142110534002292,corporate-actions-v2,candidate_no_known_unresolved_event,False
2024-02-21,HTL,17050.0,17050.0,16000.0,16200.0,11376.671875,12900.0,208980000.0,finance_datareader_yahoo_hose,https://github.com/FinanceData/FinanceDataReader,2026-07-30T05:56:15.398534+00:00,2024-02-22,01a0a8f8a3b748a071bb5e4f870e90557a38036a0980c3a9dfbad854f5161d2b,finance-datareader-yahoo-hose-v2-business-day,real,VN000000HTL6,,-0.14960629921259838,-0.04985350254678178,-0.14960629921259838,,no_event_raw_close,25315.491407874688,26643.773364460703,26643.773364460703,25002.95447691327,1.5626846548070794,corporate-actions-v2,candidate_no_known_unresolved_event,False
2024-07-12,HTL,20200.0,21550.0,20200.0,20850.0,16685.296875,26100.0,544185000.0,finance_datareader_yahoo_hose,https://github.com/FinanceData/FinanceDataReader,2026-07-30T05:56:15.398534+00:00,2024-07-13,01a0a8f8a3b748a071bb5e4f870e90557a38036a0980c3a9dfbad854f5161d2b,finance-datareader-yahoo-hose-v2-business-day,real,VN000000HTL6,,-0.1489795918367347,-0.030232497948734505,-0.1489795918367347,,no_event_raw_close,36571.604651020774,35431.48268348296,37799.42830836919,35431.48268348296,1.7540337962120276,corporate-actions-v2,candidate_no_known_unresolved_event,False
2024-12-02,HTL,29000.0,31950.0,29000.0,31500.0,28148.9375,21800.0,686700000.0,finance_datareader_yahoo_hose,https://github.com/FinanceData/FinanceDataReader,2026-07-30T05:56:15.398534+00:00,2024-12-03,755709df9ef1425591bc99ea248ce0c715734e769361ddd542ca89581adbd8c0,finance-datareader-yahoo-hose-v2-business-day,real,VN000000HTL6,,-0.05970149253731338,0.05000008378286491,-0.05970149253731338,,no_event_raw_close,61024.6683428393,56181.44069658221,61896.44931916558,56181.44069658221,1.937291058502835,corporate-actions-v2,candidate_no_known_unresolved_event,False
2025-11-19,HTL,25800.0,25800.0,24900.0,24950.0,24950.0,10900.0,271955000.0,finance_datareader_yahoo_hose,https://github.com/FinanceData/FinanceDataReader,2026-07-30T05:56:15.398534+00:00,2025-11-20,01a0a8f8a3b748a071bb5e4f870e90557a38036a0980c3a9dfbad854f5161d2b,finance-datareader-yahoo-hose-v2-business-day,real,VN000000HTL6,,-0.11524822695035464,-0.009920634920634885,-0.11524822695035464,,no_event_raw_close,53477.47700641658,55299.35498058307,55299.35498058307,53370.30771381855,2.143385851960584,corporate-actions-v2,candidate_no_known_unresolved_event,False
2020-11-16,HTN,22055.5546875,22055.5546875,20833.333984375,21055.5546875,19769.71875,461502.0,9717180599.390625,finance_datareader_yahoo_hose,https://github.com/FinanceData/FinanceDataReader,2026-07-30T05:44:52.870658+00:00,2020-11-17,913fe2c211aefcda22086328675ad3d97d88f2e998ec7006200a28bb35ad58e9,finance-datareader-yahoo-hose-v2-business-day,real,VN000000HTN2,,-0.034394905827822675,0.012016001338943871,-0.034394905827822675,,no_event_raw_close,21055.554687499956,22055.554687499953,22055.554687499953,20833.333984374956,0.9999999999999979,corporate-actions-v2,blocked_unresolved_material_event,False
2022-10-28,HTN,17500.0,19200.0,17500.0,18600.0,18600.0,163000.0,3031800000.0,finance_datareader_yahoo_hose,https://github.com/FinanceData/FinanceDataReader,2026-07-30T05:44:52.870658+00:00,2022-10-29,3e336176c18753150b79cd92c51938301f7a8f12904e5c114f533b4f31829fe9,finance-datareader-yahoo-hose-v2-business-day,real,VN000000HTN2,,-0.05343511450381677,0.008130081300812941,-0.05343511450381677,,no_event_raw_close,35524.58015267172,33423.664122137365,36670.534351145,33423.664122137365,1.9099236641221353,corporate-actions-v2,blocked_unresolved_material_event,False
2020-09-15,HTV,13000.0,13000.0,12500.0,12500.0,9764.6181640625,3110.0,38875000.0,finance_datareader_yahoo_hose,https://github.com/FinanceData/FinanceDataReader,2026-07-30T05:56:30.595052+00:00,2020-09-16,ad7aa2f4606a147570c5a3a9e35ebf12da29172c379b858860e77ff02a934bd3,finance-datareader-yahoo-hose-v2-business-day,real,VN000000HTV5,,-0.11971830985915488,-0.03846146818801599,-0.11971830985915488,,no_event_raw_close,13556.338028169006,14098.591549295767,14098.591549295767,13556.338028169008,1.0845070422535206,corporate-actions-v2,candidate_no_known_unresolved_event,False
2021-11-29,HTV,15500.0,15700.0,15500.0,15650.0,13014.03125,32600.0,510190000.0,finance_datareader_yahoo_hose,https://github.com/FinanceData/FinanceDataReader,2026-07-30T05:56:30.595052+00:00,2021-11-30,6466d6ec53e55aa0ac9d250af9017b789a8a00d18217dbb6b24845de68c5d4e9,finance-datareader-yahoo-hose-v2-business-day,real,VN000000HTV5,,-0.051515151515151514,0.009677360697768922,-0.051515151515151514,,no_event_raw_close,18001.173708920167,17828.638497652562,18058.685446009367,17828.638497652562,1.1502347417840362,corporate-actions-v2,candidate_no_known_unresolved_event,False
2022-10-17,HTV,10800.0,11900.0,10800.0,11900.0,10596.23046875,300.0,3570000.0,finance_datareader_yahoo_hose,https://github.com/FinanceData/FinanceDataReader,2026-07-30T05:56:30.595052+00:00,2022-10-18,6466d6ec53e55aa0ac9d250af9017b789a8a00d18217dbb6b24845de68c5d4e9,finance-datareader-yahoo-hose-v2-business-day,real,VN000000HTV5,,-0.016528925619834656,0.05309733997938948,-0.016528925619834656,,no_event_raw_close,14592.771505063434,13243.859853334881,14592.771505063432,13243.859853334881,1.2262833197532297,corporate-actions-v2,candidate_no_known_unresolved_event,False
2023-09-22,HTV,9450.0,9900.0,9450.0,9840.0,9315.3095703125,6500.0,63960000.0,finance_datareader_yahoo_hose,https://github.com/FinanceData/FinanceDataReader,2026-07-30T05:56:30.595052+00:00,2023-09-23,ad7aa2f4606a147570c5a3a9e35ebf12da29172c379b858860e77ff02a934bd3,finance-datareader-yahoo-hose-v2-business-day,real,VN000000HTV5,,-0.025742574257425765,0.03578943505041976,-0.025742574257425765,,no_event_raw_close,12783.457244572064,12276.795829390854,12861.405154599943,12276.795829390854,1.299131833797974,corporate-actions-v2,candidate_no_known_unresolved_event,False
2024-08-12,HTV,9300.0,9440.0,8900.0,9050.0,8841.1533203125,7400.0,66970000.0,finance_datareader_yahoo_hose,https://github.com/FinanceData/FinanceDataReader,2026-07-30T05:56:30.595052+00:00,2024-08-13,6466d6ec53e55aa0ac9d250af9017b789a8a00d18217dbb6b24845de68c5d4e9,finance-datareader-yahoo-hose-v2-business-day,real,VN000000HTV5,,-0.06604747162022706,-0.036208782124853345,-0.06604747162022706,,no_event_raw_close,12121.141334133947,12455.979492535436,12643.48886124027,11920.238439093053,1.339352633605961,corporate-actions-v2,candidate_no_known_unresolved_event,False
2025-09-05,HTV,12350.0,13100.0,12350.0,13000.0,13000.0,11500.0,149500000.0,finance_datareader_yahoo_hose,https://github.com/FinanceData/FinanceDataReader,2026-07-30T05:56:30.595052+00:00,2025-09-06,ad7aa2f4606a147570c5a3a9e35ebf12da29172c379b858860e77ff02a934bd3,finance-datareader-yahoo-hose-v2-business-day,real,VN000000HTV5,,0.0,0.023622047244094446,0.0,,no_event_raw_close,17813.3900269593,16922.720525611334,17950.416104089756,16922.720525611334,1.3702607713045616,corporate-actions-v2,candidate_no_known_unresolved_event,False
2024-08-12,HU1,6520.0,6520.0,6520.0,6520.0,6520.0,100.0,652000.0,finance_datareader_yahoo_hose,https://github.com/FinanceData/FinanceDataReader,2026-08-13T08:21:47.462862+00:00,2024-08-13,74f21b8a1b9364b93187c2668eb2c60f02872d7d6f42d924932c48054eda18b7,finance-datareader-yahoo-hose-v2-business-day,real,VN000000HU19,unverified,-0.003058103975535187,0.044871794871794934,-0.003058103975535187,,no_event_raw_close,7285.079099705326,7285.079099705326,7285.079099705326,7285.079099705326,1.1173434202002035,corporate-actions-v2,candidate_no_known_unresolved_event,False
2020-11-16,HUB,10794.59765625,11152.4296875,10794.59765625,10973.513671875,9457.515625,35815.0,393016392.1582031,finance_datareader_yahoo_hose,https://github.com/FinanceData/FinanceDataReader,2026-07-30T05:55:39.975232+00:00,2020-11-17,d6cf6c9b508705204d553868250ed117d312a9620ce1be38d8fcb2bd8475fda8,finance-datareader-yahoo-hose-v2-business-day,real,VN000000HUB5,,-0.05349795139928337,0.008771928910845661,-0.05349795139928337,,no_event_raw_close,15136.645162744819,14889.8519911658,15383.438334323835,14889.8519911658,1.3793799885208946,corporate-actions-v2,blocked_unresolved_material_event,False
2021-06-14,HUB,13716.8916015625,14223.8203125,13716.8916015625,14194.0009765625,13054.1044921875,14420.0,204677494.08203125,finance_datareader_yahoo_hose,https://github.com/FinanceData/FinanceDataReader,2026-07-30T05:55:39.975232+00:00,2021-06-15,d6cf6c9b508705204d553868250ed117d312a9620ce1be38d8fcb2bd8475fda8,finance-datareader-yahoo-hose-v2-business-day,real,VN000000HUB5,,-0.002096436490504172,0.06487699117709056,-0.002096436490504172,,no_event_raw_close,21643.653213084395,20916.135307860728,21689.123082160873,20916.135307860728,1.5248451263898708,corporate-actions-v2,blocked_unresolved_material_event,False
2024-02-01,HUB,14869.5654296875,15173.9130859375,14782.6083984375,15000.0,14602.1220703125,25760.0,386400000.0,finance_datareader_yahoo_hose,https://github.com/FinanceData/FinanceDataReader,2026-07-30T05:55:39.975232+00:00,2024-02-02,35589a963f8e7a64058c327d72736e38b0b1b977efc69eee279c73e146c9b646,finance-datareader-yahoo-hose-v2-business-day,real,VN000000HUB5,,-0.04696135167684545,0.008771904377323336,-0.04696135167684545,,no_event_raw_close,27974.8002191055,27731.54148269503,28299.145808078145,27569.36777757068,1.8649866812737,corporate-actions-v2,blocked_unresolved_material_event,False
2024-06-04,HUB,16391.3046875,16391.3046875,16391.3046875,16391.3046875,16391.3046875,0.0,0.0,finance_datareader_yahoo_hose,https://github.com/FinanceData/FinanceDataReader,2026-07-30T05:55:39.975232+00:00,2024-06-05,35589a963f8e7a64058c327d72736e38b0b1b977efc69eee279c73e146c9b646,finance-datareader-yahoo-hose-v2-business-day,real,VN000000HUB5,,0.0,0.02724793122228686,0.0,,no_event_raw_close,31502.05827152353,31502.05827152353,31502.05827152353,31502.05827152353,1.9218761942450489,corporate-actions-v2,blocked_unresolved_material_event,False
2020-01-22,HVH,9466.6923828125,9569.2197265625,9329.9892578125,9569.2197265625,8898.994140625,371695.0,3556831126.2646484,finance_datareader_yahoo_hose,https://github.com/FinanceData/FinanceDataReader,2026-07-30T05:44:02.255380+00:00,2020-01-23,f13736398b4602c6c8ad2ca3cca3ec48e3bb09ed8264ab4d7b658cd894d380c7,finance-datareader-yahoo-hose-v2-business-day,real,VN000000HVH0,,-0.024390241474063767,0.010830360951021856,-0.024390241474063767,,no_event_raw_close,10057.024605825469,9949.270781759598,10057.024605825469,9805.599016338438,1.050976452960831,corporate-actions-v2,blocked_unresolved_material_event,False
2021-04-23,HVH,8341.701171875,8805.12890625,8148.60595703125,8148.60595703125,7914.67431640625,32652.0,266068281.70898438,finance_datareader_yahoo_hose,https://github.com/FinanceData/FinanceDataReader,2026-07-30T05:44:02.255380+00:00,2021-04-24,f13736398b4602c6c8ad2ca3cca3ec48e3bb09ed8264ab4d7b658cd894d380c7,finance-datareader-yahoo-hose-v2-business-day,real,VN000000HVH0,,-0.10212768956642082,-0.062222305789785826,-0.10212768956642082,,no_event_raw_close,9035.814313311826,9249.933454097085,9763.818525670345,9035.814313311826,1.10887854449693,corporate-actions-v2,blocked_unresolved_material_event,False
2024-12-26,HVH,8623.619140625,9090.9091796875,8419.7109375,8581.138671875,8581.138671875,1215841.0,10433300223.951172,finance_datareader_yahoo_hose,https://github.com/FinanceData/FinanceDataReader,2026-07-30T05:44:02.255380+00:00,2024-12-27,f13736398b4602c6c8ad2ca3cca3ec48e3bb09ed8264ab4d7b658cd894d380c7,finance-datareader-yahoo-hose-v2-business-day,real,VN000000HVH0,,-0.033492825071612886,-0.004926060399615628,-0.033492825071612886,,no_event_raw_close,10820.658509550063,10874.2256016629,11463.46977204114,10617.101096666469,1.2609816626102515,corporate-actions-v2,blocked_unresolved_material_event,False
2020-07-03,ICT,19500.0,20600.0,19100.0,20500.0,13160.3642578125,185950.0,3811975000.0,finance_datareader_yahoo_hose,https://github.com/FinanceData/FinanceDataReader,2026-07-30T05:45:00.241499+00:00,2020-07-04,c04a833546540543331cc5d131c5b695bc94032f8c159c7140973ce4f6323063,finance-datareader-yahoo-hose-v2-business-day,real,VN000000ICT3,,0.03535353535353525,0.09042547768474196,0.03535353535353525,,no_event_raw_close,20499.999999999996,19499.999999999996,20599.999999999996,19099.999999999996,0.9999999999999998,corporate-actions-v2,candidate_no_known_unresolved_event,False
2020-07-15,ICT,18500.0,18900.0,18150.0,18500.0,12514.9443359375,62170.0,1150145000.0,finance_datareader_yahoo_hose,https://github.com/FinanceData/FinanceDataReader,2026-07-30T05:45:00.241499+00:00,2020-07-16,c04a833546540543331cc5d131c5b695bc94032f8c159c7140973ce4f6323063,finance-datareader-yahoo-hose-v2-business-day,real,VN000000ICT3,,-0.056122448979591844,-0.005376196789757759,-0.056122448979591844,,no_event_raw_close,19443.877551020407,19443.877551020407,19864.285714285714,19076.020408163266,1.0510204081632653,corporate-actions-v2,candidate_no_known_unresolved_event,False
2021-01-15,ICT,27800.0,28000.0,27300.0,27900.0,19550.369140625,5640.0,157356000.0,finance_datareader_yahoo_hose,https://github.com/FinanceData/FinanceDataReader,2026-07-30T05:45:00.241499+00:00,2021-01-16,c04a833546540543331cc5d131c5b695bc94032f8c159c7140973ce4f6323063,finance-datareader-yahoo-hose-v2-business-day,real,VN000000ICT3,,-0.03460207612456745,-9.990219573818848e-08,-0.03460207612456745,,no_event_raw_close,30338.122307746635,30229.383518113133,30446.861097380133,29685.68956994563,1.0873878963350048,corporate-actions-v2,candidate_no_known_unresolved_event,False
2022-04-20,ICT,20400.0,21500.0,20400.0,20750.0,15731.8671875,389700.0,8086275000.0,finance_datareader_yahoo_hose,https://github.com/FinanceData/FinanceDataReader,2026-07-30T05:45:00.241499+00:00,2022-04-21,c04a833546540543331cc5d131c5b695bc94032f8c159c7140973ce4f6323063,finance-datareader-yahoo-hose-v2-business-day,real,VN000000ICT3,,-0.03935185185185186,0.022167541134017865,-0.03935185185185186,,no_event_raw_close,24121.453203447465,23714.58531808811,24993.312957788938,23714.58531808811,1.1624796724552995,corporate-actions-v2,candidate_no_known_unresolved_event,False
2022-10-14,ICT,16100.0,16800.0,16000.0,16250.0,12590.4853515625,1900.0,30875000.0,finance_datareader_yahoo_hose,https://github.com/FinanceData/FinanceDataReader,2026-07-30T05:45:00.241499+00:00,2022-10-15,c04a833546540543331cc5d131c5b695bc94032f8c159c7140973ce4f6323063,finance-datareader-yahoo-hose-v2-business-day,real,VN000000ICT3,,-0.0030674846625766694,0.018808754639306535,-0.0030674846625766694,,no_event_raw_close,19295.914501759893,19117.798367897492,19949.00699258869,18999.054278655894,1.1874408924159934,corporate-actions-v2,candidate_no_known_unresolved_event,False
2023-11-10,ICT,11550.0,11900.0,11500.0,11500.0,9662.1044921875,48300.0,555450000.0,finance_datareader_yahoo_hose,https://github.com/FinanceData/FinanceDataReader,2026-07-30T05:45:00.241499+00:00,2023-11-11,c04a833546540543331cc5d131c5b695bc94032f8c159c7140973ce4f6323063,finance-datareader-yahoo-hose-v2-business-day,real,VN000000ICT3,,-0.10505836575875482,-0.029535809107027355,-0.10505836575875482,,no_event_raw_close,14718.260555607585,14782.25299280588,15230.200053193936,14718.260555607585,1.279848743965877,corporate-actions-v2,candidate_no_known_unresolved_event,False
2024-08-15,ICT,12600.0,12650.0,12300.0,12400.0,10843.50390625,17100.0,212040000.0,finance_datareader_yahoo_hose,https://github.com/FinanceData/FinanceDataReader,2026-07-30T05:45:00.241499+00:00,2024-08-16,c04a833546540543331cc5d131c5b695bc94032f8c159c7140973ce4f6323063,finance-datareader-yahoo-hose-v2-business-day,real,VN000000ICT3,,-0.027450980392156876,0.012244941121815955,-0.027450980392156876,,no_event_raw_close,16492.482245772015,16758.49002392963,16824.991968469032,16359.47835669321,1.3300388907880658,corporate-actions-v2,candidate_no_known_unresolved_event,False
2025-06-06,ICT,13950.0,13950.0,13850.0,13900.0,13101.1494140625,161300.0,2242070000.0,finance_datareader_yahoo_hose,https://github.com/FinanceData/FinanceDataReader,2026-07-30T05:45:00.241499+00:00,2025-06-07,c04a833546540543331cc5d131c5b695bc94032f8c159c7140973ce4f6323063,finance-datareader-yahoo-hose-v2-business-day,real,VN000000ICT3,,0.0036101083032491488,0.08171207135525482,0.0036101083032491488,,no_event_raw_close,19822.38105718544,19893.68458616812,19893.68458616812,19751.07752820276,1.4260705796536288,corporate-actions-v2,candidate_no_known_unresolved_event,False
2022-09-26,IDI,19900.0,20100.0,18800.0,18800.0,18800.0,4047200.0,76087360000.0,finance_datareader_yahoo_hose,https://github.com/FinanceData/FinanceDataReader,2026-07-30T05:43:18.518731+00:00,2022-09-27,444ae557be9c4ba958a8be653a915ecbfd2189ccfdfa78607ca1849429773604,finance-datareader-yahoo-hose-v2-business-day,real,VN000000IDI4,,-0.11529411764705877,-0.06000000000000005,-0.11529411764705877,,no_event_raw_close,20127.058823529384,21304.70588235291,21518.823529411733,20127.058823529384,1.070588235294116,corporate-actions-v2,blocked_unresolved_material_event,False
2020-08-07,IJC,9439.6552734375,9439.6552734375,9094.8271484375,9224.1376953125,6969.03955078125,130314.0,1202034279.6269531,finance_datareader_yahoo_hose,https://github.com/FinanceData/FinanceDataReader,2026-07-30T05:41:22.623627+00:00,2020-08-08,ad4aba23293ff5ac96da3995ae9510f692034d871006d52646bd49bf15d8bd08,finance-datareader-yahoo-hose-v2-business-day,real,VN000000IJC4,,-0.04035880589984986,-0.005734622007113499,-0.04035880589984986,,no_event_raw_close,9703.958292362575,9930.6866499042,9930.6866499042,9567.9212778376,1.052017935215116,corporate-actions-v2,blocked_unresolved_material_event,False
2020-11-20,IJC,11379.310546875,11594.8271484375,11379.310546875,11422.4140625,8879.73046875,824586.0,9418762722.140625,finance_datareader_yahoo_hose,https://github.com/FinanceData/FinanceDataReader,2026-07-30T05:41:22.623627+00:00,2020-11-21,ad4aba23293ff5ac96da3995ae9510f692034d871006d52646bd49bf15d8bd08,finance-datareader-yahoo-hose-v2-business-day,real,VN000000IJC4,,-0.03985505253664212,-0.012057709509995851,-0.03985505253664212,,no_event_raw_close,12521.629309772175,12474.377805698605,12710.634255526238,12474.377805698605,1.0962331816424795,corporate-actions-v2,blocked_unresolved_material_event,False
2021-07-15,IJC,21551.724609375,21551.724609375,21551.724609375,21551.724609375,17573.013671875,0.0,0.0,finance_datareader_yahoo_hose,https://github.com/FinanceData/FinanceDataReader,2026-07-30T05:41:22.623627+00:00,2021-07-16,ad4aba23293ff5ac96da3995ae9510f692034d871006d52646bd49bf15d8bd08,finance-datareader-yahoo-hose-v2-business-day,real,VN000000IJC4,,0.0,0.048871459087477476,0.0,,no_event_raw_close,25270.065410881412,25270.065410881412,25270.065410881412,25270.065410881412,1.1725310094157817,corporate-actions-v2,blocked_unresolved_material_event,False
2023-06-30,IJC,14650.0,14650.0,14300.0,14300.0,12524.6015625,2955300.0,42260790000.0,finance_datareader_yahoo_hose,https://github.com/FinanceData/FinanceDataReader,2026-07-30T05:41:22.623627+00:00,2023-07-01,ad4aba23293ff5ac96da3995ae9510f692034d871006d52646bd49bf15d8bd08,finance-datareader-yahoo-hose-v2-business-day,real,VN000000IJC4,,-0.09206349206349207,-0.024742798299146496,-0.09206349206349207,,no_event_raw_close,21178.82832945022,21697.19126059061,21697.19126059061,21178.82832945022,1.4810369461154,corporate-actions-v2,blocked_unresolved_material_event,False
2024-09-27,IJC,13850.0,13900.0,13650.0,13700.0,12533.7978515625,2524400.0,34584280000.0,finance_datareader_yahoo_hose,https://github.com/FinanceData/FinanceDataReader,2026-07-30T05:41:22.623627+00:00,2024-09-28,ad4aba23293ff5ac96da3995ae9510f692034d871006d52646bd49bf15d8bd08,finance-datareader-yahoo-hose-v2-business-day,real,VN000000IJC4,,-0.038596491228070184,0.004245659038392358,-0.038596491228070184,,no_event_raw_close,21286.91804341234,21519.98648914313,21597.675971053395,21209.228561502077,1.5537896382052803,corporate-actions-v2,blocked_unresolved_material_event,False
2025-09-17,IJC,14600.0,14650.0,13700.0,14100.0,13361.7802734375,17728100.0,249966210000.0,finance_datareader_yahoo_hose,https://github.com/FinanceData/FinanceDataReader,2026-07-30T05:41:22.623627+00:00,2025-09-18,ad4aba23293ff5ac96da3995ae9510f692034d871006d52646bd49bf15d8bd08,finance-datareader-yahoo-hose-v2-business-day,real,VN000000IJC4,,-0.024882699434598865,0.010043249087415163,-0.024882699434598865,,no_event_raw_close,22665.997477521072,23469.75625331969,23550.132130899554,22022.990456882177,1.607517551597239,corporate-actions-v2,blocked_unresolved_material_event,False
2020-07-02,ILB,16700.0,16700.0,15000.0,16000.0,12038.7470703125,32730.0,523680000.0,finance_datareader_yahoo_hose,https://github.com/FinanceData/FinanceDataReader,2026-07-30T05:44:04.637120+00:00,2020-07-03,316a33b14138a9af0156017190015c6b544699f797e17f89532230f9b51c3a09,finance-datareader-yahoo-hose-v2-business-day,real,VN000000ILB2,,-0.08571428571428574,-0.020025611325519277,-0.08571428571428574,,no_event_raw_close,17371.428571428598,18131.428571428598,18131.428571428598,16285.714285714312,1.0857142857142874,corporate-actions-v2,blocked_unresolved_material_event,False
2021-06-18,ILB,26800.0,26900.0,26600.0,26850.0,21400.296875,101900.0,2736015000.0,finance_datareader_yahoo_hose,https://github.com/FinanceData/FinanceDataReader,2026-07-30T05:44:04.637120+00:00,2021-06-19,316a33b14138a9af0156017190015c6b544699f797e17f89532230f9b51c3a09,finance-datareader-yahoo-hose-v2-business-day,real,VN000000ILB2,,0.001865671641791078,0.06126469560689496,0.001865671641791078,,no_event_raw_close,29151.428571428598,29097.142857142884,29205.71428571431,28880.00000000003,1.0857142857142867,corporate-actions-v2,blocked_unresolved_material_event,False
2021-06-25,ILB,27000.0,27000.0,25000.0,25050.0,20863.771484375,72400.0,1813620000.0,finance_datareader_yahoo_hose,https://github.com/FinanceData/FinanceDataReader,2026-07-30T05:44:04.637120+00:00,2021-06-26,316a33b14138a9af0156017190015c6b544699f797e17f89532230f9b51c3a09,finance-datareader-yahoo-hose-v2-business-day,real,VN000000ILB2,,-0.08073394495412844,-0.03938189877236753,-0.08073394495412844,,no_event_raw_close,28694.233289646152,30927.916120576687,30927.916120576687,28636.95937090434,1.1454783748361737,corporate-actions-v2,blocked_unresolved_material_event,False
2022-07-20,ILB,33500.0,35000.0,33500.0,34850.0,30044.65234375,2800.0,97580000.0,finance_datareader_yahoo_hose,https://github.com/FinanceData/FinanceDataReader,2026-07-30T05:44:04.637120+00:00,2022-07-21,316a33b14138a9af0156017190015c6b544699f797e17f89532230f9b51c3a09,finance-datareader-yahoo-hose-v2-business-day,real,VN000000ILB2,,0.007225433526011571,0.04257178055547883,0.007225433526011571,,no_event_raw_close,41650.55379207417,40037.11770543715,41829.82446836717,40037.11770543715,1.1951378419533478,corporate-actions-v2,blocked_unresolved_material_event,False
2023-09-08,ILB,30800.0,31000.0,30000.0,31000.0,28056.697265625,16100.0,499100000.0,finance_datareader_yahoo_hose,https://github.com/FinanceData/FinanceDataReader,2026-07-30T05:44:04.637120+00:00,2023-09-09,316a33b14138a9af0156017190015c6b544699f797e17f89532230f9b51c3a09,finance-datareader-yahoo-hose-v2-business-day,real,VN000000ILB2,,-0.054878048780487854,-0.007802051486853756,-0.054878048780487854,,no_event_raw_close,39297.07960878853,39043.55006292538,39297.07960878853,38029.43187947277,1.267647729315759,corporate-actions-v2,blocked_unresolved_material_event,False
2024-08-30,ILB,33700.0,34700.0,33700.0,34600.0,32841.81640625,16100.0,557060000.0,finance_datareader_yahoo_hose,https://github.com/FinanceData/FinanceDataReader,2026-07-30T05:44:04.637120+00:00,2024-08-31,316a33b14138a9af0156017190015c6b544699f797e17f89532230f9b51c3a09,finance-datareader-yahoo-hose-v2-business-day,real,VN000000ILB2,,-0.05205479452054795,-0.005832798854228161,-0.05205479452054795,,no_event_raw_close,46392.51029164374,45185.768694462255,46526.592691330574,45185.768694462255,1.3408239968683162,corporate-actions-v2,blocked_unresolved_material_event,False
2025-08-29,ILB,28850.0,29000.0,28850.0,29000.0,29000.0,11300.0,327700000.0,finance_datareader_yahoo_hose,https://github.com/FinanceData/FinanceDataReader,2026-07-30T05:44:04.637120+00:00,2025-08-30,316a33b14138a9af0156017190015c6b544699f797e17f89532230f9b51c3a09,finance-datareader-yahoo-hose-v2-business-day,real,VN000000ILB2,,0.005199306759098743,0.05901256208004679,0.005199306759098743,,no_event_raw_close,40859.76389541548,40648.42028905988,40859.76389541548,40648.42028905988,1.4089573757039822,corporate-actions-v2,blocked_unresolved_material_event,False
2020-07-15,IMP,44761.90625,44761.90625,43809.5234375,44095.23828125,41662.453125,164587.0,7257502982.996094,finance_datareader_yahoo_hose,https://github.com/FinanceData/FinanceDataReader,2026-07-30T05:41:10.704744+00:00,2020-07-16,0810862be64709b4b69e6204814de5228f0b12590e03c6c90925baf8a5bc7a8a,finance-datareader-yahoo-hose-v2-business-day,real,VN000000IMP0,,0.032364844151824945,0.04293506916141099,0.032364844151824945,,no_event_raw_close,45127.60312540186,45809.87923236556,45809.87923236556,44835.199079560276,1.0234121615936667,corporate-actions-v2,blocked_unresolved_material_event,False
2022-05-26,IMP,63809.5234375,63809.5234375,62952.3828125,63809.5234375,61430.609375,1995.0,127299999.2578125,finance_datareader_yahoo_hose,https://github.com/FinanceData/FinanceDataReader,2026-07-30T05:41:10.704744+00:00,2022-05-27,0810862be64709b4b69e6204814de5228f0b12590e03c6c90925baf8a5bc7a8a,finance-datareader-yahoo-hose-v2-business-day,real,VN000000IMP0,,-0.002976196289062538,0.007243384164009603,-0.002976196289062538,,no_event_raw_close,68149.78594657622,68149.78594657622,68149.78594657622,67234.34343936051,1.06801903971791,corporate-actions-v2,blocked_unresolved_material_event,False
2020-04-06,ITC,9241.171875,9241.171875,9241.171875,9241.171875,8639.9990234375,4205.0,38859127.734375,finance_datareader_yahoo_hose,https://github.com/FinanceData/FinanceDataReader,2026-07-30T05:43:46.226622+00:00,2020-04-07,03bb71d366bd5a61f01115bfaf4d0addb904b9ef79a27d5da56f73a878b669f6,finance-datareader-yahoo-hose-v2-business-day,real,VN000000ITC3,,-0.06413042930020929,-0.028947431386455724,-0.06413042930020929,,no_event_raw_close,10171.165254099893,10171.165254099893,10171.165254099893,10171.165254099893,1.1006358708267066,corporate-actions-v2,candidate_no_known_unresolved_event,False
2021-01-15,ITC,15041.322265625,15702.4794921875,14793.388671875,15702.4794921875,15702.4794921875,9401.0,147619009.7060547,finance_datareader_yahoo_hose,https://github.com/FinanceData/FinanceDataReader,2026-07-30T05:43:46.226622+00:00,2021-01-16,f440eb04732ab9c3aeb9f2e1c5ff54a391c61d10625bea77f56eaa7a2cd916bc,finance-datareader-yahoo-hose-v2-business-day,real,VN000000ITC3,,0.0215054152812566,0.09258198744756507,0.0215054152812566,,no_event_raw_close,19010.98340902451,18210.520713232425,19010.98340902451,17910.347645681777,1.2106994579093766,corporate-actions-v2,candidate_no_known_unresolved_event,False
2020-11-17,ITD,7206.57861328125,7206.57861328125,6812.11328125,6827.28466796875,6425.6796875,140906.0,962005373.4248047,finance_datareader_yahoo_hose,https://github.com/FinanceData/FinanceDataReader,2026-07-30T05:55:44.843227+00:00,2020-11-18,afee2b6f1bf13f161c29314cd89ed051c76f349aeece31286a651eee21b50286,finance-datareader-yahoo-hose-v2-business-day,real,VN000000ITD1,,-0.12195126392976552,-0.02702704301303438,-0.12195126392976552,,no_event_raw_close,6827.2846679687445,7206.5786132812445,7206.5786132812445,6812.1132812499945,0.9999999999999992,corporate-actions-v2,blocked_unresolved_material_event,False
2020-08-28,KDC,35600.0,36800.0,35600.0,36000.0,29556.8359375,950620.0,34222320000.0,finance_datareader_yahoo_hose,https://github.com/FinanceData/FinanceDataReader,2026-07-30T05:39:45.044660+00:00,2020-08-29,aee81899773f4db4e1c52de4e057bea33b1f5d24145e59646e39fecf2db404d4,finance-datareader-yahoo-hose-v2-business-day,real,VN000000KDC3,,-0.021739130434782594,0.019127934493935905,-0.021739130434782594,,no_event_raw_close,37565.21739130435,37147.82608695653,38400.00000000001,37147.82608695653,1.0434782608695654,corporate-actions-v2,blocked_unresolved_material_event,False
2020-12-18,KDC,37700.0,38400.0,37700.0,38100.0,32051.8203125,631700.0,24067770000.0,finance_datareader_yahoo_hose,https://github.com/FinanceData/FinanceDataReader,2026-07-30T05:39:45.044660+00:00,2020-12-19,aee81899773f4db4e1c52de4e057bea33b1f5d24145e59646e39fecf2db404d4,finance-datareader-yahoo-hose-v2-business-day,real,VN000000KDC3,,-0.006518904823989535,0.017962706430065367,-0.006518904823989535,,no_event_raw_close,40793.1976645315,40364.92262343406,41114.403945354585,40364.92262343406,1.070687602743609,corporate-actions-v2,blocked_unresolved_material_event,False
2022-04-20,KDC,52700.0,52700.0,51700.0,52500.0,45045.29296875,1627200.0,85428000000.0,finance_datareader_yahoo_hose,https://github.com/FinanceData/FinanceDataReader,2026-07-30T05:39:45.044660+00:00,2022-04-21,aee81899773f4db4e1c52de4e057bea33b1f5d24145e59646e39fecf2db404d4,finance-datareader-yahoo-hose-v2-business-day,real,VN000000KDC3,,-0.009433962264150941,0.0010178935194489203,-0.009433962264150941,,no_event_raw_close,56770.4135633832,56986.68180552941,56986.68180552941,55905.340594798305,1.0813412107311084,corporate-actions-v2,blocked_unresolved_material_event,False
2023-03-20,KDC,54900.0,55900.0,52900.0,52900.0,50309.68359375,3139700.0,166090130000.0,finance_datareader_yahoo_hose,https://github.com/FinanceData/FinanceDataReader,2026-07-30T05:39:45.044660+00:00,2023-03-21,0c7b1d0819ff195c39cdfecfbdd6498f12afdd81032afa8c4b80eeb244beb9b3,finance-datareader-yahoo-hose-v2-business-day,real,VN000000KDC3,,-0.04339963833634719,0.05168977138512032,-0.04339963833634719,,no_event_raw_close,57707.681959861,59889.446873277295,60980.32932998544,57707.681959861,1.0908824567081474,corporate-actions-v2,blocked_unresolved_material_event,False
2024-01-12,KDC,62300.0,62300.0,61600.0,61800.0,59647.10546875,721300.0,44576340000.0,finance_datareader_yahoo_hose,https://github.com/FinanceData/FinanceDataReader,2026-07-30T05:39:45.044660+00:00,2024-01-13,aee81899773f4db4e1c52de4e057bea33b1f5d24145e59646e39fecf2db404d4,finance-datareader-yahoo-hose-v2-business-day,real,VN000000KDC3,,-0.01904761904761909,-0.004473384976261707,-0.01904761904761909,,no_event_raw_close,68486.63956781055,69040.73859344008,69040.73859344008,68264.99995755873,1.1081980512590703,corporate-actions-v2,blocked_unresolved_material_event,False
2024-10-15,KDC,51200.0,51200.0,50500.0,50600.0,49416.37109375,541700.0,27410020000.0,finance_datareader_yahoo_hose,https://github.com/FinanceData/FinanceDataReader,2026-07-30T05:39:45.044660+00:00,2024-10-16,aee81899773f4db4e1c52de4e057bea33b1f5d24145e59646e39fecf2db404d4,finance-datareader-yahoo-hose-v2-business-day,real,VN000000KDC3,,-0.01171875,0.0,-0.01171875,,no_event_raw_close,56731.94820691652,57404.659055219876,57404.659055219876,56619.82973219929,1.1211847471722631,corporate-actions-v2,blocked_unresolved_material_event,False
2020-08-20,KDH,14405.375,14529.55859375,14281.1904296875,14467.466796875,14467.466796875,457368.0,6616956353.953125,finance_datareader_yahoo_hose,https://github.com/FinanceData/FinanceDataReader,2026-07-30T05:39:21.128399+00:00,2020-08-21,9c7bdd9ceb0293aa6454ef443ef00e9b51bbeb73f1677e0b77579de5bdde7453,finance-datareader-yahoo-hose-v2-business-day,real,VN000000KDH2,,-0.003462293584010956,0.017255742209365543,-0.003462293584010956,,no_event_raw_close,15190.840136718743,15125.643749999994,15256.036523437495,14995.249951171869,1.0499999999999996,corporate-actions-v2,blocked_unresolved_material_event,False
2020-07-22,KHP,5422.1962890625,5666.9033203125,5422.1962890625,5666.9033203125,4106.9423828125,69972.0,396524559.12890625,finance_datareader_yahoo_hose,https://github.com/FinanceData/FinanceDataReader,2026-07-30T05:44:53.864874+00:00,2020-07-23,f88685633165c3f0746e178d0cf4026a172ebc8b1399d20b59c8f67e23b62f5e,finance-datareader-yahoo-hose-v2-business-day,real,VN000000KHP6,,-0.022222255921794054,0.0,-0.022222255921794054,,no_event_raw_close,5862.458869128139,5609.3073991626225,5862.45886912814,5609.3073991626225,1.034508361579893,corporate-actions-v2,blocked_unresolved_material_event,False
2021-06-01,KHP,6040.40380859375,6040.40380859375,6004.341796875,6013.357421875,4546.7705078125,7819.0,47018441.681640625,finance_datareader_yahoo_hose,https://github.com/FinanceData/FinanceDataReader,2026-07-30T05:44:53.864874+00:00,2021-06-02,f88685633165c3f0746e178d0cf4026a172ebc8b1399d20b59c8f67e23b62f5e,finance-datareader-yahoo-hose-v2-business-day,real,VN000000KHP6,,-0.0014970220094018272,0.04174795720635527,-0.0014970220094018272,,no_event_raw_close,6220.868534098201,6248.848247309271,6248.848247309271,6211.541794650831,1.0345083615798938,corporate-actions-v2,blocked_unresolved_material_event,False
2021-11-15,KHP,12802.0498046875,13027.4384765625,12711.89453125,13027.4384765625,10031.9375,1482553.0,19313867995.743164,finance_datareader_yahoo_hose,https://github.com/FinanceData/FinanceDataReader,2026-07-30T05:44:53.864874+00:00,2021-11-16,03547996f280d9475e3060ab4a66bf33b45e24df0e48864119b681822e3f9710,finance-datareader-yahoo-hose-v2-business-day,real,VN000000KHP6,,0.04710148482463494,0.06642062053703146,0.04710148482463494,,no_event_raw_close,13747.802844339996,13509.951095520779,13747.802844339994,13414.81060210558,1.0552959332007972,corporate-actions-v2,blocked_unresolved_material_event,False
2022-03-07,KHP,15723.4189453125,16481.173828125,15723.4189453125,16102.296875,12587.076171875,423461.0,6818694736.984375,finance_datareader_yahoo_hose,https://github.com/FinanceData/FinanceDataReader,2026-07-30T05:44:53.864874+00:00,2022-03-08,03547996f280d9475e3060ab4a66bf33b45e24df0e48864119b681822e3f9710,finance-datareader-yahoo-hose-v2-business-day,real,VN000000KHP6,,0.011904742178884709,0.027190184494975345,0.011904742178884709,,no_event_raw_close,17417.505617563886,17007.681570725657,17827.328608075615,17007.681570725657,1.0816783315308167,corporate-actions-v2,blocked_unresolved_material_event,False
2023-03-20,KHP,7679.61181640625,7873.78662109375,7679.61181640625,7766.990234375,6460.1083984375,98571.0,765599994.3925781,finance_datareader_yahoo_hose,https://github.com/FinanceData/FinanceDataReader,2026-07-30T05:44:53.864874+00:00,2023-03-21,03547996f280d9475e3060ab4a66bf33b45e24df0e48864119b681822e3f9710,finance-datareader-yahoo-hose-v2-business-day,real,VN000000KHP6,,-0.03730443236606218,0.024327810864006594,-0.03730443236606218,,no_event_raw_close,9145.099718055588,9042.217607815048,9270.845158258215,9042.217607815048,1.1774315973234235,corporate-actions-v2,blocked_unresolved_material_event,False
2023-05-24,KHP,8805.8251953125,9029.1259765625,8805.8251953125,8951.4560546875,7650.0400390625,73439.0,657385981.2001953,finance_datareader_yahoo_hose,https://github.com/FinanceData/FinanceDataReader,2026-07-30T05:44:53.864874+00:00,2023-05-25,f88685633165c3f0746e178d0cf4026a172ebc8b1399d20b59c8f67e23b62f5e,finance-datareader-yahoo-hose-v2-business-day,real,VN000000KHP6,,-0.012847969197871234,0.014301411910378814,-0.012847969197871234,,no_event_raw_close,10830.303198948244,10654.10545497019,10924.275486608014,10654.10545497019,1.2098929082355123,corporate-actions-v2,blocked_unresolved_material_event,False
2024-03-22,KHP,9077.669921875,9077.669921875,8951.4560546875,9029.1259765625,8216.9423828125,76632.0,691919981.8359375,finance_datareader_yahoo_hose,https://github.com/FinanceData/FinanceDataReader,2026-07-30T05:44:53.864874+00:00,2024-03-23,f88685633165c3f0746e178d0cf4026a172ebc8b1399d20b59c8f67e23b62f5e,finance-datareader-yahoo-hose-v2-business-day,real,VN000000KHP6,,-0.0558375536028608,0.0054053621307046384,-0.0558375536028608,,no_event_raw_close,11609.676755478928,11672.094703237846,11672.094703237846,11509.808541331433,1.2858029432322613,corporate-actions-v2,blocked_unresolved_material_event,False
2025-05-26,KHP,11407.7666015625,11699.029296875,11407.7666015625,11407.7666015625,10843.025390625,693808.0,7914799730.296875,finance_datareader_yahoo_hose,https://github.com/FinanceData/FinanceDataReader,2026-07-30T05:44:53.864874+00:00,2025-05-27,03547996f280d9475e3060ab4a66bf33b45e24df0e48864119b681822e3f9710,finance-datareader-yahoo-hose-v2-business-day,real,VN000000KHP6,,0.0,0.044444438173345535,0.0,,no_event_raw_close,15311.041343611889,15311.041343611889,15701.96231224134,15311.041343611889,1.342159414579429,corporate-actions-v2,blocked_unresolved_material_event,False
2020-08-20,L10,13750.0,13750.0,13750.0,13750.0,10073.2529296875,0.0,0.0,finance_datareader_yahoo_hose,https://github.com/FinanceData/FinanceDataReader,2026-08-13T08:22:14.659689+00:00,2020-08-21,ac1c09449ec9332581b8ee09856ba950a37b4ab53fdfe9e523154300ecf11837,finance-datareader-yahoo-hose-v2-business-day,real,VN000000L102,unverified,0.0,0.07843141559890054,0.0,,no_event_raw_close,14750.000000000015,14750.000000000016,14750.000000000016,14750.000000000016,1.0727272727272739,corporate-actions-v2,candidate_no_known_unresolved_event,False
2021-06-04,L10,18400.0,18400.0,18400.0,18400.0,14254.546875,0.0,0.0,finance_datareader_yahoo_hose,https://github.com/FinanceData/FinanceDataReader,2026-08-13T08:22:14.659689+00:00,2021-06-05,ac1c09449ec9332581b8ee09856ba950a37b4ab53fdfe9e523154300ecf11837,finance-datareader-yahoo-hose-v2-business-day,real,VN000000L102,unverified,0.0,0.057471301007240294,0.0,,no_event_raw_close,20810.909090909103,20810.909090909103,20810.909090909103,20810.909090909103,1.1310276679841904,corporate-actions-v2,candidate_no_known_unresolved_event,False
2022-08-05,L10,28500.0,28500.0,28500.0,28500.0,22881.92578125,0.0,0.0,finance_datareader_yahoo_hose,https://github.com/FinanceData/FinanceDataReader,2026-08-13T08:22:14.659689+00:00,2022-08-06,ac1c09449ec9332581b8ee09856ba950a37b4ab53fdfe9e523154300ecf11837,finance-datareader-yahoo-hose-v2-business-day,real,VN000000L102,unverified,0.0,0.03636356398682827,0.0,,no_event_raw_close,33365.31620553364,33365.31620553364,33365.31620553364,33365.31620553364,1.1707128493169698,corporate-actions-v2,candidate_no_known_unresolved_event,False
2023-05-29,L10,20700.0,20700.0,20700.0,20700.0,17463.13671875,0.0,0.0,finance_datareader_yahoo_hose,https://github.com/FinanceData/FinanceDataReader,2026-08-13T08:22:14.659689+00:00,2023-05-30,9daa5905c07a1caf5f73c843dbc731aecd9b1628260c742eff1efd68ce346a51,finance-datareader-yahoo-hose-v2-business-day,real,VN000000L102,unverified,0.0,0.05076148872976938,0.0,,no_event_raw_close,25404.468830178248,25404.468830178244,25404.468830178244,25404.468830178244,1.2272690256124756,corporate-actions-v2,candidate_no_known_unresolved_event,False
2024-05-27,L10,21000.0,21000.0,21000.0,21000.0,18544.0859375,1800.0,37800000.0,finance_datareader_yahoo_hose,https://github.com/FinanceData/FinanceDataReader,2026-08-13T08:22:14.659689+00:00,2024-05-28,9daa5905c07a1caf5f73c843dbc731aecd9b1628260c742eff1efd68ce346a51,finance-datareader-yahoo-hose-v2-business-day,real,VN000000L102,unverified,-0.0625,-0.018691589750978288,-0.0625,,no_event_raw_close,26923.214249373654,26923.214249373654,26923.214249373654,26923.214249373654,1.2820578213987455,corporate-actions-v2,candidate_no_known_unresolved_event,False
2025-05-28,L10,22400.0,22400.0,22400.0,22400.0,21200.0,0.0,0.0,finance_datareader_yahoo_hose,https://github.com/FinanceData/FinanceDataReader,2026-08-13T08:22:14.659689+00:00,2025-05-29,ac1c09449ec9332581b8ee09856ba950a37b4ab53fdfe9e523154300ecf11837,finance-datareader-yahoo-hose-v2-business-day,real,VN000000L102,unverified,0.0,0.07177031981004678,0.0,,no_event_raw_close,30641.181931430012,30641.181931430012,30641.181931430012,30641.181931430012,1.3679099076531256,corporate-actions-v2,candidate_no_known_unresolved_event,False
2023-07-18,LAF,15350.0,15500.0,15300.0,15300.0,12011.623046875,2300.0,35190000.0,finance_datareader_yahoo_hose,https://github.com/FinanceData/FinanceDataReader,2026-07-30T05:55:57.190371+00:00,2023-07-19,945102a59020f02ff463b05d0d5746c05364b4514d7b1f4e6a20878a037a4152,finance-datareader-yahoo-hose-v2-business-day,real,VN000000LAF0,,-0.09467455621301779,-0.006493545306759274,-0.09467455621301779,,no_event_raw_close,16657.98816568045,16712.426035502936,16875.739644970392,16657.98816568045,1.0887573964497026,corporate-actions-v2,blocked_unresolved_material_event,False
2024-03-15,LAF,15000.0,15150.0,14450.0,14500.0,12488.7646484375,66900.0,970050000.0,finance_datareader_yahoo_hose,https://github.com/FinanceData/FinanceDataReader,2026-07-30T05:55:57.190371+00:00,2024-03-16,945102a59020f02ff463b05d0d5746c05364b4514d7b1f4e6a20878a037a4152,finance-datareader-yahoo-hose-v2-business-day,real,VN000000LAF0,,-0.14454277286135697,-0.061488679076631025,-0.14454277286135697,,no_event_raw_close,15786.982248520662,16331.360946745512,16494.67455621297,15732.544378698178,1.0887573964497008,corporate-actions-v2,blocked_unresolved_material_event,False
2025-03-12,LAF,20600.0,21000.0,20000.0,20150.0,18615.736328125,18300.0,368745000.0,finance_datareader_yahoo_hose,https://github.com/FinanceData/FinanceDataReader,2026-07-30T05:55:57.190371+00:00,2025-03-13,945102a59020f02ff463b05d0d5746c05364b4514d7b1f4e6a20878a037a4152,finance-datareader-yahoo-hose-v2-business-day,real,VN000000LAF0,,-0.09029345372460496,-0.024213013336522038,-0.09029345372460496,,no_event_raw_close,21938.461538461466,22428.402366863833,22863.905325443713,21775.14792899401,1.0887573964497006,corporate-actions-v2,blocked_unresolved_material_event,False
2020-03-20,LBM,12950.0,12950.0,12950.0,12950.0,10504.919921875,60.0,777000.0,finance_datareader_yahoo_hose,https://github.com/FinanceData/FinanceDataReader,2026-07-30T05:42:56.041979+00:00,2020-03-21,b1a1a3844005460a1344d19cfbdb9d3c7efdbbc55e257fce6cb03dd47578fae7,finance-datareader-yahoo-hose-v2-business-day,real,VN000000LBM4,,-0.0038461538461538325,0.014885181672013914,-0.0038461538461538325,,no_event_raw_close,13946.153846153842,13946.153846153842,13946.153846153842,13946.153846153842,1.0769230769230766,corporate-actions-v2,blocked_unresolved_material_event,False
2020-11-17,LBM,16650.0,16950.0,16375.0,16375.0,13570.5478515625,2020.0,33077500.0,finance_datareader_yahoo_hose,https://github.com/FinanceData/FinanceDataReader,2026-07-30T05:42:56.041979+00:00,2020-11-18,b1a1a3844005460a1344d19cfbdb9d3c7efdbbc55e257fce6cb03dd47578fae7,finance-datareader-yahoo-hose-v2-business-day,real,VN000000LBM4,,-0.03676470588235292,-0.01593128350899109,-0.03676470588235292,,no_event_raw_close,19190.61085972849,19512.895927601792,19864.47963800903,19190.61085972849,1.171945701357465,corporate-actions-v2,blocked_unresolved_material_event,False
2021-09-22,LBM,32650.0,32650.0,32650.0,32650.0,27600.625,0.0,0.0,finance_datareader_yahoo_hose,https://github.com/FinanceData/FinanceDataReader,2026-07-30T05:42:56.041979+00:00,2021-09-23,b1a1a3844005460a1344d19cfbdb9d3c7efdbbc55e257fce6cb03dd47578fae7,finance-datareader-yahoo-hose-v2-business-day,real,VN000000LBM4,,0.0,0.011145951626056139,0.0,,no_event_raw_close,41477.28918140681,41477.28918140681,41477.28918140681,41477.28918140681,1.2703610775316023,corporate-actions-v2,blocked_unresolved_material_event,False
2023-03-24,LBM,40650.0,41400.0,40500.0,41100.0,35539.796875,5800.0,238380000.0,finance_datareader_yahoo_hose,https://github.com/FinanceData/FinanceDataReader,2026-07-30T05:42:56.041979+00:00,2023-03-25,b1a1a3844005460a1344d19cfbdb9d3c7efdbbc55e257fce6cb03dd47578fae7,finance-datareader-yahoo-hose-v2-business-day,real,VN000000LBM4,,-0.010830324909747335,-0.00044033329978832025,-0.010830324909747335,,no_event_raw_close,54131.09966077836,53538.4233871202,54526.21717655046,53340.864629234144,1.317058385907016,corporate-actions-v2,blocked_unresolved_material_event,False
2023-05-17,LBM,42100.0,42800.0,41700.0,42300.0,36989.76953125,12700.0,537210000.0,finance_datareader_yahoo_hose,https://github.com/FinanceData/FinanceDataReader,2026-07-30T05:42:56.041979+00:00,2023-05-18,b1a1a3844005460a1344d19cfbdb9d3c7efdbbc55e257fce6cb03dd47578fae7,finance-datareader-yahoo-hose-v2-business-day,real,VN000000LBM4,,-0.017421602787456414,-0.006345533346631904,-0.017421602787456414,,no_event_raw_close,57005.68284172667,56736.152426399356,57679.50888004495,56197.09159574473,1.3476520766365643,corporate-actions-v2,blocked_unresolved_material_event,False
2024-03-19,LBM,42500.0,42500.0,41500.0,42250.0,37942.0390625,18500.0,781625000.0,finance_datareader_yahoo_hose,https://github.com/FinanceData/FinanceDataReader,2026-07-30T05:42:56.041979+00:00,2024-03-20,b1a1a3844005460a1344d19cfbdb9d3c7efdbbc55e257fce6cb03dd47578fae7,finance-datareader-yahoo-hose-v2-business-day,real,VN000000LBM4,,-0.03096330275229353,-0.014696630426204282,-0.03096330275229353,,no_event_raw_close,60112.81492271977,60468.512052440004,60468.512052440004,59045.72353355906,1.4227885188809413,corporate-actions-v2,blocked_unresolved_material_event,False
2024-12-10,LBM,53906.24320637799,53906.24320637799,53508.411153194385,53806.78519308209,50041.86814610274,13500.0,726391600.1066082,fdr_segment_scaled_by_cafef_crosscheck,https://cafef.vn/du-lieu/lich-su-giao-dich-hose/all-1.chn,2026-07-30T05:42:56.041979+00:00,2024-12-11,f5e4d04a94fcf7cbf409124b93d1af7d418cfe65583791c2fe7d41706e491812,fdr-cafef-segment-scale-v1,real,VN000000LBM4,,-0.03046594982078843,0.0040736588742162905,-0.03046594982078843,,no_event_raw_close,77935.11812586944,78079.17564551061,78079.17564551061,77502.94556694594,1.448425469877162,corporate-actions-v2,blocked_unresolved_material_event,False
2025-12-04,LBM,71609.76957304825,73002.18175919086,70913.56347997695,70913.56347997695,70913.56347997695,49700.0,3524404104.9548545,fdr_segment_scaled_by_cafef_crosscheck,https://cafef.vn/du-lieu/lich-su-giao-dich-hose/all-1.chn,2026-07-30T05:42:56.041979+00:00,2025-12-05,f5e4d04a94fcf7cbf409124b93d1af7d418cfe65583791c2fe7d41706e491812,fdr-cafef-segment-scale-v1,real,VN000000LBM4,,-0.06797385620915031,-0.005596461795755681,-0.06797385620915031,,no_event_raw_close,106517.34997037107,107563.10235437192,109654.6071223736,106517.34997037107,1.5020730131612574,corporate-actions-v2,blocked_unresolved_material_event,False
2023-05-19,LCG,11214.953125,11355.140625,11121.4951171875,11121.4951171875,9810.0478515625,7553237.0,84003288414.45996,finance_datareader_yahoo_hose,https://github.com/FinanceData/FinanceDataReader,2026-07-30T05:42:51.904235+00:00,2023-05-20,d6dd51160f7a4e17d59a043c1265ce891bc288a3ed968cef1e637206314043ed,finance-datareader-yahoo-hose-v2-business-day,real,VN000000LCG4,,-0.04800003209999948,0.008474589032727797,-0.04800003209999948,,no_event_raw_close,16835.01575716199,16976.486577189135,17188.693546359118,16835.01575716199,1.5137367395094783,corporate-actions-v2,blocked_unresolved_material_event,False
2024-08-05,LCG,9813.083984375,9813.083984375,9485.9814453125,9766.35546875,9028.8740234375,1545401.0,15092935507.761719,finance_datareader_yahoo_hose,https://github.com/FinanceData/FinanceDataReader,2026-07-30T05:42:51.904235+00:00,2024-08-06,2a615fe2ef485db6c67ebf6750a6cb092e7ab82c26137c12532733978a63e8d2,finance-datareader-yahoo-hose-v2-business-day,real,VN000000LCG4,,-0.041284383441458794,0.004807674542701923,-0.041284383441458794,,no_event_raw_close,15509.312609919285,15583.519120110788,15583.519120110788,15064.068896324497,1.5880348262507313,corporate-actions-v2,blocked_unresolved_material_event,False
2020-09-21,LGC,43600.0,48500.0,43600.0,48500.0,44354.83984375,2610.0,126585000.0,finance_datareader_yahoo_hose,https://github.com/FinanceData/FinanceDataReader,2026-07-30T05:39:42.802375+00:00,2020-09-22,b28bb2b05b46343c2b9ebe2d3d4c1aff3cafb97414b7e7e1967ac871f67641f9,finance-datareader-yahoo-hose-v2-business-day,real,VN000000LGC4,,0.025369978858351017,0.04997042379552452,0.025369978858351017,,no_event_raw_close,49730.44397463002,44706.131078224105,49730.44397463003,44706.131078224105,1.025369978858351,corporate-actions-v2,blocked_unresolved_material_event,False
2023-08-10,LGC,34611.112244852986,36800.79485626206,34611.112244852986,36800.79485626206,34672.335616154094,200.0,7360158.971252411,fdr_segment_scaled_by_cafef_crosscheck,https://cafef.vn/du-lieu/lich-su-giao-dich-hose/all-1.chn,2026-07-30T05:39:42.802375+00:00,2023-08-11,95e6fc5ac94680123b31b945e0a2be83695f098ae6a9bf155058c80b81018ac0,fdr-cafef-segment-scale-v1,real,VN000000LGC4,,0.03168316831683193,0.05483143894354581,0.03168316831683193,,no_event_raw_close,39883.12393617573,37510.03978642247,39883.12393617573,37510.03978642247,1.0837571332889073,corporate-actions-v2,blocked_unresolved_material_event,False
2023-12-26,LGC,40261.90608074735,40261.90608074735,40261.90608074735,40261.90608074735,39203.63214355215,0.0,0.0,fdr_segment_scaled_by_cafef_crosscheck,https://cafef.vn/du-lieu/lich-su-giao-dich-hose/all-1.chn,2026-07-30T05:39:42.802375+00:00,2023-12-27,95e6fc5ac94680123b31b945e0a2be83695f098ae6a9bf155058c80b81018ac0,fdr-cafef-segment-scale-v1,real,VN000000LGC4,,0.0,0.033489430747177806,0.0,,no_event_raw_close,45801.64218139577,45801.64218139577,45801.64218139577,45801.64218139577,1.1375924947402687,corporate-actions-v2,blocked_unresolved_material_event,False
2025-08-28,LGC,42380.95376920774,42380.95376920774,42380.95376920774,42380.95376920774,42380.95376920774,0.0,0.0,fdr_segment_scaled_by_cafef_crosscheck,https://cafef.vn/du-lieu/lich-su-giao-dich-hose/all-1.chn,2026-07-30T05:39:42.802375+00:00,2025-08-29,95e6fc5ac94680123b31b945e0a2be83695f098ae6a9bf155058c80b81018ac0,fdr-cafef-segment-scale-v1,real,VN000000LGC4,,0.0,0.018817952288675777,0.0,,no_event_raw_close,49577.36592147339,49577.36592147339,49577.36592147339,49577.36592147339,1.1698029778058998,corporate-actions-v2,blocked_unresolved_material_event,False
2021-01-13,LGL,6200.0,6220.0,6010.0,6180.0,6180.0,5920.0,36585600.0,finance_datareader_yahoo_hose,https://github.com/FinanceData/FinanceDataReader,2026-07-30T05:56:11.949805+00:00,2021-01-14,e0f3431a182133cd48d176fb8e6129c7d5c26472f453fb744fd8112156e2bf0e,finance-datareader-yahoo-hose-v2-business-day,real,VN000000LGL5,,-0.003225806451612856,0.18846153846153846,-0.003225806451612856,,no_event_raw_close,6180.000000000002,6200.000000000002,6220.000000000002,6010.000000000001,1.0000000000000002,corporate-actions-v2,candidate_no_known_unresolved_event,False
2020-07-31,LHG,17800.0,19400.0,17800.0,18900.0,14507.0439453125,444300.0,8397270000.0,finance_datareader_yahoo_hose,https://github.com/FinanceData/FinanceDataReader,2026-07-30T05:43:07.798189+00:00,2020-08-01,ed6dd421d26f19c48624a8a72fe369a885264a154a4fefe0fe10e49eb2081093,finance-datareader-yahoo-hose-v2-business-day,real,VN000000LHG3,,-0.09999999999999998,-0.010471136879421805,-0.09999999999999998,,no_event_raw_close,20609.999999999996,19410.476190476187,21155.23809523809,19410.476190476187,1.0904761904761904,corporate-actions-v2,blocked_unresolved_material_event,False
2021-08-24,LHG,48300.0,49000.0,45100.0,45100.0,35976.28515625,509100.0,22960410000.0,finance_datareader_yahoo_hose,https://github.com/FinanceData/FinanceDataReader,2026-07-30T05:43:07.798189+00:00,2021-08-25,ed6dd421d26f19c48624a8a72fe369a885264a154a4fefe0fe10e49eb2081093,finance-datareader-yahoo-hose-v2-business-day,real,VN000000LHG3,,-0.1033797216699801,-0.06818170091032572,-0.1033797216699801,,no_event_raw_close,51038.18801476842,54659.522862822945,55451.68986083487,51038.18801476842,1.1316671400170382,corporate-actions-v2,blocked_unresolved_material_event,False
2022-06-24,LHG,32500.0,32500.0,31500.0,32300.0,27314.923828125,108700.0,3511010000.0,finance_datareader_yahoo_hose,https://github.com/FinanceData/FinanceDataReader,2026-07-30T05:43:07.798189+00:00,2022-06-25,ed6dd421d26f19c48624a8a72fe369a885264a154a4fefe0fe10e49eb2081093,finance-datareader-yahoo-hose-v2-business-day,real,VN000000LHG3,,-0.035820895522388096,0.02215191978164266,-0.035820895522388096,,no_event_raw_close,36552.84862255034,36779.18205055375,36779.18205055375,35647.51491053671,1.1316671400170384,corporate-actions-v2,blocked_unresolved_material_event,False
2023-06-12,LHG,27350.0,27350.0,25450.0,27150.0,24563.56640625,154200.0,4186530000.0,finance_datareader_yahoo_hose,https://github.com/FinanceData/FinanceDataReader,2026-07-30T05:43:07.798189+00:00,2023-06-13,21a97a5fac54ede3b9409cdcf77339cd35c07087b56e277bd4cb261ff3e41bc2,finance-datareader-yahoo-hose-v2-business-day,real,VN000000LHG3,,-0.0670103092783505,-0.001838217349022453,-0.0670103092783505,,no_event_raw_close,32730.847023894836,32971.95823585723,32971.95823585723,30681.401722214498,1.2055560598119646,corporate-actions-v2,blocked_unresolved_material_event,False
2024-07-23,LHG,40400.0,40950.0,38500.0,38850.0,36793.87109375,374600.0,14553210000.0,finance_datareader_yahoo_hose,https://github.com/FinanceData/FinanceDataReader,2026-07-30T05:43:07.798189+00:00,2024-07-24,ed6dd421d26f19c48624a8a72fe369a885264a154a4fefe0fe10e49eb2081093,finance-datareader-yahoo-hose-v2-business-day,real,VN000000LHG3,,-0.08588235294117652,-0.043103478927916106,-0.08588235294117652,,no_event_raw_close,48929.69105440124,50881.84089054852,51574.53921950401,48488.88302688411,1.259451507191795,corporate-actions-v2,blocked_unresolved_material_event,False
2025-07-28,LHG,36000.0,36150.0,35700.0,35700.0,35700.0,449300.0,16040010000.0,finance_datareader_yahoo_hose,https://github.com/FinanceData/FinanceDataReader,2026-07-30T05:43:07.798189+00:00,2025-07-29,21a97a5fac54ede3b9409cdcf77339cd35c07087b56e277bd4cb261ff3e41bc2,finance-datareader-yahoo-hose-v2-business-day,real,VN000000LHG3,,-0.005571030640668551,0.050000000000000044,-0.005571030640668551,,no_event_raw_close,44962.4188067471,45340.254258904635,45529.171984983404,44962.4188067471,1.2594515071917953,corporate-actions-v2,blocked_unresolved_material_event,False
2020-11-24,LIX,57000.0,57000.0,56000.0,56100.0,44717.3203125,88350.0,4956435000.0,finance_datareader_yahoo_hose,https://github.com/FinanceData/FinanceDataReader,2026-07-30T05:42:32.372217+00:00,2020-11-25,38e9ba7d666c692779265c18ab61217339918be22018b9e6726c7eeba79e7933,finance-datareader-yahoo-hose-v2-business-day,real,VN000000LIX6,,-0.04102564102564099,-0.015789568256719955,-0.04102564102564099,,no_event_raw_close,60021.16702485708,60984.073447715746,60984.073447715746,59914.177422317225,1.069896025398522,corporate-actions-v2,blocked_unresolved_material_event,False
2022-06-24,LIX,44500.0,46400.0,43000.0,43300.0,35960.15625,4500.0,194850000.0,finance_datareader_yahoo_hose,https://github.com/FinanceData/FinanceDataReader,2026-07-30T05:42:32.372217+00:00,2022-06-25,38e9ba7d666c692779265c18ab61217339918be22018b9e6726c7eeba79e7933,finance-datareader-yahoo-hose-v2-business-day,real,VN000000LIX6,,-0.0787234042553191,-0.04835153248090407,-0.0787234042553191,,no_event_raw_close,50127.404095845064,51516.616218593656,53716.20207961226,49780.10106515791,1.1576767689571608,corporate-actions-v2,blocked_unresolved_material_event,False
2023-01-11,LIX,41000.0,41150.0,40550.0,41150.0,34795.9609375,2500.0,102875000.0,finance_datareader_yahoo_hose,https://github.com/FinanceData/FinanceDataReader,2026-07-30T05:42:32.372217+00:00,2023-01-12,38e9ba7d666c692779265c18ab61217339918be22018b9e6726c7eeba79e7933,finance-datareader-yahoo-hose-v2-business-day,real,VN000000LIX6,,-0.020238095238095277,-0.002424235501258587,-0.020238095238095277,,no_event_raw_close,49339.77043696524,49159.91708178797,49339.77043696524,48620.35701625615,1.199022367848487,corporate-actions-v2,blocked_unresolved_material_event,False
2023-06-16,LIX,47000.0,47000.0,45050.0,46000.0,39730.875,3400.0,156400000.0,finance_datareader_yahoo_hose,https://github.com/FinanceData/FinanceDataReader,2026-07-30T05:42:32.372217+00:00,2023-06-17,38e9ba7d666c692779265c18ab61217339918be22018b9e6726c7eeba79e7933,finance-datareader-yahoo-hose-v2-business-day,real,VN000000LIX6,,-0.0346274921301154,-0.013933440460696112,-0.0346274921301154,,no_event_raw_close,55155.02892103041,56354.0512888789,56354.0512888789,54015.95767157435,1.1990223678484873,corporate-actions-v2,blocked_unresolved_material_event,False
2024-06-21,LIX,77202.14103982161,77921.73489771609,77099.34191726525,77202.14103982161,69123.42302710561,85200.0,6577622416.5928,fdr_segment_scaled_by_cafef_crosscheck,https://cafef.vn/du-lieu/lich-su-giao-dich-hose/all-1.chn,2026-07-30T05:42:32.372217+00:00,2024-06-22,8261e0994a3d5a3cfa5400202f0276beaaa15201c127905e73e916e793b51143,fdr-cafef-segment-scale-v1,real,VN000000LIX6,,-0.02467532467532474,0.0013335010195545394,-0.02467532467532474,,no_event_raw_close,96731.08088956287,96731.08088956287,97632.70214951885,96602.27785242628,1.2529585266251624,corporate-actions-v2,blocked_unresolved_material_event,False
2024-12-27,LIX,70520.19807365863,70520.19807365863,68258.61737741885,68669.81386764426,62393.46965823623,60800.0,4175124683.1527705,fdr_segment_scaled_by_cafef_crosscheck,https://cafef.vn/du-lieu/lich-su-giao-dich-hose/all-1.chn,2026-07-30T05:42:32.372217+00:00,2024-12-28,8261e0994a3d5a3cfa5400202f0276beaaa15201c127905e73e916e793b51143,fdr-cafef-segment-scale-v1,real,VN000000LIX6,,-0.026239067055393583,-0.011834287539715826,-0.026239067055393583,,no_event_raw_close,86650.46983914149,88985.36273899859,88985.36273899859,86131.60475028436,1.2618422121567643,corporate-actions-v2,blocked_unresolved_material_event,False
2025-05-20,LIX,60651.48230824868,60651.48230824868,59417.89283757242,60240.28581802325,56968.4467448609,28000.0,1686728002.9046512,fdr_segment_scaled_by_cafef_crosscheck,https://cafef.vn/du-lieu/lich-su-giao-dich-hose/all-1.chn,2026-07-30T05:42:32.372217+00:00,2025-05-21,8261e0994a3d5a3cfa5400202f0276beaaa15201c127905e73e916e793b51143,fdr-cafef-segment-scale-v1,real,VN000000LIX6,,-0.042483660130718914,-0.0034013488361802624,-0.042483660130718914,,no_event_raw_close,76013.73551757023,76532.60060642738,76532.60060642738,74976.00533985595,1.2618422121567645,corporate-actions-v2,blocked_unresolved_material_event,False
2020-07-23,LM8,11800.0,12050.0,11000.0,11000.0,6851.06298828125,1610.0,17710000.0,finance_datareader_yahoo_hose,https://github.com/FinanceData/FinanceDataReader,2026-08-13T08:22:26.363798+00:00,2020-07-24,2ca88317d4b480c9f2949b028ca86de60d708f03f0394504bb65a860b7a7c9b6,finance-datareader-yahoo-hose-v2-business-day,real,VN000000LM88,unverified,-0.08713692946058094,-0.06382981704585144,-0.08713692946058094,,no_event_raw_close,11273.858921161825,12093.775933609957,12349.999999999998,11273.858921161825,1.0248962655601659,corporate-actions-v2,candidate_no_known_unresolved_event,False
2021-06-28,LM8,10700.0,10800.0,10700.0,10800.0,7156.50244140625,6200.0,66960000.0,finance_datareader_yahoo_hose,https://github.com/FinanceData/FinanceDataReader,2026-08-13T08:22:26.363798+00:00,2021-06-29,f79a40ef1bcda2a2acd7882a4f3a148e0bbf3ce0eed41c1fb8b50df65a411ba0,finance-datareader-yahoo-hose-v2-business-day,real,VN000000LM88,unverified,-0.07296137339055797,-0.013698647651964158,-0.07296137339055797,,no_event_raw_close,11733.96256655922,11625.314765017003,11733.962566559218,11625.314765017003,1.0864780154221498,corporate-actions-v2,candidate_no_known_unresolved_event,False
2022-08-22,LM8,12150.0,12150.0,11900.0,11900.0,8479.28515625,5600.0,66640000.0,finance_datareader_yahoo_hose,https://github.com/FinanceData/FinanceDataReader,2026-08-13T08:22:26.363798+00:00,2022-08-23,f79a40ef1bcda2a2acd7882a4f3a148e0bbf3ce0eed41c1fb8b50df65a411ba0,finance-datareader-yahoo-hose-v2-business-day,real,VN000000LM88,unverified,-0.07392996108949412,-0.004184065867899545,-0.07392996108949412,,no_event_raw_close,13834.627647739231,14125.271085716944,14125.271085716944,13834.62764773923,1.1625737519108597,corporate-actions-v2,candidate_no_known_unresolved_event,False
2023-07-24,LM8,15300.0,15600.0,14400.0,15600.0,11842.2177734375,24200.0,377520000.0,finance_datareader_yahoo_hose,https://github.com/FinanceData/FinanceDataReader,2026-08-13T08:22:26.363798+00:00,2023-07-25,f79a40ef1bcda2a2acd7882a4f3a148e0bbf3ce0eed41c1fb8b50df65a411ba0,finance-datareader-yahoo-hose-v2-business-day,real,VN000000LM88,unverified,-0.042944785276073594,0.019607877759027614,-0.042944785276073594,,no_event_raw_close,19248.797801576893,18878.628613085028,19248.797801576893,17768.12104760944,1.2338972949728777,corporate-actions-v2,candidate_no_known_unresolved_event,False
2023-07-27,LM8,14100.0,14200.0,13700.0,14200.0,11566.275390625,13500.0,191700000.0,finance_datareader_yahoo_hose,https://github.com/FinanceData/FinanceDataReader,2026-08-13T08:22:26.363798+00:00,2023-07-28,2ca88317d4b480c9f2949b028ca86de60d708f03f0394504bb65a860b7a7c9b6,finance-datareader-yahoo-hose-v2-business-day,real,VN000000LM88,unverified,-0.03401360544217691,0.03649630181741581,-0.03401360544217691,,no_event_raw_close,17521.34158861486,17397.951859117573,17521.34158861486,16904.392941128423,1.2338972949728775,corporate-actions-v2,candidate_no_known_unresolved_event,False
2024-07-31,LM8,16500.0,16500.0,16500.0,16500.0,14306.763671875,0.0,0.0,finance_datareader_yahoo_hose,https://github.com/FinanceData/FinanceDataReader,2026-08-13T08:22:26.363798+00:00,2024-08-01,2ca88317d4b480c9f2949b028ca86de60d708f03f0394504bb65a860b7a7c9b6,finance-datareader-yahoo-hose-v2-business-day,real,VN000000LM88,unverified,0.0,0.06451609621689491,0.0,,no_event_raw_close,21593.202662025382,21593.202662025382,21593.202662025382,21593.202662025382,1.3086789492136595,corporate-actions-v2,candidate_no_known_unresolved_event,False
2025-08-15,LM8,15500.0,15500.0,15000.0,15200.0,14114.28515625,15700.0,238640000.0,finance_datareader_yahoo_hose,https://github.com/FinanceData/FinanceDataReader,2026-08-13T08:22:26.363798+00:00,2025-08-16,2ca88317d4b480c9f2949b028ca86de60d708f03f0394504bb65a860b7a7c9b6,finance-datareader-yahoo-hose-v2-business-day,real,VN000000LM88,unverified,0.0066225165562914245,0.07801419920885122,0.0066225165562914245,,no_event_raw_close,21209.265725269313,21627.869654057526,21627.869654057526,20930.19643941051,1.3953464292940339,corporate-actions-v2,candidate_no_known_unresolved_event,False
2025-05-20,LPB,34000.0,34000.0,32650.0,32700.0,30900.0,5468700.0,178826490000.0,finance_datareader_yahoo_hose,https://github.com/FinanceData/FinanceDataReader,2026-07-30T05:38:12.037015+00:00,2025-05-21,8955481a6464439df969d2e0bd5c149fe16a89c0aedcfc951c82ea092f36844c,finance-datareader-yahoo-hose-v2-business-day,real,VN000000LPB7,,-0.11740890688259109,-0.05354561156018223,-0.11740890688259109,,no_event_raw_close,62490.16845110935,64974.48707454795,64974.48707454795,62394.61773482325,1.9110143257219985,corporate-actions-v2,blocked_unresolved_material_event,False
2025-01-15,LSS,10000.0,10095.23828125,9952.380859375,10047.619140625,9509.3544921875,177555.0,1784005016.5136719,finance_datareader_yahoo_hose,https://github.com/FinanceData/FinanceDataReader,2026-07-30T05:44:08.101652+00:00,2025-01-16,77b31d28b470dd98676bdf11792569ad6d5a748f2b943f47b2344eef71c3ab56,finance-datareader-yahoo-hose-v2-business-day,real,VN000000LSS5,,-0.03517089282656549,0.011061415343670777,-0.03517089282656549,,no_event_raw_close,11557.273916503915,11502.50000000001,11612.047833007822,11447.726083496102,1.1502500000000009,corporate-actions-v2,blocked_unresolved_material_event,False
2023-06-15,MBB,11514.005859375,11571.2890625,11313.513671875,11313.513671875,10513.837890625,19089753.0,215972181558.2168,finance_datareader_yahoo_hose,https://github.com/FinanceData/FinanceDataReader,2026-07-30T05:38:08.929842+00:00,2023-06-16,38d3d787ad3de6d70544c649241d675fd73717ef42e2e0c6aa66bce7c8b862cb,finance-datareader-yahoo-hose-v2-business-day,real,VN000000MBB5,,-0.027093570617028884,-0.00252524082714789,-0.027093570617028884,,no_event_raw_close,21983.338309673374,22372.915563397462,22484.222808014943,21983.338309673374,1.943104410111174,corporate-actions-v2,blocked_unresolved_material_event,False
2024-05-24,MBB,14953.88671875,15052.701171875,14822.134765625,15019.7626953125,14265.564453125,19856350.0,298237664995.06836,finance_datareader_yahoo_hose,https://github.com/FinanceData/FinanceDataReader,2026-07-30T05:38:08.929842+00:00,2024-05-25,38d3d787ad3de6d70544c649241d675fd73717ef42e2e0c6aa66bce7c8b862cb,finance-datareader-yahoo-hose-v2-business-day,real,VN000000MBB5,,-0.017241396937239806,0.004405293007334832,-0.017241396937239806,,no_event_raw_close,34660.73368291717,34508.71332640065,34736.74498796995,34204.67261336761,2.307675186754741,corporate-actions-v2,blocked_unresolved_material_event,False
2025-08-14,MBB,25400.0,25800.0,24700.0,25800.0,24807.69140625,79609900.0,2053935420000.0,finance_datareader_yahoo_hose,https://github.com/FinanceData/FinanceDataReader,2026-07-30T05:38:08.929842+00:00,2025-08-15,38d3d787ad3de6d70544c649241d675fd73717ef42e2e0c6aa66bce7c8b862cb,finance-datareader-yahoo-hose-v2-business-day,real,VN000000MBB5,,0.051111088300540564,0.06411692676008762,0.051111088300540564,,no_event_raw_close,91215.55401120031,89801.35937536774,91215.55401120031,87326.51876266077,3.5354865895814074,corporate-actions-v2,blocked_unresolved_material_event,False
2024-11-15,MCM,35300.0,35300.0,34800.0,34900.0,31373.763671875,32300.0,1127270000.0,finance_datareader_yahoo_hose,https://github.com/FinanceData/FinanceDataReader,2026-07-30T05:41:49.290563+00:00,2024-11-16,596f6e1cb449cfe61980d33076c165f466e50eb96b98091522faa6812de6eddf,finance-datareader-yahoo-hose-v2-business-day,real,VN000000MCM0,,-0.03324099722991691,-0.005697902357097662,-0.03324099722991691,,no_event_raw_close,35866.759002770086,36277.83933518006,36277.83933518006,35763.988919667594,1.027700831024931,corporate-actions-v2,blocked_unresolved_material_event,False
2025-05-30,MCM,29400.0,29600.0,29400.0,29550.0,27498.037109375,15700.0,463935000.0,finance_datareader_yahoo_hose,https://github.com/FinanceData/FinanceDataReader,2026-07-30T05:41:49.290563+00:00,2025-05-31,596f6e1cb449cfe61980d33076c165f466e50eb96b98091522faa6812de6eddf,finance-datareader-yahoo-hose-v2-business-day,real,VN000000MCM0,,0.00339558573853993,0.03866430924188036,0.00339558573853993,,no_event_raw_close,31399.750034096913,31240.360440015203,31452.879898790816,31240.360440015203,1.0625972938780681,corporate-actions-v2,blocked_unresolved_material_event,False
2025-11-17,MCM,26850.0,27100.0,26850.0,27100.0,26157.392578125,21400.0,579940000.0,finance_datareader_yahoo_hose,https://github.com/FinanceData/FinanceDataReader,2026-07-30T05:41:49.290563+00:00,2025-11-18,479b945b52dc159bff8749cda5993223fafe6222fb24ea9fc2468c37e5b13169,finance-datareader-yahoo-hose-v2-business-day,real,VN000000MCM0,,-0.026929982046678624,0.009311075800834345,-0.026929982046678624,,no_event_raw_close,29830.368231926743,29555.180333108234,29830.368231926746,29555.180333108234,1.1007515952740496,corporate-actions-v2,blocked_unresolved_material_event,False
2020-05-28,MCP,10743.8017578125,10743.8017578125,10743.8017578125,10743.8017578125,10280.49609375,0.0,0.0,finance_datareader_yahoo_hose,https://github.com/FinanceData/FinanceDataReader,2026-07-30T05:44:59.081909+00:00,2020-05-29,b90211e10513ea3fb7492c2a27aa9ecf624c2741497d9910d5065d6936cc67df,finance-datareader-yahoo-hose-v2-business-day,real,VN000000MCP3,,0.0,0.05925927714742141,0.0,,no_event_raw_close,11543.801757812498,11543.801757812498,11543.801757812498,11543.801757812498,1.074461537734375,corporate-actions-v2,blocked_unresolved_material_event,False
2021-10-08,MCP,19534.185546875,19534.185546875,19534.185546875,19534.185546875,19273.73046875,0.0,0.0,finance_datareader_yahoo_hose,https://github.com/FinanceData/FinanceDataReader,2026-07-30T05:44:59.081909+00:00,2021-10-09,b90211e10513ea3fb7492c2a27aa9ecf624c2741497d9910d5065d6936cc67df,finance-datareader-yahoo-hose-v2-business-day,real,VN000000MCP3,,0.0,0.031132238714142835,0.0,,no_event_raw_close,21832.1833482054,21832.1833482054,21832.1833482054,21832.1833482054,1.1176398061652497,corporate-actions-v2,blocked_unresolved_material_event,False
2025-07-31,MCP,32000.0,33000.0,32000.0,33000.0,33000.0,6400.0,211200000.0,finance_datareader_yahoo_hose,https://github.com/FinanceData/FinanceDataReader,2026-07-30T05:44:59.081909+00:00,2025-08-01,b90211e10513ea3fb7492c2a27aa9ecf624c2741497d9910d5065d6936cc67df,finance-datareader-yahoo-hose-v2-business-day,real,VN000000MCP3,,0.10000000000000009,0.11486486486486491,0.10000000000000009,,no_event_raw_close,45168.29512636241,43799.55891041204,45168.29512636241,43799.55891041204,1.3687362159503762,corporate-actions-v2,blocked_unresolved_material_event,False
2020-08-24,MDG,11800.0,11800.0,11800.0,11800.0,10069.6455078125,10.0,118000.0,finance_datareader_yahoo_hose,https://github.com/FinanceData/FinanceDataReader,2026-07-30T05:55:33.792920+00:00,2020-08-25,3ca2a7979ceccce2c92ca4b21e9d2ac852bbde09127c1f6314d811b0b31d4281,finance-datareader-yahoo-hose-v2-business-day,real,VN000000MDG0,,0.0,0.05357140120279813,0.0,,no_event_raw_close,12400.000000000002,12400.000000000002,12400.000000000002,12400.000000000002,1.0508474576271187,corporate-actions-v2,candidate_no_known_unresolved_event,False
2021-08-06,MDG,10850.0,11850.0,10850.0,11850.0,10637.6279296875,200.0,2370000.0,finance_datareader_yahoo_hose,https://github.com/FinanceData/FinanceDataReader,2026-07-30T05:55:33.792920+00:00,2021-08-07,0199c72208b5e7993759508026c96adc4ddf08cf2699004566fe4103b05e1c44,finance-datareader-yahoo-hose-v2-business-day,real,VN000000MDG0,,-0.024691358024691357,0.025973986831319573,-0.024691358024691357,,no_event_raw_close,13067.482736974267,11964.741577735931,13067.482736974267,11964.741577735931,1.1027411592383347,corporate-actions-v2,candidate_no_known_unresolved_event,False
2022-05-18,MDG,16800.0,16850.0,15900.0,16850.0,15798.3486328125,20000.0,337000000.0,finance_datareader_yahoo_hose,https://github.com/FinanceData/FinanceDataReader,2026-07-30T05:55:33.792920+00:00,2022-05-19,0199c72208b5e7993759508026c96adc4ddf08cf2699004566fe4103b05e1c44,finance-datareader-yahoo-hose-v2-business-day,real,VN000000MDG0,,0.024316109422492405,0.06984130448152648,0.024316109422492405,,no_event_raw_close,19371.877406917658,19314.39409117013,19371.877406917658,18279.694407714585,1.1496663149506028,corporate-actions-v2,candidate_no_known_unresolved_event,False
2023-05-18,MDG,12950.0,12950.0,12950.0,12950.0,12729.26171875,100.0,1295000.0,finance_datareader_yahoo_hose,https://github.com/FinanceData/FinanceDataReader,2026-07-30T05:55:33.792920+00:00,2023-05-19,0199c72208b5e7993759508026c96adc4ddf08cf2699004566fe4103b05e1c44,finance-datareader-yahoo-hose-v2-business-day,real,VN000000MDG0,,-0.0038461538461538325,0.044354837417407644,-0.0038461538461538325,,no_event_raw_close,15575.325491469252,15575.325491469252,15575.325491469252,15575.325491469252,1.2027278371790928,corporate-actions-v2,candidate_no_known_unresolved_event,False
2022-07-25,MHC,6149.65966796875,6149.65966796875,5895.69140625,6040.81640625,6040.81640625,56227.0,339656984.07421875,finance_datareader_yahoo_hose,https://github.com/FinanceData/FinanceDataReader,2026-07-30T05:55:36.282038+00:00,2022-07-26,028cc667eb42ca130d0c94318dc021c5789f081193bb134dcef8359a9e516419,finance-datareader-yahoo-hose-v2-business-day,real,VN000000MHC0,,-0.0619718015117825,0.009090926886944795,-0.0619718015117825,,no_event_raw_close,6509.830505494108,6627.124450186933,6627.124450186933,6353.437877647915,1.0776408464853944,corporate-actions-v2,candidate_no_known_unresolved_event,False
2023-06-26,MIG,15524.5947265625,15737.2607421875,15524.5947265625,15737.2607421875,14058.5927734375,929628.0,14629798229.238281,finance_datareader_yahoo_hose,https://github.com/FinanceData/FinanceDataReader,2026-07-30T05:41:28.937754+00:00,2023-06-27,461cd25c5eeb7ba07b2a85a8ef5ff8f16f35f823228b2a3f778016664e4b63db,finance-datareader-yahoo-hose-v2-business-day,real,VN000000MIG9,,0.013698651679526996,0.047433322526249766,0.013698651679526996,,no_event_raw_close,19907.634838867125,19638.612329101503,19907.634838867125,19638.612329101503,1.2649999999999961,corporate-actions-v2,blocked_unresolved_material_event,False
2023-06-28,MIG,15311.9296875,15737.2607421875,15269.396484375,15694.7275390625,14410.0576171875,1005216.0,15776591237.90625,finance_datareader_yahoo_hose,https://github.com/FinanceData/FinanceDataReader,2026-07-30T05:41:28.937754+00:00,2023-06-29,218074826f33039f7acacfa3ce80c9534f9f6b58e4b94b624e9857412d66c899,finance-datareader-yahoo-hose-v2-business-day,real,VN000000MIG9,,-0.00270270689555141,0.02500000173659367,-0.00270270689555141,,no_event_raw_close,20484.620874802557,19984.996472822324,20540.134838867118,19929.482508757763,1.3051912385110556,corporate-actions-v2,blocked_unresolved_material_event,False
2024-05-06,MIG,15496.9482421875,15496.9482421875,15005.6904296875,15273.6494140625,14858.1748046875,299710.0,4577665465.888672,finance_datareader_yahoo_hose,https://github.com/FinanceData/FinanceDataReader,2026-07-30T05:41:28.937754+00:00,2024-05-07,461cd25c5eeb7ba07b2a85a8ef5ff8f16f35f823228b2a3f778016664e4b63db,finance-datareader-yahoo-hose-v2-business-day,real,VN000000MIG9,,-0.03932585442917458,0.017857087904170177,-0.03932585442917458,,no_event_raw_close,22248.34171684638,22573.609666791745,22573.609666791745,21858.01960790854,1.456648710056305,corporate-actions-v2,blocked_unresolved_material_event,False
2025-08-25,MIG,19500.0,19550.0,19200.0,19300.0,19300.0,660000.0,12738000000.0,finance_datareader_yahoo_hose,https://github.com/FinanceData/FinanceDataReader,2026-07-30T05:41:28.937754+00:00,2025-08-26,461cd25c5eeb7ba07b2a85a8ef5ff8f16f35f823228b2a3f778016664e4b63db,finance-datareader-yahoo-hose-v2-business-day,real,VN000000MIG9,,0.049999957496763336,0.0793608072835883,0.049999957496763336,,no_event_raw_close,30283.726651114408,30597.54765268036,30676.00290307185,30126.816150331433,1.5691050078297621,corporate-actions-v2,blocked_unresolved_material_event,False
2021-05-10,MSH,35800.0,35866.66796875,34800.0,35000.0,25036.125,14520.0,508200000.0,finance_datareader_yahoo_hose,https://github.com/FinanceData/FinanceDataReader,2026-07-30T05:41:31.000117+00:00,2021-05-11,7b65a226a2f16326c13096e1204a13b8668d24a37ace99a2a6e4e2e9850aae5c,finance-datareader-yahoo-hose-v2-business-day,real,VN000000MSH6,,-0.022346368715083775,0.06707316768616578,-0.022346368715083775,,no_event_raw_close,35000.00000000002,35800.00000000002,35866.66796875002,34800.00000000002,1.0000000000000007,corporate-actions-v2,blocked_unresolved_material_event,False
2021-05-14,MSH,34466.66796875,34866.66796875,34000.0,34400.0,25560.69140625,10200.0,350880000.0,finance_datareader_yahoo_hose,https://github.com/FinanceData/FinanceDataReader,2026-07-30T05:41:31.000117+00:00,2021-05-15,03218373c494d91f78ef92d4df5168a763b05f513a3f72af53a827cf99bd1ac0,finance-datareader-yahoo-hose-v2-business-day,real,VN000000MSH6,,-0.037313397756580824,0.0,-0.037313397756580824,,no_event_raw_close,34400.00000000001,34466.66796875001,34866.66796875001,34000.00000000001,1.0000000000000002,corporate-actions-v2,blocked_unresolved_material_event,False
2021-12-10,MSH,60666.66796875,61000.0,56666.66796875,60800.0,46637.5,36900.0,2243520000.0,finance_datareader_yahoo_hose,https://github.com/FinanceData/FinanceDataReader,2026-07-30T05:41:31.000117+00:00,2021-12-11,03218373c494d91f78ef92d4df5168a763b05f513a3f72af53a827cf99bd1ac0,finance-datareader-yahoo-hose-v2-business-day,real,VN000000MSH6,,-0.04801672086996178,-0.017241407694346567,-0.04801672086996178,,no_event_raw_close,65083.92475608522,64941.198244745574,65298.016613835505,60659.36108973996,1.0704592887514017,corporate-actions-v2,blocked_unresolved_material_event,False
2022-12-09,MSH,37500.0,37500.0,35950.0,37000.0,29651.802734375,56500.0,2090500000.0,finance_datareader_yahoo_hose,https://github.com/FinanceData/FinanceDataReader,2026-07-30T05:41:31.000117+00:00,2022-12-10,03218373c494d91f78ef92d4df5168a763b05f513a3f72af53a827cf99bd1ac0,finance-datareader-yahoo-hose-v2-business-day,real,VN000000MSH6,,-0.04884318766066842,-0.006266812345295025,-0.04884318766066842,,no_event_raw_close,63228.64544380702,64083.08659845307,64083.08659845307,61434.31901905034,1.7088823092920817,corporate-actions-v2,blocked_unresolved_material_event,False
2023-12-06,MSH,38200.0,38200.0,36900.0,37000.0,30944.384765625,195800.0,7244600000.0,finance_datareader_yahoo_hose,https://github.com/FinanceData/FinanceDataReader,2026-07-30T05:41:31.000117+00:00,2023-12-07,03218373c494d91f78ef92d4df5168a763b05f513a3f72af53a827cf99bd1ac0,finance-datareader-yahoo-hose-v2-business-day,real,VN000000MSH6,,-0.07268170426065168,-0.032257975849824705,-0.07268170426065168,,no_event_raw_close,67190.34002048658,69369.48618331317,69369.48618331317,67008.74450691769,1.8159551356888264,corporate-actions-v2,blocked_unresolved_material_event,False
2024-12-02,MSH,49100.0,51500.0,48200.0,49200.0,43065.3359375,396100.0,19488120000.0,finance_datareader_yahoo_hose,https://github.com/FinanceData/FinanceDataReader,2026-07-30T05:41:31.000117+00:00,2024-12-03,7b65a226a2f16326c13096e1204a13b8668d24a37ace99a2a6e4e2e9850aae5c,finance-datareader-yahoo-hose-v2-business-day,real,VN000000MSH6,,-0.06106870229007633,-0.017310210030762274,-0.06106870229007633,,no_event_raw_close,95312.69256836406,95118.96758346901,99768.36722095018,93375.44271941356,1.937249848950489,corporate-actions-v2,blocked_unresolved_material_event,False
2025-12-02,MSH,57257.07473494839,57891.50215583425,54957.27533423717,55750.30961034449,54205.980682490284,521900.0,29096086585.63879,fdr_segment_scaled_by_cafef_crosscheck,https://cafef.vn/du-lieu/lich-su-giao-dich-hose/all-1.chn,2026-07-30T05:41:31.000117+00:00,2025-12-03,14cc373b9a35b961e0fa1aa15175007a0ee7a0b2abe4d908f6352ebebaed4330,fdr-cafef-segment-scale-v1,real,VN000000MSH6,,-0.12344139650872821,-0.026315771901709306,-0.12344139650872821,,no_event_raw_close,114794.73096042169,117897.29125664929,119203.63243400828,113161.80448872293,2.059086877952001,corporate-actions-v2,blocked_unresolved_material_event,False
2020-12-18,MSN,69583.3359375,70250.0,69000.0,70000.0,68755.15625,1415676.0,99097320000.0,finance_datareader_yahoo_hose,https://github.com/FinanceData/FinanceDataReader,2026-07-30T05:38:34.267472+00:00,2020-12-19,51575b3a3ac8f488e488a229b2c3626282ece8bd7a8263a3635df35dc085a12b,finance-datareader-yahoo-hose-v2-business-day,real,VN000000MSN4,,-0.005917122999893554,0.005988037641706523,-0.005917122999893554,,no_event_raw_close,70994.08287700028,70571.5016915004,71247.63317298958,69979.88169304313,1.014201183957147,corporate-actions-v2,blocked_unresolved_material_event,False
2020-10-20,MWG,35800.0,35800.0,35333.33203125,35600.0,33584.32421875,1440660.0,51287496000.0,finance_datareader_yahoo_hose,https://github.com/FinanceData/FinanceDataReader,2026-07-30T05:38:32.997816+00:00,2020-10-21,8efc944704ad2ebccab16888fb6600765928449b8ad79255a06b99f7497e6d51,finance-datareader-yahoo-hose-v2-business-day,real,VN000000MWG0,,-0.014760112097847666,-0.0009354333676867554,-0.014760112097847666,,no_event_raw_close,37077.859831853224,37286.16241517824,37286.16241517824,36800.12169794992,1.0415129166250905,corporate-actions-v2,blocked_unresolved_material_event,False
2025-07-25,MWG,70800.0,71000.0,70000.0,70500.0,69418.7109375,7547700.0,532112850000.0,finance_datareader_yahoo_hose,https://github.com/FinanceData/FinanceDataReader,2026-07-30T05:38:32.997816+00:00,2025-07-26,8efc944704ad2ebccab16888fb6600765928449b8ad79255a06b99f7497e6d51,finance-datareader-yahoo-hose-v2-business-day,real,VN000000MWG0,,0.0014204545454545858,0.01585008725893755,0.0014204545454545858,,no_event_raw_close,76365.11729485005,76690.07524078558,76906.71387140927,75823.52071829083,1.0831931531184404,corporate-actions-v2,blocked_unresolved_material_event,False
2020-06-09,NAV,18200.0,18200.0,18200.0,18200.0,9122.123046875,0.0,0.0,finance_datareader_yahoo_hose,https://github.com/FinanceData/FinanceDataReader,2026-07-30T05:57:06.897513+00:00,2020-06-10,d3efdb47dfc7b732c67c35b4453e82e5223b4128cb7fb8d73787206abc1123c3,finance-datareader-yahoo-hose-v2-business-day,real,VN000000NAV3,,0.0,0.028248659712424518,0.0,,no_event_raw_close,18199.999999999993,18199.999999999993,18199.999999999993,18199.999999999993,0.9999999999999996,corporate-actions-v2,blocked_unresolved_material_event,False
2020-08-13,NAV,22100.0,22100.0,22100.0,22100.0,11439.19140625,0.0,0.0,finance_datareader_yahoo_hose,https://github.com/FinanceData/FinanceDataReader,2026-07-30T05:57:06.897513+00:00,2020-08-14,d3efdb47dfc7b732c67c35b4453e82e5223b4128cb7fb8d73787206abc1123c3,finance-datareader-yahoo-hose-v2-business-day,real,VN000000NAV3,,0.0,0.032710354529094765,0.0,,no_event_raw_close,22799.99999999999,22799.99999999999,22799.99999999999,22799.99999999999,1.0316742081447958,corporate-actions-v2,blocked_unresolved_material_event,False
2021-04-29,NAV,17500.0,19300.0,17500.0,19300.0,10420.7109375,50.0,965000.0,finance_datareader_yahoo_hose,https://github.com/FinanceData/FinanceDataReader,2026-07-30T05:57:06.897513+00:00,2021-04-30,d3efdb47dfc7b732c67c35b4453e82e5223b4128cb7fb8d73787206abc1123c3,finance-datareader-yahoo-hose-v2-business-day,real,VN000000NAV3,,-0.0025839793281653423,0.04043099247260806,-0.0025839793281653423,,no_event_raw_close,19911.312217194576,18054.298642533944,19911.312217194576,18054.298642533944,1.0316742081447967,corporate-actions-v2,blocked_unresolved_material_event,False
2021-12-20,NAV,26300.0,26300.0,25800.0,26300.0,15128.72265625,7400.0,194620000.0,finance_datareader_yahoo_hose,https://github.com/FinanceData/FinanceDataReader,2026-07-30T05:57:06.897513+00:00,2021-12-21,4f8163975d9b10a94ebd75c27d94c13a5a21e8cb86c3ac28831112bb384c6534,finance-datareader-yahoo-hose-v2-business-day,real,VN000000NAV3,,-0.05054151624548742,0.011538350285773546,-0.05054151624548742,,no_event_raw_close,27133.031674208134,27133.031674208138,27133.031674208138,26617.194570135736,1.031674208144796,corporate-actions-v2,blocked_unresolved_material_event,False
2022-03-31,NAV,26000.0,26950.0,26000.0,26200.0,15549.6513671875,6700.0,175540000.0,finance_datareader_yahoo_hose,https://github.com/FinanceData/FinanceDataReader,2026-07-30T05:57:06.897513+00:00,2022-04-01,d3efdb47dfc7b732c67c35b4453e82e5223b4128cb7fb8d73787206abc1123c3,finance-datareader-yahoo-hose-v2-business-day,real,VN000000NAV3,,0.007692307692307665,0.03968253294575064,0.007692307692307665,,no_event_raw_close,27029.864253393647,26823.529411764684,27803.619909502242,26823.529411764684,1.0316742081447956,corporate-actions-v2,blocked_unresolved_material_event,False
2022-05-16,NAV,24000.0,24050.0,21800.0,23400.0,14601.5791015625,4300.0,100620000.0,finance_datareader_yahoo_hose,https://github.com/FinanceData/FinanceDataReader,2026-07-30T05:57:06.897513+00:00,2022-05-17,4f8163975d9b10a94ebd75c27d94c13a5a21e8cb86c3ac28831112bb384c6534,finance-datareader-yahoo-hose-v2-business-day,real,VN000000NAV3,,-0.046843177189409335,0.002141411295270901,-0.046843177189409335,,no_event_raw_close,25321.193243081336,25970.45460828855,26024.559722055816,23589.829602528764,1.0821022753453562,corporate-actions-v2,blocked_unresolved_material_event,False
2022-09-08,NAV,21500.0,21500.0,19400.0,19400.0,12512.9814453125,600.0,11640000.0,finance_datareader_yahoo_hose,https://github.com/FinanceData/FinanceDataReader,2026-07-30T05:57:06.897513+00:00,2022-09-09,d3efdb47dfc7b732c67c35b4453e82e5223b4128cb7fb8d73787206abc1123c3,finance-datareader-yahoo-hose-v2-business-day,real,VN000000NAV3,,-0.0976744186046512,-0.06730764961297386,-0.0976744186046512,,no_event_raw_close,21676.270137011074,24022.67051266691,24022.67051266691,21676.270137011074,1.1173335122170656,corporate-actions-v2,blocked_unresolved_material_event,False
2023-03-28,NAV,18500.0,18500.0,18500.0,18500.0,12465.7783203125,300.0,5550000.0,finance_datareader_yahoo_hose,https://github.com/FinanceData/FinanceDataReader,2026-07-30T05:57:06.897513+00:00,2023-03-29,d3efdb47dfc7b732c67c35b4453e82e5223b4128cb7fb8d73787206abc1123c3,finance-datareader-yahoo-hose-v2-business-day,real,VN000000NAV3,,-0.010695187165775444,0.03351966977133847,-0.010695187165775444,,no_event_raw_close,20670.669976015713,20670.669976015713,20670.669976015713,20670.669976015713,1.1173335122170656,corporate-actions-v2,blocked_unresolved_material_event,False
2023-10-04,NAV,15900.0,15900.0,15000.0,15100.0,10693.2294921875,2600.0,39260000.0,finance_datareader_yahoo_hose,https://github.com/FinanceData/FinanceDataReader,2026-07-30T05:57:06.897513+00:00,2023-10-05,d3efdb47dfc7b732c67c35b4453e82e5223b4128cb7fb8d73787206abc1123c3,finance-datareader-yahoo-hose-v2-business-day,real,VN000000NAV3,,-0.08484848484848484,-0.038216556033876636,-0.08484848484848484,,no_event_raw_close,17689.75959978568,18626.96540639684,18626.96540639684,17572.608873959285,1.1715072582639523,corporate-actions-v2,blocked_unresolved_material_event,False
2024-01-15,NAV,17050.0,17050.0,17050.0,17050.0,12591.078125,0.0,0.0,finance_datareader_yahoo_hose,https://github.com/FinanceData/FinanceDataReader,2026-07-30T05:57:06.897513+00:00,2024-01-16,4f8163975d9b10a94ebd75c27d94c13a5a21e8cb86c3ac28831112bb384c6534,finance-datareader-yahoo-hose-v2-business-day,real,VN000000NAV3,,0.0,0.04281343735426346,0.0,,no_event_raw_close,20794.25383418515,20794.25383418515,20794.25383418515,20794.25383418515,1.219604330450742,corporate-actions-v2,blocked_unresolved_material_event,False
2024-05-17,NAV,17450.0,17650.0,17000.0,17350.0,14285.3388671875,5700.0,98895000.0,finance_datareader_yahoo_hose,https://github.com/FinanceData/FinanceDataReader,2026-07-30T05:57:06.897513+00:00,2024-05-18,d3efdb47dfc7b732c67c35b4453e82e5223b4128cb7fb8d73787206abc1123c3,finance-datareader-yahoo-hose-v2-business-day,real,VN000000NAV3,,-0.10567010309278346,-0.0028734844763673717,-0.10567010309278346,,no_event_raw_close,23341.592363559586,23476.12603712477,23745.19338425514,22870.72450608144,1.3453367356518493,corporate-actions-v2,blocked_unresolved_material_event,False
2024-12-25,NAV,19500.0,19500.0,19500.0,19500.0,16923.4375,0.0,0.0,finance_datareader_yahoo_hose,https://github.com/FinanceData/FinanceDataReader,2026-07-30T05:57:06.897513+00:00,2024-12-26,d3efdb47dfc7b732c67c35b4453e82e5223b4128cb7fb8d73787206abc1123c3,finance-datareader-yahoo-hose-v2-business-day,real,VN000000NAV3,,0.0,0.05405409021962426,0.0,,no_event_raw_close,27579.40308086288,27579.40308086288,27579.40308086288,27579.40308086288,1.4143283631211734,corporate-actions-v2,blocked_unresolved_material_event,False
2025-04-04,NAV,18500.0,18500.0,17650.0,18000.0,16038.2099609375,3900.0,70200000.0,finance_datareader_yahoo_hose,https://github.com/FinanceData/FinanceDataReader,2026-07-30T05:57:06.897513+00:00,2025-04-05,d3efdb47dfc7b732c67c35b4453e82e5223b4128cb7fb8d73787206abc1123c3,finance-datareader-yahoo-hose-v2-business-day,real,VN000000NAV3,,-0.06493506493506496,-0.04000011457012875,-0.06493506493506496,,no_event_raw_close,25457.910536181116,26165.074717741703,26165.074717741703,24962.895609088708,1.4143283631211732,corporate-actions-v2,blocked_unresolved_material_event,False
2025-05-16,NAV,17900.0,17900.0,17900.0,17900.0,16407.41796875,0.0,0.0,finance_datareader_yahoo_hose,https://github.com/FinanceData/FinanceDataReader,2026-07-30T05:57:06.897513+00:00,2025-05-17,d3efdb47dfc7b732c67c35b4453e82e5223b4128cb7fb8d73787206abc1123c3,finance-datareader-yahoo-hose-v2-business-day,real,VN000000NAV3,,0.0,0.02873574866149875,0.0,,no_event_raw_close,26023.641881429583,26023.641881429583,26023.641881429583,26023.641881429583,1.4538347419793063,corporate-actions-v2,blocked_unresolved_material_event,False
2025-08-25,NAV,19700.0,19800.0,18350.0,18500.0,17675.158203125,3000.0,55500000.0,finance_datareader_yahoo_hose,https://github.com/FinanceData/FinanceDataReader,2026-07-30T05:57:06.897513+00:00,2025-08-26,4f8163975d9b10a94ebd75c27d94c13a5a21e8cb86c3ac28831112bb384c6534,finance-datareader-yahoo-hose-v2-business-day,real,VN000000NAV3,,-0.060913705583756306,-0.02116404462783994,-0.060913705583756306,,no_event_raw_close,26895.942726617166,28640.544416992332,28785.927891190266,26677.86751532027,1.4538347419793063,corporate-actions-v2,blocked_unresolved_material_event,False
2020-04-02,NBB,14062.5,14062.5,12890.625,13437.5,12787.953125,77094.0,1035950625.0,finance_datareader_yahoo_hose,https://github.com/FinanceData/FinanceDataReader,2026-07-30T05:42:24.692543+00:00,2020-04-03,8f2907614363e5001aa63f3fa4dcb78a6f1b21e263c8bb3057f47b4adeb8ff2c,finance-datareader-yahoo-hose-v2-business-day,real,VN000000NBB3,,-0.11794871794871797,0.011764638617019596,-0.11794871794871797,,no_event_raw_close,15642.62820512819,16370.192307692294,16370.192307692294,15006.009615384603,1.164102564102563,corporate-actions-v2,candidate_no_known_unresolved_event,False
2021-06-25,NBB,23046.875,23125.0,22890.625,22890.625,22890.625,187392.0,4289520000.0,finance_datareader_yahoo_hose,https://github.com/FinanceData/FinanceDataReader,2026-07-30T05:42:24.692543+00:00,2021-06-26,8f2907614363e5001aa63f3fa4dcb78a6f1b21e263c8bb3057f47b4adeb8ff2c,finance-datareader-yahoo-hose-v2-business-day,real,VN000000NBB3,,-0.11480362537764355,-0.06984126984126982,-0.11480362537764355,,no_event_raw_close,28295.77024750175,28488.91543690449,28585.488031605866,28295.77024750175,1.236129212177551,corporate-actions-v2,candidate_no_known_unresolved_event,False
2020-03-10,NCT,65000.0,65000.0,58100.0,58200.0,31427.044921875,43550.0,2534610000.0,finance_datareader_yahoo_hose,https://github.com/FinanceData/FinanceDataReader,2026-07-30T05:42:07.779836+00:00,2020-03-11,1cad05083ab1fde5a5e00dc48bd02f8bf159468a8477320b272fdc47d998afa7,finance-datareader-yahoo-hose-v2-business-day,real,VN000000NCT3,,-0.12349397590361444,-0.06730781604038527,-0.12349397590361444,,no_event_raw_close,61706.024096385605,68915.66265060248,68915.66265060248,61600.00000000006,1.0602409638554227,corporate-actions-v2,candidate_no_known_unresolved_event,False
2020-07-10,NCT,62900.0,62900.0,61600.0,62200.0,36032.6328125,48970.0,3045934000.0,finance_datareader_yahoo_hose,https://github.com/FinanceData/FinanceDataReader,2026-07-30T05:42:07.779836+00:00,2020-07-11,1cad05083ab1fde5a5e00dc48bd02f8bf159468a8477320b272fdc47d998afa7,finance-datareader-yahoo-hose-v2-business-day,real,VN000000NCT3,,-0.06184012066365008,0.006472425525098968,-0.06184012066365008,,no_event_raw_close,70423.02785803853,71215.56997219652,71215.56997219652,69743.7060459031,1.1322030202256999,corporate-actions-v2,candidate_no_known_unresolved_event,False
2020-09-22,NCT,69000.0,69000.0,67500.0,67800.0,41012.08203125,64430.0,4368354000.0,finance_datareader_yahoo_hose,https://github.com/FinanceData/FinanceDataReader,2026-07-30T05:42:07.779836+00:00,2020-09-23,1cad05083ab1fde5a5e00dc48bd02f8bf159468a8477320b272fdc47d998afa7,finance-datareader-yahoo-hose-v2-business-day,real,VN000000NCT3,,-0.04372355430183361,-0.0014726222462396743,-0.04372355430183361,,no_event_raw_close,80011.46201127295,81427.59408226893,81427.59408226893,79657.42899352395,1.1801100591633178,corporate-actions-v2,candidate_no_known_unresolved_event,False
2021-03-16,NCT,72000.0,72000.0,71500.0,71700.0,45198.6171875,6970.0,499749000.0,finance_datareader_yahoo_hose,https://github.com/FinanceData/FinanceDataReader,2026-07-30T05:42:07.779836+00:00,2021-03-17,1cad05083ab1fde5a5e00dc48bd02f8bf159468a8477320b272fdc47d998afa7,finance-datareader-yahoo-hose-v2-business-day,real,VN000000NCT3,,-0.03369272237196763,0.007022533027401856,-0.03369272237196763,,no_event_raw_close,88034.93805772469,88403.2850788867,88403.2850788867,87789.37337695,1.2278234038734266,corporate-actions-v2,candidate_no_known_unresolved_event,False
2021-06-18,NCT,70700.0,71000.0,70000.0,70700.0,45513.80859375,13500.0,954450000.0,finance_datareader_yahoo_hose,https://github.com/FinanceData/FinanceDataReader,2026-07-30T05:42:07.779836+00:00,2021-06-19,1cad05083ab1fde5a5e00dc48bd02f8bf159468a8477320b272fdc47d998afa7,finance-datareader-yahoo-hose-v2-business-day,real,VN000000NCT3,,-0.020775623268698085,-8.582559418712776e-08,-0.020775623268698085,,no_event_raw_close,88610.58656494234,88610.58656494234,88986.58622504817,87733.25402469539,1.2533322003527911,corporate-actions-v2,candidate_no_known_unresolved_event,False
2021-07-14,NCT,69400.0,70600.0,69400.0,70200.0,46488.6796875,23200.0,1628640000.0,finance_datareader_yahoo_hose,https://github.com/FinanceData/FinanceDataReader,2026-07-30T05:42:07.779836+00:00,2021-07-15,1cad05083ab1fde5a5e00dc48bd02f8bf159468a8477320b272fdc47d998afa7,finance-datareader-yahoo-hose-v2-business-day,real,VN000000NCT3,,-0.02092050209205021,0.007173542866964588,-0.02092050209205021,,no_event_raw_close,90438.14418763251,89407.51006583613,90953.4612485307,89407.51006583613,1.2882926522454774,corporate-actions-v2,candidate_no_known_unresolved_event,False
2022-07-20,NCT,91600.0,92500.0,91000.0,91800.0,65015.546875,32700.0,3001860000.0,finance_datareader_yahoo_hose,https://github.com/FinanceData/FinanceDataReader,2026-07-30T05:42:07.779836+00:00,2022-07-21,1cad05083ab1fde5a5e00dc48bd02f8bf159468a8477320b272fdc47d998afa7,finance-datareader-yahoo-hose-v2-business-day,real,VN000000NCT3,,-0.053608247422680444,0.01212772989462474,-0.053608247422680444,,no_event_raw_close,125946.4115843788,125672.01853081807,126906.78727184139,124848.83937013584,1.3719652678036907,corporate-actions-v2,candidate_no_known_unresolved_event,False
2022-11-16,NCT,86000.0,86000.0,82000.0,82000.0,60477.5234375,19100.0,1566200000.0,finance_datareader_yahoo_hose,https://github.com/FinanceData/FinanceDataReader,2026-07-30T05:42:07.779836+00:00,2022-11-17,1cad05083ab1fde5a5e00dc48bd02f8bf159468a8477320b272fdc47d998afa7,finance-datareader-yahoo-hose-v2-business-day,real,VN000000NCT3,,-0.06923950056753692,-0.03073283121559145,-0.06923950056753692,,no_event_raw_close,116970.55073243,122676.43125596317,122676.43125596317,116970.55073242998,1.4264701308832926,corporate-actions-v2,candidate_no_known_unresolved_event,False
2023-07-28,NCT,94500.0,94500.0,92000.0,93000.0,72293.9375,29400.0,2734200000.0,finance_datareader_yahoo_hose,https://github.com/FinanceData/FinanceDataReader,2026-07-30T05:42:07.779836+00:00,2023-07-29,1cad05083ab1fde5a5e00dc48bd02f8bf159468a8477320b272fdc47d998afa7,finance-datareader-yahoo-hose-v2-business-day,real,VN000000NCT3,,-0.047131147540983576,0.004319596293569372,-0.047131147540983576,,no_event_raw_close,139457.9169555552,141707.23819677383,141707.23819677383,137958.36946140946,1.499547494145755,corporate-actions-v2,candidate_no_known_unresolved_event,False
2023-11-22,NCT,87800.0,88000.0,86400.0,88000.0,70793.4609375,3900.0,343200000.0,finance_datareader_yahoo_hose,https://github.com/FinanceData/FinanceDataReader,2026-07-30T05:42:07.779836+00:00,2023-11-23,1cad05083ab1fde5a5e00dc48bd02f8bf159468a8477320b272fdc47d998afa7,finance-datareader-yahoo-hose-v2-business-day,real,VN000000NCT3,,-0.011235955056179803,0.023255743048566035,-0.011235955056179803,,no_event_raw_close,136408.27542251715,136098.2566147387,136408.27542251715,133928.12496028957,1.5500940388922404,corporate-actions-v2,candidate_no_known_unresolved_event,False
2024-07-10,NCT,99000.0,99100.0,96000.0,96000.0,81177.5546875,26000.0,2496000000.0,finance_datareader_yahoo_hose,https://github.com/FinanceData/FinanceDataReader,2026-07-30T05:42:07.779836+00:00,2024-07-11,1cad05083ab1fde5a5e00dc48bd02f8bf159468a8477320b272fdc47d998afa7,finance-datareader-yahoo-hose-v2-business-day,real,VN000000NCT3,,-0.06614785992217898,-0.018405081264043277,-0.06614785992217898,,no_event_raw_close,156046.82091136207,160923.28406484213,161085.8328366248,156046.82091136207,1.6254877178266882,corporate-actions-v2,candidate_no_known_unresolved_event,False
2025-11-18,NCT,101100.0,101100.0,98900.0,99200.0,90648.2734375,45400.0,4503680000.0,finance_datareader_yahoo_hose,https://github.com/FinanceData/FinanceDataReader,2026-07-30T05:42:07.779836+00:00,2025-11-19,1cad05083ab1fde5a5e00dc48bd02f8bf159468a8477320b272fdc47d998afa7,finance-datareader-yahoo-hose-v2-business-day,real,VN000000NCT3,,-0.07462686567164178,0.0,-0.07462686567164178,,no_event_raw_close,173281.84292246788,176600.74918811998,176600.74918811998,172757.80509104911,1.7467927713958455,corporate-actions-v2,candidate_no_known_unresolved_event,False
2020-06-29,NHH,33145.05859375,35167.99609375,33145.05859375,34234.3359375,31309.322265625,273850.0,9375072896.484375,finance_datareader_yahoo_hose,https://github.com/FinanceData/FinanceDataReader,2026-07-30T05:43:38.704902+00:00,2020-06-30,e2d0ee447172b4ef1fb1c4c36cfda7c3678cef105f8371b29fe4ee9c119296b4,finance-datareader-yahoo-hose-v2-business-day,real,VN000000NHH7,,-0.022222157760908523,-0.011647186355104977,-0.022222157760908523,,no_event_raw_close,34723.22485861956,33618.391915182794,35670.218298369335,33618.391915182794,1.0142806602707906,corporate-actions-v2,blocked_unresolved_material_event,False
2020-09-18,NHH,45049.26953125,45049.26953125,42637.30859375,43415.359375,40482.2734375,256653.0,11142682229.671875,finance_datareader_yahoo_hose,https://github.com/FinanceData/FinanceDataReader,2026-07-30T05:43:38.704902+00:00,2020-09-19,91581bf910dba1ab298d0ee319be09e1cd6e4e91a5696507bf96a49379352014,finance-datareader-yahoo-hose-v2-business-day,real,VN000000NHH7,,-0.029565244420625247,-0.018596869157701423,-0.029565244420625247,,no_event_raw_close,44510.96323878326,46186.10576777029,46186.10576777029,43713.27803657191,1.0252353977844566,corporate-actions-v2,blocked_unresolved_material_event,False
2021-03-18,NHH,51609.02734375,52703.765625,48090.23046875,52390.984375,49574.828125,49632.0,2600269336.5,finance_datareader_yahoo_hose,https://github.com/FinanceData/FinanceDataReader,2026-07-30T05:43:38.704902+00:00,2021-03-19,91581bf910dba1ab298d0ee319be09e1cd6e4e91a5696507bf96a49379352014,finance-datareader-yahoo-hose-v2-business-day,real,VN000000NHH7,,0.015151555289768526,0.030182323226993768,0.015151555289768526,,no_event_raw_close,54753.86101462139,53936.63707582289,55080.748957170756,50259.139557292365,1.0451008254150864,corporate-actions-v2,blocked_unresolved_material_event,False
2023-06-16,NHH,16350.0,16400.0,15950.0,16250.0,15831.6005859375,226200.0,3675750000.0,finance_datareader_yahoo_hose,https://github.com/FinanceData/FinanceDataReader,2026-07-30T05:43:38.704902+00:00,2023-06-17,91581bf910dba1ab298d0ee319be09e1cd6e4e91a5696507bf96a49379352014,finance-datareader-yahoo-hose-v2-business-day,real,VN000000NHH7,,-0.02985074626865669,-0.0011382601625024025,-0.02985074626865669,,no_event_raw_close,17489.840305920367,17597.470092418338,17651.284985667324,17166.950946426452,1.0762978649797148,corporate-actions-v2,blocked_unresolved_material_event,False
2024-06-28,NHH,18350.0,18350.0,17950.0,18200.0,18200.0,196800.0,3581760000.0,finance_datareader_yahoo_hose,https://github.com/FinanceData/FinanceDataReader,2026-07-30T05:43:38.704902+00:00,2024-06-29,91581bf910dba1ab298d0ee319be09e1cd6e4e91a5696507bf96a49379352014,finance-datareader-yahoo-hose-v2-business-day,real,VN000000NHH7,,-0.0267379679144385,-0.0010165222930564877,-0.0267379679144385,,no_event_raw_close,20112.381066230497,20278.142448644485,20278.142448644485,19836.112095540517,1.1050758827599174,corporate-actions-v2,blocked_unresolved_material_event,False
2023-05-11,NHT,12950.0,12950.0,12500.0,12500.0,9395.2744140625,9700.0,121250000.0,finance_datareader_yahoo_hose,https://github.com/FinanceData/FinanceDataReader,2026-07-30T05:56:05.998527+00:00,2023-05-12,e56b54b008fdf22af311b30a5b5e75713680db21dea803c69df0ba31d8e31f34,finance-datareader-yahoo-hose-v2-business-day,real,VN000000NHT2,,-0.1349480968858131,-0.03474909324258424,-0.1349480968858131,,no_event_raw_close,16250.000000000011,16835.00000000001,16835.00000000001,16250.000000000011,1.300000000000001,corporate-actions-v2,blocked_unresolved_material_event,False
2024-10-08,NHT,11300.0,11300.0,10500.0,10500.0,8596.6767578125,500.0,5250000.0,finance_datareader_yahoo_hose,https://github.com/FinanceData/FinanceDataReader,2026-07-30T05:56:05.998527+00:00,2024-10-09,e56b54b008fdf22af311b30a5b5e75713680db21dea803c69df0ba31d8e31f34,finance-datareader-yahoo-hose-v2-business-day,real,VN000000NHT2,,-0.139344262295082,-0.0625000532489075,-0.139344262295082,,no_event_raw_close,13649.999999999993,14689.999999999993,14689.999999999993,13649.999999999993,1.2999999999999994,corporate-actions-v2,blocked_unresolved_material_event,False
2020-12-22,NKG,9595.9599609375,9659.0908203125,9248.7373046875,9406.5654296875,9014.625,8238859.0,77499366249.46973,finance_datareader_yahoo_hose,https://github.com/FinanceData/FinanceDataReader,2026-07-30T05:41:11.872126+00:00,2020-12-23,662924aab607210646f28a15b6ddf3fd0b50167cfe8f42a0c11245255b00f433,finance-datareader-yahoo-hose-v2-business-day,real,VN000000NKG3,,-0.016501634327107828,0.003367065583376627,-0.016501634327107828,,no_event_raw_close,9701.614939389363,9896.950083502074,9962.06112674385,9538.836324091231,1.031366337895304,corporate-actions-v2,blocked_unresolved_material_event,False
2022-06-06,NKG,18143.939453125,18333.333984375,17840.908203125,18030.302734375,18030.302734375,7336560.0,132280397828.90625,finance_datareader_yahoo_hose,https://github.com/FinanceData/FinanceDataReader,2026-07-30T05:41:11.872126+00:00,2022-06-07,8639f8e9a3533a525b10cf9837fb4e23b36864c59de0784a555046158d3fe03d,finance-datareader-yahoo-hose-v2-business-day,real,VN000000NKG3,,-0.008333359293619558,0.03478260577150283,-0.008333359293619558,,no_event_raw_close,20991.922216509694,21124.22466290132,21344.728740220693,20771.418139190322,1.1642578899403797,corporate-actions-v2,blocked_unresolved_material_event,False
2020-06-08,NLG,19770.134765625,19976.072265625,19358.255859375,19976.072265625,17661.236328125,993535.0,19846926958.427734,finance_datareader_yahoo_hose,https://github.com/FinanceData/FinanceDataReader,2026-07-30T05:39:57.136270+00:00,2020-06-09,eb5e9f41d8e4d567fef2d45dbe6c991d447cce8282ca8961e1bc07c2931fb671,finance-datareader-yahoo-hose-v2-business-day,real,VN000000NLG1,,-0.0020575993159028805,0.016474604583298413,-0.0020575993159028805,,no_event_raw_close,19976.07226562499,19770.13476562499,19976.07226562499,19358.25585937499,0.9999999999999994,corporate-actions-v2,blocked_unresolved_material_event,False
2020-12-15,NLG,26310.46875,26581.24609375,26129.951171875,26310.46875,23597.90234375,1878773.0,49431398304.84375,finance_datareader_yahoo_hose,https://github.com/FinanceData/FinanceDataReader,2026-07-30T05:39:57.136270+00:00,2020-12-16,1a6ffae2084bc26d4c10478f445680560f3827b61dcaf5fa16d67be7d820dd0e,finance-datareader-yahoo-hose-v2-business-day,real,VN000000NLG1,,-0.00850337294596526,0.005831129024926662,-0.00850337294596526,,no_event_raw_close,26310.468749999993,26310.468749999993,26581.246093749993,26129.951171874993,0.9999999999999998,corporate-actions-v2,blocked_unresolved_material_event,False
2021-05-19,NLG,32899.3671875,33350.6640625,32493.203125,32493.203125,29468.04296875,347854.0,11302890679.84375,finance_datareader_yahoo_hose,https://github.com/FinanceData/FinanceDataReader,2026-07-30T05:39:57.136270+00:00,2021-05-20,1a6ffae2084bc26d4c10478f445680560f3827b61dcaf5fa16d67be7d820dd0e,finance-datareader-yahoo-hose-v2-business-day,real,VN000000NLG1,,-0.020408153651915617,-0.009489317386656593,-0.020408153651915617,,no_event_raw_close,32493.203124999967,32899.36718749996,33350.66406249996,32493.203124999967,0.999999999999999,corporate-actions-v2,blocked_unresolved_material_event,False
2021-11-25,NLG,54900.0,55300.0,53200.0,55000.0,50421.515625,3418800.0,188034000000.0,finance_datareader_yahoo_hose,https://github.com/FinanceData/FinanceDataReader,2026-07-30T05:39:57.136270+00:00,2021-11-26,1a6ffae2084bc26d4c10478f445680560f3827b61dcaf5fa16d67be7d820dd0e,finance-datareader-yahoo-hose-v2-business-day,real,VN000000NLG1,,0.03281051213317632,0.04403509011741913,0.03281051213317632,,no_event_raw_close,54999.99999999997,54899.99999999997,55299.99999999997,53199.99999999997,0.9999999999999994,corporate-actions-v2,blocked_unresolved_material_event,False
2022-05-25,NLG,46200.0,46200.0,43000.0,46000.0,42655.1640625,1535100.0,70614600000.0,finance_datareader_yahoo_hose,https://github.com/FinanceData/FinanceDataReader,2026-07-30T05:39:57.136270+00:00,2022-05-26,1a6ffae2084bc26d4c10478f445680560f3827b61dcaf5fa16d67be7d820dd0e,finance-datareader-yahoo-hose-v2-business-day,real,VN000000NLG1,,0.01098901098901095,0.022602909060941867,0.01098901098901095,,no_event_raw_close,45999.99999999996,46199.99999999996,46199.99999999996,42999.99999999996,0.9999999999999992,corporate-actions-v2,blocked_unresolved_material_event,False
2022-12-01,NLG,27550.0,28500.0,26650.0,28500.0,26913.26171875,3171300.0,90382050000.0,finance_datareader_yahoo_hose,https://github.com/FinanceData/FinanceDataReader,2026-07-30T05:39:57.136270+00:00,2022-12-02,1a6ffae2084bc26d4c10478f445680560f3827b61dcaf5fa16d67be7d820dd0e,finance-datareader-yahoo-hose-v2-business-day,real,VN000000NLG1,,0.032608695652173836,0.05158289684603501,0.032608695652173836,,no_event_raw_close,28499.99999999998,27549.99999999998,28499.99999999998,26649.99999999998,0.9999999999999993,corporate-actions-v2,blocked_unresolved_material_event,False
2022-12-14,NLG,27600.0,30000.0,27600.0,30000.0,28607.787109375,1729500.0,51885000000.0,finance_datareader_yahoo_hose,https://github.com/FinanceData/FinanceDataReader,2026-07-30T05:39:57.136270+00:00,2022-12-15,1a6ffae2084bc26d4c10478f445680560f3827b61dcaf5fa16d67be7d820dd0e,finance-datareader-yahoo-hose-v2-business-day,real,VN000000NLG1,,0.05078809106830118,0.06110086632161593,0.05078809106830118,,no_event_raw_close,29999.999999999975,27599.999999999975,29999.999999999975,27599.999999999975,0.9999999999999991,corporate-actions-v2,blocked_unresolved_material_event,False
2024-05-30,NLG,43900.0,44600.0,43500.0,44400.0,43035.06640625,2840400.0,126113760000.0,finance_datareader_yahoo_hose,https://github.com/FinanceData/FinanceDataReader,2026-07-30T05:39:57.136270+00:00,2024-05-31,1a6ffae2084bc26d4c10478f445680560f3827b61dcaf5fa16d67be7d820dd0e,finance-datareader-yahoo-hose-v2-business-day,real,VN000000NLG1,,0.004524886877828038,0.015124717228159223,0.004524886877828038,,no_event_raw_close,44399.99999999995,43899.99999999995,44599.99999999995,43499.99999999995,0.9999999999999989,corporate-actions-v2,blocked_unresolved_material_event,False
2025-06-06,NLG,38300.0,39000.0,37700.0,38000.0,37281.6640625,4348500.0,165243000000.0,finance_datareader_yahoo_hose,https://github.com/FinanceData/FinanceDataReader,2026-07-30T05:39:57.136270+00:00,2025-06-07,1a6ffae2084bc26d4c10478f445680560f3827b61dcaf5fa16d67be7d820dd0e,finance-datareader-yahoo-hose-v2-business-day,real,VN000000NLG1,,-0.006535947712418277,0.00559784308822997,-0.006535947712418277,,no_event_raw_close,37999.99999999996,38299.99999999996,38999.99999999996,37699.99999999996,0.999999999999999,corporate-actions-v2,blocked_unresolved_material_event,False
2020-11-30,NNC,43000.0,44800.0,43000.0,43000.0,37861.984375,75790.0,3258970000.0,finance_datareader_yahoo_hose,https://github.com/FinanceData/FinanceDataReader,2026-07-30T05:43:55.562901+00:00,2020-12-01,d240bccd5f510901a3426eb0a485e626a0f208a4dd12d1eee7ed2d836c7399ae,finance-datareader-yahoo-hose-v2-business-day,real,VN000000NNC6,,-0.12244897959183676,-0.02272718565028431,-0.12244897959183676,,no_event_raw_close,43000.00000000003,43000.00000000003,44800.00000000003,43000.00000000003,1.0000000000000007,corporate-actions-v2,blocked_unresolved_material_event,False
2021-04-20,NNC,33000.0,33250.0,32500.0,32550.0,30285.4921875,5780.0,188139000.0,finance_datareader_yahoo_hose,https://github.com/FinanceData/FinanceDataReader,2026-07-30T05:43:55.562901+00:00,2021-04-21,3da837cf12597a2b74f69398d10d9196978fa2a5078f6db0b5c1f3ee7ef2ed29,finance-datareader-yahoo-hose-v2-business-day,real,VN000000NNC6,,-0.02980625931445602,0.025196777614700405,-0.02980625931445602,,no_event_raw_close,34296.348733233994,34770.4918032787,35033.90461997021,34243.666169895696,1.0536512667660214,corporate-actions-v2,blocked_unresolved_material_event,False
2023-07-25,NNC,20100.0,20100.0,19500.0,19700.0,18806.798828125,105800.0,2084260000.0,finance_datareader_yahoo_hose,https://github.com/FinanceData/FinanceDataReader,2026-07-30T05:43:55.562901+00:00,2023-07-26,3da837cf12597a2b74f69398d10d9196978fa2a5078f6db0b5c1f3ee7ef2ed29,finance-datareader-yahoo-hose-v2-business-day,real,VN000000NNC6,,0.0,0.026041675546379484,0.0,,no_event_raw_close,21283.755588673608,21715.913062555308,21715.913062555308,21067.676851732762,1.0803936847042441,corporate-actions-v2,blocked_unresolved_material_event,False
2024-09-13,NNC,22500.0,22850.0,22500.0,22750.0,22201.146484375,2600.0,59150000.0,finance_datareader_yahoo_hose,https://github.com/FinanceData/FinanceDataReader,2026-07-30T05:43:55.562901+00:00,2024-09-14,3da837cf12597a2b74f69398d10d9196978fa2a5078f6db0b5c1f3ee7ef2ed29,finance-datareader-yahoo-hose-v2-business-day,real,VN000000NNC6,,-0.010869565217391353,0.011111116052863856,-0.010869565217391353,,no_event_raw_close,25113.281464565487,24837.311338581254,25223.669514959183,24837.311338581254,1.1038805039369446,corporate-actions-v2,blocked_unresolved_material_event,False
2025-08-15,NNC,41700.0,43950.0,41700.0,43700.0,43700.0,108100.0,4723970000.0,finance_datareader_yahoo_hose,https://github.com/FinanceData/FinanceDataReader,2026-07-30T05:43:55.562901+00:00,2025-08-16,3da837cf12597a2b74f69398d10d9196978fa2a5078f6db0b5c1f3ee7ef2ed29,finance-datareader-yahoo-hose-v2-business-day,real,VN000000NNC6,,0.05428226779252121,0.08034610630407912,0.05428226779252121,,no_event_raw_close,49561.210296621095,47292.962685791754,49844.74124797476,47292.962685791754,1.1341238054146703,corporate-actions-v2,blocked_unresolved_material_event,False
2023-11-28,NO1,9073.1708984375,9170.7314453125,9004.8779296875,9170.7314453125,8055.291015625,62730.0,575279983.5644531,finance_datareader_yahoo_hose,https://github.com/FinanceData/FinanceDataReader,2026-08-13T08:22:38.670344+00:00,2023-11-29,1a9b5520a98f3a27f76ee20b76c20a416932f744ab316b1ffb228d5836b0e6fe,finance-datareader-yahoo-hose-v2-business-day,real,VN000000NO19,unverified,-0.028925637781323066,0.023965171902901927,-0.028925637781323066,,no_event_raw_close,9656.26862642184,9553.542812937556,9656.26862642184,9481.634126539057,1.0529442154101585,corporate-actions-v2,candidate_no_known_unresolved_event,False
2024-11-15,NO1,10926.8291015625,11073.1708984375,10195.1220703125,10195.1220703125,9354.8642578125,770697.0,7857349994.223633,finance_datareader_yahoo_hose,https://github.com/FinanceData/FinanceDataReader,2026-08-13T08:22:38.670344+00:00,2024-11-16,1a9b5520a98f3a27f76ee20b76c20a416932f744ab316b1ffb228d5836b0e6fe,finance-datareader-yahoo-hose-v2-business-day,real,VN000000NO19,unverified,-0.10683756844819114,-0.06696425092842084,-0.10683756844819114,,no_event_raw_close,11205.119917198075,12009.314803033507,12170.154209523553,11205.119917198075,1.0990667732980481,corporate-actions-v2,candidate_no_known_unresolved_event,False
2025-11-28,NO1,6185.36572265625,6517.0732421875,6185.36572265625,6419.51220703125,6419.51220703125,63037.0,404666790.9946289,finance_datareader_yahoo_hose,https://github.com/FinanceData/FinanceDataReader,2026-08-13T08:22:38.670344+00:00,2025-11-29,1a9b5520a98f3a27f76ee20b76c20a416932f744ab316b1ffb228d5836b0e6fe,finance-datareader-yahoo-hose-v2-business-day,real,VN000000NO19,unverified,-0.09615383689925505,-0.01496999505130947,-0.09615383689925505,,no_event_raw_close,7651.504939151453,7372.422522310191,7767.789279501978,7372.422522310191,1.1919137611064605,corporate-actions-v2,candidate_no_known_unresolved_event,False
2020-10-02,NSC,72500.0,72500.0,71300.0,71300.0,52955.83203125,51960.0,3704748000.0,finance_datareader_yahoo_hose,https://github.com/FinanceData/FinanceDataReader,2026-07-30T05:43:21.704478+00:00,2020-10-03,a39d1af8838a2dcfb0d8074a7abfe9b53e077b9fe1ab6cf49cf40c9590f69f17,finance-datareader-yahoo-hose-v2-business-day,real,VN000000NSC5,,-0.023287671232876672,-0.002797262260843758,-0.023287671232876672,,no_event_raw_close,72765.06849315067,73989.72602739725,73989.72602739725,72765.06849315067,1.0205479452054793,corporate-actions-v2,blocked_unresolved_material_event,False
2021-01-12,NSC,85600.0,85600.0,85600.0,85600.0,65489.359375,0.0,0.0,finance_datareader_yahoo_hose,https://github.com/FinanceData/FinanceDataReader,2026-07-30T05:43:21.704478+00:00,2021-01-13,a39d1af8838a2dcfb0d8074a7abfe9b53e077b9fe1ab6cf49cf40c9590f69f17,finance-datareader-yahoo-hose-v2-business-day,real,VN000000NSC5,,0.0,0.030084231424197583,0.0,,no_event_raw_close,89910.27397260278,89910.27397260278,89910.27397260278,89910.27397260278,1.050353667904238,corporate-actions-v2,blocked_unresolved_material_event,False
2022-01-03,NSC,81000.0,83300.0,80000.0,81000.0,63474.203125,30500.0,2470500000.0,finance_datareader_yahoo_hose,https://github.com/FinanceData/FinanceDataReader,2026-07-30T05:43:21.704478+00:00,2022-01-04,da768d7cbadbd744fee9f37c2f1567c5f2cc3cc6d3a7966b96b956610a8469d4,finance-datareader-yahoo-hose-v2-business-day,real,VN000000NSC5,,-0.04028436018957349,-0.016990424586388664,-0.04028436018957349,,no_event_raw_close,87094.7287850833,87094.7287850833,89567.78898515356,86019.48521983536,1.075243565247942,corporate-actions-v2,blocked_unresolved_material_event,False
2022-07-12,NSC,89400.0,89400.0,88100.0,89200.0,73070.0625,1400.0,124880000.0,finance_datareader_yahoo_hose,https://github.com/FinanceData/FinanceDataReader,2026-07-30T05:43:21.704478+00:00,2022-07-13,a39d1af8838a2dcfb0d8074a7abfe9b53e077b9fe1ab6cf49cf40c9590f69f17,finance-datareader-yahoo-hose-v2-business-day,real,VN000000NSC5,,-0.03253796095444683,0.011337879269221807,-0.03253796095444683,,no_event_raw_close,100072.75534853793,100297.13372375887,100297.13372375887,98838.67428482279,1.1218918761046854,corporate-actions-v2,blocked_unresolved_material_event,False
2022-12-28,NSC,65200.0,71400.0,65200.0,70800.0,60522.59765625,15800.0,1118640000.0,finance_datareader_yahoo_hose,https://github.com/FinanceData/FinanceDataReader,2026-07-30T05:43:21.704478+00:00,2022-12-29,a39d1af8838a2dcfb0d8074a7abfe9b53e077b9fe1ab6cf49cf40c9590f69f17,finance-datareader-yahoo-hose-v2-business-day,real,VN000000NSC5,,-0.015299026425591111,0.027576220200688617,-0.015299026425591111,,no_event_raw_close,82744.12889614822,76199.39553713085,83445.35032747152,76199.39553713085,1.1687023855388168,corporate-actions-v2,blocked_unresolved_material_event,False
2023-06-26,NSC,70200.0,70200.0,69000.0,69600.0,61213.859375,5600.0,389760000.0,finance_datareader_yahoo_hose,https://github.com/FinanceData/FinanceDataReader,2026-07-30T05:43:21.704478+00:00,2023-06-27,da768d7cbadbd744fee9f37c2f1567c5f2cc3cc6d3a7966b96b956610a8469d4,finance-datareader-yahoo-hose-v2-business-day,real,VN000000NSC5,,-0.02384291725105192,0.0043288545096251685,-0.02384291725105192,,no_event_raw_close,83623.36025604019,84344.25129273019,84344.25129273019,82902.46921935018,1.2014850611500028,corporate-actions-v2,blocked_unresolved_material_event,False
2023-12-20,NSC,70000.0,70000.0,68900.0,69000.0,62445.171875,4500.0,310500000.0,finance_datareader_yahoo_hose,https://github.com/FinanceData/FinanceDataReader,2026-07-30T05:43:21.704478+00:00,2023-12-21,a39d1af8838a2dcfb0d8074a7abfe9b53e077b9fe1ab6cf49cf40c9590f69f17,finance-datareader-yahoo-hose-v2-business-day,real,VN000000NSC5,,-0.028169014084507005,0.0,-0.028169014084507005,,no_event_raw_close,82902.46921935027,84103.95428050027,84103.95428050027,82782.32071323527,1.2014850611500039,corporate-actions-v2,blocked_unresolved_material_event,False
2024-06-25,NSC,78800.0,78800.0,76100.0,76100.0,70659.546875,4100.0,312010000.0,finance_datareader_yahoo_hose,https://github.com/FinanceData/FinanceDataReader,2026-07-30T05:43:21.704478+00:00,2024-06-26,a39d1af8838a2dcfb0d8074a7abfe9b53e077b9fe1ab6cf49cf40c9590f69f17,finance-datareader-yahoo-hose-v2-business-day,real,VN000000NSC5,,-0.036708860759493644,-0.01168828415717571,-0.036708860759493644,,no_event_raw_close,91433.01315351555,94677.02281862056,94677.02281862056,91433.01315351555,1.2014850611500072,corporate-actions-v2,blocked_unresolved_material_event,False
2025-01-20,NSC,82500.0,84000.0,82300.0,82300.0,78262.109375,19200.0,1580160000.0,finance_datareader_yahoo_hose,https://github.com/FinanceData/FinanceDataReader,2026-07-30T05:43:21.704478+00:00,2025-01-21,da768d7cbadbd744fee9f37c2f1567c5f2cc3cc6d3a7966b96b956610a8469d4,finance-datareader-yahoo-hose-v2-business-day,real,VN000000NSC5,,-0.02948113207547165,-0.00603865093799516,-0.02948113207547165,,no_event_raw_close,101214.34837539673,101460.31276999065,103305.04572944502,101214.34837539673,1.2298219729695836,corporate-actions-v2,blocked_unresolved_material_event,False
2025-08-01,NSC,83000.0,84000.0,83000.0,84000.0,81846.15625,1400.0,117600000.0,finance_datareader_yahoo_hose,https://github.com/FinanceData/FinanceDataReader,2026-07-30T05:43:21.704478+00:00,2025-08-02,a39d1af8838a2dcfb0d8074a7abfe9b53e077b9fe1ab6cf49cf40c9590f69f17,finance-datareader-yahoo-hose-v2-business-day,real,VN000000NSC5,,0.009615384615384581,0.03448283353067527,0.009615384615384581,,no_event_raw_close,105788.34009794133,104528.95509677536,105788.34009794133,104528.95509677536,1.2593850011659682,corporate-actions-v2,blocked_unresolved_material_event,False
2020-01-10,NT2,19800.0,19900.0,19600.0,19800.0,13119.08203125,185180.0,3666564000.0,finance_datareader_yahoo_hose,https://github.com/FinanceData/FinanceDataReader,2026-08-13T08:22:39.688415+00:00,2020-01-11,9400f2d29dfb398c25ac43b610d6b74b5e0bfb10685d2ac22ed08a70f34c2b25,finance-datareader-yahoo-hose-v2-business-day,real,VN000000NT22,unverified,-0.034146341463414664,0.015384496776627232,-0.034146341463414664,,no_event_raw_close,19799.999999999996,19799.999999999996,19899.999999999996,19599.999999999996,0.9999999999999998,corporate-actions-v2,blocked_unresolved_material_event,False
2020-07-24,NT2,22100.0,22200.0,21650.0,21700.0,15376.4580078125,305480.0,6628916000.0,finance_datareader_yahoo_hose,https://github.com/FinanceData/FinanceDataReader,2026-08-13T08:22:39.688415+00:00,2020-07-25,9400f2d29dfb398c25ac43b610d6b74b5e0bfb10685d2ac22ed08a70f34c2b25,finance-datareader-yahoo-hose-v2-business-day,real,VN000000NT22,unverified,-0.06060606060606055,0.004629765804494479,-0.06060606060606055,,no_event_raw_close,23109.090909090894,23535.06493506492,23641.558441558424,23055.84415584414,1.0649350649350642,corporate-actions-v2,blocked_unresolved_material_event,False
2021-02-08,NT2,23400.0,23400.0,23000.0,23050.0,17046.2890625,35160.0,810438000.0,finance_datareader_yahoo_hose,https://github.com/FinanceData/FinanceDataReader,2026-08-13T08:22:39.688415+00:00,2021-02-09,13197081169686362d91aeaf812343a883e65f41549b75a2f3203efba6ba5310,finance-datareader-yahoo-hose-v2-business-day,real,VN000000NT22,unverified,-0.03556485355648531,0.006550298163870538,-0.03556485355648531,,no_event_raw_close,25573.814052056725,25962.136608161705,25962.136608161705,25518.33940118458,1.109493017442808,corporate-actions-v2,blocked_unresolved_material_event,False
2021-09-30,NT2,20450.0,21000.0,20000.0,20800.0,16151.453125,4603400.0,95750720000.0,finance_datareader_yahoo_hose,https://github.com/FinanceData/FinanceDataReader,2026-08-13T08:22:39.688415+00:00,2021-10-01,9400f2d29dfb398c25ac43b610d6b74b5e0bfb10685d2ac22ed08a70f34c2b25,finance-datareader-yahoo-hose-v2-business-day,real,VN000000NT22,unverified,-0.00952380952380949,0.040000015091521623,-0.00952380952380949,,no_event_raw_close,24176.381180087064,23769.567073691367,24408.846383741748,23246.520365468332,1.1623260182734165,corporate-actions-v2,blocked_unresolved_material_event,False
2022-04-05,NT2,23900.0,23900.0,23050.0,23050.0,18665.140625,854100.0,19687005000.0,finance_datareader_yahoo_hose,https://github.com/FinanceData/FinanceDataReader,2026-08-13T08:22:39.688415+00:00,2022-04-06,9400f2d29dfb398c25ac43b610d6b74b5e0bfb10685d2ac22ed08a70f34c2b25,finance-datareader-yahoo-hose-v2-business-day,real,VN000000NT22,unverified,-0.05338809034907599,-0.012848140479007508,-0.05338809034907599,,no_event_raw_close,26791.614721202273,27779.591836734675,27779.591836734675,26791.61472120227,1.1623260182734174,corporate-actions-v2,blocked_unresolved_material_event,False
2022-10-10,NT2,25900.0,27000.0,24250.0,26100.0,21666.373046875,2076600.0,54199260000.0,finance_datareader_yahoo_hose,https://github.com/FinanceData/FinanceDataReader,2026-08-13T08:22:39.688415+00:00,2022-10-11,13197081169686362d91aeaf812343a883e65f41549b75a2f3203efba6ba5310,finance-datareader-yahoo-hose-v2-business-day,real,VN000000NT22,unverified,-0.015094339622641506,0.00967122195962733,-0.015094339622641506,,no_event_raw_close,31080.81703542704,30842.649855078944,32152.569346993492,28877.770617207116,1.1908359017404997,corporate-actions-v2,blocked_unresolved_material_event,False
2023-03-24,NT2,28500.0,28500.0,28000.0,28250.0,24282.75,323000.0,9124750000.0,finance_datareader_yahoo_hose,https://github.com/FinanceData/FinanceDataReader,2026-08-13T08:22:39.688415+00:00,2023-03-25,9400f2d29dfb398c25ac43b610d6b74b5e0bfb10685d2ac22ed08a70f34c2b25,finance-datareader-yahoo-hose-v2-business-day,real,VN000000NT22,unverified,-0.03253424657534243,0.001773057788630794,-0.03253424657534243,,no_event_raw_close,34793.2071770516,35101.11166534409,35101.11166534409,34485.302688759104,1.231617953169968,corporate-actions-v2,blocked_unresolved_material_event,False
2023-09-15,NT2,27900.0,28150.0,27300.0,27400.0,24813.841796875,757200.0,20747280000.0,finance_datareader_yahoo_hose,https://github.com/FinanceData/FinanceDataReader,2026-08-13T08:22:39.688415+00:00,2023-09-16,9400f2d29dfb398c25ac43b610d6b74b5e0bfb10685d2ac22ed08a70f34c2b25,finance-datareader-yahoo-hose-v2-business-day,real,VN000000NT22,unverified,-0.07118644067796609,-0.021428584632761316,-0.07118644067796609,,no_event_raw_close,35462.24709907015,36109.36839649844,36432.92904521258,35332.82283958449,1.2942425948565748,corporate-actions-v2,blocked_unresolved_material_event,False
2024-03-15,NT2,25200.0,25450.0,25050.0,25150.0,23408.87890625,1347900.0,33899685000.0,finance_datareader_yahoo_hose,https://github.com/FinanceData/FinanceDataReader,2026-08-13T08:22:39.688415+00:00,2024-03-16,9400f2d29dfb398c25ac43b610d6b74b5e0bfb10685d2ac22ed08a70f34c2b25,finance-datareader-yahoo-hose-v2-business-day,real,VN000000NT22,unverified,-0.02895752895752901,-0.00198414978415673,-0.02895752895752901,,no_event_raw_close,33429.936429849455,33496.39753607182,33828.70306718364,33297.01421740472,1.3292221244472944,corporate-actions-v2,blocked_unresolved_material_event,False
2025-01-20,NT2,19800.0,20050.0,19750.0,19800.0,19162.759765625,182200.0,3607560000.0,finance_datareader_yahoo_hose,https://github.com/FinanceData/FinanceDataReader,2026-08-13T08:22:39.688415+00:00,2025-01-21,13197081169686362d91aeaf812343a883e65f41549b75a2f3203efba6ba5310,finance-datareader-yahoo-hose-v2-business-day,real,VN000000NT22,unverified,-0.052631578947368474,-0.014925317688603834,-0.052631578947368474,,no_event_raw_close,27326.008516269114,27326.008516269114,27671.033876323017,27257.00344425833,1.3801014402156118,corporate-actions-v2,blocked_unresolved_material_event,False
2025-10-22,NT2,22450.0,22850.0,21700.0,21750.0,21750.0,1418800.0,30858900000.0,finance_datareader_yahoo_hose,https://github.com/FinanceData/FinanceDataReader,2026-08-13T08:22:39.688415+00:00,2025-10-23,9400f2d29dfb398c25ac43b610d6b74b5e0bfb10685d2ac22ed08a70f34c2b25,finance-datareader-yahoo-hose-v2-business-day,real,VN000000NT22,unverified,0.0,0.03325415676959631,0.0,,no_event_raw_close,30983.27733284045,31980.440281483592,32550.247680708242,30912.051407937368,1.42451849806163,corporate-actions-v2,blocked_unresolved_material_event,False
2020-03-31,NTL,16000.0,16000.0,14900.0,15100.0,11223.1533203125,237190.0,3581569000.0,finance_datareader_yahoo_hose,https://github.com/FinanceData/FinanceDataReader,2026-07-30T05:42:25.825760+00:00,2020-04-01,1c7e1932164e28d9f0ef6e7cb04eee0bd865e59ddc786d161ff3c6fc96601ac8,finance-datareader-yahoo-hose-v2-business-day,real,VN000000NTL4,,-0.08484848484848484,-0.07076913249887917,-0.08484848484848484,,no_event_raw_close,15557.575757575773,16484.848484848502,16484.848484848502,15351.515151515168,1.0303030303030314,corporate-actions-v2,blocked_unresolved_material_event,False
2020-06-12,NTL,18250.0,18300.0,16800.0,16800.0,12827.8525390625,941820.0,15822576000.0,finance_datareader_yahoo_hose,https://github.com/FinanceData/FinanceDataReader,2026-07-30T05:42:25.825760+00:00,2020-06-13,1c7e1932164e28d9f0ef6e7cb04eee0bd865e59ddc786d161ff3c6fc96601ac8,finance-datareader-yahoo-hose-v2-business-day,real,VN000000NTL4,,-0.1063829787234043,-0.08196713406080502,-0.1063829787234043,,no_event_raw_close,18229.787234042567,19803.191489361718,19857.446808510653,18229.787234042567,1.0851063829787242,corporate-actions-v2,blocked_unresolved_material_event,False
2021-01-14,NTL,25500.0,25500.0,24200.0,24450.0,19214.986328125,104590.0,2557225500.0,finance_datareader_yahoo_hose,https://github.com/FinanceData/FinanceDataReader,2026-07-30T05:42:25.825760+00:00,2021-01-15,1c7e1932164e28d9f0ef6e7cb04eee0bd865e59ddc786d161ff3c6fc96601ac8,finance-datareader-yahoo-hose-v2-business-day,real,VN000000NTL4,,-0.07386363636363635,-0.04678360646620461,-0.07386363636363635,,no_event_raw_close,28038.28578336561,29242.383945841433,29242.383945841433,27751.59574468089,1.1467601547388797,corporate-actions-v2,blocked_unresolved_material_event,False
2021-06-15,NTL,26000.0,26300.0,25300.0,25700.0,20585.7578125,1008600.0,25921020000.0,finance_datareader_yahoo_hose,https://github.com/FinanceData/FinanceDataReader,2026-07-30T05:42:25.825760+00:00,2021-06-16,1c7e1932164e28d9f0ef6e7cb04eee0bd865e59ddc786d161ff3c6fc96601ac8,finance-datareader-yahoo-hose-v2-business-day,real,VN000000NTL4,,-0.030188679245283012,-0.011538466588301821,-0.030188679245283012,,no_event_raw_close,30583.876957045373,30940.887193898045,31297.897430750712,30107.86330790848,1.1900341228422324,corporate-actions-v2,blocked_unresolved_material_event,False
2022-01-05,NTL,40500.0,41200.0,40400.0,40850.0,33320.2265625,1099100.0,44898235000.0,finance_datareader_yahoo_hose,https://github.com/FinanceData/FinanceDataReader,2026-07-30T05:42:25.825760+00:00,2022-01-06,1c7e1932164e28d9f0ef6e7cb04eee0bd865e59ddc786d161ff3c6fc96601ac8,finance-datareader-yahoo-hose-v2-business-day,real,VN000000NTL4,,-0.020383693045563533,-0.0024419768820886922,-0.020383693045563533,,no_event_raw_close,50361.55916695787,49930.064779970475,50793.053553945276,49806.780669402644,1.2328411056782833,corporate-actions-v2,blocked_unresolved_material_event,False
2022-06-22,NTL,23050.0,23200.0,22000.0,22850.0,19034.673828125,375200.0,8573320000.0,finance_datareader_yahoo_hose,https://github.com/FinanceData/FinanceDataReader,2026-07-30T05:42:25.825760+00:00,2022-06-23,1c7e1932164e28d9f0ef6e7cb04eee0bd865e59ddc786d161ff3c6fc96601ac8,finance-datareader-yahoo-hose-v2-business-day,real,VN000000NTL4,,-0.04791666666666672,-0.027659624353423617,-0.04791666666666672,,no_event_raw_close,29344.186734113344,29601.028631129655,29793.660053891886,28252.60867179403,1.2842094850815469,corporate-actions-v2,blocked_unresolved_material_event,False
2023-12-18,NTL,28100.0,28650.0,27250.0,27500.0,23882.2421875,483900.0,13307250000.0,finance_datareader_yahoo_hose,https://github.com/FinanceData/FinanceDataReader,2026-07-30T05:42:25.825760+00:00,2023-12-19,ff9cf44e686c0689441b10ecb5f753f9084a4bd5b50cdeecb34de5028c6ed18d,finance-datareader-yahoo-hose-v2-business-day,real,VN000000NTL4,,-0.10277324632952689,-0.06462588884846487,-0.10277324632952689,,no_event_raw_close,38196.32860807384,39029.70305043182,39793.6296225933,37849.08925709136,1.388957403929958,corporate-actions-v2,blocked_unresolved_material_event,False
2024-05-15,NTL,44000.0,44150.0,42500.0,42500.0,37939.89453125,869300.0,36945250000.0,finance_datareader_yahoo_hose,https://github.com/FinanceData/FinanceDataReader,2026-07-30T05:42:25.825760+00:00,2024-05-16,1c7e1932164e28d9f0ef6e7cb04eee0bd865e59ddc786d161ff3c6fc96601ac8,finance-datareader-yahoo-hose-v2-business-day,real,VN000000NTL4,,-0.07608695652173914,-0.050279314859667856,-0.07608695652173914,,no_event_raw_close,62238.879322839675,64435.545651881075,64655.212284785215,62238.879322839675,1.4644442193609335,corporate-actions-v2,blocked_unresolved_material_event,False
2024-10-04,NTL,42268.46917556017,42464.61056384583,40208.98459856072,40307.055292703546,37990.55654109306,4532700.0,182699789525.23737,fdr_segment_scaled_by_cafef_crosscheck,https://cafef.vn/du-lieu/lich-su-giao-dich-hose/all-1.chn,2026-07-30T05:42:25.825760+00:00,2024-10-05,36330d3dd557cda199950af1d4bee813e05542d6ef73400806f6b85e3dace343,fdr-cafef-segment-scale-v1,real,VN000000NTL4,,-0.09471365638766527,-0.04418605009794363,-0.09471365638766527,,no_event_raw_close,60618.32374618453,63568.120522154575,63863.100199751585,60470.833907386026,1.5039134788186266,corporate-actions-v2,blocked_unresolved_material_event,False
2025-12-17,NTL,32853.68253784839,32853.68253784839,30009.632407706293,32559.470455419898,32559.470455419898,1225600.0,39904886990.16263,fdr_segment_scaled_by_cafef_crosscheck,https://cafef.vn/du-lieu/lich-su-giao-dich-hose/all-1.chn,2026-07-30T05:42:25.825760+00:00,2025-12-18,36330d3dd557cda199950af1d4bee813e05542d6ef73400806f6b85e3dace343,fdr-cafef-segment-scale-v1,real,VN000000NTL4,,-0.04597701149425293,0.012195121951219523,-0.04597701149425293,,no_event_raw_close,50401.394512619365,50856.828800384,50856.828800384,46454.29735199255,1.5479795527273226,corporate-actions-v2,blocked_unresolved_material_event,False
2025-07-18,OCB,10748.7919921875,10950.080078125,10628.01953125,10950.080078125,10950.080078125,9630964.0,105459827029.53906,finance_datareader_yahoo_hose,https://github.com/FinanceData/FinanceDataReader,2026-07-30T05:38:58.209710+00:00,2025-07-19,612a7ef3408d2ba640bfeae035dfd2ac7745b934a4149bf84de19be4d64b8b75,finance-datareader-yahoo-hose-v2-business-day,real,VN000000OCB9,,0.007407347511575235,0.06249997038841215,0.007407347511575235,,no_event_raw_close,13986.318265659736,13729.217019557305,13986.318265659736,13574.956770833347,1.2772799984906262,corporate-actions-v2,blocked_unresolved_material_event,False
2020-07-14,OPC,20179.451171875,20214.916015625,20179.451171875,20214.916015625,16021.591796875,197.0,3982338.455078125,finance_datareader_yahoo_hose,https://github.com/FinanceData/FinanceDataReader,2026-07-30T05:42:29.028302+00:00,2020-07-15,a681c870e0914b00e322adf414d5edb701472e6b02025bbfa1aee357996d8572,finance-datareader-yahoo-hose-v2-business-day,real,VN000000OPC9,,-0.0017513173700919316,0.034482802106708954,-0.0017513173700919316,,no_event_raw_close,22211.413380884835,22172.445902394647,22211.413380884835,22172.445902394647,1.0987635745662585,corporate-actions-v2,blocked_unresolved_material_event,False
2020-12-03,OPC,20746.888671875,20924.2109375,20711.423828125,20711.423828125,16698.126953125,1466.0,30362947.33203125,finance_datareader_yahoo_hose,https://github.com/FinanceData/FinanceDataReader,2026-07-30T05:42:29.028302+00:00,2020-12-04,a681c870e0914b00e322adf414d5edb701472e6b02025bbfa1aee357996d8572,finance-datareader-yahoo-hose-v2-business-day,real,VN000000OPC9,,-0.010169420964574849,0.006896810825637534,-0.010169420964574849,,no_event_raw_close,23844.54786498338,23885.377658788897,24089.52437923218,23844.54786498338,1.151275164028258,corporate-actions-v2,blocked_unresolved_material_event,False
2021-06-14,OPC,21988.154296875,23016.6328125,21988.154296875,22342.802734375,18594.466796875,13816.0,308688162.578125,finance_datareader_yahoo_hose,https://github.com/FinanceData/FinanceDataReader,2026-07-30T05:42:29.028302+00:00,2021-06-15,021f80d83fdf34dd07895f2a026a24da0ede5f1e7034c18c23278aaaa0f41447,finance-datareader-yahoo-hose-v2-business-day,real,VN000000OPC9,,-0.015624948907564162,0.01612925605128601,-0.015624948907564162,,no_event_raw_close,27989.286979692122,27545.011612268547,28833.40773107719,27545.011612268547,1.252720498517845,corporate-actions-v2,blocked_unresolved_material_event,False
2021-12-21,OPC,20250.380859375,20250.380859375,19895.734375,20179.451171875,17093.939453125,9023.0,182079187.92382812,finance_datareader_yahoo_hose,https://github.com/FinanceData/FinanceDataReader,2026-07-30T05:42:29.028302+00:00,2021-12-22,a681c870e0914b00e322adf414d5edb701472e6b02025bbfa1aee357996d8572,finance-datareader-yahoo-hose-v2-business-day,real,VN000000OPC9,,-0.0017543898635338229,0.016071207784375208,-0.0017543898635338229,,no_event_raw_close,26529.734870221175,26622.98546399477,26622.98546399477,26156.735062881875,1.3146906050248208,corporate-actions-v2,blocked_unresolved_material_event,False
2023-04-20,OPC,20085.470703125,20085.470703125,19700.85546875,19786.32421875,17484.939453125,5733.0,113434996.74609375,finance_datareader_yahoo_hose,https://github.com/FinanceData/FinanceDataReader,2026-07-30T05:42:29.028302+00:00,2023-04-21,a681c870e0914b00e322adf414d5edb701472e6b02025bbfa1aee357996d8572,finance-datareader-yahoo-hose-v2-business-day,real,VN000000OPC9,,-0.04140788336335266,0.0,-0.04140788336335266,,no_event_raw_close,27273.14660815876,27685.4852434442,27685.4852434442,27155.33787706776,1.3783836910098777,corporate-actions-v2,blocked_unresolved_material_event,False
2023-05-18,OPC,19572.650390625,20085.470703125,18803.41796875,20000.0,18059.65234375,6318.0,126360000.0,finance_datareader_yahoo_hose,https://github.com/FinanceData/FinanceDataReader,2026-07-30T05:42:29.028302+00:00,2023-05-19,a681c870e0914b00e322adf414d5edb701472e6b02025bbfa1aee357996d8572,finance-datareader-yahoo-hose-v2-business-day,real,VN000000OPC9,,0.0,0.021833983923247757,0.0,,no_event_raw_close,28256.865665702495,27653.087640482503,28377.622374530307,26566.28277995126,1.4128432832851248,corporate-actions-v2,blocked_unresolved_material_event,False
2024-05-14,OPC,20683.759765625,20683.759765625,20341.880859375,20341.880859375,19521.19140625,3978.0,80920002.05859375,finance_datareader_yahoo_hose,https://github.com/FinanceData/FinanceDataReader,2026-07-30T05:42:29.028302+00:00,2024-05-15,a681c870e0914b00e322adf414d5edb701472e6b02025bbfa1aee357996d8572,finance-datareader-yahoo-hose-v2-business-day,real,VN000000OPC9,,-0.0629921295262511,-0.004184182959467542,-0.0629921295262511,,no_event_raw_close,30725.657655830437,31242.05308188791,31242.05308188791,30725.657655830437,1.5104629639824996,corporate-actions-v2,blocked_unresolved_material_event,False
2020-06-24,PAC,13515.1513671875,13545.4541015625,13212.12109375,13272.7275390625,9894.8740234375,26482.0,351488370.6894531,finance_datareader_yahoo_hose,https://github.com/FinanceData/FinanceDataReader,2026-07-30T05:43:23.927080+00:00,2020-06-25,4ef98ed7dcfba15cf7b50d8280fbb7d854b0d423458966b07d250441100c4741,finance-datareader-yahoo-hose-v2-business-day,real,VN000000PAC8,,-0.01793718927289001,0.00458701224637581,-0.01793718927289001,,no_event_raw_close,13763.758944426036,14015.151367187478,14046.575166859926,13700.910332390207,1.036995516100093,corporate-actions-v2,blocked_unresolved_material_event,False
2020-11-20,PAC,15757.576171875,16363.63671875,15696.9697265625,16121.2119140625,12487.90234375,39237.0,632547991.8720703,finance_datareader_yahoo_hose,https://github.com/FinanceData/FinanceDataReader,2026-07-30T05:43:23.927080+00:00,2020-11-21,4ef98ed7dcfba15cf7b50d8280fbb7d854b0d423458966b07d250441100c4741,finance-datareader-yahoo-hose-v2-business-day,real,VN000000PAC8,,0.0,0.03906247524249662,0.0,,no_event_raw_close,17754.619985082296,17354.140514311202,18021.60737443792,17287.39339809524,1.1013204267599124,corporate-actions-v2,blocked_unresolved_material_event,False
2020-11-23,PAC,16272.7275390625,16272.7275390625,15757.576171875,16090.9091796875,13288.7294921875,237699.0,3824793021.102539,finance_datareader_yahoo_hose,https://github.com/FinanceData/FinanceDataReader,2026-07-30T05:43:23.927080+00:00,2020-11-24,29daa0a87f403186b7662146bb6e6b2dc651db52828f773245b1cb68b0b52386,finance-datareader-yahoo-hose-v2-business-day,real,VN000000PAC8,,-0.0018796809158353467,0.06412823598338768,-0.0018796809158353467,,no_event_raw_close,17721.246964728427,17921.48723786809,17921.48723786809,17354.1405143112,1.1013204267599122,corporate-actions-v2,blocked_unresolved_material_event,False
2021-08-13,PAC,23121.212890625,23575.7578125,22848.484375,23575.7578125,19728.685546875,16830.0,396780003.984375,finance_datareader_yahoo_hose,https://github.com/FinanceData/FinanceDataReader,2026-07-30T05:43:23.927080+00:00,2021-08-14,4ef98ed7dcfba15cf7b50d8280fbb7d854b0d423458966b07d250441100c4741,finance-datareader-yahoo-hose-v2-business-day,real,VN000000PAC8,,0.01965921615034749,0.03320052509578586,0.01965921615034749,,no_event_raw_close,26525.94941679102,26014.52426128986,26525.94941679102,25707.66740996313,1.1251366606220738,corporate-actions-v2,blocked_unresolved_material_event,False
2022-03-22,PAC,22575.7578125,22575.7578125,22424.2421875,22424.2421875,19279.18359375,25410.0,569799993.984375,finance_datareader_yahoo_hose,https://github.com/FinanceData/FinanceDataReader,2026-07-30T05:43:23.927080+00:00,2022-03-23,4ef98ed7dcfba15cf7b50d8280fbb7d854b0d423458966b07d250441100c4741,finance-datareader-yahoo-hose-v2-business-day,real,VN000000PAC8,,-0.013333374583332058,0.013698410678740336,-0.013333374583332058,,no_event_raw_close,25230.336971824374,25400.81275616894,25400.81275616894,25230.336971824374,1.1251366606220736,corporate-actions-v2,blocked_unresolved_material_event,False
2022-08-15,PAC,20393.939453125,20666.666015625,20393.939453125,20666.666015625,18033.30859375,660.0,13639999.5703125,finance_datareader_yahoo_hose,https://github.com/FinanceData/FinanceDataReader,2026-07-30T05:43:23.927080+00:00,2022-08-16,29daa0a87f403186b7662146bb6e6b2dc651db52828f773245b1cb68b0b52386,finance-datareader-yahoo-hose-v2-business-day,real,VN000000PAC8,,0.0029411477566094746,0.017910511934443152,0.0029411477566094746,,no_event_raw_close,23817.04651390568,23502.746122167162,23817.04651390568,23502.746122167162,1.1524377708479365,corporate-actions-v2,blocked_unresolved_material_event,False
2023-01-19,PAC,18818.181640625,18818.181640625,18787.87890625,18787.87890625,16930.54296875,6600.0,124000000.78125,finance_datareader_yahoo_hose,https://github.com/FinanceData/FinanceDataReader,2026-07-30T05:43:23.927080+00:00,2023-01-20,4ef98ed7dcfba15cf7b50d8280fbb7d854b0d423458966b07d250441100c4741,finance-datareader-yahoo-hose-v2-business-day,real,VN000000PAC8,,-0.01743267993937936,0.014729812573609058,-0.01743267993937936,,no_event_raw_close,22784.208977718423,22820.957342770245,22820.957342770245,22784.208977718423,1.2127078895605932,corporate-actions-v2,blocked_unresolved_material_event,False
2023-08-28,PAC,17848.484375,18000.0,17727.2734375,17939.39453125,16550.1875,6600.0,118400003.90625,finance_datareader_yahoo_hose,https://github.com/FinanceData/FinanceDataReader,2026-07-30T05:43:23.927080+00:00,2023-08-29,29daa0a87f403186b7662146bb6e6b2dc651db52828f773245b1cb68b0b52386,finance-datareader-yahoo-hose-v2-business-day,real,VN000000PAC8,,-0.018242052170477807,0.005093494603211068,-0.018242052170477807,,no_event_raw_close,22588.655208267213,22474.18433407557,22664.967484857396,22321.559780895204,1.2591648602698553,corporate-actions-v2,blocked_unresolved_material_event,False
2024-02-01,PAC,16545.455078125,16969.697265625,16060.6064453125,16969.697265625,15950.9697265625,34815.0,590800010.3027344,finance_datareader_yahoo_hose,https://github.com/FinanceData/FinanceDataReader,2026-07-30T05:43:23.927080+00:00,2024-02-02,4ef98ed7dcfba15cf7b50d8280fbb7d854b0d423458966b07d250441100c4741,finance-datareader-yahoo-hose-v2-business-day,real,VN000000PAC8,,0.0370370326163838,0.056603730866280566,0.0370370326163838,,no_event_raw_close,22020.546781426983,21470.03342869779,22020.546781426983,20840.874768196172,1.2976393412764844,corporate-actions-v2,blocked_unresolved_material_event,False
2024-09-30,PAC,25424.2421875,26060.60546875,25151.515625,26060.60546875,25080.068359375,78045.0,2033899953.8085938,finance_datareader_yahoo_hose,https://github.com/FinanceData/FinanceDataReader,2026-07-30T05:43:23.927080+00:00,2024-10-01,29daa0a87f403186b7662146bb6e6b2dc651db52828f773245b1cb68b0b52386,finance-datareader-yahoo-hose-v2-business-day,real,VN000000PAC8,,0.0011641329985372373,0.02502978263069955,0.0011641329985372373,,no_event_raw_close,35116.41687978896,34258.923438273865,35116.41687978896,33891.427001000906,1.347490445757219,corporate-actions-v2,blocked_unresolved_material_event,False
2024-12-30,PAC,26303.03125,26818.181640625,26030.302734375,26060.60546875,25369.341796875,534765.0,13936299683.496094,finance_datareader_yahoo_hose,https://github.com/FinanceData/FinanceDataReader,2026-07-30T05:43:23.927080+00:00,2024-12-31,29daa0a87f403186b7662146bb6e6b2dc651db52828f773245b1cb68b0b52386,finance-datareader-yahoo-hose-v2-business-day,real,VN000000PAC8,,-0.01938429554425336,-0.008073949795453617,-0.01938429554425336,,no_event_raw_close,35777.102026145774,36109.914397675275,36817.134654176996,35735.50115003775,1.3728423182280665,corporate-actions-v2,blocked_unresolved_material_event,False
2025-06-24,PAC,22272.7265625,22272.7265625,21727.2734375,21727.2734375,21727.2734375,405570.0,8811930288.046875,finance_datareader_yahoo_hose,https://github.com/FinanceData/FinanceDataReader,2026-07-30T05:43:23.927080+00:00,2025-06-25,4ef98ed7dcfba15cf7b50d8280fbb7d854b0d423458966b07d250441100c4741,finance-datareader-yahoo-hose-v2-business-day,real,VN000000PAC8,,-0.0490715672470069,-0.02316071281645149,-0.0490715672470069,,no_event_raw_close,31133.595228802184,31915.189700786206,31915.189700786206,31133.595228802184,1.432926930217918,corporate-actions-v2,blocked_unresolved_material_event,False
2021-02-04,PAN,20333.333984375,21291.666015625,20000.0,21291.666015625,18277.541015625,141084.0,3003913408.1484375,finance_datareader_yahoo_hose,https://github.com/FinanceData/FinanceDataReader,2026-07-30T05:41:13.953517+00:00,2021-02-05,67b717f867298d5ecf1a53a6b078f55e613218f50ad095006369728a485c742a,finance-datareader-yahoo-hose-v2-business-day,real,VN000000PAN5,,0.047131081995034574,0.06903763204894076,0.047131081995034574,,no_event_raw_close,27269.039445778115,26041.66748046872,27269.039445778115,25614.754078677157,1.2807377039338579,corporate-actions-v2,candidate_no_known_unresolved_event,False
2024-06-28,PAN,20083.333984375,20791.666015625,20041.666015625,20500.0,17971.57421875,2642880.0,54179040000.0,finance_datareader_yahoo_hose,https://github.com/FinanceData/FinanceDataReader,2026-07-30T05:41:13.953517+00:00,2024-06-29,67b717f867298d5ecf1a53a6b078f55e613218f50ad095006369728a485c742a,finance-datareader-yahoo-hose-v2-business-day,real,VN000000PAN5,,0.022869056096318063,0.044586029199992216,0.022869056096318063,,no_event_raw_close,26907.424121467462,26360.52611173947,27290.252471918215,26305.83451625477,1.312557274217925,corporate-actions-v2,candidate_no_known_unresolved_event,False
2025-08-29,PAN,27083.333984375,28500.0,26958.333984375,28500.0,25381.458984375,7311360.0,208373760000.0,finance_datareader_yahoo_hose,https://github.com/FinanceData/FinanceDataReader,2026-07-30T05:41:13.953517+00:00,2025-08-30,67b717f867298d5ecf1a53a6b078f55e613218f50ad095006369728a485c742a,finance-datareader-yahoo-hose-v2-business-day,real,VN000000PAN5,,0.06875002609253,0.08571435016455764,0.06875002609253,,no_event_raw_close,38109.28012574508,36214.96005437398,38109.28012574508,36047.814088910185,1.3371677237103536,corporate-actions-v2,candidate_no_known_unresolved_event,False
2020-02-12,PDN,32000.0,32350.0,31000.0,31100.0,26247.19140625,4620.0,143682000.0,finance_datareader_yahoo_hose,https://github.com/FinanceData/FinanceDataReader,2026-07-30T05:41:12.869464+00:00,2020-02-13,883e7af0ad8edb52ad3a44546f99789eddbe36180e10d11debbe5e501f85e416,finance-datareader-yahoo-hose-v2-business-day,real,VN000000PDN9,,-0.028124999999999956,-0.012698540275814296,-0.028124999999999956,,no_event_raw_close,32557.812499999996,33499.99999999999,33866.40624999999,32453.124999999993,1.0468749999999998,corporate-actions-v2,blocked_unresolved_material_event,False
2020-06-18,PDN,33500.0,35150.0,33000.0,35150.0,30109.994140625,12880.0,452732000.0,finance_datareader_yahoo_hose,https://github.com/FinanceData/FinanceDataReader,2026-07-30T05:41:12.869464+00:00,2020-06-19,883e7af0ad8edb52ad3a44546f99789eddbe36180e10d11debbe5e501f85e416,finance-datareader-yahoo-hose-v2-business-day,real,VN000000PDN9,,0.03840472673559825,0.05397302948322258,0.03840472673559825,,no_event_raw_close,38428.27617245196,36624.388386262886,38428.27617245196,36077.75572378135,1.0932653249630713,corporate-actions-v2,blocked_unresolved_material_event,False
2021-03-18,PDN,40300.0,40450.0,40300.0,40450.0,35067.51953125,100.0,4045000.0,finance_datareader_yahoo_hose,https://github.com/FinanceData/FinanceDataReader,2026-07-30T05:41:12.869464+00:00,2021-03-19,883e7af0ad8edb52ad3a44546f99789eddbe36180e10d11debbe5e501f85e416,finance-datareader-yahoo-hose-v2-business-day,real,VN000000PDN9,,-0.036904761904761885,-0.025301192130520622,-0.036904761904761885,,no_event_raw_close,45801.96033742614,45632.113760155094,45801.96033742614,45632.113760155094,1.132310515140325,corporate-actions-v2,blocked_unresolved_material_event,False
2021-07-21,PDN,42400.0,42400.0,42400.0,42400.0,37345.234375,0.0,0.0,finance_datareader_yahoo_hose,https://github.com/FinanceData/FinanceDataReader,2026-07-30T05:41:12.869464+00:00,2021-07-22,883e7af0ad8edb52ad3a44546f99789eddbe36180e10d11debbe5e501f85e416,finance-datareader-yahoo-hose-v2-business-day,real,VN000000PDN9,,0.0,0.01597460929571315,0.0,,no_event_raw_close,50274.586872230444,50274.58687223044,50274.58687223044,50274.58687223044,1.185721388496001,corporate-actions-v2,blocked_unresolved_material_event,False
2022-07-04,PDN,50800.0,50800.0,50800.0,50800.0,45939.109375,0.0,0.0,finance_datareader_yahoo_hose,https://github.com/FinanceData/FinanceDataReader,2026-07-30T05:41:12.869464+00:00,2022-07-05,86bab92565c428894b387a93af5460e8bd8383ecf82d20b7e8f85505b2feec35,finance-datareader-yahoo-hose-v2-business-day,real,VN000000PDN9,,0.0,0.016677860393407684,0.0,,no_event_raw_close,63198.95000683692,63198.95000683692,63198.95000683692,63198.95000683692,1.244073819032223,corporate-actions-v2,blocked_unresolved_material_event,False
2022-11-18,PDN,64050.0,64050.0,64050.0,64050.0,58530.46875,0.0,0.0,finance_datareader_yahoo_hose,https://github.com/FinanceData/FinanceDataReader,2026-07-30T05:41:12.869464+00:00,2022-11-19,883e7af0ad8edb52ad3a44546f99789eddbe36180e10d11debbe5e501f85e416,finance-datareader-yahoo-hose-v2-business-day,real,VN000000PDN9,,0.0,0.010518052528217137,0.0,,no_event_raw_close,82171.0757470783,82171.0757470783,82171.0757470783,82171.0757470783,1.2829207766913084,corporate-actions-v2,blocked_unresolved_material_event,False
2023-06-15,PDN,89850.0,89850.0,89850.0,89850.0,83976.40625,0.0,0.0,finance_datareader_yahoo_hose,https://github.com/FinanceData/FinanceDataReader,2026-07-30T05:41:12.869464+00:00,2023-06-16,883e7af0ad8edb52ad3a44546f99789eddbe36180e10d11debbe5e501f85e416,finance-datareader-yahoo-hose-v2-business-day,real,VN000000PDN9,,0.0,0.02276607881374515,0.0,,no_event_raw_close,119119.19411578796,119119.19411578796,119119.19411578796,119119.19411578796,1.3257561949447743,corporate-actions-v2,blocked_unresolved_material_event,False
2024-06-12,PDN,120000.0,120000.0,120000.0,120000.0,114523.3046875,0.0,0.0,finance_datareader_yahoo_hose,https://github.com/FinanceData/FinanceDataReader,2026-07-30T05:41:12.869464+00:00,2024-06-13,883e7af0ad8edb52ad3a44546f99789eddbe36180e10d11debbe5e501f85e416,finance-datareader-yahoo-hose-v2-business-day,real,VN000000PDN9,,0.0,0.012943286719046654,0.0,,no_event_raw_close,164085.6624334468,164085.6624334468,164085.6624334468,164085.6624334468,1.3673805202787233,corporate-actions-v2,blocked_unresolved_material_event,False
2025-03-10,PDN,115000.0,115800.0,115000.0,115800.0,111800.046875,1600.0,185280000.0,finance_datareader_yahoo_hose,https://github.com/FinanceData/FinanceDataReader,2026-07-30T05:41:12.869464+00:00,2025-03-11,86bab92565c428894b387a93af5460e8bd8383ecf82d20b7e8f85505b2feec35,finance-datareader-yahoo-hose-v2-business-day,real,VN000000PDN9,,-0.0017241379310344307,0.009883736110964048,-0.0017241379310344307,,no_event_raw_close,161072.71018359132,159959.94534639898,161072.71018359132,159959.94534639898,1.3909560464904258,corporate-actions-v2,blocked_unresolved_material_event,False
2025-06-25,PDN,139042.8217766924,155836.89491838214,139042.8217766924,155836.89491838214,153039.10020384204,9400.0,1464866812.232792,fdr_segment_scaled_by_cafef_crosscheck,https://cafef.vn/du-lieu/lich-su-giao-dich-hose/all-1.chn,2026-07-30T05:41:12.869464+00:00,2025-06-26,06caf88179391b764376bf0dc0897ee30a07cd27339aa2e7480905cfc024db87,fdr-cafef-segment-scale-v1,real,VN000000PDN9,,0.04391894647167849,0.061855685322122156,0.04391894647167849,,no_event_raw_close,220392.38467961852,196641.36069958197,220392.38467961852,196641.36069958197,1.4142503596150746,corporate-actions-v2,blocked_unresolved_material_event,False
2020-08-18,PET,4695.48095703125,4798.55224609375,4695.48095703125,4724.11181640625,4468.05908203125,1452831.0,6863336094.341309,finance_datareader_yahoo_hose,https://github.com/FinanceData/FinanceDataReader,2026-07-30T05:41:06.540448+00:00,2020-08-19,43477aadebbd256cc807a18082cb772c37ae66086ac6934cc2c1f46864c6c301,finance-datareader-yahoo-hose-v2-business-day,real,VN000000PET4,,-0.101307171025529,0.008557531993753198,-0.101307171025529,,no_event_raw_close,5622.80464538072,5588.727185881157,5711.406272547417,5588.727185881157,1.190235300073428,corporate-actions-v2,candidate_no_known_unresolved_event,False
2021-06-08,PET,14315.490234375,14372.7529296875,12826.6796875,14172.3359375,13962.685546875,6449482.0,91404225526.85938,finance_datareader_yahoo_hose,https://github.com/FinanceData/FinanceDataReader,2026-07-30T05:41:06.540448+00:00,2021-06-09,43477aadebbd256cc807a18082cb772c37ae66086ac6934cc2c1f46864c6c301,finance-datareader-yahoo-hose-v2-business-day,real,VN000000PET4,,-0.009999957705342899,0.03125004733303838,-0.009999957705342899,,no_event_raw_close,18046.747514725044,18229.037114883,18301.954198479852,16333.217812038252,1.2733784743962604,corporate-actions-v2,candidate_no_known_unresolved_event,False
2020-06-10,PGC,17800.0,17800.0,17800.0,17800.0,11277.2705078125,0.0,0.0,finance_datareader_yahoo_hose,https://github.com/FinanceData/FinanceDataReader,2026-07-30T05:44:03.474202+00:00,2020-06-11,66483f644e32c4569e2bad8aa382660b6d052ba87391f7c519f3d6eba009888d,finance-datareader-yahoo-hose-v2-business-day,real,VN000000PGC5,,0.0,0.12658231552802057,0.0,,no_event_raw_close,19800.0,19800.0,19800.0,19800.0,1.1123595505617978,corporate-actions-v2,candidate_no_known_unresolved_event,False
2020-12-16,PGC,21550.0,21800.0,21500.0,21600.0,14455.7509765625,9820.0,212112000.0,finance_datareader_yahoo_hose,https://github.com/FinanceData/FinanceDataReader,2026-07-30T05:44:03.474202+00:00,2020-12-17,66483f644e32c4569e2bad8aa382660b6d052ba87391f7c519f3d6eba009888d,finance-datareader-yahoo-hose-v2-business-day,real,VN000000PGC5,,-0.040000000000000036,0.014084374853138515,-0.040000000000000036,,no_event_raw_close,25308.404494382023,25249.820224719104,25542.74157303371,25191.23595505618,1.171685393258427,corporate-actions-v2,candidate_no_known_unresolved_event,False
2021-05-31,PGC,16500.0,16800.0,16500.0,16700.0,11311.09375,1840.0,30728000.0,finance_datareader_yahoo_hose,https://github.com/FinanceData/FinanceDataReader,2026-07-30T05:44:03.474202+00:00,2021-06-01,62f0abfcc3670eac53298b08771097dfba92481bcd135de5a1aeefc847148ab7,finance-datareader-yahoo-hose-v2-business-day,real,VN000000PGC5,,-0.005952380952380931,0.0060240398763020675,-0.005952380952380931,,no_event_raw_close,19800.088282504017,19562.961476725526,19918.651685393263,19562.961476725526,1.185634028892456,corporate-actions-v2,candidate_no_known_unresolved_event,False
2022-05-30,PGC,21200.0,21900.0,21200.0,21350.0,15415.53515625,28100.0,599935000.0,finance_datareader_yahoo_hose,https://github.com/FinanceData/FinanceDataReader,2026-07-30T05:44:03.474202+00:00,2022-05-31,62f0abfcc3670eac53298b08771097dfba92481bcd135de5a1aeefc847148ab7,finance-datareader-yahoo-hose-v2-business-day,real,VN000000PGC5,,-0.05530973451327437,0.0070753298089489824,-0.05530973451327437,,no_event_raw_close,26881.366212588247,26692.504154888564,27573.86042415375,26692.504154888564,1.2590803846645549,corporate-actions-v2,candidate_no_known_unresolved_event,False
2022-12-07,PGC,17400.0,17400.0,16700.0,17000.0,13151.4267578125,25600.0,435200000.0,finance_datareader_yahoo_hose,https://github.com/FinanceData/FinanceDataReader,2026-07-30T05:44:03.474202+00:00,2022-12-08,66483f644e32c4569e2bad8aa382660b6d052ba87391f7c519f3d6eba009888d,finance-datareader-yahoo-hose-v2-business-day,real,VN000000PGC5,,-0.05555555555555558,0.011904761010247178,-0.05555555555555558,,no_event_raw_close,22831.324308583942,23368.531939374152,23368.531939374152,22428.418585491283,1.343019076975526,corporate-actions-v2,candidate_no_known_unresolved_event,False
2023-08-08,PGC,16050.0,16100.0,16000.0,16000.0,12611.357421875,59500.0,952000000.0,finance_datareader_yahoo_hose,https://github.com/FinanceData/FinanceDataReader,2026-07-30T05:44:03.474202+00:00,2023-08-09,66483f644e32c4569e2bad8aa382660b6d052ba87391f7c519f3d6eba009888d,finance-datareader-yahoo-hose-v2-business-day,real,VN000000PGC5,,-0.012345679012345734,0.006289254267680455,-0.012345679012345734,,no_event_raw_close,21886.236809971542,21954.631300002704,22023.025790033866,21886.236809971542,1.3678898006232214,corporate-actions-v2,candidate_no_known_unresolved_event,False
2024-06-14,PGC,15200.0,16000.0,15200.0,15600.0,13235.9013671875,146400.0,2283840000.0,finance_datareader_yahoo_hose,https://github.com/FinanceData/FinanceDataReader,2026-07-30T05:44:03.474202+00:00,2024-06-15,66483f644e32c4569e2bad8aa382660b6d052ba87391f7c519f3d6eba009888d,finance-datareader-yahoo-hose-v2-business-day,real,VN000000PGC5,,-0.07692307692307687,-0.006369440293186868,-0.07692307692307687,,no_event_raw_close,22854.281899643385,22268.2746714474,23440.289127839373,22268.2746714474,1.4650180704899607,corporate-actions-v2,candidate_no_known_unresolved_event,False
2025-06-26,PGC,15550.0,15600.0,15450.0,15550.0,14197.826171875,115500.0,1796025000.0,finance_datareader_yahoo_hose,https://github.com/FinanceData/FinanceDataReader,2026-07-30T05:44:03.474202+00:00,2025-06-27,66483f644e32c4569e2bad8aa382660b6d052ba87391f7c519f3d6eba009888d,finance-datareader-yahoo-hose-v2-business-day,real,VN000000PGC5,,0.0,0.07612455313134858,0.0,,no_event_raw_close,24392.550873657834,24392.550873657834,24470.983513122974,24235.685594727558,1.5686527893027546,corporate-actions-v2,candidate_no_known_unresolved_event,False
2020-08-05,PGD,23727.2734375,25727.2734375,23727.2734375,25363.63671875,18409.859375,3806.0,96534001.3515625,finance_datareader_yahoo_hose,https://github.com/FinanceData/FinanceDataReader,2026-07-30T05:42:08.765063+00:00,2020-08-06,daa9002a0f24f9361cfbe683ee969747fe80372f1e2234a076c4de2e0f5d782c,finance-datareader-yahoo-hose-v2-business-day,real,VN000000PGD3,,-0.06688962513789698,0.01824817439396198,-0.06688962513789698,,no_event_raw_close,27696.412655905246,25909.547736058503,28093.494223151243,25909.547736058503,1.09197324354637,corporate-actions-v2,blocked_unresolved_material_event,False
2021-09-02,PGD,29090.908203125,29090.908203125,27454.544921875,27454.544921875,21178.8515625,10670.0,292939994.31640625,finance_datareader_yahoo_hose,https://github.com/FinanceData/FinanceDataReader,2026-07-30T05:42:08.765063+00:00,2021-09-03,daa9002a0f24f9361cfbe683ee969747fe80372f1e2234a076c4de2e0f5d782c,finance-datareader-yahoo-hose-v2-business-day,real,VN000000PGD3,,-0.10782865255328311,-0.051805352894219614,-0.10782865255328311,,no_event_raw_close,31928.082948570423,33831.08089395311,33831.08089395311,31928.082948570423,1.1629434412198556,corporate-actions-v2,blocked_unresolved_material_event,False
2022-08-22,PGD,31000.0,31000.0,30454.544921875,30454.544921875,25220.53125,15070.0,458949991.97265625,finance_datareader_yahoo_hose,https://github.com/FinanceData/FinanceDataReader,2026-07-30T05:42:08.765063+00:00,2022-08-23,aecfe5190b81dd2ef6ec3c5937bca46edfa3d81b589ad9e5d57b3c23fa2a442c,finance-datareader-yahoo-hose-v2-business-day,real,VN000000PGD3,,-0.082191747762829,-0.014705880108734859,-0.082191747762829,,no_event_raw_close,38085.31099032171,38767.4366413512,38767.4366413512,38085.31099032171,1.2505624723016517,corporate-actions-v2,blocked_unresolved_material_event,False
2023-07-21,PGD,49500.0,49500.0,46000.0,47900.0,43307.3359375,54400.0,2605760000.0,finance_datareader_yahoo_hose,https://github.com/FinanceData/FinanceDataReader,2026-07-30T05:42:08.765063+00:00,2023-07-22,daa9002a0f24f9361cfbe683ee969747fe80372f1e2234a076c4de2e0f5d782c,finance-datareader-yahoo-hose-v2-business-day,real,VN000000PGD3,,-0.10543291345057604,-0.02335497659886332,-0.10543291345057604,,no_event_raw_close,64936.14654652641,67105.20363367551,67105.20363367551,62360.391255536844,1.3556606794681922,corporate-actions-v2,blocked_unresolved_material_event,False
2024-08-21,PGD,33000.0,33000.0,31600.0,32500.0,30740.0703125,6500.0,211250000.0,finance_datareader_yahoo_hose,https://github.com/FinanceData/FinanceDataReader,2026-07-30T05:42:08.765063+00:00,2024-08-22,daa9002a0f24f9361cfbe683ee969747fe80372f1e2234a076c4de2e0f5d782c,finance-datareader-yahoo-hose-v2-business-day,real,VN000000PGD3,,-0.044117647058823484,-6.353677317605388e-08,-0.044117647058823484,,no_event_raw_close,46002.75026283615,46710.4848822644,46710.4848822644,44728.8279478653,1.415469238856497,corporate-actions-v2,blocked_unresolved_material_event,False
2025-08-15,PGD,27600.0,27600.0,27300.0,27400.0,27400.0,21500.0,589100000.0,finance_datareader_yahoo_hose,https://github.com/FinanceData/FinanceDataReader,2026-07-30T05:42:08.765063+00:00,2025-08-16,daa9002a0f24f9361cfbe683ee969747fe80372f1e2234a076c4de2e0f5d782c,finance-datareader-yahoo-hose-v2-business-day,real,VN000000PGD3,,-0.010830324909747335,0.04580152671755733,-0.010830324909747335,,no_event_raw_close,40884.06601531791,41182.489854845786,41182.489854845786,40734.85409555398,1.49211919763934,corporate-actions-v2,blocked_unresolved_material_event,False
2020-02-25,PGI,15840.0,16200.0,14120.0,14120.0,10522.8125,6662.0,94067440.0,finance_datareader_yahoo_hose,https://github.com/FinanceData/FinanceDataReader,2026-07-30T05:42:04.501538+00:00,2020-02-26,7b620ccc05a0246043d3f9ec85170fb57535025cf7913f3e8177f51cc50e3fd7,finance-datareader-yahoo-hose-v2-business-day,real,VN000000PGI2,,-0.1283950617283951,-0.06860169760361601,-0.1283950617283951,,no_event_raw_close,15253.086419753086,17111.11111111111,17500.0,15253.086419753085,1.0802469135802468,corporate-actions-v2,blocked_unresolved_material_event,False
2020-12-11,PGI,16360.0,16360.0,16000.0,16000.0,12536.921875,3112.0,49792000.0,finance_datareader_yahoo_hose,https://github.com/FinanceData/FinanceDataReader,2026-07-30T05:42:04.501538+00:00,2020-12-12,7b620ccc05a0246043d3f9ec85170fb57535025cf7913f3e8177f51cc50e3fd7,finance-datareader-yahoo-hose-v2-business-day,real,VN000000PGI2,,-0.022004889975550168,0.028277740385543426,-0.022004889975550168,,no_event_raw_close,18340.426816384424,18753.086419753075,18753.086419753075,18340.426816384424,1.1462766760240266,corporate-actions-v2,blocked_unresolved_material_event,False
2022-06-07,PGI,27750.0,27750.0,25100.0,25500.0,20773.732421875,52700.0,1343850000.0,finance_datareader_yahoo_hose,https://github.com/FinanceData/FinanceDataReader,2026-07-30T05:42:04.501538+00:00,2022-06-08,7b620ccc05a0246043d3f9ec85170fb57535025cf7913f3e8177f51cc50e3fd7,finance-datareader-yahoo-hose-v2-business-day,real,VN000000PGI2,,-0.07942238267148016,-0.05204464809885334,-0.07942238267148016,,no_event_raw_close,30433.984327042483,33119.33588531093,33119.33588531093,29956.588494461423,1.1934895814526463,corporate-actions-v2,blocked_unresolved_material_event,False
2022-12-09,PGI,27900.0,27900.0,27900.0,27900.0,23750.4296875,0.0,0.0,finance_datareader_yahoo_hose,https://github.com/FinanceData/FinanceDataReader,2026-07-30T05:42:04.501538+00:00,2022-12-10,7b620ccc05a0246043d3f9ec85170fb57535025cf7913f3e8177f51cc50e3fd7,finance-datareader-yahoo-hose-v2-business-day,real,VN000000PGI2,,0.0,0.04494380091430927,0.0,,no_event_raw_close,34730.546820271986,34730.546820271986,34730.546820271986,34730.546820271986,1.2448224666764152,corporate-actions-v2,blocked_unresolved_material_event,False
2024-02-26,PGI,25800.0,25800.0,25800.0,25800.0,22848.359375,0.0,0.0,finance_datareader_yahoo_hose,https://github.com/FinanceData/FinanceDataReader,2026-07-30T05:42:04.501538+00:00,2024-02-27,ab8d1e35a3c14e80d52ba44026ab16721bf77c51c33fafd2abbdcda482f344b8,finance-datareader-yahoo-hose-v2-business-day,real,VN000000PGI2,,0.0,0.040322506059616625,0.0,,no_event_raw_close,33361.24210692796,33361.24210692796,33361.24210692796,33361.24210692796,1.2930713994933318,corporate-actions-v2,blocked_unresolved_material_event,False
2025-02-14,PGI,23300.0,24000.0,23300.0,24000.0,22288.234375,2600.0,62400000.0,finance_datareader_yahoo_hose,https://github.com/FinanceData/FinanceDataReader,2026-07-30T05:42:04.501538+00:00,2025-02-15,7b620ccc05a0246043d3f9ec85170fb57535025cf7913f3e8177f51cc50e3fd7,finance-datareader-yahoo-hose-v2-business-day,real,VN000000PGI2,,-0.06614785992217898,-0.02834011130738412,-0.06614785992217898,,no_event_raw_close,32492.15575920748,31544.467882897265,32492.155759207482,31544.467882897265,1.3538398233003117,corporate-actions-v2,blocked_unresolved_material_event,False
2022-07-15,PGV,26700.0,26700.0,25300.0,26500.0,23140.267578125,2300.0,60950000.0,finance_datareader_yahoo_hose,https://github.com/FinanceData/FinanceDataReader,2026-07-30T05:39:05.228502+00:00,2022-07-16,002730bb919d3f02ea84dcc7252eb618d48651aa31dbb461b0d437de9d6f4790,finance-datareader-yahoo-hose-v2-business-day,real,VN000000PGV5,,-0.03284671532846717,0.015325672796478784,-0.03284671532846717,,no_event_raw_close,27757.299270073003,27966.788321167893,27966.788321167893,26500.364963503656,1.0474452554744529,corporate-actions-v2,blocked_unresolved_material_event,False
2022-12-28,PGV,18350.0,18350.0,18000.0,18350.0,16522.86328125,2500.0,45875000.0,finance_datareader_yahoo_hose,https://github.com/FinanceData/FinanceDataReader,2026-07-30T05:39:05.228502+00:00,2022-12-29,002730bb919d3f02ea84dcc7252eb618d48651aa31dbb461b0d437de9d6f4790,finance-datareader-yahoo-hose-v2-business-day,real,VN000000PGV5,,0.008241758241758212,0.0396601741565048,0.008241758241758212,,no_event_raw_close,19801.46336327904,19801.46336327904,19801.46336327904,19423.778775968538,1.079098820887141,corporate-actions-v2,blocked_unresolved_material_event,False
2023-09-08,PGV,28800.0,29000.0,28250.0,28600.0,27060.16015625,80200.0,2293720000.0,finance_datareader_yahoo_hose,https://github.com/FinanceData/FinanceDataReader,2026-07-30T05:39:05.228502+00:00,2023-09-09,002730bb919d3f02ea84dcc7252eb618d48651aa31dbb461b0d437de9d6f4790,finance-datareader-yahoo-hose-v2-business-day,real,VN000000PGV5,,-0.046666666666666634,0.0017513365310781737,-0.046666666666666634,,no_event_raw_close,32353.900547445184,32580.151600224523,32806.40265300386,31957.96120508135,1.1312552638966848,corporate-actions-v2,blocked_unresolved_material_event,False
2023-12-29,PGV,23000.0,23200.0,23000.0,23200.0,22191.3046875,900.0,20880000.0,finance_datareader_yahoo_hose,https://github.com/FinanceData/FinanceDataReader,2026-07-30T05:39:05.228502+00:00,2023-12-30,002730bb919d3f02ea84dcc7252eb618d48651aa31dbb461b0d437de9d6f4790,finance-datareader-yahoo-hose-v2-business-day,real,VN000000PGV5,,-0.033333333333333326,-0.022746408241170246,-0.033333333333333326,,no_event_raw_close,26973.42426129976,26740.894741805794,26973.42426129976,26740.894741805794,1.1626475974698172,corporate-actions-v2,blocked_unresolved_material_event,False
2020-10-08,PHC,8387.798828125,8427.7412109375,8267.9736328125,8267.9736328125,6892.31494140625,275462.0,2277512552.841797,finance_datareader_yahoo_hose,https://github.com/FinanceData/FinanceDataReader,2026-07-30T05:56:25.916411+00:00,2020-10-09,2c8ba5c0720888f5f7edcf947755a7eaecd6ad0da9343c040b647599fe0e2648,finance-datareader-yahoo-hose-v2-business-day,real,VN000000PHC3,,-0.09210519966349662,-0.004807577739157409,-0.09210519966349662,,no_event_raw_close,9175.868433149004,9308.851468169869,9353.179869041813,9175.868433149004,1.109808623086727,corporate-actions-v2,blocked_unresolved_material_event,False
2022-09-22,PHC,7900.0,8120.0,7840.0,7980.0,7325.9013671875,266200.0,2124276000.0,finance_datareader_yahoo_hose,https://github.com/FinanceData/FinanceDataReader,2026-07-30T05:56:25.916411+00:00,2022-09-23,2c8ba5c0720888f5f7edcf947755a7eaecd6ad0da9343c040b647599fe0e2648,finance-datareader-yahoo-hose-v2-business-day,real,VN000000PHC3,,-0.08275862068965523,0.010126481203810433,-0.08275862068965523,,no_event_raw_close,9670.642726000575,9573.693926742422,9840.30312470234,9500.98232729881,1.211859990726889,corporate-actions-v2,blocked_unresolved_material_event,False
2024-09-16,PHC,5820.0,5820.0,5600.0,5660.0,5660.0,76700.0,434122000.0,finance_datareader_yahoo_hose,https://github.com/FinanceData/FinanceDataReader,2026-07-30T05:56:25.916411+00:00,2024-09-17,356f0bd859b8cd73c4330999aaa6d1e1246aa410019980215591fe7f26f6d626,finance-datareader-yahoo-hose-v2-business-day,real,VN000000PHC3,,-0.0721311475409836,0.010714285714285676,-0.0721311475409836,,no_event_raw_close,7421.351116982558,7631.141961278884,7631.141961278884,7342.679550371435,1.311192776852042,corporate-actions-v2,blocked_unresolved_material_event,False
2020-12-10,PHR,63500.0,63500.0,62400.0,62800.0,46152.01171875,812700.0,51037560000.0,finance_datareader_yahoo_hose,https://github.com/FinanceData/FinanceDataReader,2026-07-30T05:40:55.330642+00:00,2020-12-11,f2f92945c9028dd2abb0a3e78c48fc03b1761917beaa663a78336478d19f7bc6,finance-datareader-yahoo-hose-v2-business-day,real,VN000000PHR1,,-0.03384615384615386,0.004800113075906998,-0.03384615384615386,,no_event_raw_close,65215.38461538455,65942.30769230763,65942.30769230763,64799.999999999935,1.0384615384615374,corporate-actions-v2,candidate_no_known_unresolved_event,False
2021-12-07,PHR,67500.0,68000.0,62000.0,64000.0,50351.33203125,859800.0,55027200000.0,finance_datareader_yahoo_hose,https://github.com/FinanceData/FinanceDataReader,2026-07-30T05:40:55.330642+00:00,2021-12-08,f2f92945c9028dd2abb0a3e78c48fc03b1761917beaa663a78336478d19f7bc6,finance-datareader-yahoo-hose-v2-business-day,real,VN000000PHR1,,-0.06295754026354317,0.003134869182131572,-0.06295754026354317,,no_event_raw_close,68407.70357022177,72148.74985921827,72683.18504336063,66269.96283365235,1.0688703682847152,corporate-actions-v2,candidate_no_known_unresolved_event,False
2021-12-17,PHR,72000.0,72300.0,71000.0,72000.0,58651.1015625,390900.0,28144800000.0,finance_datareader_yahoo_hose,https://github.com/FinanceData/FinanceDataReader,2026-07-30T05:40:55.330642+00:00,2021-12-18,f2f92945c9028dd2abb0a3e78c48fc03b1761917beaa663a78336478d19f7bc6,finance-datareader-yahoo-hose-v2-business-day,real,VN000000PHR1,,-0.015047879616963078,0.01983008720733781,-0.015047879616963078,,no_event_raw_close,79590.63185564103,79590.63185564103,79922.25948837286,78485.20641320157,1.1054254424394587,corporate-actions-v2,candidate_no_known_unresolved_event,False
2022-12-19,PHR,42650.0,43400.0,42400.0,42400.0,37778.2734375,630800.0,26745920000.0,finance_datareader_yahoo_hose,https://github.com/FinanceData/FinanceDataReader,2026-07-30T05:40:55.330642+00:00,2022-12-20,ef13558ac0710261f3c7b20562b09b112a93d14555a76571327050244d4280be,finance-datareader-yahoo-hose-v2-business-day,real,VN000000PHR1,,-0.0911039657020365,-0.0058617864257987096,-0.0911039657020365,,no_event_raw_close,50888.90596281414,51188.958474387335,52089.116009106925,50888.90596281414,1.2002100462927863,corporate-actions-v2,candidate_no_known_unresolved_event,False
2023-09-11,PHR,50000.0,50900.0,49750.0,50000.0,46303.07421875,450000.0,22500000000.0,finance_datareader_yahoo_hose,https://github.com/FinanceData/FinanceDataReader,2026-07-30T05:40:55.330642+00:00,2023-09-12,ef13558ac0710261f3c7b20562b09b112a93d14555a76571327050244d4280be,finance-datareader-yahoo-hose-v2-business-day,real,VN000000PHR1,,-0.029126213592232997,0.009081625408426719,-0.029126213592232997,,no_event_raw_close,62282.74463529066,62282.74463529066,63403.834038725894,61971.330912114216,1.2456548927058133,corporate-actions-v2,candidate_no_known_unresolved_event,False
2024-12-16,PHR,54700.0,55200.0,54400.0,54800.0,53476.56640625,316400.0,17338720000.0,finance_datareader_yahoo_hose,https://github.com/FinanceData/FinanceDataReader,2026-07-30T05:40:55.330642+00:00,2024-12-17,ef13558ac0710261f3c7b20562b09b112a93d14555a76571327050244d4280be,finance-datareader-yahoo-hose-v2-business-day,real,VN000000PHR1,,-0.0680272108843537,-0.017921109156518344,-0.0680272108843537,,no_event_raw_close,71744.63751417019,71613.71664279397,72268.32099967508,71220.95402866529,1.3092087137622297,corporate-actions-v2,candidate_no_known_unresolved_event,False
2025-08-28,PHR,56000.0,57100.0,55900.0,56700.0,56700.0,330500.0,18739350000.0,finance_datareader_yahoo_hose,https://github.com/FinanceData/FinanceDataReader,2026-07-30T05:40:55.330642+00:00,2025-08-29,f2f92945c9028dd2abb0a3e78c48fc03b1761917beaa663a78336478d19f7bc6,finance-datareader-yahoo-hose-v2-business-day,real,VN000000PHR1,,0.014311270125223707,0.039413382218148385,0.014311270125223707,,no_event_raw_close,76024.86002729379,75086.28150843832,76561.19060949693,74952.19886288754,1.340826455507827,corporate-actions-v2,candidate_no_known_unresolved_event,False
2020-07-30,PJT,10000.0,10000.0,8703.7041015625,8842.5927734375,6153.75732421875,5788.0,51180926.97265625,finance_datareader_yahoo_hose,https://github.com/FinanceData/FinanceDataReader,2026-07-30T05:56:28.290380+00:00,2020-07-31,217cc17b254d77d5689b85f764d1885ce1d9ccc8208f49781683278209169607,finance-datareader-yahoo-hose-v2-business-day,real,VN000000PJT3,,-0.15486723350986753,-0.05445529103557922,-0.15486723350986753,,no_event_raw_close,9856.752093225665,11146.902662796623,11146.902662796623,9701.934242590092,1.1146902662796623,corporate-actions-v2,blocked_unresolved_material_event,False
2021-07-26,PJT,11064.814453125,11064.814453125,10555.5556640625,10555.5556640625,8092.88134765625,27648.0,291840003.0,finance_datareader_yahoo_hose,https://github.com/FinanceData/FinanceDataReader,2026-07-30T05:56:28.290380+00:00,2021-07-27,8fd0ad060e12d51db05b7c65f84abe96f500d770ebf70117431a6f002627b037,finance-datareader-yahoo-hose-v2-business-day,real,VN000000PJT3,,-0.12307691933247045,-0.03389827050627625,-0.12307691933247045,,no_event_raw_close,12939.172300658938,13563.430030618041,13563.430030618041,12939.172300658938,1.2258163106194127,corporate-actions-v2,blocked_unresolved_material_event,False
2022-08-02,PJT,9814.814453125,9907.4072265625,9722.22265625,9814.814453125,8087.5732421875,3996.0,39219998.5546875,finance_datareader_yahoo_hose,https://github.com/FinanceData/FinanceDataReader,2026-07-30T05:56:28.290380+00:00,2022-08-03,217cc17b254d77d5689b85f764d1885ce1d9ccc8208f49781683278209169607,finance-datareader-yahoo-hose-v2-business-day,real,VN000000PJT3,,-0.07826092857986611,-0.009345734023533003,-0.07826092857986611,,no_event_raw_close,12935.065872649351,12935.065872649351,13057.095038810921,12813.03799351163,1.317912420497249,corporate-actions-v2,blocked_unresolved_material_event,False
2023-07-11,PJT,9907.4072265625,9907.4072265625,9259.2587890625,9675.92578125,8598.4697265625,756.0,7314999.890625,finance_datareader_yahoo_hose,https://github.com/FinanceData/FinanceDataReader,2026-07-30T05:56:28.290380+00:00,2023-07-12,217cc17b254d77d5689b85f764d1885ce1d9ccc8208f49781683278209169607,finance-datareader-yahoo-hose-v2-business-day,real,VN000000PJT3,,-0.05000004794033919,0.02450981133651786,-0.05000004794033919,,no_event_raw_close,13753.636155951901,14082.670467257947,14082.670467257947,13161.373840355533,1.421428446940311,corporate-actions-v2,blocked_unresolved_material_event,False
2025-07-11,PJT,10750.0,10750.0,10550.0,10700.0,10070.587890625,85100.0,910570000.0,finance_datareader_yahoo_hose,https://github.com/FinanceData/FinanceDataReader,2026-07-30T05:56:28.290380+00:00,2025-07-12,217cc17b254d77d5689b85f764d1885ce1d9ccc8208f49781683278209169607,finance-datareader-yahoo-hose-v2-business-day,real,VN000000PJT3,,-0.0046511627906976605,0.05418713068169034,-0.0046511627906976605,,no_event_raw_close,15209.284382261301,15280.355804608316,15280.355804608316,14996.070115220255,1.4214284469403085,corporate-actions-v2,blocked_unresolved_material_event,False
2020-03-31,PLX,35100.0,37450.0,35100.0,35800.0,29139.0546875,728950.0,26096410000.0,finance_datareader_yahoo_hose,https://github.com/FinanceData/FinanceDataReader,2026-07-30T05:38:48.121073+00:00,2020-04-01,b12ac1145453e962c9fae891540f92d99333e41ace47ecb5699ee1704ae0bbdd,finance-datareader-yahoo-hose-v2-business-day,real,VN000000PLX1,,-0.09367088607594942,-0.04533336746087868,-0.09367088607594942,,no_event_raw_close,37612.658227848086,36877.2151898734,39346.202531645555,36877.2151898734,1.0506329113924047,corporate-actions-v2,blocked_unresolved_material_event,False
2020-09-04,PLX,52300.0,52600.0,51400.0,52100.0,44955.75390625,2055830.0,107108743000.0,finance_datareader_yahoo_hose,https://github.com/FinanceData/FinanceDataReader,2026-07-30T05:38:48.121073+00:00,2020-09-05,b12ac1145453e962c9fae891540f92d99333e41ace47ecb5699ee1704ae0bbdd,finance-datareader-yahoo-hose-v2-business-day,real,VN000000PLX1,,-0.015122873345935761,0.0440881918063285,-0.015122873345935761,,no_event_raw_close,55772.71900648461,55986.81773587611,56307.96582996335,55023.373453614375,1.0704936469574782,corporate-actions-v2,blocked_unresolved_material_event,False
2021-06-24,PLX,57500.0,57700.0,56300.0,56500.0,49771.6171875,2790000.0,157635000000.0,finance_datareader_yahoo_hose,https://github.com/FinanceData/FinanceDataReader,2026-07-30T05:38:48.121073+00:00,2021-06-25,b12ac1145453e962c9fae891540f92d99333e41ace47ecb5699ee1704ae0bbdd,finance-datareader-yahoo-hose-v2-business-day,real,VN000000PLX1,,-0.03583617747440271,-0.01567940536271173,-0.03583617747440271,,no_event_raw_close,61721.44854906532,62813.86356763284,63032.346571346345,61502.965545351806,1.0924150185675277,corporate-actions-v2,blocked_unresolved_material_event,False
2022-10-10,PLX,32200.0,32700.0,31300.0,31800.0,29097.427734375,1371800.0,43623240000.0,finance_datareader_yahoo_hose,https://github.com/FinanceData/FinanceDataReader,2026-07-30T05:38:48.121073+00:00,2022-10-11,b46d30862cc1b7226b71d89fb5e5bae612c2969f776a31535f6adf1e189f989c,finance-datareader-yahoo-hose-v2-business-day,real,VN000000PLX1,,-0.012422360248447228,0.025806415630168056,-0.012422360248447228,,no_event_raw_close,34738.797590447255,35175.76359787426,35721.971107158024,34192.59008116349,1.0924150185675237,corporate-actions-v2,blocked_unresolved_material_event,False
2023-09-22,PLX,40000.0,40200.0,39600.0,39800.0,37059.65625,972500.0,38705500000.0,finance_datareader_yahoo_hose,https://github.com/FinanceData/FinanceDataReader,2026-07-30T05:38:48.121073+00:00,2023-09-23,b12ac1145453e962c9fae891540f92d99333e41ace47ecb5699ee1704ae0bbdd,finance-datareader-yahoo-hose-v2-business-day,real,VN000000PLX1,,-0.014851485148514865,0.0025188528266955057,-0.014851485148514865,,no_event_raw_close,46033.75169154681,46265.07707693147,46496.402462316124,45802.42630616215,1.1566269269232867,corporate-actions-v2,blocked_unresolved_material_event,False
2024-05-15,PLX,38600.0,38700.0,37300.0,37500.0,36283.78515625,1949200.0,73095000000.0,finance_datareader_yahoo_hose,https://github.com/FinanceData/FinanceDataReader,2026-07-30T05:38:48.121073+00:00,2024-05-16,b12ac1145453e962c9fae891540f92d99333e41ace47ecb5699ee1704ae0bbdd,finance-datareader-yahoo-hose-v2-business-day,real,VN000000PLX1,,-0.05897114178168128,-0.022164203246360703,-0.05897114178168128,,no_event_raw_close,45006.13873426394,46326.31880380235,46446.33517376039,44766.10599434787,1.2001636995803717,corporate-actions-v2,blocked_unresolved_material_event,False
2025-06-11,PLX,37450.0,37450.0,36550.0,37000.0,37000.0,1998700.0,73951900000.0,finance_datareader_yahoo_hose,https://github.com/FinanceData/FinanceDataReader,2026-07-30T05:38:48.121073+00:00,2025-06-12,b12ac1145453e962c9fae891540f92d99333e41ace47ecb5699ee1704ae0bbdd,finance-datareader-yahoo-hose-v2-business-day,real,VN000000PLX1,,0.0,0.033519553072625774,0.0,,no_event_raw_close,44406.05688447372,44946.130549284884,44946.130549284884,43865.98321966256,1.2001636995803708,corporate-actions-v2,blocked_unresolved_material_event,False
2020-12-29,PNC,9900.0,9900.0,9900.0,9900.0,8881.67578125,3090.0,30591000.0,finance_datareader_yahoo_hose,https://github.com/FinanceData/FinanceDataReader,2026-07-30T05:55:59.373423+00:00,2020-12-30,3bd90c41d340fa20a837c136113c9753de5b9e51e7ac06a87f1aa8955828ede6,finance-datareader-yahoo-hose-v2-business-day,real,VN000000PNC1,,0.02590673575129543,0.08196737693544187,0.02590673575129543,,no_event_raw_close,9900.000000000004,9900.000000000004,9900.000000000004,9900.000000000004,1.0000000000000004,corporate-actions-v2,blocked_unresolved_material_event,False
2020-12-30,PNC,10000.0,10000.0,8900.0,9000.0,8503.73046875,1100.0,9900000.0,finance_datareader_yahoo_hose,https://github.com/FinanceData/FinanceDataReader,2026-07-30T05:55:59.373423+00:00,2020-12-31,3bd90c41d340fa20a837c136113c9753de5b9e51e7ac06a87f1aa8955828ede6,finance-datareader-yahoo-hose-v2-business-day,real,VN000000PNC1,,-0.09090909090909094,-0.04255337864256159,-0.09090909090909094,,no_event_raw_close,9000.000000000004,10000.000000000004,10000.000000000004,8900.000000000004,1.0000000000000004,corporate-actions-v2,blocked_unresolved_material_event,False
2024-10-11,PNC,13400.0,13400.0,13400.0,13400.0,13151.8515625,0.0,0.0,finance_datareader_yahoo_hose,https://github.com/FinanceData/FinanceDataReader,2026-07-30T05:55:59.373423+00:00,2024-10-12,3bd90c41d340fa20a837c136113c9753de5b9e51e7ac06a87f1aa8955828ede6,finance-datareader-yahoo-hose-v2-business-day,real,VN000000PNC1,,0.0,0.03875972938478789,0.0,,no_event_raw_close,13900.000000000004,13900.000000000004,13900.000000000004,13900.000000000004,1.0373134328358211,corporate-actions-v2,blocked_unresolved_material_event,False
2025-09-26,PNC,26800.0,26800.0,26800.0,26800.0,26800.0,100.0,2680000.0,finance_datareader_yahoo_hose,https://github.com/FinanceData/FinanceDataReader,2026-07-30T05:55:59.373423+00:00,2025-09-27,3bd90c41d340fa20a837c136113c9753de5b9e51e7ac06a87f1aa8955828ede6,finance-datareader-yahoo-hose-v2-business-day,real,VN000000PNC1,,-0.007407407407407418,0.01132075471698113,-0.007407407407407418,,no_event_raw_close,28314.814814814814,28314.814814814814,28314.814814814814,28314.814814814814,1.056522940851299,corporate-actions-v2,blocked_unresolved_material_event,False
2020-04-02,PNJ,22550.0,24550.0,22550.0,24300.0,21552.619140625,1091239.0,26517107700.0,finance_datareader_yahoo_hose,https://github.com/FinanceData/FinanceDataReader,2026-07-30T05:39:26.560637+00:00,2020-04-03,3b03e79b0621bf6a9b561f02b5eaf344dd1a6a4f9dd14b417e95a4761dae6af8,finance-datareader-yahoo-hose-v2-business-day,real,VN000000PNJ6,,0.036247334754797356,0.05882380597907133,0.036247334754797356,,no_event_raw_close,24300.000000000007,22550.000000000004,24550.000000000004,22550.000000000004,1.0000000000000002,corporate-actions-v2,blocked_unresolved_material_event,False
2023-10-23,PNJ,50333.33203125,51000.0,50000.0,50266.66796875,47710.57421875,397950.0,20003620518.164062,finance_datareader_yahoo_hose,https://github.com/FinanceData/FinanceDataReader,2026-07-30T05:39:26.560637+00:00,2023-10-24,142a0d388d03f312ce4b45528dc8e72fb2d9295e56b1f4add92fe4361e4a1e24,finance-datareader-yahoo-hose-v2-business-day,real,VN000000PNJ6,,-0.00658758955039529,0.003994719411178238,-0.00658758955039529,,no_event_raw_close,53572.742783978865,53643.79138969643,54354.30658904016,53288.535871608,1.06577071743216,corporate-actions-v2,blocked_unresolved_material_event,False
2024-10-03,PNJ,65000.0,65800.0,64866.66796875,65333.33203125,63282.39453125,2738400.0,178908796434.375,finance_datareader_yahoo_hose,https://github.com/FinanceData/FinanceDataReader,2026-07-30T05:39:26.560637+00:00,2024-10-04,3b03e79b0621bf6a9b561f02b5eaf344dd1a6a4f9dd14b417e95a4761dae6af8,finance-datareader-yahoo-hose-v2-business-day,real,VN000000PNJ6,,-0.004065060499237827,0.010309208271788162,-0.004065060499237827,,no_event_raw_close,71750.70403636772,71384.63043845877,72263.21050539365,71238.20185728354,1.0982250836685965,corporate-actions-v2,blocked_unresolved_material_event,False
2025-09-29,PNJ,58466.66796875,58533.33203125,57466.66796875,57466.66796875,56914.10546875,1150350.0,66106781497.85156,finance_datareader_yahoo_hose,https://github.com/FinanceData/FinanceDataReader,2026-07-30T05:39:26.560637+00:00,2025-09-30,142a0d388d03f312ce4b45528dc8e72fb2d9295e56b1f4add92fe4361e4a1e24,finance-datareader-yahoo-hose-v2-business-day,real,VN000000PNJ6,,-0.015981712863869846,0.0,-0.015981712863869846,,no_event_raw_close,65215.956264355125,66350.80466551559,66426.45827025858,65215.956264355125,1.134848401160463,corporate-actions-v2,blocked_unresolved_material_event,False
2020-11-19,POW,8235.2939453125,8235.2939453125,8151.2607421875,8176.470703125,8046.88720703125,8234514.0,67329262475.47266,finance_datareader_yahoo_hose,https://github.com/FinanceData/FinanceDataReader,2026-07-30T05:38:50.397856+00:00,2020-11-20,afafdad3e73c3781af3cf2caeb1b3f6258779495888d4309a932c0ee6d7f2b76,finance-datareader-yahoo-hose-v2-business-day,real,VN000000POW7,,-0.022110561097928194,0.007249003616495164,-0.022110561097928194,,no_event_raw_close,8469.837534795623,8530.771319393865,8530.771319393865,8443.723055682089,1.0358793961749901,corporate-actions-v2,blocked_unresolved_material_event,False
2021-10-01,POW,10252.1005859375,10294.1171875,9957.9833984375,10042.0166015625,10042.0166015625,11037607.0,110839832735.52246,finance_datareader_yahoo_hose,https://github.com/FinanceData/FinanceDataReader,2026-07-30T05:38:50.397856+00:00,2021-10-02,afafdad3e73c3781af3cf2caeb1b3f6258779495888d4309a932c0ee6d7f2b76,finance-datareader-yahoo-hose-v2-business-day,real,VN000000POW7,,-0.02049179898441167,-0.0047182608444843455,-0.02049179898441167,,no_event_raw_close,10605.24856636909,10827.115643721203,10871.488852924529,10516.50214796244,1.0560875357165764,corporate-actions-v2,blocked_unresolved_material_event,False
2020-04-20,PPC,24200.0,24200.0,23700.0,23800.0,13016.9599609375,161670.0,3847746000.0,finance_datareader_yahoo_hose,https://github.com/FinanceData/FinanceDataReader,2026-07-30T05:41:52.407552+00:00,2020-04-21,12ce814bf26bcd001a708f33277dbe9b888806304b06c8e999c4d03b8a7309dd,finance-datareader-yahoo-hose-v2-business-day,real,VN000000PPC6,,-0.02857142857142858,0.012765785764258908,-0.02857142857142858,,no_event_raw_close,24771.428571428572,25187.755102040817,25187.755102040817,24667.34693877551,1.0408163265306123,corporate-actions-v2,blocked_unresolved_material_event,False
2020-12-21,PPC,24000.0,24000.0,23850.0,24000.0,13319.3818359375,233680.0,5608320000.0,finance_datareader_yahoo_hose,https://github.com/FinanceData/FinanceDataReader,2026-07-30T05:41:52.407552+00:00,2020-12-22,12ce814bf26bcd001a708f33277dbe9b888806304b06c8e999c4d03b8a7309dd,finance-datareader-yahoo-hose-v2-business-day,real,VN000000PPC6,,-0.006211180124223614,0.00840330729119887,-0.006211180124223614,,no_event_raw_close,25341.614906832285,25341.61490683229,25341.61490683229,25183.229813664584,1.055900621118012,corporate-actions-v2,blocked_unresolved_material_event,False
2021-03-15,PPC,26900.0,26900.0,25700.0,25800.0,14937.3642578125,121790.0,3142182000.0,finance_datareader_yahoo_hose,https://github.com/FinanceData/FinanceDataReader,2026-07-30T05:41:52.407552+00:00,2021-03-16,12ce814bf26bcd001a708f33277dbe9b888806304b06c8e999c4d03b8a7309dd,finance-datareader-yahoo-hose-v2-business-day,real,VN000000PPC6,,-0.07027027027027022,-0.03007517175961094,-0.07027027027027022,,no_event_raw_close,28371.19355380223,29580.818085165887,29580.818085165887,28261.227687314622,1.0996586648760553,corporate-actions-v2,blocked_unresolved_material_event,False
2021-05-18,PPC,25950.0,25950.0,25100.0,25200.0,15673.392578125,24860.0,626472000.0,finance_datareader_yahoo_hose,https://github.com/FinanceData/FinanceDataReader,2026-07-30T05:41:52.407552+00:00,2021-05-19,b918928865385319e95c88f43c8fd0dfec25403484305838091d616a37856324,finance-datareader-yahoo-hose-v2-business-day,real,VN000000PPC6,,-0.08029197080291972,-0.011997089465688004,-0.08029197080291972,,no_event_raw_close,29626.923482034847,30508.677157095404,30508.677157095404,29509.356325360102,1.1756715667474145,corporate-actions-v2,blocked_unresolved_material_event,False
2021-07-16,PPC,23200.0,23500.0,22700.0,23500.0,15398.50390625,198900.0,4674150000.0,finance_datareader_yahoo_hose,https://github.com/FinanceData/FinanceDataReader,2026-07-30T05:41:52.407552+00:00,2021-07-17,b918928865385319e95c88f43c8fd0dfec25403484305838091d616a37856324,finance-datareader-yahoo-hose-v2-business-day,real,VN000000PPC6,,-0.04471544715447151,0.006424031525292584,-0.04471544715447151,,no_event_raw_close,29032.157927231114,28661.534634543055,29032.157927231114,28043.82914672963,1.2354109756268559,corporate-actions-v2,blocked_unresolved_material_event,False
2021-09-22,PPC,24150.0,24150.0,24150.0,24150.0,16688.1953125,0.0,0.0,finance_datareader_yahoo_hose,https://github.com/FinanceData/FinanceDataReader,2026-07-30T05:41:52.407552+00:00,2021-09-23,b918928865385319e95c88f43c8fd0dfec25403484305838091d616a37856324,finance-datareader-yahoo-hose-v2-business-day,real,VN000000PPC6,,0.0,0.0545851591713582,0.0,,no_event_raw_close,31379.43878092217,31379.438780922166,31379.438780922166,31379.438780922166,1.2993556431023672,corporate-actions-v2,blocked_unresolved_material_event,False
2022-07-18,PPC,17400.0,17400.0,17100.0,17250.0,12234.748046875,35600.0,614100000.0,finance_datareader_yahoo_hose,https://github.com/FinanceData/FinanceDataReader,2026-07-30T05:41:52.407552+00:00,2022-07-19,12ce814bf26bcd001a708f33277dbe9b888806304b06c8e999c4d03b8a7309dd,finance-datareader-yahoo-hose-v2-business-day,real,VN000000PPC6,,-0.014285714285714235,0.011729992615759022,-0.014285714285714235,,no_event_raw_close,22413.884843515847,22608.788189981202,22608.788189981202,22218.98149705049,1.2993556431023678,corporate-actions-v2,blocked_unresolved_material_event,False
2023-07-07,PPC,16100.0,16200.0,15900.0,16050.0,11673.6650390625,246700.0,3959535000.0,finance_datareader_yahoo_hose,https://github.com/FinanceData/FinanceDataReader,2026-07-30T05:41:52.407552+00:00,2023-07-08,b918928865385319e95c88f43c8fd0dfec25403484305838091d616a37856324,finance-datareader-yahoo-hose-v2-business-day,real,VN000000PPC6,,-0.0031055900621117516,0.022293038569481283,-0.0031055900621117516,,no_event_raw_close,20854.65807179302,20919.625853948135,21049.561418258374,20659.754725327664,1.2993556431023687,corporate-actions-v2,blocked_unresolved_material_event,False
2023-07-17,PPC,15950.0,16050.0,15750.0,15800.0,11782.7626953125,334800.0,5289840000.0,finance_datareader_yahoo_hose,https://github.com/FinanceData/FinanceDataReader,2026-07-30T05:41:52.407552+00:00,2023-07-18,12ce814bf26bcd001a708f33277dbe9b888806304b06c8e999c4d03b8a7309dd,finance-datareader-yahoo-hose-v2-business-day,real,VN000000PPC6,,-0.024691358024691357,0.0,-0.024691358024691357,,no_event_raw_close,21036.728276104284,21236.444050877424,21369.587900726186,20970.156351179903,1.3314384984876129,corporate-actions-v2,blocked_unresolved_material_event,False
2023-10-18,PPC,13950.0,13950.0,13700.0,13800.0,10592.8505859375,87200.0,1203360000.0,finance_datareader_yahoo_hose,https://github.com/FinanceData/FinanceDataReader,2026-07-30T05:41:52.407552+00:00,2023-10-19,b918928865385319e95c88f43c8fd0dfec25403484305838091d616a37856324,finance-datareader-yahoo-hose-v2-business-day,real,VN000000PPC6,,-0.017793594306049876,0.010989007916358151,-0.017793594306049876,,no_event_raw_close,18896.950247929897,19102.35188105957,19102.35188105957,18760.01582584345,1.3693442208644853,corporate-actions-v2,blocked_unresolved_material_event,False
2023-12-27,PPC,14800.0,14800.0,14600.0,14650.0,11456.7587890625,64700.0,947855000.0,finance_datareader_yahoo_hose,https://github.com/FinanceData/FinanceDataReader,2026-07-30T05:41:52.407552+00:00,2023-12-28,b918928865385319e95c88f43c8fd0dfec25403484305838091d616a37856324,finance-datareader-yahoo-hose-v2-business-day,real,VN000000PPC6,,-0.016778523489932917,0.0017094015634449011,-0.016778523489932917,,no_event_raw_close,20431.144213504165,20640.33681637281,20640.33681637281,20361.413345881283,1.3946173524576222,corporate-actions-v2,blocked_unresolved_material_event,False
2024-01-22,PPC,13700.0,13950.0,13700.0,13750.0,12227.28125,237200.0,3261500000.0,finance_datareader_yahoo_hose,https://github.com/FinanceData/FinanceDataReader,2026-07-30T05:41:52.407552+00:00,2024-01-23,12ce814bf26bcd001a708f33277dbe9b888806304b06c8e999c4d03b8a7309dd,finance-datareader-yahoo-hose-v2-business-day,real,VN000000PPC6,,-0.11575562700964626,0.005484466860754544,-0.11575562700964626,,no_event_raw_close,21488.20587076485,21410.066940325705,21800.761592521427,21410.066940325705,1.562778608782898,corporate-actions-v2,blocked_unresolved_material_event,False
2024-11-06,PPC,11800.0,12000.0,11750.0,11750.0,11001.0283203125,271400.0,3188950000.0,finance_datareader_yahoo_hose,https://github.com/FinanceData/FinanceDataReader,2026-07-30T05:41:52.407552+00:00,2024-11-07,b918928865385319e95c88f43c8fd0dfec25403484305838091d616a37856324,finance-datareader-yahoo-hose-v2-business-day,real,VN000000PPC6,,-0.05622489959839361,-0.006342530333092844,-0.05622489959839361,,no_event_raw_close,19284.468364704997,19366.52993221438,19694.776202251913,19284.468364704997,1.6412313501876594,corporate-actions-v2,blocked_unresolved_material_event,False
2024-12-25,PPC,11200.0,11200.0,11150.0,11200.0,10674.177734375,113300.0,1268960000.0,finance_datareader_yahoo_hose,https://github.com/FinanceData/FinanceDataReader,2026-07-30T05:41:52.407552+00:00,2024-12-26,b918928865385319e95c88f43c8fd0dfec25403484305838091d616a37856324,finance-datareader-yahoo-hose-v2-business-day,real,VN000000PPC6,,-0.013215859030836996,0.004484282679269702,-0.013215859030836996,,no_event_raw_close,18705.699335707104,18705.699335707104,18705.699335707104,18622.19174938698,1.67015172640242,corporate-actions-v2,blocked_unresolved_material_event,False
2025-11-19,PPC,10150.0,10300.0,10050.0,10100.0,10100.0,492400.0,4973240000.0,finance_datareader_yahoo_hose,https://github.com/FinanceData/FinanceDataReader,2026-07-30T05:41:52.407552+00:00,2025-11-20,b918928865385319e95c88f43c8fd0dfec25403484305838091d616a37856324,finance-datareader-yahoo-hose-v2-business-day,real,VN000000PPC6,,-0.05164319248826288,-0.0049261083743842304,-0.05164319248826288,,no_event_raw_close,17660.48231632006,17747.91044659887,18010.19483743531,17573.05418604125,1.7485626055762435,corporate-actions-v2,blocked_unresolved_material_event,False
2020-04-16,PTB,20227.41015625,20865.423828125,20038.369140625,20605.4921875,15566.935546875,590432.0,12166141963.25,finance_datareader_yahoo_hose,https://github.com/FinanceData/FinanceDataReader,2026-07-30T05:41:37.774167+00:00,2020-04-17,4e2c5aab23f93649e8637e9f2b9894d2f4035a8e54916c774f6e73c69b9bde47,finance-datareader-yahoo-hose-v2-business-day,real,VN000000PTB0,,0.01750286178382221,0.041815918824254616,0.01750286178382221,,no_event_raw_close,21622.995049283818,21226.243260219475,21895.762160461883,21027.867365687307,1.0493801775043776,corporate-actions-v2,blocked_unresolved_material_event,False
2020-07-14,PTB,24953.439453125,24953.439453125,24150.015625,24386.31640625,19152.88671875,226574.0,5525305253.4296875,finance_datareader_yahoo_hose,https://github.com/FinanceData/FinanceDataReader,2026-07-30T05:41:37.774167+00:00,2020-07-15,4e2c5aab23f93649e8637e9f2b9894d2f4035a8e54916c774f6e73c69b9bde47,finance-datareader-yahoo-hose-v2-business-day,real,VN000000PTB0,,-0.0171428976264153,0.021782224848443166,-0.0171428976264153,,no_event_raw_close,27653.298560169034,28296.39785709966,28296.39785709966,27385.34107347651,1.1339678407962317,corporate-actions-v2,blocked_unresolved_material_event,False
2021-05-28,PTB,41825.3671875,41825.3671875,40407.55859375,41069.203125,33875.39453125,66250.0,2720834707.03125,finance_datareader_yahoo_hose,https://github.com/FinanceData/FinanceDataReader,2026-07-30T05:41:37.774167+00:00,2021-05-29,4e2c5aab23f93649e8637e9f2b9894d2f4035a8e54916c774f6e73c69b9bde47,finance-datareader-yahoo-hose-v2-business-day,real,VN000000PTB0,,-0.01807907768293282,0.031232471362881764,-0.01807907768293282,,no_event_raw_close,46571.15559087815,47428.62132011899,47428.62132011899,45820.87197040196,1.133967840796233,corporate-actions-v2,blocked_unresolved_material_event,False
2021-06-10,PTB,42035.64453125,42035.64453125,33907.75390625,41387.40625,34986.45703125,262111.0,10848094439.59375,finance_datareader_yahoo_hose,https://github.com/FinanceData/FinanceDataReader,2026-07-30T05:41:37.774167+00:00,2021-06-11,4e2c5aab23f93649e8637e9f2b9894d2f4035a8e54916c774f6e73c69b9bde47,finance-datareader-yahoo-hose-v2-business-day,real,VN000000PTB0,,0.006589608500624511,0.03161155294716855,0.006589608500624511,,no_event_raw_close,51800.820713658715,52612.16111957656,52612.16111957656,42439.22584301879,1.2516082887812936,corporate-actions-v2,blocked_unresolved_material_event,False
2022-12-23,PTB,30925.8671875,31100.392578125,30227.767578125,30716.4375,26735.765625,144105.0,4426392225.9375,finance_datareader_yahoo_hose,https://github.com/FinanceData/FinanceDataReader,2026-07-30T05:41:37.774167+00:00,2022-12-24,4e2c5aab23f93649e8637e9f2b9894d2f4035a8e54916c774f6e73c69b9bde47,finance-datareader-yahoo-hose-v2-business-day,real,VN000000PTB0,,-0.022222244328051755,0.0,-0.022222244328051755,,no_event_raw_close,55536.23952858457,55914.8946798988,56230.441816430175,54652.70966508186,1.8080299685985581,corporate-actions-v2,blocked_unresolved_material_event,False
2023-05-25,PTB,32810.73828125,32810.73828125,32810.73828125,32810.73828125,29827.9296875,0.0,0.0,finance_datareader_yahoo_hose,https://github.com/FinanceData/FinanceDataReader,2026-07-30T05:41:37.774167+00:00,2023-05-26,4e2c5aab23f93649e8637e9f2b9894d2f4035a8e54916c774f6e73c69b9bde47,finance-datareader-yahoo-hose-v2-business-day,real,VN000000PTB0,,0.0,0.04444443836533796,0.0,,no_event_raw_close,62938.858041541134,62938.858041541134,62938.858041541134,62938.858041541134,1.9182396172264167,corporate-actions-v2,blocked_unresolved_material_event,False
2024-01-04,PTB,40210.609375,40210.609375,39652.12890625,39721.9375,37057.796875,124623.0,4950267017.0625,finance_datareader_yahoo_hose,https://github.com/FinanceData/FinanceDataReader,2026-07-30T05:41:37.774167+00:00,2024-01-05,4e2c5aab23f93649e8637e9f2b9894d2f4035a8e54916c774f6e73c69b9bde47,finance-datareader-yahoo-hose-v2-business-day,real,VN000000PTB0,,-0.030664407734196875,-0.005244728480601646,-0.030664407734196875,,no_event_raw_close,78985.32108869957,79957.02356302856,79957.02356302856,78846.50977839793,1.9884559027036273,corporate-actions-v2,blocked_unresolved_material_event,False
2024-07-15,PTB,49914.2109375,49914.2109375,49006.6796875,49216.109375,46562.8046875,201260.0,9905234172.8125,finance_datareader_yahoo_hose,https://github.com/FinanceData/FinanceDataReader,2026-07-30T05:41:37.774167+00:00,2024-07-16,4b33ff1b021a3fe29d1442a1744fbb28032a15a71ca17b98507fc499701f795c,finance-datareader-yahoo-hose-v2-business-day,real,VN000000PTB0,,-0.0194715384009555,-0.005641695172947547,-0.0194715384009555,,no_event_raw_close,99813.80080206152,101229.60085582151,101229.60085582151,99389.06237036457,2.0280717445894516,corporate-actions-v2,blocked_unresolved_material_event,False
2025-01-03,PTB,46284.0859375,47121.80859375,45935.03515625,46214.27734375,44382.2734375,71336.0,3296741688.59375,finance_datareader_yahoo_hose,https://github.com/FinanceData/FinanceDataReader,2026-07-30T05:41:37.774167+00:00,2025-01-04,4e2c5aab23f93649e8637e9f2b9894d2f4035a8e54916c774f6e73c69b9bde47,finance-datareader-yahoo-hose-v2-business-day,real,VN000000PTB0,,-0.016344708433382316,-0.001508213709717099,-0.016344708433382316,,no_event_raw_close,95720.79358072177,95865.38383240529,97600.50730648564,95142.41639243645,2.0712385670067612,corporate-actions-v2,blocked_unresolved_material_event,False
2025-06-30,PTB,37767.2578125,37837.06640625,37348.39453125,37837.06640625,37373.37890625,258701.0,9788486916.363281,finance_datareader_yahoo_hose,https://github.com/FinanceData/FinanceDataReader,2026-07-30T05:41:37.774167+00:00,2025-07-01,4b33ff1b021a3fe29d1442a1744fbb28032a15a71ca17b98507fc499701f795c,finance-datareader-yahoo-hose-v2-business-day,real,VN000000PTB0,,0.001848389260787009,0.03041814734670889,0.001848389260787009,,no_event_raw_close,81482.19173621667,81331.85880184748,81482.19173621667,80429.83595928283,2.1535018296967463,corporate-actions-v2,blocked_unresolved_material_event,False
2025-10-01,PVD,13660.875,13810.6650390625,13481.1259765625,13571.0009765625,13571.0009765625,6216691.0,84366719631.9873,finance_datareader_yahoo_hose,https://github.com/FinanceData/FinanceDataReader,2026-07-30T05:39:25.456479+00:00,2025-10-02,a7f63f7ed8a7b58b69a607fb296997eb080c6ad063536d17b18a732e92f9e61d,finance-datareader-yahoo-hose-v2-business-day,real,VN000000PVD2,,0.0,0.022573398811208456,0.0,,no_event_raw_close,18573.72128906249,18696.725853378543,18901.733460571966,18450.715388190667,1.3686331112303234,corporate-actions-v2,candidate_no_known_unresolved_event,False
2023-08-29,PVP,13700.0,13700.0,13500.0,13650.0,12116.2587890625,156800.0,2140320000.0,finance_datareader_yahoo_hose,https://github.com/FinanceData/FinanceDataReader,2026-07-30T05:42:23.600581+00:00,2023-08-30,cc609daa295720157dcfdae071f03c75c306cb8b88e730677a16bb72f219c9e9,finance-datareader-yahoo-hose-v2-business-day,real,VN000000PVP6,,-0.05862068965517242,0.004347812360690595,-0.05862068965517242,,no_event_raw_close,14591.379310344844,14644.827586206913,14644.827586206913,14431.034482758638,1.0689655172413806,corporate-actions-v2,blocked_unresolved_material_event,False
2024-07-26,PVP,15200.0,15200.0,14900.0,15100.0,14119.48046875,607200.0,9168720000.0,finance_datareader_yahoo_hose,https://github.com/FinanceData/FinanceDataReader,2026-07-30T05:42:23.600581+00:00,2024-07-27,cc609daa295720157dcfdae071f03c75c306cb8b88e730677a16bb72f219c9e9,finance-datareader-yahoo-hose-v2-business-day,real,VN000000PVP6,,-0.04265131299557623,0.008500341401723066,-0.04265131299557623,,no_event_raw_close,16960.077497852093,17072.395891877604,17072.395891877604,16735.440709801074,1.1231839402551056,corporate-actions-v2,blocked_unresolved_material_event,False
2025-11-06,PVP,15300.0,15500.0,15150.0,15400.0,15400.0,171900.0,2647260000.0,finance_datareader_yahoo_hose,https://github.com/FinanceData/FinanceDataReader,2026-07-30T05:42:23.600581+00:00,2025-11-07,cc609daa295720157dcfdae071f03c75c306cb8b88e730677a16bb72f219c9e9,finance-datareader-yahoo-hose-v2-business-day,real,VN000000PVP6,,0.0,0.06944444444444442,0.0,,no_event_raw_close,18420.216620183714,18300.604823948757,18539.828416418673,18121.187129596317,1.196117962349592,corporate-actions-v2,blocked_unresolved_material_event,False
2020-11-27,PVT,8139.24365234375,8264.462890625,8014.0244140625,8139.24365234375,7665.47998046875,5823950.0,47402548069.06738,finance_datareader_yahoo_hose,https://github.com/FinanceData/FinanceDataReader,2026-07-30T05:40:00.353102+00:00,2020-11-28,ba7d46e08e592359a7794e390c2df2a168b20fca97a56e86bb2a09706c42e96a,finance-datareader-yahoo-hose-v2-business-day,real,VN000000PVT8,,0.0033557206550054453,0.031034534846148487,0.0033557206550054453,,no_event_raw_close,8540.585940605739,8540.585940605739,8671.979680815279,8409.192200396197,1.0493095311314853,corporate-actions-v2,blocked_unresolved_material_event,False
2021-11-12,PVT,16466.31640625,16466.31640625,15715.0009765625,15902.830078125,15551.005859375,5951806.0,94650559475.96484,finance_datareader_yahoo_hose,https://github.com/FinanceData/FinanceDataReader,2026-07-30T05:40:00.353102+00:00,2021-11-13,ba7d46e08e592359a7794e390c2df2a168b20fca97a56e86bb2a09706c42e96a,finance-datareader-yahoo-hose-v2-business-day,real,VN000000PVT8,,-0.0627306625619316,-0.026819998767958708,-0.0627306625619316,,no_event_raw_close,17670.47682195209,18296.59632720393,18296.59632720393,17461.769958498036,1.1111529668079998,corporate-actions-v2,blocked_unresolved_material_event,False
2023-09-15,PVT,16278.4873046875,16591.53515625,16028.048828125,16372.4013671875,16196.3544921875,8007562.0,131103019036.63867,finance_datareader_yahoo_hose,https://github.com/FinanceData/FinanceDataReader,2026-07-30T05:40:00.353102+00:00,2023-09-16,ba7d46e08e592359a7794e390c2df2a168b20fca97a56e86bb2a09706c42e96a,finance-datareader-yahoo-hose-v2-business-day,real,VN000000PVT8,,0.0019157029735288322,0.013565961824071548,0.0019157029735288322,,no_event_raw_close,18526.22683467689,18419.95817036672,18774.188156432072,18136.57396050815,1.1315522029533156,corporate-actions-v2,blocked_unresolved_material_event,False
2024-09-20,PVT,19008.263671875,19180.44140625,19008.263671875,19077.134765625,19077.134765625,944526.0,18018849791.63672,finance_datareader_yahoo_hose,https://github.com/FinanceData/FinanceDataReader,2026-07-30T05:40:00.353102+00:00,2024-09-21,ba7d46e08e592359a7794e390c2df2a168b20fca97a56e86bb2a09706c42e96a,finance-datareader-yahoo-hose-v2-business-day,real,VN000000PVT8,,-0.007168517801910745,0.0036231154374453123,-0.007168517801910745,,no_event_raw_close,24116.186671866362,24029.123904130225,24246.78082347057,24029.123904130225,1.2641409188617363,corporate-actions-v2,blocked_unresolved_material_event,False
2024-06-12,QNP,37150.0,37800.0,35000.0,37800.0,34597.578125,118700.0,4486860000.0,finance_datareader_yahoo_hose,https://github.com/FinanceData/FinanceDataReader,2026-07-30T05:43:16.265195+00:00,2024-06-13,3dd111b75ad9633b214804188344ca5392dac5ccf573a2909b0ce74b82af112f,finance-datareader-yahoo-hose-v2-business-day,real,VN000000QNP1,,0.03419972640218871,0.06930699285130992,0.03419972640218871,,no_event_raw_close,39041.03967168258,38369.699042407614,39041.03967168258,36149.1108071135,1.0328317373461,corporate-actions-v2,candidate_no_known_unresolved_event,False
2025-06-11,QNP,34500.0,34600.0,33050.0,33050.0,31588.072265625,6800.0,224740000.0,finance_datareader_yahoo_hose,https://github.com/FinanceData/FinanceDataReader,2026-07-30T05:43:16.265195+00:00,2025-06-12,3dd111b75ad9633b214804188344ca5392dac5ccf573a2909b0ce74b82af112f,finance-datareader-yahoo-hose-v2-business-day,real,VN000000QNP1,,0.0,0.04423379390495863,0.0,,no_event_raw_close,35581.0533515731,37142.0980523229,37249.756307547024,35581.0533515731,1.0765825522412436,corporate-actions-v2,candidate_no_known_unresolved_event,False
2020-04-10,RAL,51381.3125,55215.73828125,51381.3125,55215.73828125,42468.30859375,9479.0,523389983.16796875,finance_datareader_yahoo_hose,https://github.com/FinanceData/FinanceDataReader,2026-07-30T05:42:22.675270+00:00,2020-04-11,4490cf188f5b25531a72408675904584b9b79b4b608643ce57b5e9786c48bfcc,finance-datareader-yahoo-hose-v2-business-day,real,VN000000RAL5,,0.0,0.03597121548072679,0.0,,no_event_raw_close,57715.738281249956,53707.70141099673,57715.73828124995,53707.70141099673,1.0452769459907574,corporate-actions-v2,blocked_unresolved_material_event,False
2020-09-09,RAL,77532.1015625,77532.1015625,76688.53125,77378.7265625,61006.9609375,651.0,50373550.9921875,finance_datareader_yahoo_hose,https://github.com/FinanceData/FinanceDataReader,2026-07-30T05:42:22.675270+00:00,2020-09-10,4490cf188f5b25531a72408675904584b9b79b4b608643ce57b5e9786c48bfcc,finance-datareader-yahoo-hose-v2-business-day,real,VN000000RAL5,,-0.012720086330998304,0.012036258593971949,-0.012720086330998304,,no_event_raw_close,83462.15131839873,83627.58448106675,83627.58448106675,82717.69365968298,1.0786188275014457,corporate-actions-v2,blocked_unresolved_material_event,False
2021-04-14,RAL,174466.40625,174543.09375,168714.765625,172472.5,137475.125,1512.0,260778420.0,finance_datareader_yahoo_hose,https://github.com/FinanceData/FinanceDataReader,2026-07-30T05:42:22.675270+00:00,2021-04-15,4490cf188f5b25531a72408675904584b9b79b4b608643ce57b5e9786c48bfcc,finance-datareader-yahoo-hose-v2-business-day,real,VN000000RAL5,,-0.022173882192674688,-0.01142838266711399,-0.022173882192674688,,no_event_raw_close,186032.08572624341,188182.75054776625,188265.46712910026,181978.92268061906,1.0786188275014477,corporate-actions-v2,blocked_unresolved_material_event,False
2021-12-29,RAL,147000.0,147000.0,141900.0,142000.0,115250.296875,51800.0,7355600000.0,finance_datareader_yahoo_hose,https://github.com/FinanceData/FinanceDataReader,2026-07-30T05:42:22.675270+00:00,2021-12-30,4490cf188f5b25531a72408675904584b9b79b4b608643ce57b5e9786c48bfcc,finance-datareader-yahoo-hose-v2-business-day,real,VN000000RAL5,,0.01738783881209227,0.035943320451021776,0.01738783881209227,,no_event_raw_close,155907.30769974002,161397.0016328295,161397.0016328295,155797.51382107826,1.0979387866178876,corporate-actions-v2,blocked_unresolved_material_event,False
2022-06-01,RAL,131500.0,131500.0,130000.0,130100.0,107605.5703125,17100.0,2224710000.0,finance_datareader_yahoo_hose,https://github.com/FinanceData/FinanceDataReader,2026-07-30T05:42:22.675270+00:00,2022-06-02,4490cf188f5b25531a72408675904584b9b79b4b608643ce57b5e9786c48bfcc,finance-datareader-yahoo-hose-v2-business-day,real,VN000000RAL5,,-0.026197604790419216,-0.007627789191190226,-0.026197604790419216,,no_event_raw_close,145514.77468949227,147080.6523571732,147080.6523571732,145402.92628465794,1.1184840483435226,corporate-actions-v2,blocked_unresolved_material_event,False
2022-08-29,RAL,99200.0,99800.0,98000.0,98700.0,83717.1875,31800.0,3138660000.0,finance_datareader_yahoo_hose,https://github.com/FinanceData/FinanceDataReader,2026-07-30T05:42:22.675270+00:00,2022-08-30,01a4bac41e3f3b4366214350cea36a7a7408ebcfa1c2882d6b1b15d80b9f7886,finance-datareader-yahoo-hose-v2-business-day,real,VN000000RAL5,,-0.017910447761193993,0.007142991409613053,-0.017910447761193993,,no_event_raw_close,113140.50431706554,113713.65783437592,114401.44205514835,112338.08939283104,1.146307034620725,corporate-actions-v2,blocked_unresolved_material_event,False
2023-04-18,RAL,88500.0,88500.0,87200.0,87500.0,76342.7265625,14200.0,1242500000.0,finance_datareader_yahoo_hose,https://github.com/FinanceData/FinanceDataReader,2026-07-30T05:42:22.675270+00:00,2023-04-19,4490cf188f5b25531a72408675904584b9b79b4b608643ce57b5e9786c48bfcc,finance-datareader-yahoo-hose-v2-business-day,real,VN000000RAL5,,-0.025612472160356337,0.002290981527012681,-0.025612472160356337,,no_event_raw_close,103094.23372333661,104272.4535373176,104272.4535373176,102740.76777914232,1.1782198139809898,corporate-actions-v2,blocked_unresolved_material_event,False
2023-08-17,RAL,103900.0,103900.0,103100.0,103800.0,92753.9453125,14800.0,1536240000.0,finance_datareader_yahoo_hose,https://github.com/FinanceData/FinanceDataReader,2026-07-30T05:42:22.675270+00:00,2023-08-18,4490cf188f5b25531a72408675904584b9b79b4b608643ce57b5e9786c48bfcc,finance-datareader-yahoo-hose-v2-business-day,real,VN000000RAL5,,-0.019830028328611915,0.0038686023009528725,-0.019830028328611915,,no_event_raw_close,125186.3558954579,125306.95932117607,125306.95932117607,124342.13191543073,1.2060342571816753,corporate-actions-v2,blocked_unresolved_material_event,False
2024-04-25,RAL,132500.0,133500.0,131600.0,133000.0,121128.578125,8500.0,1130500000.0,finance_datareader_yahoo_hose,https://github.com/FinanceData/FinanceDataReader,2026-07-30T05:42:22.675270+00:00,2024-04-26,4490cf188f5b25531a72408675904584b9b79b4b608643ce57b5e9786c48bfcc,finance-datareader-yahoo-hose-v2-business-day,real,VN000000RAL5,,0.0022607385079125297,0.021505467732442884,0.0022607385079125297,,no_event_raw_close,163424.45816833453,162810.08050604755,164038.83583062148,161704.200713931,1.2287553245739438,corporate-actions-v2,blocked_unresolved_material_event,False
2024-08-19,RAL,146300.0,146600.0,145700.0,146000.0,135240.390625,16700.0,2438200000.0,finance_datareader_yahoo_hose,https://github.com/FinanceData/FinanceDataReader,2026-07-30T05:42:22.675270+00:00,2024-08-20,01a4bac41e3f3b4366214350cea36a7a7408ebcfa1c2882d6b1b15d80b9f7886,finance-datareader-yahoo-hose-v2-business-day,real,VN000000RAL5,,-0.018817204301075252,-0.0020505766634344447,-0.018817204301075252,,no_event_raw_close,182412.3613492842,182787.18126986493,183162.00119044565,182037.5414287035,1.24939973526907,corporate-actions-v2,blocked_unresolved_material_event,False
2025-04-30,RAL,113900.0,113900.0,111000.0,112000.0,106059.7421875,5700.0,638400000.0,finance_datareader_yahoo_hose,https://github.com/FinanceData/FinanceDataReader,2026-07-30T05:42:22.675270+00:00,2025-05-01,4490cf188f5b25531a72408675904584b9b79b4b608643ce57b5e9786c48bfcc,finance-datareader-yahoo-hose-v2-business-day,real,VN000000RAL5,,-0.022687609075043635,-0.0008920523223534538,-0.022687609075043635,,no_event_raw_close,142985.40495637796,145411.0502190308,145411.0502190308,141708.7495549817,1.2766554013962317,corporate-actions-v2,blocked_unresolved_material_event,False
2025-08-29,RAL,96800.0,97300.0,96000.0,96400.0,93707.265625,10000.0,964000000.0,finance_datareader_yahoo_hose,https://github.com/FinanceData/FinanceDataReader,2026-07-30T05:42:22.675270+00:00,2025-08-30,4490cf188f5b25531a72408675904584b9b79b4b608643ce57b5e9786c48bfcc,finance-datareader-yahoo-hose-v2-business-day,real,VN000000RAL5,,-0.004132231404958664,0.022269385484211535,-0.004132231404958664,,no_event_raw_close,126248.03060922999,126771.88135864587,127426.69479541574,125724.17985981409,1.30962687353973,corporate-actions-v2,blocked_unresolved_material_event,False
2020-02-28,REE,12744.265625,13007.421875,12706.671875,13007.421875,11493.26171875,1647084.0,21424316451.5625,finance_datareader_yahoo_hose,https://github.com/FinanceData/FinanceDataReader,2026-07-30T05:39:01.887413+00:00,2020-02-29,25a38ba5cb066ecdc4c7a0eed80ab90aca8b641b941c8dbded73120e950eaf05,finance-datareader-yahoo-hose-v2-business-day,real,VN000000REE2,,0.014662774469952344,0.1593631545915719,0.014662774469952344,,no_event_raw_close,13007.42187499999,12744.26562499999,13007.42187499999,12706.67187499999,0.9999999999999993,corporate-actions-v2,blocked_unresolved_material_event,False
2020-03-03,REE,12405.921875,12405.921875,12199.1572265625,12199.1572265625,11309.748046875,1685840.0,20565827218.828125,finance_datareader_yahoo_hose,https://github.com/FinanceData/FinanceDataReader,2026-07-30T05:39:01.887413+00:00,2020-03-04,25a38ba5cb066ecdc4c7a0eed80ab90aca8b641b941c8dbded73120e950eaf05,finance-datareader-yahoo-hose-v2-business-day,real,VN000000REE2,,-0.048387079572670966,-0.0015384911165393644,-0.048387079572670966,,no_event_raw_close,13721.737899246216,13954.308908865756,13954.308908865756,13721.737899246215,1.1248103163527101,corporate-actions-v2,blocked_unresolved_material_event,False
2022-04-20,REE,37871.8984375,37958.36328125,35883.19140625,36574.9140625,34354.23828125,1407497.0,51479081818.22656,finance_datareader_yahoo_hose,https://github.com/FinanceData/FinanceDataReader,2026-07-30T05:39:01.887413+00:00,2022-04-21,25a38ba5cb066ecdc4c7a0eed80ab90aca8b641b941c8dbded73120e950eaf05,finance-datareader-yahoo-hose-v2-business-day,real,VN000000REE2,,0.0980811914921964,0.11252143767711886,0.0980811914921964,,no_event_raw_close,42374.97370959719,43877.63421341866,43977.81067519926,41573.557489648236,1.1585802672614876,corporate-actions-v2,blocked_unresolved_material_event,False
2023-03-01,REE,39050.74609375,39165.09765625,38478.9921875,38764.87109375,37032.94921875,191516.0,7424093052.390625,finance_datareader_yahoo_hose,https://github.com/FinanceData/FinanceDataReader,2026-07-30T05:39:01.887413+00:00,2023-03-02,25a38ba5cb066ecdc4c7a0eed80ab90aca8b641b941c8dbded73120e950eaf05,finance-datareader-yahoo-hose-v2-business-day,real,VN000000REE2,,0.13824823584723545,0.15768376424851915,0.13824823584723545,,no_event_raw_close,53165.61165606956,53557.686202001154,53714.51816332606,52773.531752757306,1.3714894479461166,corporate-actions-v2,blocked_unresolved_material_event,False
2024-04-15,REE,41094.765625,41357.76953125,40766.0078125,41292.01953125,40084.46484375,975337.0,40273634453.55078,finance_datareader_yahoo_hose,https://github.com/FinanceData/FinanceDataReader,2026-07-30T05:39:01.887413+00:00,2024-04-16,a5e59c2b656a80a9bacaafa89f23558c6233abf2b26de6a31ba6bec51f9815de,finance-datareader-yahoo-hose-v2-business-day,real,VN000000REE2,,-0.0015897859276554627,0.014539632515934153,-0.0015897859276554627,,no_event_raw_close,66701.00986653863,66382.37602648058,66807.21904323937,65851.3175230652,1.6153486950682803,corporate-actions-v2,blocked_unresolved_material_event,False
2025-02-28,REE,55198.48828125,56483.93359375,54820.4140625,55954.6328125,55066.46484375,1104552.0,61804801582.3125,finance_datareader_yahoo_hose,https://github.com/FinanceData/FinanceDataReader,2026-07-30T05:39:01.887413+00:00,2025-03-01,25a38ba5cb066ecdc4c7a0eed80ab90aca8b641b941c8dbded73120e950eaf05,finance-datareader-yahoo-hose-v2-business-day,real,VN000000REE2,,0.005434774597831593,0.019283799341070607,0.005434774597831593,,no_event_raw_close,105811.92647499255,104382.03397952756,106812.85048313419,103667.0840383758,1.891030664602175,corporate-actions-v2,blocked_unresolved_material_event,False
2020-01-06,S4A,27200.0,27200.0,27200.0,27200.0,16819.732421875,10.0,272000.0,finance_datareader_yahoo_hose,https://github.com/FinanceData/FinanceDataReader,2026-08-13T08:23:38.628358+00:00,2020-01-07,11be4d32ee8d602dbc966bd3a35e4677ae02c99f25e05b336b80fda42a954601,finance-datareader-yahoo-hose-v2-business-day,real,VN000000S4A5,unverified,-0.05555555555555558,-0.010909088820831303,-0.05555555555555558,,no_event_raw_close,27200.0,27200.0,27200.0,27200.0,1.0,corporate-actions-v2,blocked_unresolved_material_event,False
2020-04-08,S4A,28000.0,28000.0,28000.0,28000.0,17693.578125,10.0,280000.0,finance_datareader_yahoo_hose,https://github.com/FinanceData/FinanceDataReader,2026-08-13T08:23:38.628358+00:00,2020-04-09,4b741bcfcac63ac9bfd1bdab6433aa344472f267f3c181e4ddc7342fb8263cc9,finance-datareader-yahoo-hose-v2-business-day,real,VN000000S4A5,unverified,0.0,0.021897829980142003,0.0,,no_event_raw_close,27999.99999999999,27999.99999999999,27999.99999999999,27999.99999999999,0.9999999999999996,corporate-actions-v2,blocked_unresolved_material_event,False
2021-01-22,S4A,27000.0,28850.0,26550.0,27000.0,17693.578125,180.0,4860000.0,finance_datareader_yahoo_hose,https://github.com/FinanceData/FinanceDataReader,2026-08-13T08:23:38.628358+00:00,2021-01-23,4b741bcfcac63ac9bfd1bdab6433aa344472f267f3c181e4ddc7342fb8263cc9,finance-datareader-yahoo-hose-v2-business-day,real,VN000000S4A5,unverified,-0.0357142857142857,0.0,-0.0357142857142857,,no_event_raw_close,26999.99999999996,26999.99999999996,28849.99999999996,26549.99999999996,0.9999999999999986,corporate-actions-v2,blocked_unresolved_material_event,False
2021-12-22,S4A,29900.0,30500.0,29900.0,30300.0,20520.212890625,5900.0,178770000.0,finance_datareader_yahoo_hose,https://github.com/FinanceData/FinanceDataReader,2026-08-13T08:23:38.628358+00:00,2021-12-23,4b741bcfcac63ac9bfd1bdab6433aa344472f267f3c181e4ddc7342fb8263cc9,finance-datareader-yahoo-hose-v2-business-day,real,VN000000S4A5,unverified,-0.01941747572815533,0.013378055779274867,-0.01941747572815533,,no_event_raw_close,30299.99999999996,29899.99999999996,30499.99999999996,29899.99999999996,0.9999999999999987,corporate-actions-v2,blocked_unresolved_material_event,False
2022-07-22,S4A,35000.0,35000.0,34050.0,35000.0,24352.615234375,5500.0,192500000.0,finance_datareader_yahoo_hose,https://github.com/FinanceData/FinanceDataReader,2026-08-13T08:23:38.628358+00:00,2022-07-23,4b741bcfcac63ac9bfd1bdab6433aa344472f267f3c181e4ddc7342fb8263cc9,finance-datareader-yahoo-hose-v2-business-day,real,VN000000S4A5,unverified,-0.06666666666666665,-0.041096114807549156,-0.06666666666666665,,no_event_raw_close,35933.33333333326,35933.33333333326,35933.33333333326,34957.99999999993,1.0266666666666646,corporate-actions-v2,blocked_unresolved_material_event,False
2022-12-12,S4A,34000.0,34000.0,34000.0,34000.0,24748.6796875,0.0,0.0,finance_datareader_yahoo_hose,https://github.com/FinanceData/FinanceDataReader,2026-08-13T08:23:38.628358+00:00,2022-12-13,11be4d32ee8d602dbc966bd3a35e4677ae02c99f25e05b336b80fda42a954601,finance-datareader-yahoo-hose-v2-business-day,real,VN000000S4A5,unverified,0.0,0.04615384615384621,0.0,,no_event_raw_close,36446.66666666662,36446.66666666662,36446.66666666662,36446.66666666662,1.0719607843137242,corporate-actions-v2,blocked_unresolved_material_event,False
2023-02-22,S4A,34200.0,34200.0,34200.0,34200.0,25319.802734375,2100.0,71820000.0,finance_datareader_yahoo_hose,https://github.com/FinanceData/FinanceDataReader,2026-08-13T08:23:38.628358+00:00,2023-02-23,4b741bcfcac63ac9bfd1bdab6433aa344472f267f3c181e4ddc7342fb8263cc9,finance-datareader-yahoo-hose-v2-business-day,real,VN000000S4A5,unverified,-0.04201680672268904,-0.025641023713837585,-0.04201680672268904,,no_event_raw_close,37277.21107266432,37277.21107266432,37277.21107266432,37277.21107266432,1.0899769319492492,corporate-actions-v2,blocked_unresolved_material_event,False
2023-07-20,S4A,32700.0,32700.0,32700.0,32700.0,24801.564453125,400.0,13080000.0,finance_datareader_yahoo_hose,https://github.com/FinanceData/FinanceDataReader,2026-08-13T08:23:38.628358+00:00,2023-07-21,4b741bcfcac63ac9bfd1bdab6433aa344472f267f3c181e4ddc7342fb8263cc9,finance-datareader-yahoo-hose-v2-business-day,real,VN000000S4A5,unverified,-0.023880597014925398,1.575001697950995e-07,-0.023880597014925398,,no_event_raw_close,36493.40378040589,36493.40378040589,36493.40378040589,36493.40378040589,1.116006231816694,corporate-actions-v2,blocked_unresolved_material_event,False
2023-12-19,S4A,36300.0,36300.0,36200.0,36200.0,28376.482421875,900.0,32580000.0,finance_datareader_yahoo_hose,https://github.com/FinanceData/FinanceDataReader,2026-08-13T08:23:38.628358+00:00,2023-12-20,4b741bcfcac63ac9bfd1bdab6433aa344472f267f3c181e4ddc7342fb8263cc9,finance-datareader-yahoo-hose-v2-business-day,real,VN000000S4A5,unverified,-0.021621621621621623,0.01117327067467433,-0.021621621621621623,,no_event_raw_close,41709.67723257825,41824.89733543067,41824.89733543067,41709.677232578244,1.152201028524261,corporate-actions-v2,blocked_unresolved_material_event,False
2023-12-26,S4A,34000.0,34000.0,33950.0,34000.0,28065.0078125,3700.0,125800000.0,finance_datareader_yahoo_hose,https://github.com/FinanceData/FinanceDataReader,2026-08-13T08:23:38.628358+00:00,2023-12-27,4b741bcfcac63ac9bfd1bdab6433aa344472f267f3c181e4ddc7342fb8263cc9,finance-datareader-yahoo-hose-v2-business-day,real,VN000000S4A5,unverified,-0.04895104895104896,0.0014728029086952255,-0.04895104895104896,,no_event_raw_close,41147.27421306082,41147.27421306082,41147.27421306082,41086.76351568867,1.2102139474429652,corporate-actions-v2,blocked_unresolved_material_event,False
2024-01-19,S4A,35500.0,35500.0,35500.0,35500.0,30328.3515625,0.0,0.0,finance_datareader_yahoo_hose,https://github.com/FinanceData/FinanceDataReader,2026-08-13T08:23:38.628358+00:00,2024-01-20,4b741bcfcac63ac9bfd1bdab6433aa344472f267f3c181e4ddc7342fb8263cc9,finance-datareader-yahoo-hose-v2-business-day,real,VN000000S4A5,unverified,0.0,0.034985418465447005,0.0,,no_event_raw_close,44414.85187115682,44414.85187115682,44414.85187115682,44414.85187115682,1.2511225879199104,corporate-actions-v2,blocked_unresolved_material_event,False
2024-05-17,S4A,41000.0,41000.0,41000.0,41000.0,35464.94921875,600.0,24600000.0,finance_datareader_yahoo_hose,https://github.com/FinanceData/FinanceDataReader,2026-08-13T08:23:38.628358+00:00,2024-05-18,4b741bcfcac63ac9bfd1bdab6433aa344472f267f3c181e4ddc7342fb8263cc9,finance-datareader-yahoo-hose-v2-business-day,real,VN000000S4A5,unverified,0.012345679012345734,0.02500003669170847,0.012345679012345734,,no_event_raw_close,51929.31037761405,51929.31037761405,51929.31037761405,51929.31037761405,1.2665685457954645,corporate-actions-v2,blocked_unresolved_material_event,False
2024-12-20,S4A,36300.0,36400.0,35500.0,35500.0,31719.791015625,800.0,28400000.0,finance_datareader_yahoo_hose,https://github.com/FinanceData/FinanceDataReader,2026-08-13T08:23:38.628358+00:00,2024-12-21,4b741bcfcac63ac9bfd1bdab6433aa344472f267f3c181e4ddc7342fb8263cc9,finance-datareader-yahoo-hose-v2-business-day,real,VN000000S4A5,unverified,-0.05585106382978722,-0.024725167984675722,-0.05585106382978722,,no_event_raw_close,46398.178589858326,47443.77134681288,47574.470441432204,46398.178589858326,1.3069909461931923,corporate-actions-v2,blocked_unresolved_material_event,False
2025-05-16,S4A,38000.0,38000.0,36250.0,38000.0,34709.15234375,800.0,30400000.0,finance_datareader_yahoo_hose,https://github.com/FinanceData/FinanceDataReader,2026-08-13T08:23:38.628358+00:00,2025-05-17,4b741bcfcac63ac9bfd1bdab6433aa344472f267f3c181e4ddc7342fb8263cc9,finance-datareader-yahoo-hose-v2-business-day,real,VN000000S4A5,unverified,0.03401360544217691,0.05702368647107825,0.03401360544217691,,no_event_raw_close,50746.81309178411,50746.81309178411,50746.81309178411,48409.78880466248,1.3354424497837925,corporate-actions-v2,blocked_unresolved_material_event,False
2025-12-24,S4A,33000.0,33000.0,33000.0,33000.0,31533.333984375,5100.0,168300000.0,finance_datareader_yahoo_hose,https://github.com/FinanceData/FinanceDataReader,2026-08-13T08:23:38.628358+00:00,2025-12-25,4b741bcfcac63ac9bfd1bdab6433aa344472f267f3c181e4ddc7342fb8263cc9,finance-datareader-yahoo-hose-v2-business-day,real,VN000000S4A5,unverified,-0.02941176470588236,0.015384664730117015,-0.02941176470588236,,no_event_raw_close,44069.60084286514,44069.60084286514,44069.60084286514,44069.60084286514,1.3354424497837922,corporate-actions-v2,blocked_unresolved_material_event,False
2020-02-14,SAB,95900.0,95900.0,94000.0,95500.0,68556.421875,153540.0,14663070000.0,finance_datareader_yahoo_hose,https://github.com/FinanceData/FinanceDataReader,2026-07-30T05:38:40.729096+00:00,2020-02-15,ab4c8665e0800009b3dcc4e88b69af46cfc94816046e485082ae9bcb9bffd0ac,finance-datareader-yahoo-hose-v2-business-day,real,VN000000SAB4,,0.0,0.018666844353269152,0.0,,no_event_raw_close,98999.99999999999,99414.65968586387,99414.65968586387,97445.02617801046,1.0366492146596857,corporate-actions-v2,blocked_unresolved_material_event,False
2020-12-01,SAB,96500.0,96500.0,95000.0,95750.0,69453.7578125,379760.0,36362020000.0,finance_datareader_yahoo_hose,https://github.com/FinanceData/FinanceDataReader,2026-07-30T05:38:40.729096+00:00,2020-12-02,ab4c8665e0800009b3dcc4e88b69af46cfc94816046e485082ae9bcb9bffd0ac,finance-datareader-yahoo-hose-v2-business-day,real,VN000000SAB4,,-0.01033591731266148,0.0,-0.01033591731266148,,no_event_raw_close,101311.0312918544,102104.5902836966,102104.5902836966,100517.47230001219,1.058078655789602,corporate-actions-v2,blocked_unresolved_material_event,False
2022-01-10,SAB,77350.0,77350.0,76050.0,76600.0,56734.94921875,228200.0,17480120000.0,finance_datareader_yahoo_hose,https://github.com/FinanceData/FinanceDataReader,2026-07-30T05:38:40.729096+00:00,2022-01-11,924e8e3ecfa03edbe72ace566c4693b269d28100a67d29dd03fab6dcdbf3b184,finance-datareader-yahoo-hose-v2-business-day,real,VN000000SAB4,,-0.02171136653895278,-0.009055884888992005,-0.02171136653895278,,no_event_raw_close,84446.81783261785,85273.64698894243,85273.64698894243,83840.47645131314,1.1024388750994496,corporate-actions-v2,blocked_unresolved_material_event,False
2022-12-21,SAB,86450.0,88500.0,86000.0,86500.0,65581.609375,612800.0,53007200000.0,finance_datareader_yahoo_hose,https://github.com/FinanceData/FinanceDataReader,2026-07-30T05:38:40.729096+00:00,2022-12-22,ab4c8665e0800009b3dcc4e88b69af46cfc94816046e485082ae9bcb9bffd0ac,finance-datareader-yahoo-hose-v2-business-day,real,VN000000SAB4,,-0.011428571428571455,0.002898801788371985,-0.011428571428571455,,no_event_raw_close,98085.56163027667,98028.86477384299,100353.43588762412,97518.59306593981,1.1339371286737188,corporate-actions-v2,blocked_unresolved_material_event,False
2024-01-05,SAB,62200.0,62600.0,62200.0,62400.0,49168.8828125,773600.0,48272640000.0,finance_datareader_yahoo_hose,https://github.com/FinanceData/FinanceDataReader,2026-07-30T05:38:40.729096+00:00,2024-01-06,ab4c8665e0800009b3dcc4e88b69af46cfc94816046e485082ae9bcb9bffd0ac,finance-datareader-yahoo-hose-v2-business-day,real,VN000000SAB4,,-0.017322834645669305,0.00645158091997744,-0.017322834645669305,,no_event_raw_close,74555.50120351384,74316.54126375898,74794.4611432687,74316.54126375898,1.1947996987742602,corporate-actions-v2,blocked_unresolved_material_event,False
2024-07-08,SAB,59500.0,59600.0,58000.0,58000.0,47251.0625,1112800.0,64542400000.0,finance_datareader_yahoo_hose,https://github.com/FinanceData/FinanceDataReader,2026-07-30T05:38:40.729096+00:00,2024-07-09,924e8e3ecfa03edbe72ace566c4693b269d28100a67d29dd03fab6dcdbf3b184,finance-datareader-yahoo-hose-v2-business-day,real,VN000000SAB4,,-0.049180327868852514,-0.01694911948383182,-0.049180327868852514,,no_event_raw_close,69298.38252890708,71090.58207706847,71210.0620469459,69298.38252890708,1.19479969877426,corporate-actions-v2,blocked_unresolved_material_event,False
2024-12-27,SAB,55200.0,56000.0,55200.0,55700.0,47015.484375,866500.0,48264050000.0,finance_datareader_yahoo_hose,https://github.com/FinanceData/FinanceDataReader,2026-07-30T05:38:40.729096+00:00,2024-12-28,ab4c8665e0800009b3dcc4e88b69af46cfc94816046e485082ae9bcb9bffd0ac,finance-datareader-yahoo-hose-v2-business-day,real,VN000000SAB4,,-0.029616724738675937,0.005415191103803174,-0.029616724738675937,,no_event_raw_close,68869.17051168189,68250.95533653215,69240.09961677174,68250.95533653215,1.2364303502994953,corporate-actions-v2,blocked_unresolved_material_event,False
2025-07-01,SAB,47600.0,47750.0,46900.0,47000.0,42177.546875,1923100.0,90385700000.0,finance_datareader_yahoo_hose,https://github.com/FinanceData/FinanceDataReader,2026-07-30T05:38:40.729096+00:00,2025-07-02,ab4c8665e0800009b3dcc4e88b69af46cfc94816046e485082ae9bcb9bffd0ac,finance-datareader-yahoo-hose-v2-business-day,real,VN000000SAB4,,-0.06930693069306926,-0.010526360162308346,-0.06930693069306926,,no_event_raw_close,61564.43793718969,62350.36693213253,62546.84918086824,61433.44977136587,1.3098816582380783,corporate-actions-v2,blocked_unresolved_material_event,False
2020-06-25,SAV,4541.12255859375,4541.12255859375,4312.5078125,4312.5078125,3405.40576171875,11201.0,48304400.0078125,finance_datareader_yahoo_hose,https://github.com/FinanceData/FinanceDataReader,2026-07-30T05:55:47.985396+00:00,2020-06-26,05153881be7e5f9ba56b9c1bc4e48f6babe2207003a58d8828e7deb6ba377ff7,finance-datareader-yahoo-hose-v2-business-day,real,VN000000SAV2,,-0.08263156298441676,-0.005704502412505641,-0.08263156298441676,,no_event_raw_close,4528.133203125001,4768.178686523439,4768.178686523439,4528.133203125001,1.0500000000000003,corporate-actions-v2,blocked_unresolved_material_event,False
2021-05-21,SAV,14745.6591796875,14745.6591796875,14231.275390625,14231.275390625,11463.828125,2449.0,34852393.431640625,finance_datareader_yahoo_hose,https://github.com/FinanceData/FinanceDataReader,2026-07-30T05:55:47.985396+00:00,2021-05-22,05153881be7e5f9ba56b9c1bc4e48f6babe2207003a58d8828e7deb6ba377ff7,finance-datareader-yahoo-hose-v2-business-day,real,VN000000SAV2,,-0.018279565763557937,0.0014624865752468352,-0.018279565763557937,,no_event_raw_close,14942.839160156245,15482.94213867187,15482.94213867187,14942.839160156243,1.0499999999999996,corporate-actions-v2,blocked_unresolved_material_event,False
2022-06-03,SAV,14231.275390625,14231.275390625,14231.275390625,14231.275390625,11734.8134765625,0.0,0.0,finance_datareader_yahoo_hose,https://github.com/FinanceData/FinanceDataReader,2026-07-30T05:55:47.985396+00:00,2022-06-04,05153881be7e5f9ba56b9c1bc4e48f6babe2207003a58d8828e7deb6ba377ff7,finance-datareader-yahoo-hose-v2-business-day,real,VN000000SAV2,,0.0,0.023638295044876134,0.0,,no_event_raw_close,14942.839160156245,14942.839160156243,14942.839160156243,14942.839160156243,1.0499999999999996,corporate-actions-v2,blocked_unresolved_material_event,False
2023-08-15,SAV,14039.2392578125,14039.2392578125,13408.26171875,13999.802734375,11892.8818359375,95090.0,1331241242.0117188,finance_datareader_yahoo_hose,https://github.com/FinanceData/FinanceDataReader,2026-07-30T05:55:47.985396+00:00,2023-08-16,05153881be7e5f9ba56b9c1bc4e48f6babe2207003a58d8828e7deb6ba377ff7,finance-datareader-yahoo-hose-v2-business-day,real,VN000000SAV2,,0.041564804610849215,0.07304795815061227,0.041564804610849215,,no_event_raw_close,14699.792871093754,14741.20122070313,14741.20122070313,14078.674804687504,1.0500000000000003,corporate-actions-v2,blocked_unresolved_material_event,False
2024-05-31,SAV,13786.84765625,13832.19921875,13287.9814453125,13650.7939453125,11985.765625,319725.0,4364500094.165039,finance_datareader_yahoo_hose,https://github.com/FinanceData/FinanceDataReader,2026-07-30T05:55:47.985396+00:00,2024-06-01,05153881be7e5f9ba56b9c1bc4e48f6babe2207003a58d8828e7deb6ba377ff7,finance-datareader-yahoo-hose-v2-business-day,real,VN000000SAV2,,-0.02217515041185225,0.01065686144614375,-0.02217515041185225,,no_event_raw_close,14333.333642578136,14476.190039062512,14523.809179687512,13952.380517578138,1.050000000000001,corporate-actions-v2,blocked_unresolved_material_event,False
2025-05-23,SAV,15761.904296875,15857.142578125,15333.3330078125,15333.3330078125,14294.623046875,10080.0,154559996.71875,finance_datareader_yahoo_hose,https://github.com/FinanceData/FinanceDataReader,2026-07-30T05:55:47.985396+00:00,2025-05-24,05153881be7e5f9ba56b9c1bc4e48f6babe2207003a58d8828e7deb6ba377ff7,finance-datareader-yahoo-hose-v2-business-day,real,VN000000SAV2,,-0.06343490861541079,-0.005588265125574754,-0.06343490861541079,,no_event_raw_close,16099.99965820314,16549.999511718765,16649.999707031264,16099.99965820314,1.050000000000001,corporate-actions-v2,blocked_unresolved_material_event,False
2020-11-18,SBA,15900.0,15900.0,14900.0,15400.0,10238.67578125,116530.0,1794562000.0,finance_datareader_yahoo_hose,https://github.com/FinanceData/FinanceDataReader,2026-07-30T05:42:37.780285+00:00,2020-11-19,7ea948fa4599dad8013058684a66f0801b96da5934aeacb7c14f2b9c30d8c83e,finance-datareader-yahoo-hose-v2-business-day,real,VN000000SBA4,,-0.04347826086956519,0.03355687099067306,-0.04347826086956519,,no_event_raw_close,16547.826086956517,17085.09316770186,17085.09316770186,16010.559006211175,1.074534161490683,corporate-actions-v2,blocked_unresolved_material_event,False
2021-11-30,SBA,20100.0,20200.0,19800.0,20200.0,14096.4521484375,124900.0,2522980000.0,finance_datareader_yahoo_hose,https://github.com/FinanceData/FinanceDataReader,2026-07-30T05:42:37.780285+00:00,2021-12-01,7ea948fa4599dad8013058684a66f0801b96da5934aeacb7c14f2b9c30d8c83e,finance-datareader-yahoo-hose-v2-business-day,real,VN000000SBA4,,-0.044917257683215084,0.0024814855661170476,-0.044917257683215084,,no_event_raw_close,22731.859095781434,22619.325139861725,22731.859095781434,22281.723272102594,1.1253395591971007,corporate-actions-v2,blocked_unresolved_material_event,False
2022-08-16,SBA,23500.0,24000.0,23150.0,24000.0,17817.294921875,24900.0,597600000.0,finance_datareader_yahoo_hose,https://github.com/FinanceData/FinanceDataReader,2026-07-30T05:42:37.780285+00:00,2022-08-17,7ea948fa4599dad8013058684a66f0801b96da5934aeacb7c14f2b9c30d8c83e,finance-datareader-yahoo-hose-v2-business-day,real,VN000000SBA4,,-0.040000000000000036,0.021276350403239608,-0.040000000000000036,,no_event_raw_close,28628.638385974245,28032.20841959978,28628.638385974245,27614.707443137657,1.1928599327489269,corporate-actions-v2,blocked_unresolved_material_event,False
2022-12-26,SBA,23050.0,23050.0,21000.0,22500.0,17457.833984375,8400.0,189000000.0,finance_datareader_yahoo_hose,https://github.com/FinanceData/FinanceDataReader,2026-07-30T05:42:37.780285+00:00,2022-12-27,8c8bcda5cfddf86a22e32408264b3dbb7ecdfba7e483211d5a53639393aa31b0,finance-datareader-yahoo-hose-v2-business-day,real,VN000000SBA4,,-0.02807775377969768,0.015801360302085232,-0.02807775377969768,,no_event_raw_close,27998.71559211438,28683.128639921615,28683.128639921615,26132.134552640084,1.2443873596495278,corporate-actions-v2,blocked_unresolved_material_event,False
2023-06-19,SBA,23500.0,23500.0,23250.0,23400.0,19546.83203125,18900.0,442260000.0,finance_datareader_yahoo_hose,https://github.com/FinanceData/FinanceDataReader,2026-07-30T05:42:37.780285+00:00,2023-06-20,8c8bcda5cfddf86a22e32408264b3dbb7ecdfba7e483211d5a53639393aa31b0,finance-datareader-yahoo-hose-v2-business-day,real,VN000000SBA4,,-0.07509881422924902,-0.004255305600668335,-0.07509881422924902,,no_event_raw_close,31190.34783589529,31323.639920664074,31323.639920664074,30990.409708742114,1.332920847687833,corporate-actions-v2,blocked_unresolved_material_event,False
2024-06-05,SBA,32200.0,33500.0,32200.0,32500.0,28997.4921875,32100.0,1043250000.0,finance_datareader_yahoo_hose,https://github.com/FinanceData/FinanceDataReader,2026-07-30T05:42:37.780285+00:00,2024-06-06,7ea948fa4599dad8013058684a66f0801b96da5934aeacb7c14f2b9c30d8c83e,finance-datareader-yahoo-hose-v2-business-day,real,VN000000SBA4,,-0.05797101449275366,0.00619199095975409,-0.05797101449275366,,no_event_raw_close,46082.35771245393,45656.98210280051,47500.27641129867,45656.98210280051,1.4179186988447363,corporate-actions-v2,blocked_unresolved_material_event,False
2025-06-05,SBA,31000.0,31300.0,31000.0,31300.0,29323.158203125,30300.0,948390000.0,finance_datareader_yahoo_hose,https://github.com/FinanceData/FinanceDataReader,2026-07-30T05:42:37.780285+00:00,2025-06-06,7ea948fa4599dad8013058684a66f0801b96da5934aeacb7c14f2b9c30d8c83e,finance-datareader-yahoo-hose-v2-business-day,real,VN000000SBA4,,-0.006349206349206327,0.043333397730379364,-0.006349206349206327,,no_event_raw_close,44380.855273840316,43955.479664186896,44380.855273840316,43955.479664186896,1.4179186988447385,corporate-actions-v2,blocked_unresolved_material_event,False
2020-10-26,SBT,11221.365234375,11367.09765625,11148.4990234375,11148.4990234375,11148.4990234375,4147750.0,46241186824.46289,finance_datareader_yahoo_hose,https://github.com/FinanceData/FinanceDataReader,2026-07-30T05:39:22.265702+00:00,2020-10-27,37828a91aecd75c5b95c118ade75feefa731e2bd42153c32135d2a7b9a2c4d9d,finance-datareader-yahoo-hose-v2-business-day,real,VN000000SBT4,,-0.03773586973159926,-0.006493524577052767,-0.03773586973159926,,no_event_raw_close,11148.499023437495,11221.365234374995,11367.097656249995,11148.499023437495,0.9999999999999996,corporate-actions-v2,blocked_unresolved_material_event,False
2020-11-30,SBV,11428.5712890625,11619.0478515625,11428.5712890625,11428.5712890625,8156.421875,59409.0,678959991.7119141,finance_datareader_yahoo_hose,https://github.com/FinanceData/FinanceDataReader,2026-07-30T05:56:36.231551+00:00,2020-12-01,91ba6eb4988b64c2001af2564418e848d84a155ddf88151eb348fe63e9cd38e9,finance-datareader-yahoo-hose-v2-business-day,real,VN000000SBV0,,0.0,0.11731843874359171,0.0,,no_event_raw_close,11428.571289062507,11428.571289062507,11619.047851562507,11428.571289062507,1.0000000000000007,corporate-actions-v2,blocked_unresolved_material_event,False
2020-12-01,SBV,11000.0,11000.0,10047.619140625,10285.7138671875,8156.4208984375,55839.0,574343976.6298828,finance_datareader_yahoo_hose,https://github.com/FinanceData/FinanceDataReader,2026-07-30T05:56:36.231551+00:00,2020-12-02,2dede507793c38c87bd52eeebade73a2d040861bc67706d6954fd704cde07447,finance-datareader-yahoo-hose-v2-business-day,real,VN000000SBV0,,-0.10000002563476595,-1.1972927771441988e-07,-0.10000002563476595,,no_event_raw_close,10285.713867187505,11000.000000000005,11000.000000000005,10047.619140625004,1.0000000000000004,corporate-actions-v2,blocked_unresolved_material_event,False
2021-09-24,SBV,16571.427734375,16571.427734375,15904.76171875,16142.857421875,13782.6025390625,387030.0,6247770107.988281,finance_datareader_yahoo_hose,https://github.com/FinanceData/FinanceDataReader,2026-07-30T05:56:36.231551+00:00,2021-09-25,2dede507793c38c87bd52eeebade73a2d040861bc67706d6954fd704cde07447,finance-datareader-yahoo-hose-v2-business-day,real,VN000000SBV0,,0.005934729657741,0.08306721671136419,0.005934729657741,,no_event_raw_close,17349.979097464304,17810.5968040664,17810.5968040664,17094.07920536608,1.0747774476378356,corporate-actions-v2,blocked_unresolved_material_event,False
2022-09-23,SBV,12571.4287109375,12857.142578125,12476.1904296875,12761.904296875,11864.51171875,31290.0,399319985.44921875,finance_datareader_yahoo_hose,https://github.com/FinanceData/FinanceDataReader,2026-07-30T05:56:36.231551+00:00,2022-09-24,2dede507793c38c87bd52eeebade73a2d040861bc67706d6954fd704cde07447,finance-datareader-yahoo-hose-v2-business-day,real,VN000000SBV0,,-0.08843540736607147,-0.007407316629799654,-0.08843540736607147,,no_event_raw_close,14891.881806667365,14669.61561136832,15003.01547409288,14558.481943942805,1.1669012288639347,corporate-actions-v2,blocked_unresolved_material_event,False
2023-09-26,SBV,9619.0478515625,9857.142578125,9409.5234375,9428.5712890625,9208.27734375,30555.0,288089995.7373047,finance_datareader_yahoo_hose,https://github.com/FinanceData/FinanceDataReader,2026-07-30T05:56:36.231551+00:00,2023-09-27,2dede507793c38c87bd52eeebade73a2d040861bc67706d6954fd704cde07447,finance-datareader-yahoo-hose-v2-business-day,real,VN000000SBV0,,-0.04807691928479796,0.0,-0.04807691928479796,,no_event_raw_close,11557.61152997352,11791.099091073418,12082.957345370847,11534.26253444804,1.225807301619577,corporate-actions-v2,blocked_unresolved_material_event,False
2024-09-26,SBV,9809.5234375,10142.857421875,9809.5234375,10142.857421875,10142.857421875,210.0,2130000.05859375,finance_datareader_yahoo_hose,https://github.com/FinanceData/FinanceDataReader,2026-07-30T05:56:36.231551+00:00,2024-09-27,2dede507793c38c87bd52eeebade73a2d040861bc67706d6954fd704cde07447,finance-datareader-yahoo-hose-v2-business-day,real,VN000000SBV0,,-0.00467290615242022,0.019138793540097954,-0.00467290615242022,,no_event_raw_close,12738.20849180525,12319.581115537943,12738.20849180525,12319.581115537943,1.2558796759119262,corporate-actions-v2,blocked_unresolved_material_event,False
2020-07-29,SC5,18900.0,18900.0,17600.0,17650.0,13999.6298828125,1430.0,25239500.0,finance_datareader_yahoo_hose,https://github.com/FinanceData/FinanceDataReader,2026-08-13T08:23:39.552306+00:00,2020-07-30,4c4dcccafd7851b690e839a58c89b80696c0869e55e61f356136fe99c9f65263,finance-datareader-yahoo-hose-v2-business-day,real,VN000000SC59,unverified,-0.1555023923444976,-0.06613765075425904,-0.1555023923444976,,no_event_raw_close,19338.995215311013,20708.6124401914,20708.6124401914,19284.210526315797,1.0956937799043067,corporate-actions-v2,candidate_no_known_unresolved_event,False
2021-10-05,SC5,25400.0,25400.0,25350.0,25350.0,21653.818359375,50000.0,1267500000.0,finance_datareader_yahoo_hose,https://github.com/FinanceData/FinanceDataReader,2026-08-13T08:23:39.552306+00:00,2021-10-06,4c4dcccafd7851b690e839a58c89b80696c0869e55e61f356136fe99c9f65263,finance-datareader-yahoo-hose-v2-business-day,real,VN000000SC59,unverified,-0.09464285714285714,-0.02500001978712396,-0.09464285714285714,,no_event_raw_close,29759.82570061519,29818.523581681493,29818.523581681493,29759.82570061519,1.173957621326043,corporate-actions-v2,candidate_no_known_unresolved_event,False
2022-05-17,SC5,22850.0,22850.0,21000.0,22800.0,21254.21875,1900.0,43320000.0,finance_datareader_yahoo_hose,https://github.com/FinanceData/FinanceDataReader,2026-08-13T08:23:39.552306+00:00,2022-05-18,4c4dcccafd7851b690e839a58c89b80696c0869e55e61f356136fe99c9f65263,finance-datareader-yahoo-hose-v2-business-day,real,VN000000SC59,unverified,-0.046025104602510414,0.04109589565314886,-0.046025104602510414,,no_event_raw_close,29006.085964244954,29069.695801885842,29069.695801885842,26716.131809172985,1.2721967528177611,corporate-actions-v2,candidate_no_known_unresolved_event,False
2023-11-14,SC5,19550.0,19550.0,19550.0,19550.0,19207.017578125,0.0,0.0,finance_datareader_yahoo_hose,https://github.com/FinanceData/FinanceDataReader,2026-08-13T08:23:39.552306+00:00,2023-11-15,4c4dcccafd7851b690e839a58c89b80696c0869e55e61f356136fe99c9f65263,finance-datareader-yahoo-hose-v2-business-day,real,VN000000SC59,unverified,0.0,0.053908407213608456,0.0,,no_event_raw_close,26143.643270404988,26143.643270404988,26143.643270404988,26143.643270404988,1.3372707555194367,corporate-actions-v2,candidate_no_known_unresolved_event,False
2024-08-16,SC5,17100.0,17100.0,17100.0,17100.0,17100.0,0.0,0.0,finance_datareader_yahoo_hose,https://github.com/FinanceData/FinanceDataReader,2026-08-13T08:23:39.552306+00:00,2024-08-17,4c4dcccafd7851b690e839a58c89b80696c0869e55e61f356136fe99c9f65263,finance-datareader-yahoo-hose-v2-business-day,real,VN000000SC59,unverified,0.0,0.017857142857142794,0.0,,no_event_raw_close,23268.51114603819,23268.51114603819,23268.51114603819,23268.51114603819,1.3607316459671455,corporate-actions-v2,candidate_no_known_unresolved_event,False
2021-10-08,SCR,8946.053603072432,9155.727149031261,8911.108380645355,9015.94478505871,9015.94478505871,13074480.0,117878789773.35439,fdr_segment_scaled_by_cafef_crosscheck,https://cafef.vn/du-lieu/lich-su-giao-dich-hose/all-1.chn,2026-07-30T05:42:13.941978+00:00,2021-10-09,b46353d17235e102c057a3f29cd4a10ae9067c01a005ab9019c653a7b108759d,fdr-cafef-segment-scale-v1,real,VN000000SCR6,,0.031999977725000184,0.12173908976252479,0.031999977725000184,,no_event_raw_close,9015.944785058722,8946.053603072445,9155.727149031274,8911.108380645368,1.0000000000000013,corporate-actions-v2,candidate_no_known_unresolved_event,False
2020-07-20,SCS,64864.86328125,65945.9453125,62270.26953125,62270.26953125,41323.37890625,64398.0,4010080817.2734375,finance_datareader_yahoo_hose,https://github.com/FinanceData/FinanceDataReader,2026-07-30T05:41:26.910081+00:00,2020-07-21,fd35411ea47dd163d0a4e4aef7c39a49b970a2f965fe735d9745093474e74783,finance-datareader-yahoo-hose-v2-business-day,real,VN000000SCS4,,-0.0399999879557289,0.001739040682094073,-0.0399999879557289,,no_event_raw_close,62270.269531250044,64864.863281250044,65945.94531250004,62270.269531250044,1.0000000000000007,corporate-actions-v2,blocked_unresolved_material_event,False
2020-12-15,SCS,67567.5703125,67675.671875,67297.296875,67513.515625,45895.62109375,71669.0,4838626151.328125,finance_datareader_yahoo_hose,https://github.com/FinanceData/FinanceDataReader,2026-07-30T05:41:26.910081+00:00,2020-12-16,5c21eee223179860cc01a70742e976a1500fb3a41ca837a345153c330fd4d875,finance-datareader-yahoo-hose-v2-business-day,real,VN000000SCS4,,-0.008730146166973984,0.015447152152789245,-0.008730146166973984,,no_event_raw_close,70487.32518649912,70543.76085423757,70656.62403309245,70261.58251554532,1.0440476182282814,corporate-actions-v2,blocked_unresolved_material_event,False
2021-06-30,SCS,77459.4609375,77459.4609375,74756.7578125,75135.1328125,52923.390625,48840.0,3669599886.5625,finance_datareader_yahoo_hose,https://github.com/FinanceData/FinanceDataReader,2026-07-30T05:41:26.910081+00:00,2021-07-01,5c21eee223179860cc01a70742e976a1500fb3a41ca837a345153c330fd4d875,finance-datareader-yahoo-hose-v2-business-day,real,VN000000SCS4,,-0.030007026861127217,0.005061364256804035,-0.030007026861127217,,no_event_raw_close,83508.25072467525,86091.60379218488,86091.60379218488,83087.70931900821,1.1114407814127434,corporate-actions-v2,blocked_unresolved_material_event,False
2022-05-20,SCS,90702.703125,90702.703125,89729.7265625,90216.21875,64687.6875,4070.0,367180010.3125,finance_datareader_yahoo_hose,https://github.com/FinanceData/FinanceDataReader,2026-07-30T05:41:26.910081+00:00,2022-05-21,5c21eee223179860cc01a70742e976a1500fb3a41ca837a345153c330fd4d875,finance-datareader-yahoo-hose-v2-business-day,real,VN000000SCS4,,-0.018235253008758057,-0.0005989147115034177,-0.018235253008758057,,no_event_raw_close,103543.50479628128,104101.8555885675,104101.8555885675,102985.14503738529,1.1477260544826513,corporate-actions-v2,blocked_unresolved_material_event,False
2022-12-12,SCS,71900.0,73000.0,71100.0,73000.0,54186.21875,14400.0,1051200000.0,finance_datareader_yahoo_hose,https://github.com/FinanceData/FinanceDataReader,2026-07-30T05:41:26.910081+00:00,2022-12-13,fd35411ea47dd163d0a4e4aef7c39a49b970a2f965fe735d9745093474e74783,finance-datareader-yahoo-hose-v2-business-day,real,VN000000SCS4,,-0.006802721088435382,0.028169104907674214,-0.006802721088435382,,no_event_raw_close,86633.79796285361,85328.35717163254,86633.79796285361,84378.9456871081,1.186764355655529,corporate-actions-v2,blocked_unresolved_material_event,False
2023-08-03,SCS,70100.0,70100.0,68500.0,68600.0,53466.21484375,76300.0,5234180000.0,finance_datareader_yahoo_hose,https://github.com/FinanceData/FinanceDataReader,2026-07-30T05:41:26.910081+00:00,2023-08-04,5c21eee223179860cc01a70742e976a1500fb3a41ca837a345153c330fd4d875,finance-datareader-yahoo-hose-v2-business-day,real,VN000000SCS4,,-0.06666666666666665,-0.019999951312709596,-0.06666666666666665,,no_event_raw_close,85288.7983597775,87153.71377580761,87153.71377580761,85164.47066537548,1.2432769440200802,corporate-actions-v2,blocked_unresolved_material_event,False
2024-01-04,SCS,67200.0,69000.0,67200.0,69000.0,55359.671875,20800.0,1435200000.0,finance_datareader_yahoo_hose,https://github.com/FinanceData/FinanceDataReader,2026-07-30T05:41:26.910081+00:00,2024-01-05,5c21eee223179860cc01a70742e976a1500fb3a41ca837a345153c330fd4d875,finance-datareader-yahoo-hose-v2-business-day,real,VN000000SCS4,,-0.014285714285714235,0.014705852871018,-0.014285714285714235,,no_event_raw_close,88237.14082702517,85935.302370668,88237.14082702517,85935.302370668,1.2787991424206546,corporate-actions-v2,blocked_unresolved_material_event,False
2024-06-11,SCS,89100.0,90300.0,87600.0,87900.0,72882.0546875,232900.0,20471910000.0,finance_datareader_yahoo_hose,https://github.com/FinanceData/FinanceDataReader,2026-07-30T05:41:26.910081+00:00,2024-06-12,5c21eee223179860cc01a70742e976a1500fb3a41ca837a345153c330fd4d875,finance-datareader-yahoo-hose-v2-business-day,real,VN000000SCS4,,-0.05177993527508096,-0.020066832368025977,-0.05177993527508096,,no_event_raw_close,116044.19363556437,117628.41470908745,119212.63578261051,115648.13836718361,1.320184227935886,corporate-actions-v2,blocked_unresolved_material_event,False
2024-12-24,SCS,77300.0,77300.0,76600.0,76700.0,66083.046875,213600.0,16383120000.0,finance_datareader_yahoo_hose,https://github.com/FinanceData/FinanceDataReader,2026-07-30T05:41:26.910081+00:00,2024-12-25,5c21eee223179860cc01a70742e976a1500fb3a41ca837a345153c330fd4d875,finance-datareader-yahoo-hose-v2-business-day,real,VN000000SCS4,,-0.03764115432873272,1.18222468481477e-07,-0.03764115432873272,,no_event_raw_close,105069.60319169186,105891.52968341304,105891.52968341304,104932.61544307166,1.3698774862019798,corporate-actions-v2,blocked_unresolved_material_event,False
2025-09-01,SCS,65000.0,65600.0,64800.0,65400.0,59082.515625,364700.0,23851380000.0,finance_datareader_yahoo_hose,https://github.com/FinanceData/FinanceDataReader,2026-07-30T05:41:26.910081+00:00,2025-09-02,fd35411ea47dd163d0a4e4aef7c39a49b970a2f965fe735d9745093474e74783,finance-datareader-yahoo-hose-v2-business-day,real,VN000000SCS4,,0.0092592592592593,0.0582524543559344,0.0092592592592593,,no_event_raw_close,93737.67220860986,93164.35311253273,94024.33175664842,92877.69356449417,1.4332977401928113,corporate-actions-v2,blocked_unresolved_material_event,False
2025-12-22,SCS,53500.0,53500.0,52100.0,52200.0,49420.4453125,192100.0,10027620000.0,finance_datareader_yahoo_hose,https://github.com/FinanceData/FinanceDataReader,2026-07-30T05:41:26.910081+00:00,2025-12-23,fd35411ea47dd163d0a4e4aef7c39a49b970a2f965fe735d9745093474e74783,finance-datareader-yahoo-hose-v2-business-day,real,VN000000SCS4,,-0.04395604395604391,0.001919397956680946,-0.04395604395604391,,no_event_raw_close,74818.14203806467,76681.42910031532,76681.42910031532,74674.8122640454,1.4332977401928098,corporate-actions-v2,blocked_unresolved_material_event,False
2020-11-18,SFC,24800.0,24800.0,24800.0,24800.0,17353.19140625,260.0,6448000.0,finance_datareader_yahoo_hose,https://github.com/FinanceData/FinanceDataReader,2026-07-30T05:56:32.901437+00:00,2020-11-19,451fbbf11f3eab7a8fba7da12540a14427a7e595959d9c04f5a50f0c1fea90bc,finance-datareader-yahoo-hose-v2-business-day,real,VN000000SFC1,,-0.08148148148148149,-1.1255133047782806e-07,-0.08148148148148149,,no_event_raw_close,26820.740740740745,26820.740740740748,26820.740740740748,26820.740740740748,1.0814814814814817,corporate-actions-v2,blocked_unresolved_material_event,False
2021-11-22,SFC,31500.0,31500.0,29000.0,29000.0,21501.498046875,800.0,23200000.0,finance_datareader_yahoo_hose,https://github.com/FinanceData/FinanceDataReader,2026-07-30T05:56:32.901437+00:00,2021-11-23,9d27f423e36d99bfa09bcf76ac0dec2e48f5dc54c675362fdebc983fd18c9315,finance-datareader-yahoo-hose-v2-business-day,real,VN000000SFC1,,-0.09375,-0.03973525126339983,-0.09375,,no_event_raw_close,33127.129629629606,35982.916666666635,35982.916666666635,33127.129629629606,1.142314814814814,corporate-actions-v2,blocked_unresolved_material_event,False
2022-11-15,SFC,19250.0,19250.0,19250.0,19250.0,15458.8349609375,900.0,17325000.0,finance_datareader_yahoo_hose,https://github.com/FinanceData/FinanceDataReader,2026-07-30T05:56:32.901437+00:00,2022-11-16,451fbbf11f3eab7a8fba7da12540a14427a7e595959d9c04f5a50f0c1fea90bc,finance-datareader-yahoo-hose-v2-business-day,real,VN000000SFC1,,-0.0767386091127098,0.0,-0.0767386091127098,,no_event_raw_close,23677.00844879647,23677.00844879647,23677.00844879647,23677.00844879647,1.229974464872544,corporate-actions-v2,blocked_unresolved_material_event,False
2024-01-19,SFC,23500.0,23500.0,23500.0,23500.0,20484.802734375,1600.0,37600000.0,finance_datareader_yahoo_hose,https://github.com/FinanceData/FinanceDataReader,2026-07-30T05:56:32.901437+00:00,2024-01-20,451fbbf11f3eab7a8fba7da12540a14427a7e595959d9c04f5a50f0c1fea90bc,finance-datareader-yahoo-hose-v2-business-day,real,VN000000SFC1,,-0.07480314960629919,0.004273531280628795,-0.07480314960629919,,no_event_raw_close,31180.33692643428,31180.33692643428,31180.33692643428,31180.33692643428,1.3268228479333737,corporate-actions-v2,blocked_unresolved_material_event,False
2024-11-25,SFC,22000.0,22700.0,22000.0,22700.0,21118.443359375,600.0,13620000.0,finance_datareader_yahoo_hose,https://github.com/FinanceData/FinanceDataReader,2026-07-30T05:56:32.901437+00:00,2024-11-26,9d27f423e36d99bfa09bcf76ac0dec2e48f5dc54c675362fdebc983fd18c9315,finance-datareader-yahoo-hose-v2-business-day,real,VN000000SFC1,,-0.04621848739495793,0.01793720495509743,-0.04621848739495793,,no_event_raw_close,30118.8786480876,29190.10265453424,30118.878648087604,29190.10265453424,1.3268228479333746,corporate-actions-v2,blocked_unresolved_material_event,False
2025-11-26,SFC,21150.0,21150.0,21150.0,21150.0,21150.0,100.0,2115000.0,finance_datareader_yahoo_hose,https://github.com/FinanceData/FinanceDataReader,2026-07-30T05:56:32.901437+00:00,2025-11-27,451fbbf11f3eab7a8fba7da12540a14427a7e595959d9c04f5a50f0c1fea90bc,finance-datareader-yahoo-hose-v2-business-day,real,VN000000SFC1,,-0.13319672131147542,-0.06828193832599116,-0.13319672131147542,,no_event_raw_close,28062.303233790866,28062.303233790866,28062.303233790866,28062.303233790866,1.3268228479333743,corporate-actions-v2,blocked_unresolved_material_event,False
2021-06-25,SFG,10000.0,11350.0,10000.0,10100.0,8335.748046875,56200.0,567620000.0,finance_datareader_yahoo_hose,https://github.com/FinanceData/FinanceDataReader,2026-07-30T05:45:04.644995+00:00,2021-06-26,459d5a6a502c1d261574fa0da4f8f1098af7b7ff9e0f0ae1d2dabfdafc596bd5,finance-datareader-yahoo-hose-v2-business-day,real,VN000000SFG2,,-0.07339449541284404,-0.051643074603922035,-0.07339449541284404,,no_event_raw_close,10331.651376146792,10229.357798165142,11610.321100917436,10229.357798165142,1.0229357798165142,corporate-actions-v2,candidate_no_known_unresolved_event,False
2022-05-30,SFG,14900.0,16550.0,14900.0,16300.0,13625.212890625,10400.0,169520000.0,finance_datareader_yahoo_hose,https://github.com/FinanceData/FinanceDataReader,2026-07-30T05:45:04.644995+00:00,2022-05-31,56cd12408dd6711d6d5c3bda89c09b639f5ab2bc262089d3f55ad6b090059349,finance-datareader-yahoo-hose-v2-business-day,real,VN000000SFG2,,0.03164556962025311,0.04487171614202734,0.03164556962025311,,no_event_raw_close,16673.85321100917,15241.743119266052,16929.587155963298,15241.743119266052,1.0229357798165135,corporate-actions-v2,candidate_no_known_unresolved_event,False
2022-06-03,SFG,16400.0,16400.0,16400.0,16400.0,13878.0478515625,0.0,0.0,finance_datareader_yahoo_hose,https://github.com/FinanceData/FinanceDataReader,2026-07-30T05:45:04.644995+00:00,2022-06-04,459d5a6a502c1d261574fa0da4f8f1098af7b7ff9e0f0ae1d2dabfdafc596bd5,finance-datareader-yahoo-hose-v2-business-day,real,VN000000SFG2,,0.0,0.012345653508042398,0.0,,no_event_raw_close,16980.73394495412,16980.73394495412,16980.73394495412,16980.73394495412,1.0354106063996416,corporate-actions-v2,candidate_no_known_unresolved_event,False
2023-06-23,SFG,9250.0,9250.0,9250.0,9250.0,8181.3447265625,0.0,0.0,finance_datareader_yahoo_hose,https://github.com/FinanceData/FinanceDataReader,2026-07-30T05:45:04.644995+00:00,2023-06-24,459d5a6a502c1d261574fa0da4f8f1098af7b7ff9e0f0ae1d2dabfdafc596bd5,finance-datareader-yahoo-hose-v2-business-day,real,VN000000SFG2,,0.0,0.045197637203993946,0.0,,no_event_raw_close,9991.712351756543,9991.712351756543,9991.712351756543,9991.712351756543,1.0801851191088154,corporate-actions-v2,candidate_no_known_unresolved_event,False
2024-06-12,SFG,13550.0,13950.0,13550.0,13700.0,12566.021484375,3300.0,45210000.0,finance_datareader_yahoo_hose,https://github.com/FinanceData/FinanceDataReader,2026-07-30T05:45:04.644995+00:00,2024-06-13,459d5a6a502c1d261574fa0da4f8f1098af7b7ff9e0f0ae1d2dabfdafc596bd5,finance-datareader-yahoo-hose-v2-business-day,real,VN000000SFG2,,-0.021428571428571463,0.014814713749685682,-0.021428571428571463,,no_event_raw_close,15327.055279354732,15159.240805493184,15606.74606912398,15159.240805493184,1.1187631590769878,corporate-actions-v2,candidate_no_known_unresolved_event,False
2025-06-20,SFG,12300.0,12300.0,12100.0,12100.0,11542.396484375,28700.0,347270000.0,finance_datareader_yahoo_hose,https://github.com/FinanceData/FinanceDataReader,2026-07-30T05:45:04.644995+00:00,2025-06-21,459d5a6a502c1d261574fa0da4f8f1098af7b7ff9e0f0ae1d2dabfdafc596bd5,finance-datareader-yahoo-hose-v2-business-day,real,VN000000SFG2,,-0.0692307692307692,-0.031999965929951024,-0.0692307692307692,,no_event_raw_close,14057.689387325072,14290.047889594909,14290.047889594909,14057.689387325074,1.1617925113491796,corporate-actions-v2,candidate_no_known_unresolved_event,False
2020-09-09,SFI,13166.6669921875,14033.3330078125,13166.6669921875,14000.0,8198.4443359375,3525.0,49350000.0,finance_datareader_yahoo_hose,https://github.com/FinanceData/FinanceDataReader,2026-07-30T05:44:28.823778+00:00,2020-09-10,cc4560b66f0c8610a146f91ba97e44ff5e15b5d39fff49f24dd3a33bfbd62bee,finance-datareader-yahoo-hose-v2-business-day,real,VN000000SFI8,,-0.07284768211920534,-0.007091991397926822,-0.07284768211920534,,no_event_raw_close,15390.728476821207,14474.614044391568,15427.372710575344,14474.614044391568,1.0993377483443718,corporate-actions-v2,candidate_no_known_unresolved_event,False
2021-03-25,SFI,27366.666015625,27366.666015625,25666.666015625,26333.333984375,15805.92578125,3375.0,88875002.19726562,finance_datareader_yahoo_hose,https://github.com/FinanceData/FinanceDataReader,2026-07-30T05:44:28.823778+00:00,2021-03-26,cc4560b66f0c8610a146f91ba97e44ff5e15b5d39fff49f24dd3a33bfbd62bee,finance-datareader-yahoo-hose-v2-business-day,real,VN000000SFI8,,-0.037758784013369406,-0.013732383745286958,-0.037758784013369406,,no_event_raw_close,30007.05618053,31184.546745653966,31184.546745653966,29247.38240720866,1.1395084343795896,corporate-actions-v2,candidate_no_known_unresolved_event,False
2021-06-22,SFI,27133.333984375,27133.333984375,25400.0,25866.666015625,16135.46875,41250.0,1066999973.1445312,finance_datareader_yahoo_hose,https://github.com/FinanceData/FinanceDataReader,2026-07-30T05:44:28.823778+00:00,2021-06-23,cc4560b66f0c8610a146f91ba97e44ff5e15b5d39fff49f24dd3a33bfbd62bee,finance-datareader-yahoo-hose-v2-business-day,real,VN000000SFI8,,-0.022670025746566624,0.01570668269235509,-0.022670025746566624,,no_event_raw_close,31145.797717335256,32670.98013960353,32670.98013960353,30583.88976540085,1.204090148244128,corporate-actions-v2,candidate_no_known_unresolved_event,False
2022-04-29,SFI,50666.66796875,50866.66796875,50666.66796875,50866.66796875,32573.125,1500.0,76300001.953125,finance_datareader_yahoo_hose,https://github.com/FinanceData/FinanceDataReader,2026-07-30T05:44:28.823778+00:00,2022-04-30,cc4560b66f0c8610a146f91ba97e44ff5e15b5d39fff49f24dd3a33bfbd62bee,finance-datareader-yahoo-hose-v2-business-day,real,VN000000SFI8,,-0.014211861070736465,0.00527040258700362,-0.014211861070736465,,no_event_raw_close,63654.63160122961,63404.35127368649,63654.63160122961,63404.35127368649,1.251401637715604,corporate-actions-v2,candidate_no_known_unresolved_event,False
2022-10-05,SFI,41000.0,41000.0,39000.0,39000.0,26224.4140625,1500.0,58500000.0,finance_datareader_yahoo_hose,https://github.com/FinanceData/FinanceDataReader,2026-07-30T05:44:28.823778+00:00,2022-10-06,cc4560b66f0c8610a146f91ba97e44ff5e15b5d39fff49f24dd3a33bfbd62bee,finance-datareader-yahoo-hose-v2-business-day,real,VN000000SFI8,,-0.07032181168057206,-0.023779759234536457,-0.07032181168057206,,no_event_raw_close,76697.19822859712,80630.38788134568,80630.38788134568,76697.19822859712,1.966594826374285,corporate-actions-v2,candidate_no_known_unresolved_event,False
2023-02-09,SFI,39000.0,39000.0,35600.0,36550.0,25863.734375,19800.0,723690000.0,finance_datareader_yahoo_hose,https://github.com/FinanceData/FinanceDataReader,2026-07-30T05:44:28.823778+00:00,2023-02-10,cc4560b66f0c8610a146f91ba97e44ff5e15b5d39fff49f24dd3a33bfbd62bee,finance-datareader-yahoo-hose-v2-business-day,real,VN000000SFI8,,-0.09079601990049746,-0.04319388741518537,-0.09079601990049746,,no_event_raw_close,75455.11259074524,80512.97923499493,80512.97923499493,73493.89899399538,2.06443536499987,corporate-actions-v2,candidate_no_known_unresolved_event,False
2023-04-26,SFI,36800.0,36800.0,34500.0,34500.0,27187.318359375,16500.0,569250000.0,finance_datareader_yahoo_hose,https://github.com/FinanceData/FinanceDataReader,2026-07-30T05:44:28.823778+00:00,2023-04-27,cc4560b66f0c8610a146f91ba97e44ff5e15b5d39fff49f24dd3a33bfbd62bee,finance-datareader-yahoo-hose-v2-business-day,real,VN000000SFI8,,-0.11989795918367352,-0.019886508858890983,-0.11989795918367352,,no_event_raw_close,78490.67520397458,83723.38688423955,83723.38688423955,78490.67520397458,2.275092034897814,corporate-actions-v2,candidate_no_known_unresolved_event,False
2024-06-17,SFI,34300.0,35000.0,34300.0,34300.0,28615.033203125,21300.0,730590000.0,finance_datareader_yahoo_hose,https://github.com/FinanceData/FinanceDataReader,2026-07-30T05:44:28.823778+00:00,2024-06-18,a10408ed77026c18d0467eb4eb8d60971560a9434adeef92860350263f77cda4,finance-datareader-yahoo-hose-v2-business-day,real,VN000000SFI8,,-0.049861495844875314,0.005865173710861926,-0.049861495844875314,,no_event_raw_close,82358.96188270129,82358.96188270129,84039.75702316458,82358.96188270129,2.4011359149475595,corporate-actions-v2,candidate_no_known_unresolved_event,False
2025-02-04,SFI,30650.0,30650.0,30450.0,30450.0,26245.69921875,1700.0,51765000.0,finance_datareader_yahoo_hose,https://github.com/FinanceData/FinanceDataReader,2026-07-30T05:44:28.823778+00:00,2025-02-05,cc4560b66f0c8610a146f91ba97e44ff5e15b5d39fff49f24dd3a33bfbd62bee,finance-datareader-yahoo-hose-v2-business-day,real,VN000000SFI8,,-0.022471910112359605,0.009950241277868477,-0.022471910112359605,,no_event_raw_close,75461.76641465246,75957.41020062719,75957.41020062719,75461.76641465246,2.478218929873644,corporate-actions-v2,candidate_no_known_unresolved_event,False
2025-05-23,SFI,27900.0,27900.0,27900.0,27900.0,24922.248046875,12100.0,337590000.0,finance_datareader_yahoo_hose,https://github.com/FinanceData/FinanceDataReader,2026-07-30T05:44:28.823778+00:00,2025-05-24,cc4560b66f0c8610a146f91ba97e44ff5e15b5d39fff49f24dd3a33bfbd62bee,finance-datareader-yahoo-hose-v2-business-day,real,VN000000SFI8,,-0.021052631578947323,0.014545470158060736,-0.021052631578947323,,no_event_raw_close,71568.35404324572,71568.35404324572,71568.35404324572,71568.35404324572,2.5651739800446496,corporate-actions-v2,candidate_no_known_unresolved_event,False
2025-08-18,SFI,28000.0,28000.0,26750.0,28000.0,25937.927734375,4200.0,117600000.0,finance_datareader_yahoo_hose,https://github.com/FinanceData/FinanceDataReader,2026-07-30T05:44:28.823778+00:00,2025-08-19,a10408ed77026c18d0467eb4eb8d60971560a9434adeef92860350263f77cda4,finance-datareader-yahoo-hose-v2-business-day,real,VN000000SFI8,,0.0,0.037036993654343986,0.0,,no_event_raw_close,74390.04542129485,74390.04542129485,74390.04542129485,71069.06125070133,2.656787336474816,corporate-actions-v2,candidate_no_known_unresolved_event,False
2025-12-09,SFI,24800.0,25850.0,24800.0,25750.0,24792.751953125,1300.0,33475000.0,finance_datareader_yahoo_hose,https://github.com/FinanceData/FinanceDataReader,2026-07-30T05:44:28.823778+00:00,2025-12-10,cc4560b66f0c8610a146f91ba97e44ff5e15b5d39fff49f24dd3a33bfbd62bee,finance-datareader-yahoo-hose-v2-business-day,real,VN000000SFI8,,-0.024621212121212155,0.013779584469725714,-0.024621212121212155,,no_event_raw_close,71003.64792612901,68384.09586671842,71279.39024817223,68384.09586671842,2.7574232204321945,corporate-actions-v2,candidate_no_known_unresolved_event,False
2020-09-15,SGN,66900.0,68500.0,66900.0,67800.0,55310.84765625,11370.0,770886000.0,finance_datareader_yahoo_hose,https://github.com/FinanceData/FinanceDataReader,2026-07-30T05:42:21.616104+00:00,2020-09-16,937a420ef46c0a133127e3e56b5463ee3fccd378d622256e927073d04ca146a8,finance-datareader-yahoo-hose-v2-business-day,real,VN000000SGN6,,-0.013100436681222738,0.016491706658722016,-0.013100436681222738,,no_event_raw_close,69773.79912663756,68847.59825327512,70494.17758369724,68847.59825327512,1.0291120815138284,corporate-actions-v2,candidate_no_known_unresolved_event,False
2020-11-16,SGN,70500.0,70500.0,68300.0,69500.0,58343.4921875,10520.0,731140000.0,finance_datareader_yahoo_hose,https://github.com/FinanceData/FinanceDataReader,2026-07-30T05:42:21.616104+00:00,2020-11-17,689ff4ba23451bc70d33b08bba3d219771ffe517ee42b744ea6b94f695323c5e,finance-datareader-yahoo-hose-v2-business-day,real,VN000000SGN6,,-0.019746121297602226,0.008708183269093395,-0.019746121297602226,,no_event_raw_close,73540.87188425795,74599.01392575806,74599.01392575806,72271.10143445781,1.0581420415001144,corporate-actions-v2,candidate_no_known_unresolved_event,False
2021-07-19,SGN,69000.0,69000.0,69000.0,69000.0,59210.953125,0.0,0.0,finance_datareader_yahoo_hose,https://github.com/FinanceData/FinanceDataReader,2026-07-30T05:42:21.616104+00:00,2021-07-20,689ff4ba23451bc70d33b08bba3d219771ffe517ee42b744ea6b94f695323c5e,finance-datareader-yahoo-hose-v2-business-day,real,VN000000SGN6,,0.0,0.022222234211161984,0.0,,no_event_raw_close,74599.01392575804,74599.01392575806,74599.01392575806,74599.01392575806,1.0811451293588124,corporate-actions-v2,candidate_no_known_unresolved_event,False
2021-10-11,SGN,71500.0,71500.0,71500.0,71500.0,62226.57421875,0.0,0.0,finance_datareader_yahoo_hose,https://github.com/FinanceData/FinanceDataReader,2026-07-30T05:42:21.616104+00:00,2021-10-12,689ff4ba23451bc70d33b08bba3d219771ffe517ee42b744ea6b94f695323c5e,finance-datareader-yahoo-hose-v2-business-day,real,VN000000SGN6,,0.0,0.014184381359740206,0.0,,no_event_raw_close,78383.02187851384,78383.02187851384,78383.02187851384,78383.02187851384,1.0962660402589348,corporate-actions-v2,candidate_no_known_unresolved_event,False
2022-08-29,SGN,71000.0,71800.0,71000.0,71500.0,64439.46875,3200.0,228800000.0,finance_datareader_yahoo_hose,https://github.com/FinanceData/FinanceDataReader,2026-07-30T05:42:21.616104+00:00,2022-08-30,689ff4ba23451bc70d33b08bba3d219771ffe517ee42b744ea6b94f695323c5e,finance-datareader-yahoo-hose-v2-business-day,real,VN000000SGN6,,-0.017857142857142905,0.01706980143453274,-0.017857142857142905,,no_event_raw_close,81074.74653093537,80507.79026148828,81414.92029260364,80507.79026148828,1.133912538894201,corporate-actions-v2,candidate_no_known_unresolved_event,False
2023-08-30,SGN,72800.0,72800.0,71000.0,72000.0,67149.5,8200.0,590400000.0,finance_datareader_yahoo_hose,https://github.com/FinanceData/FinanceDataReader,2026-07-30T05:42:21.616104+00:00,2023-08-31,937a420ef46c0a133127e3e56b5463ee3fccd378d622256e927073d04ca146a8,finance-datareader-yahoo-hose-v2-business-day,real,VN000000SGN6,,-0.030955585464333746,0.002785588116566373,-0.030955585464333746,,no_event_raw_close,84388.73183135102,85326.38440725491,85326.38440725491,83216.66611147113,1.1720657198798752,corporate-actions-v2,candidate_no_known_unresolved_event,False
2024-08-30,SGN,81200.0,82200.0,80900.0,82200.0,79013.953125,9000.0,739800000.0,finance_datareader_yahoo_hose,https://github.com/FinanceData/FinanceDataReader,2026-07-30T05:42:21.616104+00:00,2024-08-31,937a420ef46c0a133127e3e56b5463ee3fccd378d622256e927073d04ca146a8,finance-datareader-yahoo-hose-v2-business-day,real,VN000000SGN6,,-0.021428571428571463,0.008588943840232233,-0.021428571428571463,,no_event_raw_close,99211.17723883186,98004.22861062223,99211.17723883186,97642.14402215934,1.2069486282096333,corporate-actions-v2,candidate_no_known_unresolved_event,False
2025-11-10,SGN,62000.0,62200.0,61000.0,61700.0,61700.0,13300.0,820610000.0,finance_datareader_yahoo_hose,https://github.com/FinanceData/FinanceDataReader,2026-07-30T05:42:21.616104+00:00,2025-11-11,689ff4ba23451bc70d33b08bba3d219771ffe517ee42b744ea6b94f695323c5e,finance-datareader-yahoo-hose-v2-business-day,real,VN000000SGN6,,-0.04341085271317835,-0.004838709677419395,-0.04341085271317835,,no_event_raw_close,77355.11525822955,77731.23413306697,77981.98004962526,76477.50455027557,1.2537295827914028,corporate-actions-v2,candidate_no_known_unresolved_event,False
2020-10-15,SGR,21000.0,21100.0,19400.0,19400.0,17260.73046875,57390.0,1113366000.0,finance_datareader_yahoo_hose,https://github.com/FinanceData/FinanceDataReader,2026-07-30T05:43:57.560328+00:00,2020-10-16,c70dfdc49a26968ef9469792a20397d07592c2f88b03560efaf3b42f05a093ad,finance-datareader-yahoo-hose-v2-business-day,real,VN000000SGR7,,-0.10315771947729102,-0.06970829190220917,-0.10315771947729102,,no_event_raw_close,20319.03464275424,21994.8313143216,22099.56860629456,20319.03464275424,1.0473729197296,corporate-actions-v2,blocked_unresolved_material_event,False
2021-11-30,SGR,35500.0,35500.0,32300.0,34400.0,31929.708984375,109300.0,3759920000.0,finance_datareader_yahoo_hose,https://github.com/FinanceData/FinanceDataReader,2026-07-30T05:43:57.560328+00:00,2021-12-01,c70dfdc49a26968ef9469792a20397d07592c2f88b03560efaf3b42f05a093ad,finance-datareader-yahoo-hose-v2-business-day,real,VN000000SGR7,,-0.04972375690607733,-0.0086456014711912,-0.04972375690607733,,no_event_raw_close,37522.56884361668,38722.41842873233,38722.41842873233,35231.9469083959,1.090772350105136,corporate-actions-v2,blocked_unresolved_material_event,False
2022-09-12,SGR,20400.0,20400.0,19900.0,20000.0,19036.14453125,15800.0,316000000.0,finance_datareader_yahoo_hose,https://github.com/FinanceData/FinanceDataReader,2026-07-30T05:43:57.560328+00:00,2022-09-13,1a53e2a5cb6aedbee9068ac136dd8679ef36d685ce44be8a5990b2920fae4b0b,finance-datareader-yahoo-hose-v2-business-day,real,VN000000SGR7,,-0.007444168734491274,0.017811720246425855,-0.007444168734491274,,no_event_raw_close,22356.773230442737,22803.908695051596,22803.908695051596,22244.989364290526,1.117838661522137,corporate-actions-v2,blocked_unresolved_material_event,False
2023-12-27,SGR,20400.0,20500.0,19700.0,19800.0,19800.0,41200.0,815760000.0,finance_datareader_yahoo_hose,https://github.com/FinanceData/FinanceDataReader,2026-07-30T05:43:57.560328+00:00,2023-12-28,c70dfdc49a26968ef9469792a20397d07592c2f88b03560efaf3b42f05a093ad,finance-datareader-yahoo-hose-v2-business-day,real,VN000000SGR7,,-0.04578313253012045,0.0025316455696202667,-0.04578313253012045,,no_event_raw_close,23199.866004072665,23902.892246620322,24020.06328704493,23082.694963648057,1.1717104042460942,corporate-actions-v2,blocked_unresolved_material_event,False
2020-10-16,SHA,4034.12158203125,4111.8671875,4025.483154296875,4094.59033203125,3217.203857421875,77989.0,319333005.40478516,finance_datareader_yahoo_hose,https://github.com/FinanceData/FinanceDataReader,2026-07-30T05:57:01.205461+00:00,2020-10-17,3ba609cff064914c0885a2f4b62adfadd6bdf809d4a014032d00902e72629ca6,finance-datareader-yahoo-hose-v2-business-day,real,VN000000SHA1,,-0.004201705619595764,0.07015863809492329,-0.004201705619595764,,no_event_raw_close,4094.5903320312545,4034.1215820312545,4111.867187500005,4025.4831542968795,1.000000000000001,corporate-actions-v2,candidate_no_known_unresolved_event,False
2020-10-23,SHA,4042.760009765625,4042.760009765625,4025.483154296875,4025.483154296875,3414.68310546875,40898.0,164634210.0444336,finance_datareader_yahoo_hose,https://github.com/FinanceData/FinanceDataReader,2026-07-30T05:57:01.205461+00:00,2020-10-24,3ba609cff064914c0885a2f4b62adfadd6bdf809d4a014032d00902e72629ca6,finance-datareader-yahoo-hose-v2-business-day,real,VN000000SHA1,,-0.010615714947225907,0.06814274312345803,-0.010615714947225907,,no_event_raw_close,4025.4831542968805,4042.7600097656305,4042.7600097656305,4025.4831542968805,1.0000000000000013,corporate-actions-v2,candidate_no_known_unresolved_event,False
2020-11-12,SHA,3900.226806640625,3900.226806640625,3809.52392578125,3809.52392578125,3452.826904296875,32898.0,125325718.11035156,finance_datareader_yahoo_hose,https://github.com/FinanceData/FinanceDataReader,2026-07-30T05:57:01.205461+00:00,2020-11-13,3ba609cff064914c0885a2f4b62adfadd6bdf809d4a014032d00902e72629ca6,finance-datareader-yahoo-hose-v2-business-day,real,VN000000SHA1,,-0.057692290272233215,0.0068492160827009485,-0.057692290272233215,,no_event_raw_close,4282.6924349886485,4384.66122406994,4384.66122406994,4282.6924349886485,1.1242067298764535,corporate-actions-v2,candidate_no_known_unresolved_event,False
2022-10-24,SHA,4504.76171875,4676.1904296875,4390.47607421875,4561.90478515625,4561.90478515625,65520.0,298896001.5234375,finance_datareader_yahoo_hose,https://github.com/FinanceData/FinanceDataReader,2026-07-30T05:57:01.205461+00:00,2022-10-25,fc52164cde06f056ed3169ba92b9a165114d158d744de1e9df3e136c475deb8f,finance-datareader-yahoo-hose-v2-business-day,real,VN000000SHA1,,-0.102996262412819,-0.010330598428758386,-0.102996262412819,,no_event_raw_close,5914.369523777596,5840.285292219759,6062.53735385162,5692.117462145736,1.296469304449769,corporate-actions-v2,candidate_no_known_unresolved_event,False
2024-07-19,SHB,9168.4609375,9168.4609375,9009.0087890625,9128.59765625,8800.8173828125,26822327.0,244850231387.3711,finance_datareader_yahoo_hose,https://github.com/FinanceData/FinanceDataReader,2026-07-30T05:38:38.577985+00:00,2024-07-20,b249b4b425fd8977c0ec7674fdf9341023e040377d394880e935e9378a1279c3,finance-datareader-yahoo-hose-v2-business-day,real,VN000000SHB9,,-0.033755309589661886,0.00809346281143708,-0.033755309589661886,,no_event_raw_close,13043.104041974655,13100.061413125992,13100.061413125992,12872.23332385066,1.4288179338306737,corporate-actions-v2,blocked_unresolved_material_event,False
2025-06-10,SHB,11681.416015625,11725.6640625,11415.9296875,11548.6728515625,11548.6728515625,57500163.0,664050571398.5186,finance_datareader_yahoo_hose,https://github.com/FinanceData/FinanceDataReader,2026-07-30T05:38:38.577985+00:00,2025-06-11,b249b4b425fd8977c0ec7674fdf9341023e040377d394880e935e9378a1279c3,finance-datareader-yahoo-hose-v2-business-day,real,VN000000SHB9,,-0.047445212260429415,-0.01196799722485098,-0.047445212260429415,,no_event_raw_close,18316.05547930406,18526.58453218464,18596.761399416937,18105.526426423483,1.5859879065520464,corporate-actions-v2,blocked_unresolved_material_event,False
2020-10-30,SHI,5416.4130859375,6070.1181640625,5416.4130859375,6070.1181640625,6070.1181640625,1141298.0,6927813720.408203,finance_datareader_yahoo_hose,https://github.com/FinanceData/FinanceDataReader,2026-07-30T05:41:59.905677+00:00,2020-10-31,317af19b1dfa42a59fbb821bf1c82b8c32487f2ca848f13b3395d118c58a83ac,finance-datareader-yahoo-hose-v2-business-day,real,VN000000SHI4,,-0.014166653515985894,0.04090784940984027,-0.014166653515985894,,no_event_raw_close,6563.034837304507,5856.246421478033,6563.034837304507,5856.246421478033,1.0812038019556636,corporate-actions-v2,blocked_unresolved_material_event,False
2020-12-04,SHP,21759.259765625,21851.8515625,21666.666015625,21851.8515625,13845.74609375,8078.0,176519256.921875,finance_datareader_yahoo_hose,https://github.com/FinanceData/FinanceDataReader,2026-07-30T05:41:41.120973+00:00,2020-12-05,8a751989b2c1521c2ab1907c6a3d53b57d876b8f3784e9606dd8f9c2d24ac3da,finance-datareader-yahoo-hose-v2-business-day,real,VN000000SHP9,,-0.06719368248019819,0.012875581858710294,-0.06719368248019819,,no_event_raw_close,23717.464197539626,23616.967330210668,23717.464197539626,23516.468343007695,1.0853754945984169,corporate-actions-v2,blocked_unresolved_material_event,False
2021-10-29,SHP,24305.5546875,24814.814453125,24074.07421875,24814.814453125,16019.796875,13608.0,337679995.078125,finance_datareader_yahoo_hose,https://github.com/FinanceData/FinanceDataReader,2026-07-30T05:41:41.120973+00:00,2021-10-30,8a751989b2c1521c2ab1907c6a3d53b57d876b8f3784e9606dd8f9c2d24ac3da,finance-datareader-yahoo-hose-v2-business-day,real,VN000000SHP9,,-0.0074074218749999865,0.011320635604850304,-0.0074074218749999865,,no_event_raw_close,27472.059340637043,26908.26650924285,27472.059340637043,26651.998416418257,1.1070830044903845,corporate-actions-v2,blocked_unresolved_material_event,False
2022-07-07,SHP,27600.0,27600.0,27100.0,27100.0,18145.4296875,16300.0,441730000.0,finance_datareader_yahoo_hose,https://github.com/FinanceData/FinanceDataReader,2026-07-30T05:41:41.120973+00:00,2022-07-08,8a751989b2c1521c2ab1907c6a3d53b57d876b8f3784e9606dd8f9c2d24ac3da,finance-datareader-yahoo-hose-v2-business-day,real,VN000000SHP9,,-0.028673835125448077,0.0074349136012812345,-0.028673835125448077,,no_event_raw_close,33563.47115948995,34182.72339490489,34182.72339490489,33563.47115948995,1.2385044708298873,corporate-actions-v2,blocked_unresolved_material_event,False
2022-10-14,SHP,28000.0,28500.0,27600.0,27850.0,19328.177734375,8900.0,247865000.0,finance_datareader_yahoo_hose,https://github.com/FinanceData/FinanceDataReader,2026-07-30T05:41:41.120973+00:00,2022-10-15,8a751989b2c1521c2ab1907c6a3d53b57d876b8f3784e9606dd8f9c2d24ac3da,finance-datareader-yahoo-hose-v2-business-day,real,VN000000SHP9,,-0.01936619718309862,0.0164233683475985,-0.01936619718309862,,no_event_raw_close,35706.868861648036,35899.185929125495,36540.24282071702,35386.340415852275,1.2821137831830534,corporate-actions-v2,blocked_unresolved_material_event,False
2023-02-17,SHP,27000.0,27000.0,26200.0,26500.0,19085.275390625,4400.0,116600000.0,finance_datareader_yahoo_hose,https://github.com/FinanceData/FinanceDataReader,2026-07-30T05:41:41.120973+00:00,2023-02-18,8a751989b2c1521c2ab1907c6a3d53b57d876b8f3784e9606dd8f9c2d24ac3da,finance-datareader-yahoo-hose-v2-business-day,real,VN000000SHP9,,-0.036363636363636376,0.0,-0.036363636363636376,,no_event_raw_close,35211.5067181455,35875.87476943126,35875.87476943126,34812.88588737404,1.3287361025715283,corporate-actions-v2,blocked_unresolved_material_event,False
2023-07-04,SHP,27700.0,27700.0,27500.0,27650.0,20635.009765625,6000.0,165900000.0,finance_datareader_yahoo_hose,https://github.com/FinanceData/FinanceDataReader,2026-07-30T05:41:41.120973+00:00,2023-07-05,8a751989b2c1521c2ab1907c6a3d53b57d876b8f3784e9606dd8f9c2d24ac3da,finance-datareader-yahoo-hose-v2-business-day,real,VN000000SHP9,,-0.03321678321678323,0.001811773884702328,-0.03321678321678323,,no_event_raw_close,38024.15299960288,38092.91276994574,38092.91276994574,37817.87368857429,1.375195406857247,corporate-actions-v2,blocked_unresolved_material_event,False
2023-10-17,SHP,29500.0,29500.0,28100.0,28750.0,22565.71875,23900.0,687125000.0,finance_datareader_yahoo_hose,https://github.com/FinanceData/FinanceDataReader,2026-07-30T05:41:41.120973+00:00,2023-10-18,8a751989b2c1521c2ab1907c6a3d53b57d876b8f3784e9606dd8f9c2d24ac3da,finance-datareader-yahoo-hose-v2-business-day,real,VN000000SHP9,,-0.05737704918032782,-0.008620646751868022,-0.05737704918032782,,no_event_raw_close,39536.86794714588,40568.26450228882,40568.26450228882,38642.99093268867,1.375195406857248,corporate-actions-v2,blocked_unresolved_material_event,False
2024-03-12,SHP,34750.0,34750.0,33350.0,33350.0,26981.65625,17500.0,583625000.0,finance_datareader_yahoo_hose,https://github.com/FinanceData/FinanceDataReader,2026-07-30T05:41:41.120973+00:00,2024-03-13,8a751989b2c1521c2ab1907c6a3d53b57d876b8f3784e9606dd8f9c2d24ac3da,finance-datareader-yahoo-hose-v2-business-day,real,VN000000SHP9,,-0.004477611940298498,0.02615381141350137,-0.004477611940298498,,no_event_raw_close,47231.80463417247,49214.5490565965,49214.5490565965,47231.80463417247,1.4162460160171655,corporate-actions-v2,blocked_unresolved_material_event,False
2024-10-14,SHP,34800.0,35550.0,34800.0,34900.0,29860.75390625,16900.0,589810000.0,finance_datareader_yahoo_hose,https://github.com/FinanceData/FinanceDataReader,2026-07-30T05:41:41.120973+00:00,2024-10-15,4850bcf0095e5da0eef0f7e5ea6b5f9acb5f1307b0109dc44abb8a1a396015c7,finance-datareader-yahoo-hose-v2-business-day,real,VN000000SHP9,,-0.05034013605442178,0.004316693832809415,-0.05034013605442178,,no_event_raw_close,52116.8899567678,51967.55789385443,53087.54836570474,51967.55789385443,1.493320629133748,corporate-actions-v2,blocked_unresolved_material_event,False
2025-03-17,SHP,36050.0,36400.0,36000.0,36000.0,32088.91015625,12900.0,464400000.0,finance_datareader_yahoo_hose,https://github.com/FinanceData/FinanceDataReader,2026-07-30T05:41:41.120973+00:00,2025-03-18,4850bcf0095e5da0eef0f7e5ea6b5f9acb5f1307b0109dc44abb8a1a396015c7,finance-datareader-yahoo-hose-v2-business-day,real,VN000000SHP9,,-0.03743315508021394,0.00278548097719189,-0.03743315508021394,,no_event_raw_close,53759.542648814924,53834.208680271615,54356.87090046843,53759.542648814924,1.493320629133748,corporate-actions-v2,blocked_unresolved_material_event,False
2025-10-02,SHP,36600.0,36800.0,36450.0,36450.0,33407.8203125,7600.0,277020000.0,finance_datareader_yahoo_hose,https://github.com/FinanceData/FinanceDataReader,2026-07-30T05:41:41.120973+00:00,2025-10-03,8a751989b2c1521c2ab1907c6a3d53b57d876b8f3784e9606dd8f9c2d24ac3da,finance-datareader-yahoo-hose-v2-business-day,real,VN000000SHP9,,0.0013736263736263687,0.02966114218991711,0.0013736263736263687,,no_event_raw_close,55926.9088256593,56157.060713830746,56463.92989805932,55926.9088256593,1.5343459211429165,corporate-actions-v2,blocked_unresolved_material_event,False
2023-12-08,SIP,45444.234375,45444.234375,43856.33203125,44234.40625,39391.31640625,123124.0,5446317035.125,finance_datareader_yahoo_hose,https://github.com/FinanceData/FinanceDataReader,2026-07-30T05:39:50.058822+00:00,2023-12-09,24c6b37ae87e2799922498e59a2f25d190ca53d3c60dbd6c96ae18bedc7fc254,finance-datareader-yahoo-hose-v2-business-day,real,VN000000SIP7,,-0.026622257842802477,-0.010152142756249871,-0.026622257842802477,,no_event_raw_close,65551.28678862797,67344.13984375003,67344.13984375003,64991.01586737721,1.4819072379575111,corporate-actions-v2,blocked_unresolved_material_event,False
2024-12-13,SIP,72260.8671875,74260.8671875,71826.0859375,72608.6953125,65892.4453125,861465.0,62549849707.38281,finance_datareader_yahoo_hose,https://github.com/FinanceData/FinanceDataReader,2026-07-30T05:39:50.058822+00:00,2024-12-14,24c6b37ae87e2799922498e59a2f25d190ca53d3c60dbd6c96ae18bedc7fc254,finance-datareader-yahoo-hose-v2-business-day,real,VN000000SIP7,,-0.005952362489591745,0.006024289674508632,-0.005952362489591745,,no_event_raw_close,110067.25334932539,109539.98197787844,112571.77459928853,108880.8986850397,1.5158963107050443,corporate-actions-v2,blocked_unresolved_material_event,False
2025-11-20,SIP,58800.0,58800.0,57600.0,57800.0,53881.35546875,280300.0,16201340000.0,finance_datareader_yahoo_hose,https://github.com/FinanceData/FinanceDataReader,2026-07-30T05:39:50.058822+00:00,2025-11-21,24c6b37ae87e2799922498e59a2f25d190ca53d3c60dbd6c96ae18bedc7fc254,finance-datareader-yahoo-hose-v2-business-day,real,VN000000SIP7,,-0.031825795644891075,-0.01533222157237435,-0.031825795644891075,,no_event_raw_close,103617.58287673615,105410.27462200841,105410.27462200841,103259.0445276817,1.7926917452722517,corporate-actions-v2,blocked_unresolved_material_event,False
2020-12-02,SJD,17400.0,17500.0,17300.0,17400.0,11050.5205078125,201470.0,3505578000.0,finance_datareader_yahoo_hose,https://github.com/FinanceData/FinanceDataReader,2026-07-30T05:43:47.197932+00:00,2020-12-03,e14021281f640e4bf9ab6306d4135548395e4d58b024abedc7d37a799506de8c,finance-datareader-yahoo-hose-v2-business-day,real,VN000000SJD1,,-0.10077519379844957,0.00869570410823206,-0.10077519379844957,,no_event_raw_close,19288.372093023267,19288.372093023267,19399.22480620156,19177.519379844973,1.1085271317829464,corporate-actions-v2,blocked_unresolved_material_event,False
2022-03-18,SJD,20100.0,20100.0,19400.0,19600.0,13269.134765625,172500.0,3381000000.0,finance_datareader_yahoo_hose,https://github.com/FinanceData/FinanceDataReader,2026-07-30T05:43:47.197932+00:00,2022-03-19,e14021281f640e4bf9ab6306d4135548395e4d58b024abedc7d37a799506de8c,finance-datareader-yahoo-hose-v2-business-day,real,VN000000SJD1,,-0.06666666666666665,-0.005076181531134538,-0.06666666666666665,,no_event_raw_close,21727.131782945715,22281.395348837188,22281.395348837188,21505.426356589127,1.1085271317829446,corporate-actions-v2,blocked_unresolved_material_event,False
2023-10-13,SJD,16000.0,16250.0,15700.0,15800.0,12605.4697265625,401200.0,6338960000.0,finance_datareader_yahoo_hose,https://github.com/FinanceData/FinanceDataReader,2026-07-30T05:43:47.197932+00:00,2023-10-14,e14021281f640e4bf9ab6306d4135548395e4d58b024abedc7d37a799506de8c,finance-datareader-yahoo-hose-v2-business-day,real,VN000000SJD1,,-0.17493472584856395,-0.027692312095979776,-0.17493472584856395,,no_event_raw_close,20167.08968364803,20422.36929989674,20741.468820207625,20039.449875523675,1.2763980812435463,corporate-actions-v2,blocked_unresolved_material_event,False
2024-11-20,SJD,14200.0,14650.0,14200.0,14500.0,13009.3466796875,254000.0,3683000000.0,finance_datareader_yahoo_hose,https://github.com/FinanceData/FinanceDataReader,2026-07-30T05:43:47.197932+00:00,2024-11-21,e14021281f640e4bf9ab6306d4135548395e4d58b024abedc7d37a799506de8c,finance-datareader-yahoo-hose-v2-business-day,real,VN000000SJD1,,-0.10769230769230764,0.0034602490547721576,-0.10769230769230764,,no_event_raw_close,18507.772178031504,18124.85275365844,18699.231890218038,18124.85275365844,1.276398081243552,corporate-actions-v2,blocked_unresolved_material_event,False
2025-09-24,SJD,16100.0,16250.0,16000.0,16050.0,16050.0,583700.0,9368385000.0,finance_datareader_yahoo_hose,https://github.com/FinanceData/FinanceDataReader,2026-07-30T05:43:47.197932+00:00,2025-09-25,e14021281f640e4bf9ab6306d4135548395e4d58b024abedc7d37a799506de8c,finance-datareader-yahoo-hose-v2-business-day,real,VN000000SJD1,,0.0,0.11458325774581857,0.0,,no_event_raw_close,22592.2460380109,22662.62686678975,22873.7693531263,22521.86520923205,1.4076165755770031,corporate-actions-v2,blocked_unresolved_material_event,False
2020-07-16,SKG,10650.0,10650.0,10650.0,10650.0,8729.572265625,0.0,0.0,finance_datareader_yahoo_hose,https://github.com/FinanceData/FinanceDataReader,2026-07-30T05:45:05.603664+00:00,2020-07-17,ab05225cc086443ad8fe7fd1d1cbb81ed3ee99ccde7c6c9e2abc903eef051604,finance-datareader-yahoo-hose-v2-business-day,real,VN000000SKG2,,0.0,0.0982076614362124,0.0,,no_event_raw_close,11649.999999999984,11649.999999999984,11649.999999999984,11649.999999999984,1.093896713615022,corporate-actions-v2,blocked_unresolved_material_event,False
2021-06-18,SKG,11700.0,12100.0,11600.0,12000.0,10233.9609375,538000.0,6456000000.0,finance_datareader_yahoo_hose,https://github.com/FinanceData/FinanceDataReader,2026-07-30T05:45:05.603664+00:00,2021-06-19,ab05225cc086443ad8fe7fd1d1cbb81ed3ee99ccde7c6c9e2abc903eef051604,finance-datareader-yahoo-hose-v2-business-day,real,VN000000SKG2,,-0.020408163265306145,0.019211454377306092,-0.020408163265306145,,no_event_raw_close,13662.54670882436,13320.98304110375,13776.401264731228,13207.128485196881,1.1385455590686966,corporate-actions-v2,blocked_unresolved_material_event,False
2023-05-26,SKG,18650.0,18950.0,18550.0,18650.0,16306.57421875,358000.0,6676700000.0,finance_datareader_yahoo_hose,https://github.com/FinanceData/FinanceDataReader,2026-07-30T05:45:05.603664+00:00,2023-05-27,ab05225cc086443ad8fe7fd1d1cbb81ed3ee99ccde7c6c9e2abc903eef051604,finance-datareader-yahoo-hose-v2-business-day,real,VN000000SKG2,,-0.036175710594315236,-0.011858106080878783,-0.036175710594315236,,no_event_raw_close,21782.553608843886,21782.553608843886,22132.943211130918,21665.75707474821,1.1679653409567767,corporate-actions-v2,blocked_unresolved_material_event,False
2025-05-28,SKG,10900.0,11000.0,10300.0,10950.0,10347.0263671875,270700.0,2964165000.0,finance_datareader_yahoo_hose,https://github.com/FinanceData/FinanceDataReader,2026-07-30T05:45:05.603664+00:00,2025-05-29,ab05225cc086443ad8fe7fd1d1cbb81ed3ee99ccde7c6c9e2abc903eef051604,finance-datareader-yahoo-hose-v2-business-day,real,VN000000SKG2,,0.0,0.04784687291729495,0.0,,no_event_raw_close,13801.831460171605,13738.809398709634,13864.853521633577,12982.544661165985,1.260441229239416,corporate-actions-v2,blocked_unresolved_material_event,False
2024-11-11,SMA,8278.24827931594,8278.24827931594,8278.24827931594,8278.24827931594,7839.781624382852,0.0,0.0,fdr_segment_scaled_by_cafef_crosscheck,https://cafef.vn/du-lieu/lich-su-giao-dich-hose/all-1.chn,2026-07-30T05:56:53.330218+00:00,2024-11-12,a3d1b801b17b9925f92dcd226d11455170b40f121d7e8bb23167d7c2f41536f0,fdr-cafef-segment-scale-v1,real,VN000000SMA1,,0.0,0.03365385187415004,0.0,,no_event_raw_close,9232.225658868017,9232.225658868017,9232.225658868017,9232.225658868017,1.115239039391424,corporate-actions-v2,blocked_unresolved_material_event,False
2025-11-17,SMA,7269.457093650462,7269.457093650462,7269.457093650462,7269.457093650462,7269.457093650462,7800.0,56701765.33047361,fdr_segment_scaled_by_cafef_crosscheck,https://cafef.vn/du-lieu/lich-su-giao-dich-hose/all-1.chn,2026-07-30T05:56:53.330218+00:00,2025-11-18,a3d1b801b17b9925f92dcd226d11455170b40f121d7e8bb23167d7c2f41536f0,fdr-cafef-segment-scale-v1,real,VN000000SMA1,,0.0,0.055928411633109576,0.0,,no_event_raw_close,8664.801865715632,8664.801865715632,8664.801865715632,8664.801865715632,1.1919462147020496,corporate-actions-v2,blocked_unresolved_material_event,False
2020-10-29,SMB,38400.0,38400.0,34600.0,35300.0,20740.208984375,8590.0,303227000.0,finance_datareader_yahoo_hose,https://github.com/FinanceData/FinanceDataReader,2026-07-30T05:43:24.985004+00:00,2020-10-30,3ae2b2faa6e4a48de3268a61a04018bbe61c12757890645adcfea46f54a95021,finance-datareader-yahoo-hose-v2-business-day,real,VN000000SMB9,,-0.08072916666666663,-0.01671311952056953,-0.08072916666666663,,no_event_raw_close,37598.17708333337,40900.000000000044,40900.000000000044,36852.60416666671,1.0651041666666679,corporate-actions-v2,blocked_unresolved_material_event,False
2020-12-23,SMB,43200.0,43200.0,43200.0,43200.0,25983.248046875,0.0,0.0,finance_datareader_yahoo_hose,https://github.com/FinanceData/FinanceDataReader,2026-07-30T05:43:24.985004+00:00,2020-12-24,3ae2b2faa6e4a48de3268a61a04018bbe61c12757890645adcfea46f54a95021,finance-datareader-yahoo-hose-v2-business-day,real,VN000000SMB9,,0.0,0.02369655591657871,0.0,,no_event_raw_close,47077.604166666715,47077.604166666715,47077.604166666715,47077.604166666715,1.0897593557098777,corporate-actions-v2,blocked_unresolved_material_event,False
2021-10-25,SMB,41050.0,41400.0,40900.0,41000.0,26167.365234375,40800.0,1672800000.0,finance_datareader_yahoo_hose,https://github.com/FinanceData/FinanceDataReader,2026-07-30T05:43:24.985004+00:00,2021-10-26,bab993a15e5e13be1f37983cb3ebbbd2890d88c2a7591cd1107e5b1759b59ab0,finance-datareader-yahoo-hose-v2-business-day,real,VN000000SMB9,,-0.055299539170506895,0.0024450406445546413,-0.055299539170506895,,no_event_raw_close,44680.133584105,44734.6215518905,45116.037326388956,44571.15764853402,1.0897593557098781,corporate-actions-v2,blocked_unresolved_material_event,False
2022-02-21,SMB,42500.0,42500.0,41900.0,42000.0,27445.34375,41800.0,1755600000.0,finance_datareader_yahoo_hose,https://github.com/FinanceData/FinanceDataReader,2026-07-30T05:43:24.985004+00:00,2022-02-22,bab993a15e5e13be1f37983cb3ebbbd2890d88c2a7591cd1107e5b1759b59ab0,finance-datareader-yahoo-hose-v2-business-day,real,VN000000SMB9,,-0.020979020979020935,0.0023865504017530625,-0.020979020979020935,,no_event_raw_close,46836.790211139276,47394.37104698617,47394.37104698617,46725.27404396989,1.1151616716937922,corporate-actions-v2,blocked_unresolved_material_event,False
2022-09-21,SMB,43900.0,43900.0,42200.0,43000.0,29751.67578125,20900.0,898700000.0,finance_datareader_yahoo_hose,https://github.com/FinanceData/FinanceDataReader,2026-07-30T05:43:24.985004+00:00,2022-09-22,3ae2b2faa6e4a48de3268a61a04018bbe61c12757890645adcfea46f54a95021,finance-datareader-yahoo-hose-v2-business-day,real,VN000000SMB9,,-0.0444444444444444,0.01176455428875145,-0.0444444444444444,,no_event_raw_close,50615.949209657185,51675.35279776629,51675.35279776629,49674.25713133798,1.1771150978990044,corporate-actions-v2,blocked_unresolved_material_event,False
2023-02-21,SMB,41500.0,41500.0,41450.0,41500.0,29411.611328125,3900.0,161850000.0,finance_datareader_yahoo_hose,https://github.com/FinanceData/FinanceDataReader,2026-07-30T05:43:24.985004+00:00,2023-02-22,3ae2b2faa6e4a48de3268a61a04018bbe61c12757890645adcfea46f54a95021,finance-datareader-yahoo-hose-v2-business-day,real,VN000000SMB9,,-0.01542111506524313,0.008505504012491949,-0.01542111506524313,,no_event_raw_close,50009.2392333379,50009.2392333379,50009.2392333379,49948.98713787605,1.205041909237058,corporate-actions-v2,blocked_unresolved_material_event,False
2023-07-18,SMB,37500.0,37500.0,36850.0,37000.0,27979.93359375,35900.0,1328300000.0,finance_datareader_yahoo_hose,https://github.com/FinanceData/FinanceDataReader,2026-07-30T05:43:24.985004+00:00,2023-07-19,3ae2b2faa6e4a48de3268a61a04018bbe61c12757890645adcfea46f54a95021,finance-datareader-yahoo-hose-v2-business-day,real,VN000000SMB9,,-0.07035175879396982,-0.008042927372133857,-0.07035175879396982,,no_event_raw_close,47387.213370525635,48027.581118775975,48027.581118775975,47195.10304605053,1.2807354965006927,corporate-actions-v2,blocked_unresolved_material_event,False
2023-10-25,SMB,37300.0,38000.0,36000.0,37500.0,29124.47265625,6400.0,240000000.0,finance_datareader_yahoo_hose,https://github.com/FinanceData/FinanceDataReader,2026-07-30T05:43:24.985004+00:00,2023-10-26,3ae2b2faa6e4a48de3268a61a04018bbe61c12757890645adcfea46f54a95021,finance-datareader-yahoo-hose-v2-business-day,real,VN000000SMB9,,-0.013157894736842146,0.013513440035103796,-0.013157894736842146,,no_event_raw_close,49291.46483242797,49028.577019988355,49948.68436352701,47319.806239130856,1.3144390621980793,corporate-actions-v2,blocked_unresolved_material_event,False
2024-05-24,SMB,36950.0,37450.0,36900.0,37100.0,29989.888671875,8000.0,296800000.0,finance_datareader_yahoo_hose,https://github.com/FinanceData/FinanceDataReader,2026-07-30T05:43:24.985004+00:00,2024-05-25,3ae2b2faa6e4a48de3268a61a04018bbe61c12757890645adcfea46f54a95021,finance-datareader-yahoo-hose-v2-business-day,real,VN000000SMB9,,-0.030065359477124187,0.009523755048252314,-0.030065359477124187,,no_event_raw_close,50678.06917647227,50473.171322659044,51156.164168703144,50404.87203805463,1.3659856920882014,corporate-actions-v2,blocked_unresolved_material_event,False
2024-09-18,SMB,36800.0,36800.0,35500.0,35500.0,30295.21484375,13500.0,479250000.0,finance_datareader_yahoo_hose,https://github.com/FinanceData/FinanceDataReader,2026-07-30T05:43:24.985004+00:00,2024-09-19,3ae2b2faa6e4a48de3268a61a04018bbe61c12757890645adcfea46f54a95021,finance-datareader-yahoo-hose-v2-business-day,real,VN000000SMB9,,-0.0633245382585752,-0.011142154511130209,-0.0633245382585752,,no_event_raw_close,51051.462626868946,52920.95280757119,52920.95280757119,51051.46262686895,1.4380693697709563,corporate-actions-v2,blocked_unresolved_material_event,False
2025-01-09,SMB,41300.0,41900.0,40050.0,40300.0,35639.04296875,10600.0,427180000.0,finance_datareader_yahoo_hose,https://github.com/FinanceData/FinanceDataReader,2026-07-30T05:43:24.985004+00:00,2025-01-10,3ae2b2faa6e4a48de3268a61a04018bbe61c12757890645adcfea46f54a95021,finance-datareader-yahoo-hose-v2-business-day,real,VN000000SMB9,,-0.05950991831971997,-0.02539303539559168,-0.05950991831971997,,no_event_raw_close,59982.93057032619,61471.34075817548,62364.38687088505,59610.82802336387,1.4884101878492852,corporate-actions-v2,blocked_unresolved_material_event,False
2025-08-15,SMB,42450.0,42500.0,41950.0,42400.0,39345.54296875,37700.0,1598480000.0,finance_datareader_yahoo_hose,https://github.com/FinanceData/FinanceDataReader,2026-07-30T05:43:24.985004+00:00,2025-08-16,3ae2b2faa6e4a48de3268a61a04018bbe61c12757890645adcfea46f54a95021,finance-datareader-yahoo-hose-v2-business-day,real,VN000000SMB9,,-0.003525264394829586,0.04562265642282748,-0.003525264394829586,,no_event_raw_close,66074.9182616281,66152.83679731398,66230.75533299986,65373.65144045516,1.558370713717644,corporate-actions-v2,blocked_unresolved_material_event,False
2025-11-14,SMB,40500.0,40850.0,39900.0,40350.0,39315.3828125,50400.0,2033640000.0,finance_datareader_yahoo_hose,https://github.com/FinanceData/FinanceDataReader,2026-07-30T05:43:24.985004+00:00,2025-11-15,3ae2b2faa6e4a48de3268a61a04018bbe61c12757890645adcfea46f54a95021,finance-datareader-yahoo-hose-v2-business-day,real,VN000000SMB9,,-0.03928571428571426,0.008749943372225122,-0.03928571428571426,,no_event_raw_close,65874.55631272153,66119.44313916288,66690.84573419267,65139.895833397495,1.6325788429422932,corporate-actions-v2,blocked_unresolved_material_event,False
2020-07-15,SMC,8531.74609375,8531.74609375,8134.92041015625,8492.0634765625,7821.1328125,28350.0,240749999.56054688,finance_datareader_yahoo_hose,https://github.com/FinanceData/FinanceDataReader,2026-07-30T05:43:59.737231+00:00,2020-07-16,0e75fb5d944fa6660aa08b1c2f9392f8915f044184b4b2866115cc50a989a555,finance-datareader-yahoo-hose-v2-business-day,real,VN000000SMC7,,-0.004651171841197899,0.04390245619161948,-0.004651171841197899,,no_event_raw_close,8492.063476562504,8531.746093750004,8531.746093750004,8134.920410156254,1.0000000000000004,corporate-actions-v2,blocked_unresolved_material_event,False
2020-10-21,SMC,9920.634765625,9920.634765625,9365.0791015625,9523.8095703125,9126.4794921875,225199.0,2144752391.4248047,finance_datareader_yahoo_hose,https://github.com/FinanceData/FinanceDataReader,2026-07-30T05:43:59.737231+00:00,2020-10-22,0e75fb5d944fa6660aa08b1c2f9392f8915f044184b4b2866115cc50a989a555,finance-datareader-yahoo-hose-v2-business-day,real,VN000000SMC7,,-0.0661478908473716,-0.028340129379077483,-0.0661478908473716,,no_event_raw_close,9523.809570312504,9920.634765625004,9920.634765625004,9365.079101562504,1.0000000000000004,corporate-actions-v2,blocked_unresolved_material_event,False
2021-06-04,SMC,30158.73046875,30555.5546875,29920.634765625,30158.73046875,29282.802734375,103937.0,3134607968.7304688,finance_datareader_yahoo_hose,https://github.com/FinanceData/FinanceDataReader,2026-07-30T05:43:59.737231+00:00,2021-06-05,0e75fb5d944fa6660aa08b1c2f9392f8915f044184b4b2866115cc50a989a555,finance-datareader-yahoo-hose-v2-business-day,real,VN000000SMC7,,-0.00783291327123159,0.0052909751355214585,-0.00783291327123159,,no_event_raw_close,30654.814012114413,30654.814012114417,31058.165626463324,30412.8018523538,1.0164490857424668,corporate-actions-v2,blocked_unresolved_material_event,False
2021-11-15,SMC,41250.0,42000.0,40833.33203125,41916.66796875,41134.640625,515400.0,21603850671.09375,finance_datareader_yahoo_hose,https://github.com/FinanceData/FinanceDataReader,2026-07-30T05:43:59.737231+00:00,2021-11-16,449d52215fc3cd961256436a18246fbd127bd41ed4db002df318058afba053f6,finance-datareader-yahoo-hose-v2-business-day,real,VN000000SMC7,,0.0648186150081469,0.07620984934549324,0.0648186150081469,,no_event_raw_close,43147.325788059825,42461.08469509974,43233.10441682882,42032.18350938267,1.0293596289721147,corporate-actions-v2,blocked_unresolved_material_event,False
2022-05-20,SMC,20791.666015625,21875.0,20791.666015625,21500.0,21500.0,103200.0,2218800000.0,finance_datareader_yahoo_hose,https://github.com/FinanceData/FinanceDataReader,2026-07-30T05:43:59.737231+00:00,2022-05-21,0e75fb5d944fa6660aa08b1c2f9392f8915f044184b4b2866115cc50a989a555,finance-datareader-yahoo-hose-v2-business-day,real,VN000000SMC7,,-0.03731346089921117,-0.019011377703522347,-0.03731346089921117,,no_event_raw_close,22626.70735225308,21881.253130294546,23021.3592246761,21881.253130294546,1.0524049931280504,corporate-actions-v2,blocked_unresolved_material_event,False
2022-07-20,SPM,17500.0,17500.0,17300.0,17500.0,15454.2958984375,41200.0,721000000.0,finance_datareader_yahoo_hose,https://github.com/FinanceData/FinanceDataReader,2026-07-30T05:57:00.027947+00:00,2022-07-21,529cee2328dae51e40a6729cf65a95754ad697eee20078b87b23454ccd8e5992,finance-datareader-yahoo-hose-v2-business-day,real,VN000000SPM9,,-0.048913043478260865,-0.02234631832609013,-0.048913043478260865,,no_event_raw_close,17975.543478260806,17975.543478260806,17975.543478260806,17770.108695652114,1.0271739130434747,corporate-actions-v2,candidate_no_known_unresolved_event,False
2022-12-08,SPM,14700.0,14700.0,14700.0,14700.0,13438.70703125,0.0,0.0,finance_datareader_yahoo_hose,https://github.com/FinanceData/FinanceDataReader,2026-07-30T05:57:00.027947+00:00,2022-12-09,529cee2328dae51e40a6729cf65a95754ad697eee20078b87b23454ccd8e5992,finance-datareader-yahoo-hose-v2-business-day,real,VN000000SPM9,,0.0,0.03521124800433184,0.0,,no_event_raw_close,15613.043478260814,15613.043478260812,15613.043478260812,15613.043478260812,1.0621118012422321,corporate-actions-v2,candidate_no_known_unresolved_event,False
2024-12-09,SPM,11300.0,11300.0,11300.0,11300.0,10808.6953125,0.0,0.0,finance_datareader_yahoo_hose,https://github.com/FinanceData/FinanceDataReader,2026-07-30T05:57:00.027947+00:00,2024-12-10,6307a96bcacd3f5b37b86fb7d47d05e8dd8449d2324a6b8336830707b5217744,finance-datareader-yahoo-hose-v2-business-day,real,VN000000SPM9,,0.0,0.04629628491737625,0.0,,no_event_raw_close,12532.919254658334,12532.919254658333,12532.919254658333,12532.919254658333,1.1091078986423304,corporate-actions-v2,candidate_no_known_unresolved_event,False
2025-12-03,SPM,11500.0,11500.0,11500.0,11500.0,11500.0,0.0,0.0,finance_datareader_yahoo_hose,https://github.com/FinanceData/FinanceDataReader,2026-07-30T05:57:00.027947+00:00,2025-12-04,529cee2328dae51e40a6729cf65a95754ad697eee20078b87b23454ccd8e5992,finance-datareader-yahoo-hose-v2-business-day,real,VN000000SPM9,,0.0,0.045454545454545414,0.0,,no_event_raw_close,13309.294783707977,13309.294783707976,13309.294783707976,13309.294783707976,1.157329981191998,corporate-actions-v2,candidate_no_known_unresolved_event,False
2020-06-24,SRC,12307.6923828125,12307.6923828125,12153.845703125,12153.845703125,10118.76953125,22009.0,267493990.08007812,finance_datareader_yahoo_hose,https://github.com/FinanceData/FinanceDataReader,2026-07-30T05:42:53.941297+00:00,2020-06-25,40eb17377eafaf6dc0faed2f483a39f04b20fcde125e3d9b0af317c281d408b3,finance-datareader-yahoo-hose-v2-business-day,real,VN000000SRC6,,-0.03951367921899973,0.009584584845484079,-0.03951367921899973,,no_event_raw_close,12922.234759749806,13085.807916797436,13085.807916797436,12922.234759749806,1.0632218867504002,corporate-actions-v2,candidate_no_known_unresolved_event,False
2021-10-08,SRC,16230.76953125,16769.23046875,16153.845703125,16576.923828125,14501.806640625,80860.0,1340410060.7421875,finance_datareader_yahoo_hose,https://github.com/FinanceData/FinanceDataReader,2026-07-30T05:42:53.941297+00:00,2021-10-09,40eb17377eafaf6dc0faed2f483a39f04b20fcde125e3d9b0af317c281d408b3,finance-datareader-yahoo-hose-v2-business-day,real,VN000000SRC6,,0.04106283437505431,0.0939086206542199,0.04106283437505431,,no_event_raw_close,18731.8290200467,18340.676646370724,18949.134422964424,18253.753160991597,1.1299942748283378,corporate-actions-v2,candidate_no_known_unresolved_event,False
2022-09-16,SRC,12192.3076171875,12692.3076171875,12153.845703125,12346.154296875,11204.4111328125,6890.0,85065003.10546875,finance_datareader_yahoo_hose,https://github.com/FinanceData/FinanceDataReader,2026-07-30T05:42:53.941297+00:00,2022-09-17,40eb17377eafaf6dc0faed2f483a39f04b20fcde125e3d9b0af317c281d408b3,finance-datareader-yahoo-hose-v2-business-day,real,VN000000SRC6,,-0.03603600649847505,-8.715874522113864e-08,-0.03603600649847505,,no_event_raw_close,14604.647947894444,14422.657949976052,15014.123421600325,14377.160161694954,1.1829309432485469,corporate-actions-v2,candidate_no_known_unresolved_event,False
2023-09-18,SRC,14000.0,14000.0,14000.0,14000.0,13289.4658203125,0.0,0.0,finance_datareader_yahoo_hose,https://github.com/FinanceData/FinanceDataReader,2026-07-30T05:42:53.941297+00:00,2023-09-19,40d6bd5609478423b4c6617df9000966c1ff678aa40494b8fddf9939a1b60c5a,finance-datareader-yahoo-hose-v2-business-day,real,VN000000SRC6,,0.0,0.04597693109782286,0.0,,no_event_raw_close,17507.37796007849,17507.37796007849,17507.37796007849,17507.37796007849,1.2505269971484636,corporate-actions-v2,candidate_no_known_unresolved_event,False
2024-09-18,SRC,22346.154296875,22346.154296875,22307.69140625,22307.69140625,21625.26953125,1040.0,23199999.0625,finance_datareader_yahoo_hose,https://github.com/FinanceData/FinanceDataReader,2026-07-30T05:42:53.941297+00:00,2024-09-19,40eb17377eafaf6dc0faed2f483a39f04b20fcde125e3d9b0af317c281d408b3,finance-datareader-yahoo-hose-v2-business-day,real,VN000000SRC6,,0.005199225308740285,0.026548634824152817,0.005199225308740285,,no_event_raw_close,28650.587608829217,28699.986912301363,28699.986912301363,28650.587608829217,1.284336737812417,corporate-actions-v2,candidate_no_known_unresolved_event,False
2025-06-10,SRC,21461.5390625,21461.5390625,21461.5390625,21461.5390625,21262.25390625,910.0,19530000.546875,finance_datareader_yahoo_hose,https://github.com/FinanceData/FinanceDataReader,2026-07-30T05:42:53.941297+00:00,2025-06-11,40eb17377eafaf6dc0faed2f483a39f04b20fcde125e3d9b0af317c281d408b3,finance-datareader-yahoo-hose-v2-business-day,real,VN000000SRC6,,0.0,0.021977981744736974,0.0,,no_event_raw_close,28334.44511065247,28334.44511065247,28334.44511065247,28334.44511065247,1.3202429251759291,corporate-actions-v2,candidate_no_known_unresolved_event,False
2020-05-18,SRF,12727.2724609375,12727.2724609375,12727.2724609375,12727.2724609375,12727.2724609375,0.0,0.0,finance_datareader_yahoo_hose,https://github.com/FinanceData/FinanceDataReader,2026-07-30T05:56:07.087410+00:00,2020-05-19,cebd5931db4f372726e71cea34c17bd902c8ce5dacb1e08141c8a19cf3b181ba,finance-datareader-yahoo-hose-v2-business-day,real,VN000000SRF9,,0.0,0.060606038411458396,0.0,,no_event_raw_close,13527.272460937518,13527.27246093752,13527.27246093752,13527.27246093752,1.0628571441725143,corporate-actions-v2,blocked_unresolved_material_event,False
2020-09-15,SSC,57000.0,57000.0,57000.0,57000.0,40345.5546875,10.0,570000.0,finance_datareader_yahoo_hose,https://github.com/FinanceData/FinanceDataReader,2026-07-30T05:55:51.537209+00:00,2020-09-16,9014e460afc5321af8872df5e535e16b3527fcee0bc0cd0bac5bd0727fdbe803,finance-datareader-yahoo-hose-v2-business-day,real,VN000000SSC4,,0.0,0.036363618119898966,0.0,,no_event_raw_close,59000.000000000015,59000.00000000002,59000.00000000002,59000.00000000002,1.035087719298246,corporate-actions-v2,blocked_unresolved_material_event,False
2022-06-23,SSC,41500.0,41500.0,41500.0,41500.0,31663.310546875,0.0,0.0,finance_datareader_yahoo_hose,https://github.com/FinanceData/FinanceDataReader,2026-07-30T05:55:51.537209+00:00,2022-06-24,9014e460afc5321af8872df5e535e16b3527fcee0bc0cd0bac5bd0727fdbe803,finance-datareader-yahoo-hose-v2-business-day,real,VN000000SSC4,,0.0,0.0779220079772911,0.0,,no_event_raw_close,46061.403508771975,46061.40350877197,46061.40350877197,46061.40350877197,1.1099133375607704,corporate-actions-v2,blocked_unresolved_material_event,False
2023-06-28,SSC,31800.0,31800.0,30000.0,30000.0,24018.5390625,1300.0,39000000.0,finance_datareader_yahoo_hose,https://github.com/FinanceData/FinanceDataReader,2026-07-30T05:55:51.537209+00:00,2023-06-29,9014e460afc5321af8872df5e535e16b3527fcee0bc0cd0bac5bd0727fdbe803,finance-datareader-yahoo-hose-v2-business-day,real,VN000000SSC4,,-0.059561128526645746,-0.013157850389577175,-0.059561128526645746,,no_event_raw_close,34863.108596736456,36954.89511254064,36954.89511254064,34863.108596736456,1.1621036198912151,corporate-actions-v2,blocked_unresolved_material_event,False
2023-09-29,SSC,30800.0,31250.0,30800.0,31250.0,26220.23828125,800.0,25000000.0,finance_datareader_yahoo_hose,https://github.com/FinanceData/FinanceDataReader,2026-07-30T05:55:51.537209+00:00,2023-09-30,9014e460afc5321af8872df5e535e16b3527fcee0bc0cd0bac5bd0727fdbe803,finance-datareader-yahoo-hose-v2-business-day,real,VN000000SSC4,,-0.04580152671755722,0.0,-0.04580152671755722,,no_event_raw_close,37979.05437144479,37432.155988495986,37979.05437144479,37432.155988495986,1.2153297398862333,corporate-actions-v2,blocked_unresolved_material_event,False
2024-07-01,SSC,37500.0,37600.0,37500.0,37600.0,33325.5546875,400.0,15040000.0,finance_datareader_yahoo_hose,https://github.com/FinanceData/FinanceDataReader,2026-07-30T05:55:51.537209+00:00,2024-07-02,2692c1f0fea3d39149710f5d014ef3eb3b73e743ffc428d2d6916225bf28b841,finance-datareader-yahoo-hose-v2-business-day,real,VN000000SSC4,,0.002666666666666595,0.0591549918266705,0.002666666666666595,,no_event_raw_close,48133.53945810756,48005.52472550621,48133.53945810756,48005.52472550621,1.280147326013499,corporate-actions-v2,blocked_unresolved_material_event,False
2024-09-30,SSC,32500.0,32500.0,32500.0,32500.0,29699.908203125,100.0,3250000.0,finance_datareader_yahoo_hose,https://github.com/FinanceData/FinanceDataReader,2026-07-30T05:55:51.537209+00:00,2024-10-01,2692c1f0fea3d39149710f5d014ef3eb3b73e743ffc428d2d6916225bf28b841,finance-datareader-yahoo-hose-v2-business-day,real,VN000000SSC4,,-0.02108433734939763,0.00931681471096546,-0.02108433734939763,,no_event_raw_close,42857.94436337364,42857.94436337364,42857.94436337364,42857.94436337364,1.3187059804114964,corporate-actions-v2,blocked_unresolved_material_event,False
2025-08-07,SSC,36600.0,37000.0,36600.0,36600.0,35380.0,5000.0,183000000.0,finance_datareader_yahoo_hose,https://github.com/FinanceData/FinanceDataReader,2026-07-30T05:55:51.537209+00:00,2025-08-08,9014e460afc5321af8872df5e535e16b3527fcee0bc0cd0bac5bd0727fdbe803,finance-datareader-yahoo-hose-v2-business-day,real,VN000000SSC4,,0.0,0.0578035505689678,0.0,,no_event_raw_close,50902.05084388372,50902.05084388372,51458.35741048354,50902.05084388372,1.3907664164995552,corporate-actions-v2,blocked_unresolved_material_event,False
2020-07-21,SSI,9934.21484375,9934.21484375,9592.7255859375,9592.7255859375,8319.224609375,10369222.0,99469101185.66602,finance_datareader_yahoo_hose,https://github.com/FinanceData/FinanceDataReader,2026-07-30T05:38:39.685556+00:00,2020-07-22,49a95bb6054f8c67869b6ca939906161f382ba1fb4ed244e2a4e9f8a6d40e988,finance-datareader-yahoo-hose-v2-business-day,real,VN000000SSI1,,-0.07485037469076372,-0.03311536237832058,-0.07485037469076372,,no_event_raw_close,12200.735245046213,12635.06644594134,12635.06644594134,12200.735245046213,1.2718736855072699,corporate-actions-v2,blocked_unresolved_material_event,False
2021-06-16,SSI,32286.197265625,33217.53125,31975.75390625,32286.197265625,28386.052734375,23905905.0,771830764643.291,finance_datareader_yahoo_hose,https://github.com/FinanceData/FinanceDataReader,2026-07-30T05:38:39.685556+00:00,2021-06-17,49a95bb6054f8c67869b6ca939906161f382ba1fb4ed244e2a4e9f8a6d40e988,finance-datareader-yahoo-hose-v2-business-day,real,VN000000SSI1,,-0.01886793236734019,-0.00533976854957563,-0.01886793236734019,,no_event_raw_close,42311.84076607442,42311.84076607442,43532.37643098112,41904.99725085048,1.3105241356845603,corporate-actions-v2,blocked_unresolved_material_event,False
2022-06-23,SSI,17700.0,17700.0,17500.0,17700.0,16242.576171875,11892500.0,210497250000.0,finance_datareader_yahoo_hose,https://github.com/FinanceData/FinanceDataReader,2026-07-30T05:38:39.685556+00:00,2022-06-24,49a95bb6054f8c67869b6ca939906161f382ba1fb4ed244e2a4e9f8a6d40e988,finance-datareader-yahoo-hose-v2-business-day,real,VN000000SSI1,,0.029069767441860517,0.07408427498043446,0.029069767441860517,,no_event_raw_close,24544.897969152513,24544.897969152513,24544.897969152513,24267.55448927508,1.3867173993871476,corporate-actions-v2,blocked_unresolved_material_event,False
2023-06-21,SSI,25800.0,25950.0,24950.0,25700.0,24245.880859375,19253600.0,494817520000.0,finance_datareader_yahoo_hose,https://github.com/FinanceData/FinanceDataReader,2026-07-30T05:38:39.685556+00:00,2023-06-22,49a95bb6054f8c67869b6ca939906161f382ba1fb4ed244e2a4e9f8a6d40e988,finance-datareader-yahoo-hose-v2-business-day,real,VN000000SSI1,,-0.02651515151515149,0.0008118466075897057,-0.02651515151515149,,no_event_raw_close,36988.5855416834,37132.50999904404,37348.396685085,35909.15211147864,1.4392445736063582,corporate-actions-v2,blocked_unresolved_material_event,False
2024-09-24,SSI,26850.0,26950.0,26450.0,26600.0,25985.05859375,19233700.0,511616420000.0,finance_datareader_yahoo_hose,https://github.com/FinanceData/FinanceDataReader,2026-07-30T05:38:39.685556+00:00,2024-09-25,49a95bb6054f8c67869b6ca939906161f382ba1fb4ed244e2a4e9f8a6d40e988,finance-datareader-yahoo-hose-v2-business-day,real,VN000000SSI1,,0.0003419137400477723,0.03582333136902682,0.0003419137400477723,,no_event_raw_close,39723.64232903051,40096.98483212291,40246.32183335986,39499.636827175076,1.4933700123695681,corporate-actions-v2,blocked_unresolved_material_event,False
2025-09-26,SSI,39500.0,40250.0,38550.0,40250.0,40250.0,36376800.0,1464166200000.0,finance_datareader_yahoo_hose,https://github.com/FinanceData/FinanceDataReader,2026-07-30T05:38:39.685556+00:00,2025-09-27,49a95bb6054f8c67869b6ca939906161f382ba1fb4ed244e2a4e9f8a6d40e988,finance-datareader-yahoo-hose-v2-business-day,real,VN000000SSI1,,0.021573604060913798,0.04574929906176872,0.021573604060913798,,no_event_raw_close,61633.73038360807,60485.27578018681,61633.730383608075,59030.5666158532,1.5312728045616912,corporate-actions-v2,blocked_unresolved_material_event,False
2020-07-08,ST8,11700.0,11700.0,11700.0,11700.0,7640.70751953125,10.0,117000.0,finance_datareader_yahoo_hose,https://github.com/FinanceData/FinanceDataReader,2026-08-13T08:23:54.251911+00:00,2020-07-09,b920b684915b6946c0141dd89d7747f5d6b4bc7e7b44ab338c774c3e97b58474,finance-datareader-yahoo-hose-v2-business-day,real,VN000000ST84,unverified,-0.008474576271186418,0.03539815221008924,-0.008474576271186418,,no_event_raw_close,12195.762711864398,12195.762711864398,12195.762711864398,12195.762711864398,1.0423728813559314,corporate-actions-v2,candidate_no_known_unresolved_event,False
2021-11-16,ST8,13600.0,13800.0,13600.0,13800.0,9431.28515625,39400.0,543720000.0,finance_datareader_yahoo_hose,https://github.com/FinanceData/FinanceDataReader,2026-08-13T08:23:54.251911+00:00,2021-11-17,b920b684915b6946c0141dd89d7747f5d6b4bc7e7b44ab338c774c3e97b58474,finance-datareader-yahoo-hose-v2-business-day,real,VN000000ST84,unverified,0.022222222222222143,0.06976746246866616,0.022222222222222143,,no_event_raw_close,15024.067796610141,14806.327683615791,15024.067796610141,14806.327683615791,1.0887005649717494,corporate-actions-v2,candidate_no_known_unresolved_event,False
2022-07-28,ST8,17100.0,19500.0,17100.0,18100.0,18100.0,204700.0,3705070000.0,finance_datareader_yahoo_hose,https://github.com/FinanceData/FinanceDataReader,2026-08-13T08:23:54.251911+00:00,2022-07-29,b920b684915b6946c0141dd89d7747f5d6b4bc7e7b44ab338c774c3e97b58474,finance-datareader-yahoo-hose-v2-business-day,real,VN000000ST84,unverified,-0.3258845437616388,-0.013623978201634857,-0.3258845437616388,,no_event_raw_close,25943.714189523245,24510.359814411462,27950.41031467974,24510.359814411462,1.4333543751117814,corporate-actions-v2,candidate_no_known_unresolved_event,False
2020-07-17,STK,7298.9384765625,7816.927734375,7298.9384765625,7816.927734375,7336.56298828125,352495.0,2755427941.7285156,finance_datareader_yahoo_hose,https://github.com/FinanceData/FinanceDataReader,2026-07-30T05:43:13.217013+00:00,2020-07-18,9d4738957a476c04036c79cf826ef5787fafcd8af3cb437788d61b1aeb5b2216,finance-datareader-yahoo-hose-v2-business-day,real,VN000000STK5,,-0.062146900598772925,0.024691360550536334,-0.062146900598772925,,no_event_raw_close,9223.707383476847,8612.497774766187,9223.707383476847,8612.497774766187,1.1799657994681878,corporate-actions-v2,blocked_unresolved_material_event,False
2021-07-14,STK,17423.271484375,17894.171875,17093.642578125,17894.171875,17468.119140625,75175.0,1345194370.703125,finance_datareader_yahoo_hose,https://github.com/FinanceData/FinanceDataReader,2026-07-30T05:43:13.217013+00:00,2021-07-15,9d4738957a476c04036c79cf826ef5787fafcd8af3cb437788d61b1aeb5b2216,finance-datareader-yahoo-hose-v2-business-day,real,VN000000STK5,,-0.023136207316794888,0.01604278621626376,-0.023136207316794888,,no_event_raw_close,22843.50962146298,22242.36318791265,22843.50962146298,21821.562429764454,1.2765893711671406,corporate-actions-v2,blocked_unresolved_material_event,False
2022-04-25,STK,29902.103515625,30090.462890625,27312.15625,28442.314453125,28442.314453125,234657.0,6674188182.626953,finance_datareader_yahoo_hose,https://github.com/FinanceData/FinanceDataReader,2026-07-30T05:43:13.217013+00:00,2022-04-26,ae9c6402e416ea03b71af44220ca2b129c290bc20b3e783a1f892522f5b21e3e,finance-datareader-yahoo-hose-v2-business-day,real,VN000000STK5,,-0.0412698364627897,-0.017886148705039684,-0.0412698364627897,,no_event_raw_close,38145.013427136284,40102.78917290479,40355.40472218941,36629.317512022215,1.3411360559282908,corporate-actions-v2,blocked_unresolved_material_event,False
2020-06-26,SVC,19955.361328125,19955.361328125,19955.361328125,19955.361328125,17801.931640625,0.0,0.0,finance_datareader_yahoo_hose,https://github.com/FinanceData/FinanceDataReader,2026-07-30T05:42:30.111394+00:00,2020-06-27,13ba96a9c8a6531fd615be3334f93a6435b7ec6d8fb2aede9619dc435b7ba7e9,finance-datareader-yahoo-hose-v2-business-day,real,VN000000SVC8,,0.0,0.0527555371778643,0.0,,no_event_raw_close,19955.36132812499,19955.36132812499,19955.36132812499,19955.36132812499,0.9999999999999994,corporate-actions-v2,blocked_unresolved_material_event,False
2020-06-30,SVC,20089.291015625,21026.791015625,18535.71875,18750.00390625,16954.22265625,49130.0,921187691.9140625,finance_datareader_yahoo_hose,https://github.com/FinanceData/FinanceDataReader,2026-07-30T05:42:30.111394+00:00,2020-07-01,13ba96a9c8a6531fd615be3334f93a6435b7ec6d8fb2aede9619dc435b7ba7e9,finance-datareader-yahoo-hose-v2-business-day,real,VN000000SVC8,,-0.06040268587751274,-0.04761893268034356,-0.06040268587751274,,no_event_raw_close,19689.60122037248,21096.00247954177,22080.482335460423,19464.57783930527,1.0501118463132308,corporate-actions-v2,blocked_unresolved_material_event,False
2021-07-20,SVC,28571.427734375,28571.427734375,28571.427734375,28571.427734375,26162.025390625,0.0,0.0,finance_datareader_yahoo_hose,https://github.com/FinanceData/FinanceDataReader,2026-07-30T05:42:30.111394+00:00,2021-07-21,13ba96a9c8a6531fd615be3334f93a6435b7ec6d8fb2aede9619dc435b7ba7e9,finance-datareader-yahoo-hose-v2-business-day,real,VN000000SVC8,,0.0,0.012658230718985974,0.0,,no_event_raw_close,31053.306576262814,31053.306576262818,31053.306576262818,31053.306576262818,1.086865762010969,corporate-actions-v2,blocked_unresolved_material_event,False
2023-04-24,SVC,26071.427734375,26892.857421875,25714.28515625,26892.857421875,25207.783203125,1680.0,45180000.46875,finance_datareader_yahoo_hose,https://github.com/FinanceData/FinanceDataReader,2026-07-30T05:42:30.111394+00:00,2023-04-25,d26840406a5c2755090d11b8d33940ca2ee19718670e8bc9d8e45f9ff6f2a01a,finance-datareader-yahoo-hose-v2-business-day,real,VN000000SVC8,,0.017567545896298276,0.03150677256785328,0.017567545896298276,,no_event_raw_close,30593.87582570851,29659.400270928527,30593.875825708506,29253.107420904267,1.13762086883423,corporate-actions-v2,blocked_unresolved_material_event,False
2024-02-22,SVC,20500.0,20500.0,20500.0,20500.0,19553.796875,140.0,2870000.0,finance_datareader_yahoo_hose,https://github.com/FinanceData/FinanceDataReader,2026-07-30T05:42:30.111394+00:00,2024-02-23,13ba96a9c8a6531fd615be3334f93a6435b7ec6d8fb2aede9619dc435b7ba7e9,finance-datareader-yahoo-hose-v2-business-day,real,VN000000SVC8,,-0.006920428647809951,0.010563351137097055,-0.006920428647809951,,no_event_raw_close,23886.101833493325,23886.101833493325,23886.101833493325,23886.101833493325,1.1651756991947964,corporate-actions-v2,blocked_unresolved_material_event,False
2024-09-17,SVC,18142.857421875,18142.857421875,18107.142578125,18107.142578125,17604.166015625,1400.0,25349999.609375,finance_datareader_yahoo_hose,https://github.com/FinanceData/FinanceDataReader,2026-07-30T05:42:30.111394+00:00,2024-09-18,13ba96a9c8a6531fd615be3334f93a6435b7ec6d8fb2aede9619dc435b7ba7e9,finance-datareader-yahoo-hose-v2-business-day,real,VN000000SVC8,,-0.041587930623996794,-0.023121458702259456,-0.041587930623996794,,no_event_raw_close,21656.361740412616,21699.077125925003,21699.077125925003,21656.361740412616,1.1960121066575895,corporate-actions-v2,blocked_unresolved_material_event,False
2021-10-04,SVT,9039.909245064253,9039.909245064253,8188.1244224058955,8325.508605367646,6590.254358279553,276126.0,2298889389.165746,fdr_segment_scaled_by_cafef_crosscheck,https://cafef.vn/du-lieu/lich-su-giao-dich-hose/all-1.chn,2026-07-30T05:56:31.715999+00:00,2021-10-05,dd74cbef8a2401f853464281f533745eb0d7770d62da705ae355f2ef724d50df,fdr-cafef-segment-scale-v1,real,VN000000SVT2,,-0.15833332251881416,-0.05312496181564108,-0.15833332251881416,,no_event_raw_close,11009.726156363022,11954.455875808539,11954.455875808539,10828.048098682633,1.3224088374930991,corporate-actions-v2,blocked_unresolved_material_event,False
2024-09-10,SVT,9365.779581645762,9899.793329722057,9365.779581645762,9571.169484752028,8511.630368188757,25900.0,247893289.65507758,fdr_segment_scaled_by_cafef_crosscheck,https://cafef.vn/du-lieu/lich-su-giao-dich-hose/all-1.chn,2026-07-30T05:56:31.715999+00:00,2024-09-11,27282c9fe6d5234d6bd7ea375eb8cb252ae2e767dcf12e0edaf3b2b4d7bb97ca,fdr-cafef-segment-scale-v1,real,VN000000SVT2,,-0.14652014652014667,-0.041152260770924376,-0.14652014652014667,,no_event_raw_close,18654.96498199938,18254.6438450466,19295.478801123823,18254.6438450466,1.949078951294184,corporate-actions-v2,blocked_unresolved_material_event,False
2025-09-12,SVT,11091.054767738402,11091.054767738402,10762.430922768377,10926.74284525339,10926.74284525339,136400.0,1490407724.0925624,fdr_segment_scaled_by_cafef_crosscheck,https://cafef.vn/du-lieu/lich-su-giao-dich-hose/all-1.chn,2026-07-30T05:56:31.715999+00:00,2025-09-13,27282c9fe6d5234d6bd7ea375eb8cb252ae2e767dcf12e0edaf3b2b4d7bb97ca,fdr-cafef-segment-scale-v1,real,VN000000SVT2,,-0.018450184501845213,0.10373443983402475,-0.018450184501845213,,no_event_raw_close,24166.76161343889,24530.171562513162,24530.171562513162,23803.351664364625,2.2117077298965637,corporate-actions-v2,blocked_unresolved_material_event,False
2020-08-28,SZC,19224.794921875,19224.794921875,18882.716796875,18916.923828125,16764.6484375,2151364.0,40697188914.57031,finance_datareader_yahoo_hose,https://github.com/FinanceData/FinanceDataReader,2026-07-30T05:41:40.021069+00:00,2020-08-29,43fd8ff1e290fa7e0a915f9ec00dcc48b9695702d447878fff5d17ad2fdd90eb,finance-datareader-yahoo-hose-v2-business-day,real,VN000000SZC9,,-0.029824575462201075,0.005454415963760395,-0.029824575462201075,,no_event_raw_close,18916.92382812497,19224.79492187497,19224.79492187497,18882.71679687497,0.9999999999999984,corporate-actions-v2,blocked_unresolved_material_event,False
2021-09-20,SZC,32086.93359375,32360.59765625,31471.193359375,31676.439453125,28677.458984375,1335221.0,42295047163.041016,finance_datareader_yahoo_hose,https://github.com/FinanceData/FinanceDataReader,2026-07-30T05:41:40.021069+00:00,2021-09-21,ead993332371ec6e061075a19e9a6f9d980c5940dc12e420fe4474fb6b46e004,finance-datareader-yahoo-hose-v2-business-day,real,VN000000SZC9,,-0.023206759186863324,-0.0021552104947395456,-0.023206759186863324,,no_event_raw_close,32653.232693938106,33076.3850723221,33358.488000146564,32441.657511422465,1.0308365857298631,corporate-actions-v2,blocked_unresolved_material_event,False
2022-08-31,SZC,37765.43359375,38654.8359375,37218.10546875,37286.5234375,34375.7890625,2118083.0,78975951422.07031,finance_datareader_yahoo_hose,https://github.com/FinanceData/FinanceDataReader,2026-07-30T05:41:40.021069+00:00,2022-09-01,43fd8ff1e290fa7e0a915f9ec00dcc48b9695702d447878fff5d17ad2fdd90eb,finance-datareader-yahoo-hose-v2-business-day,real,VN000000SZC9,,-0.018018014310795305,0.0,-0.018018014310795305,,no_event_raw_close,39448.575471425094,39955.255142822396,40896.22931384414,39376.19029965225,1.0579848115244412,corporate-actions-v2,blocked_unresolved_material_event,False
2022-09-01,SZC,37218.10546875,37560.18359375,36602.3671875,36876.02734375,34934.25390625,939843.0,34657676166.83203,finance_datareader_yahoo_hose,https://github.com/FinanceData/FinanceDataReader,2026-07-30T05:41:40.021069+00:00,2022-09-02,43fd8ff1e290fa7e0a915f9ec00dcc48b9695702d447878fff5d17ad2fdd90eb,finance-datareader-yahoo-hose-v2-business-day,real,VN000000SZC9,,-0.0110092348630485,0.016245877083276072,-0.0110092348630485,,no_event_raw_close,39014.27683904749,39376.19029965225,39738.10376025701,38724.74855021558,1.0579848115244412,corporate-actions-v2,blocked_unresolved_material_event,False
2024-04-25,SZC,39250.0,41000.0,39100.0,39850.0,38732.1875,1385800.0,55224130000.0,finance_datareader_yahoo_hose,https://github.com/FinanceData/FinanceDataReader,2026-07-30T05:41:40.021069+00:00,2024-04-26,43fd8ff1e290fa7e0a915f9ec00dcc48b9695702d447878fff5d17ad2fdd90eb,finance-datareader-yahoo-hose-v2-business-day,real,VN000000SZC9,,0.008860759493670933,0.03506496245015667,0.008860759493670933,,no_event_raw_close,51873.66491968369,51092.631068948176,53370.64646692676,50897.372606264296,1.3017230845591892,corporate-actions-v2,blocked_unresolved_material_event,False
2025-09-05,SZC,35750.0,35900.0,35350.0,35650.0,35650.0,1404100.0,50056165000.0,finance_datareader_yahoo_hose,https://github.com/FinanceData/FinanceDataReader,2026-07-30T05:41:40.021069+00:00,2025-09-06,43fd8ff1e290fa7e0a915f9ec00dcc48b9695702d447878fff5d17ad2fdd90eb,finance-datareader-yahoo-hose-v2-business-day,real,VN000000SZC9,,0.0,0.02886002886002892,0.0,,no_event_raw_close,47708.15104909409,47841.974754701645,48042.710313112984,47306.67993227142,1.3382370560755705,corporate-actions-v2,blocked_unresolved_material_event,False
2020-09-08,SZL,34733.33203125,35066.66796875,34333.33203125,34333.33203125,24644.58203125,171405.0,5884904776.816406,finance_datareader_yahoo_hose,https://github.com/FinanceData/FinanceDataReader,2026-07-30T05:43:15.340977+00:00,2020-09-09,2601c98013bdf0bf766ab28b71e1b1df68f1f0779a3554a5c7176fa90595d31d,finance-datareader-yahoo-hose-v2-business-day,real,VN000000SZL0,,-0.060218980248452514,-0.005791500771892832,-0.060218980248452514,,no_event_raw_close,37152.67509050462,37585.52180700377,37946.23022209888,37152.67509050462,1.082116791247889,corporate-actions-v2,blocked_unresolved_material_event,False
2021-09-13,SZL,36666.66796875,36666.66796875,36066.66796875,36133.33203125,27353.9296875,24000.0,867199968.75,finance_datareader_yahoo_hose,https://github.com/FinanceData/FinanceDataReader,2026-07-30T05:43:15.340977+00:00,2021-09-14,7349a0bb180c5e719ada9610c5d6294a9639de22d1f4f10b8105498ce832c407,finance-datareader-yahoo-hose-v2-business-day,real,VN000000SZL0,,-0.06390331525259063,-0.01275051649178649,-0.06390331525259063,,no_event_raw_close,42139.383137140736,42761.369711522566,42761.369711522566,42061.638232000616,1.1662191325365838,corporate-actions-v2,blocked_unresolved_material_event,False
2022-09-13,SZL,38333.33203125,38333.33203125,35666.66796875,37933.33203125,30714.255859375,20700.0,785219973.046875,finance_datareader_yahoo_hose,https://github.com/FinanceData/FinanceDataReader,2026-07-30T05:43:15.340977+00:00,2022-09-14,2601c98013bdf0bf766ab28b71e1b1df68f1f0779a3554a5c7176fa90595d31d,finance-datareader-yahoo-hose-v2-business-day,real,VN000000SZL0,,-0.07479677972560972,-0.010434807888784037,-0.07479677972560972,,no_event_raw_close,48554.53636358051,49066.53500713316,49066.53500713316,45653.21405010668,1.2799966088816195,corporate-actions-v2,blocked_unresolved_material_event,False
2022-11-11,SZL,32000.0,32000.0,32000.0,32000.0,26461.37109375,300.0,9600000.0,finance_datareader_yahoo_hose,https://github.com/FinanceData/FinanceDataReader,2026-07-30T05:43:15.340977+00:00,2022-11-12,2601c98013bdf0bf766ab28b71e1b1df68f1f0779a3554a5c7176fa90595d31d,finance-datareader-yahoo-hose-v2-business-day,real,VN000000SZL0,,0.0,0.021276547629242026,0.0,,no_event_raw_close,42239.888093093425,42239.888093093425,42239.888093093425,42239.888093093425,1.3199965029091696,corporate-actions-v2,blocked_unresolved_material_event,False
2023-06-01,SZL,34333.33203125,36000.0,34333.33203125,36000.0,31422.876953125,9000.0,324000000.0,finance_datareader_yahoo_hose,https://github.com/FinanceData/FinanceDataReader,2026-07-30T05:43:15.340977+00:00,2023-06-02,2601c98013bdf0bf766ab28b71e1b1df68f1f0779a3554a5c7176fa90595d31d,finance-datareader-yahoo-hose-v2-business-day,real,VN000000SZL0,,-0.052631578947368474,0.0,-0.052631578947368474,,no_event_raw_close,51271.44311299826,48897.76333666432,51271.44311299826,48897.76333666432,1.4242067531388407,corporate-actions-v2,blocked_unresolved_material_event,False
2023-10-30,SZL,33666.66796875,34266.66796875,33333.33203125,34266.66796875,30629.203125,4800.0,164480006.25,finance_datareader_yahoo_hose,https://github.com/FinanceData/FinanceDataReader,2026-07-30T05:43:15.340977+00:00,2023-10-31,7349a0bb180c5e719ada9610c5d6294a9639de22d1f4f10b8105498ce832c407,finance-datareader-yahoo-hose-v2-business-day,real,VN000000SZL0,,0.005870841262886728,0.03006009654700037,0.005870841262886728,,no_event_raw_close,50521.90158255457,49637.27688028772,50521.90158255457,49145.81487284475,1.4743745037780964,corporate-actions-v2,blocked_unresolved_material_event,False
2024-09-23,SZL,40500.0,41100.0,40300.0,40800.0,38278.88671875,4200.0,171360000.0,finance_datareader_yahoo_hose,https://github.com/FinanceData/FinanceDataReader,2026-07-30T05:43:15.340977+00:00,2024-09-24,7349a0bb180c5e719ada9610c5d6294a9639de22d1f4f10b8105498ce832c407,finance-datareader-yahoo-hose-v2-business-day,real,VN000000SZL0,,-0.03546099290780147,0.012406882518941176,-0.03546099290780147,,no_event_raw_close,62998.66319405865,62535.43772939646,63461.88865872085,62226.620752954994,1.5440848822073199,corporate-actions-v2,blocked_unresolved_material_event,False
2025-08-29,SZL,48550.0,48700.0,48050.0,48150.0,48150.0,23300.0,1121895000.0,finance_datareader_yahoo_hose,https://github.com/FinanceData/FinanceDataReader,2026-07-30T05:43:15.340977+00:00,2025-08-30,2601c98013bdf0bf766ab28b71e1b1df68f1f0779a3554a5c7176fa90595d31d,finance-datareader-yahoo-hose-v2-business-day,real,VN000000SZL0,,-0.008238928939237944,0.05708013172338089,-0.008238928939237944,,no_event_raw_close,78941.77690804242,79597.57567778732,79843.50021644165,78777.8272156062,1.6394969243622517,corporate-actions-v2,blocked_unresolved_material_event,False
2020-08-28,TBC,24300.0,24350.0,24000.0,24000.0,15386.8349609375,11950.0,286800000.0,finance_datareader_yahoo_hose,https://github.com/FinanceData/FinanceDataReader,2026-07-30T05:42:11.916258+00:00,2020-08-29,66ff67d313237c09c1a49fdec843a7c8c616ec8ecc541a91724720293d1e5f8d,finance-datareader-yahoo-hose-v2-business-day,real,VN000000TBC8,,-0.0874524714828897,-0.012345710741210936,-0.0874524714828897,,no_event_raw_close,25825.09505703422,26147.908745247147,26201.71102661597,25825.09505703422,1.0760456273764258,corporate-actions-v2,blocked_unresolved_material_event,False
2021-02-09,TBC,25600.0,25600.0,25000.0,25000.0,16660.216796875,1800.0,45000000.0,finance_datareader_yahoo_hose,https://github.com/FinanceData/FinanceDataReader,2026-07-30T05:42:11.916258+00:00,2021-02-10,66ff67d313237c09c1a49fdec843a7c8c616ec8ecc541a91724720293d1e5f8d,finance-datareader-yahoo-hose-v2-business-day,real,VN000000TBC8,,-0.05123339658444026,-0.013806770648591371,-0.05123339658444026,,no_event_raw_close,26901.14068441066,27546.76806083652,27546.76806083652,26901.140684410664,1.0760456273764265,corporate-actions-v2,blocked_unresolved_material_event,False
2021-09-10,TBC,30500.0,30500.0,29000.0,29400.0,20578.611328125,12300.0,361620000.0,finance_datareader_yahoo_hose,https://github.com/FinanceData/FinanceDataReader,2026-07-30T05:42:11.916258+00:00,2021-09-11,66ff67d313237c09c1a49fdec843a7c8c616ec8ecc541a91724720293d1e5f8d,finance-datareader-yahoo-hose-v2-business-day,real,VN000000TBC8,,-0.060702875399361034,-0.013422881006779241,-0.060702875399361034,,no_event_raw_close,33151.831290467606,34392.20593058714,34392.20593058714,32700.78596678777,1.1276133091995784,corporate-actions-v2,blocked_unresolved_material_event,False
2022-01-03,TBC,30800.0,30800.0,30100.0,30100.0,21772.0390625,2600.0,78260000.0,finance_datareader_yahoo_hose,https://github.com/FinanceData/FinanceDataReader,2026-07-30T05:42:11.916258+00:00,2022-01-04,6599cd7c7b3cf1a8bd0152088551d9e97159f86e1605f7555b14f12c648d8eea,finance-datareader-yahoo-hose-v2-business-day,real,VN000000TBC8,,-0.02746365105008075,0.005008324668471564,-0.02746365105008075,,no_event_raw_close,35037.8055376636,35852.638224586,35852.638224586,35037.8055376636,1.1640466956034417,corporate-actions-v2,blocked_unresolved_material_event,False
2022-08-30,TBC,31400.0,31600.0,31000.0,31600.0,23948.919921875,5000.0,158000000.0,finance_datareader_yahoo_hose,https://github.com/FinanceData/FinanceDataReader,2026-07-30T05:42:11.916258+00:00,2022-08-31,66ff67d313237c09c1a49fdec843a7c8c616ec8ecc541a91724720293d1e5f8d,finance-datareader-yahoo-hose-v2-business-day,real,VN000000TBC8,,-0.03951367781155013,0.006369374998409727,-0.03951367781155013,,no_event_raw_close,38460.95197534242,38217.52822866304,38460.95197534242,37730.680735304275,1.217118733396912,corporate-actions-v2,blocked_unresolved_material_event,False
2022-12-06,TBC,30000.0,30000.0,28600.0,28850.0,22995.69140625,14800.0,426980000.0,finance_datareader_yahoo_hose,https://github.com/FinanceData/FinanceDataReader,2026-07-30T05:42:11.916258+00:00,2022-12-07,66ff67d313237c09c1a49fdec843a7c8c616ec8ecc541a91724720293d1e5f8d,finance-datareader-yahoo-hose-v2-business-day,real,VN000000TBC8,,-0.0540983606557377,-0.005172534271408735,-0.0540983606557377,,no_event_raw_close,36840.78736629603,38309.31095282082,38309.31095282082,36521.54310835585,1.276977031760694,corporate-actions-v2,blocked_unresolved_material_event,False
2023-05-31,TBC,34900.0,35000.0,34900.0,34950.0,29051.77734375,4500.0,157275000.0,finance_datareader_yahoo_hose,https://github.com/FinanceData/FinanceDataReader,2026-07-30T05:42:11.916258+00:00,2023-06-01,66ff67d313237c09c1a49fdec843a7c8c616ec8ecc541a91724720293d1e5f8d,finance-datareader-yahoo-hose-v2-business-day,real,VN000000TBC8,,-0.042465753424657526,-0.0014284574941587636,-0.042465753424657526,,no_event_raw_close,46464.47112003776,46397.998343041996,46530.94389703352,46397.998343041996,1.3294555399152435,corporate-actions-v2,blocked_unresolved_material_event,False
2023-12-28,TBC,36800.0,38500.0,36700.0,38500.0,32844.84375,2900.0,111650000.0,finance_datareader_yahoo_hose,https://github.com/FinanceData/FinanceDataReader,2026-07-30T05:42:11.916258+00:00,2023-12-29,66ff67d313237c09c1a49fdec843a7c8c616ec8ecc541a91724720293d1e5f8d,finance-datareader-yahoo-hose-v2-business-day,real,VN000000TBC8,,-0.012820512820512775,0.013157657710035187,-0.012820512820512775,,no_event_raw_close,52496.449524858326,50178.424480903544,52496.449524858326,50042.070066553264,1.3635441435028137,corporate-actions-v2,blocked_unresolved_material_event,False
2024-06-20,TBC,41500.0,41500.0,41500.0,41500.0,36278.359375,0.0,0.0,finance_datareader_yahoo_hose,https://github.com/FinanceData/FinanceDataReader,2026-07-30T05:42:11.916258+00:00,2024-06-21,66ff67d313237c09c1a49fdec843a7c8c616ec8ecc541a91724720293d1e5f8d,finance-datareader-yahoo-hose-v2-business-day,real,VN000000TBC8,,0.0,0.024691313074207466,0.0,,no_event_raw_close,57950.62609886959,57950.626098869594,57950.626098869594,57950.626098869594,1.3964006288884239,corporate-actions-v2,blocked_unresolved_material_event,False
2024-09-12,TBC,38200.0,40500.0,38200.0,39500.0,35373.23046875,24600.0,971700000.0,finance_datareader_yahoo_hose,https://github.com/FinanceData/FinanceDataReader,2026-07-30T05:42:11.916258+00:00,2024-09-13,66ff67d313237c09c1a49fdec843a7c8c616ec8ecc541a91724720293d1e5f8d,finance-datareader-yahoo-hose-v2-business-day,real,VN000000TBC8,,-0.05840286054827171,-0.03540915727547833,-0.05840286054827171,,no_event_raw_close,56472.67167878265,54614.07742099993,57902.359569384746,54614.07742099993,1.4296878906020924,corporate-actions-v2,blocked_unresolved_material_event,False
2024-12-30,TBC,40050.0,40050.0,40000.0,40000.0,36252.05859375,1100.0,44000000.0,finance_datareader_yahoo_hose,https://github.com/FinanceData/FinanceDataReader,2026-07-30T05:42:11.916258+00:00,2024-12-31,6599cd7c7b3cf1a8bd0152088551d9e97159f86e1605f7555b14f12c648d8eea,finance-datareader-yahoo-hose-v2-business-day,real,VN000000TBC8,,-0.04875148632580262,-0.03730431053637573,-0.04875148632580262,,no_event_raw_close,57867.50986456033,57939.84425189103,57939.84425189103,57867.50986456033,1.4466877466140082,corporate-actions-v2,blocked_unresolved_material_event,False
2025-05-20,TBC,40000.0,40000.0,40000.0,40000.0,36710.94140625,0.0,0.0,finance_datareader_yahoo_hose,https://github.com/FinanceData/FinanceDataReader,2026-07-30T05:42:11.916258+00:00,2025-05-21,66ff67d313237c09c1a49fdec843a7c8c616ec8ecc541a91724720293d1e5f8d,finance-datareader-yahoo-hose-v2-business-day,real,VN000000TBC8,,0.0,0.012658117367688293,0.0,,no_event_raw_close,58590.85373786733,58590.85373786733,58590.85373786733,58590.85373786733,1.4647713434466831,corporate-actions-v2,blocked_unresolved_material_event,False
2025-12-05,TBC,38000.0,38000.0,37650.0,37650.0,35496.98828125,300.0,11295000.0,finance_datareader_yahoo_hose,https://github.com/FinanceData/FinanceDataReader,2026-07-30T05:42:11.916258+00:00,2025-12-06,66ff67d313237c09c1a49fdec843a7c8c616ec8ecc541a91724720293d1e5f8d,finance-datareader-yahoo-hose-v2-business-day,real,VN000000TBC8,,0.0,0.027285168623361722,0.0,,no_event_raw_close,56613.41242421431,57139.69912669704,57139.69912669704,56613.41242421431,1.503676292807817,corporate-actions-v2,blocked_unresolved_material_event,False
2024-05-22,TCB,48100.0,48200.0,47050.0,47200.0,45035.25,11258500.0,531401200000.0,finance_datareader_yahoo_hose,https://github.com/FinanceData/FinanceDataReader,2026-07-30T05:38:05.808364+00:00,2024-05-23,e444508ec301e3eaac2a686b36122e467c0d81bc3ac65c3a56b5c5cbd5e26db7,finance-datareader-yahoo-hose-v2-business-day,real,VN000000TCB8,,-0.05030181086519114,-0.03575082896485071,-0.05030181086519114,,no_event_raw_close,48624.54728370256,49551.71026156977,49654.72837022169,48470.020120724694,1.030181086519122,corporate-actions-v2,blocked_unresolved_material_event,False
2025-10-01,TCB,76593.54071326913,76990.39843717207,76196.68298936618,76891.18400619634,75308.13249757684,10121500.0,778254118918.7162,fdr_segment_scaled_by_cafef_crosscheck,https://cafef.vn/du-lieu/lich-su-giao-dich-hose/all-1.chn,2026-07-30T05:38:05.808364+00:00,2025-10-02,384fbc5c169db6529ddb193ef2e9419e34c7bd95c5bf30fed4f41c54fa73afb9,fdr-cafef-segment-scale-v1,real,VN000000TCB8,,0.0,0.026490129196564016,0.0,,no_event_raw_close,80242.02456976414,79931.41028110699,80345.56266598318,79517.25789623077,1.0435789955230468,corporate-actions-v2,blocked_unresolved_material_event,False
2020-07-10,TCH,13477.630859375,13740.6083984375,13379.013671875,13674.8642578125,10884.0556640625,5329568.0,72881118952.78125,finance_datareader_yahoo_hose,https://github.com/FinanceData/FinanceDataReader,2026-07-30T05:39:55.204225+00:00,2020-07-11,81eda42e7e497d9df024b51e3e83b065bfc921bac1c50f411f6563f59c9abdbb,finance-datareader-yahoo-hose-v2-business-day,real,VN000000TCH5,,0.0024096238922215463,0.029703040732373065,0.0024096238922215463,,no_event_raw_close,13674.86425781249,13477.63085937499,13740.60839843749,13379.01367187499,0.9999999999999993,corporate-actions-v2,blocked_unresolved_material_event,False
2020-12-30,TCH,13148.908203125,13346.1416015625,13148.908203125,13247.5244140625,10808.8515625,7441515.0,98581651640.1123,finance_datareader_yahoo_hose,https://github.com/FinanceData/FinanceDataReader,2026-07-30T05:39:55.204225+00:00,2020-12-31,81eda42e7e497d9df024b51e3e83b065bfc921bac1c50f411f6563f59c9abdbb,finance-datareader-yahoo-hose-v2-business-day,real,VN000000TCH5,,-0.012254900711538008,0.012562964627284012,-0.012254900711538008,,no_event_raw_close,13247.524414062493,13148.908203124993,13346.141601562493,13148.908203124993,0.9999999999999994,corporate-actions-v2,blocked_unresolved_material_event,False
2022-07-25,TCH,9721.25390625,9804.341796875,9555.0791015625,9555.0791015625,7997.75390625,2751672.0,26292443621.554688,finance_datareader_yahoo_hose,https://github.com/FinanceData/FinanceDataReader,2026-07-30T05:39:55.204225+00:00,2022-07-26,c02977b14a5e06836c9ca3f76b3d341ba74dc50f336790c81dfd9f912c8632ff,finance-datareader-yahoo-hose-v2-business-day,real,VN000000TCH5,,-0.03361344620813522,-0.008620775748160114,-0.03361344620813522,,no_event_raw_close,9555.079101562485,9721.253906249985,9804.341796874985,9555.079101562485,0.9999999999999984,corporate-actions-v2,blocked_unresolved_material_event,False
2022-12-02,TCH,6971.05322265625,6971.05322265625,6480.83642578125,6505.7626953125,6272.5810546875,13010959.0,84646211692.44043,finance_datareader_yahoo_hose,https://github.com/FinanceData/FinanceDataReader,2026-07-30T05:39:55.204225+00:00,2022-12-03,81eda42e7e497d9df024b51e3e83b065bfc921bac1c50f411f6563f59c9abdbb,finance-datareader-yahoo-hose-v2-business-day,real,VN000000TCH5,,-0.13956041500617566,-0.008860750996964706,-0.13956041500617566,,no_event_raw_close,6505.762695312495,6971.053222656245,6971.053222656245,6480.836425781245,0.9999999999999993,corporate-actions-v2,blocked_unresolved_material_event,False
2023-09-01,TCH,11383.0068359375,11383.0068359375,11009.11328125,11050.65625,11050.65625,15740246.0,173940047836.4375,finance_datareader_yahoo_hose,https://github.com/FinanceData/FinanceDataReader,2026-07-30T05:39:55.204225+00:00,2023-09-02,81eda42e7e497d9df024b51e3e83b065bfc921bac1c50f411f6563f59c9abdbb,finance-datareader-yahoo-hose-v2-business-day,real,VN000000TCH5,,-0.04659503522818953,-0.011152449492047634,-0.04659503522818953,,no_event_raw_close,11050.656250000002,11383.006835937502,11383.006835937502,11009.113281250002,1.0000000000000002,corporate-actions-v2,blocked_unresolved_material_event,False
2020-03-25,TCL,14500.0,16100.0,14500.0,15300.0,7775.6181640625,11000.0,168300000.0,finance_datareader_yahoo_hose,https://github.com/FinanceData/FinanceDataReader,2026-07-30T05:43:54.426725+00:00,2020-03-26,1ea041ab636960b4d8f999927b5066add311468edf9e00127a32a53a01093954,finance-datareader-yahoo-hose-v2-business-day,real,VN000000TCL7,,-0.11046511627906974,0.006579044262076339,-0.11046511627906974,,no_event_raw_close,15300.000000000007,14500.000000000007,16100.000000000007,14500.000000000007,1.0000000000000004,corporate-actions-v2,blocked_unresolved_material_event,False
2020-06-29,TCL,25501.160599619398,25550.58145349463,25105.793768617543,25352.898037993702,13899.141214142172,50420.0,1278293119.0756426,fdr_segment_scaled_by_cafef_crosscheck,https://cafef.vn/du-lieu/lich-su-giao-dich-hose/all-1.chn,2026-07-30T05:43:54.426725+00:00,2020-06-30,d35b884e37fdd7e884a4ed06c82cf397a79da7a938f4bab11980aae0dd4e5f7d,fdr-cafef-segment-scale-v1,real,VN000000TCL7,,-0.06386861313868608,0.00984251319660201,-0.06386861313868608,,no_event_raw_close,25352.898037993706,25501.160599619405,25550.581453494637,25105.79376861755,1.0000000000000002,corporate-actions-v2,blocked_unresolved_material_event,False
2020-10-28,TCL,26193.052553872636,27576.836462379113,26193.052553872636,26588.419384874487,16143.848945418862,170900.0,4543960872.87505,fdr_segment_scaled_by_cafef_crosscheck,https://cafef.vn/du-lieu/lich-su-giao-dich-hose/all-1.chn,2026-07-30T05:43:54.426725+00:00,2020-10-29,750033c871517da486f87259e96a2b91ac700e9c700f40cb66c4dddd4b8e0258,fdr-cafef-segment-scale-v1,real,VN000000TCL7,,-0.12944983818770228,-0.03584250631442909,-0.12944983818770228,,no_event_raw_close,26588.419384874494,26193.052553872643,27576.83646237912,26193.052553872643,1.0000000000000002,corporate-actions-v2,blocked_unresolved_material_event,False
2021-07-16,TCL,31629.34648014809,33111.97209640503,31629.34648014809,32024.71331114994,22230.399687059777,307700.0,9854004285.840837,fdr_segment_scaled_by_cafef_crosscheck,https://cafef.vn/du-lieu/lich-su-giao-dich-hose/all-1.chn,2026-07-30T05:43:54.426725+00:00,2021-07-17,750033c871517da486f87259e96a2b91ac700e9c700f40cb66c4dddd4b8e0258,fdr-cafef-segment-scale-v1,real,VN000000TCL7,,-0.18796992481203023,-0.07163332883742723,-0.18796992481203023,,no_event_raw_close,36084.8636870898,35639.37154280474,37309.96708387371,35639.37154280474,1.1267817868185646,corporate-actions-v2,blocked_unresolved_material_event,False
2022-08-30,TCL,37658.69065292632,37658.69065292632,35583.0147901666,36867.95699092262,28369.877074397697,250800.0,9246483613.323393,fdr_segment_scaled_by_cafef_crosscheck,https://cafef.vn/du-lieu/lich-su-giao-dich-hose/all-1.chn,2026-07-30T05:43:54.426725+00:00,2022-08-31,750033c871517da486f87259e96a2b91ac700e9c700f40cb66c4dddd4b8e0258,fdr-cafef-segment-scale-v1,real,VN000000TCL7,,-0.13053613053613056,-0.03617569212179139,-0.13053613053613056,,no_event_raw_close,45656.865874698204,46636.10160391425,46636.10160391425,44065.60781472212,1.2383888232792375,corporate-actions-v2,blocked_unresolved_material_event,False
2023-08-15,TCL,37806.95321455201,37806.95321455201,36571.43186767123,36620.85272154646,29844.296126208403,126300.0,4625213698.7313175,fdr_segment_scaled_by_cafef_crosscheck,https://cafef.vn/du-lieu/lich-su-giao-dich-hose/all-1.chn,2026-07-30T05:43:54.426725+00:00,2023-08-16,750033c871517da486f87259e96a2b91ac700e9c700f40cb66c4dddd4b8e0258,fdr-cafef-segment-scale-v1,real,VN000000TCL7,,-0.07374999999999998,-0.019036761095047594,-0.07374999999999998,,no_event_raw_close,47909.94032102986,49461.67927879602,49461.67927879602,47845.28453112295,1.3082693809814345,corporate-actions-v2,blocked_unresolved_material_event,False
2024-06-20,TCL,36867.95699092262,36867.95699092262,35583.0147901666,35780.698205667526,31024.271136036376,72900.0,2608412899.193163,fdr_segment_scaled_by_cafef_crosscheck,https://cafef.vn/du-lieu/lich-su-giao-dich-hose/all-1.chn,2026-07-30T05:43:54.426725+00:00,2024-06-21,750033c871517da486f87259e96a2b91ac700e9c700f40cb66c4dddd4b8e0258,fdr-cafef-segment-scale-v1,real,VN000000TCL7,,-0.06459948320413433,-0.004783619035540032,-0.06459948320413433,,no_event_raw_close,49657.248011524105,51166.169912426776,51166.169912426776,49382.89857499635,1.3878222198486498,corporate-actions-v2,blocked_unresolved_material_event,False
2025-04-22,TCL,34594.59771266198,34594.59771266198,33408.49721965642,33507.33892740688,31065.112838559202,184000.0,6165350362.642865,fdr_segment_scaled_by_cafef_crosscheck,https://cafef.vn/du-lieu/lich-su-giao-dich-hose/all-1.chn,2026-07-30T05:43:54.426725+00:00,2025-04-23,750033c871517da486f87259e96a2b91ac700e9c700f40cb66c4dddd4b8e0258,fdr-cafef-segment-scale-v1,real,VN000000TCL7,,-0.07123287671232859,-0.00691352225089592,-0.07123287671232859,,no_event_raw_close,49549.33956185992,51157.135240858326,51157.135240858326,49403.1763183146,1.4787608072729312,corporate-actions-v2,blocked_unresolved_material_event,False
2020-02-27,TCM,8983.18359375,9327.744140625,8983.18359375,8983.18359375,8171.44873046875,660159.0,5930329498.066406,finance_datareader_yahoo_hose,https://github.com/FinanceData/FinanceDataReader,2026-07-30T05:42:17.160964+00:00,2020-02-28,2faf2e5a3075b4156faf18637b7f2bce68671bc95c7b9693dd840bc9a3bec3e1,finance-datareader-yahoo-hose-v2-business-day,real,VN000000TCM5,,-0.05684764059652869,-0.031830409215307776,-0.05684764059652869,,no_event_raw_close,9454.759773451737,9454.759773451739,9817.408178008318,9454.759773451739,1.0524954404839097,corporate-actions-v2,blocked_unresolved_material_event,False
2021-01-08,TCM,28704.349609375,28967.69140625,27861.65234375,28967.69140625,26817.25390625,164861.0,4775642572.925781,finance_datareader_yahoo_hose,https://github.com/FinanceData/FinanceDataReader,2026-07-30T05:42:17.160964+00:00,2021-01-09,2faf2e5a3075b4156faf18637b7f2bce68671bc95c7b9693dd840bc9a3bec3e1,finance-datareader-yahoo-hose-v2-business-day,real,VN000000TCM5,,0.00917428196279313,0.02706473130801279,0.00917428196279313,,no_event_raw_close,30488.363126422995,30211.19708592322,30488.363126422995,29324.26205614465,1.0524954404839075,corporate-actions-v2,blocked_unresolved_material_event,False
2023-03-31,TCM,35871.87890625,35871.87890625,34548.44921875,34966.375,33115.7265625,1107184.0,38714210938.0,finance_datareader_yahoo_hose,https://github.com/FinanceData/FinanceDataReader,2026-07-30T05:42:17.160964+00:00,2023-04-01,2faf2e5a3075b4156faf18637b7f2bce68671bc95c7b9693dd840bc9a3bec3e1,finance-datareader-yahoo-hose-v2-business-day,real,VN000000TCM5,,0.0040000094215515425,0.01825566239023657,0.0040000094215515425,,no_event_raw_close,37404.31790529819,38372.95580310327,38372.95580310327,36957.25329586426,1.0697224949769082,corporate-actions-v2,blocked_unresolved_material_event,False
2025-03-20,TCM,35064.93359375,35541.125,34935.06640625,35151.515625,33700.046875,2470198.0,86831203593.84375,finance_datareader_yahoo_hose,https://github.com/FinanceData/FinanceDataReader,2026-07-30T05:42:17.160964+00:00,2025-03-21,2faf2e5a3075b4156faf18637b7f2bce68671bc95c7b9693dd840bc9a3bec3e1,finance-datareader-yahoo-hose-v2-business-day,real,VN000000TCM5,,-0.014563105201343629,-0.002456968933547854,-0.014563105201343629,,no_event_raw_close,38129.439003467916,38035.52202092406,38552.05483197792,37894.65290287068,1.0847167846256391,corporate-actions-v2,blocked_unresolved_material_event,False
2020-06-26,TCO,9300.0,10700.0,9300.0,10700.0,10060.7236328125,40.0,428000.0,finance_datareader_yahoo_hose,https://github.com/FinanceData/FinanceDataReader,2026-07-30T05:44:36.987298+00:00,2020-06-27,9e0a8e51eab070f646f9179a575412bc8bb5638685bdcf2d7bf2166341dcaaa9,finance-datareader-yahoo-hose-v2-business-day,real,VN000000TCO1,,0.028846153846153744,0.05203821419293275,0.028846153846153744,,no_event_raw_close,11111.538461538454,9657.6923076923,11111.538461538454,9657.6923076923,1.0384615384615377,corporate-actions-v2,blocked_unresolved_material_event,False
2020-11-09,TCO,9770.0,11200.0,9770.0,9770.0,9432.0185546875,4120.0,40252400.0,finance_datareader_yahoo_hose,https://github.com/FinanceData/FinanceDataReader,2026-07-30T05:44:36.987298+00:00,2020-11-10,486fe29205e3a450a03644eb633ae851e62d75699b0ddbc942daa088f7a40f05,finance-datareader-yahoo-hose-v2-business-day,real,VN000000TCO1,,-0.11181818181818182,-0.08805936270952408,-0.11181818181818182,,no_event_raw_close,10145.769230769225,10145.769230769225,11630.769230769225,10145.769230769225,1.0384615384615379,corporate-actions-v2,blocked_unresolved_material_event,False
2021-10-25,TCO,28850.0,28850.0,27100.0,27900.0,27260.34765625,367300.0,10247670000.0,finance_datareader_yahoo_hose,https://github.com/FinanceData/FinanceDataReader,2026-07-30T05:44:36.987298+00:00,2021-10-26,486fe29205e3a450a03644eb633ae851e62d75699b0ddbc942daa088f7a40f05,finance-datareader-yahoo-hose-v2-business-day,real,VN000000TCO1,,-0.03125,-0.019542350939303565,-0.03125,,no_event_raw_close,29576.68269230764,30583.774038461484,30583.774038461484,28728.60576923072,1.060096153846152,corporate-actions-v2,blocked_unresolved_material_event,False
2022-11-21,TCO,9500.0,9600.0,9220.0,9590.0,9590.0,189100.0,1813469000.0,finance_datareader_yahoo_hose,https://github.com/FinanceData/FinanceDataReader,2026-07-30T05:44:36.987298+00:00,2022-11-22,486fe29205e3a450a03644eb633ae851e62d75699b0ddbc942daa088f7a40f05,finance-datareader-yahoo-hose-v2-business-day,real,VN000000TCO1,,-0.041000000000000036,-0.018497423997506868,-0.041000000000000036,,no_event_raw_close,10572.974999999982,10473.749999999982,10583.999999999982,10165.049999999981,1.102499999999998,corporate-actions-v2,blocked_unresolved_material_event,False
2020-10-29,TCT,28000.0,28000.0,25600.0,26700.0,24135.66796875,65650.0,1752855000.0,finance_datareader_yahoo_hose,https://github.com/FinanceData/FinanceDataReader,2026-07-30T05:56:19.942694+00:00,2020-10-30,3f80af8c946e82236368a2b0b5e42dc8affe93ea66951331959556ceed9d7c7b,finance-datareader-yahoo-hose-v2-business-day,real,VN000000TCT0,,-0.07612456747404839,-0.0255474141737847,-0.07612456747404839,,no_event_raw_close,26700.000000000015,28000.00000000001,28000.00000000001,25600.00000000001,1.0000000000000004,corporate-actions-v2,blocked_unresolved_material_event,False
2021-11-25,TCT,35900.0,37650.0,34800.0,37600.0,34471.59765625,178200.0,6700320000.0,finance_datareader_yahoo_hose,https://github.com/FinanceData/FinanceDataReader,2026-07-30T05:56:19.942694+00:00,2021-11-26,3f80af8c946e82236368a2b0b5e42dc8affe93ea66951331959556ceed9d7c7b,finance-datareader-yahoo-hose-v2-business-day,real,VN000000TCT0,,0.053221288515406195,0.06818167925616447,0.053221288515406195,,no_event_raw_close,37599.99999999997,35899.99999999997,37649.99999999997,34799.99999999997,0.9999999999999992,corporate-actions-v2,blocked_unresolved_material_event,False
2022-10-17,TCT,35200.0,35200.0,33000.0,34600.0,32194.662109375,3200.0,110720000.0,finance_datareader_yahoo_hose,https://github.com/FinanceData/FinanceDataReader,2026-07-30T05:56:19.942694+00:00,2022-10-18,bbcb25e200b472fa8c2bf6858dd6822338a2e9d80b29e9e440693f451e8cf458,finance-datareader-yahoo-hose-v2-business-day,real,VN000000TCT0,,0.01764705882352935,0.03283580686758203,0.01764705882352935,,no_event_raw_close,35108.823529411675,35717.647058823444,35717.647058823444,33485.294117646976,1.0147058823529387,corporate-actions-v2,blocked_unresolved_material_event,False
2023-08-25,TCT,26000.0,26000.0,25150.0,25700.0,24377.712890625,1700.0,43690000.0,finance_datareader_yahoo_hose,https://github.com/FinanceData/FinanceDataReader,2026-07-30T05:56:19.942694+00:00,2023-08-26,3f80af8c946e82236368a2b0b5e42dc8affe93ea66951331959556ceed9d7c7b,finance-datareader-yahoo-hose-v2-business-day,real,VN000000TCT0,,-0.020952380952380945,-0.0019417589074781638,-0.020952380952380945,,no_event_raw_close,26574.66386554615,26884.873949579764,26884.873949579764,26005.945378151195,1.0340336134453756,corporate-actions-v2,blocked_unresolved_material_event,False
2024-10-10,TCT,17600.0,17700.0,17450.0,17600.0,17172.81640625,4700.0,82720000.0,finance_datareader_yahoo_hose,https://github.com/FinanceData/FinanceDataReader,2026-07-30T05:56:19.942694+00:00,2024-10-11,3f80af8c946e82236368a2b0b5e42dc8affe93ea66951331959556ceed9d7c7b,finance-datareader-yahoo-hose-v2-business-day,real,VN000000TCT0,,-0.01949860724233987,0.00859599708450065,-0.01949860724233987,,no_event_raw_close,18705.927295709345,18705.927295709345,18812.210973525875,18546.501778984548,1.0628367781653036,corporate-actions-v2,blocked_unresolved_material_event,False
2025-10-21,TCT,19800.0,20000.0,19800.0,19800.0,19800.0,5100.0,100980000.0,finance_datareader_yahoo_hose,https://github.com/FinanceData/FinanceDataReader,2026-07-30T05:56:19.942694+00:00,2025-10-22,3f80af8c946e82236368a2b0b5e42dc8affe93ea66951331959556ceed9d7c7b,finance-datareader-yahoo-hose-v2-business-day,real,VN000000TCT0,,-0.03883495145631066,-0.014925373134328401,-0.03883495145631066,,no_event_raw_close,21554.948989412584,21554.948989412584,21772.6757468814,21554.948989412584,1.08863378734407,corporate-actions-v2,blocked_unresolved_material_event,False
2025-10-30,TCX,37166.66796875,37500.0,35416.66796875,36583.33203125,36210.03125,7257600.0,265507190550.0,finance_datareader_yahoo_hose,https://github.com/FinanceData/FinanceDataReader,2026-07-30T05:38:30.913836+00:00,2025-10-31,fcd3428f58252766f37567220c5997530d5ebfbf4923128cfc8b5a5901e8ffd9,finance-datareader-yahoo-hose-v2-business-day,real,VN000000TCX2,,0.15399777624587752,0.16936728519166144,0.15399777624587752,,no_event_raw_close,36583.33203125,37166.66796875,37500.0,35416.66796875,1.0,corporate-actions-v2,candidate_no_known_unresolved_event,False
2020-11-20,TDC,8810.0,9100.0,8810.0,9100.0,7633.02392578125,915890.0,8334599000.0,finance_datareader_yahoo_hose,https://github.com/FinanceData/FinanceDataReader,2026-07-30T05:43:53.391825+00:00,2020-11-21,2729150e319833016f9a276d12ef6aa8a95b09417e24c9a495d4c0ff6c2be29c,finance-datareader-yahoo-hose-v2-business-day,real,VN000000TDC4,,-0.06666666666666665,0.03999990153804878,-0.06666666666666665,,no_event_raw_close,10033.33333333332,9713.589743589731,10033.33333333332,9713.589743589731,1.102564102564101,corporate-actions-v2,candidate_no_known_unresolved_event,False
2021-07-16,TDC,16200.0,17000.0,16000.0,16950.0,15095.1826171875,223600.0,3790020000.0,finance_datareader_yahoo_hose,https://github.com/FinanceData/FinanceDataReader,2026-07-30T05:43:53.391825+00:00,2021-07-17,2729150e319833016f9a276d12ef6aa8a95b09417e24c9a495d4c0ff6c2be29c,finance-datareader-yahoo-hose-v2-business-day,real,VN000000TDC4,,-0.014534883720930258,0.04629624552975198,-0.014534883720930258,,no_event_raw_close,19774.999999999996,18899.999999999996,19833.333333333332,18666.666666666664,1.1666666666666665,corporate-actions-v2,candidate_no_known_unresolved_event,False
2022-10-07,TDC,19850.0,20500.0,19000.0,19550.0,18038.888671875,920700.0,17999685000.0,finance_datareader_yahoo_hose,https://github.com/FinanceData/FinanceDataReader,2026-07-30T05:43:53.391825+00:00,2022-10-08,2729150e319833016f9a276d12ef6aa8a95b09417e24c9a495d4c0ff6c2be29c,finance-datareader-yahoo-hose-v2-business-day,real,VN000000TDC4,,-0.027363184079602032,0.007731874399348415,-0.027363184079602032,,no_event_raw_close,23602.653399668325,23964.842454394693,24749.585406301827,22938.640132669985,1.207296849087894,corporate-actions-v2,candidate_no_known_unresolved_event,False
2020-12-31,TDM,26129.1171875,27201.580078125,25787.87890625,26714.09765625,22993.068359375,1026916.0,27433134308.765625,finance_datareader_yahoo_hose,https://github.com/FinanceData/FinanceDataReader,2026-07-30T05:40:59.675295+00:00,2021-01-01,9c65a319c0a7623cabf0bdb4261b17f1cb173a5648dc0cd6142bbc36ccd3559d,finance-datareader-yahoo-hose-v2-business-day,real,VN000000TDM3,,0.003662980546974115,0.04860310076055541,0.003662980546974115,,no_event_raw_close,28099.72943272126,27484.40665046529,28612.497048313562,27125.468703221224,1.0518689343095622,corporate-actions-v2,blocked_unresolved_material_event,False
2021-12-31,TDM,34075.09765625,34075.09765625,33148.87890625,33636.36328125,29937.806640625,97541.0,3280924510.8164062,finance_datareader_yahoo_hose,https://github.com/FinanceData/FinanceDataReader,2026-07-30T05:40:59.675295+00:00,2022-01-01,9c65a319c0a7623cabf0bdb4261b17f1cb173a5648dc0cd6142bbc36ccd3559d,finance-datareader-yahoo-hose-v2-business-day,real,VN000000TDM3,,-0.028169061772014947,0.004951802079497192,-0.028169061772014947,,no_event_raw_close,36607.73212668524,37085.22341611133,37085.22341611133,36077.18436006945,1.088337993634751,corporate-actions-v2,blocked_unresolved_material_event,False
2023-02-07,TDM,35976.28515625,35976.28515625,35098.8125,35391.3046875,32601.720703125,71694.0,2537344198.265625,finance_datareader_yahoo_hose,https://github.com/FinanceData/FinanceDataReader,2026-07-30T05:40:59.675295+00:00,2023-02-08,9c65a319c0a7623cabf0bdb4261b17f1cb173a5648dc0cd6142bbc36ccd3559d,finance-datareader-yahoo-hose-v2-business-day,real,VN000000TDM3,,-0.032000011966215935,0.0018629687146818341,-0.032000011966215935,,no_event_raw_close,39887.266049969585,40546.55995837721,40546.55995837721,39557.61689452405,1.1270357620937759,corporate-actions-v2,blocked_unresolved_material_event,False
2023-12-29,TDM,39100.0,40900.0,39100.0,40500.0,38613.5546875,3300.0,133650000.0,finance_datareader_yahoo_hose,https://github.com/FinanceData/FinanceDataReader,2026-07-30T05:40:59.675295+00:00,2023-12-30,9c65a319c0a7623cabf0bdb4261b17f1cb173a5648dc0cd6142bbc36ccd3559d,finance-datareader-yahoo-hose-v2-business-day,real,VN000000TDM3,,0.0033783695507956235,0.038497900379077965,0.0033783695507956235,,no_event_raw_close,47228.128992351056,45595.55169385003,47694.57964906563,45595.55169385003,1.1661266417864458,corporate-actions-v2,blocked_unresolved_material_event,False
2025-02-12,TDM,54900.0,54900.0,52000.0,52000.0,50863.62109375,8100.0,421200000.0,finance_datareader_yahoo_hose,https://github.com/FinanceData/FinanceDataReader,2026-07-30T05:40:59.675295+00:00,2025-02-13,9c65a319c0a7623cabf0bdb4261b17f1cb173a5648dc0cd6142bbc36ccd3559d,finance-datareader-yahoo-hose-v2-business-day,real,VN000000TDM3,,-0.03703703703703709,-0.012064177994481673,-0.03703703703703709,,no_event_raw_close,62210.69684552577,65680.13955421855,65680.13955421855,62210.696845525774,1.1963595547216495,corporate-actions-v2,blocked_unresolved_material_event,False
2020-05-07,TDW,24550.0,24550.0,22600.0,22600.0,16724.66796875,100.0,2260000.0,finance_datareader_yahoo_hose,https://github.com/FinanceData/FinanceDataReader,2026-07-30T05:55:38.686483+00:00,2020-05-08,1052c655f14f5be8cdb964d03e3744e153d1e5e7852b79ff99888db6e4b369ff,finance-datareader-yahoo-hose-v2-business-day,real,VN000000TDW2,,-0.052410901467505266,-0.01525051108928921,-0.052410901467505266,,no_event_raw_close,23452.830188679247,25476.415094339623,25476.415094339623,23452.830188679243,1.0377358490566038,corporate-actions-v2,candidate_no_known_unresolved_event,False
2020-06-26,TDW,26000.0,26000.0,26000.0,26000.0,19465.369140625,0.0,0.0,finance_datareader_yahoo_hose,https://github.com/FinanceData/FinanceDataReader,2026-07-30T05:55:38.686483+00:00,2020-06-27,1052c655f14f5be8cdb964d03e3744e153d1e5e7852b79ff99888db6e4b369ff,finance-datareader-yahoo-hose-v2-business-day,real,VN000000TDW2,,0.0,0.011673109488173905,0.0,,no_event_raw_close,27292.452830188693,27292.452830188693,27292.452830188693,27292.452830188693,1.0497097242380267,corporate-actions-v2,candidate_no_known_unresolved_event,False
2021-05-13,TDW,33300.0,33300.0,33300.0,33300.0,25862.62890625,0.0,0.0,finance_datareader_yahoo_hose,https://github.com/FinanceData/FinanceDataReader,2026-07-30T05:55:38.686483+00:00,2021-05-14,1052c655f14f5be8cdb964d03e3744e153d1e5e7852b79ff99888db6e4b369ff,finance-datareader-yahoo-hose-v2-business-day,real,VN000000TDW2,,0.0,0.03738316512317885,0.0,,no_event_raw_close,36214.985486211976,36214.985486211976,36214.985486211976,36214.985486211976,1.0875371016880473,corporate-actions-v2,candidate_no_known_unresolved_event,False
2022-05-12,TDW,48000.0,48000.0,48000.0,48000.0,38235.3515625,0.0,0.0,finance_datareader_yahoo_hose,https://github.com/FinanceData/FinanceDataReader,2026-07-30T05:55:38.686483+00:00,2022-05-13,1052c655f14f5be8cdb964d03e3744e153d1e5e7852b79ff99888db6e4b369ff,finance-datareader-yahoo-hose-v2-business-day,real,VN000000TDW2,,0.0,0.02564099877362125,0.0,,no_event_raw_close,53506.82540305196,53506.82540305196,53506.82540305196,53506.82540305196,1.1147255292302491,corporate-actions-v2,candidate_no_known_unresolved_event,False
2023-06-01,TDW,43800.0,43800.0,43800.0,43800.0,36041.77734375,0.0,0.0,finance_datareader_yahoo_hose,https://github.com/FinanceData/FinanceDataReader,2026-07-30T05:55:38.686483+00:00,2023-06-02,1052c655f14f5be8cdb964d03e3744e153d1e5e7852b79ff99888db6e4b369ff,finance-datareader-yahoo-hose-v2-business-day,real,VN000000TDW2,,0.0,0.03301884574381497,0.0,,no_event_raw_close,50385.593921207284,50385.593921207284,50385.593921207284,50385.593921207284,1.1503560255983398,corporate-actions-v2,candidate_no_known_unresolved_event,False
2023-07-17,TDW,44950.0,44950.0,44950.0,44950.0,37829.67578125,300.0,13485000.0,finance_datareader_yahoo_hose,https://github.com/FinanceData/FinanceDataReader,2026-07-30T05:55:38.686483+00:00,2023-07-18,9b2b5eb25e7cb032fd38c0ac8f69a217df1e58885631e0a06d5bda7d081a4855,finance-datareader-yahoo-hose-v2-business-day,real,VN000000TDW2,,0.0,0.022753105967726617,0.0,,no_event_raw_close,52858.85937624372,52858.85937624372,52858.85937624372,52858.85937624372,1.1759479282812841,corporate-actions-v2,candidate_no_known_unresolved_event,False
2023-09-29,TDW,48450.0,48450.0,48400.0,48400.0,41632.36328125,400.0,19360000.0,finance_datareader_yahoo_hose,https://github.com/FinanceData/FinanceDataReader,2026-07-30T05:55:38.686483+00:00,2023-09-30,1052c655f14f5be8cdb964d03e3744e153d1e5e7852b79ff99888db6e4b369ff,finance-datareader-yahoo-hose-v2-business-day,real,VN000000TDW2,,0.04535637149028071,0.06843255003156301,0.04535637149028071,,no_event_raw_close,58145.1643881838,58205.23170676664,58205.23170676664,58145.1643881838,1.2013463716566901,corporate-actions-v2,candidate_no_known_unresolved_event,False
2024-06-06,TDW,48050.0,48050.0,48050.0,48050.0,42571.68359375,0.0,0.0,finance_datareader_yahoo_hose,https://github.com/FinanceData/FinanceDataReader,2026-07-30T05:55:38.686483+00:00,2024-06-07,1052c655f14f5be8cdb964d03e3744e153d1e5e7852b79ff99888db6e4b369ff,finance-datareader-yahoo-hose-v2-business-day,real,VN000000TDW2,,0.0,0.0300106400131408,0.0,,no_event_raw_close,59406.578078423314,59406.578078423314,59406.578078423314,59406.578078423314,1.2363491795717652,corporate-actions-v2,candidate_no_known_unresolved_event,False
2024-07-17,TDW,49400.0,49400.0,49400.0,49400.0,44672.0625,300.0,14820000.0,finance_datareader_yahoo_hose,https://github.com/FinanceData/FinanceDataReader,2026-07-30T05:55:38.686483+00:00,2024-07-18,1052c655f14f5be8cdb964d03e3744e153d1e5e7852b79ff99888db6e4b369ff,finance-datareader-yahoo-hose-v2-business-day,real,VN000000TDW2,,0.0,0.02066116181918609,0.0,,no_event_raw_close,62311.998650416994,62311.998650416994,62311.998650416994,62311.998650416994,1.2613764908991294,corporate-actions-v2,candidate_no_known_unresolved_event,False
2024-09-30,TDW,45000.0,45000.0,45000.0,45000.0,41618.01953125,0.0,0.0,finance_datareader_yahoo_hose,https://github.com/FinanceData/FinanceDataReader,2026-07-30T05:55:38.686483+00:00,2024-10-01,9b2b5eb25e7cb032fd38c0ac8f69a217df1e58885631e0a06d5bda7d081a4855,finance-datareader-yahoo-hose-v2-business-day,real,VN000000TDW2,,0.0,0.022727244365777333,0.0,,no_event_raw_close,58023.318581359956,58023.318581359956,58023.318581359956,58023.318581359956,1.2894070795857768,corporate-actions-v2,candidate_no_known_unresolved_event,False
2025-05-29,TDW,65000.0,65000.0,64500.0,64500.0,60993.0,1200.0,77400000.0,finance_datareader_yahoo_hose,https://github.com/FinanceData/FinanceDataReader,2026-07-30T05:55:38.686483+00:00,2025-05-30,1052c655f14f5be8cdb964d03e3744e153d1e5e7852b79ff99888db6e4b369ff,finance-datareader-yahoo-hose-v2-business-day,real,VN000000TDW2,,0.012558869701726927,0.03531302650973411,0.012558869701726927,,no_event_raw_close,84994.5974384097,85653.47028676947,85653.47028676947,84994.5974384097,1.3177456967195302,corporate-actions-v2,candidate_no_known_unresolved_event,False
2025-09-30,TDW,49350.0,50500.0,49000.0,50500.0,48851.0234375,4000.0,202000000.0,finance_datareader_yahoo_hose,https://github.com/FinanceData/FinanceDataReader,2026-07-30T05:55:38.686483+00:00,2025-10-01,1052c655f14f5be8cdb964d03e3744e153d1e5e7852b79ff99888db6e4b369ff,finance-datareader-yahoo-hose-v2-business-day,real,VN000000TDW2,,0.015075376884422065,0.03838961977548738,0.015075376884422065,,no_event_raw_close,68040.26940561076,66490.83752805725,68040.26940561076,66019.271304454,1.3473320674378368,corporate-actions-v2,candidate_no_known_unresolved_event,False
2020-03-25,THG,17383.248046875,17616.439453125,17383.248046875,17595.240234375,12048.052734375,13231.0,232802623.54101562,finance_datareader_yahoo_hose,https://github.com/FinanceData/FinanceDataReader,2026-07-30T05:43:42.062957+00:00,2020-03-26,0fafb3f99d96bc7083447e735388196119185380e6e0f7754f1652e949acc0f9,finance-datareader-yahoo-hose-v2-business-day,real,VN000000THG6,,0.012195200052852684,0.034524379132221616,0.012195200052852684,,no_event_raw_close,18607.435434427844,18383.248046874993,18629.85417318313,18383.248046874993,1.0575266484895935,corporate-actions-v2,blocked_unresolved_material_event,False
2020-05-22,THG,21199.083984375,21199.083984375,20435.916015625,20669.107421875,14538.822265625,707.0,14613058.947265625,finance_datareader_yahoo_hose,https://github.com/FinanceData/FinanceDataReader,2026-07-30T05:43:42.062957+00:00,2020-05-23,0fafb3f99d96bc7083447e735388196119185380e6e0f7754f1652e949acc0f9,finance-datareader-yahoo-hose-v2-business-day,real,VN000000THG6,,-0.02499997466355741,0.0015910814402266826,-0.02499997466355741,,no_event_raw_close,23404.76466273381,24004.88620977989,24004.88620977989,23140.70923579859,1.1323548804029897,corporate-actions-v2,blocked_unresolved_material_event,False
2020-09-24,THG,24718.130859375,24904.68359375,24484.94140625,24718.130859375,17833.267578125,5724.0,141486581.0390625,finance_datareader_yahoo_hose,https://github.com/FinanceData/FinanceDataReader,2026-07-30T05:43:42.062957+00:00,2020-09-25,0fafb3f99d96bc7083447e735388196119185380e6e0f7754f1652e949acc0f9,finance-datareader-yahoo-hose-v2-business-day,real,VN000000THG6,,-0.011194038888331148,0.005405911927482743,-0.011194038888331148,,no_event_raw_close,32631.14169801407,32631.14169801407,32877.415526086865,32323.301346706994,1.32012982226113,corporate-actions-v2,blocked_unresolved_material_event,False
2020-12-31,THG,26863.478515625,27003.392578125,26163.91015625,26303.822265625,19421.009765625,33406.0,878705486.6054688,finance_datareader_yahoo_hose,https://github.com/FinanceData/FinanceDataReader,2026-07-30T05:43:42.062957+00:00,2021-01-01,0fafb3f99d96bc7083447e735388196119185380e6e0f7754f1652e949acc0f9,finance-datareader-yahoo-hose-v2-business-day,real,VN000000THG6,,-0.029259896605714486,-0.006562335745537551,-0.029259896605714486,,no_event_raw_close,36646.7146525414,37426.43262242991,37621.36211490204,36451.787881180055,1.393208723905991,corporate-actions-v2,blocked_unresolved_material_event,False
2021-03-19,THG,36890.64453125,37543.578125,36890.64453125,36983.921875,27766.642578125,3752.0,138763674.875,finance_datareader_yahoo_hose,https://github.com/FinanceData/FinanceDataReader,2026-07-30T05:43:42.062957+00:00,2021-03-20,0fafb3f99d96bc7083447e735388196119185380e6e0f7754f1652e949acc0f9,finance-datareader-yahoo-hose-v2-business-day,real,VN000000THG6,,-0.009987557771039324,0.00669566876847516,-0.009987557771039324,,no_event_raw_close,53595.26355744092,53460.090661523725,54406.289611456974,53460.090661523725,1.4491503561624621,corporate-actions-v2,blocked_unresolved_material_event,False
2021-07-15,THG,37543.578125,37543.578125,37543.578125,37543.578125,28531.841796875,0.0,0.0,finance_datareader_yahoo_hose,https://github.com/FinanceData/FinanceDataReader,2026-07-30T05:43:42.062957+00:00,2021-07-16,0fafb3f99d96bc7083447e735388196119185380e6e0f7754f1652e949acc0f9,finance-datareader-yahoo-hose-v2-business-day,real,VN000000THG6,,0.0,0.012240665481771051,0.0,,no_event_raw_close,61296.06892876518,61296.06892876518,61296.06892876518,61296.06892876518,1.6326645458427567,corporate-actions-v2,blocked_unresolved_material_event,False
2022-03-21,THG,43657.81640625,43709.1171875,43350.0078125,43657.81640625,33838.2265625,44053.0,1923257786.1445312,finance_datareader_yahoo_hose,https://github.com/FinanceData/FinanceDataReader,2026-07-30T05:43:42.062957+00:00,2022-03-22,55a4fa615ee0275eeef17933c3b0df00078f3057cf0158d3baccd55fd77a1e9f,finance-datareader-yahoo-hose-v2-business-day,real,VN000000THG6,,-0.011614440169887219,-0.0013500805886632605,-0.011614440169887219,,no_event_raw_close,72741.09263468652,72741.09263468652,72826.56816205631,72228.23296201366,1.666164243255029,corporate-actions-v2,blocked_unresolved_material_event,False
2022-12-22,THG,26420.41796875,27574.708984375,26420.41796875,26805.181640625,21321.849609375,59413.0,1592576256.8144531,finance_datareader_yahoo_hose,https://github.com/FinanceData/FinanceDataReader,2026-07-30T05:43:42.062957+00:00,2022-12-23,0fafb3f99d96bc7083447e735388196119185380e6e0f7754f1652e949acc0f9,finance-datareader-yahoo-hose-v2-business-day,real,VN000000THG6,,-0.05429861727831553,-0.03497725429627807,-0.05429861727831553,,no_event_raw_close,58376.14331879571,57538.207595980086,60052.014764426945,57538.207595980086,2.177793237943326,corporate-actions-v2,blocked_unresolved_material_event,False
2023-03-17,THG,26228.037109375,26228.037109375,25843.2734375,26067.71875,21185.3828125,11851.0,308928534.90625,finance_datareader_yahoo_hose,https://github.com/FinanceData/FinanceDataReader,2026-07-30T05:43:42.062957+00:00,2023-03-18,0fafb3f99d96bc7083447e735388196119185380e6e0f7754f1652e949acc0f9,finance-datareader-yahoo-hose-v2-business-day,real,VN000000THG6,,-0.02400957425749739,-0.002821851231855965,-0.02400957425749739,,no_event_raw_close,58895.60697183796,59257.819222732374,59257.819222732374,58388.51070313699,2.2593310729132354,corporate-actions-v2,blocked_unresolved_material_event,False
2023-06-16,THG,30199.115234375,30199.115234375,29682.890625,29941.00390625,24868.283203125,5966.0,178628029.3046875,finance_datareader_yahoo_hose,https://github.com/FinanceData/FinanceDataReader,2026-07-30T05:43:42.062957+00:00,2023-06-17,0fafb3f99d96bc7083447e735388196119185380e6e0f7754f1652e949acc0f9,finance-datareader-yahoo-hose-v2-business-day,real,VN000000THG6,,-0.012896395355695645,0.008808941652973079,-0.012896395355695645,,no_event_raw_close,80023.8303977058,80713.68893452291,80713.68893452291,79333.96664073825,2.6727170086972705,corporate-actions-v2,blocked_unresolved_material_event,False
2023-12-15,THG,28834.80859375,28871.681640625,28613.568359375,28761.0625,24430.095703125,29560.0,850177007.5,finance_datareader_yahoo_hose,https://github.com/FinanceData/FinanceDataReader,2026-07-30T05:43:42.062957+00:00,2023-12-16,0fafb3f99d96bc7083447e735388196119185380e6e0f7754f1652e949acc0f9,finance-datareader-yahoo-hose-v2-business-day,real,VN000000THG6,,-0.0225563899792951,-0.0003856778151742901,-0.0225563899792951,,no_event_raw_close,79482.61109349999,79686.41205145125,79788.31253042688,79075.00378004045,2.763549194105746,corporate-actions-v2,blocked_unresolved_material_event,False
2024-03-20,THG,29572.271484375,30309.734375,29572.271484375,30235.98828125,26233.041015625,23052.0,697000001.859375,finance_datareader_yahoo_hose,https://github.com/FinanceData/FinanceDataReader,2026-07-30T05:43:42.062957+00:00,2024-03-21,0fafb3f99d96bc7083447e735388196119185380e6e0f7754f1652e949acc0f9,finance-datareader-yahoo-hose-v2-business-day,real,VN000000THG6,,-0.02843599783932682,-0.007625388792793064,-0.02843599783932682,,no_event_raw_close,86243.60596283253,84350.4536911703,86453.95559623998,84350.4536911703,2.8523494969176872,corporate-actions-v2,blocked_unresolved_material_event,False
2024-06-18,THG,32166.666015625,33458.33203125,32166.666015625,33333.33203125,29583.63671875,74400.0,2479999903.125,finance_datareader_yahoo_hose,https://github.com/FinanceData/FinanceDataReader,2026-07-30T05:43:42.062957+00:00,2024-06-19,0fafb3f99d96bc7083447e735388196119185380e6e0f7754f1652e949acc0f9,finance-datareader-yahoo-hose-v2-business-day,real,VN000000THG6,,0.013452874855152341,0.03669705681894864,0.013452874855152341,,no_event_raw_close,110329.21531815946,106467.69478605072,110742.94989176406,106467.69478605072,3.309876588836838,corporate-actions-v2,blocked_unresolved_material_event,False
2024-12-16,THG,37250.0,37875.0,37250.0,37791.66796875,34205.73828125,66960.0,2530530087.1875,finance_datareader_yahoo_hose,https://github.com/FinanceData/FinanceDataReader,2026-07-30T05:43:42.062957+00:00,2024-12-17,55a4fa615ee0275eeef17933c3b0df00078f3057cf0158d3baccd55fd77a1e9f,finance-datareader-yahoo-hose-v2-business-day,real,VN000000THG6,,-0.003296703183492289,0.016473246601528713,-0.003296703183492289,,no_event_raw_close,128384.72197101012,126544.58377901302,128667.81505047297,126544.58377901302,3.39717003433592,corporate-actions-v2,blocked_unresolved_material_event,False
2025-03-18,THG,48750.0,49583.33203125,47833.33203125,47916.66796875,44019.26171875,47160.0,2259750061.40625,finance_datareader_yahoo_hose,https://github.com/FinanceData/FinanceDataReader,2026-07-30T05:43:42.062957+00:00,2025-03-19,0fafb3f99d96bc7083447e735388196119185380e6e0f7754f1652e949acc0f9,finance-datareader-yahoo-hose-v2-business-day,real,VN000000THG6,,-0.04166664062500003,-0.02732038893612243,-0.04166664062500003,,no_event_raw_close,166036.68994003447,168924.27995735354,171811.86997467262,165747.921463383,3.4651134350226367,corporate-actions-v2,blocked_unresolved_material_event,False
2025-06-18,THG,52900.0,53900.0,52500.0,53200.0,49700.125,50200.0,2670640000.0,finance_datareader_yahoo_hose,https://github.com/FinanceData/FinanceDataReader,2026-07-30T05:43:42.062957+00:00,2025-06-19,0fafb3f99d96bc7083447e735388196119185380e6e0f7754f1652e949acc0f9,finance-datareader-yahoo-hose-v2-business-day,real,VN000000THG6,,0.000626934741699392,0.01756436179171872,0.000626934741699392,,no_event_raw_close,224680.12752686423,223413.13432652474,227636.44499432296,221723.81005940548,4.2233106677981995,corporate-actions-v2,blocked_unresolved_material_event,False
2025-12-10,THG,46900.0,46900.0,45700.0,46250.0,44027.60546875,3800.0,175750000.0,finance_datareader_yahoo_hose,https://github.com/FinanceData/FinanceDataReader,2026-07-30T05:43:42.062957+00:00,2025-12-11,0fafb3f99d96bc7083447e735388196119185380e6e0f7754f1652e949acc0f9,finance-datareader-yahoo-hose-v2-business-day,real,VN000000THG6,,-0.02631578947368418,-0.0078310546417667,-0.02631578947368418,,no_event_raw_close,199440.2892990493,202243.23390541432,202243.23390541432,197068.56693981736,4.312222471330796,corporate-actions-v2,blocked_unresolved_material_event,False
2021-01-15,TIP,45792.15625,47645.015625,44821.609375,47468.5546875,33847.69140625,11163.0,529891475.9765625,finance_datareader_yahoo_hose,https://github.com/FinanceData/FinanceDataReader,2026-07-30T05:43:37.747945+00:00,2021-01-16,e31ed613eac67366762b92ca964e00b8471a47d3061355d65bf5e3ee0dc82803,finance-datareader-yahoo-hose-v2-business-day,real,VN000000TIP5,,0.02671757918059625,0.056974333908640595,0.02671757918059625,,no_event_raw_close,47468.5546874999,45792.156249999905,47645.0156249999,44821.609374999905,0.9999999999999979,corporate-actions-v2,blocked_unresolved_material_event,False
2022-04-29,TIP,28000.0,28700.0,28000.0,28700.0,21648.06640625,126300.0,3624810000.0,finance_datareader_yahoo_hose,https://github.com/FinanceData/FinanceDataReader,2026-07-30T05:43:37.747945+00:00,2022-04-30,e31ed613eac67366762b92ca964e00b8471a47d3061355d65bf5e3ee0dc82803,finance-datareader-yahoo-hose-v2-business-day,real,VN000000TIP5,,0.04591836734693877,0.10639943860545764,0.04591836734693877,,no_event_raw_close,30268.877551020305,29530.612244897857,30268.8775510203,29530.612244897857,1.0546647230320663,corporate-actions-v2,blocked_unresolved_material_event,False
2022-12-30,TIP,16750.0,16800.0,16600.0,16750.0,13237.755859375,26900.0,450575000.0,finance_datareader_yahoo_hose,https://github.com/FinanceData/FinanceDataReader,2026-07-30T05:43:37.747945+00:00,2022-12-31,e31ed613eac67366762b92ca964e00b8471a47d3061355d65bf5e3ee0dc82803,finance-datareader-yahoo-hose-v2-business-day,real,VN000000TIP5,,-0.04558404558404561,7.377100641470236e-08,-0.04558404558404561,,no_event_raw_close,18470.9051813643,18470.9051813643,18526.04221175643,18305.4940901879,1.1027406078426447,corporate-actions-v2,blocked_unresolved_material_event,False
2023-05-19,TIP,19550.0,20000.0,19550.0,19800.0,15809.533203125,68100.0,1348380000.0,finance_datareader_yahoo_hose,https://github.com/FinanceData/FinanceDataReader,2026-07-30T05:43:37.747945+00:00,2023-05-20,e31ed613eac67366762b92ca964e00b8471a47d3061355d65bf5e3ee0dc82803,finance-datareader-yahoo-hose-v2-business-day,real,VN000000TIP5,,0.010204081632652962,0.02061844491150322,0.010204081632652962,,no_event_raw_close,22057.062647889325,21778.564382133147,22279.86126049427,21778.564382133147,1.1139930630247135,corporate-actions-v2,blocked_unresolved_material_event,False
2023-11-10,TIP,24200.0,24400.0,23800.0,24000.0,20129.2734375,258400.0,6201600000.0,finance_datareader_yahoo_hose,https://github.com/FinanceData/FinanceDataReader,2026-07-30T05:43:37.747945+00:00,2023-11-11,e31ed613eac67366762b92ca964e00b8471a47d3061355d65bf5e3ee0dc82803,finance-datareader-yahoo-hose-v2-business-day,real,VN000000TIP5,,-0.040000000000000036,0.008403272544534879,-0.040000000000000036,,no_event_raw_close,28019.153521197615,28252.646467207593,28486.139413217574,27785.660575187634,1.1674647300499006,corporate-actions-v2,blocked_unresolved_material_event,False
2024-05-22,TIP,24500.0,24700.0,24000.0,24450.0,20758.314453125,319800.0,7819110000.0,finance_datareader_yahoo_hose,https://github.com/FinanceData/FinanceDataReader,2026-07-30T05:43:37.747945+00:00,2024-05-23,e31ed613eac67366762b92ca964e00b8471a47d3061355d65bf5e3ee0dc82803,finance-datareader-yahoo-hose-v2-business-day,real,VN000000TIP5,,-0.012121212121212088,0.0,-0.012121212121212088,,no_event_raw_close,28890.50674244393,28949.587533328275,29185.910696865645,28358.77962448484,1.1816158176868683,corporate-actions-v2,blocked_unresolved_material_event,False
2024-12-20,TIP,21050.0,22500.0,21050.0,21250.0,19132.361328125,117000.0,2486250000.0,finance_datareader_yahoo_hose,https://github.com/FinanceData/FinanceDataReader,2026-07-30T05:43:37.747945+00:00,2024-12-21,e31ed613eac67366762b92ca964e00b8471a47d3061355d65bf5e3ee0dc82803,finance-datareader-yahoo-hose-v2-business-day,real,VN000000TIP5,,-0.06798245614035092,-0.011627872953047236,-0.06798245614035092,,no_event_raw_close,26541.00879968803,26291.21106980861,28102.244611434384,26291.21106980861,1.2489886493970837,corporate-actions-v2,blocked_unresolved_material_event,False
2025-08-08,TIP,21500.0,21550.0,21250.0,21550.0,20962.462890625,381100.0,8212705000.0,finance_datareader_yahoo_hose,https://github.com/FinanceData/FinanceDataReader,2026-07-30T05:43:37.747945+00:00,2025-08-09,e31ed613eac67366762b92ca964e00b8471a47d3061355d65bf5e3ee0dc82803,finance-datareader-yahoo-hose-v2-business-day,real,VN000000TIP5,,0.0023255813953488857,0.082914632439691,0.0023255813953488857,,no_event_raw_close,28918.734633168144,28851.637801072626,28918.734633168144,28516.153640595036,1.3419366419103547,corporate-actions-v2,blocked_unresolved_material_event,False
2025-12-22,TIP,18100.0,18100.0,17850.0,17900.0,17705.435546875,17600.0,315040000.0,finance_datareader_yahoo_hose,https://github.com/FinanceData/FinanceDataReader,2026-07-30T05:43:37.747945+00:00,2025-12-23,1baf23e026a214c7831628927b956fee2de0777aa06a8b925d888f642cf20803,finance-datareader-yahoo-hose-v2-business-day,real,VN000000TIP5,,-0.011049723756906049,0.005617923931781288,-0.011049723756906049,,no_event_raw_close,24418.79847401075,24691.634211150536,24691.634211150536,24350.589539725806,1.3641786856989246,corporate-actions-v2,blocked_unresolved_material_event,False
2020-05-22,TIX,29000.0,30750.0,29000.0,30750.0,19005.521484375,130.0,3997500.0,finance_datareader_yahoo_hose,https://github.com/FinanceData/FinanceDataReader,2026-07-30T05:43:22.741861+00:00,2020-05-23,017e056294d045e485ecd45057c13b065b65e3b39b5de3a467709ed370cdda90,finance-datareader-yahoo-hose-v2-business-day,real,VN000000TIX9,,0.09625668449197855,0.14738817453439212,0.09625668449197855,,no_event_raw_close,30750.0,29000.0,30750.0,29000.0,1.0,corporate-actions-v2,blocked_unresolved_material_event,False
2020-11-25,TIX,31000.0,32200.0,31000.0,31000.0,19933.8671875,90.0,2790000.0,finance_datareader_yahoo_hose,https://github.com/FinanceData/FinanceDataReader,2026-07-30T05:43:22.741861+00:00,2020-11-26,017e056294d045e485ecd45057c13b065b65e3b39b5de3a467709ed370cdda90,finance-datareader-yahoo-hose-v2-business-day,real,VN000000TIX9,,-0.037267080745341574,0.00161555644839817,-0.037267080745341574,,no_event_raw_close,30999.999999999978,30999.999999999978,32199.999999999978,30999.999999999978,0.9999999999999993,corporate-actions-v2,blocked_unresolved_material_event,False
2021-05-20,TIX,31500.0,31500.0,31500.0,31500.0,21078.76953125,520.0,16380000.0,finance_datareader_yahoo_hose,https://github.com/FinanceData/FinanceDataReader,2026-07-30T05:43:22.741861+00:00,2021-05-21,017e056294d045e485ecd45057c13b065b65e3b39b5de3a467709ed370cdda90,finance-datareader-yahoo-hose-v2-business-day,real,VN000000TIX9,,-0.015625,0.024390317985065302,-0.015625,,no_event_raw_close,31499.999999999945,31499.999999999945,31499.999999999945,31499.999999999945,0.9999999999999982,corporate-actions-v2,blocked_unresolved_material_event,False
2021-11-15,TIX,35800.0,36850.0,35400.0,36300.0,25144.875,14200.0,515460000.0,finance_datareader_yahoo_hose,https://github.com/FinanceData/FinanceDataReader,2026-07-30T05:43:22.741861+00:00,2021-11-16,f7bfa274b24ef8771f0844f2865801fad082ff50681e3803ccc993e506abc365,finance-datareader-yahoo-hose-v2-business-day,real,VN000000TIX9,,-0.013586956521739135,0.02109701629442018,-0.013586956521739135,,no_event_raw_close,36299.99999999994,35799.99999999994,36849.99999999994,35399.99999999994,0.9999999999999984,corporate-actions-v2,blocked_unresolved_material_event,False
2022-05-25,TIX,33000.0,33000.0,33000.0,33000.0,23744.98828125,100.0,3300000.0,finance_datareader_yahoo_hose,https://github.com/FinanceData/FinanceDataReader,2026-07-30T05:43:22.741861+00:00,2022-05-26,017e056294d045e485ecd45057c13b065b65e3b39b5de3a467709ed370cdda90,finance-datareader-yahoo-hose-v2-business-day,real,VN000000TIX9,,-0.014925373134328401,0.023255872674715627,-0.014925373134328401,,no_event_raw_close,34231.34328358197,34231.34328358197,34231.34328358197,34231.34328358197,1.0373134328358173,corporate-actions-v2,blocked_unresolved_material_event,False
2022-11-23,TIX,32000.0,32000.0,32000.0,32000.0,23961.4375,0.0,0.0,finance_datareader_yahoo_hose,https://github.com/FinanceData/FinanceDataReader,2026-07-30T05:43:22.741861+00:00,2022-11-24,017e056294d045e485ecd45057c13b065b65e3b39b5de3a467709ed370cdda90,finance-datareader-yahoo-hose-v2-business-day,real,VN000000TIX9,,0.0,0.04065042857226464,0.0,,no_event_raw_close,33194.02985074611,33194.02985074611,33194.02985074611,33194.02985074611,1.037313432835816,corporate-actions-v2,blocked_unresolved_material_event,False
2023-05-25,TIX,34000.0,34000.0,34000.0,34000.0,26840.52734375,0.0,0.0,finance_datareader_yahoo_hose,https://github.com/FinanceData/FinanceDataReader,2026-07-30T05:43:22.741861+00:00,2023-05-26,017e056294d045e485ecd45057c13b065b65e3b39b5de3a467709ed370cdda90,finance-datareader-yahoo-hose-v2-business-day,real,VN000000TIX9,,0.0,0.054263578974889315,0.0,,no_event_raw_close,37083.95522388038,37083.95522388038,37083.95522388038,37083.95522388038,1.0907045654082466,corporate-actions-v2,blocked_unresolved_material_event,False
2023-11-23,TIX,33500.0,34000.0,33500.0,34000.0,27864.97265625,5400.0,183600000.0,finance_datareader_yahoo_hose,https://github.com/FinanceData/FinanceDataReader,2026-07-30T05:43:22.741861+00:00,2023-11-24,017e056294d045e485ecd45057c13b065b65e3b39b5de3a467709ed370cdda90,finance-datareader-yahoo-hose-v2-business-day,real,VN000000TIX9,,0.0,0.038167853387521156,0.0,,no_event_raw_close,37083.955223880344,36538.60294117622,37083.955223880344,36538.60294117622,1.0907045654082455,corporate-actions-v2,blocked_unresolved_material_event,False
2024-05-23,TIX,34500.0,34500.0,34500.0,34500.0,29740.845703125,200.0,6900000.0,finance_datareader_yahoo_hose,https://github.com/FinanceData/FinanceDataReader,2026-07-30T05:43:22.741861+00:00,2024-05-24,017e056294d045e485ecd45057c13b065b65e3b39b5de3a467709ed370cdda90,finance-datareader-yahoo-hose-v2-business-day,real,VN000000TIX9,,-0.028169014084507005,0.022222047682083357,-0.028169014084507005,,no_event_raw_close,39484.27336958509,39484.27336958509,39484.27336958509,39484.27336958509,1.1444716918720317,corporate-actions-v2,blocked_unresolved_material_event,False
2024-11-21,TIX,35500.0,35500.0,35500.0,35500.0,31672.935546875,3300.0,117150000.0,finance_datareader_yahoo_hose,https://github.com/FinanceData/FinanceDataReader,2026-07-30T05:43:22.741861+00:00,2024-11-22,017e056294d045e485ecd45057c13b065b65e3b39b5de3a467709ed370cdda90,finance-datareader-yahoo-hose-v2-business-day,real,VN000000TIX9,,-0.04054054054054057,-0.006993006564795845,-0.04054054054054057,,no_event_raw_close,40628.74506145712,40628.74506145711,40628.74506145711,40628.74506145711,1.1444716918720315,corporate-actions-v2,blocked_unresolved_material_event,False
2025-05-21,TIX,39000.0,39000.0,39000.0,39000.0,36430.3125,0.0,0.0,finance_datareader_yahoo_hose,https://github.com/FinanceData/FinanceDataReader,2026-07-30T05:43:22.741861+00:00,2025-05-22,017e056294d045e485ecd45057c13b065b65e3b39b5de3a467709ed370cdda90,finance-datareader-yahoo-hose-v2-business-day,real,VN000000TIX9,,0.0,0.04697992001956064,0.0,,no_event_raw_close,46637.22144378525,46637.22144378525,46637.22144378525,46637.22144378525,1.1958261908662886,corporate-actions-v2,blocked_unresolved_material_event,False
2025-11-24,TIX,47600.0,47600.0,47600.0,47600.0,45662.7890625,200.0,9520000.0,finance_datareader_yahoo_hose,https://github.com/FinanceData/FinanceDataReader,2026-07-30T05:43:22.741861+00:00,2025-11-25,f7bfa274b24ef8771f0844f2865801fad082ff50681e3803ccc993e506abc365,finance-datareader-yahoo-hose-v2-business-day,real,VN000000TIX9,,0.0,0.02696874036091801,0.0,,no_event_raw_close,56921.32668523533,56921.32668523534,56921.32668523534,56921.32668523534,1.1958261908662886,corporate-actions-v2,blocked_unresolved_material_event,False
2020-07-27,TLG,30578.51171875,30991.736328125,28925.619140625,28925.619140625,20866.279296875,172957.0,5002888309.705078,finance_datareader_yahoo_hose,https://github.com/FinanceData/FinanceDataReader,2026-07-30T05:41:19.306141+00:00,2020-07-28,3eb6868d15d80aa15bcbdb4bd5495c479902847230938d49fa5fec44e81fcc48,finance-datareader-yahoo-hose-v2-business-day,real,VN000000TLG8,,-0.10025707518727789,-0.06417101994119012,-0.10025707518727789,,no_event_raw_close,30275.233527844095,32005.24693069959,32437.75181460404,30275.2335278441,1.0466580985063034,corporate-actions-v2,blocked_unresolved_material_event,False
2021-01-13,TLG,34545.453125,34710.7421875,33925.62109375,34462.80859375,25461.1796875,9486.0,326914202.3203125,finance_datareader_yahoo_hose,https://github.com/FinanceData/FinanceDataReader,2026-07-30T05:41:19.306141+00:00,2021-01-14,c06a3c0badd43cc8148e342bacf164a9ed716e91f861af16de5c0fe64fb6edf4,finance-datareader-yahoo-hose-v2-business-day,real,VN000000TLG8,,-0.016509525193412866,0.007246371772521076,-0.016509525193412866,,no_event_raw_close,37100.15598218119,37189.12508033546,37367.06327664401,36521.8589467709,1.076527349222184,corporate-actions-v2,blocked_unresolved_material_event,False
2021-07-28,TLG,31570.248046875,31570.248046875,30743.80078125,31074.380859375,23881.041015625,60984.0,1895040042.328125,finance_datareader_yahoo_hose,https://github.com/FinanceData/FinanceDataReader,2026-07-30T05:41:19.306141+00:00,2021-07-29,c06a3c0badd43cc8148e342bacf164a9ed716e91f861af16de5c0fe64fb6edf4,finance-datareader-yahoo-hose-v2-business-day,real,VN000000TLG8,,-0.03092779925947675,0.008042929259618914,-0.03092779925947675,,no_event_raw_close,35017.26994646564,35576.05550170683,35576.05550170683,34644.74404202322,1.1268855236387143,corporate-actions-v2,blocked_unresolved_material_event,False
2022-01-06,TLG,37107.4375,37107.4375,35909.08984375,36198.34765625,28132.1484375,73689.0,2667420040.4414062,finance_datareader_yahoo_hose,https://github.com/FinanceData/FinanceDataReader,2026-07-30T05:41:19.306141+00:00,2022-01-07,c06a3c0badd43cc8148e342bacf164a9ed716e91f861af16de5c0fe64fb6edf4,finance-datareader-yahoo-hose-v2-business-day,real,VN000000TLG8,,-0.024498858045641114,-0.013513283058581016,-0.024498858045641114,,no_event_raw_close,41341.03301105015,42379.27689989766,42379.27689989766,41010.68045217577,1.1420696160950932,corporate-actions-v2,blocked_unresolved_material_event,False
2022-05-23,TLG,35041.32421875,35041.32421875,34710.7421875,35041.32421875,28206.7109375,15004.0,525760028.578125,finance_datareader_yahoo_hose,https://github.com/FinanceData/FinanceDataReader,2026-07-30T05:41:19.306141+00:00,2022-05-24,3eb6868d15d80aa15bcbdb4bd5495c479902847230938d49fa5fec44e81fcc48,finance-datareader-yahoo-hose-v2-business-day,real,VN000000TLG8,,-0.024165625716939032,0.010727183145117447,-0.024165625716939032,,no_event_raw_close,41691.33788178625,41691.33788178625,41691.33788178625,41298.0192081981,1.1897763229928948,corporate-actions-v2,blocked_unresolved_material_event,False
2022-12-30,TLG,40165.2890625,41074.37890625,39752.06640625,41074.37890625,34089.85546875,55297.0,2271289930.3789062,finance_datareader_yahoo_hose,https://github.com/FinanceData/FinanceDataReader,2026-07-30T05:41:19.306141+00:00,2022-12-31,c06a3c0badd43cc8148e342bacf164a9ed716e91f861af16de5c0fe64fb6edf4,finance-datareader-yahoo-hose-v2-business-day,real,VN000000TLG8,,-0.0020080298415044995,0.028985498702301937,-0.0020080298415044995,,no_event_raw_close,50650.40432924252,49529.37050271425,50650.40432924252,49019.809672474126,1.233138654265455,corporate-actions-v2,blocked_unresolved_material_event,False
2023-06-26,TLG,50000.0,50000.0,48595.04296875,48595.04296875,41691.921875,129228.0,6279840212.765625,finance_datareader_yahoo_hose,https://github.com/FinanceData/FinanceDataReader,2026-07-30T05:41:19.306141+00:00,2023-06-27,3eb6868d15d80aa15bcbdb4bd5495c479902847230938d49fa5fec44e81fcc48,finance-datareader-yahoo-hose-v2-business-day,real,VN000000TLG8,,-0.04078298708885075,-0.008431617977480044,-0.04078298708885075,,no_event_raw_close,62290.12104335589,64091.02373200162,64091.02373200162,62290.12104335589,1.2818204746400323,corporate-actions-v2,blocked_unresolved_material_event,False
2024-08-30,TLG,45454.546875,46280.9921875,44462.80859375,44628.09765625,38984.65234375,693693.0,30958198947.45703,finance_datareader_yahoo_hose,https://github.com/FinanceData/FinanceDataReader,2026-07-30T05:41:19.306141+00:00,2024-08-31,c06a3c0badd43cc8148e342bacf164a9ed716e91f861af16de5c0fe64fb6edf4,finance-datareader-yahoo-hose-v2-business-day,real,VN000000TLG8,,-0.035714327915736144,-0.018181805660997474,-0.035714327915736144,,no_event_raw_close,58441.25043789583,59523.49970021472,60605.74384723302,58224.80160849217,1.3095169524823191,corporate-actions-v2,blocked_unresolved_material_event,False
2024-11-15,TLG,52545.453125,53454.546875,51181.81640625,51363.63671875,45646.921875,323290.0,16605350114.804688,finance_datareader_yahoo_hose,https://github.com/FinanceData/FinanceDataReader,2026-07-30T05:41:19.306141+00:00,2024-11-16,c06a3c0badd43cc8148e342bacf164a9ed716e91f861af16de5c0fe64fb6edf4,finance-datareader-yahoo-hose-v2-business-day,real,VN000000TLG8,,-0.036434102448865024,-0.01971597327962038,-0.036434102448865024,,no_event_raw_close,68523.35890202351,70100.00017852032,71312.8067725693,68280.79549870889,1.3340830844442417,corporate-actions-v2,blocked_unresolved_material_event,False
2025-05-09,TLG,44545.453125,44545.453125,44090.91015625,44181.81640625,40505.66796875,164890.0,7285139707.2265625,finance_datareader_yahoo_hose,https://github.com/FinanceData/FinanceDataReader,2026-07-30T05:41:19.306141+00:00,2025-05-10,c06a3c0badd43cc8148e342bacf164a9ed716e91f861af16de5c0fe64fb6edf4,finance-datareader-yahoo-hose-v2-business-day,real,VN000000TLG8,,-0.007150193117977488,0.02423607155334473,-0.007150193117977488,,no_event_raw_close,60929.03010673178,61430.504115425945,61430.504115425945,60803.66564475017,1.3790521771783177,corporate-actions-v2,blocked_unresolved_material_event,False
2025-12-12,TLG,55100.0,57000.0,54100.0,54100.0,50501.890625,322800.0,17463480000.0,finance_datareader_yahoo_hose,https://github.com/FinanceData/FinanceDataReader,2026-07-30T05:41:19.306141+00:00,2025-12-13,c06a3c0badd43cc8148e342bacf164a9ed716e91f861af16de5c0fe64fb6edf4,finance-datareader-yahoo-hose-v2-business-day,real,VN000000TLG8,,-0.03235770513892988,-0.01473505801589492,-0.03235770513892988,,no_event_raw_close,83401.82427733968,84943.44764660658,87872.53204821372,83401.82427733968,1.5416233692669072,corporate-actions-v2,blocked_unresolved_material_event,False
2020-01-10,TLH,3700.0,3700.0,3590.9091796875,3681.818115234375,3296.4716796875,328977.0,1211233478.095459,finance_datareader_yahoo_hose,https://github.com/FinanceData/FinanceDataReader,2026-07-30T05:45:17.721778+00:00,2020-01-11,338622b312b09f4a4eafe859ad07aee4308bb8f10b6abc2e2e1804ffb0b52971,finance-datareader-yahoo-hose-v2-business-day,real,VN000000TLH6,,-0.06466511756710536,0.057441346097067525,-0.06466511756710536,,no_event_raw_close,3681.8181152343755,3700.000000000001,3700.000000000001,3590.909179687501,1.0000000000000002,corporate-actions-v2,blocked_unresolved_material_event,False
2021-03-25,TLH,9909.0908203125,10136.36328125,9727.2724609375,10000.0,9367.888671875,221507.0,2215070000.0,finance_datareader_yahoo_hose,https://github.com/FinanceData/FinanceDataReader,2026-07-30T05:45:17.721778+00:00,2021-03-26,338622b312b09f4a4eafe859ad07aee4308bb8f10b6abc2e2e1804ffb0b52971,finance-datareader-yahoo-hose-v2-business-day,real,VN000000TLH6,,-0.026548697804496535,0.018518512619839722,-0.026548697804496535,,no_event_raw_close,10486.725651097762,10391.391688442845,10629.726083032985,10200.723763133014,1.0486725651097761,corporate-actions-v2,blocked_unresolved_material_event,False
2023-01-19,TLH,7072.72705078125,7081.818359375,6636.36376953125,6727.27294921875,6727.27294921875,651420.0,4382280144.580078,finance_datareader_yahoo_hose,https://github.com/FinanceData/FinanceDataReader,2026-07-30T05:45:17.721778+00:00,2023-01-20,338622b312b09f4a4eafe859ad07aee4308bb8f10b6abc2e2e1804ffb0b52971,finance-datareader-yahoo-hose-v2-business-day,real,VN000000TLH6,,-0.06447532834629666,-0.001349514459658141,-0.06447532834629666,,no_event_raw_close,7545.236108424107,7932.693668209203,7942.89038096223,7443.273362101319,1.1215891142487906,corporate-actions-v2,blocked_unresolved_material_event,False
2020-06-18,TMP,36000.0,36000.0,35000.0,35500.0,21260.578125,1250.0,44375000.0,finance_datareader_yahoo_hose,https://github.com/FinanceData/FinanceDataReader,2026-07-30T05:41:36.711074+00:00,2020-06-19,de37b23dba77c9c33625ffea47fff7e39e2ab093994f2d7f03ca13625be8b974,finance-datareader-yahoo-hose-v2-business-day,real,VN000000TMP7,,-0.01388888888888884,0.028985270239395122,-0.01388888888888884,,no_event_raw_close,36979.16666666661,37499.99999999995,37499.99999999995,36458.333333333285,1.0416666666666652,corporate-actions-v2,blocked_unresolved_material_event,False
2021-03-10,TMP,41100.0,41400.0,41100.0,41400.0,25714.603515625,260.0,10764000.0,finance_datareader_yahoo_hose,https://github.com/FinanceData/FinanceDataReader,2026-07-30T05:41:36.711074+00:00,2021-03-11,de37b23dba77c9c33625ffea47fff7e39e2ab093994f2d7f03ca13625be8b974,finance-datareader-yahoo-hose-v2-business-day,real,VN000000TMP7,,-0.011933174224343701,0.024752606640530583,-0.011933174224343701,,no_event_raw_close,43124.99999999996,42812.49999999996,43124.99999999996,42812.49999999996,1.0416666666666659,corporate-actions-v2,blocked_unresolved_material_event,False
2021-06-08,TMP,47700.0,47700.0,46000.0,47000.0,32138.376953125,44500.0,2091500000.0,finance_datareader_yahoo_hose,https://github.com/FinanceData/FinanceDataReader,2026-07-30T05:41:36.711074+00:00,2021-06-09,de37b23dba77c9c33625ffea47fff7e39e2ab093994f2d7f03ca13625be8b974,finance-datareader-yahoo-hose-v2-business-day,real,VN000000TMP7,,-0.04276985743380857,0.053811618125136906,-0.04276985743380857,,no_event_raw_close,48958.333333333336,49687.5,49687.5,47916.66666666667,1.0416666666666667,corporate-actions-v2,blocked_unresolved_material_event,False
2021-09-24,TMP,44000.0,45100.0,44000.0,45100.0,31705.79296875,1500.0,67650000.0,finance_datareader_yahoo_hose,https://github.com/FinanceData/FinanceDataReader,2026-07-30T05:41:36.711074+00:00,2021-09-25,de37b23dba77c9c33625ffea47fff7e39e2ab093994f2d7f03ca13625be8b974,finance-datareader-yahoo-hose-v2-business-day,real,VN000000TMP7,,0.0022222222222221255,0.030386153465997268,0.0022222222222221255,,no_event_raw_close,48263.263888888905,47086.111111111124,48263.263888888905,47086.111111111124,1.0701388888888892,corporate-actions-v2,blocked_unresolved_material_event,False
2022-06-22,TMP,55600.0,55600.0,55600.0,55600.0,41219.4453125,800.0,44480000.0,finance_datareader_yahoo_hose,https://github.com/FinanceData/FinanceDataReader,2026-07-30T05:41:36.711074+00:00,2022-06-23,de37b23dba77c9c33625ffea47fff7e39e2ab093994f2d7f03ca13625be8b974,finance-datareader-yahoo-hose-v2-business-day,real,VN000000TMP7,,-0.04137931034482756,0.010909049801758997,-0.04137931034482756,,no_event_raw_close,59499.722222222175,59499.722222222175,59499.722222222175,59499.722222222175,1.070138888888888,corporate-actions-v2,blocked_unresolved_material_event,False
2022-12-19,TMP,49500.0,49500.0,49500.0,49500.0,37306.25,100.0,4950000.0,finance_datareader_yahoo_hose,https://github.com/FinanceData/FinanceDataReader,2026-07-30T05:41:36.711074+00:00,2022-12-20,c2a70f26e62391cc4c8e70cf069f225370bc4f2a0b3cfac3fd8ed72f38698374,finance-datareader-yahoo-hose-v2-business-day,real,VN000000TMP7,,0.010204081632652962,0.02697088965934169,0.010204081632652962,,no_event_raw_close,52971.87500000001,52971.87500000001,52971.87500000001,52971.87500000001,1.070138888888889,corporate-actions-v2,blocked_unresolved_material_event,False
2023-06-12,TMP,55000.0,55400.0,54900.0,55400.0,42684.140625,2100.0,116340000.0,finance_datareader_yahoo_hose,https://github.com/FinanceData/FinanceDataReader,2026-07-30T05:41:36.711074+00:00,2023-06-13,c2a70f26e62391cc4c8e70cf069f225370bc4f2a0b3cfac3fd8ed72f38698374,finance-datareader-yahoo-hose-v2-business-day,real,VN000000TMP7,,0.0072727272727273196,0.029739750677445498,0.0072727272727273196,,no_event_raw_close,59285.69444444448,58857.63888888893,59285.69444444449,58750.625000000044,1.0701388888888896,corporate-actions-v2,blocked_unresolved_material_event,False
2023-07-17,TMP,60000.0,60000.0,60000.0,60000.0,47018.54296875,2400.0,144000000.0,finance_datareader_yahoo_hose,https://github.com/FinanceData/FinanceDataReader,2026-07-30T05:41:36.711074+00:00,2023-07-18,c2a70f26e62391cc4c8e70cf069f225370bc4f2a0b3cfac3fd8ed72f38698374,finance-datareader-yahoo-hose-v2-business-day,real,VN000000TMP7,,0.008403361344537785,0.025640966650076535,0.008403361344537785,,no_event_raw_close,64208.33333333337,64208.33333333338,64208.33333333338,64208.33333333338,1.0701388888888896,corporate-actions-v2,blocked_unresolved_material_event,False
2023-10-24,TMP,60400.0,60400.0,60400.0,60400.0,49389.9140625,100.0,6040000.0,finance_datareader_yahoo_hose,https://github.com/FinanceData/FinanceDataReader,2026-07-30T05:41:36.711074+00:00,2023-10-25,de37b23dba77c9c33625ffea47fff7e39e2ab093994f2d7f03ca13625be8b974,finance-datareader-yahoo-hose-v2-business-day,real,VN000000TMP7,,0.006666666666666599,0.05043480601527972,0.006666666666666599,,no_event_raw_close,64636.38888888886,64636.38888888887,64636.38888888887,64636.38888888887,1.0701388888888885,corporate-actions-v2,blocked_unresolved_material_event,False
2023-11-27,TMP,61500.0,61500.0,60000.0,61000.0,52082.40234375,3200.0,195200000.0,finance_datareader_yahoo_hose,https://github.com/FinanceData/FinanceDataReader,2026-07-30T05:41:36.711074+00:00,2023-11-28,c2a70f26e62391cc4c8e70cf069f225370bc4f2a0b3cfac3fd8ed72f38698374,finance-datareader-yahoo-hose-v2-business-day,real,VN000000TMP7,,-0.008130081300813052,0.035653715533669805,-0.008130081300813052,,no_event_raw_close,65278.47222222218,65813.54166666663,65813.54166666663,64208.3333333333,1.0701388888888883,corporate-actions-v2,blocked_unresolved_material_event,False
2024-01-22,TMP,70000.0,71000.0,68000.0,70500.0,63645.19140625,9300.0,655650000.0,finance_datareader_yahoo_hose,https://github.com/FinanceData/FinanceDataReader,2026-07-30T05:41:36.711074+00:00,2024-01-23,c2a70f26e62391cc4c8e70cf069f225370bc4f2a0b3cfac3fd8ed72f38698374,finance-datareader-yahoo-hose-v2-business-day,real,VN000000TMP7,,-0.015363128491620137,0.04109752636950059,-0.015363128491620137,,no_event_raw_close,75444.79166666664,74909.72222222219,75979.86111111108,72769.44444444442,1.0701388888888885,corporate-actions-v2,blocked_unresolved_material_event,False
2024-12-12,TMP,71100.0,71100.0,66800.0,66800.0,61818.875,5300.0,354040000.0,finance_datareader_yahoo_hose,https://github.com/FinanceData/FinanceDataReader,2026-07-30T05:41:36.711074+00:00,2024-12-13,de37b23dba77c9c33625ffea47fff7e39e2ab093994f2d7f03ca13625be8b974,finance-datareader-yahoo-hose-v2-business-day,real,VN000000TMP7,,-0.09115646258503396,-0.06834029435385547,-0.09115646258503396,,no_event_raw_close,71485.27777777784,76086.87500000007,76086.87500000007,71485.27777777784,1.0701388888888899,corporate-actions-v2,blocked_unresolved_material_event,False
2025-07-18,TMP,65800.0,65900.0,64800.0,64800.0,61081.96875,2600.0,168480000.0,finance_datareader_yahoo_hose,https://github.com/FinanceData/FinanceDataReader,2026-07-30T05:41:36.711074+00:00,2025-07-19,de37b23dba77c9c33625ffea47fff7e39e2ab093994f2d7f03ca13625be8b974,finance-datareader-yahoo-hose-v2-business-day,real,VN000000TMP7,,-0.015197568389057725,0.0030959561662591284,-0.015197568389057725,,no_event_raw_close,70609.65045592719,71699.3055555557,71808.27106551854,70609.65045592719,1.089655099628506,corporate-actions-v2,blocked_unresolved_material_event,False
2025-12-26,TMP,60000.0,61000.0,57200.0,61000.0,58458.33203125,31600.0,1927600000.0,finance_datareader_yahoo_hose,https://github.com/FinanceData/FinanceDataReader,2026-07-30T05:41:36.711074+00:00,2025-12-27,de37b23dba77c9c33625ffea47fff7e39e2ab093994f2d7f03ca13625be8b974,finance-datareader-yahoo-hose-v2-business-day,real,VN000000TMP7,,0.0,0.01666664402173912,0.0,,no_event_raw_close,66468.96107733884,65379.305977710326,66468.96107733884,62328.27169875051,1.0896550996285055,corporate-actions-v2,blocked_unresolved_material_event,False
2020-12-17,TMS,18492.962890625,18492.962890625,17480.37890625,18492.962890625,17727.388671875,171877.0,3178514982.751953,finance_datareader_yahoo_hose,https://github.com/FinanceData/FinanceDataReader,2026-07-30T05:41:05.299303+00:00,2020-12-18,fb2b6a72d75c2a17517b39c53b4fdb18a1fecbaf7e544eccbccbd6dfc614050a,finance-datareader-yahoo-hose-v2-business-day,real,VN000000TMS1,,0.055687876466060215,0.06983910963736784,0.055687876466060215,,no_event_raw_close,25063.963951819584,25063.963951819584,25063.963951819584,23691.584164293436,1.3553244063732885,corporate-actions-v2,blocked_unresolved_material_event,False
2024-07-24,TMS,45812.71875,45812.71875,45812.71875,45812.71875,44721.9375,2619.0,119983510.40625,finance_datareader_yahoo_hose,https://github.com/FinanceData/FinanceDataReader,2026-07-30T05:41:05.299303+00:00,2024-07-25,fb2b6a72d75c2a17517b39c53b4fdb18a1fecbaf7e544eccbccbd6dfc614050a,finance-datareader-yahoo-hose-v2-business-day,real,VN000000TMS1,,0.0,0.010100995842011962,0.0,,no_event_raw_close,94917.54844286983,94917.54844286983,94917.54844286983,94917.54844286983,2.07186019587344,corporate-actions-v2,blocked_unresolved_material_event,False
2025-10-10,TMS,41666.66796875,41960.78515625,41078.4296875,41666.66796875,41666.66796875,1020.0,42500001.328125,finance_datareader_yahoo_hose,https://github.com/FinanceData/FinanceDataReader,2026-07-30T05:41:05.299303+00:00,2025-10-11,fb2b6a72d75c2a17517b39c53b4fdb18a1fecbaf7e544eccbccbd6dfc614050a,finance-datareader-yahoo-hose-v2-business-day,real,VN000000TMS1,,0.011904838701108922,0.036585506883008545,0.011904838701108922,,no_event_raw_close,94613.71875159565,94613.71875159565,95281.57923132025,93277.98892211057,2.2707291790780086,corporate-actions-v2,blocked_unresolved_material_event,False
2022-04-19,TMT,26100.0,26600.0,24600.0,25600.0,23518.69921875,128200.0,3281920000.0,finance_datareader_yahoo_hose,https://github.com/FinanceData/FinanceDataReader,2026-07-30T05:45:18.867583+00:00,2022-04-20,a752d8cd59c5891cbda51bc7ebef062e30c7fda691a6b0966c61c5e94b761ec1,finance-datareader-yahoo-hose-v2-business-day,real,VN000000TMT9,,0.007874015748031482,0.09401711731282014,0.007874015748031482,,no_event_raw_close,25600.000000000015,26100.00000000002,26600.00000000002,24600.00000000002,1.0000000000000007,corporate-actions-v2,candidate_no_known_unresolved_event,False
2022-04-22,TMT,21050.0,22350.0,21050.0,21500.0,21500.0,83500.0,1795250000.0,finance_datareader_yahoo_hose,https://github.com/FinanceData/FinanceDataReader,2026-07-30T05:45:18.867583+00:00,2022-04-23,a752d8cd59c5891cbda51bc7ebef062e30c7fda691a6b0966c61c5e94b761ec1,finance-datareader-yahoo-hose-v2-business-day,real,VN000000TMT9,,-0.1260162601626016,-0.04867256637168138,-0.1260162601626016,,no_event_raw_close,23247.96747967481,22761.382113821153,24167.07317073172,22761.382113821153,1.0813008130081307,corporate-actions-v2,candidate_no_known_unresolved_event,False
2022-06-17,TN1,20984.548828125,21990.658203125,20984.548828125,21990.658203125,19464.552734375,12245.0,269275609.6972656,finance_datareader_yahoo_hose,https://github.com/FinanceData/FinanceDataReader,2026-08-13T08:24:16.694629+00:00,2022-06-18,b4367ab94dee379383e4aa873a7d172f3f9ead9ff4e85c28c6da7090bcac0e25,finance-datareader-yahoo-hose-v2-business-day,real,VN000000TN14,unverified,0.03378385326667188,0.05154649074085027,0.03378385326667188,,no_event_raw_close,30304.659182827047,28918.17036433005,30304.659182827047,28918.17036433005,1.3780696740819054,corporate-actions-v2,blocked_unresolved_material_event,False
2024-08-19,TN1,10743.8017578125,10743.8017578125,10743.8017578125,10743.8017578125,10243.03125,0.0,0.0,finance_datareader_yahoo_hose,https://github.com/FinanceData/FinanceDataReader,2026-08-13T08:24:16.694629+00:00,2024-08-20,a17a3d5929b4c0b4c5482c02cc2f4c49d25a493659f8055c4086d37e44a151c4,finance-datareader-yahoo-hose-v2-business-day,real,VN000000TN14,unverified,0.0,0.044176641259598526,0.0,,no_event_raw_close,16088.053541150151,16088.05354115015,16088.05354115015,16088.05354115015,1.4974265072837467,corporate-actions-v2,blocked_unresolved_material_event,False
2025-07-22,TN1,10500.0,10850.0,10050.0,10050.0,10050.0,39100.0,392955000.0,finance_datareader_yahoo_hose,https://github.com/FinanceData/FinanceDataReader,2026-08-13T08:24:16.694629+00:00,2025-07-23,b4367ab94dee379383e4aa873a7d172f3f9ead9ff4e85c28c6da7090bcac0e25,finance-datareader-yahoo-hose-v2-business-day,real,VN000000TN14,unverified,-0.06313556995999992,-0.01733330774305486,-0.06313556995999992,,no_event_raw_close,17255.492853658427,18028.126862031193,18629.0644240989,17255.492853658427,1.7169644630505898,corporate-actions-v2,blocked_unresolved_material_event,False
2020-07-22,TNC,20950.0,22000.0,20950.0,22000.0,18102.189453125,30.0,660000.0,finance_datareader_yahoo_hose,https://github.com/FinanceData/FinanceDataReader,2026-07-30T05:44:57.871637+00:00,2020-07-23,81246523a7bf9dde90368c3ee52c1a5fb9a64b1bb8152b2c205a74f5f919c2aa,finance-datareader-yahoo-hose-v2-business-day,real,VN000000TNC3,,-0.08333333333333337,-0.022222257387805477,-0.08333333333333337,,no_event_raw_close,23375.000000000025,22259.375000000022,23375.000000000025,22259.375000000022,1.062500000000001,corporate-actions-v2,candidate_no_known_unresolved_event,False
2021-10-22,TNC,38000.0,38000.0,37500.0,37500.0,32480.009765625,1500.0,56250000.0,finance_datareader_yahoo_hose,https://github.com/FinanceData/FinanceDataReader,2026-07-30T05:44:57.871637+00:00,2021-10-23,81246523a7bf9dde90368c3ee52c1a5fb9a64b1bb8152b2c205a74f5f919c2aa,finance-datareader-yahoo-hose-v2-business-day,real,VN000000TNC3,,-0.0625,-0.013157824463516432,-0.0625,,no_event_raw_close,41835.9375000001,42393.7500000001,42393.7500000001,41835.9375000001,1.1156250000000028,corporate-actions-v2,candidate_no_known_unresolved_event,False
2022-07-08,TNC,51200.0,53400.0,47900.0,47900.0,43102.109375,500.0,23950000.0,finance_datareader_yahoo_hose,https://github.com/FinanceData/FinanceDataReader,2026-07-30T05:44:57.871637+00:00,2022-07-09,81246523a7bf9dde90368c3ee52c1a5fb9a64b1bb8152b2c205a74f5f919c2aa,finance-datareader-yahoo-hose-v2-business-day,real,VN000000TNC3,,-0.10299625468164797,-0.06809327496026107,-0.10299625468164797,,no_event_raw_close,55439.87710674171,59259.32584269677,61805.62500000015,55439.87710674171,1.1574087078651714,corporate-actions-v2,candidate_no_known_unresolved_event,False
2023-07-20,TNC,58000.0,58000.0,58000.0,58000.0,53700.7734375,200.0,11600000.0,finance_datareader_yahoo_hose,https://github.com/FinanceData/FinanceDataReader,2026-07-30T05:44:57.871637+00:00,2023-07-21,81246523a7bf9dde90368c3ee52c1a5fb9a64b1bb8152b2c205a74f5f919c2aa,finance-datareader-yahoo-hose-v2-business-day,real,VN000000TNC3,,-0.09375,-0.06752416417394136,-0.09375,,no_event_raw_close,69017.72801088498,69017.72801088498,69017.72801088498,69017.72801088498,1.189960827773879,corporate-actions-v2,candidate_no_known_unresolved_event,False
2024-07-26,TNC,35200.0,37750.0,35200.0,37750.0,36062.84765625,200.0,7550000.0,finance_datareader_yahoo_hose,https://github.com/FinanceData/FinanceDataReader,2026-07-30T05:44:57.871637+00:00,2024-07-27,81246523a7bf9dde90368c3ee52c1a5fb9a64b1bb8152b2c205a74f5f919c2aa,finance-datareader-yahoo-hose-v2-business-day,real,VN000000TNC3,,-0.03080872913992294,0.0,-0.03080872913992294,,no_event_raw_close,46304.98082479659,43177.09470285669,46304.98082479659,43177.09470285669,1.2266220086038833,corporate-actions-v2,candidate_no_known_unresolved_event,False
2025-08-05,TNC,32250.0,32250.0,30000.0,31400.0,31400.0,7200.0,226080000.0,finance_datareader_yahoo_hose,https://github.com/FinanceData/FinanceDataReader,2026-07-30T05:44:57.871637+00:00,2025-08-06,81246523a7bf9dde90368c3ee52c1a5fb9a64b1bb8152b2c205a74f5f919c2aa,finance-datareader-yahoo-hose-v2-business-day,real,VN000000TNC3,,-0.12290502793296088,-0.08187134502923976,-0.12290502793296088,,no_event_raw_close,40237.313464359126,41326.540102725536,41326.540102725536,38443.29311881445,1.2814431039604817,corporate-actions-v2,candidate_no_known_unresolved_event,False
2023-02-21,TPB,13599.0888671875,14026.732421875,13570.5791015625,14026.732421875,11466.0751953125,15260287.0,214051962430.01758,finance_datareader_yahoo_hose,https://github.com/FinanceData/FinanceDataReader,2026-07-30T05:38:51.483129+00:00,2023-02-22,6d14ef6e1735618f548a07e9ed09781ce9d6f6f31bdf655ba345eda36c884e57,finance-datareader-yahoo-hose-v2-business-day,real,VN000000TPB0,,0.031446485780333155,0.2637732453063777,0.031446485780333155,,no_event_raw_close,16832.078906249953,16318.906640624955,16832.078906249953,16284.694921874954,1.1999999999999966,corporate-actions-v2,blocked_unresolved_material_event,False
2023-03-21,TPB,13000.38671875,13000.38671875,12316.1552734375,12316.1552734375,11171.697265625,6828923.0,84106076018.34863,finance_datareader_yahoo_hose,https://github.com/FinanceData/FinanceDataReader,2026-07-30T05:38:51.483129+00:00,2023-03-22,6d14ef6e1735618f548a07e9ed09781ce9d6f6f31bdf655ba345eda36c884e57,finance-datareader-yahoo-hose-v2-business-day,real,VN000000TPB0,,-0.1462450670480706,-0.052631465623970475,-0.1462450670480706,,no_event_raw_close,17340.651126980734,18304.021474288988,18304.021474288988,17340.651126980734,1.4079597684497909,corporate-actions-v2,blocked_unresolved_material_event,False
2024-06-21,TPB,14523.8095703125,14523.8095703125,14285.7138671875,14484.126953125,13502.15234375,11252052.0,162976149651.16406,finance_datareader_yahoo_hose,https://github.com/FinanceData/FinanceDataReader,2026-07-30T05:38:51.483129+00:00,2024-06-22,6d14ef6e1735618f548a07e9ed09781ce9d6f6f31bdf655ba345eda36c884e57,finance-datareader-yahoo-hose-v2-business-day,real,VN000000TPB0,,-0.016172537848686996,0.011080255230742075,-0.016172537848686996,,no_event_raw_close,21085.66277402178,21143.4318260823,21143.4318260823,20796.81751371919,1.455777268610068,corporate-actions-v2,blocked_unresolved_material_event,False
2025-05-14,TPB,13476.1904296875,14095.23828125,13428.5712890625,14047.619140625,14047.619140625,35992215.0,505604928347.49023,finance_datareader_yahoo_hose,https://github.com/FinanceData/FinanceDataReader,2026-07-30T05:38:51.483129+00:00,2025-05-15,6d14ef6e1735618f548a07e9ed09781ce9d6f6f31bdf655ba345eda36c884e57,finance-datareader-yahoo-hose-v2-business-day,real,VN000000TPB0,,0.0,0.07272726459194234,0.0,,no_event_raw_close,26287.17826994831,25217.86906939203,26376.287522280687,25128.75981705965,1.8712906441154236,corporate-actions-v2,blocked_unresolved_material_event,False
2020-08-24,TPC,8300.0,8300.0,8090.0,8160.0,7034.3037109375,4630.0,37780800.0,finance_datareader_yahoo_hose,https://github.com/FinanceData/FinanceDataReader,2026-07-30T05:56:41.044761+00:00,2020-08-25,775521a875c5cf7f2bbf2365c0f8189b2500261a1e32c5d7ff8f9451264cf6d5,finance-datareader-yahoo-hose-v2-business-day,real,VN000000TPC8,,-0.08211473565804273,0.008652723895462122,-0.08211473565804273,,no_event_raw_close,8159.999999999992,8299.99999999999,8299.99999999999,8089.999999999992,0.999999999999999,corporate-actions-v2,blocked_unresolved_material_event,False
2021-08-27,TPC,9990.0,10000.0,9990.0,10000.0,9317.0732421875,2600.0,26000000.0,finance_datareader_yahoo_hose,https://github.com/FinanceData/FinanceDataReader,2026-07-30T05:56:41.044761+00:00,2021-08-28,cf684dd22ea624b6cae6a207d65002c09925f16ba296b760ad763e9b44a87f93,finance-datareader-yahoo-hose-v2-business-day,real,VN000000TPC8,,-0.06542056074766356,0.010100921338781266,-0.06542056074766356,,no_event_raw_close,10747.663551401856,10736.915887850455,10747.663551401856,10736.915887850455,1.0747663551401856,corporate-actions-v2,blocked_unresolved_material_event,False
2022-05-25,TPC,9570.0,9890.0,9570.0,9890.0,9890.0,800.0,7912000.0,finance_datareader_yahoo_hose,https://github.com/FinanceData/FinanceDataReader,2026-07-30T05:56:41.044761+00:00,2022-05-26,cf684dd22ea624b6cae6a207d65002c09925f16ba296b760ad763e9b44a87f93,finance-datareader-yahoo-hose-v2-business-day,real,VN000000TPC8,,-0.035121951219512226,0.03560209424083771,-0.035121951219512226,,no_event_raw_close,11355.35217688623,10987.939366309525,11355.352176886228,10987.939366309525,1.148165033052197,corporate-actions-v2,blocked_unresolved_material_event,False
2020-01-07,TRA,29400.0,29500.0,29400.0,29500.0,21021.724609375,1520.0,44840000.0,finance_datareader_yahoo_hose,https://github.com/FinanceData/FinanceDataReader,2026-07-30T05:41:44.373329+00:00,2020-01-08,2a2bbf07bedda64ad78f1034c0d86b7cd5a072c7a04522e73895f3bdd6c32146,finance-datareader-yahoo-hose-v2-business-day,real,VN000000TRA8,,-0.02960526315789469,0.0034013453236698687,-0.02960526315789469,,no_event_raw_close,29500.000000000004,29400.000000000007,29500.000000000007,29400.000000000007,1.0000000000000002,corporate-actions-v2,blocked_unresolved_material_event,False
2020-06-19,TRA,28500.0,28750.0,28250.0,28250.0,20490.45703125,3280.0,92660000.0,finance_datareader_yahoo_hose,https://github.com/FinanceData/FinanceDataReader,2026-07-30T05:41:44.373329+00:00,2020-06-20,2a2bbf07bedda64ad78f1034c0d86b7cd5a072c7a04522e73895f3bdd6c32146,finance-datareader-yahoo-hose-v2-business-day,real,VN000000TRA8,,-0.00877192982456143,0.00892859890566422,-0.00877192982456143,,no_event_raw_close,29241.22807017546,29500.000000000022,29758.771929824583,29241.22807017546,1.0350877192982464,corporate-actions-v2,blocked_unresolved_material_event,False
2021-01-20,TRA,35500.0,35500.0,33250.0,34000.0,25365.681640625,1200.0,40800000.0,finance_datareader_yahoo_hose,https://github.com/FinanceData/FinanceDataReader,2026-07-30T05:41:44.373329+00:00,2021-01-21,2a2bbf07bedda64ad78f1034c0d86b7cd5a072c7a04522e73895f3bdd6c32146,finance-datareader-yahoo-hose-v2-business-day,real,VN000000TRA8,,-0.05555555555555558,-0.028571405063247624,-0.05555555555555558,,no_event_raw_close,37148.14814814821,38787.03703703711,38787.03703703711,36328.703703703766,1.0925925925925946,corporate-actions-v2,blocked_unresolved_material_event,False
2021-05-24,TRA,33600.0,33600.0,33250.0,33250.0,25937.576171875,420.0,13965000.0,finance_datareader_yahoo_hose,https://github.com/FinanceData/FinanceDataReader,2026-07-30T05:41:44.373329+00:00,2021-05-25,8270d4113867845b8044f2431193f7043aedddebff4c99daef7885bddb1865ee,finance-datareader-yahoo-hose-v2-business-day,real,VN000000TRA8,,-0.014814814814814836,0.0,-0.014814814814814836,,no_event_raw_close,37405.109739369094,37798.84773662561,37798.84773662561,37405.109739369094,1.1249657064471907,corporate-actions-v2,blocked_unresolved_material_event,False
2022-01-14,TRA,44300.0,44300.0,44250.0,44250.0,35295.87109375,3000.0,132750000.0,finance_datareader_yahoo_hose,https://github.com/FinanceData/FinanceDataReader,2026-07-30T05:41:44.373329+00:00,2022-01-15,2a2bbf07bedda64ad78f1034c0d86b7cd5a072c7a04522e73895f3bdd6c32146,finance-datareader-yahoo-hose-v2-business-day,real,VN000000TRA8,,-0.025330396475770955,-0.0033784182495029125,-0.025330396475770955,,no_event_raw_close,51972.67226845061,52031.398451804795,52031.398451804795,51972.67226845061,1.1745236670836297,corporate-actions-v2,blocked_unresolved_material_event,False
2022-06-10,TRA,46150.0,46750.0,46150.0,46750.0,37688.80859375,2800.0,130900000.0,finance_datareader_yahoo_hose,https://github.com/FinanceData/FinanceDataReader,2026-07-30T05:41:44.373329+00:00,2022-06-11,2a2bbf07bedda64ad78f1034c0d86b7cd5a072c7a04522e73895f3bdd6c32146,finance-datareader-yahoo-hose-v2-business-day,real,VN000000TRA8,,-0.010582010582010581,0.0,-0.010582010582010581,,no_event_raw_close,56071.07628136941,55351.447494870554,56071.07628136942,55351.447494870554,1.1993813108314313,corporate-actions-v2,blocked_unresolved_material_event,False
2022-11-18,TRA,45400.0,45400.0,45000.0,45000.0,37085.07421875,11400.0,513000000.0,finance_datareader_yahoo_hose,https://github.com/FinanceData/FinanceDataReader,2026-07-30T05:41:44.373329+00:00,2022-11-19,2a2bbf07bedda64ad78f1034c0d86b7cd5a072c7a04522e73895f3bdd6c32146,finance-datareader-yahoo-hose-v2-business-day,real,VN000000TRA8,,-0.020674646354733373,0.0011122791377748964,-0.020674646354733373,,no_event_raw_close,56321.32804018545,56821.96206720932,56821.96206720932,56321.32804018545,1.2515850675596767,corporate-actions-v2,blocked_unresolved_material_event,False
2023-06-14,TRA,45500.0,45500.0,45500.0,45500.0,37915.16015625,400.0,18200000.0,finance_datareader_yahoo_hose,https://github.com/FinanceData/FinanceDataReader,2026-07-30T05:41:44.373329+00:00,2023-06-15,2a2bbf07bedda64ad78f1034c0d86b7cd5a072c7a04522e73895f3bdd6c32146,finance-datareader-yahoo-hose-v2-business-day,real,VN000000TRA8,,0.00330760749724357,0.014492736960707076,0.00330760749724357,,no_event_raw_close,58202.84539367789,58202.84539367788,58202.84539367788,58202.84539367788,1.2791834152456678,corporate-actions-v2,blocked_unresolved_material_event,False
2024-01-17,TRA,43500.0,43500.0,43500.0,43500.0,37117.828125,200.0,8700000.0,finance_datareader_yahoo_hose,https://github.com/FinanceData/FinanceDataReader,2026-07-30T05:41:44.373329+00:00,2024-01-18,2a2bbf07bedda64ad78f1034c0d86b7cd5a072c7a04522e73895f3bdd6c32146,finance-datareader-yahoo-hose-v2-business-day,real,VN000000TRA8,,0.0187353629976581,0.04316546841569702,0.0187353629976581,,no_event_raw_close,58250.77732492834,58250.77732492834,58250.77732492834,58250.77732492834,1.3390983293086975,corporate-actions-v2,blocked_unresolved_material_event,False
2024-06-18,TRA,39800.0,40150.0,39800.0,40150.0,35120.1171875,8200.0,329230000.0,finance_datareader_yahoo_hose,https://github.com/FinanceData/FinanceDataReader,2026-07-30T05:41:44.373329+00:00,2024-06-19,2a2bbf07bedda64ad78f1034c0d86b7cd5a072c7a04522e73895f3bdd6c32146,finance-datareader-yahoo-hose-v2-business-day,real,VN000000TRA8,,-0.015931372549019662,0.00879406541960659,-0.015931372549019662,,no_event_raw_close,56400.32723163359,55908.66809013741,56400.32723163359,55908.66809013741,1.4047404042748093,corporate-actions-v2,blocked_unresolved_material_event,False
2025-01-06,TRA,38700.0,38700.0,38400.0,38400.0,34456.171875,5600.0,215040000.0,finance_datareader_yahoo_hose,https://github.com/FinanceData/FinanceDataReader,2026-07-30T05:41:44.373329+00:00,2025-01-07,8270d4113867845b8044f2431193f7043aedddebff4c99daef7885bddb1865ee,finance-datareader-yahoo-hose-v2-business-day,real,VN000000TRA8,,-0.03396226415094339,-0.009032398966474009,-0.03396226415094339,,no_event_raw_close,56656.09600335529,57098.7217533815,57098.7217533815,56656.096003355284,1.475419166754044,corporate-actions-v2,blocked_unresolved_material_event,False
2025-06-16,TRA,36500.0,36500.0,36250.0,36500.0,33673.8828125,12200.0,445300000.0,finance_datareader_yahoo_hose,https://github.com/FinanceData/FinanceDataReader,2026-07-30T05:41:44.373329+00:00,2025-06-17,8270d4113867845b8044f2431193f7043aedddebff4c99daef7885bddb1865ee,finance-datareader-yahoo-hose-v2-business-day,real,VN000000TRA8,,0.0,0.0281690182841563,0.0,,no_event_raw_close,56803.63792003072,56803.63792003072,56803.63792003072,56414.57190687982,1.5562640526035814,corporate-actions-v2,blocked_unresolved_material_event,False
2020-07-30,TRC,31000.0,31000.0,30000.0,30800.0,24902.8828125,24000.0,739200000.0,finance_datareader_yahoo_hose,https://github.com/FinanceData/FinanceDataReader,2026-07-30T05:42:02.271512+00:00,2020-07-31,d8f73129ee7eaff4120a4adb8c5837ff0f450f3c6e40ef426de7c27f28772b07,finance-datareader-yahoo-hose-v2-business-day,real,VN000000TRC4,,0.01650165016501659,0.026666583998310234,0.01650165016501659,,no_event_raw_close,31104.950495049492,31306.930693069295,31306.930693069295,30297.029702970285,1.0099009900990095,corporate-actions-v2,candidate_no_known_unresolved_event,False
2020-12-18,TRC,35800.0,35800.0,33500.0,33500.0,27842.51953125,260.0,8710000.0,finance_datareader_yahoo_hose,https://github.com/FinanceData/FinanceDataReader,2026-07-30T05:42:02.271512+00:00,2020-12-19,d8f73129ee7eaff4120a4adb8c5837ff0f450f3c6e40ef426de7c27f28772b07,finance-datareader-yahoo-hose-v2-business-day,real,VN000000TRC4,,-0.08967391304347827,-0.06424575504841246,-0.08967391304347827,,no_event_raw_close,34751.022384847165,37136.913473956076,37136.913473956076,34751.022384847165,1.0373439517864826,corporate-actions-v2,candidate_no_known_unresolved_event,False
2021-11-09,TRC,47800.0,47900.0,47200.0,47200.0,39980.0546875,10400.0,490880000.0,finance_datareader_yahoo_hose,https://github.com/FinanceData/FinanceDataReader,2026-07-30T05:42:02.271512+00:00,2021-11-10,d8f73129ee7eaff4120a4adb8c5837ff0f450f3c6e40ef426de7c27f28772b07,finance-datareader-yahoo-hose-v2-business-day,real,VN000000TRC4,,-0.014613778705636737,0.004255398480600192,-0.014613778705636737,,no_event_raw_close,49882.60051747206,50516.70137150772,50622.38484718033,49882.600517472056,1.056834756726103,corporate-actions-v2,candidate_no_known_unresolved_event,False
2021-12-16,TRC,45850.0,45850.0,45500.0,45500.0,39380.6640625,15600.0,709800000.0,finance_datareader_yahoo_hose,https://github.com/FinanceData/FinanceDataReader,2026-07-30T05:42:02.271512+00:00,2021-12-17,d8f73129ee7eaff4120a4adb8c5837ff0f450f3c6e40ef426de7c27f28772b07,finance-datareader-yahoo-hose-v2-business-day,real,VN000000TRC4,,-0.028815368196371427,-0.0076336253568264345,-0.028815368196371427,,no_event_raw_close,49112.36310512601,49490.15051362698,49490.15051362698,49112.36310512601,1.0793925957170551,corporate-actions-v2,candidate_no_known_unresolved_event,False
2022-09-20,TRC,40750.0,40750.0,40750.0,40750.0,36066.046875,0.0,0.0,finance_datareader_yahoo_hose,https://github.com/FinanceData/FinanceDataReader,2026-07-30T05:42:02.271512+00:00,2022-09-21,d8f73129ee7eaff4120a4adb8c5837ff0f450f3c6e40ef426de7c27f28772b07,finance-datareader-yahoo-hose-v2-business-day,real,VN000000TRC4,,0.0,0.022584694125844074,0.0,,no_event_raw_close,44956.70161161524,44956.70161161524,44956.70161161524,44956.70161161524,1.103231941389331,corporate-actions-v2,candidate_no_known_unresolved_event,False
2022-12-19,TRC,32000.0,32000.0,32000.0,32000.0,29248.8671875,100.0,3200000.0,finance_datareader_yahoo_hose,https://github.com/FinanceData/FinanceDataReader,2026-07-30T05:42:02.271512+00:00,2022-12-20,bf3e9ce1baadbc7ffb193b5e08662123d27a02581650d1b253f1eab6e40ead5b,finance-datareader-yahoo-hose-v2-business-day,real,VN000000TRC4,,0.014263074484944571,0.04746319572862445,0.014263074484944571,,no_event_raw_close,36422.389545202146,36422.389545202146,36422.389545202146,36422.389545202146,1.138199673287567,corporate-actions-v2,candidate_no_known_unresolved_event,False
2022-12-20,TRC,32000.0,32000.0,29800.0,31400.0,29626.2734375,14000.0,439600000.0,finance_datareader_yahoo_hose,https://github.com/FinanceData/FinanceDataReader,2026-07-30T05:42:02.271512+00:00,2022-12-21,d8f73129ee7eaff4120a4adb8c5837ff0f450f3c6e40ef426de7c27f28772b07,finance-datareader-yahoo-hose-v2-business-day,real,VN000000TRC4,,-0.018750000000000044,0.012903277504070054,-0.018750000000000044,,no_event_raw_close,35739.46974122961,36422.38954520215,36422.38954520215,33918.3502639695,1.1381996732875672,corporate-actions-v2,candidate_no_known_unresolved_event,False
2024-09-30,TRC,39700.0,39800.0,39100.0,39500.0,38126.56640625,29800.0,1177100000.0,finance_datareader_yahoo_hose,https://github.com/FinanceData/FinanceDataReader,2026-07-30T05:42:02.271512+00:00,2024-10-01,bf3e9ce1baadbc7ffb193b5e08662123d27a02581650d1b253f1eab6e40ead5b,finance-datareader-yahoo-hose-v2-business-day,real,VN000000TRC4,,-0.012499999999999956,0.010230230911961291,-0.012499999999999956,,no_event_raw_close,45970.46205449321,46203.22388768052,46319.604804274175,45504.9383881186,1.163809165936537,corporate-actions-v2,candidate_no_known_unresolved_event,False
2025-07-31,TRC,72400.0,72400.0,68200.0,68200.0,68200.0,423500.0,28882700000.0,finance_datareader_yahoo_hose,https://github.com/FinanceData/FinanceDataReader,2026-07-30T05:42:02.271512+00:00,2025-08-01,d8f73129ee7eaff4120a4adb8c5837ff0f450f3c6e40ef426de7c27f28772b07,finance-datareader-yahoo-hose-v2-business-day,real,VN000000TRC4,,-0.05146036161335188,-0.01729106628242072,-0.05146036161335188,,no_event_raw_close,82131.58293039298,87189.5396504465,87189.5396504465,82131.58293039298,1.204275409536554,corporate-actions-v2,candidate_no_known_unresolved_event,False
2020-01-22,TTE,11000.0,11000.0,11000.0,11000.0,11000.0,0.0,0.0,finance_datareader_yahoo_hose,https://github.com/FinanceData/FinanceDataReader,2026-07-30T05:43:48.210578+00:00,2020-01-23,676d3730b9705493ede546c4aefb97e2fef063bc9733f5bdfac0f6b8e15079fd,finance-datareader-yahoo-hose-v2-business-day,real,VN000000TTE6,,0.0,0.05769230769230771,0.0,,no_event_raw_close,11600.0,11599.999999999998,11599.999999999998,11599.999999999998,1.0545454545454545,corporate-actions-v2,candidate_no_known_unresolved_event,False
2021-07-15,TV2,34461.5390625,34461.5390625,34461.5390625,34461.5390625,30077.923828125,0.0,0.0,finance_datareader_yahoo_hose,https://github.com/FinanceData/FinanceDataReader,2026-08-13T08:24:33.078011+00:00,2021-07-16,835798ebdc50f472e0c0ee6f4b2bc824ad254430afd04616007701cdb61110dd,finance-datareader-yahoo-hose-v2-business-day,real,VN000000TV22,unverified,0.0,0.029884987827881737,0.0,,no_event_raw_close,34461.539062499985,34461.539062499985,34461.539062499985,34461.539062499985,0.9999999999999996,corporate-actions-v2,blocked_unresolved_material_event,False
2021-07-19,TV2,33538.4609375,33538.4609375,33538.4609375,33538.4609375,29797.990234375,0.0,0.0,finance_datareader_yahoo_hose,https://github.com/FinanceData/FinanceDataReader,2026-08-13T08:24:33.078011+00:00,2021-07-20,6f4a2242b048ebf85e6b00973ebe175f258c56c548722171a949c96a0464bb5a,finance-datareader-yahoo-hose-v2-business-day,real,VN000000TV22,unverified,0.0,0.017959751660744816,0.0,,no_event_raw_close,34538.460937499985,34538.460937499985,34538.460937499985,34538.460937499985,1.029816514295737,corporate-actions-v2,blocked_unresolved_material_event,False
2022-11-16,TV2,18300.0,19600.0,18300.0,18300.0,16810.1953125,110000.0,2013000000.0,finance_datareader_yahoo_hose,https://github.com/FinanceData/FinanceDataReader,2026-08-13T08:24:33.078011+00:00,2022-11-17,835798ebdc50f472e0c0ee6f4b2bc824ad254430afd04616007701cdb61110dd,finance-datareader-yahoo-hose-v2-business-day,real,VN000000TV22,unverified,-0.2200000199795077,-0.19355928325250804,-0.2200000199795077,,no_event_raw_close,19648.89907218741,19648.89907218741,21044.722503544985,19648.89907218741,1.0737103318135197,corporate-actions-v2,blocked_unresolved_material_event,False
2023-12-12,TV2,39450.0,40000.0,39100.0,39100.0,36828.46484375,140700.0,5501370000.0,finance_datareader_yahoo_hose,https://github.com/FinanceData/FinanceDataReader,2026-08-13T08:24:33.078011+00:00,2023-12-13,835798ebdc50f472e0c0ee6f4b2bc824ad254430afd04616007701cdb61110dd,finance-datareader-yahoo-hose-v2-business-day,real,VN000000TV22,unverified,-0.03217821782178221,-0.007614185681166896,-0.03217821782178221,,no_event_raw_close,43021.23422078756,43406.33478286622,44011.49280898983,43021.23422078756,1.1002873202247458,corporate-actions-v2,blocked_unresolved_material_event,False
2024-12-06,TV2,30900.0,31400.0,30500.0,31150.0,30288.3125,432800.0,13481720000.0,finance_datareader_yahoo_hose,https://github.com/FinanceData/FinanceDataReader,2026-08-13T08:24:33.078011+00:00,2024-12-07,835798ebdc50f472e0c0ee6f4b2bc824ad254430afd04616007701cdb61110dd,finance-datareader-yahoo-hose-v2-business-day,real,VN000000TV22,unverified,-0.025039123630672955,0.006462012160008079,-0.025039123630672955,,no_event_raw_close,35346.68711498511,35063.00583797881,35630.36839199141,34609.115794768724,1.134725108025204,corporate-actions-v2,blocked_unresolved_material_event,False
2025-12-18,TV2,35400.0,35500.0,35000.0,35300.0,35300.0,106000.0,3741800000.0,finance_datareader_yahoo_hose,https://github.com/FinanceData/FinanceDataReader,2026-08-13T08:24:33.078011+00:00,2025-12-19,835798ebdc50f472e0c0ee6f4b2bc824ad254430afd04616007701cdb61110dd,finance-datareader-yahoo-hose-v2-business-day,real,VN000000TV22,unverified,-0.023513139695712337,0.004267425320056972,-0.023513139695712337,,no_event_raw_close,40055.79631328968,40169.26882409219,40282.741334894716,39715.378780882114,1.1347251080252032,corporate-actions-v2,blocked_unresolved_material_event,False
2020-12-11,TVB,10501.994140625,10501.994140625,10064.4111328125,10151.927734375,9697.703125,394827.0,4008255171.580078,finance_datareader_yahoo_hose,https://github.com/FinanceData/FinanceDataReader,2026-07-30T05:44:00.930417+00:00,2020-12-12,7bdcd7618ae2ba9dc1f55bdacc940839744a32e1a7929eb77bba602d6f4b10e4,finance-datareader-yahoo-hose-v2-business-day,real,VN000000TVB8,,-0.0830039783697919,-0.004291879920411135,-0.0830039783697919,,no_event_raw_close,11068.923756005182,11450.610708641725,11450.610708641725,10973.502017846047,1.0903272802588204,corporate-actions-v2,blocked_unresolved_material_event,False
2022-03-31,TVB,12648.236091507815,12648.236091507815,12173.184001449532,12470.09155773596,12470.09155773596,1634160.0,20378124819.989796,fdr_segment_scaled_by_cafef_crosscheck,https://cafef.vn/du-lieu/lich-su-giao-dich-hose/all-1.chn,2026-07-30T05:44:00.930417+00:00,2022-04-01,f30b249d041f3c223129ef56bb4e63f656b4c4a48c1292b797cb616cbf74150f,fdr-cafef-segment-scale-v1,real,VN000000TVB8,,-0.060402715013826436,-0.016393475992286688,-0.060402715013826436,,no_event_raw_close,13596.481012724724,13790.716857725167,13790.716857725167,13272.75460439065,1.0903272802588202,corporate-actions-v2,blocked_unresolved_material_event,False
2021-05-24,TVS,9421.134765625,9712.509765625,9226.884765625,9688.228515625,9688.228515625,27655.0,267927959.59960938,finance_datareader_yahoo_hose,https://github.com/FinanceData/FinanceDataReader,2026-07-30T05:41:42.170677+00:00,2021-05-25,83240b8a1bf73bc838f7d7e5f15198ac6d0bc7de3fead5414561afe8e921164c,finance-datareader-yahoo-hose-v2-business-day,real,VN000000TVS2,,0.02307689927884682,0.05555549644510971,0.02307689927884682,,no_event_raw_close,11126.240627607693,10819.502473378847,11154.12591435577,10596.42017939423,1.1484287978616001,corporate-actions-v2,blocked_unresolved_material_event,False
2020-04-01,TVT,22000.0,22000.0,21600.0,21600.0,13622.0625,2340.0,50544000.0,finance_datareader_yahoo_hose,https://github.com/FinanceData/FinanceDataReader,2026-07-30T05:55:50.332058+00:00,2020-04-02,9e3a4b52960d2a0b4363246cd88fc5cbce25a42bfe374341934c43fea84ab9fa,finance-datareader-yahoo-hose-v2-business-day,real,VN000000TVT0,,-0.07494646680942185,0.03597114608152174,-0.07494646680942185,,no_event_raw_close,23912.633832976437,24355.460385438964,24355.460385438964,23912.63383297644,1.1070663811563166,corporate-actions-v2,candidate_no_known_unresolved_event,False
2021-06-15,TVT,27000.0,27000.0,26100.0,26100.0,17532.099609375,1000.0,26100000.0,finance_datareader_yahoo_hose,https://github.com/FinanceData/FinanceDataReader,2026-07-30T05:55:50.332058+00:00,2021-06-16,9e3a4b52960d2a0b4363246cd88fc5cbce25a42bfe374341934c43fea84ab9fa,finance-datareader-yahoo-hose-v2-business-day,real,VN000000TVT0,,-0.0611510791366906,0.0,-0.0611510791366906,,no_event_raw_close,30661.358279543318,31718.64649607929,31718.64649607929,30661.358279543314,1.1747646850399738,corporate-actions-v2,candidate_no_known_unresolved_event,False
2022-09-26,TVT,30700.0,30700.0,28550.0,29600.0,21579.662109375,12000.0,355200000.0,finance_datareader_yahoo_hose,https://github.com/FinanceData/FinanceDataReader,2026-07-30T05:55:50.332058+00:00,2022-09-27,316e2b5d4b03f883ae0b8bacabf549037db4aab81fd5db269231f17d9053b162,finance-datareader-yahoo-hose-v2-business-day,real,VN000000TVT0,,-0.0691823899371069,0.010238820160216822,-0.0691823899371069,,no_event_raw_close,37506.76381847124,38900.59625767119,38900.59625767119,36176.287399234934,1.2671203992726772,corporate-actions-v2,candidate_no_known_unresolved_event,False
2023-06-14,TVT,24000.0,24000.0,22500.0,22850.0,18465.41796875,16000.0,365600000.0,finance_datareader_yahoo_hose,https://github.com/FinanceData/FinanceDataReader,2026-07-30T05:55:50.332058+00:00,2023-06-15,9e3a4b52960d2a0b4363246cd88fc5cbce25a42bfe374341934c43fea84ab9fa,finance-datareader-yahoo-hose-v2-business-day,real,VN000000TVT0,,-0.10567514677103718,-0.00867669269429816,-0.10567514677103718,,no_event_raw_close,31786.744286138048,33386.514786315674,33386.514786315674,31299.857612170945,1.391104782763153,corporate-actions-v2,candidate_no_known_unresolved_event,False
2024-06-24,TVT,16550.0,16950.0,16550.0,16800.0,14374.9326171875,7900.0,132720000.0,finance_datareader_yahoo_hose,https://github.com/FinanceData/FinanceDataReader,2026-07-30T05:55:50.332058+00:00,2024-06-25,316e2b5d4b03f883ae0b8bacabf549037db4aab81fd5db269231f17d9053b162,finance-datareader-yahoo-hose-v2-business-day,real,VN000000TVT0,,-0.06666666666666665,-0.011764621370139672,-0.06666666666666665,,no_event_raw_close,24668.92481433326,24301.827718881872,24889.183071604093,24301.827718881872,1.4683883818055512,corporate-actions-v2,candidate_no_known_unresolved_event,False
2024-12-23,TVT,16400.0,16600.0,15750.0,16550.0,14524.1220703125,19600.0,324380000.0,finance_datareader_yahoo_hose,https://github.com/FinanceData/FinanceDataReader,2026-07-30T05:55:50.332058+00:00,2024-12-24,316e2b5d4b03f883ae0b8bacabf549037db4aab81fd5db269231f17d9053b162,finance-datareader-yahoo-hose-v2-business-day,real,VN000000TVT0,,0.034375000000000044,0.060897436126063687,0.034375000000000044,,no_event_raw_close,24909.373411853885,24683.60869815128,24984.62831642142,23705.294938773335,1.505098091350688,corporate-actions-v2,candidate_no_known_unresolved_event,False
2025-06-26,TVT,16100.0,16100.0,15800.0,15800.0,14392.484375,3100.0,48980000.0,finance_datareader_yahoo_hose,https://github.com/FinanceData/FinanceDataReader,2026-07-30T05:55:50.332058+00:00,2025-06-27,9e3a4b52960d2a0b4363246cd88fc5cbce25a42bfe374341934c43fea84ab9fa,finance-datareader-yahoo-hose-v2-business-day,real,VN000000TVT0,,-0.03658536585365857,1.3570452561673108e-07,-0.03658536585365857,,no_event_raw_close,24650.56995956066,25118.61875626118,25118.61875626118,24650.56995956066,1.5601626556683963,corporate-actions-v2,candidate_no_known_unresolved_event,False
2025-12-15,TVT,16950.0,17000.0,16750.0,16950.0,15903.703125,2400.0,40680000.0,finance_datareader_yahoo_hose,https://github.com/FinanceData/FinanceDataReader,2026-07-30T05:55:50.332058+00:00,2025-12-16,316e2b5d4b03f883ae0b8bacabf549037db4aab81fd5db269231f17d9053b162,finance-datareader-yahoo-hose-v2-business-day,real,VN000000TVT0,,-0.011661807580174877,0.018018016328528397,-0.011661807580174877,,no_event_raw_close,27215.741183071485,27215.741183071485,27296.023605440427,26894.611493595716,1.6056484473788486,corporate-actions-v2,candidate_no_known_unresolved_event,False
2020-08-07,TYA,14300.0,14800.0,14150.0,14300.0,9875.9228515625,111240.0,1590732000.0,finance_datareader_yahoo_hose,https://github.com/FinanceData/FinanceDataReader,2026-07-30T05:45:06.811211+00:00,2020-08-08,71b95fab8a0c3cb7f5c1f8a4411a535b74cfb1a72688fe3945e05491762e0a2a,finance-datareader-yahoo-hose-v2-business-day,real,VN000000TYA4,,-0.17341040462427748,-0.04666655291585586,-0.17341040462427748,,no_event_raw_close,14300.000000000011,14300.00000000001,14800.00000000001,14150.00000000001,1.0000000000000007,corporate-actions-v2,blocked_unresolved_material_event,False
2021-06-16,TYA,16000.0,16000.0,15500.0,15550.0,11924.9189453125,41000.0,637550000.0,finance_datareader_yahoo_hose,https://github.com/FinanceData/FinanceDataReader,2026-07-30T05:45:06.811211+00:00,2021-06-17,71b95fab8a0c3cb7f5c1f8a4411a535b74cfb1a72688fe3945e05491762e0a2a,finance-datareader-yahoo-hose-v2-business-day,real,VN000000TYA4,,-0.11647727272727271,-0.018927503848007232,-0.11647727272727271,,no_event_raw_close,17096.164772727312,17590.909090909132,17590.909090909132,17041.193181818224,1.0994318181818208,corporate-actions-v2,blocked_unresolved_material_event,False
2022-07-04,TYA,15100.0,15200.0,15000.0,15200.0,12342.189453125,15100.0,229520000.0,finance_datareader_yahoo_hose,https://github.com/FinanceData/FinanceDataReader,2026-07-30T05:45:06.811211+00:00,2022-07-05,a539780c57f324f137de913c5f1b3d5386d7b1e9e8264e02ba055ff381ff8868,finance-datareader-yahoo-hose-v2-business-day,real,VN000000TYA4,,-0.06172839506172845,-0.0065359960067759015,-0.06172839506172845,,no_event_raw_close,17639.772727272753,17523.721590909117,17639.772727272753,17407.67045454548,1.1605113636363653,corporate-actions-v2,blocked_unresolved_material_event,False
2023-06-30,TYA,11100.0,11800.0,11100.0,11150.0,9379.9033203125,4300.0,47945000.0,finance_datareader_yahoo_hose,https://github.com/FinanceData/FinanceDataReader,2026-07-30T05:45:06.811211+00:00,2023-07-01,71b95fab8a0c3cb7f5c1f8a4411a535b74cfb1a72688fe3945e05491762e0a2a,finance-datareader-yahoo-hose-v2-business-day,real,VN000000TYA4,,-0.0304347826086957,0.0045044159402631845,-0.0304347826086957,,no_event_raw_close,13389.778285573135,13329.734436758907,14170.348320158117,13329.734436758907,1.2008769762845861,corporate-actions-v2,blocked_unresolved_material_event,False
2024-06-28,TYA,10350.0,10350.0,10350.0,10350.0,8917.2177734375,2500.0,25875000.0,finance_datareader_yahoo_hose,https://github.com/FinanceData/FinanceDataReader,2026-07-30T05:45:06.811211+00:00,2024-06-29,71b95fab8a0c3cb7f5c1f8a4411a535b74cfb1a72688fe3945e05491762e0a2a,finance-datareader-yahoo-hose-v2-business-day,real,VN000000TYA4,,-0.02358490566037741,0.0,-0.02358490566037741,,no_event_raw_close,12429.076704545467,12429.076704545467,12429.076704545467,12429.076704545467,1.2008769762845861,corporate-actions-v2,blocked_unresolved_material_event,False
2025-06-24,TYA,14000.0,14350.0,14000.0,14350.0,13066.052734375,8100.0,116235000.0,finance_datareader_yahoo_hose,https://github.com/FinanceData/FinanceDataReader,2026-07-30T05:45:06.811211+00:00,2025-06-25,71b95fab8a0c3cb7f5c1f8a4411a535b74cfb1a72688fe3945e05491762e0a2a,finance-datareader-yahoo-hose-v2-business-day,real,VN000000TYA4,,-0.059016393442622994,-0.005543982159362804,-0.059016393442622994,,no_event_raw_close,17232.58460968382,16812.277667984214,17232.58460968382,16812.277667984214,1.2008769762845868,corporate-actions-v2,blocked_unresolved_material_event,False
2020-05-29,UIC,37000.0,37600.0,36800.0,37600.0,33321.98828125,29370.0,1104312000.0,finance_datareader_yahoo_hose,https://github.com/FinanceData/FinanceDataReader,2026-07-30T05:45:12.895747+00:00,2020-05-30,616b94696656de81f9c4a9f4ed78fd0325a979755101fedf68c7d02657052a27,finance-datareader-yahoo-hose-v2-business-day,real,VN000000UIC1,,-0.09178743961352653,0.005347756814247262,-0.09178743961352653,,no_event_raw_close,41232.85024154591,40574.879227053156,41232.85024154591,40355.55555555557,1.0966183574879231,corporate-actions-v2,blocked_unresolved_material_event,False
2020-12-21,UIC,43600.0,47350.0,43600.0,47350.0,43811.23828125,1880.0,89018000.0,finance_datareader_yahoo_hose,https://github.com/FinanceData/FinanceDataReader,2026-07-30T05:45:12.895747+00:00,2020-12-22,6f90c454437fabe3154333866b59f191fb2ba0d29c339ad75f377ceeb3dc8a24,finance-datareader-yahoo-hose-v2-business-day,real,VN000000UIC1,,-0.0010548523206751481,0.0429515747246203,-0.0010548523206751481,,no_event_raw_close,54115.80240119044,49829.967997717074,54115.80240119045,49829.967997717074,1.142889174259566,corporate-actions-v2,blocked_unresolved_material_event,False
2021-05-31,UIC,49500.0,49500.0,47500.0,47500.0,44856.21484375,1650.0,78375000.0,finance_datareader_yahoo_hose,https://github.com/FinanceData/FinanceDataReader,2026-07-30T05:45:12.895747+00:00,2021-06-01,6f90c454437fabe3154333866b59f191fb2ba0d29c339ad75f377ceeb3dc8a24,finance-datareader-yahoo-hose-v2-business-day,real,VN000000UIC1,,-0.04040404040404044,-0.020618524168392494,-0.04040404040404044,,no_event_raw_close,54287.235777329384,56573.01412584852,56573.01412584852,54287.235777329384,1.142889174259566,corporate-actions-v2,blocked_unresolved_material_event,False
2022-05-31,UIC,51000.0,52900.0,50900.0,52900.0,52900.0,500.0,26450000.0,finance_datareader_yahoo_hose,https://github.com/FinanceData/FinanceDataReader,2026-07-30T05:45:12.895747+00:00,2022-06-01,616b94696656de81f9c4a9f4ed78fd0325a979755101fedf68c7d02657052a27,finance-datareader-yahoo-hose-v2-business-day,real,VN000000UIC1,,-0.01855287569573283,0.03929273084479368,-0.01855287569573283,,no_event_raw_close,63823.89319875769,61531.541647195496,63823.89319875768,61410.89156553433,1.2065008166116764,corporate-actions-v2,blocked_unresolved_material_event,False
2021-06-08,VCA,14050.0,14350.0,14050.0,14150.0,12058.8662109375,20900.0,295735000.0,finance_datareader_yahoo_hose,https://github.com/FinanceData/FinanceDataReader,2026-07-30T05:57:11.179411+00:00,2021-06-09,821f09117bc8498689a402f5c4a641d5d28642271b1ac1d69e039fcb41f516ec,finance-datareader-yahoo-hose-v2-business-day,real,VN000000VCA6,,-0.0374149659863946,0.03284667625438109,-0.0374149659863946,,no_event_raw_close,15112.585034013602,15005.782312925168,15326.190476190473,15005.782312925168,1.0680272108843536,corporate-actions-v2,blocked_unresolved_material_event,False
2022-06-20,VCA,17000.0,17000.0,16100.0,16600.0,16600.0,26500.0,439900000.0,finance_datareader_yahoo_hose,https://github.com/FinanceData/FinanceDataReader,2026-07-30T05:57:11.179411+00:00,2022-06-21,eb786eb8ee26c803aa378365d442928541a9fdbeec9daf9caef82d0947e32c00,finance-datareader-yahoo-hose-v2-business-day,real,VN000000VCA6,,-0.18226600985221675,-0.040462427745664775,-0.18226600985221675,,no_event_raw_close,20349.33815890893,20839.683656713965,20839.683656713965,19736.406286652636,1.2258637445125862,corporate-actions-v2,blocked_unresolved_material_event,False
2021-12-23,VCB,65198.984375,65876.375,64860.2890625,65114.30859375,64110.96875,2261969.0,147286547495.4961,finance_datareader_yahoo_hose,https://github.com/FinanceData/FinanceDataReader,2026-07-30T05:38:02.695132+00:00,2021-12-24,27587dcd085e55e9d2af42d5fb85ee2a4e979300472345fd8796678d2dfe8340,finance-datareader-yahoo-hose-v2-business-day,real,VN000000VCB4,,-0.00784232054454781,0.0025400674675832846,-0.00784232054454781,,no_event_raw_close,85303.75450676974,85414.68499520484,86302.10843297339,84970.97327632057,1.310061587829831,corporate-actions-v2,blocked_unresolved_material_event,False
2020-10-20,VCF,206500.0,230000.0,206500.0,230000.0,167051.203125,1030.0,236900000.0,finance_datareader_yahoo_hose,https://github.com/FinanceData/FinanceDataReader,2026-07-30T05:40:56.309594+00:00,2020-10-21,1fd206175caf1bfdfbfb77cb1ce7c63ebbfe247409942100903dbd69a5b0a432,finance-datareader-yahoo-hose-v2-business-day,real,VN000000VCF5,,-0.06882591093117407,0.03603608579796158,-0.06882591093117407,,no_event_raw_close,253279.35222672066,227400.80971659918,253279.35222672063,227400.80971659918,1.1012145748987854,corporate-actions-v2,candidate_no_known_unresolved_event,False
2021-12-16,VCF,265000.0,265000.0,260000.0,262000.0,208110.8125,400.0,104800000.0,finance_datareader_yahoo_hose,https://github.com/FinanceData/FinanceDataReader,2026-07-30T05:40:56.309594+00:00,2021-12-17,1fd206175caf1bfdfbfb77cb1ce7c63ebbfe247409942100903dbd69a5b0a432,finance-datareader-yahoo-hose-v2-business-day,real,VN000000VCF5,,-0.10273972602739723,-0.018726581274833287,-0.10273972602739723,,no_event_raw_close,313220.1209028891,316806.6108368917,316806.6108368917,310829.12761355407,1.1954966446675157,corporate-actions-v2,candidate_no_known_unresolved_event,False
2024-09-09,VCF,254500.0,254500.0,232700.0,244900.0,213965.265625,5600.0,1371440000.0,finance_datareader_yahoo_hose,https://github.com/FinanceData/FinanceDataReader,2026-07-30T05:40:56.309594+00:00,2024-09-10,47536212ba5b9e7a4d89e8058f7b285580da347e0e07c4010cc76187695d34bd,finance-datareader-yahoo-hose-v2-business-day,real,VN000000VCF5,,-0.11010174418604646,-0.021183075412231633,-0.11010174418604646,,no_event_raw_close,319373.88775210065,331893.23982404906,331893.23982404906,303463.8778273329,1.304099174161293,corporate-actions-v2,candidate_no_known_unresolved_event,False
2025-10-01,VCF,378500.0,381000.0,377000.0,380000.0,380000.0,7500.0,2850000000.0,finance_datareader_yahoo_hose,https://github.com/FinanceData/FinanceDataReader,2026-07-30T05:40:56.309594+00:00,2025-10-02,1fd206175caf1bfdfbfb77cb1ce7c63ebbfe247409942100903dbd69a5b0a432,finance-datareader-yahoo-hose-v2-business-day,real,VN000000VCF5,,0.0,0.14457831325301207,0.0,,no_event_raw_close,558154.4465410339,555951.2053046877,559623.2740319314,553747.9640683415,1.4688274908974577,corporate-actions-v2,candidate_no_known_unresolved_event,False
2021-01-12,VCG,27887.912109375,27887.912109375,27887.912109375,27887.912109375,23921.283203125,0.0,0.0,finance_datareader_yahoo_hose,https://github.com/FinanceData/FinanceDataReader,2026-07-30T05:39:53.154556+00:00,2021-01-13,6aaeb91abfe17530d124f7d0e1bf734212edef1b1609c275f8659b20879f2df3,finance-datareader-yahoo-hose-v2-business-day,real,VN000000VCG3,,0.0,0.025613591357568133,0.0,,no_event_raw_close,29087.912109375007,29087.912109375007,29087.912109375007,29087.912109375007,1.043029395506328,corporate-actions-v2,blocked_unresolved_material_event,False
2021-09-22,VCG,26823.46875,26823.46875,26823.46875,26823.46875,23678.384765625,0.0,0.0,finance_datareader_yahoo_hose,https://github.com/FinanceData/FinanceDataReader,2026-07-30T05:39:53.154556+00:00,2021-09-23,6aaeb91abfe17530d124f7d0e1bf734212edef1b1609c275f8659b20879f2df3,finance-datareader-yahoo-hose-v2-business-day,real,VN000000VCG3,,0.0,0.029126283645490858,0.0,,no_event_raw_close,29229.301670302964,29229.301670302964,29229.301670302964,29229.301670302964,1.0896913424108492,corporate-actions-v2,blocked_unresolved_material_event,False
2022-05-25,VCG,16764.66796875,16764.66796875,15878.98828125,16448.353515625,15182.2626953125,4428661.0,72844181728.86133,finance_datareader_yahoo_hose,https://github.com/FinanceData/FinanceDataReader,2026-07-30T05:39:53.154556+00:00,2022-05-26,6aaeb91abfe17530d124f7d0e1bf734212edef1b1609c275f8659b20879f2df3,finance-datareader-yahoo-hose-v2-business-day,real,VN000000VCG3,,-0.05454544842185438,-0.01140688980340987,-0.05454544842185438,,no_event_raw_close,19159.932790286788,19528.392992501806,19528.392992501806,18496.705336342053,1.1648541461664197,corporate-actions-v2,blocked_unresolved_material_event,False
2025-05-28,VCG,19890.259765625,19890.259765625,19161.5234375,19675.92578125,18817.33984375,21721284.0,427386371857.4531,finance_datareader_yahoo_hose,https://github.com/FinanceData/FinanceDataReader,2026-07-30T05:39:53.154556+00:00,2025-05-29,6aaeb91abfe17530d124f7d0e1bf734212edef1b1609c275f8659b20879f2df3,finance-datareader-yahoo-hose-v2-business-day,real,VN000000VCG3,,0.0,0.03611745164747293,0.0,,no_event_raw_close,32323.508136517707,32675.614886914154,32675.614886914154,31478.45065213282,1.6427947785470969,corporate-actions-v2,blocked_unresolved_material_event,False
2020-07-17,VCI,5237.7822265625,5237.7822265625,5073.41650390625,5117.24755859375,4394.79052734375,2269499.0,11613588216.980957,finance_datareader_yahoo_hose,https://github.com/FinanceData/FinanceDataReader,2026-07-30T05:39:07.364019+00:00,2020-07-18,4c02efca191159a28b59c0d5bc48e7dc87dc0291f3231d67485d1a152d7b1f6a,finance-datareader-yahoo-hose-v2-business-day,real,VN000000VCI9,,-0.06786428690231283,-0.008492422354665186,-0.06786428690231283,,no_event_raw_close,6515.4511282402855,6668.919907973287,6668.919907973287,6459.643960139528,1.2732335212703234,corporate-actions-v2,blocked_unresolved_material_event,False
2020-12-23,VCI,10957.703125,11396.01171875,10804.2958984375,11374.095703125,9966.833984375,8247576.0,93808718742.79688,finance_datareader_yahoo_hose,https://github.com/FinanceData/FinanceDataReader,2026-07-30T05:39:07.364019+00:00,2020-12-24,4c02efca191159a28b59c0d5bc48e7dc87dc0291f3231d67485d1a152d7b1f6a,finance-datareader-yahoo-hose-v2-business-day,real,VN000000VCI9,,0.03386450629089288,0.05487805382235278,0.03386450629089288,,no_event_raw_close,15798.230869216643,15219.875784720587,15828.671467187167,15006.798380986878,1.3889658819097261,corporate-actions-v2,blocked_unresolved_material_event,False
2021-04-30,VCI,13916.283203125,13916.283203125,13543.7216796875,13609.4677734375,12310.3310546875,316991.0,4314078798.969727,finance_datareader_yahoo_hose,https://github.com/FinanceData/FinanceDataReader,2026-07-30T05:39:07.364019+00:00,2021-05-01,4c02efca191159a28b59c0d5bc48e7dc87dc0291f3231d67485d1a152d7b1f6a,finance-datareader-yahoo-hose-v2-business-day,real,VN000000VCI9,,-0.02968748922975073,0.0016128904102188368,-0.02968748922975073,,no_event_raw_close,21598.548352754722,22085.471721382743,22085.471721382743,21494.20774160785,1.5870237332065285,corporate-actions-v2,blocked_unresolved_material_event,False
2021-12-20,VCI,32303.30859375,33048.43359375,31908.83203125,32873.109375,30225.9140625,7525071.0,247372482037.64062,finance_datareader_yahoo_hose,https://github.com/FinanceData/FinanceDataReader,2026-07-30T05:39:07.364019+00:00,2021-12-21,a09e3409280eb9b205c5fe9d528a9cd3cb8f234aa0b1465a77cf307f44f36801,finance-datareader-yahoo-hose-v2-business-day,real,VN000000VCI9,,0.01488497137964706,0.031636990912453644,0.01488497137964706,,no_event_raw_close,54103.18060568395,53165.39178182924,54391.73249663454,52516.154848925114,1.6458187751119588,corporate-actions-v2,blocked_unresolved_material_event,False
2022-12-28,VCI,12820.5126953125,13589.7431640625,12592.5927734375,13589.7431640625,12887.6240234375,8278159.0,112498054681.27246,finance_datareader_yahoo_hose,https://github.com/FinanceData/FinanceDataReader,2026-07-30T05:39:07.364019+00:00,2022-12-29,4c02efca191159a28b59c0d5bc48e7dc87dc0291f3231d67485d1a152d7b1f6a,finance-datareader-yahoo-hose-v2-business-day,real,VN000000VCI9,,0.03695649079880603,0.06950673318062295,0.03695649079880603,,no_event_raw_close,30629.1754228656,28895.4491350677,30629.175422865595,28381.75294631734,2.2538450545454864,corporate-actions-v2,blocked_unresolved_material_event,False
2023-05-16,VCI,18860.3984375,18888.888671875,18404.55859375,18433.048828125,17749.21875,6115297.0,112723568199.48633,finance_datareader_yahoo_hose,https://github.com/FinanceData/FinanceDataReader,2026-07-30T05:39:07.364019+00:00,2023-05-17,4c02efca191159a28b59c0d5bc48e7dc87dc0291f3231d67485d1a152d7b1f6a,finance-datareader-yahoo-hose-v2-business-day,real,VN000000VCI9,,-0.021179976595988914,-0.006144393409161175,-0.021179976595988914,,no_event_raw_close,42648.29027598461,43637.04315999721,43702.96062145382,42582.372814528,2.3136861771294277,corporate-actions-v2,blocked_unresolved_material_event,False
2020-03-31,VDP,31150.0,31150.0,30000.0,30000.0,24521.36328125,1520.0,45600000.0,finance_datareader_yahoo_hose,https://github.com/FinanceData/FinanceDataReader,2026-07-30T05:43:17.506963+00:00,2020-04-01,cbcbcdce484c994c9f602b80d25f3d94fb0cbbf0b2241ad1baba4ecede5ebb3a,finance-datareader-yahoo-hose-v2-business-day,real,VN000000VDP2,,-0.032258064516129004,0.004264806939836108,-0.032258064516129004,,no_event_raw_close,31741.935483870977,32958.70967741936,32958.70967741936,31741.935483870977,1.0580645161290325,corporate-actions-v2,blocked_unresolved_material_event,False
2020-09-15,VDP,34150.0,34150.0,33600.0,33600.0,27977.044921875,1040.0,34944000.0,finance_datareader_yahoo_hose,https://github.com/FinanceData/FinanceDataReader,2026-07-30T05:43:17.506963+00:00,2020-09-16,cbcbcdce484c994c9f602b80d25f3d94fb0cbbf0b2241ad1baba4ecede5ebb3a,finance-datareader-yahoo-hose-v2-business-day,real,VN000000VDP2,,-0.016105417276720324,0.0022771254062583512,-0.016105417276720324,,no_event_raw_close,36591.99168752658,37190.96774193549,37190.96774193549,36591.99168752657,1.0890473716525766,corporate-actions-v2,blocked_unresolved_material_event,False
2021-03-23,VDP,34000.0,35800.0,34000.0,35800.0,30360.046875,3900.0,139620000.0,finance_datareader_yahoo_hose,https://github.com/FinanceData/FinanceDataReader,2026-07-30T05:43:17.506963+00:00,2021-03-24,cbcbcdce484c994c9f602b80d25f3d94fb0cbbf0b2241ad1baba4ecede5ebb3a,finance-datareader-yahoo-hose-v2-business-day,real,VN000000VDP2,,0.037681159420289934,0.05686808995309467,0.037681159420289934,,no_event_raw_close,40117.979844442394,38100.874712598925,40117.979844442394,38100.874712598925,1.1206139621352624,corporate-actions-v2,blocked_unresolved_material_event,False
2022-03-28,VDP,42000.0,42000.0,38000.0,38050.0,33260.15234375,5100.0,194055000.0,finance_datareader_yahoo_hose,https://github.com/FinanceData/FinanceDataReader,2026-07-30T05:43:17.506963+00:00,2022-03-29,373b7281371331010fce6bb78bfd0b3a4a8180a5743b2ed2f0f72de8531e7474,finance-datareader-yahoo-hose-v2-business-day,real,VN000000VDP2,,-0.09404761904761905,-0.06619636133925699,-0.09404761904761905,,no_event_raw_close,42639.361259246754,47065.78640968104,47065.78640968104,42583.33056113999,1.1206139621352629,corporate-actions-v2,blocked_unresolved_material_event,False
2022-11-29,VDP,36000.0,36000.0,36000.0,36000.0,32025.396484375,100.0,3600000.0,finance_datareader_yahoo_hose,https://github.com/FinanceData/FinanceDataReader,2026-07-30T05:43:17.506963+00:00,2022-11-30,cbcbcdce484c994c9f602b80d25f3d94fb0cbbf0b2241ad1baba4ecede5ebb3a,finance-datareader-yahoo-hose-v2-business-day,real,VN000000VDP2,,0.0,0.01770648833852073,0.0,,no_event_raw_close,41462.71659900473,41462.71659900473,41462.71659900473,41462.71659900473,1.1517421277501314,corporate-actions-v2,blocked_unresolved_material_event,False
2023-03-15,VDP,39500.0,39500.0,39500.0,39500.0,35995.109375,100.0,3950000.0,finance_datareader_yahoo_hose,https://github.com/FinanceData/FinanceDataReader,2026-07-30T05:43:17.506963+00:00,2023-03-16,cbcbcdce484c994c9f602b80d25f3d94fb0cbbf0b2241ad1baba4ecede5ebb3a,finance-datareader-yahoo-hose-v2-business-day,real,VN000000VDP2,,0.0,0.024364307036669253,0.0,,no_event_raw_close,47221.42723775536,47221.42723775536,47221.42723775536,47221.42723775536,1.195479170576085,corporate-actions-v2,blocked_unresolved_material_event,False
2023-12-25,VDP,38000.0,38000.0,38000.0,38000.0,35208.53125,0.0,0.0,finance_datareader_yahoo_hose,https://github.com/FinanceData/FinanceDataReader,2026-07-30T05:43:17.506963+00:00,2023-12-26,373b7281371331010fce6bb78bfd0b3a4a8180a5743b2ed2f0f72de8531e7474,finance-datareader-yahoo-hose-v2-business-day,real,VN000000VDP2,,0.0,0.01675882871846235,0.0,,no_event_raw_close,46623.68765246727,46623.68765246728,46623.68765246728,46623.68765246728,1.2269391487491388,corporate-actions-v2,blocked_unresolved_material_event,False
2024-03-11,VDP,41250.0,41250.0,41250.0,41250.0,39110.55859375,0.0,0.0,finance_datareader_yahoo_hose,https://github.com/FinanceData/FinanceDataReader,2026-07-30T05:43:17.506963+00:00,2024-03-12,373b7281371331010fce6bb78bfd0b3a4a8180a5743b2ed2f0f72de8531e7474,finance-datareader-yahoo-hose-v2-business-day,real,VN000000VDP2,,0.0,0.023306500456958146,0.0,,no_event_raw_close,52451.64860902565,52451.64860902565,52451.64860902565,52451.64860902565,1.2715551177945612,corporate-actions-v2,blocked_unresolved_material_event,False
2024-12-16,VDP,34000.0,34000.0,34000.0,34000.0,32944.03515625,500.0,17000000.0,finance_datareader_yahoo_hose,https://github.com/FinanceData/FinanceDataReader,2026-07-30T05:43:17.506963+00:00,2024-12-17,373b7281371331010fce6bb78bfd0b3a4a8180a5743b2ed2f0f72de8531e7474,finance-datareader-yahoo-hose-v2-business-day,real,VN000000VDP2,,-0.02857142857142858,-0.007252844164906458,-0.02857142857142858,,no_event_raw_close,44468.098976586916,44468.098976586916,44468.098976586916,44468.098976586916,1.3078852640172622,corporate-actions-v2,blocked_unresolved_material_event,False
2025-03-20,VDP,33000.0,33000.0,33000.0,33000.0,33000.0,900.0,29700000.0,finance_datareader_yahoo_hose,https://github.com/FinanceData/FinanceDataReader,2026-07-30T05:43:17.506963+00:00,2025-03-21,cbcbcdce484c994c9f602b80d25f3d94fb0cbbf0b2241ad1baba4ecede5ebb3a,finance-datareader-yahoo-hose-v2-business-day,real,VN000000VDP2,,-0.09090909090909094,-0.06176971466382408,-0.09090909090909094,,no_event_raw_close,44943.69361804775,44943.69361804775,44943.69361804775,44943.69361804775,1.3619301096378107,corporate-actions-v2,blocked_unresolved_material_event,False
2021-01-19,VDS,7898.07177734375,7952.54150390625,7734.66357421875,7734.66357421875,7734.66357421875,253518.0,1960876440.008789,finance_datareader_yahoo_hose,https://github.com/FinanceData/FinanceDataReader,2026-07-30T05:41:38.878262+00:00,2021-01-20,d1eb5641d8d3cffccf4a0209ca8fdb50eb9645a0e65781e0e55d5a046759b157,finance-datareader-yahoo-hose-v2-business-day,real,VN000000VDS6,,-0.020689632575098815,-0.0038863333336057737,-0.020689632575098815,,no_event_raw_close,7734.663574218748,7898.071777343748,7952.541503906248,7734.663574218748,0.9999999999999998,corporate-actions-v2,blocked_unresolved_material_event,False
2020-02-17,VFG,32000.0,32307.69140625,32000.0,32307.69140625,22693.994140625,3250.0,104999997.0703125,finance_datareader_yahoo_hose,https://github.com/FinanceData/FinanceDataReader,2026-07-30T05:42:18.339842+00:00,2020-02-18,63596c78ed7ff2c95ac8592b6b81379a87a34363c7ff4bc8be9a2184233eace2,finance-datareader-yahoo-hose-v2-business-day,real,VN000000VFG6,,0.012048188348272593,0.037036954397176025,0.012048188348272593,,no_event_raw_close,33319.73959459827,33002.40966214255,33319.73959459827,33002.40966214255,1.0313253019419546,corporate-actions-v2,blocked_unresolved_material_event,False
2020-08-06,VFG,28153.845703125,28153.845703125,28076.923828125,28076.923828125,19985.12890625,65.0,1825000.048828125,finance_datareader_yahoo_hose,https://github.com/FinanceData/FinanceDataReader,2026-07-30T05:42:18.339842+00:00,2020-08-07,070e3558751a01160ca5852a119480f4c9d0f4ea361b8823c11f625ccfc2257b,finance-datareader-yahoo-hose-v2-business-day,real,VN000000VFG6,,-0.03947366838534472,-0.02666644978660615,-0.03947366838534472,,no_event_raw_close,29451.74949913009,29532.43796084946,29532.43796084946,29451.74949913009,1.0489663924517225,corporate-actions-v2,blocked_unresolved_material_event,False
2020-11-09,VFG,37692.30859375,37692.30859375,37692.30859375,37692.30859375,27388.29296875,130.0,4900000.1171875,finance_datareader_yahoo_hose,https://github.com/FinanceData/FinanceDataReader,2026-07-30T05:42:18.339842+00:00,2020-11-10,63596c78ed7ff2c95ac8592b6b81379a87a34363c7ff4bc8be9a2184233eace2,finance-datareader-yahoo-hose-v2-business-day,real,VN000000VFG6,,0.0,0.02083328025140374,0.0,,no_event_raw_close,40586.93136121471,40586.93136121471,40586.93136121471,40586.93136121471,1.0767961124022178,corporate-actions-v2,blocked_unresolved_material_event,False
2022-05-24,VFG,41538.4609375,41538.4609375,41538.4609375,41538.4609375,31045.3828125,0.0,0.0,finance_datareader_yahoo_hose,https://github.com/FinanceData/FinanceDataReader,2026-07-30T05:42:18.339842+00:00,2022-05-25,070e3558751a01160ca5852a119480f4c9d0f4ea361b8823c11f625ccfc2257b,finance-datareader-yahoo-hose-v2-business-day,real,VN000000VFG6,,0.0,0.028571406385343723,0.0,,no_event_raw_close,46343.64742127473,46343.64742127473,46343.64742127473,46343.64742127473,1.1156804170237495,corporate-actions-v2,blocked_unresolved_material_event,False
2022-08-05,VFG,46846.15234375,46846.15234375,46846.15234375,46846.15234375,35606.73046875,130.0,6089999.8046875,finance_datareader_yahoo_hose,https://github.com/FinanceData/FinanceDataReader,2026-07-30T05:42:18.339842+00:00,2022-08-06,070e3558751a01160ca5852a119480f4c9d0f4ea361b8823c11f625ccfc2257b,finance-datareader-yahoo-hose-v2-business-day,real,VN000000VFG6,,0.01669448473222257,0.03395564708640708,0.01669448473222257,,no_event_raw_close,53399.64090954488,53399.64090954488,53399.64090954488,53399.64090954488,1.1398938490765766,corporate-actions-v2,blocked_unresolved_material_event,False
2023-02-08,VFG,38950.0,38950.0,38950.0,38950.0,30380.04296875,100.0,3895000.0,finance_datareader_yahoo_hose,https://github.com/FinanceData/FinanceDataReader,2026-07-30T05:42:18.339842+00:00,2023-02-09,070e3558751a01160ca5852a119480f4c9d0f4ea361b8823c11f625ccfc2257b,finance-datareader-yahoo-hose-v2-business-day,real,VN000000VFG6,,-0.0063775510204081565,0.019633536939946072,-0.0063775510204081565,,no_event_raw_close,45531.489539428905,45531.48953942891,45531.48953942891,45531.48953942891,1.168972773797918,corporate-actions-v2,blocked_unresolved_material_event,False
2023-05-19,VFG,36500.0,36500.0,36000.0,36300.0,29492.818359375,1400.0,50820000.0,finance_datareader_yahoo_hose,https://github.com/FinanceData/FinanceDataReader,2026-07-30T05:42:18.339842+00:00,2023-05-20,070e3558751a01160ca5852a119480f4c9d0f4ea361b8823c11f625ccfc2257b,finance-datareader-yahoo-hose-v2-business-day,real,VN000000VFG6,,-0.03200000000000003,0.008333329438089176,-0.03200000000000003,,no_event_raw_close,44131.060156418986,44374.206493368954,44374.206493368954,43766.34065099403,1.2157316847498343,corporate-actions-v2,blocked_unresolved_material_event,False
2023-08-10,VFG,37000.0,37200.0,36900.0,36900.0,30794.990234375,1900.0,70110000.0,finance_datareader_yahoo_hose,https://github.com/FinanceData/FinanceDataReader,2026-07-30T05:42:18.339842+00:00,2023-08-11,070e3558751a01160ca5852a119480f4c9d0f4ea361b8823c11f625ccfc2257b,finance-datareader-yahoo-hose-v2-business-day,real,VN000000VFG6,,-0.023809523809523836,0.0027175129659156028,-0.023809523809523836,,no_event_raw_close,46047.28485952465,46172.07424938786,46421.65302911428,46047.28485952465,1.2478938986321042,corporate-actions-v2,blocked_unresolved_material_event,False
2024-02-07,VFG,55700.0,55700.0,53500.0,53700.0,45627.33984375,40500.0,2174850000.0,finance_datareader_yahoo_hose,https://github.com/FinanceData/FinanceDataReader,2026-07-30T05:42:18.339842+00:00,2024-02-08,070e3558751a01160ca5852a119480f4c9d0f4ea361b8823c11f625ccfc2257b,finance-datareader-yahoo-hose-v2-business-day,real,VN000000VFG6,,-0.04448398576512458,-0.027174098172921712,-0.04448398576512458,,no_event_raw_close,68204.28496075298,70744.4817935557,70744.4817935557,67950.2652774727,1.270098416401359,corporate-actions-v2,blocked_unresolved_material_event,False
2024-05-30,VFG,68500.0,68600.0,67400.0,68000.0,58629.8203125,50100.0,3406800000.0,finance_datareader_yahoo_hose,https://github.com/FinanceData/FinanceDataReader,2026-07-30T05:42:18.339842+00:00,2024-05-31,070e3558751a01160ca5852a119480f4c9d0f4ea361b8823c11f625ccfc2257b,finance-datareader-yahoo-hose-v2-business-day,real,VN000000VFG6,,-0.011627906976744207,0.002949932536313815,-0.011627906976744207,,no_event_raw_close,87622.0221454566,88266.30172005555,88395.15763497533,86848.88665593787,1.2885591491978912,corporate-actions-v2,blocked_unresolved_material_event,False
2024-08-09,VFG,67800.0,68000.0,67200.0,68000.0,59494.5703125,8500.0,578000000.0,finance_datareader_yahoo_hose,https://github.com/FinanceData/FinanceDataReader,2026-07-30T05:42:18.339842+00:00,2024-08-10,070e3558751a01160ca5852a119480f4c9d0f4ea361b8823c11f625ccfc2257b,finance-datareader-yahoo-hose-v2-business-day,real,VN000000VFG6,,-0.011627906976744207,0.002949924380077684,-0.011627906976744207,,no_event_raw_close,88895.59804873365,88634.14040741386,88895.59804873365,87849.76748345443,1.3072882065990243,corporate-actions-v2,blocked_unresolved_material_event,False
2025-03-19,VFG,70400.0,71000.0,70100.0,70300.0,62380.5625,18100.0,1272430000.0,finance_datareader_yahoo_hose,https://github.com/FinanceData/FinanceDataReader,2026-07-30T05:42:18.339842+00:00,2025-03-20,070e3558751a01160ca5852a119480f4c9d0f4ea361b8823c11f625ccfc2257b,finance-datareader-yahoo-hose-v2-business-day,real,VN000000VFG6,,-0.01540616246498594,-0.001420447794979296,-0.01540616246498594,,no_event_raw_close,93189.50883601105,93322.06859253455,94117.42713167546,92924.38932296408,1.3255975652348657,corporate-actions-v2,blocked_unresolved_material_event,False
2025-05-16,VFG,74000.0,74300.0,73500.0,73800.0,68253.3046875,32000.0,2361600000.0,finance_datareader_yahoo_hose,https://github.com/FinanceData/FinanceDataReader,2026-07-30T05:42:18.339842+00:00,2025-05-17,070e3558751a01160ca5852a119480f4c9d0f4ea361b8823c11f625ccfc2257b,finance-datareader-yahoo-hose-v2-business-day,real,VN000000VFG6,,-0.002702702702702675,0.039436594582246576,-0.002702702702702675,,no_event_raw_close,101795.14492167092,102071.01252308466,102484.81392520526,101381.3435195503,1.3793380070687116,corporate-actions-v2,blocked_unresolved_material_event,False
2025-08-05,VFG,59200.0,59200.0,58700.0,58700.0,55217.7890625,23200.0,1361840000.0,finance_datareader_yahoo_hose,https://github.com/FinanceData/FinanceDataReader,2026-07-30T05:42:18.339842+00:00,2025-08-06,070e3558751a01160ca5852a119480f4c9d0f4ea361b8823c11f625ccfc2257b,finance-datareader-yahoo-hose-v2-business-day,real,VN000000VFG6,,-0.011784511784511786,0.005136982161636716,-0.011784511784511786,,no_event_raw_close,82330.22419700286,83031.5037898223,83031.5037898223,82330.22419700286,1.4025591856388901,corporate-actions-v2,blocked_unresolved_material_event,False
2020-07-08,VGC,19550.0,19600.0,19200.0,19450.0,14606.3916015625,437010.0,8499844500.0,finance_datareader_yahoo_hose,https://github.com/FinanceData/FinanceDataReader,2026-07-30T05:39:27.629131+00:00,2020-07-09,60f5256daa6fb4ffaed8b9f6ad52d6699f0a13fe7359e63cd3deded3e0c87024,finance-datareader-yahoo-hose-v2-business-day,real,VN000000VGC3,,-0.051219512195122,0.002577270523784758,-0.051219512195122,,no_event_raw_close,20493.65853658535,20599.024390243885,20651.707317073153,20230.243902439008,1.053658536585365,corporate-actions-v2,candidate_no_known_unresolved_event,False
2021-05-25,VGC,31100.0,31100.0,31100.0,31100.0,24211.56640625,0.0,0.0,finance_datareader_yahoo_hose,https://github.com/FinanceData/FinanceDataReader,2026-07-30T05:39:27.629131+00:00,2021-05-26,60f5256daa6fb4ffaed8b9f6ad52d6699f0a13fe7359e63cd3deded3e0c87024,finance-datareader-yahoo-hose-v2-business-day,real,VN000000VGC3,,0.0,0.03666674304595818,0.0,,no_event_raw_close,33927.80487804871,33927.80487804871,33927.80487804871,33927.80487804871,1.090926201866518,corporate-actions-v2,candidate_no_known_unresolved_event,False
2022-05-18,VGC,29200.0,32800.0,29200.0,32800.0,26782.666015625,822200.0,26968160000.0,finance_datareader_yahoo_hose,https://github.com/FinanceData/FinanceDataReader,2026-07-30T05:39:27.629131+00:00,2022-05-19,60f5256daa6fb4ffaed8b9f6ad52d6699f0a13fe7359e63cd3deded3e0c87024,finance-datareader-yahoo-hose-v2-business-day,real,VN000000VGC3,,0.01863354037267073,0.06840392072288592,0.01863354037267073,,no_event_raw_close,37449.26045016065,33338.97576660643,37449.26045016065,33338.97576660643,1.141745745431727,corporate-actions-v2,candidate_no_known_unresolved_event,False
2022-09-28,VGC,56900.0,57000.0,53000.0,53000.0,44049.66796875,628800.0,33326400000.0,finance_datareader_yahoo_hose,https://github.com/FinanceData/FinanceDataReader,2026-07-30T05:39:27.629131+00:00,2022-09-29,60f5256daa6fb4ffaed8b9f6ad52d6699f0a13fe7359e63cd3deded3e0c87024,finance-datareader-yahoo-hose-v2-business-day,real,VN000000VGC3,,-0.07017543859649122,-0.053571458545600414,-0.07017543859649122,,no_event_raw_close,61574.14774486195,66105.07559778575,66221.25323504022,61574.14774486195,1.1617763725445651,corporate-actions-v2,candidate_no_known_unresolved_event,False
2023-06-01,VGC,40100.0,40300.0,39400.0,39700.0,33822.66015625,2063100.0,81905070000.0,finance_datareader_yahoo_hose,https://github.com/FinanceData/FinanceDataReader,2026-07-30T05:39:27.629131+00:00,2023-06-02,60f5256daa6fb4ffaed8b9f6ad52d6699f0a13fe7359e63cd3deded3e0c87024,finance-datareader-yahoo-hose-v2-business-day,real,VN000000VGC3,,-0.02933985330073352,-0.005012513472135494,-0.02933985330073352,,no_event_raw_close,47250.21201422514,47726.284679355864,47964.32101192123,46893.15751537708,1.1901816628268296,corporate-actions-v2,candidate_no_known_unresolved_event,False
2023-10-02,VGC,47900.0,47900.0,46150.0,46400.0,40371.83984375,491800.0,22819520000.0,finance_datareader_yahoo_hose,https://github.com/FinanceData/FinanceDataReader,2026-07-30T05:39:27.629131+00:00,2023-10-03,661ad0cf10dd85abab4d7561370492d76c74abc689c6cec9c1585cbadc69892f,finance-datareader-yahoo-hose-v2-business-day,real,VN000000VGC3,,-0.033333333333333326,-0.012765984680627285,-0.033333333333333326,,no_event_raw_close,56374.93809589753,58197.40376710111,58197.40376710111,56071.1938173636,1.2149771141357226,corporate-actions-v2,candidate_no_known_unresolved_event,False
2024-10-22,VGC,41200.0,42000.0,41200.0,41600.0,37285.6640625,461600.0,19202560000.0,finance_datareader_yahoo_hose,https://github.com/FinanceData/FinanceDataReader,2026-07-30T05:39:27.629131+00:00,2024-10-23,60f5256daa6fb4ffaed8b9f6ad52d6699f0a13fe7359e63cd3deded3e0c87024,finance-datareader-yahoo-hose-v2-business-day,real,VN000000VGC3,,-0.026900584795321647,0.002409530752707445,-0.026900584795321647,,no_event_raw_close,52020.91484711174,51520.713742812586,52521.11595141089,51520.713742812586,1.2505027607478783,corporate-actions-v2,candidate_no_known_unresolved_event,False
2025-11-12,VGC,45000.0,45000.0,43100.0,43450.0,40873.44921875,887500.0,38561875000.0,finance_datareader_yahoo_hose,https://github.com/FinanceData/FinanceDataReader,2026-07-30T05:39:27.629131+00:00,2025-11-13,60f5256daa6fb4ffaed8b9f6ad52d6699f0a13fe7359e63cd3deded3e0c87024,finance-datareader-yahoo-hose-v2-business-day,real,VN000000VGC3,,-0.06759656652360513,-0.021396448424682135,-0.06759656652360513,,no_event_raw_close,56899.48570342003,58929.27172966401,58929.27172966401,56441.146923300425,1.3095393717703114,corporate-actions-v2,candidate_no_known_unresolved_event,False
2020-10-09,VHC,35916.66796875,36250.0,35083.33203125,35666.66796875,30732.32421875,406920.0,14513480529.84375,finance_datareader_yahoo_hose,https://github.com/FinanceData/FinanceDataReader,2026-07-30T05:39:51.118930+00:00,2020-10-10,667f13c72972383b8f8aafa9dbd191b801d1f19792c5e26a1de78c7f53f6d825,finance-datareader-yahoo-hose-v2-business-day,real,VN000000VHC1,,-0.0499445043720691,-0.005807341973412039,-0.0499445043720691,,no_event_raw_close,35666.667968750044,35916.66796875005,36250.00000000005,35083.332031250044,1.0000000000000013,corporate-actions-v2,blocked_unresolved_material_event,False
2021-12-22,VHC,54166.66796875,54916.66796875,53333.33203125,54916.66796875,48775.140625,723960.0,39757470942.65625,finance_datareader_yahoo_hose,https://github.com/FinanceData/FinanceDataReader,2026-07-30T05:39:51.118930+00:00,2021-12-23,667f13c72972383b8f8aafa9dbd191b801d1f19792c5e26a1de78c7f53f6d825,finance-datareader-yahoo-hose-v2-business-day,real,VN000000VHC1,,-0.016417864188849496,0.013846239663875437,-0.016417864188849496,,no_event_raw_close,54916.667968750015,54166.667968750015,54916.667968750015,53333.332031250015,1.0000000000000002,corporate-actions-v2,blocked_unresolved_material_event,False
2022-10-21,VHC,62166.66796875,64833.33203125,62166.66796875,62500.0,56990.6796875,394680.0,24667500000.0,finance_datareader_yahoo_hose,https://github.com/FinanceData/FinanceDataReader,2026-07-30T05:39:51.118930+00:00,2022-10-22,667f13c72972383b8f8aafa9dbd191b801d1f19792c5e26a1de78c7f53f6d825,finance-datareader-yahoo-hose-v2-business-day,real,VN000000VHC1,,-0.025974045739163065,-6.854190459648635e-08,-0.025974045739163065,,no_event_raw_close,64448.05190852175,64104.33030767738,66854.11117043882,64104.33030767738,1.031168830536348,corporate-actions-v2,blocked_unresolved_material_event,False
2024-02-20,VHC,65200.0,65200.0,64400.0,65000.0,61102.46484375,708200.0,46033000000.0,finance_datareader_yahoo_hose,https://github.com/FinanceData/FinanceDataReader,2026-07-30T05:39:51.118930+00:00,2024-02-21,667f13c72972383b8f8aafa9dbd191b801d1f19792c5e26a1de78c7f53f6d825,finance-datareader-yahoo-hose-v2-business-day,real,VN000000VHC1,,-0.025487256371814038,0.004636790820522263,-0.025487256371814038,,no_event_raw_close,69035.74831724232,69248.1660043723,69248.1660043723,68398.4952558524,1.0620884356498819,corporate-actions-v2,blocked_unresolved_material_event,False
2024-12-06,VHC,71200.0,74100.0,70200.0,73500.0,71041.8046875,1564100.0,114961350000.0,finance_datareader_yahoo_hose,https://github.com/FinanceData/FinanceDataReader,2026-07-30T05:39:51.118930+00:00,2024-12-07,667f13c72972383b8f8aafa9dbd191b801d1f19792c5e26a1de78c7f53f6d825,finance-datareader-yahoo-hose-v2-business-day,real,VN000000VHC1,,0.008230452674897082,0.03667130203762525,0.008230452674897082,,no_event_raw_close,80205.15982877836,77695.33850080297,80859.89582738062,76604.11183646586,1.0912266643371205,corporate-actions-v2,blocked_unresolved_material_event,False
2025-09-30,VHC,58000.0,58200.0,55500.0,55500.0,55500.0,1764900.0,97951950000.0,finance_datareader_yahoo_hose,https://github.com/FinanceData/FinanceDataReader,2026-07-30T05:39:51.118930+00:00,2025-10-01,667f13c72972383b8f8aafa9dbd191b801d1f19792c5e26a1de78c7f53f6d825,finance-datareader-yahoo-hose-v2-business-day,real,VN000000VHC1,,-0.07190635451505012,-0.03979238754325265,-0.07190635451505012,,no_event_raw_close,62588.600936620154,65407.907285116555,65633.45179299626,62588.60093662015,1.1277225393985613,corporate-actions-v2,blocked_unresolved_material_event,False
2021-09-16,VHM,82300.0,83500.0,80700.0,81900.0,76629.3125,9287400.0,760638060000.0,finance_datareader_yahoo_hose,https://github.com/FinanceData/FinanceDataReader,2026-07-30T05:38:01.634257+00:00,2021-09-17,c44f75f2996003caf0cb166f943267c9f77543f8846ba195cb44d07a0fcfff84,finance-datareader-yahoo-hose-v2-business-day,real,VN000000VHM0,,-0.004953307354216285,0.013517211050187772,-0.004953307354216285,,no_event_raw_close,107962.5700389686,108489.85975832863,110071.72891640876,106380.70088088847,1.318224298400105,corporate-actions-v2,blocked_unresolved_material_event,False
2022-06-01,VHM,68700.0,69900.0,68500.0,69600.0,67022.2265625,3692900.0,257025840000.0,finance_datareader_yahoo_hose,https://github.com/FinanceData/FinanceDataReader,2026-07-30T05:38:01.634257+00:00,2022-06-02,c44f75f2996003caf0cb166f943267c9f77543f8846ba195cb44d07a0fcfff84,finance-datareader-yahoo-hose-v2-business-day,real,VN000000VHM0,,-0.012765957446808529,0.016058491158449595,-0.012765957446808529,,no_event_raw_close,91748.41116864733,90562.00930008724,92143.87845816737,90298.36444040721,1.3182242984001054,corporate-actions-v2,blocked_unresolved_material_event,False
2022-05-25,VIB,15275.9033203125,15931.923828125,15088.46875,15931.923828125,13402.4189453125,1654979.0,26366999365.146484,finance_datareader_yahoo_hose,https://github.com/FinanceData/FinanceDataReader,2026-07-30T05:38:44.021801+00:00,2022-05-26,a343ef7e18a4d4cdb4b2ff910cd04a2587432bd496ef2260aa03128c60934a57,finance-datareader-yahoo-hose-v2-business-day,real,VN000000VIB1,,0.02822578993267988,0.08050845022307995,0.02822578993267988,,no_event_raw_close,15931.923828124958,15275.90332031246,15931.923828124958,15088.46874999996,0.9999999999999973,corporate-actions-v2,blocked_unresolved_material_event,False
2023-04-07,VIB,13432.798828125,13495.2763671875,13120.408203125,13120.408203125,11294.56640625,9886018.0,129708591663.4414,finance_datareader_yahoo_hose,https://github.com/FinanceData/FinanceDataReader,2026-07-30T05:38:44.021801+00:00,2023-04-08,a343ef7e18a4d4cdb4b2ff910cd04a2587432bd496ef2260aa03128c60934a57,finance-datareader-yahoo-hose-v2-business-day,real,VN000000VIB1,,-0.043280162442938974,-0.02097901624340548,-0.043280162442938974,,no_event_raw_close,14536.942446556366,14883.060072331695,14952.282948288994,14536.942446556366,1.1079641899475337,corporate-actions-v2,blocked_unresolved_material_event,False
2024-01-22,VIB,15744.4892578125,15856.9501953125,15669.515625,15819.462890625,14010.8466796875,4771802.0,75487344660.41016,finance_datareader_yahoo_hose,https://github.com/FinanceData/FinanceDataReader,2026-07-30T05:38:44.021801+00:00,2024-01-23,634a08df44b83fed09bdc847b126545b3d0300c76fb62a4aa8bff040e89930f1,finance-datareader-yahoo-hose-v2-business-day,real,VN000000VIB1,,-0.014018728563646388,0.014423126893014171,-0.014018728563646388,,no_event_raw_close,18182.857551442674,18096.683014736263,18225.945381025325,18010.508478029853,1.1493979079541492,corporate-actions-v2,blocked_unresolved_material_event,False
2024-04-18,VIB,16719.1484375,16756.634765625,16119.3583984375,16119.3583984375,14700.185546875,10026841.0,161626243683.14746,finance_datareader_yahoo_hose,https://github.com/FinanceData/FinanceDataReader,2026-07-30T05:38:44.021801+00:00,2024-04-19,a343ef7e18a4d4cdb4b2ff910cd04a2587432bd496ef2260aa03128c60934a57,finance-datareader-yahoo-hose-v2-business-day,real,VN000000VIB1,,-0.046563145132316075,-0.018264864006799386,-0.046563145132316075,,no_event_raw_close,19239.87773285555,19955.780111331467,20000.523354328572,19239.87773285555,1.1935883089937707,corporate-actions-v2,blocked_unresolved_material_event,False
2025-04-23,VIB,15350.876953125,15614.03515625,14561.4033203125,15350.876953125,14554.578125,6990822.0,107315248323.19922,finance_datareader_yahoo_hose,https://github.com/FinanceData/FinanceDataReader,2026-07-30T05:38:44.021801+00:00,2025-04-24,a343ef7e18a4d4cdb4b2ff910cd04a2587432bd496ef2260aa03128c60934a57,finance-datareader-yahoo-hose-v2-business-day,real,VN000000VIB1,,-0.046321539771714826,-0.008498543238975698,-0.046321539771714826,,no_event_raw_close,19119.436886519303,19119.436886519303,19447.19905093389,18136.15160957902,1.245494765211256,corporate-actions-v2,blocked_unresolved_material_event,False
2023-09-08,VID,5133.928409262748,5338.929022827058,5133.928409262748,5178.493760037598,4337.9738360837755,48100.0,249085549.85780847,fdr_segment_scaled_by_cafef_crosscheck,https://cafef.vn/du-lieu/lich-su-giao-dich-hose/all-1.chn,2026-07-30T05:56:29.477191+00:00,2023-09-09,7d2bccd5af35834568940bf7b4a6ccebf5e1fde593dc69e21f007b8735ac20f2,fdr-cafef-segment-scale-v1,real,VN000000VID7,,-0.07039999999999991,0.01043474364652508,-0.07039999999999991,,no_event_raw_close,8209.581597414695,8138.931153374982,8463.923195957663,8138.931153374982,1.5853222921243977,corporate-actions-v2,candidate_no_known_unresolved_event,False
2024-08-06,VID,4982.4062166282565,5035.884637558076,4688.274901514245,4688.274901514245,4290.963483935359,10000.0,46882749.01514245,fdr_segment_scaled_by_cafef_crosscheck,https://cafef.vn/du-lieu/lich-su-giao-dich-hose/all-1.chn,2026-07-30T05:56:29.477191+00:00,2024-08-07,7d2bccd5af35834568940bf7b4a6ccebf5e1fde593dc69e21f007b8735ac20f2,fdr-cafef-segment-scale-v1,real,VN000000VID7,,-0.1084745762711864,-0.025925955198488948,-0.1084745762711864,,no_event_raw_close,8139.104277094318,8649.732492197192,8742.57398585226,8139.104277094318,1.7360552544530834,corporate-actions-v2,candidate_no_known_unresolved_event,False
2025-08-05,VID,4590.231129809575,4804.144813528856,4536.752708879754,4616.970340274484,4616.970340274484,84900.0,391980781.88930374,fdr_segment_scaled_by_cafef_crosscheck,https://cafef.vn/du-lieu/lich-su-giao-dich-hose/all-1.chn,2026-07-30T05:56:29.477191+00:00,2025-08-06,7d2bccd5af35834568940bf7b4a6ccebf5e1fde593dc69e21f007b8735ac20f2,fdr-cafef-segment-scale-v1,real,VN000000VID7,,-0.12203389830508482,-0.040740740740740855,-0.12203389830508482,,no_event_raw_close,8777.414450927125,8726.580004300135,9133.255577316062,8624.911111046153,1.9011199561670342,corporate-actions-v2,candidate_no_known_unresolved_event,False
2020-07-22,VIP,5400.0,5490.0,5300.0,5370.0,3338.50244140625,85460.0,458920200.0,finance_datareader_yahoo_hose,https://github.com/FinanceData/FinanceDataReader,2026-07-30T05:44:23.398812+00:00,2020-07-23,e9a635497d31f75a0a67b340c8acb5a24e1b8aa94a9da5c829bf7c7b5951f864,finance-datareader-yahoo-hose-v2-business-day,real,VN000000VIP1,,-0.07731958762886593,0.009398559789039584,-0.07731958762886593,,no_event_raw_close,5831.340206185564,5863.917525773193,5961.649484536079,5755.326460481097,1.0859106529209617,corporate-actions-v2,blocked_unresolved_material_event,False
2021-07-30,VIP,7720.0,7720.0,7500.0,7520.0,5054.2119140625,268400.0,2018368000.0,finance_datareader_yahoo_hose,https://github.com/FinanceData/FinanceDataReader,2026-07-30T05:44:23.398812+00:00,2021-07-31,e9a635497d31f75a0a67b340c8acb5a24e1b8aa94a9da5c829bf7c7b5951f864,finance-datareader-yahoo-hose-v2-business-day,real,VN000000VIP1,,-0.06000000000000005,0.01621602198814598,-0.06000000000000005,,no_event_raw_close,8166.048109965623,8383.230240549816,8383.230240549816,8144.329896907204,1.0859106529209606,corporate-actions-v2,blocked_unresolved_material_event,False
2022-05-12,VIP,7950.0,7950.0,7600.0,7840.0,5615.94921875,139400.0,1092896000.0,finance_datareader_yahoo_hose,https://github.com/FinanceData/FinanceDataReader,2026-07-30T05:44:23.398812+00:00,2022-05-13,e9a635497d31f75a0a67b340c8acb5a24e1b8aa94a9da5c829bf7c7b5951f864,finance-datareader-yahoo-hose-v2-business-day,real,VN000000VIP1,,-0.032098765432098775,0.031578981356628066,-0.032098765432098775,,no_event_raw_close,9039.066649696644,9165.890288914326,9165.890288914326,8762.360527767154,1.1529421747062045,corporate-actions-v2,blocked_unresolved_material_event,False
2023-05-15,VIP,10750.0,11150.0,10700.0,10750.0,8560.0234375,1596700.0,17164525000.0,finance_datareader_yahoo_hose,https://github.com/FinanceData/FinanceDataReader,2026-07-30T05:44:23.398812+00:00,2023-05-16,d300c624d7ba4aac5f2e1aceb3885da5e87d60a9529a4dd9c0d1edde4e090446,finance-datareader-yahoo-hose-v2-business-day,real,VN000000VIP1,,-0.10041841004184104,0.0,-0.10041841004184104,,no_event_raw_close,13638.727043674127,13638.727043674127,14146.214561578281,13575.291103936108,1.268718794760384,corporate-actions-v2,blocked_unresolved_material_event,False
2024-06-07,VIP,15500.0,16200.0,15000.0,16200.0,13751.2265625,1604700.0,25996140000.0,finance_datareader_yahoo_hose,https://github.com/FinanceData/FinanceDataReader,2026-07-30T05:44:23.398812+00:00,2024-06-08,e9a635497d31f75a0a67b340c8acb5a24e1b8aa94a9da5c829bf7c7b5951f864,finance-datareader-yahoo-hose-v2-business-day,real,VN000000VIP1,,0.003095975232198178,0.06930701189444788,0.003095975232198178,,no_event_raw_close,21825.891191843795,20882.797127998696,21825.891191843795,20209.158510966477,1.347277234064432,corporate-actions-v2,blocked_unresolved_material_event,False
2025-05-29,VIP,14400.0,14750.0,14200.0,14300.0,13051.091796875,816400.0,11674520000.0,finance_datareader_yahoo_hose,https://github.com/FinanceData/FinanceDataReader,2026-07-30T05:44:23.398812+00:00,2025-05-30,e9a635497d31f75a0a67b340c8acb5a24e1b8aa94a9da5c829bf7c7b5951f864,finance-datareader-yahoo-hose-v2-business-day,real,VN000000VIP1,,0.0,0.07518799654055797,0.0,,no_event_raw_close,20613.341681185786,20757.49092371156,21262.013272551772,20469.19243866001,1.4414924252577472,corporate-actions-v2,blocked_unresolved_material_event,False
2022-07-20,VIX,8821.3671875,8903.046875,8535.4892578125,8739.6875,8739.6875,7194721.0,62879613189.6875,finance_datareader_yahoo_hose,https://github.com/FinanceData/FinanceDataReader,2026-07-30T05:38:57.160489+00:00,2022-07-21,72ff44d7a77fca114e8bbcd844f9e041640d20afa2fe4eb02a16b8ba314bae0f,finance-datareader-yahoo-hose-v2-business-day,real,VN000000VIX5,,-0.05309736947744004,-0.0229093509932502,-0.05309736947744004,,no_event_raw_close,10704.003440060547,10804.041302510785,10904.079164961024,10453.909979987824,1.224758143819278,corporate-actions-v2,blocked_unresolved_material_event,False
2020-10-26,VMD,23500.0,24150.0,23500.0,23600.0,17075.267578125,1840.0,43424000.0,finance_datareader_yahoo_hose,https://github.com/FinanceData/FinanceDataReader,2026-07-30T05:56:22.292082+00:00,2020-10-27,51bdb5154410b6099253ed87eea9596c152cc9f60c6445664bbd9b2500c58d95,finance-datareader-yahoo-hose-v2-business-day,real,VN000000VMD9,,-0.04065040650406504,0.04424791445433063,-0.04065040650406504,,no_event_raw_close,25518.699186991867,25410.56910569106,26113.414634146342,25410.56910569106,1.08130081300813,corporate-actions-v2,candidate_no_known_unresolved_event,False
2021-06-15,VMD,29400.0,30800.0,29300.0,29300.0,22545.369140625,26800.0,785240000.0,finance_datareader_yahoo_hose,https://github.com/FinanceData/FinanceDataReader,2026-07-30T05:56:22.292082+00:00,2021-06-16,18705e466cf6b866c28f470ea07d6d04211a8d72e613a876a838f74acabc138c,finance-datareader-yahoo-hose-v2-business-day,real,VN000000VMD9,,-0.12537313432835817,-0.06984133788698865,-0.12537313432835817,,no_event_raw_close,33573.583302997176,33688.168911539826,35292.36743113696,33573.583302997176,1.1458560854265247,corporate-actions-v2,candidate_no_known_unresolved_event,False
2022-11-18,VMD,18000.0,18000.0,17300.0,17800.0,14504.55859375,800.0,14240000.0,finance_datareader_yahoo_hose,https://github.com/FinanceData/FinanceDataReader,2026-07-30T05:56:22.292082+00:00,2022-11-19,18705e466cf6b866c28f470ea07d6d04211a8d72e613a876a838f74acabc138c,finance-datareader-yahoo-hose-v2-business-day,real,VN000000VMD9,,-0.00835654596100277,0.05014744674057425,-0.00835654596100277,,no_event_raw_close,21532.519006976072,21774.457422784795,21774.457422784795,20927.672967454273,1.2096920790435997,corporate-actions-v2,candidate_no_known_unresolved_event,False
2023-12-15,VMD,18900.0,19700.0,18650.0,18700.0,16777.12109375,70400.0,1316480000.0,finance_datareader_yahoo_hose,https://github.com/FinanceData/FinanceDataReader,2026-07-30T05:56:22.292082+00:00,2023-12-16,18705e466cf6b866c28f470ea07d6d04211a8d72e613a876a838f74acabc138c,finance-datareader-yahoo-hose-v2-business-day,real,VN000000VMD9,,-0.14220183486238536,-0.05555551279783244,-0.14220183486238536,,no_event_raw_close,24696.5851696855,24960.7197704308,26017.258173411996,24630.551519499175,1.3206730037264973,corporate-actions-v2,candidate_no_known_unresolved_event,False
2024-12-10,VMD,16650.0,17400.0,16650.0,17400.0,17400.0,52300.0,910020000.0,finance_datareader_yahoo_hose,https://github.com/FinanceData/FinanceDataReader,2026-07-30T05:56:22.292082+00:00,2024-12-11,18705e466cf6b866c28f470ea07d6d04211a8d72e613a876a838f74acabc138c,finance-datareader-yahoo-hose-v2-business-day,real,VN000000VMD9,,-0.1053984575835476,-0.002865329512893977,-0.1053984575835476,,no_event_raw_close,25342.662477164016,24250.306335906946,25342.662477164016,24250.306335906946,1.4564748550094262,corporate-actions-v2,candidate_no_known_unresolved_event,False
2020-07-21,VND,4086.64013671875,4086.64013671875,4007.74755859375,4007.74755859375,3570.59375,1323285.0,5303392228.07373,finance_datareader_yahoo_hose,https://github.com/FinanceData/FinanceDataReader,2026-07-30T05:39:04.226153+00:00,2020-07-22,d727a0e58878e377ded7c4a20fd526dda475568b0f7aba94afbb03718fdff480,finance-datareader-yahoo-hose-v2-business-day,real,VN000000VND7,,-0.04150945555500285,-0.00891734714089687,-0.04150945555500285,,no_event_raw_close,4486.99283081625,4575.319360188698,4575.319360188698,4486.99283081625,1.119579705362146,corporate-actions-v2,blocked_unresolved_material_event,False
2022-05-27,VND,10547.815972013786,10978.33907291231,10418.659041744231,10483.237506879008,9506.787569809081,7946200.0,83301901877.16197,fdr_segment_scaled_by_cafef_crosscheck,https://cafef.vn/du-lieu/lich-su-giao-dich-hose/all-1.chn,2026-07-30T05:39:04.226153+00:00,2022-05-28,3177fa6751c4e8f3cceb5a4fba901981c305510fb4374665c9838028af039b85,fdr-cafef-segment-scale-v1,real,VN000000VND7,,-0.01814516129032262,-0.0005856311658674063,-0.01814516129032262,,no_event_raw_close,12286.452334708483,12362.138899398678,12866.71599733332,12210.765770018288,1.1720093460294323,corporate-actions-v2,blocked_unresolved_material_event,False
2024-09-11,VND,6414.794203387976,6436.320358432903,6221.058807983642,6242.5849630285675,5881.688883315205,10110600.0,63116279527.19664,fdr_segment_scaled_by_cafef_crosscheck,https://cafef.vn/du-lieu/lich-su-giao-dich-hose/all-1.chn,2026-07-30T05:39:04.226153+00:00,2024-09-12,3177fa6751c4e8f3cceb5a4fba901981c305510fb4374665c9838028af039b85,fdr-cafef-segment-scale-v1,real,VN000000VND7,,-0.046052631578947456,-0.013605504052192408,-0.046052631578947456,,no_event_raw_close,7875.385535757116,8092.637550536623,8119.794052384062,7848.229033909678,1.2615584060767675,corporate-actions-v2,blocked_unresolved_material_event,False
2025-06-25,VND,7039.052699690834,7103.631164825612,6996.000389600981,7039.052699690834,6841.326556948872,19949300.0,140424174021.94235,fdr_segment_scaled_by_cafef_crosscheck,https://cafef.vn/du-lieu/lich-su-giao-dich-hose/all-1.chn,2026-07-30T05:39:04.226153+00:00,2025-06-26,3177fa6751c4e8f3cceb5a4fba901981c305510fb4374665c9838028af039b85,fdr-cafef-segment-scale-v1,real,VN000000VND7,,0.0,0.031545742524797804,0.0,,no_event_raw_close,9510.955307150705,9510.955307150705,9598.211777858509,9452.784326678835,1.3511697827704061,corporate-actions-v2,blocked_unresolved_material_event,False
2020-03-30,VNL,8866.6669921875,8933.3330078125,8666.6669921875,8666.6669921875,5386.76611328125,60.0,520000.01953125,finance_datareader_yahoo_hose,https://github.com/FinanceData/FinanceDataReader,2026-07-30T05:56:09.503761+00:00,2020-03-31,3c90e8b3317f8f4b9a41b6f88cc3e8cc825dcfbc12ae7829c594a3e6dbabc937,finance-datareader-yahoo-hose-v2-business-day,real,VN000000VNL0,,-0.03345724785601878,0.027667984557915304,-0.03345724785601878,,no_event_raw_close,9439.90119390268,9657.745059425892,9730.358972139795,9439.90119390268,1.0892193276160498,corporate-actions-v2,blocked_unresolved_material_event,False
2020-11-17,VNL,10233.3330078125,10900.0,10233.3330078125,10400.0,6759.8642578125,3840.0,39936000.0,finance_datareader_yahoo_hose,https://github.com/FinanceData/FinanceDataReader,2026-07-30T05:56:09.503761+00:00,2020-11-18,dd57ff8b4c9d051e5bb4473225a10ba16c8a2acfbc2df14a18c70853d78b4c20,finance-datareader-yahoo-hose-v2-business-day,real,VN000000VNL0,,-0.025000029754637776,0.019607869130923605,-0.025000029754637776,,no_event_raw_close,11327.881007206914,11146.344098040656,11872.490671014937,11146.344098040656,1.0892193276160493,corporate-actions-v2,blocked_unresolved_material_event,False
2021-03-23,VNL,13000.0,13000.0,13000.0,13000.0,8811.3203125,0.0,0.0,finance_datareader_yahoo_hose,https://github.com/FinanceData/FinanceDataReader,2026-07-30T05:56:09.503761+00:00,2021-03-24,dd57ff8b4c9d051e5bb4473225a10ba16c8a2acfbc2df14a18c70853d78b4c20,finance-datareader-yahoo-hose-v2-business-day,real,VN000000VNL0,,0.0,0.04278076967616529,0.0,,no_event_raw_close,15031.226721101493,15031.226721101493,15031.226721101493,15031.226721101493,1.1562482093154995,corporate-actions-v2,blocked_unresolved_material_event,False
2021-12-08,VNL,18000.0,18066.666015625,17466.666015625,18066.666015625,12570.1669921875,28950.0,523029981.15234375,finance_datareader_yahoo_hose,https://github.com/FinanceData/FinanceDataReader,2026-07-30T05:56:09.503761+00:00,2021-12-09,dd57ff8b4c9d051e5bb4473225a10ba16c8a2acfbc2df14a18c70853d78b4c20,finance-datareader-yahoo-hose-v2-business-day,real,VN000000VNL0,,0.0,0.026515132182100443,0.0,,no_event_raw_close,21698.92397538845,21618.854924267573,21698.92397538845,20978.295477912867,1.201047495792643,corporate-actions-v2,blocked_unresolved_material_event,False
2022-03-24,VNL,17200.0,17466.666015625,16833.333984375,17200.0,12344.83203125,46050.0,792060000.0,finance_datareader_yahoo_hose,https://github.com/FinanceData/FinanceDataReader,2026-07-30T05:56:09.503761+00:00,2022-03-25,dd57ff8b4c9d051e5bb4473225a10ba16c8a2acfbc2df14a18c70853d78b4c20,finance-datareader-yahoo-hose-v2-business-day,real,VN000000VNL0,,-0.013384358068521562,0.017751361143259592,-0.013384358068521562,,no_event_raw_close,20658.01692763345,20658.01692763345,20978.29547791286,20217.63362777478,1.2010474957926425,corporate-actions-v2,blocked_unresolved_material_event,False
2022-07-04,VNL,12833.3330078125,12833.3330078125,12666.6669921875,12666.6669921875,9331.662109375,2700.0,34200000.87890625,finance_datareader_yahoo_hose,https://github.com/FinanceData/FinanceDataReader,2026-07-30T05:56:09.503761+00:00,2022-07-05,3c90e8b3317f8f4b9a41b6f88cc3e8cc825dcfbc12ae7829c594a3e6dbabc937,finance-datareader-yahoo-hose-v2-business-day,real,VN000000VNL0,,-0.020618506881707743,0.005291032009518082,-0.020618506881707743,,no_event_raw_close,15801.410515873817,16009.322994630855,16009.322994630855,15801.410515873817,1.247479745509987,corporate-actions-v2,blocked_unresolved_material_event,False
2022-10-24,VNL,14000.0,14800.0,13633.3330078125,14500.0,11028.482421875,2550.0,36975000.0,finance_datareader_yahoo_hose,https://github.com/FinanceData/FinanceDataReader,2026-07-30T05:56:09.503761+00:00,2022-10-25,3c90e8b3317f8f4b9a41b6f88cc3e8cc825dcfbc12ae7829c594a3e6dbabc937,finance-datareader-yahoo-hose-v2-business-day,real,VN000000VNL0,,-0.02466369848602823,0.006944363329931091,-0.02466369848602823,,no_event_raw_close,18940.15490673433,18287.046116846937,19332.02018066676,17808.09924572848,1.3062175797747813,corporate-actions-v2,blocked_unresolved_material_event,False
2023-03-23,VNL,12866.6669921875,13133.3330078125,12666.6669921875,12933.3330078125,10251.083984375,15300.0,197879995.01953125,finance_datareader_yahoo_hose,https://github.com/FinanceData/FinanceDataReader,2026-07-30T05:56:09.503761+00:00,2023-03-24,dd57ff8b4c9d051e5bb4473225a10ba16c8a2acfbc2df14a18c70853d78b4c20,finance-datareader-yahoo-hose-v2-business-day,real,VN000000VNL0,,-0.020202044862689394,0.021052605981611183,-0.020202044862689394,,no_event_raw_close,17917.61039078831,17825.25247395795,18194.686847104174,17548.176017642087,1.3853822815793124,corporate-actions-v2,blocked_unresolved_material_event,False
2023-10-16,VNL,14700.0,14800.0,14600.0,14800.0,12135.1279296875,4400.0,65120000.0,finance_datareader_yahoo_hose,https://github.com/FinanceData/FinanceDataReader,2026-07-30T05:56:09.503761+00:00,2023-10-17,3c90e8b3317f8f4b9a41b6f88cc3e8cc825dcfbc12ae7829c594a3e6dbabc937,finance-datareader-yahoo-hose-v2-business-day,real,VN000000VNL0,,-0.013333333333333308,0.020689663669551495,-0.013333333333333308,,no_event_raw_close,31780.669539429473,31565.93528578468,31780.669539429473,31351.201032139885,2.1473425364479373,corporate-actions-v2,blocked_unresolved_material_event,False
2024-03-21,VNL,14400.0,14400.0,14100.0,14350.0,12356.5693359375,43100.0,618485000.0,finance_datareader_yahoo_hose,https://github.com/FinanceData/FinanceDataReader,2026-07-30T05:56:09.503761+00:00,2024-03-22,dd57ff8b4c9d051e5bb4473225a10ba16c8a2acfbc2df14a18c70853d78b4c20,finance-datareader-yahoo-hose-v2-business-day,real,VN000000VNL0,,-0.020477815699658675,0.028673801324132997,-0.020477815699658675,,no_event_raw_close,32286.72415424769,32399.221450952387,32399.221450952387,31724.237670724215,2.249945934093916,corporate-actions-v2,blocked_unresolved_material_event,False
2024-09-13,VNL,16650.0,16650.0,16500.0,16500.0,14639.7548828125,5600.0,92400000.0,finance_datareader_yahoo_hose,https://github.com/FinanceData/FinanceDataReader,2026-07-30T05:56:09.503761+00:00,2024-09-14,dd57ff8b4c9d051e5bb4473225a10ba16c8a2acfbc2df14a18c70853d78b4c20,finance-datareader-yahoo-hose-v2-business-day,real,VN000000VNL0,,-0.026548672566371723,0.0030395403193739234,-0.026548672566371723,,no_event_raw_close,38219.21434064842,38566.66174374522,38566.66174374522,38219.21434064842,2.316316020645359,corporate-actions-v2,blocked_unresolved_material_event,False
2025-03-19,VNL,20900.0,20900.0,19800.0,20650.0,18765.501953125,14300.0,295295000.0,finance_datareader_yahoo_hose,https://github.com/FinanceData/FinanceDataReader,2026-07-30T05:56:09.503761+00:00,2025-03-20,dd57ff8b4c9d051e5bb4473225a10ba16c8a2acfbc2df14a18c70853d78b4c20,finance-datareader-yahoo-hose-v2-business-day,real,VN000000VNL0,,-0.023640661938534313,-1.0408060502342664e-07,-0.023640661938534313,,no_event_raw_close,48962.7042146559,49555.47303081396,49555.47303081396,46947.29023971849,2.371075264632247,corporate-actions-v2,blocked_unresolved_material_event,False
2025-06-10,VNL,19950.0,20700.0,19950.0,20600.0,19200.06640625,8000.0,164800000.0,finance_datareader_yahoo_hose,https://github.com/FinanceData/FinanceDataReader,2026-07-30T05:56:09.503761+00:00,2025-06-11,dd57ff8b4c9d051e5bb4473225a10ba16c8a2acfbc2df14a18c70853d78b4c20,finance-datareader-yahoo-hose-v2-business-day,real,VN000000VNL0,,0.030000000000000027,0.056410246490573135,0.030000000000000027,,no_event_raw_close,50065.254212709886,48485.52531764865,50308.2894273347,48485.52531764865,2.430352146248053,corporate-actions-v2,blocked_unresolved_material_event,False
2025-10-28,VNL,22500.0,22500.0,22100.0,22300.0,21444.365234375,6800.0,151640000.0,finance_datareader_yahoo_hose,https://github.com/FinanceData/FinanceDataReader,2026-07-30T05:56:09.503761+00:00,2025-10-29,dd57ff8b4c9d051e5bb4473225a10ba16c8a2acfbc2df14a18c70853d78b4c20,finance-datareader-yahoo-hose-v2-business-day,real,VN000000VNL0,,-0.01978021978021982,0.011337893336167859,-0.01978021978021982,,no_event_raw_close,55864.44833398789,56365.47477644518,56365.47477644518,55363.421891530605,2.5051322122864526,corporate-actions-v2,blocked_unresolved_material_event,False
2020-06-30,VNM,95000.0,95250.0,91750.0,93250.0,66998.875,1822848.0,169980576000.0,finance_datareader_yahoo_hose,https://github.com/FinanceData/FinanceDataReader,2026-07-30T05:38:28.041621+00:00,2020-07-01,14454f36ebad1f1bbd40759ecbf13979d04d3fba2f18088d15fe3ff82d294853,finance-datareader-yahoo-hose-v2-business-day,real,VN000000VNM8,,-0.03451253681750066,-0.021853099395354514,-0.03451253681750066,,no_event_raw_close,94698.23119477379,96475.40979628428,96729.29245364292,93174.93525062193,1.0155306294345714,corporate-actions-v2,blocked_unresolved_material_event,False
2020-09-30,VNM,110000.0,112600.0,108000.0,109200.0,79701.171875,5191680.0,566931456000.0,finance_datareader_yahoo_hose,https://github.com/FinanceData/FinanceDataReader,2026-07-30T05:38:28.041621+00:00,2020-10-01,14454f36ebad1f1bbd40759ecbf13979d04d3fba2f18088d15fe3ff82d294853,finance-datareader-yahoo-hose-v2-business-day,real,VN000000VNM8,,0.021356221291801925,0.03752986581853324,0.021356221291801925,,no_event_raw_close,112970.38178682589,113798.00363141802,116487.77462634245,111728.94901993769,1.0345273057401638,corporate-actions-v2,blocked_unresolved_material_event,False
2021-06-08,VNM,89500.0,89600.0,88000.0,89400.0,66671.7734375,3736600.0,334052040000.0,finance_datareader_yahoo_hose,https://github.com/FinanceData/FinanceDataReader,2026-07-30T05:38:28.041621+00:00,2021-06-09,14454f36ebad1f1bbd40759ecbf13979d04d3fba2f18088d15fe3ff82d294853,finance-datareader-yahoo-hose-v2-business-day,real,VN000000VNM8,,-0.0011173184357542443,0.011312161159841905,-0.0011173184357542443,,no_event_raw_close,94480.02287356083,94585.70522576838,94691.38757797594,93000.46994265495,1.0568235220756244,corporate-actions-v2,blocked_unresolved_material_event,False
2021-09-08,VNM,87800.0,87800.0,86300.0,86300.0,65472.10546875,2622200.0,226295860000.0,finance_datareader_yahoo_hose,https://github.com/FinanceData/FinanceDataReader,2026-07-30T05:38:28.041621+00:00,2021-09-09,14454f36ebad1f1bbd40759ecbf13979d04d3fba2f18088d15fe3ff82d294853,finance-datareader-yahoo-hose-v2-business-day,real,VN000000VNM8,,-0.022650056625141524,-0.005760303467215455,-0.022650056625141524,,no_event_raw_close,92753.19956931313,94365.36410412159,94365.36410412159,92753.19956931313,1.0747763565389703,corporate-actions-v2,blocked_unresolved_material_event,False
2022-01-11,VNM,84800.0,85000.0,83500.0,83700.0,64560.4453125,2146400.0,179653680000.0,finance_datareader_yahoo_hose,https://github.com/FinanceData/FinanceDataReader,2026-07-30T05:38:28.041621+00:00,2022-01-12,14454f36ebad1f1bbd40759ecbf13979d04d3fba2f18088d15fe3ff82d294853,finance-datareader-yahoo-hose-v2-business-day,real,VN000000VNM8,,-0.017605633802816878,-0.0011932518690904725,-0.017605633802816878,,no_event_raw_close,91436.97697493188,92638.65767591665,92857.1450760957,91218.48957475284,1.0924370008952435,corporate-actions-v2,blocked_unresolved_material_event,False
2022-07-07,VNM,71000.0,71500.0,69500.0,70700.0,56424.23046875,2360100.0,166859070000.0,finance_datareader_yahoo_hose,https://github.com/FinanceData/FinanceDataReader,2026-07-30T05:38:28.041621+00:00,2022-07-08,14454f36ebad1f1bbd40759ecbf13979d04d3fba2f18088d15fe3ff82d294853,finance-datareader-yahoo-hose-v2-business-day,real,VN000000VNM8,,-0.03283173734610123,0.0007076850088829634,-0.03283173734610123,,no_event_raw_close,79823.8934340197,80162.6086819717,80727.13409522502,78469.03244221174,1.1290508265066437,corporate-actions-v2,blocked_unresolved_material_event,False
2022-12-23,VNM,79300.0,79500.0,77000.0,77000.0,62550.89453125,1587300.0,122222100000.0,finance_datareader_yahoo_hose,https://github.com/FinanceData/FinanceDataReader,2026-07-30T05:38:28.041621+00:00,2022-12-24,14454f36ebad1f1bbd40759ecbf13979d04d3fba2f18088d15fe3ff82d294853,finance-datareader-yahoo-hose-v2-business-day,real,VN000000VNM8,,-0.03387703889585947,-0.01660300053146213,-0.03387703889585947,,no_event_raw_close,88464.03633984992,91106.46859415712,91336.24531192296,88464.03633984992,1.1488835888292197,corporate-actions-v2,blocked_unresolved_material_event,False
2023-08-04,VNM,74100.0,74100.0,72600.0,72600.0,60938.4453125,2917600.0,211817760000.0,finance_datareader_yahoo_hose,https://github.com/FinanceData/FinanceDataReader,2026-07-30T05:38:28.041621+00:00,2023-08-05,14454f36ebad1f1bbd40759ecbf13979d04d3fba2f18088d15fe3ff82d294853,finance-datareader-yahoo-hose-v2-business-day,real,VN000000VNM8,,-0.04599211563731931,-0.014256536009661147,-0.04599211563731931,,no_event_raw_close,86094.25635379837,87873.063303257,87873.063303257,86094.25635379837,1.1858712996390959,corporate-actions-v2,blocked_unresolved_material_event,False
2024-03-18,VNM,70100.0,70100.0,68700.0,68800.0,58928.87890625,4851100.0,333755680000.0,finance_datareader_yahoo_hose,https://github.com/FinanceData/FinanceDataReader,2026-07-30T05:38:28.041621+00:00,2024-03-19,05f220dfcf7350e4818f6094993c55e995dee0b72b82033e8c4768018941a891,finance-datareader-yahoo-hose-v2-business-day,real,VN000000VNM8,,-0.024113475177305,-0.01149430484214553,-0.024113475177305,,no_event_raw_close,83237.06346079559,84809.85681107226,84809.85681107226,83116.07935692815,1.2098410386743546,corporate-actions-v2,blocked_unresolved_material_event,False
2024-09-25,VNM,71000.0,71000.0,70100.0,70300.0,62307.68359375,2076500.0,145977950000.0,finance_datareader_yahoo_hose,https://github.com/FinanceData/FinanceDataReader,2026-07-30T05:38:28.041621+00:00,2024-09-26,14454f36ebad1f1bbd40759ecbf13979d04d3fba2f18088d15fe3ff82d294853,finance-datareader-yahoo-hose-v2-business-day,real,VN000000VNM8,,-0.03566529492455417,-0.00212927240955052,-0.03566529492455417,,no_event_raw_close,87910.2196867916,88785.57038068569,88785.57038068569,87660.11948853616,1.2505009912772633,corporate-actions-v2,blocked_unresolved_material_event,False
2025-05-15,VNM,58900.0,59000.0,58300.0,58500.0,54101.37890625,4352200.0,254603700000.0,finance_datareader_yahoo_hose,https://github.com/FinanceData/FinanceDataReader,2026-07-30T05:38:28.041621+00:00,2025-05-16,14454f36ebad1f1bbd40759ecbf13979d04d3fba2f18088d15fe3ff82d294853,finance-datareader-yahoo-hose-v2-business-day,real,VN000000VNM8,,-0.0017064846416382506,0.03356886345695553,-0.0017064846416382506,,no_event_raw_close,76238.39486175605,76759.68303175097,76890.0050742497,75977.75077675859,1.303220424987283,corporate-actions-v2,blocked_unresolved_material_event,False
2025-10-17,VNM,63800.0,64400.0,63600.0,63600.0,61581.81640625,4645400.0,295447440000.0,finance_datareader_yahoo_hose,https://github.com/FinanceData/FinanceDataReader,2026-07-30T05:38:28.041621+00:00,2025-10-18,14454f36ebad1f1bbd40759ecbf13979d04d3fba2f18088d15fe3ff82d294853,finance-datareader-yahoo-hose-v2-business-day,real,VN000000VNM8,,0.0015748031496063408,0.048639760154995715,0.0015748031496063408,,no_event_raw_close,86604.84633995012,86877.18862403801,87694.2154763017,86604.84633995012,1.3617114204394674,corporate-actions-v2,blocked_unresolved_material_event,False
2020-07-21,VNS,13000.0,13000.0,11750.0,12300.0,7730.353515625,42170.0,518691000.0,finance_datareader_yahoo_hose,https://github.com/FinanceData/FinanceDataReader,2026-07-30T05:45:01.467368+00:00,2020-07-22,5ad81a3316e1f22c704bdc689108480bb7526444c2279909e581ff0ef5490b57,finance-datareader-yahoo-hose-v2-business-day,real,VN000000VNS5,,-0.09558823529411764,-0.023809608959381112,-0.09558823529411764,,no_event_raw_close,13204.41176470587,13955.882352941164,13955.882352941164,12613.970588235283,1.073529411764705,corporate-actions-v2,blocked_unresolved_material_event,False
2023-05-16,VNS,17200.0,17250.0,17050.0,17100.0,11252.8232421875,42100.0,719910000.0,finance_datareader_yahoo_hose,https://github.com/FinanceData/FinanceDataReader,2026-07-30T05:45:01.467368+00:00,2023-05-17,5ad81a3316e1f22c704bdc689108480bb7526444c2279909e581ff0ef5490b57,finance-datareader-yahoo-hose-v2-business-day,real,VN000000VNS5,,-0.0393258426966292,0.005882411993185732,-0.0393258426966292,,no_event_raw_close,19182.40251156638,19294.58030403168,19350.66920026433,19126.31361533373,1.1217779246530046,corporate-actions-v2,blocked_unresolved_material_event,False
2023-07-28,VNS,20150.0,20900.0,20150.0,20150.0,15709.7724609375,368500.0,7425275000.0,finance_datareader_yahoo_hose,https://github.com/FinanceData/FinanceDataReader,2026-07-30T05:45:01.467368+00:00,2023-07-29,5ad81a3316e1f22c704bdc689108480bb7526444c2279909e581ff0ef5490b57,finance-datareader-yahoo-hose-v2-business-day,real,VN000000VNS5,,-0.21442495126705652,-0.06928406159195244,-0.21442495126705652,,no_event_raw_close,22603.82518175805,22603.82518175805,23445.1586252478,22603.82518175805,1.1217779246530049,corporate-actions-v2,blocked_unresolved_material_event,False
2023-09-14,VNS,16600.0,16950.0,16400.0,16400.0,13171.2412109375,177200.0,2906080000.0,finance_datareader_yahoo_hose,https://github.com/FinanceData/FinanceDataReader,2026-07-30T05:45:01.467368+00:00,2023-09-15,5ad81a3316e1f22c704bdc689108480bb7526444c2279909e581ff0ef5490b57,finance-datareader-yahoo-hose-v2-business-day,real,VN000000VNS5,,-0.040935672514619936,-0.01204820071388224,-0.040935672514619936,,no_event_raw_close,18935.08655975692,19166.002249510053,19570.104706578037,18935.08655975692,1.1545784487656658,corporate-actions-v2,blocked_unresolved_material_event,False
2024-05-16,VNS,12000.0,12000.0,11400.0,11500.0,10430.232421875,249800.0,2872700000.0,finance_datareader_yahoo_hose,https://github.com/FinanceData/FinanceDataReader,2026-07-30T05:45:01.467368+00:00,2024-05-17,5ad81a3316e1f22c704bdc689108480bb7526444c2279909e581ff0ef5490b57,finance-datareader-yahoo-hose-v2-business-day,real,VN000000VNS5,,-0.12213740458015265,-0.00862074326725748,-0.12213740458015265,,no_event_raw_close,14797.99401127904,15441.385055247692,15441.385055247692,14669.31580248531,1.2867820879373078,corporate-actions-v2,blocked_unresolved_material_event,False
2025-05-15,VNS,10750.0,10900.0,10700.0,10900.0,10900.0,81200.0,885080000.0,finance_datareader_yahoo_hose,https://github.com/FinanceData/FinanceDataReader,2026-07-30T05:45:01.467368+00:00,2025-05-16,5ad81a3316e1f22c704bdc689108480bb7526444c2279909e581ff0ef5490b57,finance-datareader-yahoo-hose-v2-business-day,real,VN000000VNS5,,0.013953488372093092,0.11794871794871797,0.013953488372093092,,no_event_raw_close,15330.661945355409,15119.689533263361,15330.661945355409,15049.365395899347,1.4064827472803128,corporate-actions-v2,blocked_unresolved_material_event,False
2025-09-19,VOS,15900.0,16200.0,15850.0,15900.0,15900.0,3245300.0,51600270000.0,finance_datareader_yahoo_hose,https://github.com/FinanceData/FinanceDataReader,2026-07-30T05:42:34.560962+00:00,2025-09-20,49e8218405908688026dad9ec0aeac26efa36af4913a64529bf0439470b8b2b3,finance-datareader-yahoo-hose-v2-business-day,real,VN000000VOS3,,0.01273885350318471,0.08904109589041087,0.01273885350318471,,no_event_raw_close,17014.012738853507,17014.012738853507,17335.03184713376,16960.50955414013,1.0700636942675161,corporate-actions-v2,candidate_no_known_unresolved_event,False
2023-11-10,VPB,20500.0,20550.0,20000.0,20000.0,18131.412109375,13599100.0,271982000000.0,finance_datareader_yahoo_hose,https://github.com/FinanceData/FinanceDataReader,2026-07-30T05:38:06.852158+00:00,2023-11-11,afa0789038d13f36d717f80ec622d399b9218e5a23f02ec1cbf865a2b0a4633d,finance-datareader-yahoo-hose-v2-business-day,real,VN000000VPB6,,-0.06323185011709598,-0.017198970117746182,-0.06323185011709598,,no_event_raw_close,20936.768149882864,21460.187353629935,21512.529274004643,20936.768149882864,1.0468384074941433,corporate-actions-v2,blocked_unresolved_material_event,False
2024-05-23,VPB,18800.0,18800.0,18250.0,18300.0,17472.701171875,22572900.0,413084070000.0,finance_datareader_yahoo_hose,https://github.com/FinanceData/FinanceDataReader,2026-07-30T05:38:06.852158+00:00,2024-05-24,afa0789038d13f36d717f80ec622d399b9218e5a23f02ec1cbf865a2b0a4633d,finance-datareader-yahoo-hose-v2-business-day,real,VN000000VPB6,,-0.0757575757575758,-0.026595759728848978,-0.0757575757575758,,no_event_raw_close,20124.675324675285,20674.52984174292,20674.52984174292,20069.689872968524,1.0997090341352616,corporate-actions-v2,blocked_unresolved_material_event,False
2025-05-16,VPB,17800.0,18900.0,17750.0,18900.0,18570.15625,95581000.0,1806480900000.0,finance_datareader_yahoo_hose,https://github.com/FinanceData/FinanceDataReader,2026-07-30T05:38:06.852158+00:00,2025-05-17,afa0789038d13f36d717f80ec622d399b9218e5a23f02ec1cbf865a2b0a4633d,finance-datareader-yahoo-hose-v2-business-day,real,VN000000VPB6,,0.06779661016949157,0.09883711590506139,0.06779661016949157,,no_event_raw_close,21371.633534567598,20127.781847370545,21371.633534567598,20071.24313431613,1.1307742610882328,corporate-actions-v2,blocked_unresolved_material_event,False
2020-11-20,VPD,14650.0,15100.0,14650.0,15000.0,11933.24609375,5760.0,86400000.0,finance_datareader_yahoo_hose,https://github.com/FinanceData/FinanceDataReader,2026-07-30T05:42:06.754282+00:00,2020-11-21,40f1c49598a68a5be75f725210e4baee0355a1838194b65b066367b5a9358f31,finance-datareader-yahoo-hose-v2-business-day,real,VN000000VPD2,,0.023890784982935065,0.06007071797246111,0.023890784982935065,,no_event_raw_close,15511.945392491476,15150.000000000007,15615.358361774752,15150.000000000007,1.034129692832765,corporate-actions-v2,candidate_no_known_unresolved_event,False
2024-04-24,VPD,25000.0,27400.0,24800.0,27000.0,22302.82421875,13700.0,369900000.0,finance_datareader_yahoo_hose,https://github.com/FinanceData/FinanceDataReader,2026-07-30T05:42:06.754282+00:00,2024-04-25,40f1c49598a68a5be75f725210e4baee0355a1838194b65b066367b5a9358f31,finance-datareader-yahoo-hose-v2-business-day,real,VN000000VPD2,,-0.0036900369003689537,0.034482771116241206,-0.0036900369003689537,,no_event_raw_close,33088.164300773,30637.18916738241,33578.35932745112,30392.091654043354,1.2254875666952965,corporate-actions-v2,candidate_no_known_unresolved_event,False
2024-07-30,VPD,26150.0,27300.0,26150.0,27300.0,22967.46484375,4200.0,114660000.0,finance_datareader_yahoo_hose,https://github.com/FinanceData/FinanceDataReader,2026-07-30T05:42:06.754282+00:00,2024-07-31,40f1c49598a68a5be75f725210e4baee0355a1838194b65b066367b5a9358f31,finance-datareader-yahoo-hose-v2-business-day,real,VN000000VPD2,,-0.00907441016333943,0.00924220636467532,-0.00907441016333943,,no_event_raw_close,34062.9940657141,32628.106037304897,34062.9940657141,32628.106037304897,1.2477287203558278,corporate-actions-v2,candidate_no_known_unresolved_event,False
2024-09-25,VPD,26600.0,27200.0,26050.0,27200.0,23307.88671875,5100.0,138720000.0,finance_datareader_yahoo_hose,https://github.com/FinanceData/FinanceDataReader,2026-07-30T05:42:06.754282+00:00,2024-09-26,40f1c49598a68a5be75f725210e4baee0355a1838194b65b066367b5a9358f31,finance-datareader-yahoo-hose-v2-business-day,real,VN000000VPD2,,-0.00910746812386154,0.009276423098398379,-0.00910746812386154,,no_event_raw_close,34556.40372908251,33794.13011741157,34556.40372908251,33095.379306713214,1.2704560194515628,corporate-actions-v2,candidate_no_known_unresolved_event,False
2024-12-23,VPD,26200.0,27000.0,26200.0,27000.0,24384.716796875,15500.0,418500000.0,finance_datareader_yahoo_hose,https://github.com/FinanceData/FinanceDataReader,2026-07-30T05:42:06.754282+00:00,2024-12-24,d3cc268c13a220346f93ef2f0ac5e009339c323039e739a75e12a2be80d5d48c,finance-datareader-yahoo-hose-v2-business-day,real,VN000000VPD2,,-0.012797074954296161,0.0404624446057853,-0.012797074954296161,,no_event_raw_close,36058.18958315451,34989.798780690675,36058.18958315451,34989.798780690675,1.3354885030797967,corporate-actions-v2,candidate_no_known_unresolved_event,False
2022-09-21,VPG,24666.666015625,24904.76171875,23619.046875,24333.333984375,23811.85546875,1319220.0,32101020858.867188,finance_datareader_yahoo_hose,https://github.com/FinanceData/FinanceDataReader,2026-07-30T05:56:39.850280+00:00,2022-09-22,425ae326a55a441e872e19b875b5f89d0782da39b7895de314f1ed0d146aeaa6,finance-datareader-yahoo-hose-v2-business-day,real,VN000000VPG5,,-0.013513461083019984,0.00689666905734021,-0.013513461083019984,,no_event_raw_close,27115.883066878636,27487.332058933072,27752.654322162987,26319.91627718889,1.1143513290981981,corporate-actions-v2,blocked_unresolved_material_event,False
2022-09-23,VPG,23809.5234375,24380.953125,22952.380859375,24380.953125,24312.466796875,1433565.0,34951681066.640625,finance_datareader_yahoo_hose,https://github.com/FinanceData/FinanceDataReader,2026-07-30T05:56:39.850280+00:00,2022-09-24,425ae326a55a441e872e19b875b5f89d0782da39b7895de314f1ed0d146aeaa6,finance-datareader-yahoo-hose-v2-business-day,real,VN000000VPG5,,0.003921576196654897,0.023025669941783233,0.003921576196654897,,no_event_raw_close,27728.30819089717,27078.42471820467,27728.308190897173,26103.601730442984,1.1372938559348127,corporate-actions-v2,blocked_unresolved_material_event,False
2021-10-26,VPH,8890.0,8890.0,8890.0,8890.0,6845.77490234375,0.0,0.0,finance_datareader_yahoo_hose,https://github.com/FinanceData/FinanceDataReader,2026-07-30T05:55:56.114609+00:00,2021-10-27,bce97d57ef6fc78d2f144b929a55b52904b1fabdad8f68c4089ab7812e954a02,finance-datareader-yahoo-hose-v2-business-day,real,VN000000VPH3,,0.0,0.0723763043730008,0.0,,no_event_raw_close,9490.000000000005,9490.000000000005,9490.000000000005,9490.000000000005,1.0674915635545563,corporate-actions-v2,candidate_no_known_unresolved_event,False
2022-08-01,VPH,9200.0,9300.0,9000.0,9050.0,7504.47119140625,355700.0,3219085000.0,finance_datareader_yahoo_hose,https://github.com/FinanceData/FinanceDataReader,2026-07-30T05:55:56.114609+00:00,2022-08-02,69e7460baffd78dfbbe09c648a0b1ba9b4b0373f50c26428ffc09dbe92228dfc,finance-datareader-yahoo-hose-v2-business-day,real,VN000000VPH3,,-0.07747196738022422,-0.006586235597538237,-0.07747196738022422,,no_event_raw_close,10350.152274543665,10521.701759757096,10636.068083232716,10292.969112805855,1.1436632347562061,corporate-actions-v2,candidate_no_known_unresolved_event,False
2024-10-28,VPH,8440.0,8440.0,8000.0,8000.0,7040.76708984375,82700.0,661600000.0,finance_datareader_yahoo_hose,https://github.com/FinanceData/FinanceDataReader,2026-07-30T05:55:56.114609+00:00,2024-10-29,69e7460baffd78dfbbe09c648a0b1ba9b4b0373f50c26428ffc09dbe92228dfc,finance-datareader-yahoo-hose-v2-business-day,real,VN000000VPH3,,-0.07514450867052025,-0.018404944309532767,-0.07514450867052025,,no_event_raw_close,9678.167489497613,10210.46670141998,10210.46670141998,9678.167489497613,1.2097709361872016,corporate-actions-v2,candidate_no_known_unresolved_event,False
2023-02-17,VPI,51400.0,51500.0,50900.0,51400.0,51400.0,501100.0,25756540000.0,finance_datareader_yahoo_hose,https://github.com/FinanceData/FinanceDataReader,2026-07-30T05:39:18.998197+00:00,2023-02-18,7e61daf5665ba8c21881c6398dcc75dcb527c225c34b4ec0a3d4158120cee5ef,finance-datareader-yahoo-hose-v2-business-day,real,VN000000VPI1,,-0.01908396946564883,-0.0032320872244645527,-0.01908396946564883,,no_event_raw_close,63380.9083969469,63380.9083969469,63504.21755725224,62764.36259542018,1.2330916030534416,corporate-actions-v2,blocked_unresolved_material_event,False
2021-06-22,VPS,15100.0,16200.0,15100.0,15600.0,11933.3447265625,9800.0,152880000.0,finance_datareader_yahoo_hose,https://github.com/FinanceData/FinanceDataReader,2026-07-30T05:56:23.471598+00:00,2021-06-23,59457cf3b3fa4e39826123a73ba11f38b4513139d929c63bed8f391f2e507991,finance-datareader-yahoo-hose-v2-business-day,real,VN000000VPS0,,-0.03703703703703709,0.009708692137196273,-0.03703703703703709,,no_event_raw_close,16322.222222222174,15799.074074074028,16949.99999999995,15799.074074074028,1.0462962962962932,corporate-actions-v2,candidate_no_known_unresolved_event,False
2022-06-30,VPS,12000.0,12350.0,11300.0,12350.0,9837.61328125,2300.0,28405000.0,finance_datareader_yahoo_hose,https://github.com/FinanceData/FinanceDataReader,2026-07-30T05:56:23.471598+00:00,2022-07-01,59457cf3b3fa4e39826123a73ba11f38b4513139d929c63bed8f391f2e507991,finance-datareader-yahoo-hose-v2-business-day,real,VN000000VPS0,,-0.019841269841269882,0.02066111808806559,-0.019841269841269882,,no_event_raw_close,13434.527483833004,13053.791887125186,13434.527483833002,12292.32069370955,1.0878159905937654,corporate-actions-v2,candidate_no_known_unresolved_event,False
2023-07-31,VPS,10000.0,10200.0,9900.0,10000.0,8363.962890625,11500.0,115000000.0,finance_datareader_yahoo_hose,https://github.com/FinanceData/FinanceDataReader,2026-07-30T05:56:23.471598+00:00,2023-08-01,b55e03a783547e4dfde8386f9598d911042b8dac846554552a087f9668b8192f,finance-datareader-yahoo-hose-v2-business-day,real,VN000000VPS0,,-0.04761904761904767,0.0,-0.04761904761904767,,no_event_raw_close,11396.1675205061,11396.1675205061,11624.090870916221,11282.20584530104,1.13961675205061,corporate-actions-v2,candidate_no_known_unresolved_event,False
2024-08-16,VPS,9920.0,9920.0,9920.0,9920.0,8756.9765625,100.0,992000.0,finance_datareader_yahoo_hose,https://github.com/FinanceData/FinanceDataReader,2026-07-30T05:56:23.471598+00:00,2024-08-17,59457cf3b3fa4e39826123a73ba11f38b4513139d929c63bed8f391f2e507991,finance-datareader-yahoo-hose-v2-business-day,real,VN000000VPS0,,0.04201680672268915,0.09977828791419241,0.04201680672268915,,no_event_raw_close,11304.998180342072,11304.998180342072,11304.998180342072,11304.998180342072,1.1396167520506122,corporate-actions-v2,candidate_no_known_unresolved_event,False
2025-06-24,VPS,9430.0,9430.0,9000.0,9000.0,8450.0,400.0,3600000.0,finance_datareader_yahoo_hose,https://github.com/FinanceData/FinanceDataReader,2026-07-30T05:56:23.471598+00:00,2025-06-25,59457cf3b3fa4e39826123a73ba11f38b4513139d929c63bed8f391f2e507991,finance-datareader-yahoo-hose-v2-business-day,real,VN000000VPS0,,-0.021739130434782594,0.04046239299255894,-0.021739130434782594,,no_event_raw_close,11413.743865830054,11959.067183864156,11959.067183864156,11413.743865830054,1.268193762870006,corporate-actions-v2,candidate_no_known_unresolved_event,False
2020-09-04,VSC,11067.8193359375,11067.8193359375,10733.876953125,10749.7783203125,8741.9736328125,1734557.0,18646103233.94629,finance_datareader_yahoo_hose,https://github.com/FinanceData/FinanceDataReader,2026-07-30T05:41:16.053228+00:00,2020-09-05,a31aaf4ae953406bf0f010b3417dbf5ebbf09f2e4dea34883f519c4ebe4372bd,finance-datareader-yahoo-hose-v2-business-day,real,VN000000VSC8,,-0.034285755894899905,-0.009000470824855666,-0.034285755894899905,,no_event_raw_close,11908.635413238606,12260.962167212463,12260.962167212463,11891.01983282704,1.1078028828498128,corporate-actions-v2,blocked_unresolved_material_event,False
2020-09-21,VSC,11004.2109375,11099.6240234375,10924.701171875,11067.8193359375,10109.4482421875,483302.0,5349099220.697266,finance_datareader_yahoo_hose,https://github.com/FinanceData/FinanceDataReader,2026-07-30T05:41:16.053228+00:00,2020-09-22,432b13082cf66d9f425448c26918aa40f07a068e34945b205283849f9a079f1a,finance-datareader-yahoo-hose-v2-business-day,real,VN000000VSC8,,0.011627861308639353,0.1362559955674043,0.011627861308639353,,no_event_raw_close,12260.962167212465,12190.496600049943,12296.195491713102,12102.415452475856,1.107802882849813,corporate-actions-v2,blocked_unresolved_material_event,False
2020-10-28,VSC,13675.75390625,13675.75390625,13071.4765625,13135.0849609375,12317.46875,562223.0,7384846871.993164,finance_datareader_yahoo_hose,https://github.com/FinanceData/FinanceDataReader,2026-07-30T05:41:16.053228+00:00,2020-10-29,a31aaf4ae953406bf0f010b3417dbf5ebbf09f2e4dea34883f519c4ebe4372bd,finance-datareader-yahoo-hose-v2-business-day,real,VN000000VSC8,,-0.03953485482547381,-0.013936753236052035,-0.03953485482547381,,no_event_raw_close,16147.094071255451,16811.74392676307,16811.74392676307,16068.899617519775,1.2293102114889536,corporate-actions-v2,blocked_unresolved_material_event,False
2022-09-29,VSC,21213.32421875,21582.251953125,20598.4453125,21551.5078125,20911.998046875,1372302.0,29575177274.109375,finance_datareader_yahoo_hose,https://github.com/FinanceData/FinanceDataReader,2026-07-30T05:41:16.053228+00:00,2022-09-30,a31aaf4ae953406bf0f010b3417dbf5ebbf09f2e4dea34883f519c4ebe4372bd,finance-datareader-yahoo-hose-v2-business-day,real,VN000000VSC8,,-0.029085878304056623,-0.00864961748504356,-0.029085878304056623,,no_event_raw_close,31203.876538391134,30714.229169005506,31248.390192687984,29823.961738827948,1.447874404420683,corporate-actions-v2,blocked_unresolved_material_event,False
2025-06-13,VSC,17100.0,17100.0,16700.0,16750.0,16750.0,6122800.0,102556900000.0,finance_datareader_yahoo_hose,https://github.com/FinanceData/FinanceDataReader,2026-07-30T05:41:16.053228+00:00,2025-06-14,a31aaf4ae953406bf0f010b3417dbf5ebbf09f2e4dea34883f519c4ebe4372bd,finance-datareader-yahoo-hose-v2-business-day,real,VN000000VSC8,,-0.005934718100890191,0.024464831804281273,-0.005934718100890191,,no_event_raw_close,30414.70791525362,31050.2391254231,31050.2391254231,30323.91774237227,1.8158034576270818,corporate-actions-v2,blocked_unresolved_material_event,False
2022-05-31,VSH,33500.0,34950.0,33300.0,34950.0,27048.08203125,685800.0,23968710000.0,finance_datareader_yahoo_hose,https://github.com/FinanceData/FinanceDataReader,2026-07-30T05:39:58.184094+00:00,2022-06-01,06627131833a5af7ea620cb3007f391770f43f58624f09940c58e6b52a5becfc,finance-datareader-yahoo-hose-v2-business-day,real,VN000000VSH7,,0.0370919881305638,0.06880726262566772,0.0370919881305638,,no_event_raw_close,35987.09198813062,34494.06528189916,35987.09198813062,34288.130563798266,1.0296735905044525,corporate-actions-v2,blocked_unresolved_material_event,False
2023-05-23,VSH,39300.0,40000.0,39250.0,39250.0,32697.615234375,26700.0,1047975000.0,finance_datareader_yahoo_hose,https://github.com/FinanceData/FinanceDataReader,2026-07-30T05:39:58.184094+00:00,2023-05-24,06627131833a5af7ea620cb3007f391770f43f58624f09940c58e6b52a5becfc,finance-datareader-yahoo-hose-v2-business-day,real,VN000000VSH7,,-0.07100591715976334,0.0,-0.07100591715976334,,no_event_raw_close,43284.37044580624,43339.50977121491,44111.46032693629,43284.37044580624,1.1027865081734074,corporate-actions-v2,blocked_unresolved_material_event,False
2023-12-29,VSH,44800.0,46000.0,44500.0,45000.0,39998.046875,12800.0,576000000.0,finance_datareader_yahoo_hose,https://github.com/FinanceData/FinanceDataReader,2026-07-30T05:39:58.184094+00:00,2023-12-30,06627131833a5af7ea620cb3007f391770f43f58624f09940c58e6b52a5becfc,finance-datareader-yahoo-hose-v2-business-day,real,VN000000VSH7,,-0.05857740585774063,0.004464395197562476,-0.05857740585774063,,no_event_raw_close,52739.957273732405,52505.55746362692,53911.95632425979,52153.95774846871,1.1719990505273867,corporate-actions-v2,blocked_unresolved_material_event,False
2024-11-29,VSH,50800.0,51000.0,49500.0,50800.0,46060.04296875,30500.0,1549400000.0,finance_datareader_yahoo_hose,https://github.com/FinanceData/FinanceDataReader,2026-07-30T05:39:58.184094+00:00,2024-11-30,06627131833a5af7ea620cb3007f391770f43f58624f09940c58e6b52a5becfc,finance-datareader-yahoo-hose-v2-business-day,real,VN000000VSH7,,0.0,0.02008035637584671,0.0,,no_event_raw_close,60709.55081731857,60709.550817318566,60948.56479691431,59155.95994994624,1.195069897978712,corporate-actions-v2,blocked_unresolved_material_event,False
2024-12-31,VSH,49100.0,49100.0,49100.0,49100.0,44972.93359375,500.0,24550000.0,finance_datareader_yahoo_hose,https://github.com/FinanceData/FinanceDataReader,2026-07-30T05:39:58.184094+00:00,2025-01-01,06627131833a5af7ea620cb3007f391770f43f58624f09940c58e6b52a5becfc,finance-datareader-yahoo-hose-v2-business-day,real,VN000000VSH7,,-0.008080808080808133,0.0020407108187352474,-0.008080808080808133,,no_event_raw_close,59270.63837449974,59270.63837449974,59270.63837449974,59270.63837449974,1.2071413110896076,corporate-actions-v2,blocked_unresolved_material_event,False
2025-06-05,VSH,49600.0,49600.0,48150.0,48850.0,45199.58984375,162000.0,7913700000.0,finance_datareader_yahoo_hose,https://github.com/FinanceData/FinanceDataReader,2026-07-30T05:39:58.184094+00:00,2025-06-06,06627131833a5af7ea620cb3007f391770f43f58624f09940c58e6b52a5becfc,finance-datareader-yahoo-hose-v2-business-day,real,VN000000VSH7,,-0.015120967741935498,-0.005091694436770489,-0.015120967741935498,,no_event_raw_close,59563.297129859624,60477.7796855893,60477.7796855893,58709.78007784526,1.219310074306236,corporate-actions-v2,blocked_unresolved_material_event,False
2025-08-21,VSH,47950.0,47950.0,47700.0,47950.0,45311.828125,2100.0,100695000.0,finance_datareader_yahoo_hose,https://github.com/FinanceData/FinanceDataReader,2026-07-30T05:39:58.184094+00:00,2025-08-22,06627131833a5af7ea620cb3007f391770f43f58624f09940c58e6b52a5becfc,finance-datareader-yahoo-hose-v2-business-day,real,VN000000VSH7,,0.0,0.021299427333071996,0.0,,no_event_raw_close,59685.228137290265,59685.228137290265,59685.228137290265,59374.04342333151,1.244738855835042,corporate-actions-v2,blocked_unresolved_material_event,False
2025-11-19,VSH,45000.0,45000.0,44750.0,44750.0,43238.17578125,300.0,13425000.0,finance_datareader_yahoo_hose,https://github.com/FinanceData/FinanceDataReader,2026-07-30T05:39:58.184094+00:00,2025-11-20,06627131833a5af7ea620cb3007f391770f43f58624f09940c58e6b52a5becfc,finance-datareader-yahoo-hose-v2-business-day,real,VN000000VSH7,,-0.016483516483516536,0.005617900968971412,-0.016483516483516536,,no_event_raw_close,56926.284981005345,57244.30891944672,57244.30891944672,56926.28498100535,1.2720957537654827,corporate-actions-v2,blocked_unresolved_material_event,False
2020-06-05,VSI,23950.0,23950.0,23000.0,23800.0,13800.94921875,1190.0,28322000.0,finance_datareader_yahoo_hose,https://github.com/FinanceData/FinanceDataReader,2026-07-30T05:56:08.296180+00:00,2020-06-06,7b27c9099cb35cb5afd3362e593f4fa2bff80773e5d0f8105d78e095ffce2516,finance-datareader-yahoo-hose-v2-business-day,real,VN000000VSI5,,-0.006263048016701411,0.06013372585509558,-0.006263048016701411,,no_event_raw_close,25290.60542797496,25450.00000000001,25450.00000000001,24440.501043841345,1.062630480167015,corporate-actions-v2,blocked_unresolved_material_event,False
2021-06-15,VSI,19500.0,19700.0,19500.0,19700.0,12196.9384765625,11500.0,226550000.0,finance_datareader_yahoo_hose,https://github.com/FinanceData/FinanceDataReader,2026-07-30T05:56:08.296180+00:00,2021-06-16,7b27c9099cb35cb5afd3362e593f4fa2bff80773e5d0f8105d78e095ffce2516,finance-datareader-yahoo-hose-v2-business-day,real,VN000000VSI5,,-0.039024390243902474,0.026041702607842332,-0.039024390243902474,,no_event_raw_close,22261.331025001255,22035.327664341345,22261.331025001255,22035.327664341345,1.1300168032995561,corporate-actions-v2,blocked_unresolved_material_event,False
2021-12-15,VSI,26100.0,26100.0,26100.0,26100.0,17075.310546875,0.0,0.0,finance_datareader_yahoo_hose,https://github.com/FinanceData/FinanceDataReader,2026-07-30T05:56:08.296180+00:00,2021-12-16,7b27c9099cb35cb5afd3362e593f4fa2bff80773e5d0f8105d78e095ffce2516,finance-datareader-yahoo-hose-v2-business-day,real,VN000000VSI5,,0.0,0.05668015876262955,0.0,,no_event_raw_close,31075.462090737765,31075.46209073776,31075.46209073776,31075.46209073776,1.1906307314458913,corporate-actions-v2,blocked_unresolved_material_event,False
2022-06-15,VSI,23000.0,24000.0,23000.0,24000.0,17066.77734375,500.0,12000000.0,finance_datareader_yahoo_hose,https://github.com/FinanceData/FinanceDataReader,2026-07-30T05:56:08.296180+00:00,2022-06-16,7b27c9099cb35cb5afd3362e593f4fa2bff80773e5d0f8105d78e095ffce2516,finance-datareader-yahoo-hose-v2-business-day,real,VN000000VSI5,,-0.040000000000000036,0.043478042805910944,-0.040000000000000036,,no_event_raw_close,30861.14855907751,29575.267369115943,30861.148559077505,29575.267369115943,1.2858811899615628,corporate-actions-v2,blocked_unresolved_material_event,False
2022-12-16,VSI,19150.0,19150.0,19150.0,19150.0,14378.6416015625,100.0,1915000.0,finance_datareader_yahoo_hose,https://github.com/FinanceData/FinanceDataReader,2026-07-30T05:56:08.296180+00:00,2022-12-17,7b27c9099cb35cb5afd3362e593f4fa2bff80773e5d0f8105d78e095ffce2516,finance-datareader-yahoo-hose-v2-business-day,real,VN000000VSI5,,0.013227513227513255,0.06983248646390683,0.013227513227513255,,no_event_raw_close,25927.51498817471,25927.51498817471,25927.51498817471,25927.51498817471,1.3539172317584705,corporate-actions-v2,blocked_unresolved_material_event,False
2023-06-15,VSI,16000.0,16200.0,16000.0,16000.0,12764.3291015625,9500.0,152000000.0,finance_datareader_yahoo_hose,https://github.com/FinanceData/FinanceDataReader,2026-07-30T05:56:08.296180+00:00,2023-06-16,7b27c9099cb35cb5afd3362e593f4fa2bff80773e5d0f8105d78e095ffce2516,finance-datareader-yahoo-hose-v2-business-day,real,VN000000VSI5,,-0.05882352941176472,0.0,-0.05882352941176472,,no_event_raw_close,22936.950749790554,22936.950749790554,23223.662634162938,22936.950749790554,1.4335594218619097,corporate-actions-v2,blocked_unresolved_material_event,False
2023-12-15,VSI,18050.0,18950.0,18050.0,18900.0,15915.5234375,5800.0,109620000.0,finance_datareader_yahoo_hose,https://github.com/FinanceData/FinanceDataReader,2026-07-30T05:56:08.296180+00:00,2023-12-16,7b27c9099cb35cb5afd3362e593f4fa2bff80773e5d0f8105d78e095ffce2516,finance-datareader-yahoo-hose-v2-business-day,real,VN000000VSI5,,-0.0052631578947368585,0.0500001191901025,-0.0052631578947368585,,no_event_raw_close,28520.28744546324,27237.62901537627,28595.73794135071,27237.62901537627,1.5090099177493779,corporate-actions-v2,blocked_unresolved_material_event,False
2024-06-17,VSI,19250.0,19250.0,19250.0,19250.0,16867.427734375,100.0,1925000.0,finance_datareader_yahoo_hose,https://github.com/FinanceData/FinanceDataReader,2026-07-30T05:56:08.296180+00:00,2024-06-18,77837efb63c78caf7f171b867cf84ca1db61f6bfa8727727618f826c70b00b82,finance-datareader-yahoo-hose-v2-business-day,real,VN000000VSI5,,0.0,0.04054056252127736,0.0,,no_event_raw_close,29048.44091667553,29048.44091667553,29048.44091667553,29048.44091667553,1.509009917749378,corporate-actions-v2,blocked_unresolved_material_event,False
2024-12-17,VSI,17600.0,18000.0,17600.0,18000.0,16653.263671875,500.0,9000000.0,finance_datareader_yahoo_hose,https://github.com/FinanceData/FinanceDataReader,2026-07-30T05:56:08.296180+00:00,2024-12-18,7b27c9099cb35cb5afd3362e593f4fa2bff80773e5d0f8105d78e095ffce2516,finance-datareader-yahoo-hose-v2-business-day,real,VN000000VSI5,,-0.04761904761904767,0.0055865585766039505,-0.04761904761904767,,no_event_raw_close,28599.33082210727,27963.790137171552,28599.33082210727,27963.790137171552,1.5888517123392927,corporate-actions-v2,blocked_unresolved_material_event,False
2025-06-20,VSI,19300.0,19300.0,19300.0,19300.0,18528.0,500.0,9650000.0,finance_datareader_yahoo_hose,https://github.com/FinanceData/FinanceDataReader,2026-07-30T05:56:08.296180+00:00,2025-06-21,7b27c9099cb35cb5afd3362e593f4fa2bff80773e5d0f8105d78e095ffce2516,finance-datareader-yahoo-hose-v2-business-day,real,VN000000VSI5,,0.0,0.037634408602150504,0.0,,no_event_raw_close,30664.83804814833,30664.838048148325,30664.838048148325,30664.838048148325,1.5888517123392916,corporate-actions-v2,blocked_unresolved_material_event,False
2025-12-18,VSI,24000.0,24000.0,24000.0,24000.0,24000.0,7700.0,184800000.0,finance_datareader_yahoo_hose,https://github.com/FinanceData/FinanceDataReader,2026-07-30T05:56:08.296180+00:00,2025-12-19,7b27c9099cb35cb5afd3362e593f4fa2bff80773e5d0f8105d78e095ffce2516,finance-datareader-yahoo-hose-v2-business-day,real,VN000000VSI5,,-0.040000000000000036,0.0,-0.040000000000000036,,no_event_raw_close,39657.73873998875,39657.73873998875,39657.73873998875,39657.73873998875,1.6524057808328647,corporate-actions-v2,blocked_unresolved_material_event,False
2020-11-24,VTB,9700.0,9700.0,9200.0,9490.0,6519.22802734375,56500.0,536185000.0,finance_datareader_yahoo_hose,https://github.com/FinanceData/FinanceDataReader,2026-07-30T05:57:03.523012+00:00,2020-11-25,b5159d246f9eb376d40025d12d527606b6fb393d4684297481bfad0ea148d8d8,finance-datareader-yahoo-hose-v2-business-day,real,VN000000VTB8,,-0.06502463054187191,0.037158442098783606,-0.06502463054187191,,no_event_raw_close,9490.000000000011,9700.000000000011,9700.000000000011,9200.000000000011,1.000000000000001,corporate-actions-v2,blocked_unresolved_material_event,False
2021-08-27,VTB,11550.0,11700.0,11300.0,11300.0,8437.6318359375,4600.0,51980000.0,finance_datareader_yahoo_hose,https://github.com/FinanceData/FinanceDataReader,2026-07-30T05:57:03.523012+00:00,2021-08-28,b5159d246f9eb376d40025d12d527606b6fb393d4684297481bfad0ea148d8d8,finance-datareader-yahoo-hose-v2-business-day,real,VN000000VTB8,,-0.09599999999999997,-0.017391444774793374,-0.09599999999999997,,no_event_raw_close,11300.000000000013,11550.000000000013,11700.000000000013,11300.000000000013,1.000000000000001,corporate-actions-v2,blocked_unresolved_material_event,False
2022-09-14,VTB,12000.0,12050.0,11650.0,11800.0,9587.2763671875,3600.0,42480000.0,finance_datareader_yahoo_hose,https://github.com/FinanceData/FinanceDataReader,2026-07-30T05:57:03.523012+00:00,2022-09-15,b5159d246f9eb376d40025d12d527606b6fb393d4684297481bfad0ea148d8d8,finance-datareader-yahoo-hose-v2-business-day,real,VN000000VTB8,,-0.04453441295546556,0.03964754770210255,-0.04453441295546556,,no_event_raw_close,11800.000000000011,12000.000000000011,12050.000000000011,11650.000000000011,1.0000000000000009,corporate-actions-v2,blocked_unresolved_material_event,False
2023-10-04,VTB,10050.0,10100.0,9820.0,9990.0,8769.283203125,12200.0,121878000.0,finance_datareader_yahoo_hose,https://github.com/FinanceData/FinanceDataReader,2026-07-30T05:57:03.523012+00:00,2023-10-05,b5159d246f9eb376d40025d12d527606b6fb393d4684297481bfad0ea148d8d8,finance-datareader-yahoo-hose-v2-business-day,real,VN000000VTB8,,-0.07069767441860464,0.004020107357159741,-0.07069767441860464,,no_event_raw_close,10733.441860465122,10797.906976744192,10851.627906976752,10550.790697674425,1.0744186046511635,corporate-actions-v2,blocked_unresolved_material_event,False
2024-12-31,VTB,11300.0,11850.0,10400.0,11850.0,11245.408203125,53000.0,628050000.0,finance_datareader_yahoo_hose,https://github.com/FinanceData/FinanceDataReader,2026-07-30T05:57:03.523012+00:00,2025-01-01,b5159d246f9eb376d40025d12d527606b6fb393d4684297481bfad0ea148d8d8,finance-datareader-yahoo-hose-v2-business-day,real,VN000000VTB8,,-0.012499999999999956,0.06756753499426416,-0.012499999999999956,,no_event_raw_close,13686.749999999993,13051.499999999993,13686.749999999993,12011.999999999993,1.1549999999999994,corporate-actions-v2,blocked_unresolved_material_event,False
2025-10-24,VTB,9800.0,9990.0,9600.0,9800.0,9800.0,17900.0,175420000.0,finance_datareader_yahoo_hose,https://github.com/FinanceData/FinanceDataReader,2026-07-30T05:57:03.523012+00:00,2025-10-25,b5159d246f9eb376d40025d12d527606b6fb393d4684297481bfad0ea148d8d8,finance-datareader-yahoo-hose-v2-business-day,real,VN000000VTB8,,0.0,0.053763440860215006,0.0,,no_event_raw_close,12358.49999999999,12358.49999999999,12598.103571428563,12106.285714285706,1.2610714285714277,corporate-actions-v2,blocked_unresolved_material_event,False
2020-07-16,VTO,7970.0,7970.0,7970.0,7970.0,4948.25439453125,0.0,0.0,finance_datareader_yahoo_hose,https://github.com/FinanceData/FinanceDataReader,2026-07-30T05:43:56.611651+00:00,2020-07-17,3da9231863982096334cd5e26c08fc695e0ebf1f38415193bebc7184be44eb50,finance-datareader-yahoo-hose-v2-business-day,real,VN000000VTO1,,0.0,0.12729841942784015,0.0,,no_event_raw_close,8870.0,8870.0,8870.0,8870.0,1.1129234629861982,corporate-actions-v2,candidate_no_known_unresolved_event,False
2021-06-11,VTO,8950.0,9320.0,8140.0,9000.0,6098.619140625,356800.0,3211200000.0,finance_datareader_yahoo_hose,https://github.com/FinanceData/FinanceDataReader,2026-07-30T05:43:56.611651+00:00,2021-06-12,3da9231863982096334cd5e26c08fc695e0ebf1f38415193bebc7184be44eb50,finance-datareader-yahoo-hose-v2-business-day,real,VN000000VTO1,,-0.05759162303664922,0.028571202692309727,-0.05759162303664922,,no_event_raw_close,10855.373882425576,10795.066249745434,11241.342731578485,9818.082600327132,1.2061526536028417,corporate-actions-v2,candidate_no_known_unresolved_event,False
2022-06-02,VTO,10200.0,10500.0,10150.0,10150.0,7409.51171875,374700.0,3803205000.0,finance_datareader_yahoo_hose,https://github.com/FinanceData/FinanceDataReader,2026-07-30T05:43:56.611651+00:00,2022-06-03,3da9231863982096334cd5e26c08fc695e0ebf1f38415193bebc7184be44eb50,finance-datareader-yahoo-hose-v2-business-day,real,VN000000VTO1,,-0.08968609865470856,-0.019323641526183044,-0.08968609865470856,,no_event_raw_close,13120.831456244203,13185.466093959692,13573.273920252625,13120.831456244203,1.2926927543097737,corporate-actions-v2,candidate_no_known_unresolved_event,False
2023-06-06,VTO,9110.0,9400.0,9030.0,9130.0,7257.3466796875,810200.0,7397126000.0,finance_datareader_yahoo_hose,https://github.com/FinanceData/FinanceDataReader,2026-07-30T05:43:56.611651+00:00,2023-06-07,3da9231863982096334cd5e26c08fc695e0ebf1f38415193bebc7184be44eb50,finance-datareader-yahoo-hose-v2-business-day,real,VN000000VTO1,,-0.06836734693877555,0.014444406905408158,-0.06836734693877555,,no_event_raw_close,12765.736671080751,12737.772297212008,13143.255718308768,12625.91480173704,1.398218693437103,corporate-actions-v2,candidate_no_known_unresolved_event,False
2024-06-03,VTO,12800.0,12850.0,12100.0,12200.0,10318.3095703125,1222600.0,14915720000.0,finance_datareader_yahoo_hose,https://github.com/FinanceData/FinanceDataReader,2026-07-30T05:43:56.611651+00:00,2024-06-04,b28f1e5392d58272803f2ec0f9ca78135131829123dc0c20ed16f6d9b563f9f4,finance-datareader-yahoo-hose-v2-business-day,real,VN000000VTO1,,-0.08270676691729328,-0.02399996231213919,-0.08270676691729328,,no_event_raw_close,18084.32929662037,18973.722540716455,19047.83864439113,17936.097089271025,1.482322073493473,corporate-actions-v2,candidate_no_known_unresolved_event,False
2025-06-02,VTO,14300.0,14300.0,13950.0,14200.0,12919.671875,960800.0,13643360000.0,finance_datareader_yahoo_hose,https://github.com/FinanceData/FinanceDataReader,2026-07-30T05:43:56.611651+00:00,2025-06-03,b28f1e5392d58272803f2ec0f9ca78135131829123dc0c20ed16f6d9b563f9f4,finance-datareader-yahoo-hose-v2-business-day,real,VN000000VTO1,,0.0,0.07575756590138671,0.0,,no_event_raw_close,22531.295517100785,22689.96661229164,22689.96661229164,22134.61777912366,1.586710951908506,corporate-actions-v2,candidate_no_known_unresolved_event,False
2024-09-26,VTP,49406.125,49782.3125,48465.65234375,48591.046875,48046.16015625,1465594.0,71214746753.71875,finance_datareader_yahoo_hose,https://github.com/FinanceData/FinanceDataReader,2026-07-30T05:39:59.221582+00:00,2024-09-27,643d8c99fc7fa340a7bd8925101e10326eec1d94834c53057c5f71a01904b2d0,finance-datareader-yahoo-hose-v2-business-day,real,VN000000VTP8,,-0.03125,-0.012738828451909767,-0.03125,,no_event_raw_close,50044.17187500001,50883.62507476301,51271.06253738151,49915.02739514957,1.0299052005143696,corporate-actions-v2,blocked_unresolved_material_event,False
2025-10-06,VTP,61444.1640625,61444.1640625,60378.296875,60566.390625,60566.390625,205907.0,12471043794.421875,finance_datareader_yahoo_hose,https://github.com/FinanceData/FinanceDataReader,2026-07-30T05:39:59.221582+00:00,2025-10-07,5d76b6d8973345b55e23c1820b5ae93b685d5f89a4dd439d0738d535a3483ad1,finance-datareader-yahoo-hose-v2-business-day,real,VN000000VTP8,,0.002074724999731714,0.013439167652817385,0.002074724999731714,,no_event_raw_close,63493.27805127055,64413.470130707465,64413.470130707465,63296.0946192513,1.0483252740681301,corporate-actions-v2,blocked_unresolved_material_event,False
2021-11-30,YBM,7848.0,7888.0,7800.0,7888.0,6016.0869140625,33250.0,262276000.0,finance_datareader_yahoo_hose,https://github.com/FinanceData/FinanceDataReader,2026-07-30T05:55:58.247454+00:00,2021-12-01,1270421ea38930d75e9a9e0960eab32c1ffc43deec46e1e793182b659a893536,finance-datareader-yahoo-hose-v2-business-day,real,VN000000YBM7,,0.014403292181069949,0.06097694868718917,0.014403292181069949,,no_event_raw_close,8395.201646090523,8352.629629629617,8395.201646090523,8301.54320987653,1.0643004115226322,corporate-actions-v2,blocked_unresolved_material_event,False
2022-08-01,YBM,6400.0,6696.0,6360.0,6480.0,5429.98046875,13750.0,89100000.0,finance_datareader_yahoo_hose,https://github.com/FinanceData/FinanceDataReader,2026-07-30T05:55:58.247454+00:00,2022-08-02,37bcd6d5dcf01931cb73f7ef466d6c81191cfad7ed5a7b3374def21f49762b55,finance-datareader-yahoo-hose-v2-business-day,real,VN000000YBM7,,-0.1473684210526316,-0.06322036846643042,-0.1473684210526316,,no_event_raw_close,7804.122807017534,7707.77561186917,8064.2602339181185,7659.602014294987,1.2043399393545577,corporate-actions-v2,blocked_unresolved_material_event,False
2023-08-31,YBM,6112.0,6264.0,6008.0,6232.0,5510.66796875,5750.0,35834000.0,finance_datareader_yahoo_hose,https://github.com/FinanceData/FinanceDataReader,2026-07-30T05:55:58.247454+00:00,2023-09-01,1270421ea38930d75e9a9e0960eab32c1ffc43deec46e1e793182b659a893536,finance-datareader-yahoo-hose-v2-business-day,real,VN000000YBM7,,-0.04417177914110426,0.008633378099527134,-0.04417177914110426,,no_event_raw_close,8081.01755282888,7925.413877228837,8122.511866322225,7790.557358375467,1.2966972966670218,corporate-actions-v2,blocked_unresolved_material_event,False
2023-09-01,YBM,6232.0,6240.0,6232.0,6240.0,5999.05224609375,1250.0,7800000.0,finance_datareader_yahoo_hose,https://github.com/FinanceData/FinanceDataReader,2026-07-30T05:55:58.247454+00:00,2023-09-02,1270421ea38930d75e9a9e0960eab32c1ffc43deec46e1e793182b659a893536,finance-datareader-yahoo-hose-v2-business-day,real,VN000000YBM7,,0.0012836970474967568,0.08862524109840919,0.0012836970474967568,,no_event_raw_close,8091.3911312022165,8081.01755282888,8091.3911312022165,8081.01755282888,1.2966972966670218,corporate-actions-v2,blocked_unresolved_material_event,False
2024-08-30,YBM,8960.0,8960.0,8960.0,8960.0,8960.0,125.0,1120000.0,finance_datareader_yahoo_hose,https://github.com/FinanceData/FinanceDataReader,2026-07-30T05:55:58.247454+00:00,2024-08-31,1270421ea38930d75e9a9e0960eab32c1ffc43deec46e1e793182b659a893536,finance-datareader-yahoo-hose-v2-business-day,real,VN000000YBM7,,0.013574660633484115,0.054284195860444306,0.013574660633484115,,no_event_raw_close,12275.557539343325,12275.557539343325,12275.557539343325,12275.557539343325,1.3700399039445674,corporate-actions-v2,blocked_unresolved_material_event,False
